"order_id","payment_sequential","payment_type","payment_installments","payment_value"
"7284a4f946c71afdbdd5e508d8f7814f",1,credit_card,4,45.09
"106d8484bb6bb4ff239daff27fc4feb6",1,credit_card,1,28.00
"55b360b9aeaf1fcec58a18a82b21b957",1,credit_card,8,211.01
"588319a0ed0db7baaa43a314a333434c",1,credit_card,8,215.14
bfdf7d1387c8a71618bc72ce34b1d51f,1,boleto,1,183.47
ed965f5b2d371fefa5afc3ded3835a0e,1,boleto,1,57.43
bd3458e3df5a23eb95e6d526dc86bf2c,1,boleto,1,860.40
"65b9fc7c003b0fa663d00ae47abbf012",1,credit_card,8,84.14
"8b68aaf14ef89066544494482aa5569c",1,credit_card,1,85.27
"03ea231452f07988edc699573fb971d7",1,credit_card,1,255.96
f4dcd6f5120e9e46509a58be9e7462f2,1,boleto,1,100.64
e47ac2609ce0ccd8dab33391118792fb,8,voucher,1,3.62
ae940b7edae45de05e43817ff84efbfc,1,credit_card,3,108.32
bed5dfd1b6d819c52dbcf83071564974,1,credit_card,1,2.60
"9f827631dbbe551d3b830ab61fa3919b",1,credit_card,1,84.20
"22aceb58bfd80959564e4b2ecd9ea0ef",1,credit_card,4,65.01
f834cf7fd494d64498ec7054a72e947f,1,credit_card,4,334.62
d9673e96478769083775f81525768734,1,credit_card,2,104.37
"8b0b0bb16bfbee0b827837e8d27e4a35",1,credit_card,9,159.86
"6d8660f8e645acd678cc75068d4fbcf0",1,boleto,1,901.06
be27ab7c550fcd6a7988396258c309f7,1,credit_card,4,230.84
c2038cc607e5462400ad6606b091ceca,1,credit_card,9,97.04
"088858a852d62de0c175c9cc4bc0ddb6",1,credit_card,2,111.76
"7fec483949a1002d3d89fbb067f6cfc2",1,credit_card,9,193.45
"1be51feefcd481bee3118900e6777057",8,voucher,1,4.82
"6b6de07ee5e837bde4aead95e9891f0e",1,boleto,1,43.41
fb7e7ba8f47d0f1f90ef27989696d503,1,credit_card,2,135.90
"31b0200a12c9808aa855b6ac26959825",1,credit_card,1,115.45
a1b33a82ce718e7ad4704992b3c01624,1,credit_card,1,35.00
f9e254c56ad8dc27d6fd34b26f94711f,1,credit_card,1,27.29
"2f5e0cdd8a9e16411337f432e62c1d0d",1,boleto,1,162.45
"3e1897c6193a83db67bca47e9cd163f8",1,credit_card,2,217.67
ea3c8982e2aaa8f92872beb90375f41a,1,boleto,1,77.57
"8ca67a00cb1a96ff0c0fee5dae267e99",1,boleto,1,54.52
"0260196efc012b1f83d543ba8220d0ee",1,credit_card,2,123.54
"35ec908d0cff9e5ba33b44d2ad7850b7",1,credit_card,3,103.25
"4fb64bb04e5235a2c7b3290e21c2938c",1,credit_card,10,227.27
"9139a2f22755b6ebb19786825a9c3070",1,credit_card,1,91.89
e7491f08b57bef17828a270bbf0354bd,1,debit_card,1,38.69
"94d97c26cd5ca2a98749be9e672b44d4",1,credit_card,3,110.32
"1c26ca7959ab2a38626a3be3004baed9",1,credit_card,1,49.42
"45e646cf27d13009d98af6e85560a499",1,credit_card,3,266.86
f4292190db56513f0a25ed9fa7fd2f10,2,voucher,1,92.58
a5e12034f7049fdff88eb0b0a966a6df,1,credit_card,3,56.22
"44bba9f46db37145d420ff8e02b679a3",1,boleto,1,26.77
e82a0445876919a068e9a6101a00b14f,1,boleto,1,354.86
"3521cc9e135966413d4c3eb1a212e19a",1,credit_card,4,224.94
"54bfdab89d1d282e8d79365aa32a86f2",1,credit_card,2,50.35
dfa7d326a489fe0c01a652351a552b43,1,credit_card,2,309.12
"829c29b2306beafb02c306ffba041e8d",1,credit_card,1,33.72
a4d3d2773b4016fd346ced87e513885e,1,credit_card,3,310.28
"1f133ab6b29096670c6f0024ffa95d3f",1,credit_card,1,140.22
"5e6bf5e993fb83ee6af7a9f8a954e807",1,credit_card,8,177.58
dbec54e46dc0fa4809af85a952a4b4d6,1,credit_card,7,74.88
"3304b73bf1a8b2f1e44d5cd320476582",1,credit_card,1,95.66
"0bda8164c1a12b6a388ebec8559ee287",1,boleto,1,15.62
"7f8d25da9409167dba72ad951cb73530",1,credit_card,2,79.57
"41217e834e81df08905e128234f22132",1,credit_card,1,38.12
"22c65b1b78b59ef00578d7b2b00c01e3",1,credit_card,4,77.34
"580e2b6c3cb7687af1cb01ebeed86265",1,credit_card,8,361.20
b4e154c611973630ea64ad7f8daa133b,1,voucher,1,38.89
"303ce25530e525f6705a34fc254eeaaa",1,credit_card,2,49.09
"2e87cd077eb729dac6f6035112105f51",1,credit_card,1,35.10
"6c8dc9b7ff1a1e35349382fa962de9fd",1,credit_card,5,190.28
c097e1a4e7912ab6cb8d54df8de9b73e,1,credit_card,1,40.94
bf36b37f7569ba312ffe5abb914fc5bf,1,boleto,1,127.41
dff50f88a838d34d966a0cf70f39a706,1,credit_card,1,78.90
"9ee3edc7733fa734090a08a679636037",1,credit_card,2,66.73
"357f073c68543005a0065892f53ae4f4",4,voucher,1,60.99
"6091d0277963e5390a17a2eb5763ad1b",1,credit_card,1,63.63
ed7774b614a7ad220649f09dc6a4c043,1,credit_card,1,54.82
"2a005820c4272e5679d8174656fe4e96",1,credit_card,1,37.41
"2db80b6de1f777a374265d6b873a9c6e",1,credit_card,1,28.75
"34385ebc27efd3685674932151f86368",1,credit_card,2,62.78
"248f06491b94081a333b97639693e59f",1,credit_card,3,177.44
"55826c853b7245fee48da8b2539b6944",1,credit_card,4,321.57
da8a467adbbefd95aa37ebb91e4d3640,1,credit_card,3,117.51
"3d7fb1dd6ff6f0eedb9976eda81e4a95",1,credit_card,1,42.41
e4664080e3689ac85ac132f91bc753db,1,credit_card,2,74.17
bec5e390bd832706d84b46aba9c4a83b,1,credit_card,1,26.79
b307cada239e60fdeaef08bc8817c345,1,credit_card,2,154.73
"677752f24bbbb61e39110af7c4562285",1,credit_card,1,218.87
ad9462a4da64add20fbc051616035832,1,credit_card,1,34.00
"10c7b16de7ade26ab82b8d6a42017e1e",1,credit_card,10,168.61
"19fca62dacb4d96e5e9b491e45ff2c8a",1,credit_card,10,556.86
"8d7b414446f4195d6aeb04abfcdfc86e",1,boleto,1,319.17
"6933367fed43572e9c92d801392b1e65",1,boleto,1,178.50
a8b53c7a7288e0478af915b26764b54b,1,credit_card,2,179.16
"0778b810e2b38affa71607aa32043365",1,credit_card,4,43.09
b2570cac8c080890a2c0fb63a5cb6ca6,1,boleto,1,115.86
b3e8dcfb9aeb7215dd9f011e8c7668c7,1,boleto,1,69.96
a889adb9dae2a1639e74395e692c0055,1,credit_card,3,51.73
"359b8545fa52faae433eea1788c2556d",1,credit_card,6,62.01
"5ec17d5853c4bad3b18adb6778b3ac0d",1,credit_card,3,236.70
"274dcad5cc91fe9d87df96510c093836",1,boleto,1,141.54
"5ed9ceb0ba3f0b51619c859aae89f1ae",1,credit_card,5,75.65
"80aa84ef8c5e289d84d1735060740d61",1,credit_card,3,89.67
a34ed5f2bd7e75fc794ebabd8d4f1041,1,credit_card,1,4.72
"1c0ed0f1981e710449d7d5483d4ce8fe",1,boleto,1,50.05
e2d21f16357e9da293db665a9d8a646e,1,credit_card,2,36.78
"704e4951f9087aea88ee9be9b6188b96",1,credit_card,2,60.63
"05b126974a95c4a8c2ed51e8e0334c6e",1,credit_card,2,144.65
"3a3c98aede7994faf4c5a37cf27877d4",2,voucher,1,299.89
b85337255e10104e080de3910e8a3cd7,1,credit_card,1,108.99
a05955b3170a4c7a3e758f164a61376d,1,credit_card,3,85.14
b7500da4a02eac89b7dcbeaf4efaf00b,1,credit_card,1,104.85
"4c1cb5347e5cb2d9787834ae859c60b6",1,boleto,1,87.83
a5b473174cc18cb742dcca534550b5b3,1,credit_card,1,201.06
d4a2243950b928b012d06a50b8dcbcb7,1,boleto,1,221.84
"35dc69177aca98ed312de3c179273128",1,credit_card,6,67.73
cfbf0360f6ea9dfe49992b49018f6ceb,1,credit_card,1,167.26
c60956035ba2a58820be572c70648e28,1,credit_card,1,86.33
cfaff268e0f68c9e833e9a57638d6fd5,1,boleto,1,51.26
"9160545c698bc7e9408b84405166f60e",1,credit_card,1,65.04
"1d28088d0d3f5967393dad85006377b2",1,boleto,1,27.68
"39fe0f3cac902673a46b974f5d4a8528",2,voucher,1,76.98
"879b58a815d7bde03a866d8db6454ff0",1,credit_card,1,190.01
ade009c6183b28931a1ea0841dccaa94,1,credit_card,8,236.70
"24bb32382ef27d26bd21c0919620c4ff",1,credit_card,5,106.06
dc825a422ff7a8e462852fc476ba5686,1,credit_card,8,1640.60
"68a5e21e84986b92e9de694590c5a22d",1,boleto,1,37.13
"4a15babdb3e9f7216ea0fa4ab6b5ba8e",1,credit_card,1,406.58
"1cd11ceddf403341992843e08f53c75f",1,credit_card,1,39.09
c46172d2acb91b47e43297edd9d8b3ed,1,credit_card,1,31.77
"7e6ae85d806fd4563f0e68f5521321cc",1,credit_card,2,217.37
"44ca3a6e88412fa58bacabe95656aa63",1,credit_card,10,494.10
"8b75efcac52e6144df576321437f12eb",1,credit_card,5,354.02
"6dccad8ec71dc70dd2387523396a93e6",1,credit_card,4,207.83
cfb361b2049fa0ddeb6ca3959fa0767d,1,credit_card,1,67.57
"223f47f5cccb611b2c3058c1bbba5a4b",1,credit_card,1,107.01
e0918c299a0186482e345c9117932efb,1,boleto,1,37.46
d2feffdc8a5c6772992aafeff8b9bdef,1,credit_card,2,101.19
"28c80a03a80d512daa77b7b944cf069c",1,boleto,1,193.39
"182375a4972a94784db73b010b9b9178",1,credit_card,4,84.12
bd5c9d506fee7419ee3c669d0123a067,1,credit_card,2,27.71
"99137bc9ba1f9cc74ae549cefc759b7d",1,credit_card,3,173.82
eb1340135e81ffed22e5703c6fbbe879,1,credit_card,1,67.36
"2b233b3b91f2164ae046d169a3d975ee",1,credit_card,2,96.65
b93e694316954c82db60cf84faf9c694,1,credit_card,1,64.10
cf290442e580bf03533aabf4c492b6b5,4,voucher,1,11.24
"880835c91a5227560bdb8d0f45c60579",1,boleto,1,96.98
fc9ba70734085a86473b191412439627,1,credit_card,6,153.52
e26598114d061f9c0f384b028f666c53,1,credit_card,3,157.91
a4a82921d715a8e41c1f63842761f0df,1,credit_card,1,37.24
a429d645df763ec22a5f95121ca76adc,1,credit_card,4,286.59
"1be2169eef52cc58703803ad5f6da567",1,credit_card,10,103.06
e5d40f85d5e6270ed8680e3fbff77dbe,2,voucher,1,59.88
"4638df545f7ab35cb2e4ed4bcb490e17",1,credit_card,3,902.35
"693483bbe730cba719d4380f9bcb338a",1,credit_card,8,370.59
a729a5577a90047af954bb2210ebca66,1,boleto,1,22.36
"6cf24cdeeb913dc50be3b7f30ffc3e89",1,credit_card,2,25.00
ce9348af8cd4c5166a650a1c840f2b28,1,boleto,1,66.01
"26b47634ae036af085a067dddf95bd77",1,credit_card,3,106.90
dfc7b55ee482374556356b94afc9b841,1,credit_card,1,81.43
"21d264a9f2582bccf55b8e9d9435a6e5",1,credit_card,2,26.42
"1454f9bf7010409e8e51291143c2a930",1,boleto,1,66.64
"4ebbbd231e136e72a341eb57a1d74159",1,credit_card,5,58.99
d573a47c29466bb2e4e46aef0ff04f23,1,credit_card,9,984.26
"6d7c5064e6d1d2c4607b81368bbc7595",1,credit_card,1,84.05
fc2f86d56413e4c2e64ffd50117f6a6b,1,credit_card,1,67.46
"6463c23b6850a055b0facc3baa597e91",1,credit_card,1,35.00
ee1099f5139597ef759566fd91767968,1,credit_card,10,202.72
e32f6ad72bac26ad16654d66fa372891,1,credit_card,7,142.61
"290673dd0e92d677725fdb80ce26d46f",1,credit_card,1,55.01
ed241a40fbcff0bd9429886e4b20f142,1,credit_card,1,105.97
"3180196d4f287c726e7ba95da8f56ebe",1,credit_card,1,93.68
"65b5c34eac96c508fd60327de50a2d3c",1,credit_card,1,0.28
b4a90f27b4f23868d8fc84e9dceb125b,1,boleto,1,202.91
"33e70b1305003580be0b34472acce620",1,credit_card,1,0.11
"3d1a669c8ccacd61bf065e1537d5cad4",1,credit_card,8,206.69
c75a93873120c5c97163a9b43af4a159,1,credit_card,2,43.91
"5adcbeb4d91610f3758024785c55d42d",1,credit_card,3,35.26
"9cbc9568dccaf53e33a60ed966a8a94c",1,credit_card,10,162.15
"1b0a4a31fc0d7e48066ec01d14ed1b5a",1,credit_card,3,39.75
"2a70ce8b5ade3f0195fee5b3afc3bf71",1,credit_card,1,155.73
"79e2f7d45aa63a71363003bd1e16f081",1,credit_card,2,85.24
"677cf6c593931b083ffbbb060a9c6ce8",1,credit_card,1,32.69
e068276f5e75a66212f75b84ebfeaccf,1,credit_card,1,56.86
"5d17efea0be94cdb2964031a1eab75dc",1,credit_card,4,150.89
"080c5db822472f28f4193dc902b9be32",1,boleto,1,59.09
be844f368fa6d0d3ea9f81f72d668b67,1,credit_card,10,366.19
e7bb8b6a68e9a70258374f9993b47de7,1,credit_card,4,56.34
e9e55b29d529e773405084277bdf7659,2,voucher,1,15.12
"5645645107dea4fb252b5fb68ed75db9",1,credit_card,9,671.51
cb6dff9394d43eeebcff3c8caea9375a,1,credit_card,1,53.08
"408df9004bd631081333aab0584bcfe4",1,credit_card,1,84.14
b93e5b2672754c089dae937a51136864,1,boleto,1,389.43
"2a743fc30067036b7910663ced5a0b7b",1,credit_card,2,139.25
d9274f2e0c7860b038f3f05c0cdc6a45,1,credit_card,1,120.74
"1be187af7e77d6ee0671be02c229b679",1,credit_card,7,72.34
"31c9a3f10eb368b62e102608adbec724",1,credit_card,7,158.98
"9bdb93ca8e16e9436136b6ed68b6d507",1,credit_card,1,143.15
"4ddf81090e51b75c85693a623ffa2551",1,credit_card,3,168.20
fd4109dbc7f1afb126fbcac13ec4f5b8,1,credit_card,3,332.28
"7f6d16fab3bed015ec202cc66b21283f",1,credit_card,1,31.13
cb2b577a4ebd84bf84ff3990084d490f,1,credit_card,2,149.91
"05e2ab8de37670d9d0524473585092ec",1,boleto,1,173.84
"4ecf494be87ee7b768460fcbcd0389c8",1,credit_card,4,272.54
b64f09a4cf903c5767f9f537158c24ee,1,credit_card,3,105.37
"68e8ce771060f901302ac23924bd1400",1,credit_card,1,354.75
"242858ac7189702187e2f99aed4e2695",1,credit_card,2,106.25
"00c95282163553a982f38481f9488481",1,credit_card,1,64.90
"8906f8628f9d017732e7c6f40fbc57a0",1,boleto,1,259.33
"3faea9ccc65ef88c63119314772b5598",1,credit_card,3,67.77
"1f4afb6af12ea20394e93372d90fb7f6",1,credit_card,4,202.50
"87f78de2f8a2b3547bfebccac7357b0a",1,credit_card,3,786.50
"88860d93217b743a342d87689e17bdbd",1,credit_card,1,53.88
de555a095d66fc6e7b5a1131b4e0c31b,1,credit_card,3,36.84
"2429083883078c31cf2337ce0dd425ee",2,voucher,1,331.69
"1ffd4db85f221566495dd4bf427e3137",1,credit_card,1,57.50
"39c6fc5836be5515289a317eb5aeabd4",1,boleto,1,216.29
b653d11a2d36e5f0ef423e03e28e7682,1,boleto,1,77.51
"73b378f4b10f5210636e40c6f96fe51d",1,credit_card,2,163.79
"5ff9ebf728452fa38327107ff79df804",1,boleto,1,94.46
af4ba560f92b0f737ea82d5a3df6ade9,1,credit_card,1,37.53
"6ebd87c68b43c9ab7c98930b4492dd1b",1,boleto,1,83.97
f8577a7c62ea6630f36ed31870b83462,1,credit_card,5,377.17
"64220eaa18136b28efa65c5af7519c3f",1,credit_card,10,176.38
b4c8c7add8acbdb1bebcae219ab6c141,1,credit_card,1,168.33
"49fb77247e87be7891af41f66d899673",1,credit_card,1,114.09
e6e2b1d0f8a98dca93bfcc801eaedc3a,1,boleto,1,100.67
b1290930402d6e29a52dbd6efcab1c3e,2,voucher,1,50.00
dbd10344065568345dadbd904bb51dc1,1,credit_card,1,156.55
ba4aad629e2c6afacab3ebd5e3d1e7ce,1,credit_card,3,111.37
ad9a8214948a5bbd4fa03af2ea598a20,1,credit_card,10,340.20
"8d8dd87b61b3fb82a68af8b3c890764f",1,boleto,1,27.78
"4bd5c5a34598363e3de64b820db3d3f3",1,credit_card,4,357.82
f17281018fc8b0ba9a8b08ac18360665,1,credit_card,3,169.41
c7f4b989f51d1b737af2004212261508,1,credit_card,1,38.28
"706b9cbda5d9ac137f8b484774d4c2a9",1,credit_card,2,85.24
"2c3d5c98d6c8420829506e18388bf118",1,credit_card,1,366.13
"59d02be1c50fb6e6930cafd6ff6a31e5",5,voucher,1,20.00
e03e8192ecbedf3c6493ae3c01ba21e3,1,credit_card,1,45.03
b7716ace923ed81a5f2df20115695b2d,1,credit_card,1,77.67
bde5891c6b5d690163ceae7143c288f4,1,credit_card,5,62.82
"91c4c61f5db7e025e8435b2e13e50f6f",1,credit_card,3,68.43
"4f44b2c6ae837b5f817a2d621973fc34",1,credit_card,1,38.46
b0b11a045f01b17c63a50af48627e177,1,credit_card,4,210.08
"18a9ccf08fbcc3c0bf4ad9ceb583f2b6",1,credit_card,4,97.71
a024eebe8239a5249b7b0cc30eb94c6e,1,boleto,1,51.57
fd26a8c8e3878a1147ba180d943c6adf,1,credit_card,2,66.86
be05142bba741bcf0fde07b5c9c40f48,1,credit_card,3,238.15
d192eacb35dd2f0aa30709fe7560ee4a,3,voucher,1,38.99
f66a5fefcb2773c75713ad0742801b50,1,credit_card,8,128.67
"647255bbedcdf748e7496180374b0dfe",1,credit_card,1,28.09
"07d393eec6ab2c8c4a90dd4344b6abf9",1,boleto,1,252.66
"39b88d0d1831375dbc1c63696d345210",1,credit_card,1,43.27
"6fd40293a9be9f1682cb718c67f0a568",1,boleto,1,117.77
"58d9d5cd92518cf1b61072e5edfd768d",1,voucher,1,58.86
"56d0a27ec26d1644336aff1ec939c089",1,credit_card,1,121.56
"61b0d0e5364491e1c839a21fcfedc08c",1,credit_card,2,42.58
d610bfa1439fc579a96c5eef81284f05,1,boleto,1,112.14
bc3b36d86572b02655327f69e10504d2,1,credit_card,1,117.85
ea0b8cf02caec741abbebc5ea0ab1558,1,credit_card,1,131.97
"1f19e6ce9fb04dda9ce82b2172a84d82",1,credit_card,1,84.23
d51ef15e75e30be319e9efb0a207e71a,1,credit_card,4,65.00
"077ba6845168434024e83698d3f8fcae",1,credit_card,10,257.91
"1e310dc1d0b3a93f312df7790362c66a",1,credit_card,10,145.52
"2cbc30cc52609a954b2eda461da97579",1,credit_card,4,147.52
"0c6ec1022958b35c45335231ea396ad2",1,credit_card,2,207.52
"7de9003e4d20b7332efe832b5ca8c15c",1,boleto,1,131.81
"886554d6a49f10154eb12b81a6c4ef4b",1,credit_card,4,117.46
a0f8cdef3a3387782a94be2247a45238,1,credit_card,2,75.68
fdf8844cd505f957ba4349c95ad5357c,1,credit_card,6,284.36
ca4e4f1d5628ad06990d771aef8b9c44,1,credit_card,1,30.48
ae820ecd285ee7d0db7eac6f69049b36,1,credit_card,3,160.87
"8a4d61d2b56495312a357a36c4e67d83",1,credit_card,2,135.46
d02aaca43ec41972a88b471ff9451970,1,credit_card,1,63.27
"55ca27587481961b3a085c32da46f015",1,credit_card,4,141.55
f3e92f44e615fe19fd17a8c517224040,1,credit_card,5,51.69
"1a122ca21948df08789d7d88094ff11f",1,credit_card,1,136.37
ec6323fa839b3c031b3bd782ddc15d6b,1,credit_card,8,511.23
"9c94bfacc09a4a008c0eac2e86cb1628",1,credit_card,3,147.15
"072e34b42ad90d7472e9a798f19a6bdb",1,credit_card,8,85.60
"3786490a9435828d9b33fa35664aff99",1,credit_card,3,161.80
ee814067b8f3badaf5625948bc89076d,1,boleto,1,57.83
d6f69373bd8e19dddb4c20e6d01ea72e,1,credit_card,1,68.02
"99f10393ec3328b3b416a154afd5d714",1,credit_card,5,155.14
"4473b8fa106822f223b714af3157b92b",1,credit_card,2,254.42
"198b900399661ad01ee9e47c4c0cc7d3",1,boleto,1,74.54
"2e0b3b0ef908939d3218bc60b4ddb793",1,credit_card,1,120.99
d0b378f9d33cbf6b21c01295494a9ef1,1,credit_card,1,39.73
"0ce1d0a0c2f36c2ba5f02094119bbebd",1,credit_card,3,218.10
b2f6d9c004d4df667af498c97106b8f1,1,credit_card,1,178.89
"3d0acef161147c90c2fd5e7cd8e199e1",1,boleto,1,86.24
"2543c6a3c6b09c5f720768e3d6f464d8",1,credit_card,1,47.00
"524b32821380cdcaa2b6d3110eebcd7e",1,credit_card,2,31.23
"0b0d8e5883c78ff45f2f1b7c511151db",1,boleto,1,66.79
"829cd80a357f79daa5758c5f4007fe23",1,credit_card,1,37.46
"91470888d3c2a943e6ca5533ac6d86c1",1,credit_card,1,115.59
"128e1f34f6aa9b2a2df9e39c8c6e6146",1,credit_card,1,67.30
"011405ae7b89def8ffb3468eb29c299d",1,credit_card,1,37.86
be1693153a2546fb409f9520c6e83703,1,boleto,1,34.80
"6c2ef493d3908b2a6046a0668f52e87c",1,credit_card,10,704.80
"88fb267a50efb599d94ac61abec346b0",1,credit_card,3,82.84
"8029473fa5eb709b746a665b0597b8c1",1,credit_card,1,35.90
"9db142d94f2d44a068cfb9ea5da54456",1,credit_card,3,220.43
"147973f607023fb30b72b31fc2744d13",1,credit_card,10,1230.20
"9728bc6f814c53602137c0942b6e286d",1,credit_card,5,117.79
"076ae5516316ecf9f17dc3cc78437eac",1,credit_card,1,44.69
e1fba0870a0b10ccd04d57ed78831c13,1,credit_card,1,94.43
"6916bfc2979a20759a964f5addee58d3",1,credit_card,1,168.33
"4fd76322a41e4921f6a46978633a8011",1,credit_card,2,268.50
"5f1b7704047e1c4de739797c27c6c45c",1,credit_card,1,161.53
a95d5d1b048f23c192de4e65c5041e57,1,credit_card,3,293.36
"3f06b341424a7ec67dd957609ee3cba6",1,credit_card,3,38.53
"7892a566b076a8f7248d0c39b1a62768",1,boleto,1,55.78
ff36cbc44b8f228e0449c92ef089c843,1,credit_card,24,756.49
"3c7bbd575f4e18f9fb416be0cb30840b",1,credit_card,1,74.41
"617700c0f437adbb60d8ab8ea6d9e3ab",1,credit_card,5,199.26
"2f6c35e9b4743c491ac7319d36bd3ca6",1,credit_card,1,71.19
ab64019b7c1b1400d2848d2dda69e13a,1,boleto,1,626.28
f2e15e1de54cd372765716e6bbd61fa5,1,credit_card,1,118.28
"9ecc5c5e57de488331667fb8c3d5f689",1,boleto,1,121.90
c4c643aeb02923c77740ba7cd42005bb,1,credit_card,1,64.76
"122c60ae49f0127364cf459be8e48072",1,boleto,1,268.40
"7b3950b933fe73d96ce4359a1caf38ea",6,voucher,1,16.26
d2e35975e8fe7c281515b3d1175d03bf,1,credit_card,2,238.69
"6312fe819ee5e06c67b72c308c97ae91",1,credit_card,3,70.03
af3b01e3241714b3e97093047a467db1,1,credit_card,3,77.19
f30c0d72637900696232641e612e3220,1,credit_card,1,62.83
d48417cf367104ba861b31d6ef9d9528,1,credit_card,1,70.67
bbb8f308ef79e2783aa8714a4fa7e2a8,1,boleto,1,310.29
"91292acc131c233256e9a15bee217c53",1,credit_card,2,98.37
df47b525725f21bfdf51aea66fdb4e83,1,boleto,1,102.49
"009838529bb913846ab6670d22865381",1,credit_card,6,176.40
e5b2ffcb8f2da06d6e3c42b180a41a5e,1,credit_card,3,79.52
"153b30f1bd286fb374792b9121ba0218",1,credit_card,2,121.64
"8917028bf3c86c1be363da721004f557",1,credit_card,1,53.70
c3a1df55b98cfc24ce8fb94931eb7f7f,1,credit_card,1,66.60
e5b028d46d9a166f78ac079067c847c2,1,credit_card,5,170.84
"716bcd6dfe99970baf4aed2083136ed8",1,credit_card,1,162.29
a338d0ade09a3ac954ecbf64b3b3b485,1,credit_card,3,90.27
"922aeb0ac07d644471698222684ea285",1,credit_card,6,167.96
"5e434db83bb70a40ee87ceafd1164700",1,credit_card,1,60.23
"8eac09785112ead8f11813bff461fa91",1,credit_card,2,53.90
ab8d7e03c02e35b89d4eee1dd9ab65ca,1,credit_card,1,31.38
"555537da82b73708bc09f6b0c8fa6747",1,credit_card,1,31.80
"21ecf6c28bbb0f0ff48c5e1299cdfcc3",1,credit_card,1,63.61
"61e2fb8e77d1f20f7f3ace7ca3a7133f",1,boleto,1,116.34
f77eb63e272ad822e11bbf97da9c0edd,1,credit_card,12,186.13
b2b8934746a9afa7b38c8c1f88268ecb,1,credit_card,3,221.54
"98c9230069ea6f83d349fbdcac5928ea",1,boleto,1,35.00
"3453ce39eb27c4042e03cbc4811c9bd6",1,credit_card,10,491.71
f8f4eed82047735135a9978523d4d202,1,credit_card,7,377.27
"7410535fe6a922518e4f862208c066bf",3,voucher,1,167.38
"0a53fca4f1040863a7aa5e7b0634ac09",1,credit_card,3,54.00
"2638e64a928557c96574eb38ef0b04e8",1,credit_card,1,90.28
acc49f0f6b7bec49649fdc4bab06001e,1,credit_card,2,210.11
"7a8f0c1255003a0de7fd484dbab75fdb",1,boleto,1,153.10
a4ca973673139ab4959c3af923191c91,1,boleto,1,349.49
"6fa8043bdb80a1aed9ed56be51399cfe",1,credit_card,1,87.64
"51427a59ed7cf06820364d94af7a6f7a",1,boleto,1,65.56
"1ded4213705262539b563c8f1a535044",1,credit_card,3,62.40
add3094f9efba79b138dd089077c8e20,1,credit_card,4,42.27
"81e80c227293d804bda81c21f3defcc0",1,credit_card,3,73.27
"4a8e88b3aeb9aa051f967f7f551213ab",1,credit_card,3,94.30
db98938fd988c1be7290b8fda2801afa,1,credit_card,1,58.03
"4308f4544f700c2e5bc48a12f92b60ec",1,credit_card,2,65.37
"003f201cdd39cdd59b6447cff2195456",1,credit_card,2,204.06
fd188acaf0be6dba0ce1ec1ca5005ceb,1,credit_card,1,103.26
"531202443efb276e104f75af96ec510b",1,debit_card,1,30.00
df6b46ee660374bbd580fb435c655fa9,1,credit_card,1,115.35
"04f7b342a4b3d7b33bdf6aade899d685",1,credit_card,1,30.58
fec2c513cc9c10087af9e5d8f2da71fd,1,boleto,1,45.73
"1c4321d51d7e6f9ac2ae011396ecde38",1,credit_card,1,113.15
"65e5dec6096c490c59b838a21727807a",1,boleto,1,62.88
"7ed3955bf85eeaa3c55002dc9ea7cc2f",1,voucher,1,123.31
"395e3c91f1eec0bda9e0cf4f57d3bf3b",1,credit_card,6,339.11
"445dfa2b420c1f20eba83ec3d5ce8993",1,credit_card,1,79.56
"9f6bea24fd370c2775d47a3525a4c534",1,credit_card,6,144.22
"8526252eba4c42a9b627db77f8ffcfe1",1,credit_card,1,83.89
ea63989166a2d459220b1b769609582a,1,boleto,1,55.04
df5c6aca62db71fbe451c0408bde2817,1,credit_card,8,340.00
fd6c0796eedfbda82950ee1f3255f0a3,1,credit_card,6,218.66
"94c75dfeee3285793c49e131f730a73c",1,credit_card,2,172.84
"0f49bf9742213170b4a6f0e635cb4447",1,credit_card,10,153.99
"40b1c90528443b00c5f0e9b35471aab0",1,credit_card,10,123.52
d7d3b787cc498b66c8bdbade64d9fa98,1,boleto,1,48.34
"47d334f5f5e5a8f38fd5893ae0e6af35",1,credit_card,2,131.16
de06e436fbb3dd6e10bafb5f24ed5530,2,voucher,1,9.17
"85009f731c1559c53d150e4b3fa7f8a5",1,voucher,1,39.57
"7e7c6416e3aece73d5dda3fc6f33a044",1,credit_card,2,90.38
"3321e84343dd41e813cac2b2d6ed3f65",1,credit_card,4,178.27
"7845a2492ab1b4f2cf3d56c7b8da1446",1,debit_card,1,44.09
"55e9283a19ea152d7047c8be0f5009e4",1,credit_card,1,39.59
"1ceb32dd258e3c9be6212f7dd5688ffc",2,credit_card,1,53.51
eeb74a8c7804e9e0fe99dcdb7a6295fc,1,credit_card,10,684.45
c1f93f3729018caa75319804a59481db,1,credit_card,1,42.77
bfcb171109072a41eb811fe6bda0c94d,1,credit_card,2,236.55
e61fbcff88b2b5f9097a31d1f3dbb1d6,1,credit_card,4,207.31
"39dec6d69a6e574fcd86be266b2b0ee4",1,boleto,1,109.17
edbb1c3fa6db2f898b18c037eaf3aeda,1,credit_card,1,81.00
"000229ec398224ef6ca0657da4fc703e",1,credit_card,5,216.87
"014e78d1239f19fdcafd760d3e52f923",1,credit_card,1,28.50
cbb7694680a105281d391bf7002c0477,1,boleto,1,178.21
"65d7e9625cc211f641191203e231ac24",1,credit_card,2,210.56
"109a5316b712f2086d69092e7ae638c3",1,credit_card,10,103.13
"4858e8163239ecb307ebe97863cc948b",1,credit_card,4,96.59
"014e7d12255fc66b5ea5e6c93eb4be7b",1,credit_card,1,94.30
"4d5f4d9f45924156c57a69d5ef886822",1,credit_card,8,342.18
c2bd00a4ebada36e6e2b5457048020c2,1,credit_card,3,220.04
"6f212d8f8e884c0d442456e3e0ad1e8d",1,credit_card,2,410.42
bb7c5cf4dff9994daeab7c8ee9d287aa,1,credit_card,8,554.40
"303be864ad5419c9825b648397a8eb73",1,credit_card,2,189.56
cc3881813c672c2937d85e49ffc3ea9d,1,credit_card,3,58.89
"58d21ad5a9ab4a46289353de5219fefd",1,credit_card,1,29.24
a91ebde34a74e0a0116aeed6da3709bc,1,credit_card,2,116.94
f13e2dd2c1c2f64bad1edb05bf4f241c,1,boleto,1,195.17
dca482e5aa125557f2b6522c4c85de34,1,credit_card,1,43.09
"94aa11237bc16075072bb3569a0bf5c5",1,voucher,1,16.77
"709b96657091eec897b90173afb0b84d",2,voucher,1,30.00
"89ca163ca854eaee18b4ba6110f524fe",1,credit_card,3,57.88
"0ca492845a50b96f1143aaa61470c070",1,credit_card,2,72.48
"30da2d10bb9d14beedcc9996252deef8",1,credit_card,4,49.52
"6b4d058045fa7ac94844f599d975fa73",1,credit_card,7,71.91
"68a903e76c9eb6216932113b01e811af",1,credit_card,1,84.87
"860a85f2302ba666cd8d6a696430c97a",1,boleto,1,213.47
ce11340d59020c4c840f12096c81b609,1,credit_card,6,1140.82
"52038f72e03466900807aa5ec042d3ed",1,credit_card,1,99.20
"1ed66358fd4ddbd6469aa93633c3006b",1,credit_card,1,44.24
daa1304bb2494eea83e9a063e948c703,1,credit_card,1,35.78
"2f900d5a897afc4d898757b047f67052",1,credit_card,4,64.62
d34c74f081e266474543cef1597b1e60,1,credit_card,10,100.24
ed9e4b8509d37b7dd87c23fb4cc69452,1,boleto,1,42.40
f0dabde4fd77bc24990f7107e4c46474,1,credit_card,7,73.72
"8dea6d01aada11dcf29deef2e364ec7c",1,boleto,1,217.64
"76d5f81776bd863daf8fa0a5a59b7f9b",1,credit_card,2,257.78
c05df8b616137f63b7d902415bd94490,1,credit_card,2,47.91
"41bd4c6355574f1c6c7f8f7e20dfda9b",1,credit_card,7,149.78
"38ac0cc1879cabf9cb23a2e8f217acfe",1,boleto,1,875.90
be1b9fcc29d5416fe7ffc86782720aaf,1,credit_card,2,113.13
"9d85f63ebf2543ff0cb9d3a3bdd7ead8",1,credit_card,4,187.28
"2d9ae61d3fc718533956b7efca0d632c",1,credit_card,3,189.35
abff5d60e5e2c3597532dd698c8b7e1d,1,boleto,1,44.10
"8ed8d60cc2df2b29e93a93ec47189c07",1,credit_card,6,1140.23
a7576b40fc3305040c4e267a6c7edeab,1,credit_card,2,106.35
f581fb09c9f7d67c2d7035ac36dd49e6,1,boleto,1,335.98
"84b91dcef1e21e8151a9618564095dae",1,credit_card,1,36.13
"87322429288d41c9b9216ef642e9b9fc",1,credit_card,5,293.46
"4870f8be587a9e5643156fb4f22d02e2",1,credit_card,8,95.30
b4c24344dd0972f479220d8479be6d34,1,credit_card,1,91.85
"7de7616c54157429d4da1735349c345b",1,credit_card,3,98.13
b92e445b2b63be72a4cd1001e20826bd,1,credit_card,10,176.76
"5ad674ed6e835a39a6a7d73bc989ce57",1,credit_card,10,396.10
"7daad55127fc91c7f63ae6bd53fe7187",1,credit_card,3,171.96
"35096a0e4744902c11de408b85c43fa4",1,credit_card,3,191.82
"3e8da710b34d2815151f363f08ea11d2",1,credit_card,1,21.39
d62c14881563a74903e7d10f685406aa,1,credit_card,6,87.83
eb92ca9ec0ad2f752061eeae4cff2f6e,1,boleto,1,50.70
a4cc6870ef62de14130af4692815c82c,2,credit_card,4,243.82
"29013a776f4baa9f0bfb378214a78da7",1,credit_card,2,73.27
cba47f17b35cccac068f7f6cec4d99d7,1,credit_card,3,84.19
cf5c8d9f52807cb2d2f0a0ff54c478da,1,credit_card,2,217.18
bd74c36a843f8560d4b4b2a902dfb22e,1,credit_card,2,222.68
"4d176bbefbf167c712ff9ea39cd6f233",1,credit_card,3,71.56
"932c319ee28911384cce008c02f0b448",1,credit_card,1,80.92
"1c8453ac180e833c992dc135bd9302c5",1,credit_card,1,116.84
b0064e58c06714b8e6d9f3d5e713e416,1,credit_card,3,180.36
"5e6e9f9788b0a2ced8491d49b63a32b4",1,credit_card,1,66.78
"1d438f1cb0e0df5c44e967567256d4a5",1,credit_card,1,821.26
fd23556a7c693dc9341a263d6b9010cf,1,credit_card,3,39.42
"2b2c36c568fe24e69258fa168462fa00",1,credit_card,1,27.00
"9b96c33e47ad3e23f341f8ca340f63ff",1,credit_card,1,42.21
"9b1d5acce1c77a5da1b65b436cc68c7e",1,credit_card,5,274.69
"662157b4251f62efae6f4ff7525c4961",1,debit_card,1,70.02
"00a870c6c06346e85335524935c600c0",1,credit_card,1,69.90
"6a3c85b24c7f08b934356ece860e4439",1,debit_card,1,35.14
"727d6f1c0f045a1a301ea6484e83697c",1,boleto,1,56.78
"8d90375388c45e7773231b09986b40da",1,voucher,1,40.77
"0410fab6a2d13d2339283e1e2522518f",1,credit_card,5,103.16
"1448f96a9dd749b9b2e69f4b8602912c",1,credit_card,5,95.48
"1db6346bb9b84ddccb41b287b6ca1fd8",1,credit_card,12,194.68
b094b88a36a6a907eb40730b9382cbb8,2,voucher,1,194.65
"7254b66719addb416bd46b5f01fbfa67",1,credit_card,9,98.23
"2ec5ae6b4bef1de1d800902041762302",1,credit_card,5,54.05
"5ee4ad936c8a4d0211809cf29b3fafc8",1,credit_card,1,21.43
"9a31fd9d697e9670777501f720773fd9",1,boleto,1,1191.50
a11ebb9e9f1a018eea99fe7105f2d897,1,credit_card,1,133.89
"568392c8ee5c7a3bcb175e386ae76e90",1,credit_card,4,48.78
a70ff61f0d853a260f33d7a6cda42e8e,2,voucher,1,169.21
"0ea0b98a6722a5624e92e4fac9970b45",1,debit_card,1,154.45
d9d4008eda3f55c6d4fff91cff923793,1,boleto,1,61.75
"8231afdd82b5ad4d2ed3f2445ed555a3",1,credit_card,4,248.36
"6a6b5f5c1957d008772dc54c84a0980f",1,credit_card,1,54.38
"93a0f08dc580109e5b1b94f73b728d60",1,credit_card,4,58.05
e5ee9ad6e9f3659c27ad0673151f467b,1,credit_card,4,286.25
"626b7b0d7f30837e78fbb5068cc7b94b",1,credit_card,4,128.66
f93757ef61c71d0a9e052b7cc8d32fb4,1,credit_card,1,56.29
"198cbd4bd806061597b3f8fbdf126ad6",2,credit_card,8,556.10
"2815a204994b6f6e3eece71ab035d5ae",1,credit_card,8,393.29
f1aae2e4d1a714c4204f8fbfa09ea9b1,1,credit_card,5,270.15
b4138bbc55ffe9ddeb824f7e3068fc50,1,credit_card,1,88.58
f000585cce3f9d5edce0692f7e18bfda,1,boleto,1,268.77
af93e16ddf586c99d807b5b6a68903ac,1,credit_card,1,163.06
dd822b10da74cb1d429d84daaa0d47a3,1,credit_card,3,71.14
f7dca277a6bb273200598f0e36319d94,1,boleto,1,68.04
d907dae45d8ccfff636cf4369e496bad,1,credit_card,3,71.56
"304f936dacbeaf1ba58639e6c57b4190",1,credit_card,8,611.44
"2ee0dd09094bb9568b06bc1ffbe9f4ec",1,boleto,1,292.15
"4123f9252f0d0572f075dbb5a95d9cc6",1,debit_card,1,99.16
ab87dc5a5f1856a10640d5f42e4c2fd9,1,credit_card,4,210.90
"26d7357adcc99525a7f5133dd2b459ad",1,credit_card,1,82.48
bb2caac45ef66a094d2d41aee4daea5d,1,credit_card,4,81.91
b9340e1bc95553da15bd8aff9b343a37,1,credit_card,1,124.89
"799e53347e276d82f68872b6741bf731",1,credit_card,8,116.85
"0b0adccd993fe865dc205586fc9fd045",1,credit_card,4,93.65
b167109334768a2c342b85139a6437d6,1,credit_card,1,289.55
"13cadcf6f032e98f0fc276734a16d743",2,voucher,1,84.25
ad07b2975044eedaa3d511eb7a6f80ba,1,boleto,1,184.59
e37797aedc7cd4ef82278fbc169eecaf,1,credit_card,3,84.57
b8474aa90eb678e72fac6742e04efc6c,1,credit_card,2,120.19
b1ce4c5e6ca283609965c55ad9583d45,1,credit_card,10,162.22
"192e538533b361520db4c0845c742114",1,boleto,1,31.69
b86790b00808be3c919f86fb5313ca08,1,credit_card,3,96.22
cea6a91496c8046f157f38239f2cf06f,1,voucher,1,25.56
"8256266a3e79c5c11593977b92fe7b1a",1,credit_card,1,0.84
c6492b842ac190db807c15aff21a7dd6,12,voucher,1,38.37
b09eb4dd9213f7207888166bc6e16a6a,1,credit_card,2,55.00
f2549ba65e2aa4e4831c43946625e476,1,credit_card,8,423.14
"4b5cf6901062fc5fda94db5e015089b8",1,credit_card,10,811.29
ec2849a3e5771d9f27e2158628b8fc62,1,credit_card,2,45.09
c65c62970b6f828387d4db9a25361d96,1,credit_card,6,65.92
ed286021929210cd8973f975041a275a,1,credit_card,1,30.60
"56580e29cdcf56834efd1a9eb48e5f35",1,credit_card,1,116.79
"1fad09d0fdfb8f4f8cdfc1d5be566893",1,credit_card,1,47.17
"7f095ef5086869ac49b20d6cc5484418",1,boleto,1,67.83
"6d5b3f7d8dbeecde9db192aab1217ce2",1,credit_card,1,81.78
"4a91f42df2d4a84668e0c30d7880c7c0",1,credit_card,3,64.34
"9102c4cce353ccf061738fc045c2e27d",1,credit_card,3,318.34
"5b90b7cd9f630bcd19a1c11018344276",1,credit_card,1,39.10
a48183f8e066f2c15072a58ff763cccb,1,credit_card,1,57.62
"8d97dfb850543060acf6f461bf37533b",1,credit_card,2,159.16
"276c37d3aa8872a9e3f7858b0fefa062",1,credit_card,6,126.20
"79d6b9fa1473b8296aa43123282588f4",1,credit_card,4,82.67
"79253603017826d2d9471136b52c2646",1,credit_card,1,41.84
b1c47af65ac03344fe07e4e74245c300,1,credit_card,2,28.50
c7f9a63be296b2be1bb5ad47c7d61dd2,1,credit_card,1,116.66
"77ca6260968df56621a018444bec0e59",1,boleto,1,78.99
a509a0a8522e394f8a140c7e3046731d,1,credit_card,8,210.47
a6ff9f38d02f65f7ad74bfc2dd1813cf,1,credit_card,1,83.75
"3e9334d33c1e64167920675211fb1aee",1,credit_card,1,65.11
"947326b280848dfde976cd7fceaa7d3b",1,credit_card,5,195.54
"8bc7c04f8ea4ab1cfc2d0f8d836da43b",1,credit_card,4,54.00
"1cdcd38020c62cfc2ba884e5a23eaa0e",1,credit_card,4,140.10
"016b1af508245e59ef75d83e3fe20a92",1,boleto,1,147.64
f8a8132f707c621386a1cfe24cebac20,1,credit_card,2,55.23
"9329f50c47b9fec9b9a79e159a2e64cc",1,credit_card,2,170.84
"4d6654ead4a57a151e3df6fb20052675",1,credit_card,1,27.81
"274a7f7e4f1c17b7434a830e9b8759b1",1,credit_card,1,9.31
"1042722433e7633a6a857a82dcb8d881",1,credit_card,2,25.10
b727ce8aa4bb6701e5aaa359ede7c6f6,1,boleto,1,274.26
"8a2799788d56c3c7d19006780c3e1bf6",1,credit_card,2,98.82
"9dfb9705fcbf1805dbdaec67d4149b3a",1,boleto,1,102.96
"75317b0ece497c2c9f9e9ed06889a90b",1,credit_card,5,520.96
a9d0ac57129ce34681afa30e779f3466,1,credit_card,8,186.94
b016e89611c45abd1ec9cad23df2b290,1,boleto,1,143.38
cead26525980a4c3b2709a02342422c5,1,credit_card,1,83.97
"9e8c40945ca99090d64646771fb19a6d",1,credit_card,7,193.90
"58b8116d6f22fbd86cdf016608ae5641",1,boleto,1,27.10
e9e56ab7d8e993bda2988ed430524126,1,credit_card,3,124.73
"127f8f54e84665683a3c9bde5b3e768c",1,credit_card,1,94.21
"7208ed743ba6f3fb18b053cceca90240",1,credit_card,1,50.00
"3c74e538974fb013e938fbdd7d83675c",2,voucher,1,54.89
d5e14257809839727a3b7094b8fbe64b,1,credit_card,1,136.30
"3f1294f87d79b57f5d55ba7b80c3d94f",1,credit_card,8,1025.52
"4af5a8a71daf651bf0a9d449d3d1a27b",1,credit_card,6,152.11
"2b7a74de7a07d7c71956b675cd98116b",1,credit_card,2,40.10
"3f5e0a232057280398c649839e3fc4c7",1,credit_card,1,43.10
"1b6c00256bc49004b1d059039306c08e",1,credit_card,10,300.12
e95c17e37b96427efd69412b0cc4a881,1,boleto,1,45.86
a9f99ebcef2a23dd06a0bd5ed649080e,1,credit_card,1,33.86
"19eccdbcd24b02d1dd3953f04ed7699a",1,credit_card,4,78.80
"2935c56eef4b858e80e28d27d3243b33",1,credit_card,8,150.98
"1e60cd113fd130d6384d74348f85b63c",1,credit_card,1,37.77
"0fb55482ffb326ed131c67051fe87192",1,voucher,1,55.68
bf7633822714776cc60f51470f805b92,1,credit_card,2,112.42
"108ba0b0521d3a6629dc825044217a57",1,credit_card,9,99.66
"36004805bfb0ea8d00efb94e260b0789",1,credit_card,4,129.24
a90935cd3ef2041119e57ab117b352c1,1,credit_card,1,53.28
"4a1c1edef82d76596ea0209327be3ff5",1,boleto,1,65.71
"9251da16758bc1fad7142e2c6b9bf4eb",1,credit_card,4,183.40
"9e968d83d3fafa00e86e4468cd4b49bd",1,credit_card,5,63.23
"022d4b171a04520ca2113a48b6b61380",1,credit_card,1,70.04
b2055cac51ad40754138bfed4d778344,1,credit_card,1,35.36
"2ca97597bd5b2e4c419dccd661439910",1,credit_card,3,466.27
"82ee2df3a8f23cfa9208bde62204119e",1,credit_card,1,123.33
"4ea67666d3072d3b4fdc92d11f6992e4",1,credit_card,2,87.72
"5d1466f38183f13f22491a21c09982a1",1,credit_card,1,72.56
fdeb8e2ed51d3a12a9d6c27a2f70e255,1,credit_card,6,158.30
"63638a6806d67773f3adba8534553fff",4,voucher,1,10.56
"7ea643d8802c6875dc51108bd2386c8d",1,credit_card,8,419.04
b28d46b1868c3e5ad7bec94c220e36ef,1,credit_card,1,67.36
"65a05062e11f3e5121cd0e0723bf765d",1,credit_card,2,123.56
aafb89f11bef342ec3ca3571428ab77b,1,boleto,1,117.93
"9f68f87aaf72589c361305b9d4900b78",1,credit_card,2,317.53
e5960ff1e95988c4839fb2aa27e6822a,1,credit_card,1,63.60
efebff1dca02ecdf264035398365351f,1,credit_card,10,347.41
"01a4ec962d7589584c11650ca20d728b",1,credit_card,10,421.33
f7c14483b0baaae57ea57152605b3b2f,1,boleto,1,128.25
c9732ac3b2d1e7666e024148430d70cf,1,credit_card,1,66.82
"21a724726546c32790ded320f982a506",1,credit_card,1,215.99
"2a0f332fd6b3b477c16619a99313d29c",1,credit_card,1,45.52
ac56367131672fa50d4af1148bdb1f19,1,credit_card,8,246.36
b976379b0ba072030d6d1aba2f370d7b,1,credit_card,1,26.38
"163f8eb1b8e1a57c3ff383c09e13d42c",1,credit_card,4,475.47
"9b403323790d69fa17479eb09e7e2cf4",1,boleto,1,42.40
"44ba35a187b315445132d3433f8a52e6",1,credit_card,4,40.97
"729ae5716c0955d5e326ffd5bb91368e",1,credit_card,2,44.01
"0a9f89404bdc46f9d6be1c8c0226ba85",1,credit_card,2,122.47
"18bfd88cce0908a86624e1fe45693ab5",1,credit_card,10,149.59
"8559fd18b5af843c5ee613c3b4b1bb95",1,credit_card,10,154.20
"1ce0acf125f1bcd636276dd213363196",1,credit_card,2,55.18
"339a270674938f37ea8fad21713fb759",1,credit_card,10,221.79
"9e24613b913b312f009ec05b56b339d4",1,credit_card,2,54.51
"07182ece031138fc6c7f81b60b1eb329",1,credit_card,2,58.24
"743d702ad0112c210a46dd80145e0102",2,voucher,1,41.51
"969845b1c24ed7c5f3d07b64667967f8",1,credit_card,5,119.66
"46e4d123d255804919f2b94c04130164",1,credit_card,5,93.32
cd073a09b3f9f8f60fe4b7aa998f2ca0,1,credit_card,1,75.52
a79c4dca347540e1263b2b750b92d8ab,1,boleto,1,154.10
d0caf7e56d00688a96b150cee9afc889,1,credit_card,3,39.09
"53016e8472a79f05b793c071c03ae18e",1,credit_card,8,427.77
b7f5ff286e187a25dce8803836bdc6b6,1,boleto,1,146.01
d9fa4ce136debee4083c12f5073aeb79,1,boleto,1,90.29
bff5893b9060256be8fd7d7d01b556e3,1,credit_card,1,38.14
f7310018040436b01ab03f81b301b5de,1,credit_card,10,363.39
"0ce15b4615f37580142c31f7da6147e3",1,boleto,1,41.00
"7533fbd27a9bfcacc9cb7d7e1b95c30b",1,credit_card,2,76.98
e7e312612b232f936e5f1ff9ee5bc2b5,1,credit_card,4,197.41
"98123bd93fe42371be77020252553c67",1,boleto,1,89.88
"5bc9327cbcfa76ec35110bc7c73c9fe6",1,credit_card,1,115.45
"560f7585b57fcc9579460fa21c0d8ec1",1,debit_card,1,243.45
"97faaf59adcfe5fa3297328ab6ace15d",1,boleto,1,61.99
"81897e3300d655ed456f166e3b362b2c",1,credit_card,1,32.69
"3e01e667dc4b025af8c5eb4f606cc7a1",1,credit_card,2,416.49
a8c403407745aac434946d5058faa6a6,1,credit_card,10,442.87
cc852cf36cf64a124456f5f10b2142ae,1,credit_card,8,872.17
c537374026d7d660c0732235e0ce4013,1,credit_card,8,285.30
"00a843f5a80c7aea894c558acc29f513",1,credit_card,4,47.09
d5321e92460be827bc174a460ee24e6a,1,credit_card,3,44.23
"1a2056a1d6e8db71b7d777ec36f9b1b5",1,credit_card,5,51.06
"70623d7ff2e126f3688dba1042ec9531",1,credit_card,8,1257.82
aa8349da5e4a45c547cfac79368e930d,1,credit_card,10,121.68
"30828ec5d05237d99e2ffd4d77e5b492",1,credit_card,7,123.99
dd6f0c8e93a1d569d6353f78319a340f,1,credit_card,3,196.49
fcd5c11fdcdf8f31e2c6cd12717cc00c,1,boleto,1,146.12
"8d5250d8f8c1f5ed47bba1b623161386",1,credit_card,1,79.98
a79a0a215a517931d571bb293a2f1379,1,boleto,1,141.63
d1edb80f6670902ebbb11765b96873da,1,credit_card,1,39.48
"9d293efd4c6752aacbe03668f1d197e8",1,credit_card,1,103.55
e6a09c11fa9d7a43d90955406cab553c,1,credit_card,2,138.38
a62bfc6bc99b59ccb234aa5366297fcb,1,credit_card,2,207.73
"484ce4bf2067023e5184d003c41eb07a",1,boleto,1,74.44
"3578f604ba267d1491f68d8f929dbf28",1,boleto,1,49.42
c5f2bd6122735f3362d5acc3e1df7e01,1,boleto,1,31.75
"954c5fe96200cd412c34347e9ae9ef90",1,credit_card,1,114.52
"424c6d67ca4640c862066d58ea753a22",1,credit_card,1,76.17
ced0e946ad5799158b4bebd93c91a100,1,credit_card,2,166.91
"5c4190a9ffe4e2a2b5355ab764c1cabf",1,credit_card,3,32.23
"51f35f39bf5cf70713cb1354b2616e07",1,credit_card,6,864.84
"7f42ca48939d07a27919a2a3241ce9a5",1,credit_card,8,82.33
be39a554924306abfee91a4f38ac55bb,2,voucher,1,38.98
"63e6d960f6bda4b21e30d30c6fb975d8",1,credit_card,1,74.22
"2a33fbcf408a5e7ff0383d4b0daa7f77",1,credit_card,2,155.65
ffee31fb4b5e35c9123608015637c495,1,credit_card,2,112.52
c2dae969e4d48f3afc69a5503b48bed1,1,credit_card,1,59.99
"12f55fbb20dd8ff71113349776b5642a",1,credit_card,5,148.28
fc124eec9edbb799119308d21bfaea54,1,boleto,1,816.36
b6be905f6deafa5ddd73c0152e4d4b3b,1,boleto,1,103.65
"4f78cf9df18b4661ea0096c43db9f402",1,boleto,1,237.94
d49132be94be94057aadb0fdd665943b,2,credit_card,1,500.51
"640993b27e5e97a3fd872bf9239b1616",1,credit_card,1,40.13
a75a520af41db90aaec791d73546b4af,1,boleto,1,35.77
"904194f416371c5ccc2bf141308220ab",1,boleto,1,23.87
ae550b099f8ea61e735f4d415511caa4,1,credit_card,1,116.24
"89f4eeb50c7a4ccda70e82cfd0145c89",1,credit_card,4,46.80
"9327c73b786466a6815c3d5a7785bbe0",4,voucher,1,8.88
af9f47d85cb6d0717a873ddb331a1b6b,2,credit_card,1,8.49
"5359005d1eec976195f2ccac2fc570dd",1,boleto,1,212.49
"36da86192d48458dcb75f9f2bf4f249a",1,credit_card,2,77.20
d573cf2d2bd145e4bc855132a6c815af,1,credit_card,4,962.31
"5f9df00779aa30de4cf114162401ce70",1,credit_card,1,86.72
"37af0498017bcfbffca8855bdc9ecc6b",1,credit_card,10,193.63
"27e2a7e5ef6ee74e734f296c3a0e33f8",1,credit_card,2,24.95
dbcf58228a08ba02230fb4a888fb988d,1,credit_card,1,58.12
"1710114c1a278545964b28b49d85a2a4",1,boleto,1,62.41
bd2aa26e4f7a6a33b7971cfc04a07c56,1,boleto,1,63.23
"5bd4ea94edd60fb87f226330b569b2c8",1,boleto,1,90.19
ce435884a2e9263799fda4abd28e7ea1,1,credit_card,1,38.03
e0bd62e007e5e88656338ab10a5c0f42,3,voucher,1,36.43
"0ccb884361ec00003176dab0ea647f59",1,credit_card,2,133.08
"20bfd4b6f0ed6f72f3d3f9a2eca472cd",1,credit_card,3,71.04
d116a9f838daeae6ab2e694cad2045f8,1,credit_card,1,74.41
"92ae7ea2c6f759b8aa53b32b59e0d142",1,credit_card,1,95.13
bd7328facab3b5c696a8a685b0ddacff,1,debit_card,1,150.74
b6d5aa492dcd580cf6abc148a743a8cc,1,credit_card,1,49.40
"95d3783847e427ad917eba3b07c4ff2e",1,credit_card,1,70.00
"53a71627049b3cd04fe655e979d8b4a6",1,credit_card,2,84.49
"3aa0a75931f649d9e3e83aaa9d6a95e7",1,credit_card,1,268.53
"11db6666e1dbeee776c8e15fd0792c4b",1,credit_card,5,55.98
d6e4899000744aee28d41363a581e3c2,1,credit_card,1,112.85
f1e5e253b034f7de87843fe5dc8693af,1,credit_card,2,117.85
ad6dfba4eac734dc19375323e0bd3abc,1,credit_card,4,65.89
"8a22adf86aba1b368f60fc28338e466d",1,credit_card,6,137.99
"3892e6d2a2c4ac6ff5b68904a08e2099",1,credit_card,1,87.06
"9290f6ce796b33b287cc5e48674cdbb7",1,credit_card,1,83.70
"278d8871aa19200fc6947eaaeaba473f",1,credit_card,2,77.66
f8033eab5248939afe7fa7feb4ac4866,5,voucher,1,25.00
"46d740c3925f87cab7d14d4e55cc47a7",1,credit_card,1,67.82
"87ef789179736a942af20c37ae5f53a8",1,credit_card,4,305.77
"3a6a52cd14ff4ed808a62999c78f2226",1,credit_card,1,45.53
"9c906865a38a9cbaa3d82e02f19b2d5f",1,credit_card,4,218.95
"0f988c663fc739ff00872046c2e43ce4",1,debit_card,1,44.89
b0fac27c81315d7201a0ca455f58304d,1,credit_card,9,92.72
bb38ea099eb75be1de119bcfd1d5788a,1,boleto,1,21.28
b50cb79254a7760812a9607d3ea0d6da,1,boleto,1,62.47
a14d45b8e72c7df8d9d95f18f6f448c9,1,credit_card,3,110.13
ed3efbd3a87bea76c2812c66a0b32219,1,voucher,1,191.46
"1d9a9731b9c10fc9cba74e6f74782e8b",3,voucher,1,3.17
"1a3c522fdd0e9dd7afd78e03b2858a54",1,credit_card,1,138.25
bb44d0c37f5fcc456bbaefd9aef6adb8,1,credit_card,6,689.52
e358b1e356a4242ef1e60c1a8e8068a8,1,debit_card,1,150.87
"5ad5a1ef522da1732ab963ea1fb6165b",1,credit_card,1,25.23
fc133aaee8b52f75e07158ff2b65a5d5,1,boleto,1,67.50
"4db127e6d30efbcbaa8d0b94c4c4b374",1,credit_card,3,114.06
"1124e4ebba42a10ac32ef40dd8dd6475",1,credit_card,5,52.85
"72169ffd15efc268ce012f931a368c4e",1,credit_card,1,37.61
ac1b68b95d77ee9e9c3829ed43f2ccbb,1,debit_card,1,118.65
"60a66add21590acd620d89fafedc04c4",1,credit_card,3,195.00
"0ae08ad3fa90d3854fb8e22472d9b1a0",1,credit_card,1,76.36
ceb741915c1b919741702872a6da9853,1,credit_card,9,99.43
e3f50e1c357268aa977efcfc6043c79d,2,voucher,1,139.89
b53182a21556b268f4379515546be86e,1,boleto,1,98.61
"304c27b7d7d7461111113b0d0618af2e",1,credit_card,1,57.51
abfb34ed11820c7247adfb30fe5bb7ae,1,credit_card,4,371.05
a15224cfcb9e6a6d8915714b32c2311a,1,boleto,1,77.96
bede3503afed051733eeb4a84d1adcc5,1,boleto,1,115.45
"71a76b70b6437fd7d3cae33f67714073",1,credit_card,10,172.84
afa82d070bcac12eae0dd2f73d9debc8,1,credit_card,2,22.75
af49e4908db21ac0697725549558e0a3,1,credit_card,2,105.99
"8698d57db8a2ba613af09a41102498a0",1,credit_card,8,163.44
"8e8b51e17eee9ba8af38266e4c242549",1,credit_card,8,184.20
"0abc76160f3b4b423ec1bcece0ade723",1,credit_card,5,55.75
"3e33f5f2369d96398462a491d376fefd",1,credit_card,1,52.93
e2d728d25671b9cc26c08107fad09654,1,credit_card,4,194.66
bb98ebf4863602704a934e547ca8fbee,1,credit_card,2,174.88
"43aacfeefda02bc2a69ce66910a2d4cf",1,credit_card,1,39.13
e3143ad1af7d0f2878a66a1cd565e4a2,1,credit_card,1,48.04
c99da7a5a4c3328c4d6494f061c4c3d2,1,credit_card,8,117.16
"378ef8f4017a5eb7204730698cfeec60",1,credit_card,8,142.97
"473db6bd9e60ec3fb425cd204fb8f4c1",1,credit_card,4,650.34
e3daea0200104991cb979c2fcc509ae7,1,credit_card,3,39.96
d205894f6421e164996e5cc460dea4ff,1,boleto,1,194.99
d1c064261a09ddbda89abe658558d56f,1,credit_card,6,61.98
"4e0665384670c0b50c2d6857e56c35e0",1,credit_card,1,117.85
bf5a19905dfd112e6964d76f4b21cf35,1,credit_card,1,74.94
"0aee3a9d7c585888c61c307c40df0c0b",1,credit_card,8,85.85
"9e3181bd51258dfbe09b6a057bc37771",1,boleto,1,94.74
"218de7dde39167d2389f3cfd479228b1",1,boleto,1,70.74
"9e7b9ace0373fca44197f8f406bb0169",2,voucher,1,100.00
"6f1187fc8053e3eb750bf709d0329c0a",1,credit_card,2,394.54
d01dff4d42c2ef5bdcb2085ccf391ed4,1,credit_card,1,46.39
a364e56d89333e08e04192bec1549d8c,1,credit_card,6,69.61
"1f8f107ec282753323eb8c093b00767c",1,boleto,1,65.00
eb4c34f6c71f98b594e9df32d8e3c851,1,credit_card,8,136.10
c4ae694131c2e15bee056c466f77f994,1,credit_card,8,83.12
"48aa8c19814f76592f8bd0e7b8f604c8",1,boleto,1,72.36
"4c43459211e81f383114dbcc328b7ac4",1,credit_card,1,139.11
"9e7137975355579bd52d6ad4e682f833",1,credit_card,3,61.77
b79f1a780ca7d2e25fdd46f7cce4db04,1,credit_card,1,106.85
a53b8f28c69f039a8d9ce5c30b7367a2,1,credit_card,6,141.64
"79ecc3e68b2d54e056223964de8bca98",1,voucher,1,136.41
"6524090ec4993bd31616d814bc79a575",1,credit_card,6,91.78
"37cc3389217eea1a2c533e2314052c32",1,credit_card,2,80.89
"9c62704f17ec0709183bec5c8695f34a",1,credit_card,6,83.41
eb7469eb92114d9ad0fec862b33ed95d,1,credit_card,1,57.50
d3d6788577c9592da441752e8a1dd5e3,1,credit_card,7,76.65
bab35d4bee5e00cef20aed6a2cb89dd4,1,credit_card,5,287.53
c8616afdf0665e9bcbc7673c6219c472,1,boleto,1,76.17
"02bbf7328b514a90bedde6541c213811",1,credit_card,3,39.62
"91bb03327725cc7058e5890bc6afda69",1,credit_card,4,175.33
"33a3edb84b9df4cb49546859b990ac6d",1,debit_card,1,67.50
"01f04ef1bf8714247c5286afd8579353",1,credit_card,8,233.13
eec64646ac1076b7500eb7e34b00c8f7,1,boleto,1,43.22
"056c68d093c100017aab1f00f260705c",2,debit_card,1,52.78
"33e7761758c09be48d777723b0c32648",1,credit_card,10,112.94
"84fb4cece2ca6c0f9d40c92a25e95a8a",1,credit_card,1,40.95
"78f6201cc730d148939d4e7e0f456917",1,boleto,1,183.72
bbfb434859fc673797c1040d267e342e,1,boleto,1,58.44
c1559efbfbb38d83f6280b505bd3e0df,1,credit_card,3,36.26
f3e4e1953308df0b913ac8edce084e08,1,credit_card,4,48.30
"06f8ee6a5ff26786c382b4fcf5b8ebe7",1,credit_card,6,139.07
"33715342b6e83325b4fb7a20427b0584",1,credit_card,3,145.56
b7d39e237d3fb31726e02fe2b8fe03f5,1,credit_card,10,193.84
"5946778f2ee1bc2f6514f8e1cad43971",1,credit_card,1,32.29
e914968a4a80318986033740e89717d8,1,boleto,1,64.00
d1a10e07647c7845b8590cec57d589c1,1,credit_card,1,517.15
f24cb1ef5e87e5ea09a1fc0ae135c186,1,credit_card,2,67.25
d83d59b310da489d03434dc07fdb0d78,1,boleto,1,153.10
"17e1cb74d21a646b636519ba673acaa1",1,credit_card,2,58.69
"5b95bd0807c4d1bdc5db12fe3373ba8e",1,credit_card,8,238.44
b3f179611003f752f8beaacff7c017cd,1,credit_card,3,99.90
"3f80947ce4ab2d28cede3db5c92e44d7",1,credit_card,2,119.12
"83c4b4c8e8fdb6e9ef46162e012e691e",1,boleto,1,60.10
"3f72f5304e4f8c8cd61260e86c8fa917",1,credit_card,4,48.21
d81f982649f082683c9221af29ba1b51,1,credit_card,1,59.27
"5869074071e0f56e9085dc3742c97b2a",1,boleto,1,320.18
"2ca68e6f3682ab0ee4ae0c4f069772d7",1,boleto,1,1034.34
"0a2a2670426b66ba24372c7d03da2ca7",1,credit_card,1,49.69
"564ccac4c7cea879f88b17f29a6be374",1,credit_card,1,48.62
"131a49afe3f297e46c9eab6f3a815b2a",1,boleto,1,37.44
d6fac5cc8d7f57c8716d70da38b27d3f,1,credit_card,1,75.62
"3965d237f920eb15e1f335fa04a352a6",1,credit_card,1,42.68
a9d5f9803fe11291638577b7d108ff74,1,boleto,1,32.38
"258b933113e8f7411e255b6fbbf16dc2",1,credit_card,1,105.28
"08bf75dcf867b9f13026785053e87052",1,credit_card,2,57.80
ba9e135697c2fbf721ea10bb6d7c0d17,1,credit_card,1,141.73
bbfbe3c62a4a810fb97d10267acb5f10,1,credit_card,1,52.77
f1adc476dcc05bdb3df49c73d0990a13,1,credit_card,8,169.65
"28d0d98e542f0409627c3717348339c4",1,credit_card,1,165.45
"1fed2f02e296e7767a2eea3dc76f69bb",1,credit_card,1,94.77
"1f93b86e99f08972d9d0fe0757d8c6b3",1,boleto,1,68.13
"45ab99a963685fce8c888625858abc02",1,credit_card,1,76.08
"69cfce9a67acc391a46d138195d70ffb",1,credit_card,1,139.09
e85838fc4062fcfb38fe191fb42660c7,1,boleto,1,303.75
"110d11411569c88d2745d55180027f3e",1,credit_card,3,70.74
"15e6974ce19cb7d0b8483c30c071dbb5",1,credit_card,2,63.10
eefe21a13ea7838a575a4e488d607511,1,credit_card,5,102.73
"6e3e15bde53821ada4e7c475f2f98dcc",1,credit_card,1,106.87
"46216bad82195f8dec79cfde98c57acd",1,credit_card,1,49.34
"7ada2c142f3ce316bba23245026e5807",1,credit_card,1,42.51
ef44dc293c54ebe5db4f3c09dd4c5133,1,credit_card,1,24.64
"17999150a37e709ef58ae49a064400fa",1,credit_card,6,111.26
"06ff862a85c2402aa52dc9edf150bf30",1,boleto,1,59.53
c12921c117b48d3bdcf10d1983d3b9e1,1,boleto,1,54.10
ebe68f8677e52fa72bb060f50dad8e1b,1,boleto,1,31.19
"1e6e729cbdd94df526b317598aaaaf62",1,credit_card,4,83.69
"9b6e3ef2773d4b24ea724e1c50e21390",1,boleto,1,33.09
"1ed6ef60cb675a647f2cbb302bc76401",1,credit_card,1,132.05
a483ffe0ce133740ab12ebcba8a3ccf9,1,credit_card,1,1230.00
"3a3b0394c09dbf1c3f658c1fbe9adc31",1,credit_card,9,97.71
"8a9ec714d97db36f469d62e3fa8d638f",1,credit_card,1,57.38
"1a0e54c67a7d784f932f5cc4f953fbaf",1,voucher,1,71.14
"2356e9b211b952c07f32b7addb1250fa",1,boleto,1,35.00
"2b80b437f46eb3a17b0f3f1c8cda28b4",1,credit_card,10,127.66
"61fbef83f544ba8f4a72cc7809d44628",1,credit_card,1,69.90
"6f2ae8728d4663eecab7315f623ac889",1,credit_card,7,76.19
"7f95c99388c7aa1157d5992428f2e94c",1,credit_card,1,25.78
e2f2d9285d6514581a9e7a20868a4e95,1,credit_card,2,112.71
"325c1aaf2915ee2e1f5f0b60758f11aa",1,credit_card,10,107.50
"7adcb3fbea63cc564e4cab47e33354b4",1,credit_card,2,23.77
d0083f5db0e3fade5d9a7dc768e8df46,2,voucher,1,86.66
"6e5fda4cd8dbfe3f9c8485b8d10d7503",1,credit_card,2,136.08
"8d6f70397db05604f0f4ccca7e376f12",1,credit_card,1,13.89
"37bb98f8367819c8871f98ab9aec4a92",1,credit_card,1,153.20
f280ca4b6f953fa570dedf6f9b6f383b,1,credit_card,3,75.73
df466fb774f8f20a2cca22211d35b778,2,voucher,1,57.99
"5ccbf94709ecf3a81efaddeec8a2141f",1,credit_card,1,256.50
fe1330694965e065fb84b10ad9d67dc2,1,credit_card,8,106.18
f6f4791d4e9af576b54789af41c06f23,1,credit_card,8,86.93
"49486dab194ecf651037f3afb35380e5",2,voucher,1,72.26
b5548f1e1d8138e39efdf8b24c93bbd3,1,credit_card,4,109.76
"67295f84fa8af9e57a89d851ccd9cec9",1,boleto,1,85.65
"1e12d5b3e0bc11aa9db357373ccde6f8",1,credit_card,10,113.20
f52ed0bde654bdeeaca2b4d0ad7e6c33,1,credit_card,1,923.55
"1280636cace716854a705e26c5a91798",1,credit_card,4,148.16
ea3f7480344322038931bca4a6e6f858,1,boleto,1,125.53
"9977f4c374c569a4721d5261ab8694ec",1,credit_card,3,189.08
"904a8c5eecb566b06d4737b0cde3e0ab",2,voucher,1,37.98
ff586ffb976ab35817bd83f3ed5b4bb9,1,boleto,1,131.47
"6514b8ad8028c9f2cc2374ded245783f",1,credit_card,3,75.16
c6ad7089d27e68a395de452a632cb54e,1,credit_card,1,14.72
"30e2d11b0cffddca576aea4e0a1f54f7",1,credit_card,3,157.21
"00b4a910f64f24dbcac04fe54088a443",2,voucher,1,48.05
"4017df0a0c73564d88bd596e06e42c2d",1,credit_card,1,5.71
"02c13bb9b84866055ea2074cc6a83a16",1,credit_card,10,163.06
"0616b1a248556f0f4c5aea97beb0729a",1,credit_card,3,168.64
"1921024da7f9d26bae5f85b4e382fe07",1,credit_card,3,99.20
"596fa30e62c909f4d380ae4097699271",1,boleto,1,87.64
"1a792d35aa2e9abd1036092085f00549",1,credit_card,3,276.18
"3c5c2cfeea91d9a57ac3c979ec6c9d62",1,credit_card,6,67.53
"89f8602d413491ac3de45d5b5ea6406d",1,credit_card,5,516.48
"3e36c841d95ee611719b42ff49a54792",1,credit_card,2,55.46
f829f185f0ec92a117ee3d8c9e9ed19b,1,credit_card,1,33.28
"22cf975c95f8d3ad3a2263e94f79182b",1,boleto,1,71.53
ba7cd78ca5cc6ad6a8aa23fd95de7f6b,1,credit_card,3,38.04
"390ea954e6bcedbc2d2a76a506373769",1,credit_card,1,32.03
"8e481ac12e05d41b6bcda081f132789c",1,credit_card,10,336.31
a785f992778e63bfb3b2288b684217a2,1,credit_card,7,235.79
"25af0443015b8d200489039a00361f2e",1,credit_card,1,54.94
cdfb5ee8cbd9cea7cf9cb8db9bf94eff,1,boleto,1,34.86
"2759e33a8d084b097aaf4d4b8393e38c",1,boleto,1,73.34
ecc7d8ad8bbcd5b0a9cc9a2d5a34bcb9,1,credit_card,6,65.11
"6c8739485ef95ce14f635264d378b198",1,credit_card,1,66.79
c84f367d7b52ff36843e8c8e08fa5c11,1,credit_card,1,65.35
"4cd51713ee492e2d1ed57e6db22876ae",1,credit_card,10,234.15
"131b770dae46d4fbf6e9a62a1b177ed1",1,credit_card,1,82.42
d2f2ce56e25363753d572f7b705070bb,1,credit_card,4,123.73
"35d2e9d7381058ab6ecbb845bb1dec37",2,credit_card,3,40.79
d29212dbe4fbd99ab40e4853c6c09d4b,1,boleto,1,45.85
"002d040018d12a3853c059f7f23ab5b1",1,boleto,1,169.84
"3b8163585696cb14f0e7c8183bb91339",1,credit_card,3,95.21
"616f1f539d7add607844e0199fed7ea6",1,credit_card,1,61.42
a6b58794fd2ba533359a76c08df576e3,1,credit_card,6,174.72
e94fb29b3ede8e72edace56b9ba5f8b5,1,boleto,1,41.38
e8706a02ef9dacebd83ba8d93225d0f3,1,credit_card,8,592.88
"77ac4951da6c2361c816314422cf20e4",1,credit_card,1,26.68
b5199c66306c07a949f9a9069f7fda57,1,credit_card,8,342.02
"469154149d5faa926f0c01971b89dae4",1,credit_card,1,283.96
"9b1685c1d2c17bf27e16d9c7e6b1cba8",1,voucher,1,47.72
d3af71699c0148f9a9936cc5af86da14,1,credit_card,8,338.56
"8caa77ff40d44d6d22eb8b3079c3c324",1,credit_card,8,521.37
"5b9e437b9b8c217c1e35158aeafc2102",1,debit_card,1,33.16
c8947a583ab9791a5a9d02384cb84302,1,credit_card,4,59.85
"8d35042b6a7e4aae80685a704e6cb71d",1,credit_card,2,138.41
db3b94ddef8837c5c780836f80da86c7,1,credit_card,10,1017.52
"898a1fd98d5540ee9b96e742c76877df",1,credit_card,2,93.87
d01a489bb718b638df1e789951d37fbb,1,boleto,1,102.26
"9117cb1453a713abe416e4bc1503b2e0",1,credit_card,4,90.05
"42b00bba3a67fd5e1acc3f437d8afaba",1,voucher,1,104.56
"61587185bfde7d7fc6a93030ddf4a57c",1,boleto,1,117.85
"9835adc5025c5e457d80894eb4f3ed4a",1,credit_card,6,340.09
eab346b68385f2b894d7d95be157085f,1,credit_card,8,263.46
"470ceef9068e1385a280703397af31e8",1,boleto,1,118.25
"075a1f22c075396feebed8c71f5ccdb2",1,credit_card,1,187.34
"51ea9bcaebefed721e498f8fb39c8911",1,credit_card,5,274.89
"4526b32a6f35ff4b865facdf3ec8e567",1,credit_card,1,31.86
"2455cbeb73fd04b170ca2504662f95ce",1,boleto,1,1421.69
"9bdaacec1587fdf0b7c123d64020f552",1,credit_card,1,49.39
"0c1131dcb8c6ec0c895af6aea3e70983",1,credit_card,4,218.10
"32cedd9197f067e47d1b0db8bc099f4c",1,credit_card,1,31.72
"015ed18d7ea7ca5c14f3c1decc55daf1",1,credit_card,1,69.16
"4ff030f2bf3f8741d3843193abca39fa",1,credit_card,1,158.28
a2f1b733d3d3cb7185e9661387534161,1,credit_card,2,196.36
cd05a1fc2781f43f5e459c285751e26a,1,credit_card,2,29.62
bf95b3f726bbc62043afc14fbfdbcdec,1,boleto,1,121.09
ba207c0bbc57d7da1d6ef7ebc895fec4,1,credit_card,8,168.14
"5b47fae4d8705a2c6e470bef311073e0",1,credit_card,2,108.81
"1e1fb779dc3ea5b2ece7892f4b1824cc",1,boleto,1,102.92
"05fb90958eaf5f1c3287acf11060525e",1,credit_card,3,62.70
"469404dde93e111d4a7349b2608381d2",1,credit_card,1,134.59
"006c42f310102c1910b3c5793ce5fc34",1,credit_card,3,250.79
"84484948cf71be13d3b7d3ce0898f403",1,credit_card,1,110.44
"1b3308992abe10ed7ce26077dce05e8e",1,boleto,1,42.40
"3eceaafe1639eb6b25f3cd604891c218",1,credit_card,1,45.52
"3bcae8a1bac5d8f94f4e2f7ae4855348",1,credit_card,2,379.84
ebd95cd19ccd84ddf08373b40822f990,1,credit_card,1,32.39
ecab90c9933c58908d3d6add7c6f5ae3,1,credit_card,3,63.34
c2be7debb550baab4fd6d03532387414,1,boleto,1,51.84
d5c8ece04dd0b02a4e72e1938194dd22,1,credit_card,3,106.90
"6baaa4f22af711c8b15dba8f8269edf8",1,credit_card,3,30.00
"1e90a410c4be85320d64e5a0cbed9291",1,credit_card,1,44.00
b226005928c0bae277c2b54cc624ad93,1,credit_card,2,238.58
"41b3745609d5c6c750f838cae9f18804",1,credit_card,5,117.94
e3406c9214774d66295ee5aa96724ef6,1,credit_card,8,235.74
"3b64ff25a4610fb5599e4fd09f907501",1,voucher,1,162.10
"231cf6fe1ce0b8fd2c9c4dacd95323a4",1,credit_card,8,276.22
fee62e6f13b8b6d7d343319f224376ff,1,boleto,1,33.59
"5c4e9b69cfdcd45f69531467695237e4",1,credit_card,3,36.94
cccc552d302f1b03c5e33e753811c173,1,credit_card,1,25.10
"09aea357bd7fde763e2358cc9e413513",1,credit_card,1,39.24
"866a7ce3c98440860896ec4ed2960d8f",1,credit_card,5,54.10
fdbd371c335ecb94ccb8a65c37d8ebba,1,credit_card,1,51.07
"8993ddd6e800f9cb267d42cc89e13f0f",1,credit_card,8,259.10
"4329e268690f8c53ef682851d4b16083",1,credit_card,4,41.84
"47378b461210a310c95e17323f7dd726",1,boleto,1,144.14
b9aa04fee730826d066fd6b7f63def15,1,credit_card,2,51.20
"0e3ec3c17b64c6cc7bc01bba21e7afdf",2,voucher,1,25.84
"1e2335cf4dd533488459494190011751",1,boleto,1,136.99
"99e4c7eebc4e218f0ef4729921038c19",2,voucher,1,49.31
ef34fa79f2069138c745dba034f9169a,1,credit_card,1,42.51
b54c6666f7fa81c90e0122c872e26ea9,1,credit_card,1,54.73
b4a740a590b5576fb4a95cba71d80c5d,1,credit_card,8,94.30
"81ba9566702881081845a0cde9767e2e",1,boleto,1,465.42
b3a5244e63837c138b11bad69f104bd2,1,boleto,1,177.43
"1e0aee4255436f5ae16342f9ffa9f723",1,credit_card,1,58.09
"973ca2839f11804b5118ce7368f188a3",1,credit_card,1,444.25
a066c85d1e1e9a456a370a161d07f4d7,1,credit_card,1,173.82
a90d54c4e730c3f73f5fbf256ebe58e2,1,credit_card,1,126.64
bb5b0d8f3e9c964760c674f2aa2ae0cf,1,credit_card,4,192.67
"4cbc42107122bbbbd5abe620ff9b9115",1,boleto,1,40.07
ea13768d97ab79edb0d45803896a5c86,1,credit_card,6,75.85
cf33134e239432c52a6d5390e7f8a235,1,credit_card,10,890.59
a588eecfb1bc607f34f657272d7f8298,1,credit_card,1,53.62
"9818f8bd7eef5b43fdb528e73bbd6f39",1,credit_card,1,160.22
"21acd87ab0e70951d2aa3b0cd6445c69",1,credit_card,10,158.04
"0dd15079372ce401518ac26321947143",1,credit_card,1,97.65
"0ab82628350881eff00a09a3a0c73970",1,credit_card,1,89.66
addf0ea6869d5d39c736e7229ac38ecf,1,credit_card,8,880.88
"4dcd791c3c9b8f462aafe31901e34826",1,credit_card,2,81.72
"82c408d476f29fe82b7c1f9daec2bafa",1,credit_card,1,155.63
"543b09a837f0bfbe0b94e28a69588fb4",1,credit_card,6,203.39
"701b6152f4772bf004cad6741981b060",1,credit_card,4,99.90
"3edb50273f0fec7a7e340030467076bc",1,credit_card,8,196.08
"1e4ba03d696d7e2a105b4f5d5d68ba5b",1,credit_card,6,159.51
"58598ce81b3b904e276c132cf685d0f9",1,credit_card,7,124.76
ce8a75d279575fb471682893d3c42079,1,credit_card,4,48.99
"6aa2fc0ec99ae145158d9f9f790ada82",1,boleto,1,48.69
"0bcf4c7784f314d5c92bcfc30b7813e2",1,credit_card,4,45.22
"1b261283b06863bfaa62bf25bb1da580",1,credit_card,5,59.22
c140905304357feaf8b66f88734561a1,1,credit_card,4,122.31
aaae80f5b6239bd9e1b22e9aa542c3e8,1,credit_card,1,77.16
d5d415a80776eabc101e98603d000455,1,credit_card,1,74.50
cbd73a65c5edc13fbcde523d1ed2090f,1,credit_card,1,70.46
"237b7387b0657475c4aea69a0fdd6ab4",1,credit_card,10,137.99
"65eabb940466e3db08bb339bdf5bb283",1,credit_card,8,275.06
bfd31e74ca682f18d424329f90be0c0b,1,credit_card,2,102.35
"160420ae694e387c891a4443edb1466d",1,credit_card,1,75.11
"79eebbca25755d227de8e2255e3cb184",1,credit_card,2,53.55
"88791555f9832d0bee1f87f2074392ef",1,credit_card,3,85.63
d24c7346d4b0d3dca97138e03ef34ffa,1,credit_card,1,53.27
dce6e6e08da879e6d93f45db4f137eae,1,credit_card,1,36.15
"2cec6c78bc16c3954626e44c56219686",1,boleto,1,209.21
"687e2110fd453476f1c045ce5c1a6d3f",1,credit_card,10,144.40
"67d7d2f069a2b83e36ab0304e03132e6",1,debit_card,1,76.07
"5295794ed329bd3ffd4581bc4a0627a5",1,credit_card,7,156.87
"08904f6557108c451821501ca9e6aa4a",1,credit_card,3,99.70
"484ca594704f4ef69b286803bc8316bf",1,credit_card,2,309.12
"7068f768a623a654abf648def8753495",1,boleto,1,261.89
b918857b7289075da14325e369374e4b,1,boleto,1,51.39
c3483e54e973d333c6365c217f4422b9,1,credit_card,3,104.12
"91c7c6fab7c4a2d5f68547dfda573166",1,boleto,1,52.01
"9d69b407879a8be17ac523d1e4b1e4a3",1,boleto,1,213.74
"542e3cb5f8f6657a8822ad52a57552ed",1,boleto,1,226.66
bff8a4fd45acacd3f3390aed67ed8e91,1,credit_card,1,28.86
f9286b76e6aafcf562039ff69da4ef47,1,boleto,1,91.86
"90f6254d7d1be81c8b501dec6668d86a",1,credit_card,3,65.40
"7d312a3fc642bf87ab667ce81cfc7cb1",1,credit_card,2,129.74
b5c4739ade7c4568c734267c7397d360,1,credit_card,2,138.71
e422e79c353461906ac09d654bd28ad7,1,credit_card,2,190.88
"8e149b3d8483d3f623d3e6e0c9f824b6",2,voucher,1,66.98
"0658b7d98d204e0beefedd5e8c0fad45",1,credit_card,15,152.88
"456bc7cd27fcbdf7dc39b27f9dc0d32f",1,credit_card,10,731.44
"834545a0dc30bbf519e4d9c697eca0a1",1,credit_card,1,59.47
"063dda01b3489ce5f3bc164801e6e3e9",1,credit_card,3,137.75
fb0a15c6b3645581d8535f4f873c7110,1,boleto,1,203.53
"5f8c42f0624576e5f4c4c86cb176c613",1,credit_card,1,78.41
"053abf362c2b73b283a3bd5a814320ac",1,credit_card,1,97.87
de69cf4dccde4da4632bc662829f19b0,1,credit_card,4,337.00
"9d4e334ddde795cd4fbee24dc4b68cfe",1,credit_card,10,160.68
e821c71ba6efed0813bbc0a01a95f24d,1,credit_card,1,40.63
d3057dd3a0a5449de3b064393a47ecda,1,boleto,1,148.15
"686fb1c21e29924074b592b5c2ebf96b",1,credit_card,6,83.27
e12aeddf85ba20f8e2d865a28b32fbd8,1,credit_card,2,159.21
"57e84fe39881c28f3079d56d038459e3",1,credit_card,1,53.37
"7335a8d265b13f3b540722eb829fe08c",1,boleto,1,65.71
"0749c0c521a53f4a99f4c7be0d92df95",1,credit_card,1,34.75
"54e4556bb09818e0efeb30e86c4022e0",1,boleto,1,27.73
"682e90d16332af76ecbdaee2e0c74bf6",1,boleto,1,637.81
"20c8ecc3191ba43d600bcff60029c6b5",1,credit_card,2,75.36
"196dbe48685e509293d3214cc1872d3e",1,boleto,1,35.00
"38303e0a3dce8b2bce37ca13b1c3f9ac",1,boleto,1,293.85
"9abb2627b40ff1591e62553894e6b312",1,credit_card,3,127.41
"345c94f585ef07e8ec4fa00f0daa06d7",1,credit_card,1,99.74
dccb282b858f9b481824964de4cda528,1,boleto,1,77.66
"2431a0e08b6e889d8acf165d559a4d3a",1,boleto,1,95.10
ba58c5a73e8f1d2300f86d2ad3576657,1,boleto,1,122.66
aad4ab96e4f509beffd04078d6455f31,1,boleto,1,83.23
e1509672293750128968e3d0089e1b5d,1,credit_card,1,197.01
c303310fc1c9bcd9fc5da93bae0ff3ec,1,credit_card,9,181.55
c5419fa3198a4e2caeb715ce9fe9a6e2,1,boleto,1,115.45
"88d97a5382aa21040be0f2d1e4cce195",1,credit_card,1,183.22
"5544b752d8491d6ddeaa9297e18be42b",1,credit_card,1,167.52
e7d21c24070fcbf69b6bb15b10a8ba14,1,boleto,1,98.63
fc1095da158f0fc66f917a4f7a257183,1,boleto,1,46.71
"81fd7eecfe5e2fdb7788d4dfd3283f23",1,credit_card,5,189.96
c4a4340f8f35d5289ea5eb4dd44815f4,1,credit_card,1,124.32
e86938345405d046452bd662085b127b,1,credit_card,1,135.48
"859ebef8753883ec6f703f60ebba766c",1,credit_card,4,113.62
"273ca519104461b29b7e89ebad868563",1,credit_card,5,680.26
e3e54348392f8105ec69356675788604,1,credit_card,1,171.00
f256e6ae5f9bc6968eb25800d1360ab9,1,credit_card,8,306.30
"71b4480b617e5a0468d7362efb7c4b3d",1,credit_card,1,22.38
"7226f4ceb664d56167de4b60aaecc01a",1,credit_card,1,119.25
fb13f043bf44bf8356e7adb8c08917cf,1,credit_card,2,51.40
"7097cd0492a280b3e24b36fd672f5a59",1,credit_card,4,211.73
c14cb154425639c9d91bd601bd5afe89,1,credit_card,3,87.03
d53f7d65577d2f334537bf228afb6116,1,boleto,1,257.58
"9b4ddd2d21877e12b98da60f30858d4b",1,credit_card,1,90.85
"9c9b21a2db3ef4c7109f69f7f3614d71",1,credit_card,3,317.31
ff49c0a826a9b21b12361deec89f4a98,1,credit_card,3,164.12
"96a99b5ae04ac4def9a904440906fd6e",1,boleto,1,29.58
"674eb13687ba86abeaee12ece9ce0309",1,credit_card,10,147.98
c1b86a370f491b37cc3adb8ef0a21fe5,1,boleto,1,146.85
ddc7e0a6253bc5f668507296a8d17c85,1,credit_card,5,58.62
"667f0f4fcbbabc42c5cf7b38540b8108",1,voucher,1,123.61
"069ba523744cdda8bdd148d748540487",1,credit_card,2,97.66
"1d682037f2c5327f76a76a18f8053908",1,credit_card,1,113.90
b47397056102b8fc054c6d969532376a,1,credit_card,10,479.25
"38f4a7cbe99605d56e5ef45ab0547b80",1,credit_card,2,21.38
"4f0a2c058df62bfe77f0e0e1e1ca66eb",1,credit_card,1,137.55
"55b6cfcdaae4a8dc9629850dc635995d",2,voucher,1,5.14
fcfb164cd88eaf05a44e1cb84c5153e6,1,debit_card,1,39.15
c18471a2fcb0a25a2cb68f0df3fd8174,1,credit_card,1,37.77
"33964439e94ceb7523367db344eb3dba",1,credit_card,2,53.13
"5a1b8ce8aee70bd3445109304936c826",1,credit_card,3,305.44
"71c71007c0e6e119fd24da2a057a4cdc",1,credit_card,10,1192.48
"2c23a7464f6fbc39be8e3a13b9966c54",1,credit_card,1,45.22
bc1719cc645341cf9ae61983e31f26bd,1,credit_card,1,33.17
"26aa7fd8593cb211c78df356f45b4cbb",1,credit_card,8,87.54
"810a20b5d63b93c766be34093cf05187",1,voucher,1,21.04
"2d99133897553f4c8ac31ec3ab36fe67",1,credit_card,6,163.77
"38cf938c02a2fd1cf1fc7f7c6a32b03f",1,boleto,1,232.43
af9c840cca8fc0cb05a2f9e9ec923fa6,1,credit_card,2,193.39
"8b1999cf2912d6be6f23ce1474751748",1,credit_card,1,232.39
cd7293cd82a7c818940f97bef67c4d62,1,boleto,1,108.16
c1b3677443e3acb2a07e47d81889e571,1,boleto,1,303.75
"1aba19a11ad5276dc9d409b95680caa6",1,credit_card,10,156.73
a1aa085af097613cc86d6105d15b39f3,1,credit_card,1,315.54
"3ce23ec58b30f84a32003c7bf535d14f",2,voucher,1,3.57
d7f4e2f755cf2f40aa7c39804cfe01c4,1,credit_card,1,0.23
"8ab0c0ecda227b5dbcee5c23f28f0ef4",1,credit_card,1,57.43
d470773ec0c7713da0add7baed31ab29,1,credit_card,3,194.50
a2860430c7bee71b1b90ffc78a95df6d,1,credit_card,12,462.84
"4eb514337231826065b55177f5f9e267",1,credit_card,5,217.55
"3607a5c1a425d6896e8327401100e0b2",1,credit_card,2,132.57
"77c7d0e57e5ab9ea28f8645cc1af62cd",1,credit_card,2,26.77
"17afedb7e5fad837f54bacf5c66c99f8",1,credit_card,6,70.91
d75463c2698dfcc155426c1a926ccd10,1,credit_card,3,145.56
"3db0dfe8a379d76e5c29f635c277325f",1,credit_card,2,54.28
"0561429ac3333cdeaff4cdd6bd1ebfb6",1,boleto,1,51.14
"95d01aa47c6ad56612e6c8e9057647bf",1,credit_card,4,60.44
"6218641ca6d233dc693bd8e99979345f",1,credit_card,1,32.72
fdd770b5f85e6ce0b1b549e331d424f5,1,credit_card,5,249.31
"6a4470891791e62891c4c6b8dc8675b0",1,boleto,1,77.57
"59695116e3986b9eb1eb35d5d74e728b",1,credit_card,4,47.20
f82a3c6e1e4ad29964e50eb40ba50ea8,1,boleto,1,166.81
ec88157ad03aa203c3fdfe7bace5ab6b,1,boleto,1,182.91
"9cef7eef349dd605b870fce05c57765f",1,boleto,1,141.73
"9b0ea51a8dddc4af77a94448e58d332f",1,credit_card,3,89.36
de5552f927693bffe3b9ffc69e75000b,1,credit_card,3,84.15
f11e9516ca2b6091b64f2e2ea0ebebb3,1,credit_card,1,222.68
"4daa7a4d91386678160a5f646293be29",1,voucher,1,108.42
"1d28af766063913e28a09606c0ee6fee",1,credit_card,5,161.54
"0e766fdb8a5d5379df4c5faab13ce762",1,credit_card,7,74.40
"5efb55c3cc550a13a9af885e225f8d9e",1,credit_card,10,206.84
"1c30f782ac9a37cc2fc7db08f3ccf24a",1,credit_card,1,30.00
d177b7c08ed2934d5888e7fd236d42e1,1,credit_card,1,31.77
b0e0bf79d71fa84a382583eb2a57b978,1,credit_card,3,132.57
"988601ceae0e294c4482e8ef89e4bfd7",1,credit_card,5,505.50
f8ff98a36706c66da3a3f060a0ec3141,1,credit_card,8,464.29
dafb12075abc3168e9addb5ccf7a02c5,1,credit_card,3,97.78
"4243bef9583d689a9c8fe6f055cef332",7,voucher,1,25.05
"2c63e270d219f86dbe627ef7a0d41ce7",1,credit_card,2,115.96
"615a83726a65bcb641fcffb5a4b792ef",1,credit_card,1,98.65
aad53ab538dea5e7315dca5fc140ec84,1,credit_card,2,229.65
"9462e7a4367175b2b6f56caf761c6df0",1,credit_card,2,40.09
b747117c2b61e77e4ca28fc2ab62860b,1,credit_card,4,65.51
aad4cc3a0a8f37c519c7d72ea429c11d,1,credit_card,2,156.49
db52d0bad6e4192503aaeea87004ed6a,1,credit_card,10,939.98
fcb2af36166db4e5d7ac2491544cc1e9,1,credit_card,1,44.28
"8650f273b9279f880588142245c2c398",1,credit_card,7,77.03
"5fd0b812a7ad786c02970c4223ef1dff",1,credit_card,6,648.82
"17b8a04ba7a415fb05b7f8cf67b27255",1,credit_card,1,79.98
affd57fb0daa6ba18e47cb9f31c2bc65,1,boleto,1,98.70
bec6fff5a33e4074bf4e32a7f142b39d,1,boleto,1,311.82
a17308b84626455b4487b37d1d8e11af,1,boleto,1,55.47
b2c1d65b858a8658622354076fafbd0c,1,credit_card,3,186.10
"86fbc7823cb0bc0b27e0ccd18022aa19",1,credit_card,3,194.56
"6adf9dc8f61973b774685e0a029ea267",1,credit_card,9,91.18
"61a9adbc73db5e5c33e5d6d528f8846e",1,credit_card,2,61.80
"95e2bf3af9b01a4c24043bac75935bda",1,boleto,1,153.20
"1b52f83851e639f6a5035dfc08c70f0c",1,credit_card,1,214.63
"6bd0fc624485f2d1ad4aad6df1569d1a",1,boleto,1,428.74
"3139d2c500d282f1549eb3c6e7723985",1,boleto,1,291.94
"233d763b10db673443077fb3090dfb37",1,credit_card,3,77.21
"71f47871e9cf560d325f00a5628c4a94",1,boleto,1,75.11
"264079098544c963529838aa8bc915d6",1,boleto,1,124.51
e14045fc421874626731a74b8cbff4ce,1,credit_card,10,336.17
d14713175ab3ff245a441613d7242f3b,1,credit_card,7,236.88
"9273f28e7eea7b34cf6d09d37dad4fa5",1,credit_card,5,50.75
b59f670683b3db2d966441efade4981f,1,credit_card,1,38.54
"23fb39a2fa2ef8d8c4f2ce865c2dfae2",1,credit_card,5,59.43
ce5420f8e3e7e46d19de72c08c690ffc,1,credit_card,4,84.23
"70863e8ef99613bbc8f854807d187ea7",1,credit_card,5,130.58
c5fd2c7e23ffd8d1ca4c839b7c5596a3,1,boleto,1,95.02
"77b04f15396c882d9989245e0afc7147",1,credit_card,1,137.60
e4e6eaed893d267970fdfae82dde8715,1,credit_card,5,314.82
"7064a07883ee3b4bb82d7252c3519546",1,credit_card,1,19.33
"42d99f88e122c545af5b33aff4bec141",1,credit_card,1,199.23
adff485b76b194780db2e4ad4c5eb9b2,1,boleto,1,65.95
"6cb2000475274ad7e94d1e64f840e907",1,boleto,1,84.66
"4b3c7f8318b056586e0407857f44a136",1,boleto,1,63.78
"1b00a2b976ff528b7ab895ea9ed58ab7",1,credit_card,1,125.43
c6e183c4386da59878bbec724d046491,1,credit_card,4,122.97
"14320a05ad27fce607fa0c0c8304cb9d",1,credit_card,4,511.65
"7760dcb1588e8f0404d165bace2abe39",1,boleto,1,55.28
"4e4d30e5b9a5366b48373c359fde8863",1,credit_card,1,23.29
"08f47d708b29e500be7ee1576343f2f9",1,boleto,1,52.28
b4e3586b63caa012721a22d0fc3fa3fe,1,credit_card,3,38.94
"37e5806494067b6dcc269c80c272eab2",1,credit_card,4,182.26
"4d7dc7fe5a388ead18c9355d74c49998",1,credit_card,3,74.14
"605fa1deddee0b912495c101e187f4e7",1,boleto,1,55.09
"24542fef4b2b37dac9fb137a1a71fc39",1,credit_card,2,44.69
aa2e4895f7a5c83f8eca905a39bde26d,1,credit_card,5,188.34
"10d96958b92a4df731c5f0d7e8694f4e",1,credit_card,1,32.68
"0b29af0ace8656af84d2a20b635e697b",1,credit_card,4,135.92
"8da1e39aa37872754d1e7b49299d6640",1,credit_card,6,108.86
"9d1780c1dba60f1e3fc99e1072979110",1,credit_card,2,47.43
"0771dcbed01969791b77f20d05573b89",1,credit_card,2,67.30
ad66f64c10df4649e7b50b942f5f4bd8,1,credit_card,3,350.84
"4d9029f2c1721a0d915d363ef3473499",1,credit_card,3,90.58
"3a4e65de6ffd941f6a4ee824d472aabb",1,credit_card,1,276.74
ddecef40fd6080d8aeb6d69f92bb1a8b,1,credit_card,6,88.35
b316b0217d77b6d04da5a3517a62461d,1,credit_card,1,144.76
"1653009772c7d799890eec481fe417e3",1,boleto,1,169.82
e61f67f0173c144d55e1386e2bce1686,1,credit_card,1,28.22
"1d76e49bc59982b4110f8c084c0741f1",1,credit_card,1,27.23
"5c6c792766bc857e0b5b1d22c5a963e7",1,credit_card,2,189.90
"78af4d32fa98a1435686699030cbc1bf",1,boleto,1,109.41
"8d31389fe53e1e3d5a914946f5549e7d",1,credit_card,1,58.00
"6cc8ee95fa041110dc49df7e0a2e85b1",1,credit_card,3,62.38
"77cb76a3dbea0b781dfe09e6935f1bcf",1,credit_card,3,640.43
"56eb83c381de8a63428ca988db654080",1,credit_card,5,105.28
"75de6a99721eba5ffbb4c4bd2fa0ee07",1,credit_card,1,117.82
adbaec40867ebc582ecbd4a767b0ab6b,1,credit_card,5,104.05
b7a777ac7cdff9cbd2da4b89b39d1758,1,credit_card,3,133.47
a8b9282d0c831ea24e2884c9620c38c9,1,boleto,1,73.34
d9877e15acab7084c36ddb2cdc47cbc5,1,credit_card,1,63.10
"33331ca3a2e00e80d485324dd9d3b070",1,credit_card,1,83.11
"8a272395043f280e270091176b7f392d",1,boleto,1,98.95
"87e7ff710ee02d1ee56ad8d47834fb89",1,boleto,1,40.15
b7fd5d833fed053c23020ca5b793e6de,1,credit_card,4,45.00
"4412edc425c04a3e8eede540f84ecf85",1,credit_card,1,84.14
"17f6822b66a6bb2281a02c2c906336a8",1,credit_card,2,51.22
bfd664f7724709fb7bfbb33308a64ccd,1,credit_card,7,180.50
"20abfea01c11807c1338e40792ca2db0",1,credit_card,6,61.58
"80d272bb80e9d81f0868fae8f7848081",1,credit_card,10,931.80
"2f8dfe00cfcef172846d190906469686",1,boleto,1,102.23
"77d9489f6394fff407ce6a4ab64957be",1,credit_card,2,153.73
"747517fa441ebfa91a5cd254702353ed",1,boleto,1,93.12
"255e207e77964616c3c1ede4741a13fa",1,boleto,1,74.58
ded72e12bc0d3247a41683e7d9288fa0,1,credit_card,4,71.14
d0a13158f5857572b99f8f9c6be9cfa5,1,credit_card,1,40.53
"6c9c946ae6eb5b5c312bf3b325f4e25c",1,credit_card,10,162.25
b6ffbe0f186440d5aadfeaff7e6ecf0f,1,credit_card,6,170.32
cf3a9fb2f3b7b0d71c3a8e59c01ad281,1,credit_card,10,620.44
b2bb080b6bc860118a246fd9b6fad6da,2,voucher,1,24.08
b9e59da979fffff5191bcc3345de9127,1,credit_card,2,26.78
c1f3674061e410426560d52e7bf096c3,1,credit_card,6,84.84
"66270801492d7434e9f5fe3a6ff89c37",1,credit_card,4,620.29
"2f3e2209a4db6baec6526ced407bbce9",1,credit_card,1,54.34
"3f698de643d49203acf6e773a09ff631",1,boleto,1,223.76
"4a44cc6468fbb1828cca8e10440a6ac9",1,credit_card,1,93.58
"9e3a37ffccf4190a8b497c3e563fd95e",1,credit_card,5,101.28
e9806eb26422c1a8b79d49a2c74e6f20,1,credit_card,5,283.42
"0975d77f1213304145f61b455a53792c",1,boleto,1,148.15
"0c71a69769943ff74326682f85d34be9",1,credit_card,1,102.37
"6ece547d00a145a6d65f564467f72d22",1,boleto,1,71.53
"7b43a2ef9231cfd5d2ed762899da24bd",1,credit_card,8,335.47
"7d10fbd6419baac0e13a8e73d3c69e38",1,credit_card,1,253.38
"37b92fc72372e93fa35d07f46b8f2421",1,credit_card,5,223.51
"17716d2598d1d7f7ed16fa9f05ab2f61",1,credit_card,4,47.05
"97f95535ada31d6fa853230e815ee4e3",1,credit_card,1,42.55
"615ae1b88a25a4ac47fbf55c9c847b6e",1,credit_card,8,84.64
eecc1b7c0a139c574d4f9f7e707bf083,1,boleto,1,81.89
bc36a6d118d0b05ade471f42c007f030,1,boleto,1,79.72
deb9ebf182337ea635032e7f0336b27c,1,credit_card,5,199.04
dd5e372b1df85452baaadbf338672c6e,1,boleto,1,78.19
"9f58353e16353e64bf57e32e6dae9e45",1,boleto,1,77.57
f12e512d4a25a3aef0acba13d8860fd1,1,credit_card,2,171.00
"58f999d3fc97ccaa6ce17d0488658cb5",1,credit_card,3,94.00
"9def7a5fa150d19b1aaa252828db8df9",1,credit_card,5,81.04
"54536bfd6c2b325ae1b6c94e14aef912",1,boleto,1,91.31
ed2ea4498bcd56d90d461a23fa47ac56,1,credit_card,4,40.86
"28ea88a8bad588a92fdc8933affa2d09",1,boleto,1,32.68
e88c89f6e503fc7445b55278cc926d47,1,boleto,1,32.38
a35b086d9dfac1991ee12dd08387c3df,1,credit_card,7,353.58
"45ca85d3a9ce8406d3291753acce966d",1,credit_card,1,78.64
"2141407f2e7978c2b3404404c6485515",1,debit_card,1,225.69
f2f994648283ef31bf69ae8b9109921c,1,credit_card,7,91.36
"8b1358b5d34e45d8a7a08698b494afee",1,credit_card,4,83.80
"346ad2942aeb4695a2e69faa2479aee7",1,credit_card,1,56.63
"5a0e97d0e542a67558fb34daa8038b33",1,credit_card,7,171.85
"95a93f965d3c6328db39978e83ffa115",1,credit_card,1,64.00
c23b694adb7d7d7438e6d33f3d6c8ce8,1,boleto,1,25.50
"0736d2c28616a3c87bb2f53f71c94575",1,credit_card,3,56.78
"42202323e8e5319c107e361d55ad0de6",1,credit_card,1,73.71
e5d223ea6296e491df65d5786ad215d2,1,credit_card,1,56.09
bc6a0c20c290fc74ba2c366c50477690,1,credit_card,2,209.32
ceea38b31a5a6c55d09d5c190aade249,1,credit_card,4,98.37
"39fa02e23ac8857769bdcdd496180f7c",1,credit_card,3,70.89
"719e22da3e43da1de99950cf31a4e013",1,credit_card,1,215.14
"2e00d902c42dd12ee7858aa92c7e7c1e",1,credit_card,2,118.13
"6911841c529c776ea6f1a5ae3b0912a6",1,boleto,1,111.62
"2cd690a78448d2d942353c66dd6f6064",2,voucher,1,100.00
"039ab3369f399f5a3ac25e99435a8251",1,boleto,1,89.99
bdd6b2438d59a554a92624258e321354,1,credit_card,4,91.66
"7f67aa0d55e12f8edd5ad5d2207e9504",1,credit_card,8,108.51
a6bf292dae65f520a1f47f4df440654a,1,credit_card,2,52.59
"1ccac023123acc23d8b0af4d3190069d",1,credit_card,5,755.89
c4cb147fbbbe5e1c9d10ebf2cf1501f9,1,credit_card,1,88.19
"036cec7829a9824855ee4c751a430313",1,boleto,1,37.38
f492adf6fc3491e8dc0076c2383e6afa,1,boleto,1,35.69
"36af952fa00b09aef1c4c6020442a819",1,credit_card,1,19.75
"7936c09acf7a92301c6878c605b23f87",1,credit_card,1,171.55
"471203d247e323c6eeb7ddbea92e69f4",1,credit_card,2,24.42
"87649d1e24dd22384132f1deb135940e",1,credit_card,2,183.94
f6dc27f458238a8916cdac32d9275d66,1,credit_card,2,29.66
"6705f845a3ac46ab9725d0bd82338450",1,boleto,1,90.05
"29e966309fac074840d242051d6a357b",1,voucher,1,74.28
"8c564f7121a056c75bc5a1357cc4c5aa",1,credit_card,2,118.01
e916d25bf69bed22eaf192830220fee3,1,credit_card,10,107.78
"7d57370d053b938c6dda99e5b72ad270",1,credit_card,3,70.72
"4c9030a09c44d1059676919ef4b11265",1,credit_card,1,89.88
e7938bd84b6b7a281bce96a5bc2340f8,1,credit_card,5,155.98
a1bf6f909b1f799e5b1f460e8a348ab2,1,boleto,1,86.15
"48e72584a72dfd3dcb2ed3a6c5ea07ce",1,credit_card,1,243.25
"46577915955882637e4399fae724c027",1,credit_card,8,80.73
"2825b66153661bc8d4d8c46d4dca0850",1,credit_card,5,54.37
"3efb7f6339ec54c071e9fa5feab78356",1,boleto,1,44.02
"30da30e2420a38c7c33ecfd37f3cbecc",1,credit_card,4,80.89
fd5f72be11f7a4426a3cc9778f643272,1,boleto,1,206.56
"34c419515123f11b048d07c0f8e4cf4c",1,boleto,1,248.86
"5e5530068f0392de72f1683629e5e8db",1,credit_card,4,209.71
"2741e16d029bedd26c95382328762047",1,credit_card,1,115.84
"6f8a93209c5ff8f0ce0ccb7b166c4624",1,credit_card,3,62.77
"08d9736edf0d305e722fce35c395b8f6",1,credit_card,5,107.81
"4982e9a98a9e8a3c5bba953450fbf51c",1,credit_card,3,43.09
"75d0f04960793ef74751b16941fc52e6",1,credit_card,2,115.59
"885a0c426d02dfb90c496f1c0a52e687",1,credit_card,1,534.10
ecbd8d5fbb12d972ba4a898ce0bd43d4,1,credit_card,2,62.91
"4623bbe84fc86655ac713dc181295a28",1,boleto,1,218.27
"33f3b890664d602ed67bad1fbc454474",1,credit_card,10,839.88
bf4072fdc2122c74befd6df427938cab,1,credit_card,6,235.27
"1c82977a662054f8170766914b02e7ca",1,credit_card,1,33.09
c528ee5dbc3b0873c3eb1a25c860fd97,1,voucher,1,210.22
efd2fcff6bef918e8a4ad7bb4c829acf,1,boleto,1,70.66
"39b19f40d2c5ecd4faa3f5d15eec8163",1,boleto,1,59.22
"862811aea831afcc63f6155283f1a922",1,credit_card,3,92.62
f65abc0b3f3401b14505a57fb6113cf1,1,credit_card,3,98.79
"736813b41544d3ca0ed5d508802f4ca1",1,credit_card,1,77.57
c770a2c821be1649e3bff529f0e97b7d,1,credit_card,1,37.60
b18b5fde5616ba3978e71483cf648a26,1,credit_card,2,77.50
"1511a49e1c1fda8e27cee1de2b51706c",1,credit_card,2,27.00
"4bb8dec0d926428f71818fb88451c2e6",1,credit_card,1,108.20
"3b20452d7bba8f668a7d4a3d67cd7493",1,credit_card,4,127.90
"005b49de51a4e006055e8487a50ad8e4",1,credit_card,4,61.38
"1d7ecc45a3c802b704268c826150ba9b",1,credit_card,1,39.10
a77c3672ed91bcc07448d37cfa69926c,1,credit_card,1,107.78
ede6a833580744e002b0ee65323a3006,1,credit_card,2,237.60
b8adb375ae50156f70a940103fc0f4f9,1,credit_card,5,94.12
"576fed147504338aa428f01cb08ab5a4",1,boleto,1,36.86
"1f5eb429cb345e7810b590b3f5de88ab",1,credit_card,3,188.47
"5add1b45cd9bc70f43535f349cfed8ce",1,credit_card,2,368.75
"8c27da2e91c92bdf51f131d0d24d9af7",1,credit_card,1,107.04
f9b70a12018e8fc54ff01781ea794a6b,1,credit_card,3,167.29
b3abe697965039908d3203cd063a2ce6,1,credit_card,1,57.60
"1f38d4b0b64e26e3aa96c3e8a4afe95e",1,credit_card,3,163.02
ac57a5e116e95f1b04e07e0b57a5f6f5,1,credit_card,5,250.70
"4d7ca3591e5dc730ad4e00085ebe11c6",1,credit_card,1,66.05
"5041274e6fb755ecb3f38d5285c396b2",1,credit_card,4,199.39
f8a8d05d951ce7e359dfd0c67f1de017,10,voucher,1,0.17
bfecda2be7a503224f13234cb08be8b1,1,credit_card,5,141.23
"69b3f018d682534a4f1d07ff49042957",1,credit_card,2,75.08
"4c3056fe40ffbc21a0f047320bf17cd1",1,credit_card,10,209.74
d4d8638eaddca23adbfdd1b383a5f15b,2,voucher,1,28.32
"9b284089759cd14dac2d44b34b985990",1,boleto,1,211.82
"41fd531c328f5d4a978b612a04dc576b",1,credit_card,2,114.19
aa9807c58e870fca0fbe582723264ed8,1,credit_card,2,129.32
"1155f1a9dc077b5131ec32d2c78e4de7",1,credit_card,6,143.12
"424eeeaff348acfc04a2d06b6500cd5b",1,credit_card,6,64.10
"6bba30c18651e627c4ee8c24fb04d41c",1,credit_card,4,251.07
"5b3e6244d63f344c1ec9663776e1ca97",1,credit_card,4,46.69
dc771d8720de3625596eb0b0fa043528,1,credit_card,2,127.01
b1290930402d6e29a52dbd6efcab1c3e,1,credit_card,1,2.86
f1bacd724876b18375e9d4b7426ccc0c,1,credit_card,2,75.79
"1e34943faee67957ebdc93ece5a8f906",1,credit_card,1,419.03
"400c0de4caec4b78416fe5a3c094425f",1,boleto,1,39.10
"11535aefe39f2fd8ee398d7564d50cb4",1,credit_card,5,52.38
"548f7e02cb2bf6dd7bbb79cd51084ddd",1,credit_card,3,32.38
"7c4e92688bbdf813835ed157b4173928",1,credit_card,1,65.00
"501d53200cd395d34bc971566f4bbc74",1,credit_card,1,88.06
"26d821f4e6c14dc9a3b4cf118c806fbd",1,credit_card,10,378.05
"07f6d8849f66cadda64c15cea9a6c321",1,boleto,1,40.09
"272edf81c6d2434e61f4e15520a0512e",1,credit_card,4,187.57
"951e4d60c61ab5e6589ece585e40311c",1,credit_card,4,575.69
f282ce44705a84bdcd2784a5c18ffefa,1,boleto,1,158.35
bf1956dea4fd9c8118a6553cf6dd375a,1,credit_card,3,94.43
da3b31201f3eb351160956d5aa12deb6,1,credit_card,4,167.32
e59d87da20589e83f7efa1ab9b393b4b,1,credit_card,1,67.50
ecfef517213c787b773d09056b717560,1,credit_card,3,124.42
"64ccc97757023bd10bf48bed7f1e14e3",1,credit_card,5,514.69
"578edeaef53420e1e319b2485b95be30",1,boleto,1,38.23
aafd725a98bce75b9d5c31adbe708cb7,1,boleto,1,108.77
"995c8dd1005727eb106998aab214e941",1,boleto,1,41.84
"66bd5293331e02863f2054bf659ed2be",1,credit_card,1,101.54
"96f2c3b92eb876c71d228377a641c6e2",1,credit_card,4,105.60
"091c0f9393510fe12cc5409a2601ff22",1,credit_card,4,83.87
aab255ef2ea7066420316c7ae7094fe2,1,credit_card,5,154.34
a3fd818adac1f20a4a2abdd98532932a,1,credit_card,1,105.50
"9ac8e7603c11157bde10d9121494b593",1,credit_card,1,128.87
"37b2da18eede8674ecc05302ebb6e32b",1,boleto,1,238.34
"1ab4c41692b49393c880bd70c3cbc09c",1,boleto,1,26.39
effbfd427fc518944d214380e421a4de,1,credit_card,1,73.19
"7ed1923ef9c8ce180035acd26a2d8eae",1,credit_card,1,99.11
"1b8229f528e0e8f6366e483d7407932c",1,credit_card,3,125.16
"2bc6b2e1b00cb3b80c0386a7cc089210",1,credit_card,2,102.85
"17fe101451195e941a90b55aa9cf2e48",1,credit_card,2,277.80
"7d7f3cbab666fd1e2f103d28b2c9bc64",1,credit_card,10,757.94
c9b2447b34e74d4e83900fb91dec3e56,1,credit_card,2,359.67
"1330f512f9acd289580909d5b7d1160d",1,credit_card,1,107.22
"0804701eb9f74ec349c0b1dce5a83df7",1,credit_card,1,54.58
"4cbe8de031dbae0b80286a23fdc1cf91",1,credit_card,4,47.84
"31d9a6982f9690f7618f0a5d647504b0",1,credit_card,1,185.29
faa01b7a24d0ba51d0d0ec652cd9b745,1,boleto,1,69.13
ad6162000c72729addfa515bacd820a5,1,credit_card,2,249.04
"58385f20ce70cfb92449b879d4d0d08f",1,credit_card,2,27.86
"79c05a5c6f400fdbdc0de8fdf288f22a",1,credit_card,5,236.71
"7dd829472da0fa5d56b7eb94ec5be1b1",1,credit_card,2,127.15
e789b08c3fb5797b52856358c169f9c8,1,boleto,1,31.05
"0ea5fe49c67efb820d76f32ac29817c8",1,credit_card,1,60.22
"3d7d60b10ba4b43cf6f6d5df2e933f67",1,voucher,1,3.02
"4c867c2aac81653679eff07e922441a0",1,credit_card,1,38.36
"22e737b729bfdec35e6fcbc9bbc518e0",1,boleto,1,144.49
"367d9f6d184cf1d060d92bdc71810d2e",1,credit_card,3,333.76
b9075978138552299e67a2f2c430b75b,1,credit_card,6,381.90
"83be28237d62524f82d47b7e4e8759ec",1,credit_card,2,129.05
dec8f082d09a6365bc6ea5a9eb542827,1,boleto,1,60.85
"7989e2c3bb311324f824d365b87fa0cf",1,boleto,1,83.56
"8734de190473a38f024d7d620012510b",1,credit_card,4,192.81
"8fa3ca81ea5bfd6524490d91832821b1",1,credit_card,1,45.34
"7141a7eee8944cb711fa1fd4f76300bc",1,credit_card,4,243.56
"32c18d30cd806e094dffaa4a7c4c0c7e",1,credit_card,1,49.27
"3dedd60b79ed5b4e116046e2486fd329",1,credit_card,6,300.49
dc8c9fb3edc11055d2fa5198744dff2b,1,boleto,1,199.00
c95614cc539582d4d37f7effd5aa7375,1,boleto,1,238.41
c8bd36bd6778fcfa84172bf2b466c0d4,1,credit_card,6,131.49
"1e1f2f647008bb63f8fb6cfe18d64467",1,boleto,1,289.34
"203f106e5b8bad1587426f019709014a",1,credit_card,5,89.56
"5d0f727a08483d015171b66aca1fcb3b",1,credit_card,1,56.10
b84385348baedce597620569ed44593e,1,credit_card,1,199.60
bc4bfcffb1b6e4942fa9e911883e6c98,1,credit_card,1,61.75
"2b0fac8016e16d2f605fcaf2c3a8db95",1,credit_card,1,271.86
ae938042ee33a2f3048cb2e4d25f9bb8,3,voucher,1,43.05
"41159ff064a2cebfc663d0eda2a35d32",1,boleto,1,52.93
"48d0129c92992c4ee4c6b7b034c63336",1,credit_card,4,58.53
"60e87cace48a50a9c3524841a75ec0dd",1,boleto,1,125.53
"5ef2b9c9a5e997664dcaacc5fa769e07",1,boleto,1,181.26
"600de99ec627d5804e89a86f8bde241d",1,credit_card,9,465.23
"2a8d909d2c102155c7ce2c9a24769447",1,credit_card,4,404.04
"38df543e1956e91a0b4ee89c4a49dbf3",1,credit_card,1,138.81
"46afec49491e4385870de60c96bc956e",1,credit_card,1,119.08
"74df7f96ed0e23d9290b02f3534eb597",1,credit_card,3,346.40
"4fc1fb51c00a593d698708ba797bf73c",1,debit_card,1,355.29
c3b3b91815037977b255690978788e1a,1,credit_card,1,77.65
d9bb9c8f757345967c226128c96bee43,1,credit_card,1,44.48
"92576d1a063e02c36301ba8edac515f8",1,credit_card,3,121.38
e51a8e1d0f0a0cc6eae0b605b53cf9ed,1,credit_card,2,131.01
d96d7f559007441c85e5bb679bca0feb,1,credit_card,5,125.64
"04fb47576993a3cb0c12d4b25eab6e4e",1,credit_card,3,301.67
d9ef01ac2f68b2c46dd0440941e6e70c,1,credit_card,1,28.00
"82d8553c3dd123ec5e37807edc69fc76",1,boleto,1,76.89
"2491bbd54035d1c304dff79defaf8956",1,credit_card,1,137.09
e487ce7714f24d747f3a5fd3adb68273,1,boleto,1,184.92
cf942f6450b43eb334f0e34e792d12a7,1,credit_card,6,136.30
"4b6dab58b94da37d3bc2cce416a43f63",1,credit_card,2,112.92
"86ec1d0936a3bf98ae768319835014be",1,credit_card,7,244.31
"64b6860d0ff4339bec73a08ed44a99f2",1,credit_card,1,58.62
"2c007d9ae26859112a7d67f993163e5a",1,credit_card,5,112.61
"4093476253605c646eadca91a226a6f3",1,credit_card,2,199.14
ebb5e749c1cd84b16d8628c9668d7282,1,credit_card,1,21.43
"5a8a7f4c51588126be426fa3d099b828",1,credit_card,1,203.91
cfbf483c7d7176367a983006d36de1f9,1,credit_card,10,124.01
"8f1891d25496da49ea3156de28e8b417",1,boleto,1,106.78
"02ed129a369c56d40549270ac5900864",1,credit_card,3,153.31
e0ed91e2a699499df74df781f551bee5,1,credit_card,3,109.83
"0cf51cb385fece307e53a5c7ec808896",1,boleto,1,255.42
c092e9c7bbaf416a8c58147e55fe03fb,1,credit_card,10,154.32
"3765a79496712d9bb7eea316cc9ff2c9",1,credit_card,2,416.96
"2dd6d2ec74e7e4413fd8a04bf7ac124f",1,boleto,1,66.18
"778d6f8f92b218606a82dc5d2f5221e2",1,credit_card,10,468.42
"553ca0a1ff1834f49d15d77ac8d08ca8",1,credit_card,4,123.18
"169702628c1e366110072edf38460701",1,credit_card,1,82.62
e1b48b01eb486d47705936a03aa93911,1,boleto,1,51.13
d8ebb54dcd784b3c09814072db8e36d9,1,credit_card,3,235.06
c893d855b41d9ebc443d3addef1755b0,1,credit_card,1,93.22
e9218bd99902f989cd719d7fd0c97e8f,1,credit_card,1,66.66
bb07a1c8ba165fbdb4a5387b0489ceec,1,credit_card,4,102.03
"6f46d42016226f77893ed3978d6903d0",1,credit_card,2,43.00
"1c55aa51edc71bb7071a9a1e32b9caab",1,credit_card,1,130.07
"6a18a1eddac5656cac7e8bc4f06562c2",1,credit_card,1,28.75
"2eb884a2a91fe36d4c1690353ecd3410",1,credit_card,4,42.77
"162475e808583e34c8306484480badb8",1,credit_card,10,672.37
bc0198f5ae1390929c3106becf240aae,1,credit_card,9,178.00
efd869b2d51d2fdbbe6cedadb9772d87,1,credit_card,4,144.57
de969b697705a8e3239d2f760c644c8a,1,credit_card,1,65.70
a1ea75ae7c9c7bb3f5b51a9ee910de31,1,boleto,1,58.09
"83d4cdc8d1407f164545f19c29fda95f",1,boleto,1,153.20
fad32fa5c9e17b0d55a6afb8e54bfbfa,1,credit_card,6,309.99
"152575943eb3ac19455e0e1a13e3d1cb",1,credit_card,5,143.49
afcfdb7d1228a7f2886408f63eaa2647,1,credit_card,1,78.62
ca17ff805d3509fc245f7b04f0db93bb,1,credit_card,3,186.85
"44189362b3e194ad2769caf5cb94b8d8",1,credit_card,1,42.00
"98b4d7416936a07ca82851907fb3c63b",1,credit_card,2,53.06
"8f66c7fa9b811026d696fc619becd5df",1,boleto,1,102.92
"7a9e6773c0d71852e2a6d24a2101646f",1,credit_card,1,193.40
"38049f7cb174ee5bf87607cb18f68f7c",1,credit_card,3,92.50
a82e51ce2f7042d9be38b0cee1764b46,1,credit_card,2,23.78
"788688f686c6ef04e7eb60e4ba103ffd",1,boleto,1,273.06
"67fa9997945e53898352ceff7d7b37a6",1,voucher,1,20.00
"8a0ff8191c4dd240e18114ec66889ec5",1,credit_card,1,166.81
c905910185bc1f8e9c3617ee560770d8,1,credit_card,3,32.33
f8b9e2dd99eccea8ac036c6a02afafa0,1,credit_card,5,274.90
d57ee317a5cd7f23d06b203ebdc2621f,1,credit_card,1,73.34
f321507959f5d110b06985b282a5ea6e,1,credit_card,10,608.88
fd5b6be23bf746374e6d9d5f5ece3fd1,1,credit_card,2,161.27
"02564f320004c61ebf621191f06365a9",1,credit_card,1,37.75
d05d5881240a2b6f02e90a83bddc85cd,1,debit_card,1,30.41
fab554de6022bbe68f2e742d63440861,1,credit_card,6,143.02
c2ea797d51d65bf537180b09a90a8e6b,1,credit_card,1,33.23
"7aa518be998a5e4ae20ebc594ddc96e0",1,credit_card,8,368.92
"7923b147e6c1c8ffca005ad49e4a4c5b",1,credit_card,1,164.70
a17d59822796f1d50132863fd085f109,1,boleto,1,55.00
"0d82bda1c67bfa6b3926bcbeb8177932",1,credit_card,1,41.00
fe92769bd4a74d953a29a3878ef19b9a,1,credit_card,4,138.96
"1ad47582d931ff1f07ced9a9856a2b1a",1,credit_card,1,91.16
fb5ae559d53a2c9ad1f34f3b98085457,1,credit_card,1,59.04
"8f63d71ea8a3f42d0bec26ef31cab14b",1,credit_card,4,44.75
"0f30693cac68f8597594c35a1dc38a8e",1,credit_card,1,83.13
e26281cd7bdd68b44161fd215f4be0cc,1,credit_card,4,322.68
"4854af5348bb406f4929fbe225112925",1,boleto,1,48.17
"71b3388a645d70dc5468b10c82ead696",1,credit_card,2,139.71
"3cdd33ec05cf28374828827789437fc3",1,credit_card,7,92.90
"41a164c8a106bd1bd634b33340f2199f",1,credit_card,4,117.00
"7e6c86f2c78f3ccb8f18fdace19f0fc9",1,credit_card,8,713.70
"768af91be1cb476b3377ca5adf097203",1,credit_card,1,104.59
"46c99067d2014deb825b963f5acc76da",1,boleto,1,213.79
ddd05f07be2e7c5c7f191e06bb0fbc70,1,credit_card,1,65.53
"85a4233c3f96bae6e9b2c58d48101b0a",1,boleto,1,140.49
"7a06f1e596e63eac60cd9f3085ea501f",1,credit_card,1,67.89
"7b2224d2541bc6874a3767724399a203",1,credit_card,2,144.56
"7146319717f24eb88c15ca3936b570e4",1,credit_card,3,88.90
"7428195653ad7e05d37c801977ea152b",1,credit_card,3,179.76
"330e2bf62773e756f26a7b39ca758c08",1,credit_card,8,162.90
a7ce807c242d5d6683434cd39443e89f,1,credit_card,10,801.49
"86b37610c0e86e94afe3d5ba4b73fa14",1,boleto,1,161.30
"707b67c6036569d9eba912e2c8609ee4",1,credit_card,8,103.02
d6e320ab3eb91f810c2a3296998bdcc8,2,voucher,1,42.04
"7e3f4cf36fc0f5c5b678d1df4acccb8d",1,boleto,1,63.11
f006810a786871fd371a14d0370e88b1,1,boleto,1,126.37
"4da1780a79ddb7340ed2081b6c035d2d",1,credit_card,9,463.77
"334020252534196b67dbda2c892932e1",1,boleto,1,52.27
daed9e78d8caf060ecb46125d167dc67,1,credit_card,1,33.87
a698966a44dec5eb80ac9c132b5d2a53,1,credit_card,9,98.56
"9c54a1816e487456bb7eb5082b9823ff",5,voucher,1,9.37
b7b95a33401e50caf4f570d95d028d6d,1,boleto,1,202.06
f73057ef32b68991b54f0ec78f235b90,1,credit_card,8,86.64
"46241543fb0948c859ab3d20fa55f06c",1,boleto,1,192.30
"85b7fb0f1d1623de1a0d5dc4c4ca6879",1,credit_card,2,25.38
e9613fa6e02ff8ae45f37ca30b0468a1,2,voucher,1,250.00
b42f9f6975edddad84e94f20bfd44a70,1,credit_card,1,524.24
"640aef9709beda161ca0b5af58ac437c",1,boleto,1,286.55
"2ab3b248aae3f6dc906f0192aadb5ecf",1,credit_card,10,103.59
c3e2a651c8f9d7a02054e2e37e977c1e,2,voucher,1,19.12
"71038e0d9a6cdb865f447e4609420028",1,credit_card,6,165.52
e7e735358f151cb9a27b67b559cb1402,1,boleto,1,278.41
"2391d80f2ab2e4c4cc2ddd489c5ce8ea",1,credit_card,3,465.99
"2213bee227bfb36c66ea52bfb3bc233a",1,boleto,1,46.22
e11884595cc1ab95ac7a14344bc412d6,1,credit_card,2,45.00
"83af889aa8c573153bd3ac6aaf47f1b6",1,credit_card,1,69.97
d12750a4a29395c6d1cd3a83992f1e16,1,boleto,1,212.83
c25b7410c11056133dd5908057f4ce6a,1,credit_card,6,321.58
"756c0f17f43e6ff72973bfcbf12b37ed",1,credit_card,3,50.85
b62df733c346ba610dc254225ac7fd33,1,credit_card,3,77.68
"8e9fbb6ae194c4576ae39436916dcb1f",1,credit_card,2,64.14
db6bbd5bd39d674b8778df50982d00de,1,credit_card,10,459.34
"2ac76d681b26fb9a0bacc88b2e532430",1,credit_card,1,270.57
"9260673a73f65b3c54fdca21a92183fd",1,credit_card,4,103.55
"7bc7165d19e5d485ac75504e52904be2",1,boleto,1,105.37
bde06a769a934fd5e54ef3a8019a4e72,1,credit_card,2,243.71
df2fc7ba1ed5d8b9defb1d67ded57fb5,1,boleto,1,22.72
e19a5e9d32cf69f1a9dbb6422bde3623,1,boleto,1,125.94
"67bb62ec6f396662e56bcb9d61f09b57",1,credit_card,1,70.97
b1069dbe8202837514af3badecb431ab,1,credit_card,2,34.86
e470d790c06fa65f0a02de3477502952,1,boleto,1,136.31
"522a5e4ad2f2d51be25ae597da2b8197",1,credit_card,2,168.06
"13d38ae5c379157b139b2bef4a906c7a",1,boleto,1,121.64
c94206a6d6698d5852b7e9e14bdc2e79,1,credit_card,1,37.36
e366de923b3124ee9d65c685b8ea802a,1,credit_card,1,137.60
e1f37ead3c565a7f54eead433530c790,1,boleto,1,28.28
"90467018c3455604e089b61ff1819d6c",1,credit_card,2,143.32
"24e69f36003ec9ad845a8490993c57cd",1,credit_card,4,81.21
d23c618df1f506da61c7cacac0ea489d,1,credit_card,2,72.14
"43d3cc829a59f03af73f2a7fc9542ee6",1,credit_card,10,292.98
"48d545666a0d9303e1ef851ae9465976",1,credit_card,1,197.58
c064d2ccc74eafa9f92b6e742708b48c,1,credit_card,2,96.26
"76098ff18bad7555c2d85340e82b8941",1,credit_card,3,37.31
e9b32bb640bc64f9721e699a66fbaa25,1,boleto,1,92.15
d1f065890107e588fc08c57d20610f6b,1,boleto,1,374.10
"208f886949aabb97ed60c2f51a74717b",1,credit_card,3,168.03
"6c2208178d59f2c0518261028373f5fd",1,credit_card,8,332.25
"04c3f7aeb511208363bae893105bd410",1,credit_card,1,141.79
b40cc054a1791acddb6215a0472b5a81,1,credit_card,8,328.15
"15575c6a363e9f5da19a7b7f364976a1",1,credit_card,2,137.28
fb9e94685fede37314f883d0bb0c2561,1,credit_card,8,89.29
"0f914d0786d04db3fe3dfb23cfe60aeb",1,credit_card,1,87.64
f6ffb29c9fc11f94687426f77bfb45b4,1,credit_card,1,14.29
"5de040d350e26c7749947b1e0ed125b5",1,credit_card,3,60.45
c2abe874b6f1922459cfee827c8f02f8,1,credit_card,6,82.57
"9b8e74aa515dafc41a1485ea61c6c3bc",1,credit_card,5,125.97
"077d6b93c4e88d06b124cf24fb67a28e",3,voucher,1,10.32
c55364dc936b3bcc92b2243e35dd52d4,1,credit_card,8,371.59
"18b32669d9e5cbe2038b8080829a2c1f",1,boleto,1,128.85
"1ab55c7db816b2ab39b5b324a22f4251",1,credit_card,1,35.38
"42dd28e31692200f58f7ab447d6c8eae",1,credit_card,1,136.08
"91990b363df359a26a2609a3c414097f",1,credit_card,1,117.08
dc2098287a90d976b893165c71dfa020,1,credit_card,2,42.67
"83e24dbe6e1a79765dd6f8b91066ed00",1,credit_card,1,39.28
"5b8bf01eefd098550791440d7ffc90cc",1,credit_card,1,29.50
"3ce4038922670fead496aeae61a8a393",1,boleto,1,19.62
"8f7075f9808a783f9794cf5f7e1860d5",1,credit_card,1,125.20
deb53c75e6fc731052963598e2553698,1,credit_card,1,88.50
"13bd28c9fb3f72368af23530f1231cb2",1,credit_card,1,183.00
f498aab8c4d72194623c6dcdb2561b3c,1,credit_card,5,144.78
c41ae768eca38cee8484b87c1d36825d,1,credit_card,1,189.37
"9b7aee2b156bb9edca9034462053c87c",1,credit_card,1,62.39
ef160b1ef2464ef2521274c790ee0cef,1,credit_card,4,382.62
"191988c24e4be4ee259d26b443408e3f",1,credit_card,1,14.52
e5cf005255a551709fd938c0c57e3d6a,1,credit_card,6,418.58
f9085be14df218456107ebc51fbe4cfe,1,credit_card,1,179.00
bddeec8b20313e26adb47e0293e54a7d,1,credit_card,1,68.38
c73f0fc8ad02cddf8637371612f5bac3,1,credit_card,13,133.34
"09c530d73b3f36bbcd4d3b2268abfe12",1,credit_card,1,42.41
c0d98bbbc820c00ab877fbb053b1e517,2,voucher,1,63.41
a770d40cdf2c021395ec08fc745da209,1,boleto,1,118.66
f5534d6b1d3258a7ffec513deeeade95,1,credit_card,1,69.64
"9035f15a94295b635575a49041ea406a",1,credit_card,4,168.75
"01ad4f241a16bff724de081b558f0f4d",1,credit_card,1,327.28
"1ea9316ca3e32cfa3173f812c09245aa",1,credit_card,3,72.64
dc39e9b4bbe970588456c5547324593e,1,credit_card,3,120.59
"64a0f964b7b91b348c6cf4d3e2deb256",1,credit_card,1,171.22
dbc3ca1d6537663640e36dc83a097a68,1,credit_card,1,67.62
"0e4fb9a4cd0c097933625d17613d1191",1,credit_card,10,222.67
fbe3a31675cc6b48eff1c765ae6bfb06,1,credit_card,6,126.67
de1c6db658e84e0ba847b2c1bc857bb5,2,debit_card,1,119.54
"4caaf61b274c02f48a293f31001a0c01",1,credit_card,8,186.94
"1710c56069303e33d5014ad19ff1d402",1,credit_card,2,59.60
"610da347c1ec97cef18a2720c7ccc74f",1,credit_card,2,28.10
"4aae1a10a22651fe5b76379eb4b34d12",1,credit_card,1,136.32
"35a837720015a5cf47f5ff1f1f3a898a",1,credit_card,2,76.02
"866486663ab80949d218d95f36137006",1,credit_card,8,334.98
"1465a7b4d155c2736d2e73c53d7f0441",1,boleto,1,36.78
b09c70ad14e8113f2aabaee95aff25fb,1,credit_card,1,35.00
"4d11452ff6c06fef98b89c5f6512ef51",1,credit_card,12,128.17
"473ab4c505ede7fd6b8de460fb374905",1,credit_card,1,47.13
"2fdf8b4961bb0577225d66f6b7c19d52",1,credit_card,3,158.30
e627df2790ff5b0e7b40e85f8b0d9d32,1,credit_card,2,27.98
e133484bb56ab62cab0d3f31517d28be,1,credit_card,1,139.03
"0108c64ec135e4a7a75e9b5102af9bfa",1,boleto,1,193.53
"9e6491dcf30125187adc8a3b5b5a571b",1,boleto,1,118.93
"510c6acb378271d88724c354faf156e1",1,credit_card,2,137.53
f0107a10578d0418c07ddd6bbec0f94c,1,credit_card,5,53.98
f23cbffef931c76fb5231f8b292d457d,1,credit_card,7,76.98
"5fa3b6744c7d556116187d18de357c43",1,boleto,1,334.05
d885635e019669c17658a0f898cf7dd6,2,voucher,1,55.05
"2629f879b3928da2cbad95a46fa904ac",1,credit_card,6,114.34
ac8a7a5a2eb68fd70147207a05c5e9d9,1,boleto,1,107.05
"24bfe29693d0dbabd5e08b3b3bf1064c",1,credit_card,6,221.19
e22127be7a5664250637f87a4d12410c,1,credit_card,4,159.14
"0e5d9583490deb1e011b1c8e7da13398",1,credit_card,4,328.17
f4e86d12ddc6d795b86817623a9de164,1,credit_card,4,94.30
ba90ea1608e340fb0e265ea62c4a981f,1,credit_card,3,119.50
"08933455a78346ec6d1d170ddd9bdb3c",1,boleto,1,37.77
"64478c0495ed9d0c628e8cfa896b83f7",1,boleto,1,104.37
"212600c8b1f201e8bc92880516652523",1,credit_card,2,73.66
"9dd2fd0bc65b8d4b92ff4ab91cab5b28",1,credit_card,1,150.39
"1cee73866d7513dbc499639d14020ce4",1,credit_card,1,61.75
aeb42a43f79770a6814d16704d4e1f58,1,credit_card,6,187.10
"03f3b08f9da8df7604b68b2fd5999e9a",1,credit_card,6,106.99
"893164a028d4c803fb8a597327b48488",1,credit_card,2,195.00
"6d15ab11184942cfb824b1946fc00aee",1,credit_card,1,57.76
f380f2af4b81c39da36a06a133dd12c8,1,credit_card,8,187.10
"1d8b58e12a51c08f45de4c281a7e4ff8",1,boleto,1,37.00
"652feb1d4ad368d93e848e3e211445e1",1,credit_card,4,100.35
"4d12305ed1d71e4e1dece5e358a92d15",1,credit_card,6,127.92
de6ea8b619d37e5f86f1566fb3136a15,1,credit_card,1,139.04
c84cb424afdb4c6b771f39743b3716e0,1,boleto,1,54.46
"12246bc7c8c246d8294f4f6a04efc60e",1,boleto,1,68.62
"5ea5b3c7c3a5213309b07f654f1fc416",1,boleto,1,115.70
ea440eac95a801c80784b5105a5e4a9f,1,credit_card,6,69.49
"53d6ff29496a8aec64f36ab9a4691d77",1,credit_card,2,72.58
"3330237b82c090facd2fb2ee38256be5",1,credit_card,4,213.16
cef8a99d7dd7e35db1b3211b258b6550,1,credit_card,2,57.58
ce2fb547113cbecb9d645891bdb70c66,1,boleto,1,99.90
e7adaca753bdafdfdee9f2ecc2effd33,1,credit_card,1,237.24
"756a455615f1d5b5c586b29c2ba67a89",1,credit_card,3,31.10
"9b868eea4222da7b3b56036ba3412cdc",1,credit_card,10,265.73
"56de0edb4db33436ad3f4548267afdb7",1,credit_card,1,108.51
b83450671810452724ca09dc5f0c6760,1,credit_card,10,671.70
"3ad3f75989908136712eba79927a805c",1,credit_card,4,158.07
cf0e7f7b96ea1d2939d084ae7b99f10a,1,credit_card,1,764.52
"10d9e0700d28a9c502e7d81473bb2224",1,credit_card,1,46.35
b494f624c631105b24fe497277085909,1,credit_card,3,72.18
"8d64e424b042f023526817b2f765a442",1,credit_card,3,208.64
f39e2e45839475f6c0afc38589749f69,1,credit_card,1,408.99
"525e92612e912b7ee6e24ae17bb4a79f",1,credit_card,2,235.81
d5b95703830a61c73251a8a3dcdb9772,1,credit_card,3,218.55
"0dccb365ad960364b43a228ff6cebd3b",1,boleto,1,91.86
d4f0a2e6724782ffec52257b637dc928,1,credit_card,1,43.62
"6e839a316ec11c925e803dbcf1d8210a",1,credit_card,1,85.01
"193a665b822ac18f6b67b7705da3d66c",1,credit_card,2,216.45
"22ae8ab3dfa3ebdf917e692ac6c0348a",1,boleto,1,45.55
"69480e1078841dadad7c1daa54407ad6",1,boleto,1,74.97
b0c677ad0ea26bc5e9e3fd85bf05c9c3,1,credit_card,2,114.14
"34a6104e0b5f529ec680406b6d8ba4ce",1,boleto,1,41.79
"5cfc24193d53d6dc86c639606c31b5f6",1,credit_card,3,139.98
"7a7afad8caa7dffdb8773430c8fab7ea",1,boleto,1,168.10
"01c156f67900e1f33d1234ce92cb18d9",1,credit_card,3,31.70
d7b2d3b902441cf3dd12cd125533217d,1,credit_card,8,107.78
"4d40fda96f0b038987f7fcfe84a83c56",1,credit_card,1,135.60
"3f156a4b06647bd900a87618d08a860e",1,credit_card,1,88.83
e2366f83c01269762e71b77254a6859c,1,boleto,1,217.06
"119a3c5bf983f0498c0c21c1aca734e0",1,credit_card,1,123.80
"481108b01977381d1a999e86ca953938",1,credit_card,2,194.12
"58911a5b99a60d9f2f64485528c69a84",1,credit_card,1,135.50
"41dc44532d1b2b25698cd55dadb1b99b",1,credit_card,3,231.86
"4d8a2d9a0da9e6fc1c7bf59dfde5a697",1,credit_card,1,98.61
a92225110bfd8206a036f272ccf0fb1b,1,credit_card,3,67.23
a49c33d90902b75249013813637fbf1c,1,credit_card,10,416.55
cec31771f7be596e463066dab5db839f,1,credit_card,5,545.08
d8651642157a4517771c50eb1e699109,1,boleto,1,87.16
"1405c563a488ba7869c598deec085886",2,voucher,1,31.73
"30ebb82a012b4f82c32dda68a80a0622",1,voucher,1,99.70
"0f7aa32fdabc5a9e10d0e9da37110525",1,boleto,1,232.84
"5b67d5593db6802b11d266e3c4d0e0b1",1,credit_card,5,104.85
"76ccfd1f50385cff04dc3ba521500b47",1,credit_card,2,45.10
ec4f4f7e31b79905b7626cbbdf077813,1,credit_card,1,69.04
"03f4fbe820830f14931ffa4631cb0912",1,boleto,1,188.12
cca0f2f13b67b19407e3300a249bd506,1,credit_card,2,67.13
"93ba9cd515263a4aadac3d3822b5d83c",1,credit_card,10,1869.80
"1758ad531fb74f63e2ce97f1791a1325",1,boleto,1,143.89
"5fc25db83662b2660bd61440ba3ec9b8",1,credit_card,4,181.76
ad9ef6cf7c94c870248962223a776a42,1,boleto,1,90.55
"5cb2e7396780669f8f84f6c2fc3c52a4",1,credit_card,3,169.32
"7a944e7886782c8767505df5fcdc0604",1,credit_card,6,371.55
ff767a5901c39fba72b1b8eade30d691,1,credit_card,1,483.70
"63c9a278e2db31d8f1c92babe1b0ae5d",1,credit_card,2,29.51
"3aa52f9aeb048835809dc5310e883c6f",1,credit_card,10,207.27
"827b21495b95bc672dfaa1fd55d7025f",1,credit_card,2,46.69
cf5d7dcf1c4473152f3cf16bb9e6584f,1,credit_card,5,561.92
"08e4b9181951f803229ff26c157f5045",1,credit_card,2,89.70
"0c2c3c3a68e0c7184832879c6fe55a94",1,credit_card,1,33.69
"014f1e63f9bd4f5578edcf4e5c305a0a",1,credit_card,2,148.24
"894378426814574808980ee678a0ca73",1,credit_card,10,819.09
d6a90d67310c500286671d1aab32079f,1,credit_card,5,117.85
"06bb67936cfa5ac3f449e4f6733de4b1",2,voucher,1,20.00
"8a16ff3cd34e92ae56b0bdcb66dc56e3",1,credit_card,1,48.43
"2f2df159f26ddb73d55ee72372200d3e",1,credit_card,8,166.81
"61ec926d48941b3edbd4b5d4aaed5356",1,credit_card,3,33.51
fbae1b9dac9991f79b54655e26cbe64e,1,credit_card,8,863.75
"358a4d03ca7ff11e1005742a0fac54bf",1,boleto,1,53.85
"3f6da1442aba80bcf61179602dfab9ca",1,credit_card,3,97.12
"406e77234ec47031020fa6bf9507b59b",1,credit_card,10,465.11
c84e12372b525943bc1de0f837193aa1,1,boleto,1,63.83
"0b52695e8c759b22075c6937089c4158",1,boleto,1,17.39
"0f1297fc73dfe8ec236409616c39eba7",1,boleto,1,27.38
"71b725ecf0efc07cbfb6fbc0d5f894af",1,credit_card,2,108.42
"773e052382094f4af5d9a4a7be618971",1,credit_card,5,74.72
"775747dc325485aedc9970fb0eda8b86",1,credit_card,5,214.91
"7b689d6aafb025278c974ded9940fc31",1,credit_card,3,375.08
"7b5f89bc09d40a73b09b4724e2680fa2",1,credit_card,1,40.17
bbccdda00b2115d37f4f288e19d207b5,1,credit_card,4,104.70
"4f83feea808ce7b6c6b80576c4f82809",1,credit_card,10,163.69
"8777f25a50cd8f37e46fc4c8a222bad6",1,credit_card,3,266.89
"2787a8bf248d663260b0d2bb270a951f",1,boleto,1,469.71
"9e85d73b2a693e5b6dcf56ef2d00d181",1,credit_card,2,126.57
"527f95bc978265984802f8ef4ed9dd51",4,voucher,1,4.84
"52577f39f9f27644903361597585d367",1,boleto,1,249.03
"249cdd4e1dc4aa2c19a568ce182a7254",1,credit_card,10,1272.76
db0d1ecbd182db92c44e389118dbcbe7,1,boleto,1,99.18
"26d9a2f9a41aeeb0b0dd16ac2ca59225",1,boleto,1,209.46
"104d1e3a6ba2bf9d8856a54af9c6c681",1,credit_card,5,53.98
f67fabe20644d465a18a73680bc9b341,1,boleto,1,54.84
"19431fe913eb8d2bd34af4f9bbec2d44",1,credit_card,4,163.81
"6d3e1ebe9de0bbbaf627b66e8a5d71b2",1,credit_card,1,48.34
"626ba2cf9fa985ffe2bf41c0b1b12b4f",1,credit_card,4,44.00
"72d92e444e5ae71da33e1ca59fb9f8a8",1,boleto,1,19.33
"03c83b31dbc387f83f1b5579b53182fb",1,boleto,1,672.41
f8948d6c6224ac4eaedf26a77e5b09e8,1,credit_card,1,104.26
"560da5b17e4bf4f4a9eb6794a8d71eeb",1,credit_card,1,73.96
"3bb9b0ab151de6d32543f721e301d58b",1,credit_card,10,217.82
"618a183c0cfabdc0b2f2b4a5171cd605",1,credit_card,1,14.92
"8869ca127aad76b1ddd3e1c5ef82ebfe",1,boleto,1,49.70
fa516182d28f96f5f5c651026b0749ee,1,credit_card,1,209.41
"095e9e0811476409362d72fa70d73a6c",1,credit_card,2,99.01
"42402b96f1fc090bc35a2a5e8fcd3d36",1,credit_card,2,144.86
"9c3ec2b1090ff630e2ff9ef49f962734",1,credit_card,1,168.67
e9977cc6d0f97447ef0f4fcc2e082fc8,1,credit_card,1,85.15
ee76c8b8bd42ca7913d033a9dea1383f,1,credit_card,1,231.27
"92fe083783a81f62019d6dcce018a85f",1,boleto,1,112.49
"18c4a899f72e91da02c87e3242cfbe77",1,boleto,1,177.41
"54c4b0926f9b4aeb54164306d1374e8f",1,boleto,1,22.45
"4d63886c6803f7b71171fe305b93e3f1",1,credit_card,1,37.31
"54df475b621101259545a784f1bdfcf8",1,debit_card,1,111.20
"071516a72b8a838c15842568d1b995f9",1,credit_card,2,151.02
"0b1652557b7b9bf7c885236e4798dd91",1,credit_card,7,154.12
d242f228c4dd03301794ded8f02dce54,1,credit_card,8,196.13
"4e645edf6d8d91302d90770e9fbf1f91",1,credit_card,10,146.68
"09744659d8e64274cf91bb288d9c3aec",1,credit_card,3,428.80
abbd22e94f4b4ad624a8d362399d7c09,1,boleto,1,155.03
"72b02234375680d174bc9fecfb0fd9fe",1,credit_card,1,14.47
"2f90cbbae872c312d21619dbd02ab3a5",1,boleto,1,161.49
"18ddc3c409bd61beb6c3c455954278c0",1,credit_card,1,153.10
"0556fe7a6dbdc95276ba0513ee5f0471",1,voucher,1,77.57
"9af5f003f0da353f6c32a5c5e0c83b39",1,credit_card,2,353.31
"35bfea17ea4bd00955284e537d942995",1,credit_card,1,20.04
"6c6c1cd344b7aa200899204dec8c4a19",1,credit_card,2,39.32
ee322441ebc09f27527228ba13b2a9ba,1,credit_card,8,218.27
"8533497ec8830f25e8a90bcbe74563db",1,boleto,1,54.58
ee8315f5c0c889ea9b3d30b08964679a,1,credit_card,1,302.03
c5c439c95db69979fd8f66c6eec564e5,1,credit_card,3,112.94
"196023b0ecde715e3a41bd00ca208a9f",1,credit_card,1,57.16
"7f29d1dcde28ba1c61a2f92068efdb9d",1,credit_card,3,86.41
bba6a2e9b906e6d432207b56db6b1452,1,credit_card,2,87.64
b41c9972504c576d0aef689e13a2df12,1,boleto,1,38.11
"29182856a24c6eeb1d7b81ba1fe63190",7,voucher,1,8.10
"4cab646fdec6d36f60c2febb8a595b8e",1,credit_card,1,183.73
eb2d1fc632c7ad28095c6e9276422646,1,credit_card,1,26.88
"8193af9e3c0361af46d8c6665c838753",1,credit_card,2,45.50
cacbbea6c8fa8e5cf10021eab8a162d7,1,credit_card,1,96.96
"837b8d9b2e7afd344f8abfe25c899e7c",1,credit_card,5,54.05
aa61e95f95f3ec74b8a3b7c5c174c0c5,1,credit_card,4,400.66
d295fdedde1742dab056f335be894679,1,credit_card,6,67.28
"449fd66fb16ef36b8f48f9f1f6dfdd3d",1,boleto,1,204.22
ce4c50f30197a0330b034d27da7f5ed6,1,credit_card,3,161.27
"5ded6a13b2bbe76839104c57159463b3",1,credit_card,5,113.65
cf6d45bae6017043952a20f3457379fd,1,credit_card,1,13.87
"5dc269b7c4dce1624653e914a1b739f5",1,credit_card,2,88.23
"0c04a8d0583f8011fd121211aac94d05",1,credit_card,8,354.02
ae290dfa003291158e45547b06ee3251,1,boleto,1,38.13
"01af7745a283aeb0f0754495c4b51ac7",1,credit_card,3,499.69
"2ef410891d7032f34d90f6e7d1dc42b3",1,credit_card,1,101.70
f1460ccc2a627656b01d6b9301f66c5a,1,credit_card,10,257.46
cb3e2226cd8c8ec4f82c8ee841db52f4,1,boleto,1,37.36
"4584d6304fea8191d84facfb8370ef4e",1,debit_card,1,71.85
c41fcb90e5c4e310d014634135fb1279,1,boleto,1,474.40
"9acc06ae2e1207f5e808f38266a19328",1,credit_card,1,84.24
"5cb6969f0b3cd394de49463c4f4e4017",1,boleto,1,962.52
c01203d34db08658230babe21d2234c8,1,credit_card,1,53.88
aa207ae2ca98908eb855463f1b385a2f,1,debit_card,1,53.27
"0197416059c0e56b5344bf2188066317",1,credit_card,6,421.61
a17b0f920f100411c57496d41de7aa12,1,credit_card,2,83.72
"09fd9b0402ed675bbd1ee1e81171ac7c",1,credit_card,4,166.38
a6476259927be2539b760baec362ce92,1,credit_card,7,79.17
"28071571611dcdb56bb375c9d6ad3fab",1,credit_card,3,64.77
"430bd310105f069ac72ef7758f40299b",1,credit_card,6,317.85
b1efc100a3d0cb3de9c19987bff4766f,1,credit_card,3,159.65
bcb993ae0fa8c8f08fb79b6ec87df917,1,credit_card,7,72.42
"7e6c8e28ce48b444b6b6028f6aca5c72",1,credit_card,3,65.71
"62b66f90376b7b00fb2586ad81320f82",1,boleto,1,70.97
"1c34540e08aaa8566e32b53509f14ebb",1,credit_card,3,120.81
"4b6c735cae2db7ba05d5e51ea8693bc6",1,boleto,1,164.66
f489949dbe23cf9313deb342913ece0c,3,voucher,1,50.00
"146bde81f92815f59ed9c7d44d8335cd",2,voucher,1,2.18
d5d6d0cd7873ba2a68436791eb3816e3,1,credit_card,3,62.01
df10d0bdfbbb6fb8e810bc327037518d,1,credit_card,4,240.32
ceb35b18f6b84c1c75f02859ce3160d9,1,credit_card,1,87.52
abd313023a7b029da2e5e4b6a4e49095,1,credit_card,4,435.64
"10c2b05e3b425d09cb2a1fa7f08d701f",1,credit_card,2,225.23
"5cef0136de603dac5471ed33114164ed",1,boleto,1,42.51
"03ee63602079004d0098fecfc1d4cfe7",1,credit_card,4,80.20
e4e033a16cd8ed51faf3f16bc4d31156,1,credit_card,2,144.50
"897f61323b0f93ac1775c22e91889758",1,credit_card,1,369.60
ee1d764213dcddf5a39ca6107a6a0ca8,1,credit_card,6,273.55
fb441bffe443e71cb16477c4743591e8,1,credit_card,10,2626.07
ad50b3e99e09552a58e32f928d4c0ae2,1,credit_card,1,426.94
a6f396e6584d25c2b097d0dcd625f10f,1,voucher,1,176.09
"571ceb25e5db8f2493bdc932ae31e994",1,credit_card,1,43.09
"3298e7053c95993e6eb284ef3d254b49",1,credit_card,7,97.69
"7a6351ddca16a16c5ec71c79dfef9374",1,credit_card,3,88.72
"7589a45ee0f486fadca379c4e32425cc",1,boleto,1,132.30
f73de6a34a3027ae82efac7a6bb5318d,1,credit_card,1,1244.74
"1c31ab2a0da17fb7deea7714eb37847e",1,credit_card,3,72.83
"9228682487293a245fb99c6f6b82fa23",1,credit_card,5,136.30
"5ccb4a64fc9be1b3a80e261aef938115",1,credit_card,1,144.07
f70f315a383a7e0d4f253107b5b34173,1,credit_card,1,37.85
d662d012f313d50b0c2a39e6d4f88562,1,credit_card,6,227.76
"2c7f30a5aa9213081d9b5fd15877ebf9",1,credit_card,3,295.71
"1f5e41ca3a4a73a67d6ac937f4fe5422",1,credit_card,1,60.42
"8606d6c4cecb397228da8411e644a5bd",1,credit_card,10,525.61
e996a03662988d5ddce1d6bc5cfcde64,1,debit_card,1,101.01
ba4c51e2b3f76361019f66b1295f2593,1,credit_card,2,265.45
"8119174bd1dd63d869875de9844752a8",1,credit_card,2,56.63
e8b1509679b2b25a892ef27e75bf6ee2,1,debit_card,1,37.75
"67dd2e254ae2086f8356d17425d41e07",1,credit_card,3,176.26
"1bfb270ca4a727aa929151dd9c9bd955",1,credit_card,3,286.64
ba21298fdb05dad91b7b31f4b3b17364,1,boleto,1,376.40
c39b4b096477122be2548ca4b4462b21,1,credit_card,4,81.01
d76365196bbcbd01da5825472503cf32,1,credit_card,4,46.01
"676e8e8f2f7d4d644019e9aac8b76ef7",1,credit_card,2,173.88
a013a41ba6127d4d8f594d0340d7627d,1,boleto,1,438.18
"320f28931983137e4e8dbaa4c160c770",1,boleto,1,119.19
"9a2f7e3d9d90fc6b50f6f562541af986",1,credit_card,1,141.32
d75779e6c1a84594d2f0721948133e6e,1,credit_card,5,159.22
f68b53b6a15fc9a6fd5c86ec6a254a62,1,credit_card,3,124.42
"6471b260244ab316f8331321d689aff8",1,credit_card,9,186.49
"7fa75bfce88c324530041cb08a3ea734",1,credit_card,10,295.56
f203fbfc9805fb8324cc79559932f6be,1,boleto,1,70.89
a0eb4b1d3b5e4c29890291cc63a8eb20,1,boleto,1,32.09
e86dc64373eaaf9fc1d9d58bfce38f2f,1,credit_card,1,117.84
"915dc51399986dd386c9193f20cb54f5",1,credit_card,10,185.98
ed133fc7e5f6007c120fe3cf3743c7a2,1,credit_card,1,54.00
"39eb0a2c097fa14b378cc8a8005f4121",1,credit_card,2,101.64
fca69dd3e60777ea363bd9d95a9bc86b,1,credit_card,4,48.09
c4137876fee1440e24c08bb5921c0932,1,credit_card,3,85.08
"53b122ab361cdd253c61d8f63bdc2a75",1,credit_card,1,24.15
"72af4684a55d706d5e011f13870c0648",1,credit_card,1,46.86
"7634d13a219590375d843d1680c21e70",1,credit_card,1,80.86
b81fc2a4875952a72ef06b533847377e,1,credit_card,2,183.64
"7a10cbd9fd10b327d327b5efa5b57ad0",1,credit_card,1,35.13
"2c75c33f103e365438cc19a05d444b7f",1,boleto,1,27.95
a0b49a0330e926df75d422934cc90cf8,1,credit_card,2,281.96
e92b69e2e3106b4df04098d3f92d4c18,1,credit_card,10,101.73
"7eadf6b27280d4bfed6c3e1781b11247",1,voucher,1,36.84
e6c7749520fc49e6ede435a6996d5f0e,1,credit_card,6,1234.15
b5dd543f543e5ff34d1600de642c98bb,1,credit_card,4,119.55
f50c508e5c3935a9cb46f735e630d88a,1,credit_card,3,95.21
a9c6522843143edb2599748ae6aef2ea,1,credit_card,2,158.07
df9deeb3f35f5f1f50697012b7bab129,1,boleto,1,165.54
"3cbd4333ba67528bd122a8ad17b73821",1,boleto,1,72.70
"389301eaf2a20607b502d4e224ed1d4b",1,credit_card,4,100.34
d5c9d16cb39c145a934aac43316eb2a9,1,boleto,1,63.40
"27de05cb2f75e456b01b2bab56fd8844",1,credit_card,5,205.53
"3f13c6c8bb6e531e041cc02ecda5880b",1,credit_card,2,165.57
ddb4b2115723295bbe34444bbcb2c1d5,1,credit_card,4,220.39
"20ef5f7f0cbad5e477ca6f2f962b00ef",1,boleto,1,79.05
d206a5a8a29c1d4479b5d2ca40b7e102,1,boleto,1,43.68
"47cfbb8818b5ab3dc290a1ee38d6f0b9",1,credit_card,1,128.31
c5fe9b024836c62ac0742eed03f72669,1,credit_card,4,191.83
"92b7ad3b562646f9112aa21df37f790b",1,credit_card,2,400.70
ee8f5d7599c575d8f8eb1a2ea7d66686,1,credit_card,1,6.40
f8255f2c9dfe786bd8418b4a121bb914,1,credit_card,8,143.22
f3935b4a43b6bc12591c72b6ad294545,1,credit_card,3,208.24
"1158253c7825da7f3e2ac5fad75fd6f7",1,credit_card,8,300.56
d39427c386e367ef8a3e77bcaef4cb7f,1,credit_card,3,115.21
"3c2ce68a8ae197f1c0761e0e49486673",1,boleto,1,63.13
"26a4c5b97bdf4e499a22334ea494e883",1,credit_card,5,349.07
"72366f977e624d8ec1d8cbaadbbf3c7a",1,credit_card,3,151.70
"7e7391dc612005ec78b995037a528b50",1,credit_card,4,57.60
f491c8a7d687daaf24c15726af6477b7,1,credit_card,1,178.43
fea37071a9fe1444fc1ed7f316b68478,1,credit_card,4,42.50
f8ec8327ce5365e4a103b8a6a41841de,1,boleto,1,87.38
"6b6cca8d4b526e73b216c9ca31cf0268",1,credit_card,3,102.83
"9598b1f75e82917256f2fda897e5dbdf",1,boleto,1,83.70
"71564d5e5450bf310e411bc3087b2903",1,boleto,1,71.49
"1501377ae464c309dd74f2ec71daf9b5",1,credit_card,2,86.73
bf7c6448537b35fcded92b0df9050145,1,boleto,1,109.67
c5c851cda96cf52bcdae7c0b6a803963,1,credit_card,4,83.21
"713a29ecd8a35d6ddf7ca20ea13ea61d",1,credit_card,1,69.05
"4d15fa859019443a04411eea14fe841d",1,credit_card,1,66.05
b737d0aece7ff528ec36941e12664817,1,credit_card,10,108.00
"42e0382665455995552cb0117eda96ff",1,credit_card,4,89.17
b60cab8c479e1e80420cbe584d7aa9ac,2,voucher,1,38.14
"942cb81b8e0a2f33510159729f69d8b1",1,boleto,1,167.32
"14c9f30dcfd7bff68d5663ce8626cc19",1,credit_card,3,292.39
"9acea951ead4e20b5effbe4c409dfc45",1,credit_card,1,84.49
e7eceb7362eb746b29dc6205f732067c,1,boleto,1,82.73
"3e5e7b5fa03b93333f27d876d4026ec3",1,credit_card,4,99.80
"4689b1816de42507a7d63a4617383c59",14,voucher,1,42.31
"0c2cf3b3583c8f83ff9b3122d44fdaeb",1,credit_card,1,23.29
e227bbccb113df7570b250faab62f29b,1,credit_card,4,87.73
"9c6f6c76170c49670bb21ee1eb1a87e5",1,credit_card,8,410.52
"55b6cf8649aab7d7ac9452d6b3318c18",1,boleto,1,30.10
e50fcda6d7d9a1e22b4d9d1d65ae8224,1,boleto,1,51.91
"1894d82dee0829455132dc62056cd7da",1,credit_card,4,218.55
e7138235cbd7170b72054b66531ad713,1,credit_card,2,109.00
f717c2ba5591ca0c4dfc970c3762fd43,1,credit_card,2,171.20
"1def7af24cb7182497acfd953f6dd88b",1,boleto,1,299.00
"7b435354ca15646a010388cc18dd2c20",1,credit_card,8,889.79
"0c021596b865eb54c02ad64bf7d55aea",1,boleto,1,72.75
"511665064721c1e68628a71b176c81f9",1,boleto,1,55.24
b3a32621fc0c7dc8cc99ac717fc61b92,1,boleto,1,47.38
"64c1efac740d3ad7dc7f0c3bf425fd7a",1,credit_card,3,116.62
"4b2da52cca31e0823f0e16772996137a",1,credit_card,2,142.10
"5ce5414216f07cdd464573ba59e7f187",1,credit_card,2,138.97
"0e6f08a9522bf9b1287fb24ab250dd81",1,credit_card,1,176.14
"81997644995458a01126899a96832353",1,credit_card,1,162.45
"5040757d4e06a4be96d3827b860b4e7c",1,credit_card,10,253.65
"5a3483866ae86e48df2c0da23f2684f2",1,credit_card,6,1137.11
"3ff1a97af462ca0dafa98d5914729e86",1,credit_card,3,47.43
a80e8291d9f0e9b69b924bd10629b4e2,1,credit_card,2,51.10
c26c0e4d81f8dabd04bd61f7545ece54,1,credit_card,1,36.09
b78c9cad52a105d7e8ec97c7e6d57739,1,boleto,1,36.36
ce8394168b0c05b03e738537fbb29d2a,1,boleto,1,47.42
"73df5d6adbeea12c8ae03df93f346e86",1,credit_card,1,23.74
"0c5421914af517ebe266de68658e492c",1,boleto,1,32.38
"0635e2196d30b3003d5381ca15cb3d87",1,boleto,1,59.66
f6159858215d35950f9f4270d7828c88,1,credit_card,1,54.87
dda16909ad9bfd9cded321b79e073749,1,debit_card,1,231.27
d8d2a08b724c4ce7446dea366703745c,1,boleto,1,152.94
feac0c0f921f282542a5dec332d6506e,1,credit_card,1,67.70
"66b7aa4a53c5c138ffe0aa7ac74dbea1",1,credit_card,10,739.42
"07f57d42b535756c6e83baa0a5bcb322",1,credit_card,1,42.75
"98889198028c9110a7e574e3969b96cd",1,credit_card,5,101.27
d759e07b69f482e6ce8efea035901b4d,1,credit_card,4,43.09
"4689b1816de42507a7d63a4617383c59",2,voucher,1,56.42
"94b3244b8c0ad78eb455a0638d92b351",1,credit_card,2,331.01
"1fdcd855bcc9c63049c1f9196d3c7565",1,boleto,1,54.00
"15324bb6dca4436f40c1c599fdc0da06",1,credit_card,2,211.58
c4d20fe1dfc53b381d64e96abf1a1bea,1,credit_card,2,118.47
b2fdce90b6f515d645e1e98430176ce2,1,credit_card,1,84.77
"9beb8f36f52444f84ec529e84439522e",1,credit_card,10,528.62
"93e56c4866b1bca15316f565c387e573",1,credit_card,3,348.98
a547fb168e44ce6b79cdea200a3c9b45,1,credit_card,2,196.61
"8458aabbdd88fb4ce4d936dc46fb1024",1,credit_card,1,17.78
"0b382db57a557ff7703eaba5e991e7fb",2,credit_card,4,704.51
"25f6cb0e242a4c0bacc239397614422e",1,boleto,1,79.45
b7b6e52282e462db3a8fd56c2d27389c,1,credit_card,2,27.33
"17762ff601f1e45ce03106e45acc1ea0",1,credit_card,8,462.06
e73c844f36e48f6d0cc8ae6b97a6176a,1,credit_card,5,57.18
a32f136cacf2a9b45eaeb507057b33f2,1,credit_card,4,115.94
"41f22b2d038d74435fc732746de406d3",1,credit_card,3,169.83
"469abd917ae82adddc931bca94bfdf84",2,voucher,1,40.48
d810d97339fb343826dab7ddf6e17f95,1,boleto,1,45.39
c8fa48f1b2af19f06cd1ca3b5533bd0e,1,credit_card,1,73.56
"0a2ea907b178650afcfcab07e55b70f6",1,boleto,1,75.25
e5ac19b38666500c28341ce6d9bb889e,1,credit_card,4,180.37
"3f191c1edeb80678998ec0c8683cefcc",1,credit_card,1,46.00
"1ea8fa159bf5ec460bf24d669396a421",1,credit_card,1,53.96
"0c7f78afde3e635c59eef76c3f1a5ea5",1,credit_card,1,53.58
"911655697632aa4dc54e0cd37cc360a0",1,credit_card,10,892.75
"5f9c46986c8990debd941ac4f936e95d",1,boleto,1,146.88
b637257e6e8de7e07b45462b712407a2,1,boleto,1,83.23
f8fe2e394d3641489e6a2ca1cc40651e,1,credit_card,1,76.86
"11de19a6b9ccdeeb0b0ef48d91cfd78b",1,credit_card,2,131.54
d643b90035abc9dd9c5dccfa857bb12c,1,credit_card,1,155.64
"0b34b5b5c46c8870d8a0a667d2f6bb4e",1,credit_card,5,203.32
"21b839e8ec7b148d9a2ed05f2a54a1bc",1,credit_card,7,344.74
a5a854651cfe0d8da9f1669266fd4063,1,credit_card,3,101.18
b1ecd983532111f5d15d7181158aa6a2,1,credit_card,1,56.78
"871a8acf3aa24b340ca528120ddea498",1,credit_card,1,105.72
"4331b358b6444eb8646111a7e7ee41a9",1,credit_card,7,678.08
c8d07495cb4d7e181efd6c722f77c5f7,1,credit_card,1,77.03
"5f49f31e537f8f1a496454b48edbe34d",1,credit_card,1,127.45
"45568ff3230e563c29c9176677dc9557",1,credit_card,1,78.64
"5a2cc0ecbae1c95bdaba1c3b0f5c6adc",1,credit_card,1,43.05
"606e46b9fdbb0ac8a069541c9223fc19",1,boleto,1,47.71
"31b7099f02dfb1ef54bf9b3c44aaf417",1,credit_card,1,8.47
"4cbadee3ff54ebcd0ccc6f772738959d",1,credit_card,5,260.09
"18d577e5bde66709509e694e7c6b6b17",1,credit_card,6,144.12
a33d3f609143c6962ccbb58915505300,1,credit_card,3,168.83
"1f643298de39c374e3ad4e4838d156c1",1,credit_card,2,46.52
"3dfff49e0dea27e1c2115d2273a6f0fa",1,credit_card,1,89.21
a23c9dbc30a11490a1ba3e7143dde4a1,1,credit_card,3,180.33
abbc50a1e07d19c76cbcf0b649796bb7,1,boleto,1,27.39
e39e98d4f4a88b8e39f59e17c9d0a7b1,1,boleto,1,247.90
"11d1d2c41d418db52862561ad533739a",1,credit_card,2,32.59
a4003dc7a43aebf4aa6543e230de8de4,1,credit_card,2,132.72
"79e08374fa404a48bc49a7fc7a594416",1,credit_card,3,35.75
"7a8345d4e981fc3d89b402f3e9978d15",1,credit_card,5,65.00
"6081e66cc1fc92a9f303a8f878f5be36",1,voucher,1,25.46
"0ff30e9eb2b70b51c2788ec38f266a0e",1,boleto,1,64.58
"934d3985d22709473850e6e644a19fea",1,credit_card,7,104.52
"35e80bf3e6241ac7d357c90ca82a3af9",1,credit_card,6,368.45
"226bdeb6252bfee90f63517f430be2e9",1,credit_card,1,86.20
cb3ca9baa4bfda81f6647237988eccd6,1,credit_card,1,328.82
e56cf4189e005351c2158740a5861875,1,boleto,1,107.03
e4803f41016244f8ce3dca5bb8b37aee,1,credit_card,5,548.68
e26d15f63813b89371c9a65319cd5ca9,1,credit_card,2,92.68
aa728e83b25c036cf32893a200faf390,1,credit_card,1,367.24
"28fb57d39d543fade1e8fa4804f7483e",1,credit_card,6,152.88
e277c65ec97280d2b8df16402f002bbd,1,credit_card,4,296.10
"79411a632fc76728b437951f4c052826",1,credit_card,5,53.64
"7e4465ad21a49af2c190e90895c3edd4",1,credit_card,4,84.22
"0b2a26edc4451c98cc27d3bcb28d8766",1,credit_card,1,35.82
"3a1ce4053005d669ac4e0047a13573cf",4,voucher,1,20.71
bd5d52497dd09bba18a9c06890c2e2c5,1,credit_card,6,174.68
d621888cede8755cd9ddc50a33e1b398,1,credit_card,1,90.60
e2e223aa7d0f409950eb995e6c759475,1,credit_card,10,169.28
a9b40a5190a294e3d8f733c1caf32934,1,credit_card,5,97.51
"80868dd37e63ac8fbe1aa89083b8f2b0",1,credit_card,3,50.22
"8826b56d45c25577190e5c91fdca2a61",1,credit_card,1,57.75
"7d8db373393c49a61b22e4688965988e",2,voucher,1,20.00
af3c2eceb3e982cca67b0bc26d5063d7,1,credit_card,1,45.61
"1d51e1fe1c50aa8ab4844281efd36b6d",2,voucher,1,51.80
"8cb07e7e810ad9e5f33062cb4735d488",1,boleto,1,38.42
"25be22c7ea02446031d831e7b5dcd8b7",1,credit_card,10,207.24
"4e08bdd0a71b43ba19f8c0a89c8ce665",1,credit_card,6,294.71
fce3aaaad786e05cb7386b9274f5aa17,1,debit_card,1,108.68
e3598a5fc9a765a5269c084646faf00f,1,credit_card,5,123.01
af5d413777456d2f4998309c81c2f387,1,credit_card,1,87.71
"024ab991361d48e491b7dad2f172b43f",1,credit_card,1,114.02
b77b82b683e9956ecdf55514de3d1f1d,2,voucher,1,27.55
"62f27dae9fe200c98b311e6843dcbf49",1,boleto,1,191.92
fb782978193f7e29ff62d9b64c93ff54,1,credit_card,1,83.57
"9faeb9b2746b9d7526aef5acb08e2aa0",1,credit_card,2,151.04
"2b6bf03cc135cbab42df6a1c435d9319",1,credit_card,2,182.14
"08c01d43e93f5c485f48758550d41eb9",1,debit_card,1,20.77
c94047ec162181b78322184f7a9aee43,1,credit_card,3,176.30
"1a11f2a810e4980ba7cfd5566db2133a",1,boleto,1,29.33
"63a2ef605ed6a193d40b312ca1b014d5",1,credit_card,4,657.63
cad5d7a0969b060d6df0afe1c761cb69,1,credit_card,5,142.72
"27ba5b776eb297cc91015bae7bce34d0",1,credit_card,3,42.51
b4569b2bb5498e383b5e2bc4065a2a41,1,credit_card,5,145.29
"51942abe49111ec0fb49141d451793df",1,credit_card,1,37.09
b7dfb8016d0267b96d13355723f96132,1,boleto,1,73.08
a9ada7abcca958b99713b0cf42dc5c4c,1,credit_card,1,22.29
d3764fd6a2c04354a8cbde8508cc0ba0,1,credit_card,8,90.42
ac1a22ecf24fddae696bfdcda7c2cd61,1,boleto,1,120.39
a1c5b8eba637b48817627f4713aa7ec6,1,credit_card,6,105.38
"0c325ea6925de749e1420be0cf43587c",1,credit_card,1,156.64
d2b465d6828555de4d5226daea422618,1,credit_card,1,69.90
c60c3441e0f514547c9408b300e74ef3,1,credit_card,1,41.23
bd3fc7c13b5b892f17bec72d8c6824ce,1,credit_card,6,140.91
d967b02c8e9ac87edb380250c652a6b2,1,credit_card,1,96.70
"7745b3769c43d19a0f8da5e8207208ac",1,credit_card,1,80.73
"8efc076145638bcd5298053ddde6ff0c",1,credit_card,1,49.41
"04467aceefd2346ed54c7fd9e40721a6",1,credit_card,6,67.50
"46890e08c9857c130d637780139c0fe4",1,credit_card,1,62.15
a2a1ed735f0637ffdecf88eefa01399d,1,credit_card,1,98.56
"77ed96472e1b12ffadfab397ab0b6ffc",1,credit_card,3,47.89
c6dc29188afdf102454edab964438d2d,1,credit_card,1,70.34
"71a245e8b9ca85f13012c1931e91f1f4",1,credit_card,10,115.37
"0c7ea5e6e467f13639db3b35dcc316b9",1,credit_card,2,72.96
b1d22c557be74f08bc72282e60ee1e4a,1,boleto,1,135.59
fb216ce0d45ab76957e7bb2cf19cbac8,1,boleto,1,128.18
"94578264250da91b85c8e37ad48468b8",1,credit_card,1,5.99
"2281b9a155dc821e33ba9e7360964450",1,credit_card,1,64.14
"9c70e1f41efa94eecfbeeb5f13217760",1,credit_card,2,210.48
"682c57bc2cd98a0a198ef4e82e7c806d",1,credit_card,5,105.73
e300f3511d8e46ed7e75b5bbc2e7958a,1,credit_card,5,142.33
"2788c37316cfd96e71107c07b22454c5",1,credit_card,4,107.17
"1ded184dd48db815347b0742c2a4da2b",1,credit_card,1,122.27
"38b5a7a908e197731bb3e8e7f43abc06",1,boleto,1,328.52
e23a2679ade434eac3bad78376898279,1,credit_card,1,36.35
"0de1fcbcf77497b2d0223441f6f59e20",1,boleto,1,137.18
"1f640ae3c57af032c880e2814a991e34",1,credit_card,8,881.45
"905bd749100612f28936959483361129",1,boleto,1,31.00
"069d3deb0a2f7dec8447aa0140aea178",1,credit_card,8,89.63
"8a1700a8665d4c4f42967a8fea958520",1,boleto,1,124.42
a5fe635208239cb11b18044279ceebc5,1,credit_card,1,57.91
f6661fe3177a741fbfd91547b86a00e9,1,credit_card,8,88.11
c57fbb30efb2a0170ccc3db897839462,1,credit_card,2,65.20
"661daf8e46d57f5f1b916c80f4129049",1,credit_card,1,22.45
"1ca14127ecae7a3d413ed6b2f2447d44",1,credit_card,2,82.33
c73f087113a67a6ef3ce597eb3ae028e,2,voucher,1,9.78
"19838cf50dea89006e54a386a31287b2",1,debit_card,1,62.33
"688e9b5d6542594aa59ed0fad8be557f",1,voucher,1,33.13
"581b53cbadd804220b785d243c6b0ccd",1,credit_card,1,180.30
"6df63dddfc5b87dd7294f148d6956c27",1,credit_card,2,65.05
d0861c31e8cc76e343df9aa7c2a26dec,1,boleto,1,31.77
"50bce5188c17c3b120c5c3117c156a64",1,credit_card,1,63.27
"284f2582259a697cb8a2ab4456ef485a",1,boleto,1,117.57
c524e7bd2510f74fed9e94b894472306,1,credit_card,8,244.08
"74748a8ba7d523ab46fe3354996609f6",1,boleto,1,257.02
"2582e88a3e8a129cc809ccaf9a6d35d6",1,credit_card,5,810.13
"1cf93eead4feac27cca0e9f08bc489a9",1,boleto,1,57.27
"68f22824fa054075c52f660019cce134",1,credit_card,1,201.74
"465e0536b29a94542aa63d8546a3981a",1,credit_card,7,376.36
"27d7b0ed49fd70b7706ee5e23773fd8f",1,credit_card,8,228.65
"38ad398ccb6f45911c35e8625cb68087",1,credit_card,3,155.91
dad25b8109c99779d47475dfa7f54371,1,credit_card,1,37.54
"9e99d220ca1057d22b317d36cf203620",1,boleto,1,160.76
"011e6e76dd0cd56d26b5b0cb036e80a8",1,credit_card,1,23.28
"4d33c3b8db205a116cc13b56b4cbf5cd",1,debit_card,1,92.55
"38b01d42274cf4e3e9a7a7bc9f8a6dc8",1,credit_card,4,295.72
fefec2fe5879ab8f730148f2de0c0c6e,1,voucher,1,107.78
ad3023e7d21d3ab26bd1d2939d18cd8c,1,boleto,1,116.06
"30afa4792f6e5ee287ff87fa649e56f9",1,boleto,1,36.78
"01882618ede11253381513166b49429e",1,credit_card,1,48.21
"22b31554c7c727c7d79ebd604c08bab0",1,credit_card,2,143.48
"9aeafd098ce4b1ba99079b89a2ea3d49",1,credit_card,5,232.03
f4c75150bfe11df19218e2bcfbb963ab,1,credit_card,1,87.61
"4677f9438ab0c129fd625699019e160f",1,credit_card,3,32.77
a3e4fb1d4c4c04deb731bae74f190339,1,credit_card,1,42.10
"0f581e286111b6b5e757cecec3815151",1,credit_card,3,172.97
"722551f92737b15702800d3c63dcda10",1,credit_card,4,148.05
"15565b9ff1ef637e3216ebf24bb05c31",1,credit_card,10,249.57
"3ff3ef2712ca7c33e82afe0697183621",1,boleto,1,219.18
b0c175f72fd1e5956743578c03b1785c,1,credit_card,7,148.69
"390056468c27192af8354d708051054e",1,boleto,1,18.70
"724b19e5eca8ec552146bf7904b4cbeb",1,boleto,1,87.80
"9b2504f4428a8a4d047d22a966df321d",1,boleto,1,26.68
d99c77f6eb93e9cdfca26e997f54530e,1,credit_card,1,43.22
"1b4afae734d5015ce83f76cef15842a8",1,credit_card,2,117.96
"5a92b60d387be04eb53698b2f8b9b043",1,credit_card,10,202.66
"0cef0a9c1d74d5ec485fb3195191caa1",1,credit_card,2,337.42
"0f0238a7185cf8f3f3f6404d1f5ea306",1,boleto,1,220.04
e317f41180b8a6fa3ce86b6fba6ac3fa,1,boleto,1,158.27
"7bff8d75c2707a1b707a85ca98238f71",1,credit_card,2,72.36
"600f11f2924877daf80111221c047491",1,credit_card,2,45.00
fb87fe28380004e9d6ddcc862b23a82b,1,credit_card,1,196.01
"61b2314bd576f3d792e46e1d56e51ee6",1,credit_card,3,39.09
"1c194ae9c77f15138361387f0bc5c921",1,boleto,1,94.19
edf97e2ce9f13188f1f70288901d707a,1,credit_card,2,25.29
"011b8dd4f8c36fd4fcf50643ce91d58a",1,credit_card,3,265.98
de5881f12fd365b2a48dbcccf5241510,1,boleto,1,87.73
"68f238efe64d771f8529c4689219e854",1,boleto,1,58.99
"82ffe097d8ddbf319a523b9bbe7725d5",3,voucher,1,20.00
d12ab5d1454294ce820fd1ccc56d760e,1,credit_card,1,103.13
c64cd8af895f9e6795a7cb35f9004e37,1,credit_card,1,87.96
e257ae8610fb4fb68a1f459c3a4b1f51,1,credit_card,1,131.73
"5aa679d2c208fcb3b9f320f430345439",1,credit_card,4,41.79
"17f11cd471c4f712a82d85c589119638",1,credit_card,2,161.69
"8cbfd2b5ba048f1dd173a5309f8b5bf5",1,credit_card,2,90.99
c5a35c39a04a0da294d01d0854dd2e9b,1,credit_card,1,33.10
c9c47f859e747812a921562c2f874229,1,credit_card,4,180.68
"7dad3e4c9e11293ca4d3722f21378aca",1,debit_card,1,232.00
"72c6c412519423a1a046bd52a9db5560",1,credit_card,2,127.84
"53cc826fc95813b674969ef042406273",1,credit_card,3,73.03
b41304e99b5c1abf0181ee31c8b17146,1,credit_card,1,97.72
"96c898ec831c5199304b2b5b43157ede",1,credit_card,1,215.07
be82da060fda4b85c7fe6ea6512f67e8,1,credit_card,10,163.50
"5212d3692378658f5807cd76ed591b13",1,credit_card,1,46.84
"6b5fb7a597834a8211623075d4b8e079",1,credit_card,8,102.92
"6171832455ac3fe3e62f97359da15c2b",1,credit_card,1,47.00
b5ee9c8a7edd714067ee2db82c6da589,1,credit_card,6,268.13
"38f3f9b07a8b12e3b5b699ea7297932e",1,credit_card,1,31.11
fc84e4c7eef7e91a7cd081a2f273f5b8,1,boleto,1,412.96
"02b02f566c72d81744ae60c7b6afa22d",1,credit_card,4,148.13
"78ebe5bf2d56685f5b1e6895cfd941e2",1,credit_card,3,65.71
"38a37ff772f3b9f0f304d46b6ea90c09",1,boleto,1,43.27
"364f451ee38a4268d7c15d317021eb35",1,voucher,1,29.89
"1a611328643ae11146ba09a4425d2e12",8,voucher,1,6.34
d2e18fcf7ecfd667af457a9e7034c86a,6,voucher,1,20.45
"796815d64065ff9881199a4807c02415",1,boleto,1,117.94
"67bc7ff7cf5396dc164d5d3c3d251760",1,credit_card,15,155.10
"2285cbcd1e0676fb56344c2844df98b4",1,boleto,1,182.60
"23e2c5b211e209606334c66afd07fe51",1,credit_card,1,45.00
fd814f791bd23e12edad7656f27a8310,1,credit_card,6,405.33
"0b16fcb0e3133c83e8c82ed7bd6ccb1b",1,credit_card,1,58.62
d054cc37dea401636693e25d78222470,3,voucher,1,38.89
"81b1ecf11d38a0654a13192ce0fc2e5f",1,credit_card,1,111.92
"776ea29061e4670020bc84470311cc4d",1,credit_card,3,135.08
"809c4ebcc270057a021dc813195717e3",1,boleto,1,70.29
"77fd1bb7a079c323766c396f21602228",1,credit_card,1,42.58
cb0168a6ece894f2e8329582577ddf5c,1,credit_card,4,55.88
"17fed53ba6dfef9b594ee2268642e2aa",1,boleto,1,18.62
"7e81c4cc31fd46f225b4441e179f78a1",1,credit_card,1,46.22
"2b1e4967ed6ca5b1edd58b616b4da7e8",1,credit_card,1,126.37
f66a94f109a641a3c2a7e7aa4b3269f9,1,credit_card,1,52.77
"68abcdb32d1d556523e070ecf312b7d4",1,boleto,1,34.85
ffc0da1000e3fe80b745f005755bb814,1,credit_card,4,143.03
"60243a953c19e3606e7757264ea2ad3e",1,credit_card,5,102.03
"2d846c03073b1a424c1be1a77f532dad",1,boleto,1,27.68
"8fd96c034d11d9719cbc57f6acb93855",1,boleto,1,67.59
"73bc7197ab48ef03213b1a5e92c6437d",1,credit_card,1,32.38
db1cfa492610bccff9d25d439a9ff2b6,1,credit_card,1,32.56
d61c0e8066e7a5a2e6071533b9efdd95,1,boleto,1,103.51
b17bd9337504cfa6cc07d6e08fe9c884,1,credit_card,2,238.69
"3e2c094c3afb8ee522f4e4a0c93983b1",1,boleto,1,967.67
"0d861d43ee996a798c75ad38292f6bcd",1,credit_card,2,138.72
"2b34aa550445c67c852be463eaad083a",1,boleto,1,109.50
a6a55e24963a7ded7aa4b38b8c199565,1,boleto,1,69.07
"46bbd69cb8d68f6c34fc754e569b4630",1,boleto,1,53.35
a312bb85adfdd8a06eff1dbd25f527b7,1,credit_card,10,511.02
bc6c23697db04d6dad824fad9a547d7a,1,credit_card,1,89.25
"0c8d2195cb6aab1034f95a0f87b149dd",1,credit_card,1,31.51
d0a44f35dac3f3d6b96edaebca89a315,1,credit_card,1,78.00
b69f9a11c002386339f9380a17c4b4e2,1,boleto,1,157.24
e8a4c2a62df8fb5701fa66bc2bb4f4d7,1,credit_card,3,337.84
f556aa150eb96f399701cc908b91bb7f,1,credit_card,3,218.21
"8f9005e33af4e9098cb514dd5f44b0bb",1,credit_card,6,319.11
ebc8d4b1397747291b758772e9d87984,1,credit_card,2,108.20
babe8fe3c1cdafc205f2ca187951076c,1,credit_card,2,194.12
d3702a0c7d129ebdb41eb60791ea41e2,1,credit_card,8,179.31
"7a569ceb9d89c45df6bd1d2569ec061e",1,boleto,1,511.23
"346877875d20544eabe59cabc447179d",1,credit_card,2,49.10
"629f3c74c9431149b83ae4f647484a38",1,boleto,1,93.64
"5ae6d4878571e9513c93413ee5ea1fe2",1,boleto,1,226.22
"0ba555009a855c3f87f818f23b4ccdbd",1,credit_card,1,180.53
"27cbba95b3a45285af049060be4d4d10",1,credit_card,1,352.29
bce98eda64f85a2ff206547445903c44,1,credit_card,3,192.14
cd0b7d7d5492c631a934cc6e1346d830,1,credit_card,10,129.41
"5941b42f2dc4d2cc309e407935b37c6f",1,credit_card,5,146.27
"7bcde8d5d9a48f795c1219a5eded63a5",1,credit_card,3,86.15
"2c23f1e95bc8b5a7a891d3d4a7651c3d",1,credit_card,1,29.92
b00e398b9fedc8b818679422af47d3ad,1,credit_card,1,97.35
"99c147df843f57729b80fc677944bfd3",1,credit_card,1,189.07
"0029c5db35ef291ce99d1262012e7daa",1,boleto,1,514.37
db9b55d97dbfb1c7cc31a62b7983597d,1,boleto,1,104.37
"1dc01549b7e7404a9663b7d77306c897",1,credit_card,2,100.00
"53e1b8f33e706e740dc7fb9005d242a0",1,credit_card,4,45.34
"4055525efb230dfd940236b7888f2012",1,credit_card,1,28.88
fa26763c58fa3379d19525e7381fbdff,1,credit_card,2,179.76
"114c4a21b3e731dc655812de85018fd3",1,credit_card,1,442.26
"24663bb9d145c6d58d207d297edafa3f",1,credit_card,2,143.55
"4a5b3c7775a949350dd6077d40082bb7",1,credit_card,4,179.77
fecae1bd1ff32a92a32f344535a9cf15,1,credit_card,1,63.27
"08c72944eaad657c973c51fba479d655",1,boleto,1,74.40
"4fb3b317ad7e8e1d246e73b8ab6de2fa",1,credit_card,2,61.88
"6f678401da533b025aedf90ee59ab1d6",1,credit_card,3,73.61
f71951324325e3af9ee2137e922d98ce,1,credit_card,1,100.44
"2d3a9613540af5e9c2ceb366d9db5720",1,credit_card,10,280.59
"523edc667ecf141c2018ec8c1e6c0211",1,credit_card,3,232.86
"1850ddbff1901eb4798e620006229131",2,voucher,1,70.21
bcefb2f90509c4f4fffc20527ebd3cb1,1,credit_card,2,153.82
cdf36cd4632fe33085adec5cf3d6b306,1,credit_card,1,15.88
c5286c3adca434033c81d5622ebf1c2f,1,credit_card,1,57.68
"4211e9c52967c6118ba50e4efde875a5",1,credit_card,3,68.31
"37cacebebb14aa6cdc982d4eb40b9441",1,credit_card,2,26.05
"48139821eca38783cb43c48d98c0246d",1,credit_card,5,107.05
f1a24be96cc3d824b45822be11fede0d,1,credit_card,4,93.32
"37d2697fe30cc343532f58cde9161454",1,boleto,1,68.44
"801314f233a6117edb05a2c9dec436db",1,credit_card,1,54.43
"0035c0b07126fe9c24a325216fb96064",1,credit_card,10,150.44
"8bbfd0be5d89a92d4bf214baac246fea",2,voucher,1,45.00
"54066aeaaf3ac32e7bb6e45aa3bf65e4",2,voucher,1,86.87
daf8742a55a82df5518ff49094a4829b,1,credit_card,1,39.78
"6b20cc3647e96150f914350d12208e9d",1,credit_card,1,76.17
dff20979c5b8b4378f7e769aa413390e,1,credit_card,6,87.27
"2736bf7aab22cee55c31e7fedc6e2a45",1,boleto,1,552.18
da07d4f43fafc6af5f26b48f87b710d8,1,credit_card,2,27.30
"469abd917ae82adddc931bca94bfdf84",1,credit_card,1,47.33
f1c1796688aff03e046d4b3cc90e1d3a,1,credit_card,5,103.92
"7a5472f7c8cecc2e1cf43d12271e4eca",1,credit_card,8,228.75
"0227da6a9a5c5d03b593cc9c2bce3463",1,credit_card,1,61.52
"086986d3fe34c0417a41f76b14114fec",1,credit_card,4,244.81
acc6bd8c0916bf4bc44f3a77910eab56,1,boleto,1,177.44
"9fe26c640da2c51c4f699a364a195ccd",1,credit_card,10,622.28
f15a9d9b458aa040e6c47b6bb2311fb4,1,credit_card,10,235.64
"1bde1f1942be558c1527a73da61695d2",1,credit_card,3,39.09
"6eb51c1c9c69f78ea9fd4665fb98b7d2",1,credit_card,2,74.76
"9e44e89d954ea1052e1ecb4f803251fa",1,boleto,1,116.94
"7afcff8a70c8694553a96a768b4c19c2",1,boleto,1,106.84
"47ffc77abb4af7886ed6c2e0871040ae",1,credit_card,8,506.97
ec8a9ec23f177510b53f3a63ed4f30db,1,credit_card,4,41.09
"7eb6ac79ca52bafc416276001ae26e51",1,credit_card,1,80.92
"3403652cfc8a16f52dee61e12bbf1734",1,credit_card,2,60.10
fa65dad1b0e818e3ccc5cb0e39231352,1,voucher,1,3.71
"105b31400017ca4a848d48ec5df78257",1,credit_card,9,1014.61
"163653bc8aa631e85ac4af4a4f6f3535",1,credit_card,8,84.23
"3213c825fd43c3d2aa27fed77ef29519",1,boleto,1,742.85
"8f50817faced9fa9f4c8807f6fc4548a",1,credit_card,4,99.43
"9de7eebae641ea185618f1d11110419f",1,credit_card,3,162.58
"30a32ef5d1bec6fd2e4aaea4dbd3d944",1,boleto,1,233.98
"22c95bbadd1ed008fe46549ad83e820c",1,boleto,1,59.85
"0912c75b2f7561be5da7aee13e0150a2",1,credit_card,1,46.76
"65f9be44b39d121b9f03120ae4ceef73",1,boleto,1,60.00
"12b69999b64f73f3cdfa23512584c8d5",1,credit_card,1,59.28
"6a1594b5f5cfc5bac6dcdc3f48f22b5e",1,credit_card,6,123.12
"97266251d6749fb995904bb3cc13a625",1,credit_card,10,225.22
"658bea3a595af733d395a91ed9714160",1,credit_card,2,501.44
e1e0cfc8398a7bcd9699fe42c1651566,1,credit_card,1,37.77
"884199734cfb1a00ae1fd610a03e8a4e",1,credit_card,2,85.08
f0a3681de8bc46b204500087357b2a89,1,credit_card,1,10.92
c8a51ea71826eea0c4b7341af09329f0,1,credit_card,4,819.69
"6c28b1d1bade1e274dc893aaf8b0535d",1,credit_card,1,626.68
"0bb3a41b7a70c65fda2461d34b495c5e",1,boleto,1,178.27
c22f2d718da2e903bc885bb2fb0c7ae2,1,credit_card,14,149.03
cab86f1b8802835f13e9fee67ae7ee13,1,credit_card,1,206.14
"6d01825b57b343ee894db28383c782e9",1,credit_card,6,178.22
"923cc27376a32cd0e1252597e42a5586",1,credit_card,1,78.29
"35cac868e65687e57e8676d936e30d97",1,credit_card,2,171.27
"4e04fa1df0f5960cae555fc19b184dd9",1,credit_card,8,2027.26
"3143dab57ae1317b6911e1330ebd4dac",1,credit_card,5,54.96
f4b91a4e2130d850b29e9a6cf4fd9eed,1,credit_card,4,64.62
"53fcc6acefb2363ea775e316c810677b",1,credit_card,1,51.85
"8deeb79137075638ab088643f9fe8c17",1,credit_card,4,119.66
"0771233ce445ab49cb2542af0243618e",1,boleto,1,40.61
fedcd9f7ccdc8cba3a18defedd1a5547,9,voucher,1,5.30
"8712dadcec00a4826a72ac3431a3ced1",1,boleto,1,182.98
c34e0ceb1b974989a54cc47f2ccf12f0,1,credit_card,2,144.18
edc8ed56158af55c22d0d8153e921879,1,credit_card,2,44.67
"9a54562498faf18f39a0e387976e11a5",1,boleto,1,177.27
adcc24406dacde218585aa79366ee2d0,1,boleto,1,47.42
"6a5c14e6b9a898873a371e04d2e8f4d2",1,credit_card,2,116.10
"972d0ed6eecb690d07910ee2dbaccb19",1,credit_card,1,107.36
"37f564e804d0f8ddabe57ae3d4f9dd9e",1,credit_card,6,69.03
"40ded1def93af58d921116148bcc30e7",1,credit_card,6,67.50
ccf804e764ed5650cd8759557269dc13,1,credit_card,1,2.20
"7bd571abe64a3b419a018f590d1b8046",1,credit_card,8,166.11
"9eaa15eedf8382166c4796542bb0d302",1,credit_card,5,118.50
"0c557a5449164d3001dc41d9bcb3298e",1,boleto,1,48.21
"3d1c4e2abc39b60c6d972acad25ea459",1,boleto,1,317.40
e88c93bf71895846c5dbc1cd709e2308,1,credit_card,3,519.74
be4ce210f993d9e26a013ae7e93b6893,1,boleto,1,192.37
"24ad99d678845d2757bd19e1eff877a8",1,credit_card,1,74.17
"3bc21ef8ec2cadd7703b05a26cc51b35",1,credit_card,4,220.49
"30f610db02d0880c9687dd1edd8b8710",1,credit_card,10,1875.77
"78992d027a6b96141150b632f446ff18",1,credit_card,3,211.60
"88ec70d10d0a2e45b46dc7fc335b56fb",1,credit_card,3,153.09
"4a385052190a8e86f56e617e88b824e5",1,credit_card,8,603.03
"250eede6202cff2981de57cba5c1b08c",3,voucher,1,25.00
"5d3d12685107807b3d265fc3e4742597",1,credit_card,2,276.74
"707b5fed9a986693aeb075d87589c4f8",1,credit_card,6,167.29
"2d96648ebbad7ad9cfc40c4c9c820f92",1,credit_card,1,147.00
bc28dcffa1198da2f880edfaa2a9a4bf,1,credit_card,1,343.91
ec002084195fcce7185eab399b71ee73,1,credit_card,3,171.30
d24cf30658f279bb1e8677169e43e44a,1,credit_card,1,75.43
"6bae084fa2e6b9972110f6c93fa4b9a3",1,credit_card,2,52.50
bf0b7464d227364486f59a79f335a212,1,credit_card,2,566.41
"4749ee8fe12594e5e3b2170f35ed441d",1,credit_card,2,211.83
"50416a6ca6208fb73d89725949591dbb",1,voucher,1,71.04
dcd83873dcbeaeea50f6001f418a1fc2,1,credit_card,4,111.02
"5355cd279109f53086e889f05ff7d62d",1,credit_card,8,191.99
"5f855e92f134f2d544ec90a5864bc73e",1,credit_card,1,35.13
"6561b237241a2fbd514d45440cd1b349",1,boleto,1,118.88
"830766a6f59d1f6e2fb978b1fb83feda",1,credit_card,6,122.78
"45239cd99e3e244465ad2d2ef26c56b9",1,credit_card,1,48.34
"5e7610e3386d2abd9358070c4b9e29e8",1,credit_card,10,271.38
"0c1e49ce507979f2fb222498663ce653",1,credit_card,8,215.78
"9ea29024f36561184f0253cccb1b3fc7",1,credit_card,2,86.61
"0e3815fe1ff3637c9870015d43097b07",1,credit_card,3,62.69
bb21240e76cdc74a9b8e4dbc8f846c51,1,credit_card,1,55.09
"91dffa2edbd51a725ad5a704d4635b1f",1,boleto,1,145.90
"7ed3afede9e4f41bb24283da88e6e91b",1,credit_card,10,129.37
"14b4ad3f2983687b458e0118ab3c1d5c",1,credit_card,2,115.15
"45ceefe79e1b3b2757d1d3853fdeaa68",1,boleto,1,53.02
ed58aa22f4aad849189015b374336629,1,credit_card,4,108.19
b721972cedcd805cf76991c48731eca7,1,credit_card,1,73.34
"9bb495896a186cefecc3d00838723597",1,credit_card,1,168.75
"82da1fe1ba79ad376673815007b99ddf",1,boleto,1,136.64
f3c19ec2622d12aafeb4c32621b951b2,1,credit_card,5,137.99
"8d479903c614edab18560e56c5b535e3",1,credit_card,2,133.76
cacd456511570f43f9f06e36aaec8608,1,credit_card,6,216.13
bb965992d20f51fbc192608be1cd052f,1,credit_card,1,144.82
d458c1c3490c500eb8ee41abe912626e,1,credit_card,1,137.60
"2728f05b0714bfb8af3dc31e0abf0901",1,credit_card,3,143.22
c618d3f25c239068c153e78f7d9edcf6,1,voucher,1,126.53
"1ee75dd3dc1076b563a223486e86e7b9",1,boleto,1,84.82
bfaf2a2f0abc56602d3b0fcf99576126,1,boleto,1,115.81
"4f69ffc6c1340dd48ea12040fdb00af4",1,credit_card,1,63.62
d8b31a554d23223a2493c602bcadb81b,1,credit_card,2,146.01
"3f8ef8494797fd747668dde5870c1a76",1,credit_card,1,34.00
"025fe62703ce31742dc8bbe8b1a99b56",1,boleto,1,55.43
"3b71ec8ef75f62e3cebce5c907d0919f",1,credit_card,5,105.51
"8ff1992743a7f3a6daffc9ec9db05cbc",1,credit_card,10,275.56
"40425c5224829e5cc488f67f75f28d5f",1,credit_card,4,175.90
"9e9c6cc35be71fb9615d8a289dbf39d3",1,boleto,1,74.76
"8433606149b115b9f6e1916bdbe08dc4",1,credit_card,1,63.23
"87ec7a9f029ae04e1e43ffc7bba7bfa5",1,credit_card,10,178.59
"6eec5e9b67eca054d3bf4b3092fa8e26",1,credit_card,1,73.15
d3799717df1e5cb9074eda9ecbca747f,1,credit_card,1,44.09
"8411b2a445133d0ab0a16801f7b22f8f",1,credit_card,3,36.75
e7dce62b3a446895d10cfb513a4eed68,1,boleto,1,36.69
"5c56c7880cf0e335803dca7a7605b5a4",1,credit_card,8,356.03
"4498a90ce01bc4d0f03ee12f1779ecbf",1,credit_card,2,116.50
"179a901d5de12162c773a0def32eda2f",1,boleto,1,77.29
d4cb2f7d8e7f756a94c511fd1280e026,1,credit_card,6,152.94
"07055a132b3dcf9a44b88259dea3e3b5",1,credit_card,1,59.00
"8a06390a35c02135e18a6d75a3831ba4",1,credit_card,2,257.45
bcbcdbe98e2e23143fd0f17070768b94,1,credit_card,3,87.36
"3745ac683b5ef89d47799dcd2a703d99",2,voucher,1,17.41
dc32c5b96c5aa06641f7c32f3f1bce98,1,credit_card,1,23.15
f5c40d2938c1fc36a6f2b7adfec50895,1,credit_card,4,99.27
"061b13cf87863db16e1a03178285ecfe",2,voucher,1,15.34
f84e76524c8a195a6b135461719b0c09,1,credit_card,8,368.11
"1cf7badecfe67aca1d27e5fbaedf2c64",1,credit_card,1,29.82
"99e3f90c535337b45eace6f8a8a9400f",1,credit_card,4,95.00
b67e88a088df905cb07564cd720a9711,1,credit_card,2,171.69
"50852bd4d7074310017db9d4b0e243b3",1,credit_card,1,76.28
"1f01fe794c7b4f7066b38ad326c4bfa2",1,credit_card,4,107.78
"9bcee5211be4c4e8785242c9fcd22e32",1,credit_card,1,90.85
"9686918ff3c683805748223d0b34a666",1,credit_card,8,182.83
"49c7df46784ee525af9f5cb40fc1d508",1,credit_card,1,27.36
"478e0f644b5e774c5ba7f6196c77fc61",1,credit_card,1,237.30
"1ca552f5ea38aeab2f2c52a03fa32942",1,voucher,1,62.98
d0e7c11999696d6e68df274547d2bd99,1,credit_card,2,163.46
f45fbe1612ac86ee79745d5cdd1ae56f,1,boleto,1,55.78
"9cf87e3ae70cd0293f458ffa3e531edb",1,credit_card,5,59.14
"80f2ad91eff25a16d7c2f14250d84274",1,boleto,1,430.04
"6ae79bd97f96c215a9711c79a6d7a192",1,credit_card,2,59.09
"90e3ed5bc7c3104c5d7012e809f4b399",1,credit_card,9,114.67
"316c1fa727d9048a98c36aefbfd84e19",1,credit_card,3,42.34
"8f7e79de58b2fd0b733eac10efd3bb16",1,voucher,1,149.19
"2b5651486ff397b00e9474c238c8657e",1,credit_card,2,105.56
"98dd9c43c306401e85dec3ca829faea3",1,credit_card,2,142.10
"1f52e650514a6e3621994f4a48e264fa",1,credit_card,3,167.87
"1da6c2d53ad9f033ccf54f16801546eb",1,credit_card,4,48.05
"64f166c3f77ffed0b8f2eedba778c745",1,credit_card,3,38.01
"174a7e09ba51eac7b816bf33d20dfe21",1,credit_card,3,94.50
"3aea5a83ca5bc41e6ecd21afd19bbd81",1,credit_card,7,206.53
"1f04bac535b51d50ba5a22cddc3a52ff",1,credit_card,5,200.76
"0752235c99010e0a475e14cebb1baf81",1,credit_card,5,268.42
"10e722e25378399056392a2c2c5ff9ba",1,credit_card,1,36.24
f71786d492e3575ce6af4785508e1846,1,debit_card,1,173.38
"9ac3961be44625036ccce3f47ad8aaa9",1,boleto,1,173.27
"9bf744c017456c82da8849a2c92bae84",1,credit_card,2,227.36
d273fced15e8d7ff3a29be85653e8fdd,1,credit_card,2,110.55
b3199c2b795211713ca16c887287db5b,1,credit_card,1,0.36
"0bafeaa6d78ca1e9b198fe9a6d645306",1,credit_card,5,393.07
e4cbb88fcf9a02837b22b1f6f812a9ed,3,voucher,1,25.00
"6b3c0956c89312e2c54f8d1366ecea9a",1,credit_card,2,44.30
"5970ae5c335f20241fd65ed1379fe3a1",1,credit_card,2,135.08
"5efcef7a8dde2aa81e8f9943ab60c81f",1,boleto,1,168.33
b58c077505462b29bcf153fd9dcdc9d8,1,credit_card,1,160.76
"64e0ed97e04ee5c08429934ecab18de9",1,credit_card,1,71.53
"6f17dbe0baf3d45a1ddf91bf756dc359",1,boleto,1,400.75
"948097deef559c742e7ce321e5e58919",1,credit_card,9,95.67
"0bf01f26ad0f401b182bd0491ee79d34",1,credit_card,5,98.69
"7e6b93aa02b605ccc1e04939e172a759",1,boleto,1,69.66
"9561fdb9089a36bb1e9c58c334053eda",1,boleto,1,230.90
c0ab80c9e6beca100fc0f174135e8503,1,debit_card,1,132.08
"5054fc69c589881f8e505d6362c8c061",1,credit_card,1,21.24
"0877034e4780ed6345f93f2c0e0d48ec",1,credit_card,1,109.38
"6e2e27bb92034101c8873f0c3555ab5f",1,voucher,1,35.77
"1cef8c054a99de4870f9f34b4822f206",1,credit_card,9,218.63
b94dc34e8bfc76a3e9e7cef3e5e93483,1,boleto,1,58.88
"54020a69fb0d5742c110ce591ff4c120",1,credit_card,1,64.01
"923dbd74822b55ab663759d1bb50823f",1,credit_card,10,141.62
cdc1504eb9521a2941c00363ee8288d2,1,boleto,1,241.22
"275bdc3d32ed65dee689eecaa10e7a80",1,credit_card,5,268.84
"812513d7e666354019acd59c823bd0b5",1,boleto,1,39.09
"6460cc80249f46f8289b2a8d55d61dbd",1,credit_card,3,153.39
d1d889b705a1d015ae3040fe1cb24be7,1,credit_card,1,126.16
"7839ede137c543ee4afd006c5edc2f4c",1,boleto,1,21.15
a1147112afc377c2361f5b27f17675f3,1,credit_card,5,123.12
e803d4e56a315a38eb3a6d339b02278d,1,boleto,1,70.97
e13771d81b11fa998c5534001f1520f1,1,credit_card,1,46.13
"99154e0d0a403c1c7dc3f38886f6776b",1,credit_card,1,60.00
"58215b758929434cfc11dea9a2238af0",1,credit_card,3,166.46
ef2a479a9f30595348e50c5d1eb52bd2,1,boleto,1,60.56
"6e9cd3f36a1e951e29d455913402c171",1,voucher,1,386.65
"329dc72939ca5ca51023e9e8b2d4ca78",1,credit_card,1,112.77
"9932048143843906af1f72ddcdb746f9",1,credit_card,8,224.45
"44e9e7a851d64518b40a6887d84b8b60",1,credit_card,2,146.16
"776a94d575b86a9b4685f33a764b8d60",1,credit_card,2,42.65
b1e83743987d023e63838e2fe9149231,1,credit_card,3,190.98
c8b5282d408a1646c2b36a65f3d6fc80,1,credit_card,4,45.23
"7062eab93cccc51550b18e1787e7b8b1",1,credit_card,4,161.39
f636244e2204ad1803e13b363792d655,1,credit_card,2,139.52
"07b6b194d5b1f0c26bbc794748048aeb",1,credit_card,3,241.81
"03d61f050de69049f4153f164c6f78b5",1,credit_card,4,291.59
"675dac8b73cb0d20fa633e864deb7e1e",1,boleto,1,323.79
"4c460fdf49b517270b6258ba2d3c1ef9",1,debit_card,1,139.41
d3814caaf7587391515f5ec329ecda07,1,credit_card,1,446.30
ae103e0dfaa3fc6e8b8c9cf179c7a94d,1,credit_card,8,136.06
"4571099e8d87a92750edfddf99e5b56a",1,boleto,1,33.77
cd076cd6f94843e39c58e62994c320e1,1,credit_card,8,126.23
"4e21387c48145e5e07a1d552b1a69776",1,credit_card,1,59.75
af18dcad5c76de4eec9a63dfc1672296,1,credit_card,1,35.69
"67d83bd36ec2c7fb557742fb58837659",1,voucher,1,8.03
a607d901010a9e02c14000b08e15cfe3,1,credit_card,1,50.22
"7c6fd3dc4e3c696906ccc6a37a12da9c",1,credit_card,2,102.03
"250d181fa1c603024562b93a8f8d5fe0",1,credit_card,4,303.72
"74eba88c228b81196e604cffff7b4fe0",1,credit_card,7,455.82
de28971a284d4d1aef005e7f16b36a52,1,credit_card,2,103.64
"0a9814deb494ce0733321ca35f215a22",1,boleto,1,128.97
"647b9b6ca86146f9f4c6cc9cc9778bfe",1,boleto,1,584.84
b22fe8539dd76cacfc5337279db388b9,1,boleto,1,172.40
"06499dd792313ae78e92e4819ffceff9",1,credit_card,1,98.66
"25273b22ff54701a1030f32669e15d07",1,credit_card,1,37.45
"155b8d68c3b628276ee63d869db6efa9",1,credit_card,1,57.62
b7026ba7432929d99880463305b8ce98,1,credit_card,5,162.60
efba3b32a6d0502f262fc6eaa01b34b1,1,credit_card,2,128.65
d7254b8b021b5a531c35571bdc25abeb,1,credit_card,2,54.85
ba18b031056935e90cd1691ae9e6d065,1,credit_card,1,55.09
"1af064a7e948651d963cb35703ae3a55",1,credit_card,1,91.69
c0e97734cd5f14ad83087abe8d29073b,1,credit_card,4,159.76
d5d91beade5592a7f19b57ef4910572e,1,credit_card,8,81.33
"72dae7e56901083df5f2cb3dd2d4841f",1,credit_card,1,33.22
"1f37d913f46f90c082f6bb4996c3fc9a",1,credit_card,1,87.82
ec6ec630f8a398e0da49ca915969bffa,1,credit_card,2,200.74
e424fb3a9a9c116a762d83cdcc872c58,1,credit_card,10,105.00
"07220c39eb26068368e675009154d635",1,credit_card,8,154.83
"8275a8137ae9dfb14ecb5307ea797413",1,credit_card,4,91.21
"63d6a91d52c3051f930506eccaf995ad",1,credit_card,1,177.49
d3f44296d90a42d3ec4b52b18654e87a,5,voucher,1,6.48
"52ade67b3fbf4821fbb52e5c8e3a463e",3,voucher,1,4.39
"4bfcba9e084f46c8e3cb49b0fa6e6159",4,voucher,1,50.00
e95da0c5222e85d118b3d1d3c7dba675,1,boleto,1,62.01
a96d80130c5b0907958c4cfeadb4bb8e,1,credit_card,1,83.41
"58ac1947c1a9067b9f416cba6d844a3f",1,credit_card,5,124.16
e79e9586e0286172870edc4c3f428966,1,credit_card,4,203.77
d327d4550c9e554034f23cd77a8924a4,1,credit_card,2,76.95
c84dc3e7ffa263c94450db56ec2bd44e,1,boleto,1,92.73
c75860f1d422b9efcb29383df98932f7,1,boleto,1,45.13
"3865adcc2f53015a9526a22f9f5da972",1,credit_card,1,124.13
"3de1449e72332066f82b8130406dfeb3",1,boleto,1,119.14
"5875e5804ca85e3b4c8dda7a7dfce4cc",1,credit_card,8,197.97
"9d53272cfdce55bd62a920f66ad66e47",1,credit_card,1,84.26
"9eed56c2c8e96a33f6f266f2437d0897",1,credit_card,3,37.69
f2a335c81aebf64a9a4309436e7af4a8,1,credit_card,4,382.39
a267e89993dbe4178c877361a582f06e,2,voucher,1,76.18
"4bba52ba149cb3ac9b1ccc35913b74d8",1,credit_card,2,121.32
"0cce12b5e68a55914cd38b40985f7262",1,boleto,1,61.01
"1431c3eda8ad65df1ad5982488e1a011",1,credit_card,10,269.52
eb377d391f9d3ac66c316a741d6a0724,1,credit_card,2,142.56
b85004b6486df47906bcc088f0be3092,1,credit_card,1,60.64
f1207703399dcd13cbc13b7011137053,1,voucher,1,146.64
"5876a929c1a82fd6e6d173c20ea90a84",1,credit_card,1,88.89
bfa84c85baf67d4ed4923a3d8d6a18bf,1,credit_card,5,254.41
c0800c1006480bed22d5ec0b593c2cd0,1,boleto,1,28.62
"4c7e0a5ac91085b463608e9c32589610",1,boleto,1,137.37
"420c0f82633702db7d2cbae2ee56f66a",1,credit_card,3,197.27
"02cbfc1aa8d209d7fec3325970ca22a6",1,boleto,1,35.45
"6fbee8112bd7aa6e40520d182952bee3",1,credit_card,3,76.88
"9b1b03659c8b48c95c05af1523108b12",1,credit_card,1,99.95
"97a50ee9650a8caa3476a64004c2350b",1,credit_card,2,140.62
"332bbeb5cdd458723fa3565220c997ab",1,credit_card,3,160.75
"6b82f79b806b4374a7b1315d1881d1ba",1,credit_card,10,153.39
a9dfd8a8ec4fa0a848fb61986bdc153f,1,credit_card,3,153.52
c1547b9ad031612f2446bf9ad43a0716,2,voucher,1,66.93
a00c2705f34c2a1714b0f36b80ba8fe1,1,credit_card,3,184.84
"8dc71d90daff59b6abf5eba2e80fa928",1,credit_card,2,146.07
b70947b76f548d986539b3a43ae9674b,1,credit_card,8,267.65
b0708857586f16e3ada17925950a87e5,1,boleto,1,70.89
"1e23bdb1aecf93173622912a55e691ba",1,boleto,1,65.09
"8bac7fabc9ec56a6a0a9b74619dd30b7",1,boleto,1,73.13
"4c4494279cd0e4c6ebe47ff5191d8fb6",1,credit_card,1,90.30
"086cb9cd0cf7067d77fe09f31620a52b",3,voucher,1,50.53
"408d3b25332b720d54aeb8503549722e",1,credit_card,6,360.81
dc258f93f65625347073b8e56ad0fab1,1,credit_card,7,232.05
c4314d0c3517d1afc447262855bd2a08,1,credit_card,2,126.71
"6b1391687f84349c62119cb2c95374e0",1,credit_card,8,263.25
"9c6939a937801d0069e9086f8ee2beee",1,credit_card,2,256.43
"6a6fa48abc0fcbac1c94531785b8024a",1,credit_card,1,87.15
"653f05432280006916452a2fbb55b136",1,boleto,1,60.92
"4008367095a0de1a3a388f38e53172c7",1,boleto,1,32.72
aa58786ae7761db159be7c5bd27ee68a,1,credit_card,4,123.69
"421858efed531b7cdf327d05df89f0a7",1,credit_card,1,65.71
"22bb6f36d1e57b67466b3fc2d3e0fbba",1,credit_card,1,45.78
e7357fe4a77b19d99e8916f8e8af7b69,1,credit_card,4,142.44
"4c796d310c3e227145d29bb0ae0dd5a5",1,credit_card,1,34.00
"5497655681652e7e1306139bb5d04a14",1,credit_card,1,44.42
"388093f2361bae7f871b80bf9673e2ee",1,credit_card,3,57.68
"8f6d0c386da6a68373cf241e092c7331",1,boleto,1,271.43
a0f1211e31ceacafc826779466a6d82b,1,credit_card,3,37.13
c7ab4f518d1a47c3f78768c41c887d1b,1,boleto,1,40.17
"85829f8289bff10de3c2cd62170d670f",1,boleto,1,55.76
e68888548de4c863a78ae2de41ec0215,1,credit_card,3,324.44
f160c3778d5bd8e90d2ca1e3ea6ad197,1,credit_card,3,65.90
d4bf1286601648f75bf89839e7991d17,1,credit_card,3,172.03
"1bfae7c85ceb412925413891786a6216",1,credit_card,10,159.60
"8c603c4cd6c5340bc4892c36e662a0bb",1,credit_card,4,209.92
ec91a58a83b62633311320a62097c129,1,credit_card,1,65.53
"9f1e6ff8c7baef38bcdfa9b804b4c552",1,credit_card,3,125.97
"8b5ac3bd97ae763bf44b554c2933ca72",1,credit_card,1,59.95
ab5ff0fcd7789a6b96e8f90c47e0ccc9,1,credit_card,3,80.84
"183ee0e3ebd4c1c995e5f9ac2d950ee8",1,credit_card,2,67.50
"2ea830e178fb91c939722e9cb085383b",1,credit_card,2,152.28
eb0aa3dd66fc926068964d23504f8426,1,credit_card,1,66.15
"4cff2c47144ef818a9d9e6ef853b2bd2",1,boleto,1,46.82
"322ec06ec547885a70cc8a7d075ddf3a",1,credit_card,1,159.94
"4099e45fcb315a95f58e5149bc1c0baf",1,credit_card,2,69.18
"2577b7a27e96dbad77db32d34b57351d",1,credit_card,1,11.53
e1d88321521ac026d9bc246154ee558a,1,credit_card,1,77.09
bd61cca18344a303e8e6bef9861d64c5,1,boleto,1,44.88
"577c1950133b4b23ca356f7bf6f4beb9",1,credit_card,2,614.68
"15f51fa174f4b9b412e245aa5d723db8",1,credit_card,1,386.95
ce34eeaea4785aa1d4b7004019247aeb,1,boleto,1,35.00
"8514ad13664259c7e1bc7cbaa34826f0",1,credit_card,1,80.38
abfd18f163fb20366cc66f777f24d2d7,1,voucher,1,45.20
"10edb7acff4cd11eb43b993548b67f95",1,credit_card,1,463.93
"9e1813e190e6bbc1b75385fc8c7d7202",1,credit_card,1,44.78
"1544b91291000836c72384f035436fbf",1,credit_card,5,102.12
"79779a656c87065c8e3ff7f7510e08a6",1,boleto,1,90.88
"493c01f6ccb506898f25e3b7eb123d18",1,credit_card,2,143.00
"0967ab27ef08c9ab5cb890eb3c1f8f5b",1,boleto,1,46.20
"335cf1cb074c8dfcdf59bc86f8255409",1,credit_card,6,68.84
"0ee24d5ae95ccf0552a2ef03dfadb924",1,boleto,1,128.90
"613ea91cb4b6b072a114ef3e5e9b6227",1,credit_card,6,182.84
b3bdefda94bff94d51ca243ace24aa45,1,credit_card,1,36.35
a8832e9194f467aeec913376c1c473c1,1,voucher,1,47.07
"8a7323f90911d7d68c77dc684d64dfc7",1,credit_card,2,163.65
ee55499a08fd5913d6231b4702964354,1,credit_card,2,201.16
"22401427638873c7bd3cffca5c9f38bf",1,credit_card,3,101.37
b92773553b06cfc1042db69dc1a5b70b,1,credit_card,1,105.28
"2e3258f81be08e497abb202cef0c0303",1,credit_card,8,317.57
"793d6cba27a505c143022119b8f313f8",1,boleto,1,65.09
"1a555b0344dc27a6cc184ba866597cde",1,boleto,1,310.27
bd5fb1f78168328d1f86591c9c631171,1,credit_card,1,66.24
"928039731518f9e1c89ffe7c84bd272b",1,credit_card,2,47.96
de1404a068c6c8c909897886a314bad7,1,credit_card,7,87.57
"4c5c8e4d5eb79a80f344aa59a4d8d04c",1,voucher,1,207.90
"4940a0d55a6bbecd485a780083cf349e",1,boleto,1,220.29
"954aedc4f98a5c752b4097b126a60832",1,credit_card,2,66.60
b2836e010be6f9326cdac9a925076347,1,credit_card,7,73.43
"8109255ed5f9ea90f254fa8c5d80bde0",1,credit_card,8,278.00
"6bd24c02ac923942e7428dde3797ecd4",1,credit_card,1,43.93
"9529626cfc1865093c15f4a2c73346bc",1,boleto,1,35.00
db115077a7bd949a515922eb40aea6c3,1,credit_card,1,442.52
"00471463a6106056c1a2a809f70de640",1,credit_card,5,265.96
"3e4875148a652a619d8615653b4c8e3c",1,credit_card,4,86.25
e713fb4142ff3dd5799a73faf546c9cb,1,credit_card,3,40.09
a0d0d423de1812c8b269e6944e180e1f,1,credit_card,9,116.73
"0f9dcd718955037bf65c97edcee390ff",1,credit_card,2,72.18
"4db394cc1f82f9677998cce47b3bfd21",1,credit_card,8,729.51
"65d304f392228e0b497f19d67ac76d90",1,credit_card,1,11.79
dec35be986f60651db9bd0edded4ff75,1,boleto,1,126.92
"178ca782e5105b917275138274960c52",1,credit_card,1,77.57
a596dd0667e64089cd1c927aca8a3bf7,1,credit_card,8,364.99
aaee808634adf6a6f4bdd2354f43f448,1,credit_card,2,131.78
e2210e9067554988ff724209b5b7a474,1,debit_card,1,45.09
ddb33b0aa1ca6227208f0ca0564f0696,1,credit_card,10,391.66
a3a97bc6e236d5351537c8f466c34dad,2,voucher,1,6.67
b5c4393e0fffc94526b88d47d09dabe3,1,credit_card,5,200.39
"55404f7c33f7e16a818555a8aafeadc6",1,credit_card,5,96.90
"4f40b7b437c07599a6f77c6ba8977dcf",1,credit_card,2,162.91
"9ecc7884797c901042fe3114f1e59f5f",1,boleto,1,76.17
"931b5b510d21c486fe86269b2e36fedb",1,credit_card,1,20.68
"1ff18ac87c2bd43b4a902ef5736193ae",1,credit_card,1,111.22
f16dee6de72d9dcf6b644a19233a39da,1,credit_card,1,55.22
f774e750b5c406bbf9de83d515153b1c,1,credit_card,1,126.74
"777d466afbadf685826ca5de0e152684",1,credit_card,1,29.18
"262b756fedea5f6b366d4b2502305836",1,voucher,1,47.62
c07977513dd852f243fed5bdd4f04567,1,credit_card,1,270.16
"587e32dd528769d669d539531d32aeb5",1,boleto,1,189.18
"12c281ebecb5a750bfb59174f5660243",1,credit_card,5,177.55
"1ba8d0116eff4ce64f79e9094f241f6b",1,credit_card,10,114.45
c6b504c2796cc68a698cd95f0b68d569,1,boleto,1,261.46
"1c958182f10d6fcbac7728c8d3a151f1",1,credit_card,5,105.30
a22bb4b44152c9a83688e2a3652d2154,1,boleto,1,35.69
"2c9b1f7bef0f4fd1ff94ce18f9ddc0bc",1,credit_card,1,43.05
"0a8c95289dc386957c00a84dcc054d5e",1,debit_card,1,134.83
ac3b2d2f26b74c0c5f1e28c2f35abbc8,1,credit_card,4,559.92
"6212a47660b2565578064374703be19d",1,boleto,1,45.84
"77e1cc2ffec141e9953220a084af5951",1,credit_card,10,539.00
"3de96b35ed547a94451b30a4254f2c16",1,credit_card,4,95.40
c43e62f314e84c60a3721d60017eff7f,1,credit_card,2,104.94
"1958f9c53ded478c55050913c2367266",1,credit_card,2,160.51
"5a00b4d35edffc56b825c3646a99ba9d",1,credit_card,1,157.13
bc0ccb298ff96bfc777b62cfe75899c1,1,credit_card,2,117.96
"0b5e170e94809753b83e7770cfe6bc4f",1,credit_card,3,658.65
"583174fbe37d3d5f0d6661be3aad1786",1,credit_card,2,99.28
"568f74fedb8dd376d4ec5cbdda44712c",1,credit_card,3,134.58
c58118a3ddd13cf8d8ed345485f5ba28,1,credit_card,3,116.44
b575e62716d36f28049cdafc28bd9d99,1,credit_card,2,158.98
"942818fe0196e1b31017bffb40c048ba",1,boleto,1,73.15
edb2a55c055efbb898171ec9fd840ab9,1,credit_card,3,61.64
"29bd9da0c830f4911275d768a70079ab",1,credit_card,1,98.86
e71f1d602c3b94eb593d48a61a2163fd,1,credit_card,8,1344.46
"740b489def00f1dd64ba1d3c169020ba",1,boleto,1,66.10
"529bc1df87311518b0facbd66aa23964",1,credit_card,3,84.23
"13a6b84d8ffc29e4607ddcb4170cd8a4",1,credit_card,4,187.34
"958407f3ab4e9f0d5d03a341f3840ce2",1,credit_card,5,56.62
f4454801db3daa7590e69cb94356174b,1,credit_card,1,115.26
"2dd40e76f5720434aa1540eb92620584",1,credit_card,5,203.06
"7b7b366f9d788aefadee50f44974b9d9",1,credit_card,8,407.26
b1d0fc0b53c9fe10e6b7c7f589c0a171,1,credit_card,10,541.08
ef58bcf242133d6cfd9931ba4061e39a,1,credit_card,1,63.50
fd44d5496bf553658a71415d23179e70,1,credit_card,4,50.46
"008fab5602c441d51f30b1464f5d4643",1,credit_card,1,65.55
c5a136c7cf492a759889d92627006f25,1,credit_card,1,17.87
"9971209651bda86ae11c4d218eb2bf7d",1,credit_card,2,145.90
d6ffe2b49a34a724f0b9bd6bb80529d2,1,boleto,1,54.16
"179394da67149ef0dec1368b27e3b2e0",1,credit_card,2,155.14
"2cb5ebc8618b31204c46aab763a8ca88",1,credit_card,2,64.10
fa3e74dbf7c2669de4cbb7d68adcb17b,1,credit_card,9,484.06
"77603d935cbcfcb914df523f1fc1316d",1,credit_card,4,54.85
"2b3da71eeeb21b32d855dba308304b5e",1,boleto,1,30.09
cc9f137560ea711d7750050acf6c9ab3,1,debit_card,1,117.31
"4e16a9ec5cf02e97e8f7fb665cc89391",1,credit_card,6,66.74
"8a098e4e3159f7d2618ce9617622973b",1,credit_card,3,160.76
dd83bcfbba569f573c6e7290d3092506,1,credit_card,7,638.55
e1a73a8183d164944b0f44e1eb39ea7d,1,credit_card,10,209.00
cb34150c7912c6a848be6a756d4e97b3,1,credit_card,4,229.99
c4045d70da44ecbef2afb4407592fe90,1,credit_card,5,206.87
"7fce12aba835839d28dd66327905bc60",1,credit_card,10,213.38
"64f34bab2e734411350236e1bb97c8ca",1,credit_card,1,90.54
beeb8db71523294144ecc1d34cf40814,1,credit_card,7,147.80
c5080b6b98d9207bf2aa64d3a2647957,1,credit_card,1,104.42
"1d5a37ac3dadde6a732db74ecb91e107",4,voucher,1,20.00
"85ae4ead3b37285b1e538a206b99b67a",1,boleto,1,62.23
"977b31c8455f33c500fbd18a7770be82",1,credit_card,1,97.90
"8fc1d441a00d0ba601d5609fd95f4174",1,credit_card,1,23.29
"270e2c93dda2be7908cdf2a877171b8d",1,credit_card,1,47.68
"2860a8f93184d56f89d3b2aebb912a83",1,credit_card,5,114.18
a50d20f183503ea2b8aa1b506eee3d33,1,boleto,1,49.70
"60e67382f21910dba1cafc875da0c1ee",1,credit_card,1,78.78
f8276f728f18fb120f0404c7444fdc30,1,credit_card,5,102.03
"3a96902e49651bc6e89660a93d5c6f60",1,credit_card,1,120.22
"701a4ca3334d676567d4e5016a02cac7",4,voucher,1,59.47
"21c4830753ec0aef4a21072587e6711b",1,credit_card,1,33.68
"4b71e4e408d1d7ba09ce9de51e198215",1,credit_card,4,48.69
df8b7f153141f7be72d422ecae000dac,1,boleto,1,98.51
aab611fa596695caf1f68f6396c03e3e,1,boleto,1,184.26
"6ab63ddaa43a0adec6b62f06e9128af2",1,credit_card,1,38.42
"6a14c2d163a90849493a292ab5df7f36",1,voucher,1,62.27
b91ca0418b6f2ae549bb6f356eee80cb,2,voucher,1,9.18
"4830473362441527781ef6c1860cac4c",1,credit_card,4,96.68
"9ea386e9542809c5955f1b89354c5e5c",1,credit_card,7,79.56
"3c3fa8869e142a240f57aef59c095f6c",1,boleto,1,228.43
b8d5cd6eb84d7b61c5c77ac4cb0b90b4,5,voucher,1,8.72
eeb5ef8a49a1f7a19a3da46d6d968e4d,1,boleto,1,281.67
c2682afdb84368351a76f8b0c8cc47d9,1,credit_card,6,136.14
"75518a45c276d9863de563ed245edfc5",1,boleto,1,53.31
"589538510b70bdc85d8879920b71bcd0",1,boleto,1,65.46
"31c2a4ddeb6a9db03922009a2dfcb254",1,credit_card,3,59.10
"771596702a2e0245fb67b093182acb03",2,credit_card,1,11.11
"7f5d123edea7962b20bf26e29262f9e5",1,credit_card,6,607.76
"2a938ab677c1c4b10ef1a62a22279dce",1,credit_card,10,104.37
e73b248d4f6ecbef4a90906e0ec56290,1,credit_card,1,22.69
d326e75b3255dce0b8d809c02280d012,1,credit_card,3,35.95
e985c1050ad17116e8f5187e8ff1bf0b,1,credit_card,1,65.43
"573aed3067e4c429716880094b71a80b",1,credit_card,8,104.70
"707c7403d5d131e75e3d557bdd0646c4",4,voucher,1,30.00
"2bf7d37aa300bef762cb89e61ac0195f",1,credit_card,3,35.00
b30db4148d5398cbf696c239d830b233,1,credit_card,1,99.46
"667e8016c1467476000d4dde127343ac",1,credit_card,4,65.10
d8d5b2d660ff0d4f9391b823cf3d6b3c,1,credit_card,2,166.50
"797d09101d970843eb1cb6e491b4da0b",1,credit_card,8,402.10
"465a9ee52befcd11131e1f522fce467f",1,credit_card,1,180.91
b266a615d9ff23b8e03709df89329b1a,1,credit_card,3,692.59
"3891bbda14004bcbb610fdcb3720986d",1,boleto,1,235.70
ebe44ea8678031f3e76cfac35b31080f,1,credit_card,10,199.28
"2f469266d0a5336ac76d2068ef1c9f2f",1,credit_card,1,87.16
f26d4637c4f560f72ba7feac1675c100,1,credit_card,3,524.78
d242e4368b3d82fc41caf793b03d603e,1,credit_card,2,236.29
a06cb1b486cee3a35945a90947663f50,1,credit_card,1,68.22
a85b0a5e87b520e0315a4aa50771e9f0,1,boleto,1,119.66
a2e3d71162779bb939a9e0a461226e64,1,credit_card,1,33.82
d2783b3ae3458b44a4ab7cc0169bbde6,1,boleto,1,113.89
"95b1f6f56e1831a87c509debb79f3c52",1,credit_card,4,77.98
"034fcc4584bd6b6ca0c0718acf969c79",1,credit_card,1,64.75
"0f9458a3e4a303f60f99659d29645ee5",1,credit_card,5,138.54
"7ea34f2216c81857e7dd59d9d02b4626",1,credit_card,3,92.57
"89f5b57546c833d2885ea08dd4a7df1f",1,credit_card,1,90.09
"81508881aee7b223104b4a5d4b28f786",1,credit_card,3,138.33
"0cdc602941468800cf63d3385e750f8e",1,credit_card,5,115.88
"23640b43da6ae4ac5a21782ca8c17c39",1,debit_card,1,49.09
"431e70e0fb93448af0d2e42e6af75e96",1,credit_card,5,343.74
"204e562a760b68ad78d5032698bf6840",1,credit_card,1,230.40
"732c61dedcbe590b6b5d8a7609bf25b2",1,boleto,1,114.33
"9e0a1a3c6816ec9c34b90123c3b31d4f",1,credit_card,4,348.77
"229f074fb0a6ffde943458174b4ada63",1,credit_card,1,43.13
b42c74ef741f507b421d3dfb4949178f,1,credit_card,1,127.99
f17c68f902fd50e36d9c37ccf4c85870,1,credit_card,1,39.36
ddeb944cad8c597ee45d421a640f164e,1,boleto,1,151.32
df9eb91b90f72e0b73a3b71466a9a44f,1,credit_card,8,424.13
bb853f6461f9ba28e1f12a564dabb27c,1,credit_card,1,89.17
"18b5c5e3d06b8ffb3935759ce29393f3",1,credit_card,6,194.01
c12a78eb30abe88570f3c2c79bea1334,1,credit_card,1,87.30
"02218eb2a33847087a46d34397835b2a",1,boleto,1,48.69
"53dccb14668d654069cab1d78e4b13c1",1,credit_card,10,369.54
"7c1874537dafaf7092ff655e2d8f3ef7",1,credit_card,2,183.98
"8c4c8ec2a3220400b0dd56f270c90eea",1,credit_card,1,61.11
"20dd46ec82721cbf25cc9ef228943bf5",1,credit_card,1,0.53
ccd6dca45b65f311ff32ed8fbfdc1efd,1,credit_card,4,157.30
"2e8a8d29b0f567fe40d69ed8342959e9",1,credit_card,5,202.28
dcacab0792bc5892595d62c36950746e,1,boleto,1,416.08
a80129099e52729cba02cd1736520aa2,1,credit_card,1,30.60
"89b939af6aada7003d4d2930b87d8b68",1,credit_card,4,98.00
"6595ac809d7aefcb6c774733b6fd6055",1,boleto,1,589.20
"2442686c8ec7cde165c4b56581ccbae0",1,credit_card,5,101.14
dfec7411ab4ba17202e5aa72bcd3a3e1,1,boleto,1,132.14
b3d9c976bbcf9d507f57ce76d82fd455,1,credit_card,8,430.67
"086731f4ad521c4094b1eda75986b88e",1,credit_card,6,506.40
"8f45eebf4554e796f1e35f7c2fc16190",1,credit_card,3,126.19
"24f092dedbece404a94beacda86c3a7d",1,credit_card,10,601.30
cdc62ef71741b912ed0378bd8493f884,1,credit_card,10,237.59
a96e4916afbe040afbe005d10eb41523,1,credit_card,10,202.74
"6f8747aed0e0bf14065fb5a312ff7fa8",1,credit_card,1,76.86
"2033a4586b5bec3229ebc1675a8ae092",1,credit_card,2,50.35
"2478162af45c03e2a222e61c781e9209",1,boleto,1,486.24
"0ea1fd1eeeb46df9770ac9d07e1e71e6",1,boleto,1,82.33
"300acffc653419f09eea9de45afa0460",1,credit_card,5,113.55
f03ccc35dd341e035efa0ca47c83cf10,1,credit_card,8,380.74
"889cd80138da82895c4ecb01ddedcc1e",1,boleto,1,53.50
a11cd01ac67beef7e8bf09740d8a35c1,1,credit_card,2,103.28
db02019c217bc64e86e43a98890e552a,1,credit_card,2,40.79
"8ac5066a163c60c1ae9bf17200df3dd1",1,credit_card,2,180.34
"3b4d27a1da06e8be667bfe9e86a33804",1,credit_card,1,111.97
"0bcaf262925111aa4be36f35bcb92fdd",5,voucher,1,17.78
ea9b010cf2c27393c24c5e0b8a9c07d2,1,credit_card,1,302.35
"4f5a529c594b7fb29daf6b077313ebcb",1,boleto,1,163.79
be29b4d0774e9898e80770918c0f2f64,1,credit_card,2,72.15
dca3b709f4c0389495cb4fa1a063440c,1,credit_card,4,47.63
bdb2bc3c571eb25e242b01f591816c7b,1,credit_card,1,38.09
"77fb4b8cc3c049b130b87530c7071abd",1,credit_card,1,832.99
f6020d7ed890e28795ef0bca882cfdf1,1,credit_card,1,40.74
"0bdfd876931ec6df01297b40e9672c12",2,voucher,1,127.32
"4d5abe7999d76d1fb6237d3677706af0",1,credit_card,10,149.14
c977e225ec57bdeb592c91bacf0f2897,1,boleto,1,49.36
"88070a99472bf32fc96e605f816679b0",1,credit_card,8,82.32
f162504b437717036cc81bdd9a02c4ba,1,credit_card,10,206.99
c79b866af7c3d1b58adb819559fc2887,1,credit_card,1,99.74
"31f280f556b8d9944ab746adcfcc7d83",1,credit_card,2,152.33
f2afcdfbf3e9be7b7561ccd2a7e4a9cc,1,credit_card,8,267.51
"9f80f54504b9a0002c494e13068044f0",1,credit_card,7,87.36
e93fceb3b0a859a71554881b5b9b5a86,1,credit_card,3,68.35
"6b9a9e40ac9cdf69e9d4c2643e7d9e21",1,credit_card,4,252.97
d9e5efc8095789e6ed44f7419f794928,1,credit_card,3,132.26
"38907d62f0ad31245147a7a2378ff1db",1,credit_card,3,72.14
fd87d98feff1673e27f7302bceb00cf6,2,credit_card,7,144.99
b863ec287a0a4f65531e02e8983f0d96,1,credit_card,1,76.78
cf1b24b9c3eb7257436b2e7b176444a8,1,credit_card,10,101.13
"7b103f0841bda2b0b9e208b7840a762c",1,credit_card,1,187.89
acb7c1bc62f008647045477f214b5dcc,1,credit_card,2,55.00
"0ef774beb58a475478121bd8277abf6a",1,credit_card,5,306.69
"6227de9611e75b006686710c6a29df35",1,credit_card,1,130.07
b09b98cd6505e67b66c88ba47a602531,1,credit_card,7,81.11
"22f22c1682c8770846365e4f0422e5e8",1,credit_card,1,61.69
"84a0da4c506ee63e6163cfab9141964d",1,boleto,1,47.69
"1192f8d4606dbcec8d0137839a9c4261",1,credit_card,3,155.84
dba2f75a725a75eb4c18afc504088084,1,boleto,1,51.96
"33d1c541fe62cc7e7de82f1a6f7209f1",2,voucher,1,100.00
"4f9f24f1dd52ecdf0684a63eaf36c51b",1,boleto,1,55.96
a15d904c9e9cfb9f11a9752fbf1b6a7d,1,credit_card,3,38.32
"05aacaaec38544ee11d42a69bc098d4b",1,credit_card,4,131.51
"375555206d0a5e78407912c60af6f883",1,credit_card,4,43.04
cbc53400ab70c26079285e050d0dd7e1,1,credit_card,2,156.19
"7b421b7b2a461b494f9b4e6c43b1aa87",1,credit_card,2,135.94
dd9934c610c4363619b6b0f850365725,3,voucher,1,0.37
"222e1885ba432dd5ead67bea2fcb89c0",1,boleto,1,41.99
f40c9a0dfd3542502b65ecac2fcbe501,1,credit_card,1,51.10
eb92f6fdb8dcd9a9ab21c341b4a3ca5f,1,credit_card,1,1.77
ab797176e01c2fa3d13aa1fe3e63d9ee,1,credit_card,5,54.62
"491bc4b36d8fa1a8c03c68bb9ea692d5",1,credit_card,4,279.96
dcd7bf0e4548b5a99e81cca7a7160042,1,credit_card,3,34.09
e27677cc62d6c8851e3b143c2e020291,1,credit_card,1,40.10
"363f3d1dbcb3b03d17ba62e6904dd353",1,credit_card,1,67.08
"98d24b150d7625f287efd12c0dcbadef",1,credit_card,2,173.84
"4d4ab4ddf371a4eef5153387cac80ff8",1,credit_card,4,202.12
c6f3dad60242a9cb7ce0486b495862bd,1,credit_card,4,67.60
"19b6861ce084842fb4ec0cafc59deebe",1,credit_card,7,77.03
f6f1f2a565bc0c1d761799e42d923401,1,credit_card,3,226.90
b7efe64319f69973a0924eb8e7a1ed3e,1,credit_card,3,176.78
"0c077fbe69b84abe12774536d0904060",2,voucher,1,50.00
"49000628096970f7939dc39c2f310121",1,credit_card,3,133.76
"9c77966338b7a4afae520a5723c937a3",2,voucher,1,66.27
"476d3802a2891d2a940eebb80d0b7f94",1,credit_card,3,64.75
cfa3ebc822bd859ba19fa0daf5c77c9d,1,credit_card,1,143.84
f00444f4b3ac26cef3dcd0fba5d09ad8,1,credit_card,7,156.33
"7068f14af6c3c575490f74b6aaf2f05c",1,credit_card,10,1093.52
"070cc53897ed4829689c415f99d37c3e",1,boleto,1,36.22
"2cef7c298050b8d6865e77d071529770",1,credit_card,1,94.77
"55ba74a964a104d4a7278eb43e11b16a",1,credit_card,4,153.58
"4919b841634d8ba6547af2e05ad3ea1b",1,credit_card,2,112.71
d556bdb76163c01de4a108305dc4bd65,1,credit_card,1,95.00
c895733b4c132c39372f228b48f4ee8c,1,boleto,1,86.96
"36bed4b6f0c3a5086108ff51d0afa4dc",1,credit_card,10,238.43
a2195cafb7379fd5abe516cac08e7fdd,1,credit_card,8,83.23
"2aaab7e991347226dbda1f61c6785f88",1,credit_card,1,86.90
da21a2894f0f303a180cfff4becfd050,1,credit_card,3,75.98
"91db217544d0eac98354b11f2f35abcb",1,boleto,1,67.83
"813c637484948baa6c0e02abefc2a204",1,credit_card,1,50.00
b843f3e786e91ebc527779dc682f5487,1,credit_card,3,37.86
"7ba1fd18a995ff2c401b69344ed3ac21",1,credit_card,8,88.74
"88fe7b995b605b04902482ee56b02af4",1,credit_card,1,190.44
"3a8b5d6aa0469ea3789217f050a30c08",1,credit_card,1,88.72
"1886d25a5ec0c9494c99ef246359cde6",1,credit_card,2,47.22
"83b6bfe22905fb3ba851da5f182c1e63",1,credit_card,1,130.25
"6ec4bd1ab5a6833d9129bc04859db56e",1,credit_card,1,113.13
"829105b927ac0fb2b0b47fdd3ea440ac",1,credit_card,1,58.72
"684dd0a88e0981f537557582bc8acd90",1,credit_card,6,62.11
"7cae50310da9b9ad218aa7ca236e41ad",1,credit_card,1,90.17
"7f863d2b8f093124a65f45eff9c43557",1,credit_card,4,68.22
"6ff5c2acb22a3ecf21cf46bef548f5c6",1,credit_card,8,101.93
b136c0fffe2bc0642080f1547c1f569b,1,credit_card,1,215.14
"1a26633be71803d169cfddfaa40fed21",1,credit_card,4,89.75
"3d65556241877a60dc65971fca8367f3",1,credit_card,1,129.09
a35bf517586a9609441f4d6f8db9f6d2,1,credit_card,1,51.01
"5ab757281ff67823b81ca9b6cfd13e21",1,credit_card,6,657.05
abe45c6183ce8438e33286caf45374b4,1,boleto,1,67.60
"85456fd9a661ca7cf863b778555482c6",1,boleto,1,60.09
ef18c0e65576729dbf505f63f1414736,1,boleto,1,101.31
"387ec4e22c1949a34d31106d809641e3",1,credit_card,2,374.32
b2d12a4a4d83760c773b813c1c6b335c,1,credit_card,1,47.63
b01b7777b351f49d79288d7ea2f56ffb,1,credit_card,1,69.33
"9a768a8d504ada830b38d678f12d972e",1,boleto,1,37.76
"317ec820fae6ec9ca71bd677229fcb78",1,credit_card,1,31.67
"0b7e2039e06db8ce4bb3eb25e8659a51",1,credit_card,1,25.42
"1e2eefb7d4535b86f105f75ea6125a47",1,credit_card,2,116.94
"72b85bb852d0147e3d23cfe9c224a5b4",1,credit_card,10,122.35
"49379667c1feebaf34be9e13b01210b9",1,voucher,1,47.19
"07c33a9470d0df2a30cc8a8ebd0288d1",1,boleto,1,95.20
"8f33d31c2e4218814fa61caecbd724c2",1,credit_card,4,110.71
"9433f58821239b782c8861534af7e5bd",1,credit_card,6,69.69
"3b392a9a8d9765f668c57eee0f0ae054",1,credit_card,2,76.78
"8459ae3222c7c867da73360e787fce4e",1,credit_card,1,135.59
e419e5015f43887f330150fd21ff60f6,1,credit_card,3,244.81
"32779f6285849a399d09a038397d8e8d",1,credit_card,1,35.00
bb03daf7fc738a6fce908d083fd0f4aa,1,credit_card,6,308.16
"08b04eb82fbd41d6a4a779d822d57a08",1,credit_card,1,120.68
b449aa0c8526754fe10deb8c4596029e,1,credit_card,10,141.96
"7a18a504c1a4b32d883e68de2e1a7db0",1,boleto,1,16.62
bbdf47a1093584db5d4cd4e557c07183,1,credit_card,3,36.10
"34cc4617ab60d179bab731309bdd8a82",1,boleto,1,66.39
bceb7ee558b90b3b5fe8965cc787d374,1,credit_card,10,102.38
d9f4838ea42729e0b08088b15492477b,1,credit_card,1,77.57
cec79ef92819a9f1f2009e1d8cf26db8,1,credit_card,2,22.58
"403d497d5ac592144b9c83c01daa3a25",1,credit_card,2,111.89
"8c8eb180639e9bf917a45e7acef96a42",1,boleto,1,163.67
f30b5e94b68ee195b6ec2d817e5bef0c,2,voucher,1,124.70
"167c7fa7ebae209de1dae58a0ff6569b",1,credit_card,1,98.68
cbeaa013552d74983472628c5534d3e8,1,boleto,1,32.86
ed1691ef26bd8279bd5946561af1ff0d,1,boleto,1,546.65
"35a360830279232c27d0a97a124047a7",1,credit_card,4,202.76
"72e4d06e2e6df7e9ed18faa2f3623394",1,credit_card,2,37.77
e83bf64123b8f85a33200e481a9f982f,1,boleto,1,46.78
"05906ff9618d78153208c80165d91b2c",1,credit_card,1,133.21
"5d4a1f3fcbc44db367e18aa87b275996",1,credit_card,1,454.17
"715df31025aff2a2dd08b0d8c92ee63b",1,boleto,1,168.35
"8844bd02142a136fea55527567960615",1,boleto,1,85.08
"238fbe10df7ff17ce21037d345e1cf00",1,credit_card,3,73.15
b79ef1793739eb56ce58d3776c158be1,1,credit_card,1,47.81
f6ca2b9e738276a523e65504634a762d,1,credit_card,3,169.87
f0e888236afb66e9bfac24a6100bbf53,2,voucher,1,12.58
"377921d7c0a75e0b9bb55f25539583e6",1,credit_card,1,63.13
e9e6bfa908df3cf8873ff387a5c63561,1,credit_card,8,240.60
"42ef77c2949646ec1d09f4f38b249508",1,credit_card,2,57.43
a852cc31ae30e70e308d7e21bcc47990,1,credit_card,1,18.29
e6103b1c3a67152c7b688d5da11460de,1,credit_card,3,208.42
"28fac8432e4ac40170eeb057fc4c138f",1,credit_card,1,117.75
dc3a9c70f04d717803fbcad2cbbddea2,1,credit_card,3,94.23
d38d019bcc105fd93c466326b28488fc,1,credit_card,8,479.77
"3d4e6631f372be21b143a5d9aa2326d6",1,boleto,1,53.23
a3e6136894621db402a772c6bc72a12a,1,credit_card,10,256.90
b7e0017e946ce377e3e0559d5cb1200c,1,credit_card,3,332.62
"36d911df663c33d155c3bcc0433d703a",1,credit_card,1,127.05
f820932d157065aeabe1fe3482431dfe,1,credit_card,2,65.78
"41f5e3f5a534e0af91f17caed45b97db",1,credit_card,1,97.63
ecd832254262868776a1381df4b0be02,1,credit_card,10,580.31
fa6e801a54147fb8ada766a1f407a80f,1,credit_card,1,61.40
"3b29140787c6e85abba4fa2e24eb500e",1,credit_card,5,212.94
"4603709e5e41c0247684e02398ef89ba",1,credit_card,5,101.34
cfa740305abcdd1e81de66935e86df2d,1,credit_card,1,294.07
e3f376c626cf5eff3b2cf6efeec384c9,1,credit_card,5,101.50
ae732f4ea355fcf53ca3064153c276e6,1,boleto,1,51.00
"26c71804bc6af868d57e6a409f219bfe",1,boleto,1,106.22
d88a225d12c6ae71beab5cfa2e6e0b24,1,credit_card,1,81.43
"4fb76fa13b108a0d0478483421b0992c",1,voucher,1,8.40
"99a3c8e51539b3ccb221a27cc29367f2",1,credit_card,4,93.92
"2dfceb6a6d47a3835536db64f6c610a7",1,credit_card,1,82.62
"8194f59689e6129d3bd13dce90d86c2b",1,credit_card,1,214.41
"4a8540117ab8b9696ac6ffe3b37e4acc",1,credit_card,4,275.29
"54c3a52bd97fd2dfa8773a378b1117f1",1,credit_card,6,132.44
"3146c0c437f6206198d8934ace1935e1",1,boleto,1,67.99
e0e8821153a77c23ac4dd81c2e687ee0,1,boleto,1,65.51
da96d28b7700ca5ee77d63d455a9ff9c,1,credit_card,3,120.31
"16424ce30b370cd4ad36d4aa24baf5f2",1,voucher,1,30.19
"6ea05fe0bc7ce79a766cea430fb1ea56",1,credit_card,4,98.22
"2fecaf598801440c691c00e5f378d0b2",1,credit_card,1,32.77
"5b2f8cfd2fc117b59e6a0247d77f07d1",1,credit_card,3,91.99
"0a9fc736e210f495e2023d3a9e10319a",1,credit_card,7,204.46
"1bb0ce15a167cb42d0bc628a99395f66",1,credit_card,6,153.96
c8375e79155a5bfc564dd3da053bdd15,1,credit_card,4,95.10
c90e15a8d750212aa19ac74b22a39493,1,credit_card,1,35.13
c38aa2f85a080e3c7d20f51359873479,1,credit_card,4,215.27
"871bb7860901ad46c75b6082df7b2915",1,credit_card,3,100.70
"65cc3a9e78ce5bdfab69c2b1f98ab7aa",1,credit_card,10,216.14
"168098b366e2b3274e4e458f478ac9ba",1,boleto,1,97.87
"17ee1f77fa871fa2d26b8095816fc2eb",1,credit_card,7,113.91
f162b72aa92d8ecf9cdb69e84fb2277c,1,credit_card,4,47.62
e3411277abc85c0051b5e9a9f7e6d0cd,1,credit_card,1,42.37
"46dba1d22a6ee9cb6200c1cb899f583c",1,boleto,1,128.10
"9903cc5e1e454aaf33a898f173808285",1,credit_card,1,32.38
"9ad9270de3bd98ce09213f047dc7a16d",1,credit_card,3,180.17
"2430d337cd4137d6647ae1afbcf88719",1,credit_card,1,78.50
ee08d8ee1e91201837b8d764336db291,1,credit_card,2,23.81
b239d7a386db8ffed15c72578e9d3cac,1,credit_card,2,111.42
"9917a4ec1326b36d3ed615c06c839870",1,credit_card,1,52.44
"4a46b5e1fafd4a6ab3f773494ba1b331",1,boleto,1,131.73
"011bf86f1b7dacebda2c874333cf656b",1,credit_card,10,108.64
d3a2d71aecfd58b0ddd6b9d7b56ed55d,1,credit_card,3,101.71
"0a1ad2c293c3baacc6b2c2d442c71acd",1,credit_card,4,44.42
d0e54233f6df824cc818b3d6f936c2db,1,credit_card,5,164.32
"3cc14e2cf62e0a0d4d469d77141dfac3",1,credit_card,4,259.60
"9a948249ff7195c8fcc2817b72ce6ff1",1,credit_card,2,141.78
be83e11958329610a35de1f743052c66,1,debit_card,1,217.15
e0fd66782409b23632b81b1c01c46c24,1,credit_card,10,333.35
"7f2f03f3b7e68c7b510177e04cb2b40e",1,credit_card,1,86.81
cc89ebb8288e14b59a8edafe7fb2bbb5,1,credit_card,1,115.86
a0726e4fe3c5c989d0f89d5432c905b1,1,credit_card,1,58.86
b3edcb85453179d7aff0cc5180ef4880,1,credit_card,4,200.53
f695e0534456bafac8cda166dc5fd0e4,1,credit_card,2,98.51
f64a76cad36b9c69a34699f1858db432,1,credit_card,2,111.80
a08c01d5f51d5678f97d00ad2f228f8f,1,credit_card,2,88.08
"8d52f577ba7567489fd16d17e594616d",1,credit_card,12,124.85
"9f36a6b11ec95b4f8586000d49dae422",1,credit_card,10,396.05
"38eec5bb3f0c72a0441c485a07bd99b5",1,credit_card,6,66.64
"5cb724be50443da495598c1db35ccfbd",1,credit_card,2,175.77
e0844ad513f3a460e5438e8b79da7eda,1,credit_card,1,121.60
b30abf162ff1730f50b6400bdc32550f,1,boleto,1,91.86
"4d9b3932e6baf037f736be12e0a936b3",1,credit_card,2,144.65
"7a892f60ab55f0706eb2386da59a4849",1,credit_card,1,93.19
"5543f968d44e1a22c64d1caf5eef5186",1,credit_card,9,95.00
"033dbd83c331548108afda89d5bc6b79",1,credit_card,4,208.20
ca0f56eab306ab99911de4c96727a104,1,credit_card,4,173.85
"37aa78c2f3c77d99ef98495517766373",1,credit_card,8,507.82
"3169ea0ca9e7b527454873b4aa6e6583",1,credit_card,2,72.78
"8e9358bf838db65d965ffe0913252ac8",1,credit_card,8,218.96
"30cbc667959773c36d34c2ce5e02b4ac",1,credit_card,10,137.65
e1d010e4693683466fcd40145f3c084f,1,credit_card,1,2.95
"53dcadf469da8b7dc9c2866321927607",1,credit_card,4,142.46
ae3ecd7aadd6785fc80415c76a3ee139,1,boleto,1,180.76
"6cc1d2351291e69abe5a9ff91fcdd59f",1,credit_card,2,51.88
"61bf64d7b02245b6f59f471a6ca6ded7",1,boleto,1,22.36
"707c884622a611c1c2c7b247c01f0121",1,credit_card,10,283.86
"075024c4910bd35a5d251813d59009cd",1,credit_card,1,88.45
"2abdeb2a279a7199a59ee4c87dbf1e9b",1,credit_card,4,208.81
bf3b217e5505e5e9d746120dbb93b562,1,credit_card,4,151.08
"019ccfeea1ea9afbebdad57d65f2e36f",1,credit_card,4,167.81
"97bc7ca0c3993c893f4fd5199e2ae2e8",1,credit_card,1,60.03
a4393c3b5a8769765b6bffedbb5c72e1,1,credit_card,3,32.43
"99c254ee6e59f7fa7bfa6675933cbc04",2,voucher,1,108.33
"143557cd5a7387503d5222e9a1efed75",1,credit_card,2,99.53
"0ff95576cbc4bec34c722c80b81a25fd",1,credit_card,1,65.22
"560dbca079541765d29129e9b652f8c2",1,credit_card,1,61.77
a186909d03f021f25c25484fbd31a42d,1,credit_card,1,98.09
"1f6b1a05b6d25d477413bbc327f1a714",1,boleto,1,41.13
"4912377c02eb84d181d53e98e010124e",1,credit_card,1,285.68
a580fda5693f29e7c12c519a37a19b8f,1,boleto,1,56.99
ce2d0e7e8a249b93d3cfadb57113023f,1,credit_card,3,72.75
"1a7ee01992a69255a005e9db8a96d898",1,credit_card,10,278.06
"725eca9f9dda0b6d31796735ae596bb7",1,credit_card,2,205.28
"70ed892da9da5db41406428e9d9ced49",1,credit_card,1,60.54
"0ed863ae64e541253de34411c0b0280a",1,credit_card,6,123.87
b5fa2ba0f79e3ed1060c40becf0952a4,1,boleto,1,70.83
e2af4ae300d48b96b78846e01a26c034,1,boleto,1,88.36
f8dc2e2efd79f135f2ae7b04e0d95985,1,credit_card,1,54.24
"32d5345315b43fe6681946d54874262c",1,boleto,1,51.59
d3984047994e1b9ed6b8903828d48676,1,credit_card,10,216.85
deafd5190946c25dcce1974055abb693,1,boleto,1,24.75
b41c58f1cdb089998bf02e8fae313c90,2,voucher,1,12.12
"7bab9330fbefd3749e98cbd2b84800d7",1,credit_card,8,195.00
"1a46be998b91e96ff9bdd066816556d7",1,credit_card,10,146.30
dd67b7acc6c65e92fd2db3c8afd56b2c,1,credit_card,18,182.83
"9fcd603ada60baefcd5ee37111b9d70c",1,credit_card,1,208.78
"5065dc0da187940cd74472e443c1ff65",1,credit_card,2,145.70
f29d2e7d66aaf2845c93e1fe45fabc8a,1,credit_card,3,179.22
"3b36585ddf3b6ed361da77583c542a6c",1,credit_card,1,31.99
b02f2888891cd431e71f2f0a9a85e7b8,1,boleto,1,104.44
"0b838846dd20161681d3072fbc6765ff",1,boleto,1,56.34
"61081143400f0360d4983bb9daafcaa0",1,credit_card,7,155.05
"2478ddd1d1395639b71cf0d498d8dbf6",1,credit_card,4,41.85
"3e63e45cdcc3ef1367a5d9cc33bd5545",1,credit_card,5,133.76
"654bb3bf5756b75c4b37dd9fd7170cf6",1,credit_card,6,168.63
a6ea59851ffee8cb73761179fc7bcb6c,2,voucher,1,89.25
"1f9ea60ec073f4edd0551763f608a2b2",1,credit_card,6,337.83
d2aefa1e404936eb9c5660ac2bde4ecb,1,boleto,1,36.50
b8871d60cf4ec81490da7658b25c1c04,1,credit_card,1,6.39
"669a663f230d97aa7f73a763ce435bcb",1,credit_card,2,39.68
"73d7cec3155fd7d97f4e7bd0c996002e",1,boleto,1,59.09
b1ce906877fd32ecc3216688454fe6cc,1,credit_card,2,23.62
f96cf7be5b1953e51fa74aba8b620037,1,credit_card,3,199.69
"317e0cc749ea443d1b14522905d44dbd",1,credit_card,3,89.75
f56fc50c76285f17b655e6bd5a210799,1,credit_card,6,61.05
"8b4f68b99e03c0cffb07fd5711d61fe1",1,credit_card,4,453.92
"370e2e6c1a9fd451eb7f0852daa3b006",5,voucher,1,3.41
f58ebdd1a4d270925b85a62286d42e85,1,credit_card,5,134.05
c9e34cb3b2bd60fe61896bef7a946678,1,credit_card,2,31.77
cc9760bf7b5d5b74c4d1eb1ab6405b50,1,boleto,1,37.47
"0e9ed1bc6589695f10e03b8eca833201",1,credit_card,3,135.15
e46e94a05d2d44bd56759d2e056649ea,1,credit_card,1,215.11
ccf19e37f66c81af8267c46cde40b405,1,boleto,1,107.78
"9b0f7f462c34c45144ec11e414eccab1",1,boleto,1,54.00
"3e734ad65fdbca928a1a4de48d096ce4",1,credit_card,3,94.74
"0b6d11d4a289a1574e8888f2558dd548",1,credit_card,1,75.53
"5337d26d14027f547caacb7fee230f81",1,credit_card,8,256.76
fb01e8d8215d266abffb5ca379063244,1,credit_card,8,702.48
fa481f6753c67fbae9e5c33ad91c5049,1,credit_card,5,280.63
"7e5821896794f7ee1e792ef610915f78",1,boleto,1,50.89
"42113e78f28f6201edc22b1a9f50ca81",1,credit_card,2,130.02
dd873443c3a8427c7a65cfe4c9671b1a,1,credit_card,2,76.19
"2e66dd346593941760c467271183f53c",1,credit_card,5,131.00
"8333c49adbe3515e032c472789e8201e",2,voucher,1,133.11
"80c74a42dcbd6a54b9a563012dc17eca",1,credit_card,3,166.82
"047d4038afddd0dbca117fce7d5019d0",1,credit_card,2,171.48
d003080bcb95015f5bc092748ae52697,1,credit_card,1,35.05
"4f4c78935311aa885158c44fe04d7257",1,credit_card,2,264.92
c7b67fac688e3c0755a4255cb2919797,1,boleto,1,183.43
"9203da3a0188ae9cca20e56ccbb1bb93",1,credit_card,5,57.94
"3cd82d2cfb48466fdfcb8594444e211d",1,voucher,1,40.34
f6b1ad0a4ea2f3e475942e5c854c091b,1,credit_card,1,18.37
b0a63209dc14e7fb6933c55c5fdaa044,1,credit_card,1,47.01
"79782533a7f3400f4ec7ab41028b40f7",1,boleto,1,74.26
ebf91983d41a042878dbc79083043f84,1,credit_card,3,119.18
"39c7d4ae602c664a264c6da2d674f418",1,credit_card,2,58.26
"48b20e2450ca3aafee885610dadf7f1f",1,boleto,1,147.15
"6bf9723842993d425539d1ba41d9637c",1,credit_card,3,77.22
cc72e34236e519ea8144e041bb5fd133,1,credit_card,8,199.00
"6b46cdd08224cbb894ae376f13c7062b",1,credit_card,4,94.39
"305bdb8167732cc44914e064834f8e1c",1,credit_card,1,49.33
d4ab24f781df0efaa8d664c145241296,1,credit_card,2,147.09
"7a0439e9354ab55ab4181d4824eb98f2",1,credit_card,10,624.79
"1fba59812d94723a89e83c562c775750",1,credit_card,5,121.90
de4f4689e7aef3a0fb87f25f66825abb,1,credit_card,1,71.05
"420ab5f8b0999c674c7438c38ecdda17",1,credit_card,10,131.16
"8010e9e1fe4c8ef75f5a261f6ef9e748",1,credit_card,1,31.38
"1a144214f8799bd9e27e84ab6d55fbbf",1,credit_card,4,87.89
b38b3526b8b8fdc807e8a0a42ab78573,1,credit_card,2,26.28
"183544bc98d94a996f01eb282e81ed46",1,credit_card,3,70.75
"33b0ee1d4d2eb8a3d134a25b7d73bc9d",1,credit_card,4,115.90
"0ef7736059e491311b0cc6bd02ca40a6",1,credit_card,4,262.14
"00a99c50fdff7e36262caba33821875a",1,credit_card,4,75.29
"9afefeea80a45adfd67f304e735aed05",1,credit_card,2,52.73
"40eb01ae347825d54e22426e22c5cd32",1,credit_card,1,104.27
"53571e4877460790f5910534d81d533d",1,credit_card,4,47.37
"8914a09684ca4a41b8fb6cdf7d7de429",1,credit_card,4,101.48
b58dafbcb3b0430b897644a9ec3063ba,1,credit_card,2,73.36
"8c6bfa76e0b4be56db6c43f35db2d4e0",1,credit_card,4,57.82
"462972b78b68d10c722c8ba3f5ba4cfd",1,credit_card,4,78.65
b26eb89dfb4e2d970274ef0c668fd43a,1,credit_card,1,69.41
"0a75d2b40c23e608bc7bac42a6c8e508",1,credit_card,4,206.49
e47a63ad65b54953702eae37cb14632b,2,voucher,1,20.00
a39d2611275f47a82918e1e457b2ef38,1,credit_card,3,315.84
e42d675de97fa2ce82d7090d2e1627de,2,voucher,1,89.98
a9983822091392b3700f9e9ae39e62ae,1,credit_card,3,169.49
bf92c69b7cc70f7fc2c37de43e366173,1,credit_card,3,166.71
f3e9704a02860f7bb02454336cd57834,1,credit_card,3,162.75
bf6a6c5b984cbfee461b78fafe9f1756,1,boleto,1,220.59
"9e3796f27dbab73279e5ae222182f918",1,credit_card,2,212.59
d001f2789e0e5c936aecc230eb739284,1,debit_card,1,178.02
"5aadbda0877e0d99ba07f785cd29c362",1,credit_card,10,156.73
c1e8ab8d063eba72d530b57e5b05f919,1,boleto,1,1030.44
bf31be735f38663cdc8cb59406c06017,1,credit_card,1,63.73
edcc020b94ba865d7254269e6cdca99b,1,credit_card,3,349.76
d62e59ee0c5020813dbe50f9204b9a26,1,boleto,1,214.84
fe5cf33c8006e3a98776622acb39c9fe,1,credit_card,1,50.61
"53f5a7f622d498ff3eeb334b8efa7ae7",2,voucher,1,2.36
"5b738ce26271347810fcc1f0b853fdb5",1,credit_card,1,64.00
ce1813098fb283f84f0b5a7aa63e5fcc,1,boleto,1,99.15
"48a6a2ea9e635b0f27e8211023213a25",1,credit_card,10,1635.51
a535ae3c7093b8d47702f0312d27c1c9,1,credit_card,5,89.36
"9a3deccd2b0279aa76825542a6146030",1,boleto,1,142.43
"168c0ece9e82b97455bf1a81502af9de",1,credit_card,2,59.01
"1c35f8855d403c849e5923441dcb9f71",1,credit_card,1,116.06
"5eff641a591dc86709424d65585467a5",1,credit_card,4,44.98
b40657a8b73e674b61107a06e46b6f8d,1,credit_card,3,36.94
"5051a95bc31ec72f803d5df48c2a695b",1,credit_card,3,77.59
"46ebb6001be17983f9f32274dcd0d734",1,credit_card,1,64.82
"919c91917a79609e73d44e1b01df6bd8",1,credit_card,2,51.78
"23e95591b180a24c38bb1fb3f26023a9",1,boleto,1,51.17
e5e59fe47003046e2ed48ebb641564b2,1,credit_card,2,98.70
c7ec0aef506b16f956082d33b51e9aa1,1,boleto,1,156.03
"14db6eba3c303f9a28d0e9330754a842",1,credit_card,1,69.24
"57a10b4e5b1a9982b487b6e33d8cc0bf",1,credit_card,1,46.22
"8556edd77123b5e04862b951269eabed",1,boleto,1,206.47
"618b8ec3c995dcd438feea3300bba0cf",1,boleto,1,88.29
a45f14114281e909364e9833b3c22047,1,credit_card,3,86.15
c722520c1663a8a3701cc0a6eb572b16,1,credit_card,2,64.00
aed8a6355c72e229dbe6db611871f210,1,boleto,1,94.77
"545795e47c9e134237b256ef5b98857b",1,boleto,1,68.25
"7bea83629cbad77571dcccb181fc2a6f",1,credit_card,1,119.93
"9eee5730bfa05aa51dea08370c871abb",1,credit_card,8,87.73
"438a2e6f8c015ee413fa7c74b72db18c",1,credit_card,2,50.00
"54df3693869c9e8423b07e0287194059",1,credit_card,3,174.74
"800cb25e1a401b941efcfa9cf9981fe9",1,boleto,1,168.31
"5953d2dd57f0e259f8b8489c37556e00",1,credit_card,4,128.05
"08e678b21510aad65dccc928f6599921",1,credit_card,1,171.22
f4eda4d97fa21f60b8c95b433085d2f4,1,boleto,1,50.62
"7de1ba35d9d0422c7129096639f316c9",1,credit_card,1,69.90
"49c6d2d936de699d0f22a5b66451200c",1,credit_card,3,74.00
"27996b768ff5774e22bb47c13cb1c55b",1,credit_card,1,148.40
a1044dbf7beb1971c71d7b0f94836313,1,credit_card,7,179.90
"09c0dd7d518cf413ce20facd85bedd5f",1,credit_card,1,49.36
"784d7e60c3fb0cdd1b539166302ecd5b",1,credit_card,10,124.08
fadbac33feb2a1e4f63dda6c1b6908b2,1,credit_card,1,65.69
c3a026aa647c5f58bfd25a10d326ec42,1,credit_card,5,76.92
"84ebcff41a92fda70c984a3ef76d1237",1,credit_card,1,9.46
"41c350b4fbc29efe17a778365a0a5d08",1,credit_card,2,157.92
bcaa9390e85fe694eefdf1e33f77b3b5,1,credit_card,6,63.40
c27a26005da9b758c804674cc9aa2da1,2,voucher,1,100.00
"1a558554b7f10eba1ffdd56ce469df63",1,boleto,1,438.51
"961430048597ac74ad88e6aa0796df23",1,credit_card,6,63.60
"4db6394e792193904621c7cab3e2120f",1,credit_card,6,609.50
"55489c304b912adb3b5cf8b444a70df5",1,credit_card,1,196.71
"95bf775f5db872acb7ac9cf5cdbbc292",1,credit_card,1,48.91
"330534a2e7ad98d0c76ee20bfa001c50",1,voucher,1,20.00
a4d8e20531e46f727b8723d74a39d780,1,credit_card,1,92.57
"2de8cabf193c1a1753f62d87ac8499bb",1,credit_card,1,73.49
c936c86815bcba6aef0825e37ea215f9,1,credit_card,10,264.59
"956057c9959fe111349c59bf929f5c7b",1,credit_card,1,28.84
"189a53cf93264d51ff7b5a92601c7a34",1,credit_card,1,55.54
fcb6580ec29d157ac00337b604e33d61,1,credit_card,1,41.60
"9c94a4ea2f7876660fa6f1b59b69c8e6",1,boleto,1,90.69
"6b38f902ae37fc3a600593994f6e00b2",1,credit_card,5,185.21
"27c747b711a812bafe3c276823a6bf73",1,credit_card,4,738.57
"18106b93c4a03b618998d249d2249433",1,credit_card,10,231.12
"7a25a77da8e700b5a2e22d19e0bf7696",1,credit_card,8,768.62
cb7cdbc81a72944010981bb56fe37f54,1,credit_card,1,52.38
d321a8cd27052ba26f0ad838ce2b70ac,1,boleto,1,40.22
"50bf8a2b03e3f4c0e4ebf955b3e1860d",1,credit_card,1,43.94
"586acfc7e057938293e006ece947648c",1,boleto,1,67.36
"1d251ab94983c4adb11e4b168abb1439",2,credit_card,4,65.96
"14293b00f541856ef515e415e6a5a2f4",1,credit_card,4,187.47
f05ef3ecdb7796d93e204c0a7ab76759,1,credit_card,8,264.59
dc448b07dcf70d4f397500af86b4601f,1,debit_card,1,21.19
bd945884aa64e33bd6c1777facafc0ec,1,credit_card,1,96.82
fedcd9f7ccdc8cba3a18defedd1a5547,11,voucher,1,8.42
"6e429b10b7146f0e09d492b45c32b8b3",1,credit_card,1,254.46
"654da57158d96035814657b5143bb11b",8,voucher,1,51.90
"25ab32ec1b293e1889e29cce8820832f",1,credit_card,7,73.34
"2eadb8e36b6d6465dc9e2e3f3b95751d",1,credit_card,7,72.57
"9b09d38304dcaca0cd68c1e70247ca62",1,credit_card,3,171.79
"28fef81ab1df2696fb04a5353d4ad79b",1,credit_card,7,72.35
b62939b805109a6cc3874aa9ae3ac253,1,credit_card,1,56.92
e72598a24e84f85f6b47b99c7fcb32fb,1,credit_card,2,45.27
"93422fb579e58ced14dc90678d1ee09a",2,voucher,1,52.50
"4a4c61548dc56e17085376dffdec5d8b",1,boleto,1,60.90
"8d36b9d7a238d9d50b8be72fe69ff6eb",1,credit_card,1,70.89
db963ee03edcabe98f2df559e84a353f,1,credit_card,1,462.56
"85f8ffb0071e850ecba540ba938f32a9",1,credit_card,2,306.10
"1c6df404972aaa1832eabdde60936615",2,voucher,1,43.23
"266320cfaaa3ed9a087b2a2dad7ddda7",1,boleto,1,105.38
"1d25c59982ba58d4b0868f23c114f4be",1,boleto,1,96.52
"9eb250f89f6131900dc80bf8e8389de7",1,credit_card,5,202.82
"7e8af96fabba7a99d5206b8db4b7b098",1,credit_card,2,150.58
"665d84d48d4c7c497117465e6f02f92f",1,credit_card,10,372.16
"9d70bcdf379a446b3a834de708aa7781",1,credit_card,8,178.71
"48e86fac091ccf24da8a7ebc63ec3111",1,credit_card,1,11.91
"2c9f6a7c2d93b5c7209ad4d1155fc325",1,credit_card,1,32.70
b8e8aa8bd53c50e5be82ea6f6a04e417,1,credit_card,5,102.37
"0161962c6c561d3acfaa3e2db9a14f96",1,credit_card,2,125.44
"6db6009ebbcd3dd392a0b9fdc4cec226",1,credit_card,1,137.37
"8adf9a2797120df1f8a03e9407313a9d",1,credit_card,3,178.03
d1902896db97466b224147cda743f3a8,1,credit_card,5,220.25
"1d88068495a8986f241f769664ac98de",1,boleto,1,37.58
"7222c3a8696a84d8f538ee8db5832c67",1,credit_card,4,377.63
c9d332204b8dc63cdc67656709b768a7,1,credit_card,1,124.52
f22420a030f491fdcaabbc5573a9ff39,1,credit_card,5,53.72
"48bc52c2b508d82a24686b9dceddf414",1,credit_card,1,76.63
f88efafe68a38b479def426923166490,1,credit_card,4,204.62
"009ac365164f8e06f59d18a08045f6c4",6,voucher,1,4.17
"44a5ad3dfcc50ed80b03ffd522a27cd4",1,credit_card,3,430.10
af0dd2a67b9f1bc277c83ecb2df57f99,1,credit_card,4,203.15
"3b6699603c3eec3ca54e7d4b96b1bc53",1,credit_card,9,96.80
d1b1a90a35eab67950b29a4a38f9a04c,1,credit_card,2,109.18
"1f9acfb03ed5bcc65242f54f6fec83a6",1,credit_card,10,347.06
b5b4d7badbb01d0d2b9d6c5a060bc058,1,credit_card,1,41.83
"0d24d62857c1f2d00801a3512dce5d1f",1,boleto,1,122.80
a82c960297e876b31d23af8b437f54bb,1,boleto,1,136.61
"69a3d3d4af1b74db85965b00394b5d21",1,credit_card,5,518.15
d6006084ef6702485445b9f51feea594,1,credit_card,1,78.42
"6907ea7150759a085c8ed75a55aeb90d",2,credit_card,10,350.81
"656ada45a719393ba3e97d8d9e2ef750",1,credit_card,1,105.51
"43ef9ff2ae77fa4e8097bf6a7d8ab842",1,credit_card,3,84.00
d56092262d95ed5dffdf4ff335af1396,1,boleto,1,38.80
bb68ace3e06362eec8e986719378ba29,1,credit_card,2,167.99
"4a884f5dad6f1f7948b09930904b6f19",1,credit_card,4,85.60
ababdab25dc831464e6dec92bcb1beac,1,credit_card,3,100.23
b041fef38844f3b487478d3c16c3ff90,1,boleto,1,77.57
"4fe46529fed4601ccb07ba71cc357567",1,credit_card,8,332.96
f2ff1f78a5733d7178e393c543100e0a,1,credit_card,1,62.00
e995d882ff7b28ef28cd7e87737fccec,1,credit_card,2,256.59
"50516ea7f0e69111faf523c5d7900c15",1,credit_card,8,222.71
bf983191809f11fbddab3c4f88a804e0,1,boleto,1,141.73
efd8fbb5584dbe0c69cc120e0a1e1a35,1,credit_card,3,75.01
"1ab73bf6573a454e2ea4a88dea0ba430",1,credit_card,10,693.52
f51c9940410ef77422e4efbca407c161,1,boleto,1,69.44
"938c8cbe289e7aa04f8eb3221cf19574",1,voucher,1,44.42
"4d59685727333d1dbcbbcfd3f0795423",1,credit_card,4,218.95
"3b1b1d0a19960310b9e033909f63f662",1,boleto,1,49.55
"70dd5f686e8253ebd42e92a545757a86",1,credit_card,5,157.77
"99f9ab2a2bb77e5f3fe97496b43b78b9",1,credit_card,3,522.62
a6ba138c34e43a8e0613646f065fcf57,1,credit_card,1,70.56
baf34be6cfe3f776452debc5836c7c4f,1,credit_card,5,129.91
e19274a19a1bd491db0a6eede0c09846,1,boleto,1,176.20
f3d59d2aeafa9e69103f4dbad2b5ec46,1,credit_card,2,73.63
a19d3fedf94faa61bd1358631200e748,1,credit_card,2,107.59
"5a0e5ad33542c79b10be87a344ee0086",1,boleto,1,86.67
deea84bd5e80bec98688cce040163d4e,1,credit_card,3,152.96
b25c35510098745aca28d8d04a7eaa11,1,credit_card,1,94.71
ccdcc52b2c054f91f8e3bc0aa65945cf,1,credit_card,3,73.03
fb362fb533a2d245c5822558de85ce16,1,boleto,1,139.61
"288550748c3bf4d64ca22b79487eeaf2",1,debit_card,1,49.75
"6bc359e26c859e9a1d3d1c157f38c930",2,voucher,1,128.26
b9f65a22c4594715663d2ad060df1b6c,1,credit_card,8,206.31
a3ad5f7522d495d4d61684337167bdf0,1,credit_card,1,193.72
e4355b11f8adb9cfd1883d34dfedb6c7,1,credit_card,6,305.00
ea9698a810cde28c3c7a480eb46780ba,1,credit_card,1,0.28
"96b2e80dae1e727fd9f346aeb278d1fc",1,boleto,1,125.85
"751df94e324fbe8de6a5a186568f128a",1,credit_card,6,65.71
"0635ec73c8d9729fec281d4b87339be3",1,boleto,1,80.20
"628399348823670ed3ec45a13e5365c8",1,credit_card,1,64.00
f7e9d1102c74fbea13db18cf2208fe3f,1,boleto,1,162.02
"45a4a071e0749a0e0f07a6d4bb653988",1,credit_card,2,67.19
"7a541b113a2aad3f0854eed998dc7ee8",1,credit_card,5,57.95
"94cd0e6c0167d82a8806359b84dc0a0e",1,credit_card,1,44.29
f4e67460f5a375001b98b58a4bf9d420,1,credit_card,2,194.38
"53a002f9aeb36729b360ddfcb9cee647",1,boleto,1,135.72
e393cee11ecbbcc2a9b3dd06a660957c,1,credit_card,3,103.04
"422dc200156c43d69ba21c16beffd57e",1,credit_card,4,180.22
c4b7a58ef60f4839159cd08137d4a18d,1,credit_card,1,136.50
"95287dc5df93f25b90309d5acddbe02e",1,credit_card,5,52.64
b15cd4687b1005f8274833b2c85b8cca,1,credit_card,10,133.94
"99c17c28779e5f367888a507c1ceaf96",1,boleto,1,86.72
c99f547e83c25761f4c58fd7f41cd337,1,credit_card,1,42.26
"4e5d78056568f8ddda5520ba250265ef",1,boleto,1,58.13
c919ace1499c5ef88133bf33307ba863,1,credit_card,9,227.73
"429d5f4eb3474a4b3e21cc1129787f74",1,credit_card,1,198.30
"8f2646c107f28bd23a8b8d10764a1660",1,credit_card,10,297.76
"9c5b6f458d5e5f8e372c112f8b658af6",1,credit_card,1,84.48
"2c8ae71873abf8c37c3dbf4322dc9a24",1,credit_card,1,125.23
db450aca52c200c9c1c1d9cf4dff0338,1,credit_card,5,54.82
dded122457c91045beb553240544c05b,1,credit_card,1,76.02
"26884dfc89f32e105d001c993035c55d",1,credit_card,3,126.19
"84b493c33c9917471d9c6322d3c2c4f3",1,boleto,1,181.33
bc878545684a3c5063d67725f1113ad5,1,credit_card,10,605.85
"56e1c856e7ae477843836db62d4589b5",1,credit_card,3,175.87
f138b65dbccee43e2a1720d752d78897,1,credit_card,1,91.17
"43a57d07af3699cb326ea4b1f6d0bae3",1,credit_card,6,102.03
"3d34e2eec4245acada65a41a949f2568",1,credit_card,5,242.54
"1726f2ec844770ea9f94c7a3f2651a8b",1,boleto,1,79.65
"8c10b4712b6c450e49bcfb6b1e48449f",1,boleto,1,41.90
"9562a9640c9bea4e43a21cac378d8781",1,credit_card,10,1757.41
ceca30e6de65f20adb181e92932941a3,1,credit_card,1,141.73
bf5a9e57fbe689b1b85de15b792b1d21,1,credit_card,1,62.21
cdb67b9f52b1b7cd79169a5aae48d7c2,1,credit_card,2,98.71
"4576ccc69bb4a9402048a8672467675b",1,credit_card,2,98.14
"3806e97292af7b9430f6981372925843",1,credit_card,4,112.02
a24a47282e13a3896fb83d6f49403e95,1,boleto,1,255.38
a5a2ab9022d563da450076220e56d658,1,credit_card,1,86.74
b3feb3846bb0a8d68cd328138324bea4,1,boleto,1,78.37
c103d6905dc7e83d02a0f86e5a0ba4bb,1,credit_card,1,96.47
aaeaacef40234696ca54078fe46acd5a,1,credit_card,5,107.90
"9c462c053ec072efcaa5186110cf96b8",1,credit_card,1,210.22
b15ba0106a29a69e70c7041892543ba0,1,voucher,1,90.41
fa80b749949aa00910e069eb9b83be29,1,boleto,1,85.24
c763b2c3f5df44712f4c646f9c28c0ef,1,credit_card,5,54.17
f1367a0a8fa445363c4e6d5a529db4a5,1,credit_card,1,6.78
c2cf7a378143a3cc8bcd7c1cacbc3f8c,1,boleto,1,38.63
"3d177fa8a164dd0cb060f3051dc4ae8f",1,credit_card,1,21.19
"5076a734a6657a96ccc71e2bc8874e08",1,boleto,1,140.98
"9da45042d8eb6c75611db8ff1a176f8f",1,boleto,1,163.06
acafc483caca0c28cef0ad651d6bb9fc,1,credit_card,3,553.71
"8c535ee262be59eb38411054b7365ca2",1,credit_card,3,258.92
"08ad3a94339e1bddb2167b3c51faa4ac",1,credit_card,4,132.02
b965255594edcff29330c2ce35e85585,1,credit_card,5,92.57
"5b922f60c60062b4c656c69ac0a5834f",1,credit_card,3,95.09
"61dc7d82d2eb6ecf4f0ac2a3cd693cfb",1,credit_card,1,60.63
"464c56c0e9eba538c9ca10f000cdb6d3",1,credit_card,6,332.74
dc35d914cb83cf05c85cdceb99c77989,1,credit_card,1,67.23
ae62cc90c2871f048d8b89ad4db23ae1,1,credit_card,2,194.12
da3bac2656a4b63f668843b70a0a38b8,1,credit_card,3,65.00
d05cf40cb923ba228822414cc52067c3,1,credit_card,3,242.67
c11e4b7ceb73050e960f5b9ff6b75a72,1,credit_card,2,58.94
"63a82c6ebb8ce1c3327cf686be3c4a6e",2,voucher,1,9.81
"86a6d09b2d1149ef6c9e0f8bf09d3a7b",1,credit_card,4,315.72
b4d81b7ba0a5e97d9b77104dc0f3b82d,1,credit_card,1,169.99
"60903313e31779a246b126e7e895694c",1,credit_card,1,97.12
"0534ef1065535a4a5fd90098c1ad462b",1,credit_card,2,21.77
"7210d7fc318b9dc764bf75da0bd6c74c",1,credit_card,1,20.03
"48d94e7406a8d5cbf7505590d86ff0ea",1,boleto,1,64.16
be5b278e38c06fb98c18c6ed0554b754,1,boleto,1,29.77
"04b8c60eb3cceaecde917716daa30bde",2,voucher,1,61.05
eced501ea6ea98469acff0ccbf3ca09b,1,boleto,1,218.80
"68c266b203d2b5b9e4f724d2b0bf532f",1,credit_card,1,35.55
"7ecc158162cf00a802fedcb0577573cf",1,credit_card,2,105.28
"1d771c735d9b9bb916e1dce8ef5c6c08",1,debit_card,1,44.98
c5f8296baf77d395952fac57effcbf47,1,credit_card,3,159.16
afacb4d50c5827bd19cc5e0c7e3d307e,1,credit_card,2,121.90
"518f635a71b22cd5e588f9ba98f6204a",1,credit_card,1,104.09
a4b15028cbd22d539a036666a6c03dfb,1,credit_card,2,83.51
"70b552ddd260593a445a635431384e35",1,credit_card,4,265.57
d5c48cad732a71a573e038e81d428c18,1,credit_card,3,164.44
a8f5a2b22f55e0af45b300929d1fdc7d,1,credit_card,1,47.59
"9fa3ac86373c11b7d4604b966602a778",1,boleto,1,44.00
dfc13c88dea9f7f4169aa827c7d434ff,1,credit_card,10,105.38
"9c4d23ed96872c52ce913a212b38a54c",1,credit_card,1,127.05
aeb4c9d05ab11d7c6c9ca24f8c43bd70,1,credit_card,1,22.79
"0170e40334131d971605ae70efb33e4f",1,boleto,1,37.23
"37dd0a597befd18b4e172e00487e4c46",1,credit_card,2,67.39
"1a93b2b046feffab15c313a7c3f73504",1,credit_card,5,58.59
c0e47ed3fd9f5ef10eb00f8b5843578b,1,boleto,1,146.48
e73eb0a2c088eec6c479d66ac0d910f0,1,credit_card,3,65.09
db999cb4a094b7ee75160a0939124c2c,1,credit_card,1,76.74
b3108f27643eea40f4f48165e702ec26,1,credit_card,7,85.75
bf1e7cb733b5f8b20f249a57e21532e9,1,credit_card,8,160.56
"6db1acfb7eb6c31cde5a3fd0a83f8b51",1,boleto,1,106.29
"1de72b7f86891e58c71aa7d7f1761c6e",1,boleto,1,193.01
c394597c0ca7c76e816618529dcd9ef9,1,credit_card,1,64.03
b35a771164a9defa3b4767f1b66918b1,1,boleto,1,30.42
"98877a509c8d712beb65e2713e61832b",1,credit_card,6,179.26
a977d2aee8b0f8204693983195733cf9,1,credit_card,10,275.23
"475fa9160e2a29d7eb459744a2b16635",1,boleto,1,37.84
c235bf02873c715d34d2036031d3b9c7,1,credit_card,10,476.25
"4461b95e70e309fde34dd20048ecc0dd",1,credit_card,1,73.61
f937ec3a717fd77710c5fb85cf5321d9,1,credit_card,3,99.90
"98e3407bdcc7155e2c7a5bc47d670de7",1,credit_card,5,316.17
"91691e7a660914bb835e82d2f6b12a2f",2,voucher,1,53.50
"7c952ad04bbf75547b59e530fa2a30d3",1,credit_card,6,248.51
a5bd353b2ac215ebe5c34f03dcd5361f,1,credit_card,1,37.22
"1286029258c6e6c886f266c096f92db5",1,credit_card,3,32.38
"86da41fac2d3f448976995f9b78c335f",1,credit_card,6,62.56
"1c8d6e7486d7ca7e2bf1405330f32e89",1,credit_card,4,194.48
"715645f32042763c55a177d5460e0c38",1,credit_card,1,49.51
"96f5be02bc9ffc589f3274500a64a7e2",1,voucher,1,170.76
d52ec59371d4477349b3a26e9607dc2c,1,credit_card,1,17.29
"2e8d9e986f6497677962424952e47f48",1,credit_card,2,155.74
"0b9e3cb461332c63fffd742e522832a1",1,credit_card,3,161.62
bd25d6ca53135c74689cd7adae87506c,1,boleto,1,142.10
b9aa836b728e0cee464400dde6a1fc22,1,credit_card,1,148.15
"5b1b26d3f1b67defc956d8ae1d95d407",1,credit_card,2,92.54
"5e799230fac44bd261f49b46edad3213",1,boleto,1,157.58
fe586a853555fc16df58af7c72fc30dc,1,boleto,1,50.95
c09b04d29fbb1982a8af49b8ada809e8,1,credit_card,5,50.86
"4109e4ec2678abadacc06e7a540fec03",1,credit_card,3,51.98
a2801b8cd69a7543e074b6c66e0b6e42,1,credit_card,8,103.89
"494e5e7faa93467e7da809ca3b59c74b",1,credit_card,1,82.73
"10d6e6ff69ff215144be63f043568409",1,credit_card,10,104.30
d1fcbf740c2191cdbe2378522690d12e,1,credit_card,7,76.55
d32cb51bd31a6d467f53c1e4aaeee27f,1,credit_card,1,77.66
c348b5c61b62673ad4d11a8564de5742,1,credit_card,9,95.67
"3ec7827aef6348ae5387e7dd08a53de2",1,credit_card,3,102.03
"7d2f60154f0f8219ade132f874d2e500",1,credit_card,10,106.89
"1996c282f4c9a331bf94a8fb2e080120",1,credit_card,4,83.63
"308b7e21ad330aa50c1c7a9987437a53",1,credit_card,1,87.58
"582fd4fa596ee1af88f153a5ba0523f2",1,credit_card,6,61.79
"0dab86a2b3aa2b9f3d1149d2ca059ce6",1,boleto,1,37.65
"688a1fb5a54c53aa2933100d86c19f72",1,credit_card,7,253.87
"118045506e1c1dda060171af43fe11b4",1,credit_card,1,360.40
"6274d552e3824c848e192c6c6c9509cb",1,credit_card,2,139.72
"2c7030a7601b763ef0395501c6063ab3",1,credit_card,1,65.67
"7630cf9ad47735d82f65e6e87beefb73",1,credit_card,3,119.38
"309a6548116f31b315cbf53be18cda77",1,credit_card,4,238.95
"6ee3801dff06972f74e0b9a290699475",1,credit_card,3,34.64
"4bf2a4f1537760d4606b2f5bb5a0f220",1,credit_card,2,50.77
"7c65caaf993acf13ce6a8c0aba410801",1,boleto,1,43.09
"67c5cf1273ec191d0a3876bef14fb5b8",1,credit_card,1,116.24
b7f9ef5debe4cc9e54333fa441e8dfd4,1,credit_card,1,48.15
fb775efc60477f1cd523b2542d3a8b6a,1,credit_card,3,97.43
"74945023a969c39c770a3d73e669c5c5",1,credit_card,5,115.46
ac5269d6717b84efd17d253cf5520652,1,boleto,1,229.79
"2b8c473cd98db15a4dba491449cba4ea",1,credit_card,2,114.14
"7bfe238bd2ede94073ec8c6c64509b90",1,credit_card,1,137.57
"936162f860c4a324b3885b223cfdf3a3",1,credit_card,4,75.08
"1a292836ced1aa222199c34c883f404e",1,credit_card,1,15.76
e49d0607832db7c3b1343764225d8df6,2,voucher,1,42.50
ebcb5b268095abb9ff8739f83b939864,1,credit_card,2,27.75
ecd8062fbfcffa53761ca8b8a5f9b01d,1,credit_card,8,106.38
"06f5f6139b33f53defc64643f1252d53",1,credit_card,6,60.46
e4020f274902a070b403d4f914dee557,1,credit_card,1,69.97
e20563c6d7e937815ecdf726ecf3e178,1,credit_card,2,173.88
a19a5d98ef17292dcfde648851d16aa5,1,credit_card,2,166.41
f98cb4c3cde10f19642a16e7dda03f08,2,voucher,1,100.00
b3b4094d535004ba0ef19c96ba6dfd11,1,debit_card,1,37.13
"2fe20445486504c74cc44e58bef7545d",1,credit_card,2,66.82
"32c5abfa9eb2480a7162f1ac2425680d",1,boleto,1,73.68
a7e6fba3426b2524d4ae03c6bcd147ee,1,credit_card,10,782.26
"3af4df025cdc05a4aa2c7402f1b32d56",1,boleto,1,203.74
eb95d20e65f92b47748faa2b93841536,1,credit_card,8,113.48
"24abde75980ca7fd4234cc23e098c2ee",1,credit_card,1,45.22
"579ec87d80ca958a31b9bdc61a6220d2",1,boleto,1,93.26
"5f3cc66c9f5ac196a1f367c0fa52695f",1,credit_card,1,43.00
a8b4dfc1843395b826a9d9a5cf0a5bc8,1,boleto,1,304.06
"3252dd45c17883d5627d7c9aa1ef9bd8",1,credit_card,1,73.16
"8912983ff47de54fb2cf774efebd8f09",1,credit_card,3,156.85
"87c528a3c65ddbbfe35e69c95f9031b8",1,credit_card,4,104.27
"005f25968fc854ea16fb16f5bdbc87c7",1,credit_card,3,86.15
"56d1f75d4f625ce5ac6ab30d22cc35fa",1,boleto,1,37.09
d95236c2780d744b3bd884f327590d14,1,credit_card,1,146.68
"33e0807c2b09499ec0026e216114cefe",1,credit_card,5,55.10
"4000f82f3395a0f2a5ad6a4e32060a66",1,credit_card,1,83.23
"8734071c7bfc4d453e59546b22c5ce0e",1,credit_card,2,75.17
cb51128a709fc24d52f27aa407697411,1,credit_card,4,101.82
d55d7b1f89a06d58b4ee58e148dcbe4c,1,debit_card,1,50.62
f14edad9e9d494755c49b2e0897de3b9,1,boleto,1,186.27
"6de64652050e3690c7bcc8ad746b90df",1,boleto,1,62.60
"6366ce592c90a36450778259cb163cc5",1,boleto,1,208.42
"62019f35fab0f9f60e1f25a8b17de426",1,credit_card,2,106.52
"9c6aefa5cff43aaa6ab742a0dfc5c1cd",1,credit_card,10,100.82
fe5da8a231bcf8484cea27e428a39cc2,1,credit_card,5,133.06
"48b3b1c01ca30985639fe1ab027e9b9f",1,boleto,1,69.61
"7c62935e1c4bfb9a29d419cfcc0a13e9",1,boleto,1,238.41
"584c738e16c8bf7f525160ad449e103a",1,credit_card,1,76.66
"352c1b4ad4321180c659a1ab18d24752",1,credit_card,1,79.23
"38b74d37b6bb4886a9b460ef8d4ba2d7",1,credit_card,1,65.71
c0a1dc99f45387972d7c24cb3ffb3727,1,credit_card,5,174.68
a93a771dcf97a2cca0be3bb159792b1d,1,credit_card,3,64.00
b349a7e488a18291673476fc0a8c8436,1,credit_card,8,120.97
"119d388c6a2ceb03620dcd86c45f65a5",1,credit_card,3,101.19
"66eb2e45baf0a88a06f8d17a1e756ff6",1,credit_card,4,410.79
"6ffa72f134f31770b0670971b48479a8",1,credit_card,1,35.86
fbf9b050c89a7d7447452338455c8c0b,1,credit_card,3,147.59
d3b224f55ede50045860d4fd4eab01ef,1,credit_card,1,72.84
"48b04c2b15ef11dac475795682a3d991",1,credit_card,1,45.91
"1a30d2ac91d72bf360521fad21067487",1,credit_card,6,66.01
"46d2062e8a19cb5473491cf07b5d4629",1,credit_card,3,126.93
"953a4462fe82c3e1939934b4e5efa516",1,boleto,1,123.52
dcfd880d34266648380b0b525d0c41e3,1,credit_card,5,254.48
e77d85bec584c36b9558adc732947c76,1,boleto,1,124.22
"83e6338b5cf25dcf222551cb8da8d0d6",2,voucher,1,250.00
"4e022ead5e2400d39b29402c979aa681",1,boleto,1,328.50
"10e35bcb8797cb8e4cd3c28e01fca87a",1,credit_card,3,186.94
ac0f0875604883bfc9fa15344f01a207,1,credit_card,8,163.34
"8b9b26610d247c36c7706cd0538c47d8",1,credit_card,1,62.23
ce6b3b598089dc75751e6f6d7a343417,1,credit_card,1,27.79
cde3a38426f2025992e76394bfed732c,1,boleto,1,84.05
"186a454110404a0ad7994b2853592901",1,credit_card,2,34.42
"909b69f5894c4b1a14264b64f98b4e10",1,credit_card,6,325.15
"6ddabf2a8041dce9c002843951566c40",1,credit_card,5,107.78
"6529605bc64275a6d53b085062f39d98",1,credit_card,5,140.22
"96dc07932f59d56e4ad322bd10a226c9",1,credit_card,9,99.83
f349cdb62f69c3fae5c4d7d3f3a4a185,1,credit_card,1,78.64
"388815a1ed5c112e3588771ca6d8b276",1,credit_card,7,361.25
"7a3d2ead5f0bfacb2e4f56f869135853",1,boleto,1,131.78
d696730916dce1a0a88fb9f34407ecb2,1,boleto,1,116.96
f4f88d0fded20ff7a60fb80ccdd533d2,1,credit_card,1,33.83
a6338c083da70631fcd9cdb8a9ccac29,1,credit_card,1,94.30
"935221d155b676b347464a2f7aef9513",1,credit_card,1,58.28
"6791e565e137a3933b0f7ba7fba46cf2",1,boleto,1,315.32
e80d6fe5c5cfe16add52544fe3b4e8f1,1,credit_card,6,125.55
"6ca2f668191c33ed41c967acf4b9841d",1,boleto,1,683.95
c00620529457d989d0a9e9e68062828d,1,credit_card,1,97.94
"9021fdebb45ac827a6033d6969d5c2e3",1,boleto,1,50.95
e71a1248d8a46799adbbd50262053732,1,credit_card,8,438.82
"9ddf9aab4ecd8705edefb485abf28a36",1,boleto,1,131.35
"7c0fd982d3023d25cbdf1f8f1fe7407c",1,credit_card,1,103.65
"8bc4e989df64f2d8c2381c9718a0f963",1,boleto,1,99.65
fad4db0b469823e4ce0a2506a88ca08a,1,boleto,1,48.24
f50f12991ec8bcff03994381dcf9ce08,1,credit_card,1,28.62
cd0c854775bce057e6a7e27c79a58f00,1,credit_card,5,143.32
"4b938d32f7c4a575aea3a5cbb5ef03e0",1,credit_card,6,60.74
bbab2e9b3ccc0a66fa711c81e21821f1,1,credit_card,1,79.24
d642a38548f81511430dcb7e904fc023,1,credit_card,5,104.76
"062f0992a050330334749ffa530fa796",1,credit_card,2,147.99
cea661692913da073bd99bb510849bdc,2,voucher,1,65.35
"72fcaaf6f276ca11244c4a82bb009eaf",1,credit_card,6,63.09
"3ce16e50c1842ad30631811796a31afc",1,credit_card,10,129.90
"0b9c8acf14e3553395cf435472988a1b",1,credit_card,4,45.76
"82c1f00b277333db6ce4f9eff5894903",1,credit_card,9,95.18
d4571886185581e35543a4c104bd0cd4,1,credit_card,10,1138.28
d7adae346e57bdec9293128a1130a183,1,boleto,1,143.82
"625e91d127eb863196f2a6c017b30203",1,credit_card,2,101.22
d71ddeb3600f197986283a88b7d360ca,1,credit_card,2,42.69
"3d029914a310e6e0cc16d9ad9fc94f73",1,credit_card,5,235.30
"61c371c97bc39650300c359853390644",1,credit_card,1,150.15
aef5267a7266e5536db6ea825b9366b8,1,boleto,1,103.16
e82a48563b753b7df504aba7e01f9faf,1,credit_card,2,74.87
b157dd3a8db0279fe95e9272103e8078,1,credit_card,1,76.29
e2b12d317e3875999cbcfc47a2e5a88f,1,credit_card,3,138.15
b3eec4d06f4ce8853c30510575513c07,1,credit_card,3,38.47
"60e9d08b7a6390df94673a13d1d3c0f3",1,credit_card,1,30.38
"0fc03e1de056dec9a7854f5dc85e1ee7",1,boleto,1,207.79
"3bd0f236adc665a39d6119dea1d84854",1,boleto,1,123.52
f561e528dd0491e6fd42ba9b07958979,1,boleto,1,137.70
"178e15ed751c7d56dfba347c28d50b06",1,credit_card,2,167.07
fba2ee5d3cfe6651522da5384c3af63a,1,credit_card,5,95.58
"51df4b64807ba1804510ee0c17f1e074",1,credit_card,3,86.73
d250f8e317f2d2e56ae505561a800dce,1,boleto,1,212.73
"2c78c4a4e91fabadbe0e21df0b2d10ba",1,credit_card,3,187.59
cf2c702bc3b60b945e5efb11e99c97ce,1,credit_card,1,48.21
"793edc24e4e9b6c0fbb5b63b1c07910b",1,credit_card,2,70.90
fd9bd6fdda953d8dd1092cb53a396059,1,credit_card,3,331.40
"3ba1f632cf89a08caf9837999bf827ef",2,voucher,1,15.86
b3e2b81932a8bc32dfffd128937c3c5e,1,credit_card,10,220.04
"744bb613bca97aa5b1e31acbe8d2215b",1,credit_card,4,208.77
"7d7b09adc383ca37307f36118c8dc856",1,credit_card,1,358.88
b06d2e18ca56fb3cfc0d354ced901371,1,credit_card,1,27.30
"21ff9e52b420083bfc502b827916d069",1,credit_card,10,266.38
b322c7bdd4cf76d82887b87689e6b7d8,1,credit_card,6,66.96
e71c628cbad616783246ac09faf8f11d,1,credit_card,4,186.64
a5f8439f1e560659a492608e370ecde2,1,credit_card,10,232.19
"4b32a4cdfc1b80066a8ee3a4b7a2094f",1,credit_card,7,173.85
"4c8519cf81f11a547256d84f97e82594",1,credit_card,4,155.47
"6c23e2678bf779526bbb96776800a471",1,credit_card,1,71.36
"67228d3b35b57e5bf9c1437f95652f2c",1,credit_card,8,283.62
"25991ff9d06bf9a881b1e293b7187065",1,credit_card,8,168.80
a8855ad9dbd6bd7a3fddd86f1ac4011b,1,credit_card,1,71.53
a07d6a824e8ac93c9606f3311a30f462,1,boleto,1,99.73
b0ff8e6a9bb47b224a599ff0c161006b,1,credit_card,3,551.25
"478b98b4c7442950e6911539465abc95",1,credit_card,1,692.22
ce59496beb223906ab55f6bce7fa86f5,2,voucher,1,69.47
e9eaf8cbf7546d64273758c441ff8706,1,credit_card,10,881.12
"85f2d1d18951198c1beca750c4df59b1",1,credit_card,1,95.10
c4cc03bca99df6978ffec2cf33fe0acd,1,credit_card,2,283.61
c96209cd1d43d071d3bdf48d299b7aa5,1,boleto,1,20.62
"7a3f4365d7cce4ab7886cbcfc452e83e",1,credit_card,1,207.70
"71a378f8b8ef5f17a1518d5bf92f57c4",1,boleto,1,134.74
"858d458b39082890e96fbb1fed8c2a52",4,voucher,1,252.97
"0fe75a9839e7296629a6d6924fdf3365",1,credit_card,10,319.63
"857d8e7d6c9e9ea37220908aead8b9d3",1,credit_card,4,112.30
"0f1a032292563a581f27eac807f97a05",1,credit_card,1,52.21
"169dbd59d432dd792647dc89ba948d40",1,credit_card,10,110.26
b0ea87e8402211c896c8d6b4b2001c7c,1,credit_card,5,257.92
"1a13ca44eb6a81849dac4aca572b5694",1,credit_card,1,67.50
"019636907d07b2433be000d9d6bed153",1,credit_card,1,72.75
c4dfe85811ecda8bbc7002dfbffc468c,1,boleto,1,257.82
aae245e2849c2032f94d4baad11dab79,1,credit_card,3,69.73
e7741e6bb1dfbc9d36e13da26d517d4c,1,credit_card,8,676.84
"5284adfbbb8324bb8cc6ce42f0ea43e5",1,credit_card,1,117.96
"250f85876f80760c95d050486f8b8fe9",1,credit_card,1,10.88
"9d158e6d758e314a85584c5a6c9e5b8c",1,credit_card,2,108.65
fb0c01b2efee313f5231a89c4a55e498,1,credit_card,3,170.53
ea153a1ffcb167446901237714816a03,1,boleto,1,25.67
"0a327f9c209a8317bacc1f86dda65f52",1,credit_card,1,58.41
f1e00063e81b3f4c37e7beb4280d0f91,1,boleto,1,51.79
"31b0dd6152d2e471443debf037ae171d",2,credit_card,1,10.50
d52b1795d584c884bb9c831365a62599,1,credit_card,5,51.84
"892e01736ad734f028d207bb6578ff85",1,credit_card,2,245.35
"3e79636f6031f6b4f05b671928369588",1,credit_card,6,400.64
"6f0a7c01d397ce3f7c6df65823350890",1,boleto,1,54.22
"3df5f0a6d3258b30e0793cbd37b499f9",1,boleto,1,109.41
"54dac781d5d1b670cad7b3a9445c339c",1,credit_card,3,38.75
"1b4302389eccf1e9df072501f38b1e9a",1,boleto,1,53.50
e2456fa3a339b1e8aa3ea8045a1ead4e,1,credit_card,10,623.34
"379f6f44af7b0f3dac181df7361bd70d",1,credit_card,6,276.59
"8afb063e8c6757ee2a1a8fb16029aa8f",1,credit_card,2,58.79
"311155a0f4009bd8e4936e0ce45324ae",1,boleto,1,831.72
"6e970ac8488781fb447ff2c2859168bf",1,credit_card,3,244.15
"958e6c2772ed5d52cfea3f7356502973",1,voucher,1,48.46
bfafa269a969ef03e5db5dc7d7a72471,1,credit_card,1,91.19
"35ab20ce8b706d54507640a4a7b0ff35",1,credit_card,8,332.89
e151550ba97ec3c6c86f7de205371930,1,credit_card,7,167.58
"80fd1b0b81771253d43532f41d575d39",1,credit_card,3,37.29
"29420ac99e8348dec23b07c28884e584",1,boleto,1,92.13
bf5142abe115b2f2d88f9d7bb0da6703,1,credit_card,5,252.06
cd0898805c856f3bd20017a200c6f581,1,boleto,1,116.59
f8b6d271cb2c002baa7fd9d98d258577,1,credit_card,8,311.79
"9951937ab72b12a841cb4f931ac8bfbc",1,credit_card,1,102.39
"65bd34264e92e55142465420aad29126",1,boleto,1,29.09
"9843c2a66fe0afda6509bc4274f743de",2,voucher,1,88.92
cadd4c5765abf658117f2cc7e2a639c2,1,credit_card,3,130.85
dc72bbc96294739757a895a8e6ec0d5f,1,boleto,1,212.89
a530dc19f1969dc7898a1b96fcd6e602,1,credit_card,2,25.38
"83a211eb52242e0bbe36f69edc57c08e",1,credit_card,10,157.21
a2ef683013be03a1d7903ecc7d17d48d,1,credit_card,3,100.19
ecf0550514f842e08751a017c78fc02a,1,credit_card,2,89.86
"44c2b1100f7c12e1928b475164e80a7f",1,credit_card,3,148.06
"787da13655afdfe6f549e008c69ebca7",1,credit_card,1,86.46
"50a2d9e8f28f577acd594ba29d58eced",1,credit_card,2,201.24
"074eec999695249a1f80e3c7ea1aab01",1,credit_card,1,182.60
ff92fd3088a85112214acbc08d72afbf,1,credit_card,1,69.04
"5270193839803d1752c1368633ce32de",1,credit_card,1,43.00
"3b36d8fb1fff95b2dbbdf1c90c944494",1,credit_card,8,219.28
"7b13c77c64a9a956500cbf1a9a23798d",1,credit_card,5,298.48
"9dcac4ea4003e5185ee8b597ee1f8854",1,credit_card,3,161.70
b3031d607ad736c8f2d37fe9d9892aed,1,credit_card,2,193.65
"5b298cf66c6dc0f681cb4b104a799c5d",1,voucher,1,54.44
c101cfbed640cb03705a030acd1153de,1,credit_card,7,72.06
"0b7ed5e5b6354118fdeec73b9f9fd8a9",1,credit_card,3,161.54
a2a2c4451f820eb26afdc913f23b318b,1,boleto,1,23.27
"10d317f53ec8ebed37283a93bfd100c7",1,credit_card,3,84.49
"2a20173829ff5bd342163335865aa490",1,boleto,1,464.24
"31ff8f3524c7ae644eb02b5b78f30301",1,credit_card,3,71.88
"0e6cf8f20e333a20382f95ad56c9c676",1,credit_card,2,183.93
"22e36c3e04ec75fdbe5ba6540fe0e649",1,boleto,1,260.50
"03f2794ace8d10c0af8614f6fac2be3e",1,voucher,1,108.19
b73bfd1f82884283130f01b82dd3bd32,1,credit_card,6,508.18
"34445bc5a6255519c1d230b2231eeb63",1,credit_card,1,193.02
"7a883816859109cf747fc1c602c359f6",1,boleto,1,98.71
"4b6f2d3bd32baaae21249c217adcb5f3",1,credit_card,1,155.98
"628923e74a955e432c826a2e0da83406",1,credit_card,8,263.55
"14142e4c26cd190475c63c3dc773bf6c",2,voucher,1,100.00
"95e4477d8423c69a93c55d840e02d9ba",1,credit_card,6,66.90
"50459e4bff96bdc46566472362da2e0d",2,voucher,1,50.47
"6cf5c427fb11bc5fe8abefa86aa7ba0b",1,boleto,1,131.78
"3fd344b2cb1a8468576b09b34e71bf2f",1,credit_card,5,113.77
efa7253c2d9b573cc24cc19a03162399,1,credit_card,2,145.66
d3dda8df7e8aa849ce52346514bdb885,1,credit_card,3,31.77
d6cd9d63e25452e0278cb6eeed08de6b,1,credit_card,4,221.79
"0e31f844aae10fe7dc2369bc0340bf21",1,credit_card,5,104.37
f7a398b95f66e7c87f14092ce7310927,1,credit_card,1,132.81
"5883da330a000a37d4929a4a68247c91",1,boleto,1,319.58
ebca4856d6b3b849437fe99d11633d25,1,credit_card,4,138.63
"38c0490a36e405db00241fdefccc38f0",1,credit_card,1,119.48
"7551a449a88847c6b76206cc5fbe5993",1,credit_card,2,117.94
"580e9410cdbeb1ec66a48d3d0454dd17",2,voucher,1,49.45
"0eeca7beaeaa9b986ac88e4548a45811",1,credit_card,3,32.09
"0eb7dc4e9168fd2e3bc791983492d99a",1,credit_card,1,57.51
"9b4d22bcdc311314f200a33d155c6223",1,boleto,1,293.94
db13164f731aed80a46ac81466df051d,1,credit_card,4,47.60
"1b122a7be89622f672bb41380a83b69f",1,credit_card,6,86.92
db6953ee3e550b44b0876aef0ce63dd5,1,credit_card,3,124.83
"52191b9f4d5c244d1bfe01a95f346331",1,boleto,1,173.88
adde6f841dc05dfe3899ed053001e5bc,1,credit_card,3,117.94
b549db79344ec0935332f80fda6b63e0,1,credit_card,3,32.96
c1642f56f39a87a53527bc120e231299,1,credit_card,6,123.18
"326a3f53e1327657d03e8ed95ffe5578",1,credit_card,3,216.48
d709030e94d8f232fbfd24947c02a10a,1,credit_card,8,448.20
d3e4a1e18bc6278ceaec89c39a69083b,1,voucher,1,48.78
f44290da5e8c6072226e24963b341e8e,1,credit_card,1,82.40
"75f2a104539398768a4bddc7a9a0d8fd",1,credit_card,10,142.14
"236909a5eec961f916c742c7f991d3e5",2,voucher,1,21.70
"2fa5e9f6c4873828710c581b86281125",1,boleto,1,56.36
"0115abf6b892040abfdd5bdfcb6b2c51",1,boleto,1,207.98
"021645306ea1563079aaec6e96f20d38",1,credit_card,1,159.06
"68dd7c23e8b6c1e5f3ad16be5dd4bdf6",1,credit_card,5,50.45
"3e7223b7c9b8ef954924f508c37d171a",1,credit_card,1,46.78
"6c80e36a9a77ce3ac32d97b159d0bab5",1,boleto,1,46.92
bf44408de1d05eef70fb026ba64a90ea,1,boleto,1,21.45
"9a94ba1f0117af7f8ff3a87cfb5b7054",1,boleto,1,27.11
"2c326cc8b2ff60f30ceb556f4581d7a4",1,credit_card,4,710.48
"5f064781620790a450c0308f09adfd8d",1,credit_card,4,345.53
"4fc0a813a474373185c8f141a18878b3",1,boleto,1,155.39
"897ec6416d50126a9061626f0fc2d658",2,voucher,1,50.00
"1f1d5024dbbfd1773a41998b6097e1cb",1,credit_card,3,70.14
a146dffb3f8c4214018779b35f997a91,1,credit_card,7,147.26
fb89dbec79bc8b1f0d12165058cb1cb3,2,voucher,1,25.27
d89d67960e5c163e8afc1d83cf53db77,1,credit_card,4,65.87
"7829b2091dbfa41a6b5731cbdbdffe1f",1,boleto,1,142.10
fce3db7092e1f432d0ec790414b6a5e4,2,debit_card,1,66.38
"5e5e7f7a2ede19230d510a4319015e48",1,credit_card,2,47.71
"2dd5f6a66c1d82ee0b8c864ddf9833f2",1,boleto,1,549.70
"4a9926db4f145a7facd1709ecf22bb25",1,credit_card,10,189.37
"460cf33073f045d5c0ac32dc1a4cacf2",1,credit_card,1,75.87
"22d03f81f36cfd05e90af56d5dc63e74",1,credit_card,1,63.42
"78abeb504c36f94f1d1072b77076358c",1,credit_card,8,215.03
"9bd594c78a30e73158b926233be0b6e5",1,debit_card,1,315.17
e61446b718befe7289d6a8451938b645,1,boleto,1,101.73
"4b59288fdfd1ef916c5bdb63ee33d987",1,credit_card,1,152.36
"60c8ff275c52d58ac6693a516ff2593a",1,credit_card,7,75.65
"8ca5bdac5ebe8f2d6fc9171d5ebc906a",2,voucher,1,15.00
e71a0fb0dee7e6d3258bf75dc67d7f2e,1,credit_card,4,162.89
e67519acd1370f173550a6cb2b994ca6,1,boleto,1,76.86
"2fe3e3ee7c1249743f3c7391c05042b3",1,credit_card,5,73.43
"9704b8f76b77e74be19dd79d9371b6b4",1,credit_card,5,134.15
"295bbf539c1fe97db23dffa5e84387ad",1,boleto,1,54.09
"316cbf18dca6cfe813ed375d15be4ffe",1,credit_card,8,81.78
"8bdda17186f4f2430cb06827e916577e",1,credit_card,1,50.75
"2bc4e677f1913a63cf631fa0e18c1525",1,credit_card,3,36.77
"341fde35809d4cdae709b875a0040b23",1,credit_card,2,196.38
"3310a2bd8c292776c39ea3fa6cb47447",1,credit_card,4,42.09
b275756d48e9c633331d56a9caedf3ab,1,credit_card,10,106.99
"076ff98c0f285dcbbf7a2d5ad9146322",1,credit_card,4,162.83
bd6a649dcd082eea6d1fd07aeee18a87,1,boleto,1,66.01
"28cd3c544253ce946b65fbba1e51b05c",1,credit_card,3,84.49
"7e772cb45f952aa56139d1cce1c308dd",1,credit_card,3,72.80
"3e36ac046e031f1d3e1f8ce6767c018c",1,credit_card,1,34.35
"182fb1824c0cd548ce120c6108630e37",1,credit_card,1,8.78
f49196a3b79948c69b3cf03a6ce9646c,1,credit_card,8,81.14
c9577dccdc314ce381822a54b1eaf22d,1,boleto,1,82.60
"56a48a43efddc6a4b83370214985d366",1,credit_card,8,149.56
f1708e42407809453b1cd03f25c055e5,1,credit_card,1,51.67
d4a3fcb38e99c7475fc42900f4254301,1,boleto,1,20.75
a69fb30a9523caa379e6031fd0c3a4d2,1,credit_card,1,109.21
c5d4547def055b1ec943673892380a0c,1,boleto,1,48.21
"66d737f81143e3724207d2f2fb457ad9",1,boleto,1,93.12
"499062ee7ee19172573b081758302721",1,credit_card,2,25.60
"8a0b2bc5c7a1c524635f4de8bae9dffe",1,credit_card,10,1008.30
"7f3189b85f3e348f9d772df47fe06bf7",1,credit_card,3,68.92
"8883dd20e652369652c1abd7a411788f",1,credit_card,1,209.30
"1eef4e610c84e24e3ea7039a14693e90",1,boleto,1,160.23
"3bba6671f455886c258de124447592c2",1,credit_card,8,344.84
"75adb6f5207887f03b547194819216fa",1,credit_card,5,52.84
"1106fe72d8d349daa85a1183335bdda4",1,credit_card,6,270.65
"604eaa08ecca86f614fb23ab44999543",1,boleto,1,208.13
"53e3eb2bb46d323b3d7e3e7bc476e4fa",1,credit_card,2,24.68
"189c15784564492070ee3f1c8dbef1cc",1,credit_card,2,95.34
"57a5ac0ae701a52922d4378152012f08",1,credit_card,7,107.78
"3a77a7ed1713621145e55291dc896c5d",1,credit_card,3,173.33
"2ed2cecbd0a129265173791a944b3a43",1,boleto,1,43.58
"110f23195a2ddb2ccaad30b37bfacbbf",1,credit_card,3,75.98
d3d3517767529dd0eb9e27a460be3497,1,boleto,1,134.94
f6e09765a386aa4607ea665f090511ae,1,credit_card,8,186.82
ee7a0f670ec1721759c9ca4217e1d9c9,1,credit_card,1,23.12
d5fd9f5044bf921889c94e6f549530fa,1,credit_card,1,64.09
"4c379ba0590506b26a68dc00e29ba8ba",1,credit_card,2,122.99
f47d6af60927db6bd34707fb06c0ad61,1,credit_card,4,114.33
"0ae3b855f8b744f0999f8dd01e3598f0",1,credit_card,5,141.54
"88d32cb1d354ec367320704311294d01",1,boleto,1,35.77
"578403214d22590a9874c89eaf3c09b9",1,credit_card,2,115.07
"1f146ef2973ac65116ed3fcd8c27d507",1,credit_card,6,104.37
"01e51b7c3025655646143d09b911e1d7",1,credit_card,3,35.02
"152d0ef67ad3c06d9bafca4dc8ab8f80",1,credit_card,7,157.67
dc176963313df28e26c74cddb9ed665d,1,credit_card,2,145.15
"0ec0a26ea9679980a173bdfb70f3559f",1,boleto,1,195.46
ca8e9e412507bda954dc7e3cc20cb2c3,1,credit_card,10,344.03
"267e7e0b0615d34fa4c39c0a97cee1d5",1,boleto,1,117.63
d07d0cce426d7c1f4043cee01fe073da,1,credit_card,1,74.99
"854ebcd4c13f49162d6b07c1813f71d2",1,credit_card,7,70.60
fc273d6a4897ae00a76e8265d134098e,1,boleto,1,94.40
"421f045237031e75f1def0c197c2a055",1,credit_card,1,149.86
"73ff106f792b836704a9f5ff71a77d5a",1,boleto,1,31.29
b93b56bfb9867dddd26df4ee3efa2eb6,1,credit_card,8,917.80
f6bf3b24291e3adaf0840193cedbf844,1,credit_card,5,223.35
afc2b80ab67a5a0cf0d36422cd6409eb,1,credit_card,1,32.42
"74003ffbdb30d86975836aa572b73fea",1,credit_card,3,64.33
"5204d67853f827d1ee32810bf8f2d6c2",2,voucher,1,74.65
"37404c7e8f026ab1b81aef92a59939b5",1,credit_card,4,208.02
a9a6b38d59cf5f6c56d86dc3513a9bb9,1,boleto,1,38.35
d4eff8d7652db5a92efaf867550013ca,1,credit_card,2,158.89
"4fb76fa13b108a0d0478483421b0992c",13,voucher,1,0.13
"635ed45a717c546a1bea54c32c7d2ff7",1,credit_card,1,72.33
b1e17419a95b98d8710e2354fe7b714a,1,debit_card,1,33.38
"6b19e991d45af8acd0fc9c7c2208f7ff",1,boleto,1,35.00
c66a6afc1a7328bd219214cbf7cf80d5,1,credit_card,1,1.28
d2abd29e33eb16f9db328c6fc2b474f8,1,credit_card,1,17.68
cdbbf42ba3892a989ca5b644ee43db7f,1,credit_card,2,39.07
"800527a0973637e539fec69236ce5938",1,credit_card,1,25.85
"7516ada37da346ba311859d597217718",1,credit_card,5,171.96
c2d227e33004969c49215bb63c53cc67,1,boleto,1,100.90
"1eb823605a5556c5e6efcdb09eae3c0d",1,credit_card,4,224.74
"44899a0a37e97bd716c345a12ad20bbe",1,credit_card,7,371.70
"42faea0e8fde3945ae5c85e245ea9726",1,credit_card,3,71.72
"4a24776627df4bc781c16431b844580b",1,credit_card,4,109.81
dd03726cc548f7332999c37c8e2fc3af,1,credit_card,1,50.10
f2710c3e65b68cfc927a8aac6ecebe83,2,voucher,1,138.05
"0dbd48af8e89b595eec029357764af2b",1,credit_card,10,454.76
f40832d895b3e03277b9ef60c23d323c,2,voucher,1,100.00
"1c05452697a356ff98c4c3391e207ab6",1,credit_card,3,715.32
"0fea0565345cd41b6a9bbac1800639cf",1,boleto,1,48.82
"62eb512df70887fef619aef41c193429",1,credit_card,4,132.56
b5c0aa2b53c60eed61f0d433ff2b0b89,1,boleto,1,70.14
"18c643cade587cd125b3a56377985cac",1,credit_card,5,103.14
"8e96b092573364fa542b5c5fb3a9d9a3",1,boleto,1,718.88
d6a9b94fe86c050b0b1f7d62a98579c9,1,credit_card,3,187.19
"3168c019f59ebcfa516b31feb623fc53",1,credit_card,3,36.75
"1fa468994c6de461001e0d8849f60a7f",1,credit_card,1,34.82
"4e4fe0553ce2d62b2b7ab4c81187ae92",1,boleto,1,197.80
"4886ba57227500f0a374a1fd079b02f1",1,credit_card,3,74.08
b67a5312d2d005a148c1c5b0f767bf72,1,credit_card,2,159.21
ce1d43d723c88bee2b9c749198eb023e,1,credit_card,6,140.63
e37fbd45af4b09e473cb0805b49bdca7,1,credit_card,6,69.03
c95fb74948e8db073f6114d3fa726fe1,1,credit_card,10,623.34
bf101963374c9a004517e115644d0d4b,1,credit_card,8,85.89
"6785185e9e3d0e547f7c6ae8acc7356e",1,credit_card,2,81.02
eea3254200d621b24b7741950693e956,1,boleto,1,54.07
c187d987adeda75b5ab837e11d253eab,1,boleto,1,49.44
cea2fe1d50aefdd1f048eb16503e32b0,1,credit_card,9,118.84
"2ffda1267c5facd329521f983872a4bd",1,credit_card,2,242.44
e8df0b08b2d6162f2a109f931d0774b6,1,credit_card,8,236.03
"7c3b51d43ff0ed3ecf74550b124dde61",1,boleto,1,71.04
d7dd7b5a139c49fb68a6977797599973,1,credit_card,1,377.94
"1116c22b8ac5fd55755a1357d17cb070",1,credit_card,3,142.90
b89601b4491425014432a96e02034092,1,boleto,1,36.75
"5c0623ce8050c2cddeec3575bfbe0a53",2,credit_card,5,107.31
"582224f1420e01b2e33cb5690714d841",1,credit_card,2,61.77
"8a8c365841ef48982c95bbf95f9b7d02",1,boleto,1,551.52
"6d1143ee8f5c735af54e03b051445d38",1,boleto,1,30.69
"111d5d48ac06001d01f0b901ace3b327",1,debit_card,1,119.48
"8ab698a9cb0d97ba97d4626a7534273e",1,boleto,1,284.04
"969c73dd2cf6f487633983f1e4eba3e7",1,boleto,1,68.89
"7f40788714e03b8dda5b7ced37a77e37",1,credit_card,10,182.93
"2f7ceb78f49fb7b42a6d5a42711fba04",1,credit_card,2,114.35
ebdfc2a2bfba1c888ea6011aec355151,1,credit_card,3,182.17
"1f27e2d6350fa9e6b5c41407098c025e",1,credit_card,4,218.49
"1da60f73e3ebd1c7566be78f0cf00f98",1,credit_card,10,126.43
"83bb596248fd091d99fa8d5aadde8fa7",1,credit_card,7,104.80
"71ff7ff9c86023f13d546d2e953d531b",1,credit_card,3,226.22
"487af6c1b2cb9c5259105b2388278bca",1,credit_card,3,157.81
a95978001177e140008056316fd05811,1,credit_card,10,214.01
b0874cef1bc851d609f25d264fce7b4b,1,credit_card,1,28.62
df56e27fb87ba6d4beb70719ffdd707b,2,voucher,1,71.80
c621519092fd9754777ee79a0680a2ac,1,credit_card,1,56.87
cfe0e21a3b8390e60daf26aa2ad9538c,1,credit_card,9,258.23
"8f3b78080ad48c79fb6172b897c23d37",1,boleto,1,25.77
c9d0741a7a1372f85dc44e9b73835240,1,credit_card,3,90.55
"3a1ce4053005d669ac4e0047a13573cf",2,voucher,1,62.15
c41800e56afef4cea003d192653b8c8e,1,credit_card,1,176.20
"932a4c2b008cc2ca1f639a4df8aa42d9",1,boleto,1,54.01
"5e8d4d545cb084dca5b0c71798b3a5ee",1,credit_card,10,1104.93
"7f5a24612bec96e2005690b5b60faa26",1,boleto,1,201.84
"4b81239fe83a49acf69014a6819d45f7",1,credit_card,2,45.19
"398d714b55535c832a8bd66bf83defd9",1,credit_card,4,128.01
"22c9adee57f279cc5b0741ddabc89e6b",1,debit_card,1,118.70
"496b684eee1a0958406cc2e50a80dca8",1,credit_card,3,52.37
"3a1ec4d91212bcb2cb21d37d7f1707ac",1,credit_card,1,205.87
a87171ad4e0cf849208c21afd0e1edcf,1,credit_card,4,91.05
"384cb810297edfa8442e7b06f4d4850f",1,credit_card,1,36.79
"14e3b02a42f36ad7bdcdc8a0df427be3",1,credit_card,1,72.25
"21210d0eb0ac7cb1b22057ff1eca09c5",1,credit_card,1,45.22
"20b4a1345c31cae5591e4faccbba51e6",1,credit_card,5,172.96
eaec6e2d982640b10c56b8eb00049f51,1,credit_card,2,37.61
fedcd9f7ccdc8cba3a18defedd1a5547,8,voucher,1,31.43
c81d1d3f8deeded6af5d352021b5a188,1,boleto,1,27.29
"16fdf4a442f237c6092adf2a86443dc9",1,credit_card,5,146.68
"89a4c233afc16481649ea535f2c9eeba",1,voucher,1,200.00
"594d1d0caf1a2bb2d2d95058d9e318cc",1,credit_card,8,358.24
"1095806f851129963474b5f20d6520fd",1,credit_card,5,97.17
"96cc5b48d0612a6b8917717f1fd073e0",1,boleto,1,95.22
"9676f1e8ea577fa55c55fdf4f0083a0d",1,credit_card,1,179.78
cf32a9f2d342e42ac9058f9a0fac6330,1,boleto,1,90.15
"844f7449f9593fb8f8804b997e9210e6",1,boleto,1,63.01
"873c64b7d2c1e3856c72b20334b38dd2",1,boleto,1,121.59
"2b3d870a4d670c91f15668cea4fe3aa5",1,credit_card,1,178.90
"9f7db45b6f8cc96acdf9c10d8a56bf74",1,credit_card,5,104.70
feba3a25c875f5f95f3d57f54aaefa10,1,credit_card,3,181.58
a5eb6930340dbd674f7f881269ce9579,1,credit_card,1,56.34
"06dc4c865466794eb744032dc81b2c3f",1,boleto,1,114.86
"11bcd62bece0131519fa7aeb30fb8ee4",1,credit_card,3,163.06
aa742a222149269edb62a3fc79cf52cd,1,credit_card,1,30.69
fc3ff005fe8350241fc153d6828070c4,1,credit_card,10,121.56
"1904f9d81f67036679dca4b431f11a46",1,credit_card,1,47.58
"405ecafdd586fc6c950aa6aaf4e91cae",1,boleto,1,186.95
"3ce28675a76726b00db6e5f1a3f61a5b",1,credit_card,2,277.97
eff6d1823541bd02a75eb960685b0230,1,credit_card,2,262.07
"41901ef295b6a4e15de7843558af4ebe",1,credit_card,2,32.68
f54752d5e157d03feb75bb1320f30ac2,1,credit_card,3,38.63
"8bad58f701a51a72ca58428e36208431",1,credit_card,4,85.95
"0822bcde10bb5d023755a71bc8f7797f",1,credit_card,2,1311.46
"032d1a95f9e146c92cf349805c5e1293",1,credit_card,7,210.48
"1ef09d75953043a71a73428e15bc2f5c",1,boleto,1,176.75
abefedeaf61ad043302fe9d2837a9772,1,credit_card,8,145.88
e0c12aa623c335d47b20986efb7bbd74,1,boleto,1,76.08
"38d008f131c77e33467b6aee3636927a",1,credit_card,8,214.97
c488a16bc2a85f7f72b6d05b6556c279,1,credit_card,1,66.89
"2c4e110ad02f4c35c966c165a7b9c248",1,credit_card,1,86.15
"93709cc8ac5e38fe6622dcebd2ce72bf",1,credit_card,1,166.33
"0f8e3095c3090d9cad1011fb6368b7e3",1,credit_card,2,164.06
"692f4207d359fbf24d641b1470721130",1,credit_card,3,92.10
d7c9e609272d05de1d13cbe04eaa1a13,1,credit_card,6,305.96
"4eaf46d0d0e2afdb37847eaaed37d71a",1,credit_card,1,139.13
"26d4d0baf40502a8e679e615378b7243",1,credit_card,1,42.78
ae6770c71e1083a03742c4b82d98076c,1,boleto,1,124.70
eae7cb46499add9ed7ea74952c040ddb,1,credit_card,2,99.90
"3f4f6a378519479cb0afe338427c6713",1,voucher,1,4.04
ae4699550d86c969bf041d7d106f96ac,1,credit_card,8,406.14
b89c9e2ac77ef9607ebb358648a5b1df,1,credit_card,1,135.49
"9105f342ad7620f549169ab82c176b1e",1,credit_card,6,325.54
ce6d6c97c681b91f6a645bf24c8da7ff,1,credit_card,2,169.00
"68bb4de546513f8cdd2c1d21fc3bc114",1,credit_card,4,69.81
ef6f8412396e4df61ff53a81e1c6a4a1,1,credit_card,2,244.24
"051fcda88d997d3ff86012da2a556342",1,credit_card,4,51.70
bcaa7f7240deb32b0410ee6cc085d9b4,1,credit_card,2,136.16
"23ddff4d3f6d62081bc0c82a630f294a",1,boleto,1,69.03
"589310d3d488112508a26f3e22ba30ca",1,credit_card,3,69.90
"5f6c4fd8bf209354048c07f8e15d8a03",1,credit_card,1,58.18
ca629f02433156bf7577b63a9dc1615e,1,credit_card,4,82.13
"0424f6bc3d0829eb2829bf77fb01e60f",1,credit_card,3,61.85
"3602a80b09d914236f74c733631f3b8b",1,credit_card,1,133.03
a5405fc7cbd6fd95875ab2de9709844a,1,credit_card,2,133.64
"959ee23c386c94d0f7b0c514b4901e97",1,credit_card,1,50.13
"53f8893a652ff59a88793de9e5817ab4",1,credit_card,2,70.15
cd590811ef0d897b885bc97352f1b34f,1,credit_card,3,162.89
c3c98f80459f075de43e0645f41be709,1,debit_card,1,94.72
"2711089c7fec59d4dc8483e3c6a12fa3",1,credit_card,4,77.64
a2c93edc2fa319d3e6aa9e18dc4b3b19,1,boleto,1,100.47
"936ed73e77adab4aaaf271bddfef8f09",1,credit_card,3,242.13
"84ef655de633562e82760bbd2b1a1b63",1,credit_card,10,279.90
"33b8a7eafa31cf95e33395293a78808c",1,credit_card,3,107.87
f04955e9d40fccf99360d76c463cf97e,1,boleto,1,729.30
db54a9396f6a1b119b7f8e889d53030f,1,credit_card,3,197.75
"64682ca1db0a46065072f31a87b390f8",1,credit_card,5,132.38
"3669a1658de0b6df4a21845696974094",1,credit_card,2,38.09
"5ba8500dac4dd5b631b8a82bce2400c4",1,credit_card,1,47.64
b9e44ee22f3a341743c10307b601b363,1,credit_card,5,119.76
cb0ee3ab469cd28fb41ecb23abd8e2ba,1,credit_card,3,35.72
"26b6b4704db80d57e1bee54d1a453553",1,credit_card,8,89.63
"5ffe81e9175008222d385b418ef51a6d",1,credit_card,6,67.82
"82fbfbdb67d2e217768c85d56eeef7f9",1,credit_card,4,56.10
"2d5179fa58ed22b21f86902df78f8584",1,boleto,1,193.34
f26991f83957529021b9a4146e870996,1,credit_card,1,64.09
"54130db48a3d7ee5636ba18659ab73a8",1,credit_card,1,3.08
"8f7a223cdbc2ea83ac07383d97b46fd6",1,credit_card,4,61.05
"986babaebfaa430f69a8b2e816db5f14",1,credit_card,2,212.66
b71252e0550c2a38a915c48e7e62789e,1,credit_card,4,167.45
"907057c26859398070400de963028855",1,credit_card,1,270.45
a061df95ad7f5cdb3f6f15062486f4af,1,credit_card,1,57.60
"8df1c9e7f86ebc2ba79b482f5275ed6f",1,voucher,1,103.86
"9ffb318d17153de8c18c817b99338e0a",1,credit_card,1,37.46
"9080ebdad2fcd9c48834d12a13059598",1,boleto,1,66.64
"9abd4434524a2140bc9418988f93b4c8",1,boleto,1,93.82
"2414366ce919fcb8e0f47caeb95e580c",1,boleto,1,57.68
"0b125520b605185e07783ab4fe8a398b",1,credit_card,3,79.29
c1377e7b1831c006b3739d06c303ea69,1,credit_card,1,330.58
"72d8c714f05cb94e5a15bab516100104",1,boleto,1,106.76
a1284e7f7544a4215fb48331c04fd83a,1,debit_card,1,50.96
c36b4feac86d66f1ad82c82c388f187e,1,credit_card,8,296.03
fde2b2f46bb69e2359b74ff7606de899,1,credit_card,2,136.37
"04af40a6714e5ab254138fcd4863f0c1",1,credit_card,4,47.39
cfbf015b7e4efd77c1a2ee7e337aea60,1,boleto,1,68.04
"7e3092871b13383e2bf040db363a846b",1,credit_card,1,3.01
"73628c6d02ed8f6134d9752cd7b83c2a",1,credit_card,2,226.23
"9a8f4939178c23dddbcf20a52a1fd1c3",1,credit_card,5,112.50
"039330ccdc3eeb07d44541457391fcae",1,boleto,1,312.82
"2e540bf01ae79edaf953cb61642d5d22",1,credit_card,2,116.24
"39afaebde7eee782d3af7b62ead3e32d",1,voucher,1,60.85
f5bda9fe749b2b1529c6ad6dae03145d,1,boleto,1,50.85
"41ef253cac66335bdb0b51fb4853f04e",1,credit_card,8,227.44
"9dcd7a1aafd5c28e17364a7f52ede762",1,credit_card,3,244.45
"5a0523870f53c30566d587fc8969159b",1,credit_card,10,100.34
"727140332cb5607e87e03e1501f636b2",1,voucher,1,55.38
c031499c4cbb79432ca006cef2104302,1,credit_card,2,43.09
"56e6693f77e4c20487af7d879e980613",1,credit_card,5,185.61
"03705afa0a4aabe1a734ddb11c1df3f0",1,credit_card,1,1023.90
bfdd6ac5ada3910d1fbaccc4764fdf7a,1,credit_card,3,325.90
f6fcca1241916be2fda723a7f452aa6f,1,credit_card,3,90.75
"754328c1ffda8a8ba227f2851a3772cb",1,debit_card,1,215.49
cc65ff3459f07735c94663725a5ce22b,1,credit_card,1,71.17
bf912d30c6bc748c24a568e024cf1ec4,1,credit_card,1,32.43
dfc9bc36d5db98182f4b1dc41fe8e258,1,credit_card,1,8.10
"6d7d0d56c64bb5a9c735dbf24d838bf8",1,credit_card,1,111.32
e1c27845029801e7461bce7d580db092,1,credit_card,10,269.32
"8b29c8a606c98ea835750427eeb92ae2",1,boleto,1,147.15
d21d7411b251f35ead1b210dc946ca70,6,voucher,1,50.00
"148b8fe4a8be036e41ab3bfe75e5a592",1,boleto,1,153.47
"009ac365164f8e06f59d18a08045f6c4",1,credit_card,1,0.88
"79b15d097ccbb1f4c75763ad07a8d543",1,credit_card,6,61.38
"6f67990385ad635034062e653f7e6493",1,credit_card,1,260.36
c04f17066422db45251777ad10f2eef9,1,credit_card,9,93.10
"27dddf4ebdd39e9cf4ec26a3499bd2af",1,credit_card,4,123.53
bdf6784b56b3ef6aee2c4a042e095f62,1,credit_card,9,301.38
e7859e16ed08be3d7231bcb239b8903e,1,credit_card,7,147.34
"59f87094523d9fdf75be312f4dc19303",1,credit_card,1,289.02
"1f26d6dc18f5315e3177b291a579b492",2,voucher,1,146.90
ab07b6c48672e9876b9f11c746d98d3e,1,credit_card,6,132.48
d90bb9bb62261c6f02505180307b479b,1,credit_card,1,26.44
e2f77cbc6c09acfd09a1b89f50c095ff,1,credit_card,3,271.38
"73b6421eab18b6b987243919b98675f8",1,boleto,1,20.29
"94cab359d45ddd582953e6e793a9724c",1,credit_card,2,68.26
fd5791a2d231273227d16fbc9fc196f4,1,credit_card,2,71.92
"6b1684d215845905bb180301c9562738",1,credit_card,3,139.96
"54fa8d2f7c784a6e766cbae8954da562",1,boleto,1,126.23
"01e4eeac4002b2e57b7ada6bc3a3c38f",1,credit_card,4,123.50
"37cea346e0236a8ce8e083dcd92ddc68",1,boleto,1,135.00
c88fd0ebff880ffd57fe7f6528f8dc6d,1,credit_card,5,266.89
"3f27ed06b2513b7e6cad3d148e049bac",1,credit_card,2,144.50
"8374f35f0981af1a2b2ebc5cc5ac9859",1,boleto,1,83.13
"78445aad6ec7d2d58ab2c71c98f99957",1,credit_card,5,52.51
"37732eb932f8b2b2b3d7cef77833eec1",1,credit_card,4,116.97
"30192988070ccc8d5f5d40aad62b8ed4",1,credit_card,3,164.62
"60b90d12b2451a3a055c8b86ad3478e3",1,credit_card,1,43.09
"7cd365ff7ab370ab236b1abfad4e188a",1,boleto,1,49.24
"444baeba76a46804ce48bc19d0d45453",1,credit_card,1,55.26
"206936fdf08a1d23122f1d36c4e0e064",1,boleto,1,80.20
"4c7c393fba69ff5ae2565a9065c284b9",1,credit_card,8,226.14
"20aa4f85b1ed8d98e5c742c1a003db9c",3,voucher,1,50.00
baa356809d65f9a3e5eef9a8a51c1f22,1,boleto,1,319.45
ac9394e6566c5245be91e3dd87c8d5e9,1,credit_card,3,234.20
"59432b04b996ae5d0d88267d392b8d6b",1,credit_card,10,623.68
"0d439757ecfbf3291e45eeed58215fe8",1,credit_card,10,363.14
"6ad7cdd50237385fec54699a2834eda3",1,credit_card,1,100.68
"149f7e7d7dd01505a6b7f2f5ea5226df",1,debit_card,1,32.78
"45ffb70b5ab194d69842178149ef0c70",1,credit_card,2,56.64
"75f0605fdfa742b228b0d080be350b26",1,credit_card,1,69.85
a0de51cbad4f3e14a380e07a0b88ee7a,1,boleto,1,59.25
"62f22bb8b5c6a5beabbbe1582f4b2dfe",1,credit_card,10,727.47
"11d2a4111b0de56991e1ccbeaf4eb0e8",1,credit_card,1,215.86
c7d334c62c1af62c782895cd62d61237,1,credit_card,6,275.47
"2d021148258852ee21ec94ddeb0dbe3a",1,credit_card,4,76.83
f48002abf6b605f05930183c385a0394,1,credit_card,1,88.08
eaa950f3b3db6c1a8f5d884992a997c0,1,credit_card,1,118.65
"1175cf55b833823e2478956d6bb6e43c",1,credit_card,6,65.81
"6224401eebe13e25d470d8d6a9ef225e",1,credit_card,1,15.45
"3ae3969a6f3d5e57d4f9fd85868ffefc",1,credit_card,3,34.86
"8c8681bafb6d998bc0fea19014904e1f",1,credit_card,1,162.15
be0f8b9e1444dc69d1288a37e32d2895,1,credit_card,1,453.88
"2d1e8425264efd28cc7993f5a8ab2c63",1,credit_card,6,409.88
"3744d1ae189206fd84cc7e806393dd56",1,credit_card,2,118.35
"5af0d05071da235938c82eeee6f707c8",1,credit_card,2,93.28
"2c1a279890c82005e7d51b4717cc0080",1,credit_card,1,78.87
"0297a2a062d136015afa9f5d9623818f",1,credit_card,1,25.50
"931eb9b18a6471d1f635ff15fcbde0ca",1,credit_card,4,87.64
"69e9d8330e77c15cc54c8a1b341acaaa",1,boleto,1,163.67
"43bc3119f6a029c0b7293bf06ac67f38",1,credit_card,1,42.69
a600cbfa2fc560a5f610401df5ad1c3c,1,credit_card,1,328.82
abe6c06151a1d6382d63f49beb812f40,1,boleto,1,76.83
"9b4f84a4215a234a6e69b47e77183d4e",1,credit_card,8,82.73
"5c12a7dbc8a84fd45bcd6c752b0f39c7",1,voucher,1,54.09
"14056bdb3b58bc2fc12639eff5279f87",1,credit_card,1,55.36
"22403c79fdfa9d3b95764cef063e0e56",1,credit_card,1,78.49
"3d521dbaec823d745bc7657d32442975",2,voucher,1,21.92
"09224348db675e0c2a00ebe2bd9599db",1,credit_card,5,153.70
"627efe8e5230eb9f3bb4ecb645c759c5",1,credit_card,10,169.87
"78ed13dc9c5f51a880ae17567451dc74",1,credit_card,6,69.06
"6d1b9596309214cfb2c38ae9d0d167dc",1,credit_card,1,42.00
d98222e2d133bcdcb2352eb1161ddd30,1,credit_card,1,72.64
f2ef8ad9ee61aaa6334cf0967193a602,1,credit_card,3,35.86
"39840651d975d5a257f08661d376e085",1,credit_card,8,319.88
"4648e84e6a37cd3e5a3d0597fdd8ec9b",2,voucher,1,50.00
a2df93db5bfc1556857dd71cf685f2f1,1,credit_card,1,81.72
"5d84d2af140f3d69293995b16e8f8eeb",1,boleto,1,893.52
"2f2515a56e37c1a0693812cc6c009f0a",1,credit_card,6,351.54
"92758dbac7384604fdbbd5e1715a1625",1,debit_card,1,67.05
"3b39d2ddd9066f382c924cc2c51dc584",1,credit_card,1,53.00
"827234ed6a8afe212d1eaaa7183e9c75",1,credit_card,4,86.62
"6b0b2d1c9273be37dfc235652a4a3d32",1,credit_card,6,63.00
"5a6bd2554afa06bed4854ea73c7e2e33",1,boleto,1,29.69
bd3a4f4d1e523b01043f634836a0b4c5,1,credit_card,4,75.07
c17b02295ec6b4123fc72d0fa23f97d1,1,credit_card,1,32.77
"1997b62c6e07059b2059f0b871aeda1f",1,credit_card,1,96.80
f7c507b533e4fabc5e2db5fc7884ab04,1,credit_card,8,117.27
cda58baf4fa440869e819a444c1a65cd,1,boleto,1,298.31
"9ce991aaccb4817cc0ca0b4edb5c5ff1",1,credit_card,4,53.78
f6a40045364c9ef1f9405ef1d094c389,1,boleto,1,1478.95
"7e6b55f6388682bf51a05d8f13c2d466",1,credit_card,5,740.62
a3a41920ba74a53e1b606c96bfdd6c23,1,boleto,1,96.32
"09475a764868b0fa004ced42388fe6c6",1,credit_card,1,52.61
fb7bdd2f11b840e2a9897418aba45fa3,1,debit_card,1,81.51
"5d7f0dc1e401127edfe8b79e174a52c8",1,credit_card,3,67.92
"401490e646c3921eba7ae1d74f650c29",1,credit_card,2,67.01
"3891b49649a70373bb5e93414f86c525",1,credit_card,3,71.14
"8d6fb99c2755b4e2d421c15398cb37d1",1,credit_card,3,51.06
e80d26af187e86a23accb193a999be40,1,credit_card,3,144.12
"9b75fa68354ea9cd02695d002b82b109",2,voucher,1,30.22
"3382c4920abfc57a48aa39d9120f3f67",1,credit_card,1,77.64
fd905a86dde23ea43876bd2c8f266221,1,credit_card,6,411.67
"2e98befb6d10b5b83de9d9b4a6f836f9",1,credit_card,1,246.92
"1a95dfd9e13740601984c50db97e0848",1,credit_card,3,150.14
"133f36e23b4b0a2f8ae2ddd6463ae161",1,credit_card,6,486.95
"8526a9a3883c882acce72e212f5b2d17",1,credit_card,1,65.92
"40cc859428c50619d8053998d45aa202",1,credit_card,4,137.08
"0382be412d28f04f932ae97df15d634e",1,credit_card,3,98.34
e73404e5e601309d2147f91268cc3ac6,1,credit_card,3,32.28
"423c157cb61f228b20c08e79cd28b9b9",1,credit_card,8,207.73
fa21f82ef6bb86d2dbc878354e1df49d,1,boleto,1,147.69
"39a0e2f723def2e12a51e963006c9242",1,credit_card,2,51.70
"22deced3dedb44ec0bb55c504cc4f062",1,credit_card,5,1013.81
"7523aef197faf2b745e49e46ae4464ca",1,credit_card,1,79.10
b23014161ca1bc596a96e77112ee5360,1,credit_card,3,43.00
"96c3a40e38272781dd5b3dfc4797e8f7",1,credit_card,4,265.84
"2279a1470dc48f765e758fbd6a9cdce1",1,credit_card,1,203.08
"69219bd2a51085b84942501a7db3aecd",1,boleto,1,80.79
f1daf5f42c9fb7827c086e695b3878d7,1,credit_card,10,190.75
"5c2049caca936695cfa43805ebe7d8e3",1,credit_card,4,49.62
fcf235b93f4a81b6f5125059c9793465,1,credit_card,10,242.48
c89639dcbe79b6451bdfa3143a968d57,1,credit_card,10,368.69
"8e75defef52610477f8662c16b16498a",1,credit_card,1,46.30
"912343626f370ead5ef2e85a9d757e22",1,credit_card,10,3242.84
e4313fe2f9d83782c9426892dc497ea4,1,credit_card,1,19.67
e644e459ff4f578d335168f365b77e6c,1,credit_card,3,99.43
"08b3f1bd357ed38db6e89e3e0f3899be",1,boleto,1,36.78
d82fd3fc3c5ceb51ec5f5db847dbe0a9,1,credit_card,1,62.78
"378035ea5017f82d47a885f52fff9be1",1,boleto,1,33.42
e11ced871fd97da835073a98ebacbf23,1,credit_card,7,584.42
"4adb4da068a3bd12d93a6e1d2deabee2",1,credit_card,8,409.61
"4380c4ed9da2c69163359909e4e1510e",1,credit_card,2,173.27
ad71f559c9264f19bdacbc2062847e74,1,credit_card,10,140.16
"630c3cacbf294ed8c919a0c6a90bb1fa",1,credit_card,3,32.70
"3d2a8a0c9b558d8f3cb7a7cfc23d6874",1,credit_card,5,114.33
f70a0aff17df5a6cdd9a7196128bd354,1,boleto,1,313.19
"55d5398213ed7a57e6841a7f436872fd",1,credit_card,1,48.27
"01b276e7af1d9e3ed34b431d39f45fa1",1,credit_card,1,121.09
"1e5da4d344c0467e7c6f3a90e5ff91b7",1,debit_card,1,198.20
ecd516e4c1c35156559cb25ee815abdf,1,boleto,1,138.60
ab1565bce2736095e4b347db4cfc071f,2,voucher,1,100.00
c7436c65f20daf8cd6e18c35a97867c7,1,credit_card,5,56.90
bdc2873154c5a2699958e9246e2a4c1c,1,credit_card,2,242.44
"32c75dfb830b25a968cfd39e54d315a3",1,credit_card,1,104.63
"8192ab7fdf1ebdc4ed10c42d0e211ba6",1,credit_card,1,17.28
"36b99cb18912a8b79b8b49685d71503a",1,credit_card,1,40.84
b245dc19b0a38d68e93c0901025e08f8,1,credit_card,3,168.33
b488199329eb003825d6c439a19b58e8,1,credit_card,4,151.99
"033ce22f1fb407d7cefcdf8d1121706b",1,credit_card,10,165.53
d252e32f481bed5bbbbc4c0c76261939,1,credit_card,1,889.80
"6be4d639e28647dfcf1002b1e2f3e84c",1,credit_card,2,249.30
b27251efdb174e33b4c62af317cdc06f,1,boleto,1,161.99
"6a6c7d523fd59eb5bbefc007331af717",1,credit_card,1,40.48
"5074238c56f199449436a1260aead2fd",1,credit_card,5,109.50
e35f04a0b16431eb95c9f179c004f500,1,credit_card,4,114.52
ab478182632e0212e5edd04806d1238c,1,boleto,1,78.93
"540c5ef7f6c23f2547a73029172643da",1,credit_card,7,158.11
afe460f14b2dae859aa56fdaf0753797,1,credit_card,1,76.60
"867effa42bd3592c4dbada5a0ebc42bc",1,boleto,1,354.08
ac14a1a3d8c2b071a150eb2990b5ecd8,3,voucher,1,10.93
e91f0371e8b0883c1d93f1e2ceb84e98,1,credit_card,1,65.01
e666d7fa06d295372a716b917c2f94de,1,credit_card,2,43.53
e08e2426828f29c00c09b91a4fd816cd,1,boleto,1,68.30
"727412faf7aef5ef3c7e0f03350d80c7",1,boleto,1,83.10
"12c860cdab62139623897892199fea4f",1,credit_card,8,884.20
"51585e1d994a841c66c0da52ae3ce522",1,credit_card,4,104.79
"13f726430863cd4a81b6899e25010475",1,credit_card,4,42.15
"26da686e870dc017cfbf9c3ce9f39d55",1,credit_card,3,69.61
"570065bfd340aecea7e2c960ec530b6f",1,credit_card,1,60.75
"881a958cb19a9f7d316cec8af42685b2",1,credit_card,1,42.78
"1c05b5c04855d3158e6e53760add7386",2,voucher,1,50.78
"2251c2ae48921e06fee59a7779d9bd47",2,voucher,1,40.11
"17510720f670481600a76f4d188d7b5b",1,credit_card,1,30.09
a9d3d5644ade0a1e4724dbb4df266a21,1,credit_card,1,42.78
fa69e8d77e6f9d310a77c7dd43261ce7,1,credit_card,6,72.98
df5c4b3fb5a9eaeacf001d35921abad0,1,credit_card,1,123.89
"446f7424265f98943549eb1cb79eceed",1,credit_card,3,82.63
"967ed7a1aa1d6b190c903a3daa815f02",1,credit_card,6,212.46
"0352796ceb3700a87606f6f19b1d20b3",1,credit_card,3,157.36
"23776c3e7fc4d5e5185cb19abb53e653",1,credit_card,4,224.84
d44fefb376d5384ea28694a234f6b020,1,credit_card,7,79.56
"2b4bc6bc210c5033966e5f88858ea019",1,credit_card,2,144.31
"83df1c60b1394882b9a376fa1ddd152c",1,credit_card,6,65.01
"4b90a2d18610d0b0ebb42c4abda69034",1,credit_card,6,398.88
f75f6ef2200a609b9a11d7650ae623f2,3,voucher,1,20.27
"1ec801f67c9ddedd7232db3f8045adef",1,boleto,1,107.85
"12cfc50e5dd5eb78bd329c22b46da0b1",1,credit_card,6,520.77
"004fb5e6f90a178dc74ad2b016649249",1,credit_card,2,143.92
"810f2be64366fc23aa96accfc596ce3a",1,credit_card,4,205.28
"2d0a9e6d2de5c45b98c59fdd868f2076",1,boleto,1,55.23
"03d9b0241efc2b1690172701f6800f21",1,boleto,1,50.83
"7c0385a35429f81bba270c85f63f4130",1,credit_card,3,33.71
"4da457afd715a9eade1b7b5a2fcc2d9c",1,credit_card,1,113.71
"1b7efcda93ef629e74df8b1fcd2b1f92",1,credit_card,3,143.39
"92c5a8a87f69af17232b352b1a936553",1,boleto,1,36.29
ece7d8cc8bbc318394b23ef60d9e3c10,1,credit_card,5,205.50
a004b1039c9c568bb02a60cc915a9a5f,1,credit_card,5,159.89
f723300ed4370482630acdfa2d5209a1,1,credit_card,3,256.52
a000067196006b1ac2a467ba2156b22d,1,credit_card,1,71.08
"97bbec866dd969e84e907130cbb2fac9",1,credit_card,2,231.62
"47a2809ec3c2d8c1263a2e09fb62cbcf",1,credit_card,1,127.53
"351c531e51df4db1eedeaaeacb58e0b1",1,credit_card,3,84.64
b6e98ad9c6e0c58c16cd60eafd17c2f3,1,credit_card,2,179.94
aa4634ff761133d98df37cc039021823,2,voucher,1,0.15
a92c33e0fb8e030045104ef9853b1d7c,1,boleto,1,140.08
c7b44077f6d014b67c3164e103e3bf02,1,credit_card,2,104.46
ef66a4451c6f9f04d3656be7e9034f1c,1,credit_card,2,146.25
a493d659436f51198ebdd0ced8ec7d7c,1,credit_card,2,177.69
ab17008d463dbbcc0fac3c3d8d2931e6,1,credit_card,1,35.00
f93716d1c1c9cb98214592c233bef619,1,credit_card,2,68.89
"9358fba680f53876f817a00afdb320d7",1,credit_card,2,131.35
"6fa25e5deedf726d264d6714ac4a8ab4",1,credit_card,6,323.55
f20cd88d92e87cd00dc985c7d8dfb4d7,1,credit_card,8,215.24
"967cde7a2c0b8ea6e85560f633d3e704",1,credit_card,1,96.80
"569d4a814b28187752cfacdd96077037",1,credit_card,1,24.68
"5cd9d29876c165b99b25582096c9e0cd",1,boleto,1,147.78
"654ba98a499a03473f9780e5c7fc227b",1,credit_card,3,72.74
"37e63825a987137ad373f0f248f538b8",1,credit_card,2,165.93
"20ae21b63b409890b6f852c06d2458f8",1,credit_card,4,197.29
"846c2255d0eedb2043aa0b3dc470f32b",5,voucher,1,30.00
d4a4641b9e4409b16a31dd61760e89cc,1,credit_card,1,66.67
c30f0c45d2f4db0380c100d5193d07bb,1,credit_card,10,198.20
"2be8f3f9bfd6f4349d7c95dfaa619b21",1,credit_card,1,10.33
edcae211fcaaccf2cfd426f297ebd700,1,credit_card,10,1367.50
"8be8ce8df85bfaf2e2a2d5941ad526fd",1,boleto,1,161.55
"9d7ecf49e46ed6b1d5caa034b87404a5",1,credit_card,5,126.23
"5bfb6e0571dfc12cf4710357871f00ba",1,credit_card,1,104.71
ccf804e764ed5650cd8759557269dc13,14,voucher,1,0.97
"51744de0a57048d0c65ad482f60cca46",1,credit_card,3,98.52
"6cbe792e9ab88ffb6579d0b28088a988",1,boleto,1,38.09
"0f0343a1e7cde1a1ee46f5c8274948d4",1,credit_card,1,37.82
adac3a15974140170bdc3562dac02328,1,credit_card,4,67.50
"71e6174ecee5b2562945b98c5fa17cd4",1,credit_card,2,61.46
c8e8f8ab00ec5d13a1d93718f5af9e4a,1,credit_card,1,40.17
"9e9877690e22505a32b6bad98f4b2b84",1,credit_card,1,63.20
bf93a9c9cc2879163c62f43f8fb70cec,1,credit_card,3,140.02
"3f44a9cda1067ebddb007aa20dd36bb8",1,credit_card,1,84.30
e6a66a8350bb88497954d37688ab123e,6,voucher,1,17.30
ca414766885ef23fbb64dcfffe684699,1,credit_card,5,319.41
ea5b2c0d002d415e1c5e7d7f39c831f5,1,credit_card,1,447.42
"94289b7d9dbb9e497157dda056a90418",1,credit_card,3,37.77
"3558178e8d339107c501b79be5836b47",2,voucher,1,31.07
b197c69f9dfbfc27ce0254caf81ea16c,1,boleto,1,107.85
d6cfbbc373ed608382eb737609c4c3d1,1,boleto,1,67.44
addef08806ad9aecf14f8577435cc798,1,credit_card,5,119.66
"958c6a70e60365b576dd696ad29bbca2",1,credit_card,1,17.94
"664aece086c0b955e71ee4f88965a565",1,credit_card,2,61.00
"6803ba1b701523000d344241064d9dd4",1,credit_card,1,73.34
"50bff5996e5e67f6043d3c38633df3ea",1,credit_card,4,63.10
"709e43f97cb2a47fa749503419163710",1,credit_card,6,433.59
"676909a2d3e6b18493578ed09d3e9e03",1,credit_card,3,62.62
"12c8abab1047518ce64899cb2c2966b7",1,credit_card,1,88.18
e5529743a1c280328cb7fa14a08b69dc,1,credit_card,2,85.52
"68ced379f65a3f59a88e81cbba9036cb",1,credit_card,2,36.75
"493c6e38e4bd3f2c115a1523a455c47b",1,credit_card,5,85.14
cdde449c1dcdc9aad3adc07b6de6659f,1,credit_card,3,79.05
"0b4ff1c8f1d6e97ccd8e3ff14b4a663d",1,credit_card,8,81.02
"44c0b18b3b12639acfc54faa7a3f1585",1,credit_card,5,177.93
"6f8152f5fff81d90b3824cd6ab230d8d",1,credit_card,1,2.74
"2c4ada2e75c2ad41dd93cebb5df5f023",1,credit_card,1,209.06
"1be1c706ca05fafa2f99d335601e9293",1,boleto,1,77.89
e83017d68cf294c6dc9386de02a700ee,1,boleto,1,149.40
"9f3ff139356a16e68632efe0a4606f17",1,boleto,1,120.30
"66ea949bccf5b81da9cf52b48be222ce",1,boleto,1,363.24
e3e1cd5b453de646c076ea5da017da13,1,credit_card,2,112.11
"0c41d48612bf91d5aaf2dab6c0f3a3dc",1,credit_card,3,94.40
"4800f69c8e5130af7653664ac4172dad",1,credit_card,1,27.77
"52a0f6c103d6b2a22b489ebf37c5a504",1,credit_card,1,79.68
a640fed02512517d0d460c194a02f23c,1,credit_card,1,87.64
f2d63838fe6815651b76e2152f1a02ee,1,boleto,1,55.01
f22644ff4e2002aee973a3f3f815b135,1,credit_card,2,27.36
"9537e35e835d4ae6b7b219b8b2e36817",1,boleto,1,142.65
"5186d475bd6d5839473d5a6b8669638b",1,credit_card,5,380.40
b7be5a34ce10bf066ff8013867a3f004,1,credit_card,1,30.70
"6733b557402fde0eb490241ee15fb252",1,credit_card,4,244.75
b7e65c7d814aa068f3b16bf2a1299490,1,credit_card,4,495.93
d9a40c62c40151c4710705c2b92b4a50,1,credit_card,1,96.93
e391c35b78728b170cead56c6a53980a,1,credit_card,2,119.19
a29d9c2b5d06b98ba0b5eca57feec6ca,1,credit_card,4,112.72
"74ebbb8c3eef6b29921c0022d89812f1",1,credit_card,1,39.01
"3805a46a72cba13fc8a3920d6da681c7",1,credit_card,2,114.70
fa5fda679e9129cc1196e2482c1b58f5,1,boleto,1,95.02
"5133357f704cf088de56cd5671858cf8",1,credit_card,3,72.15
bfcf0485f27b28982b084d1d0a4c34f0,1,credit_card,4,44.09
b48b2c58981c8d7d31ec325569338e78,1,boleto,1,133.25
"3fe47ae1928a1f0f0dd7e456c400da7b",1,credit_card,1,31.22
d54005052afdbf06d7a1d39cc9e45f92,1,credit_card,8,1648.64
"32ac00d8c91b3cc4ba82a3444927032d",1,boleto,1,61.54
a2c43042a0f72bd5959e4360b16b6730,1,credit_card,5,422.16
a2f7b7dd8e50a59d16010e3d5a52b2cd,1,boleto,1,68.02
"79e843f791612177a6bb9f948f96f904",1,credit_card,4,83.69
a185e5cd569eb1436c80f83bae2d91bb,1,credit_card,3,285.68
a7d73128b7dc2644c342e7495ebe8e3f,4,voucher,1,4.24
fd0a7f56ae1f27e542b1e79d763c0a75,1,boleto,1,108.39
"97f3a84e96f9e837dae9f7e2f4570afe",1,credit_card,1,97.30
e02b879dd0de39526ef78a55f65fa922,1,boleto,1,80.37
fc6fd71961ba15e10fb27b9cda74fdb8,1,boleto,1,320.21
"7e844a0812d948cb6f3a7ffa97bde8dd",1,credit_card,7,391.18
"4fbc8d6f2f4db3e789d5a876fa349b56",1,credit_card,8,307.24
d44d3aabe5fd82754ca3b4696cdc90e7,1,credit_card,8,300.00
"750a04aefe91727a7ab2b2d3f2beba3d",1,credit_card,2,371.32
cb4468949989bffeeb1d3aa03efb25d0,1,credit_card,2,39.60
edbacb2d42b406befd1d4802a1ddf0d6,1,credit_card,6,93.82
"614bc59c7d5e038587336616e3198e33",1,credit_card,1,2.22
baa236e595125eae9865b38b2f1b7240,1,credit_card,1,34.42
abc95e6defdc8798b2f646d23e3ffcf9,1,credit_card,2,105.30
a41222506c789f70f25201004288819a,1,credit_card,2,127.04
"7de19ba743b2b9a77e6fbb5598ff0efe",1,credit_card,6,188.06
"5fc3e04af31e724bfee5ffab7d3b41db",1,credit_card,4,97.44
"47a0dd64c37d493b6979b404f36ccc6b",1,credit_card,2,138.50
"4c3812e7963e6b0932c6142e3d6a6b85",1,boleto,1,272.52
d3e393e0070015bc43d8c9973d2403e6,1,credit_card,8,391.46
"93e41e75d4dfc53553b20b0087738e4d",1,boleto,1,41.78
"9212fb06fa8197c71c382ce06e5889ae",1,credit_card,2,163.24
"329c5c3b5a57c04d68cda99d7f94403e",1,credit_card,1,39.15
f2e689a11a0a962aa271e7715b516ee2,1,credit_card,3,1768.40
"855e1b20c8aa2964bb871fd9cb5458f5",1,credit_card,10,406.87
eb8bb2327b51442c991b414ac3bc397f,1,credit_card,10,719.79
"47c5847c6d4b31c6ad25269c40be3ab3",1,credit_card,2,117.04
"2fe72d522af94b1264d79a8e6e41f933",1,credit_card,1,118.03
"00f7c5b41250e0126ced62d612ff4711",1,boleto,1,80.67
"3a096d99346df2d6c043165967ff011d",2,credit_card,1,36.59
"9532b1405815b30b0817164c1da6440e",1,boleto,1,64.00
"739bb836f89badf6feddbbb049eef241",1,credit_card,5,158.25
"5c4ddbfa718a93f4b6b964b9e19472df",1,credit_card,10,181.55
"802a4ce6a0333eb94effff686abc8f27",1,credit_card,1,4.77
"79825575fbf14d70f89cdf4643ff4e77",1,credit_card,3,59.74
fe537e6a4ecefcef1306d5d67ed38c16,1,credit_card,8,397.36
"33c7e7493d8049f7248e39fd3019ed6f",1,credit_card,4,148.06
"7fadb5fea409b4722158492cd408177c",1,credit_card,6,111.85
b0ca5afc6c53a1b2bd7c6af809913f9e,1,credit_card,2,81.63
"21717aa89515f9499d2c94578f7848f8",1,credit_card,8,390.59
c0331b57bfce1e05165b90ddae683940,1,credit_card,2,143.48
"967a1ffa4d1aff6e74e409fd8bc229ce",1,credit_card,4,46.00
e80857672c0e282974edfbb1540c4193,1,credit_card,1,44.09
a2db088616f079ceb7a0e856f8a741ca,1,boleto,1,30.86
"58d34816de3da57e9e07d7b34aced1b8",1,credit_card,3,192.83
"6319f0da31d079b3614f52149b1632ac",1,credit_card,3,214.12
fc5701b47c62ca3a3f7c2514cd5edc56,1,credit_card,5,82.78
"5697c84d8f3e63f51bebf917fa2b72cf",1,credit_card,3,506.22
f1e0c934de40ebae0e965944f581efe8,1,credit_card,1,819.40
f88829307eec85099ddcd3c06c6f5763,1,credit_card,8,328.16
b077097dbd461edeee6d08a444ef1466,1,credit_card,1,86.15
e72ce58da5fa186692fb2a9d253c0cbd,1,credit_card,2,131.44
"6250a70ada1a0cb3772f99181a27bb51",1,credit_card,1,60.00
"27a8d640e6a7be5a3b77ee064c07feea",1,boleto,1,53.10
"019543c0de8386be97738b589ee695aa",1,credit_card,10,596.95
"05ea910f7ffffe471fab783ea0d8e424",1,credit_card,3,70.00
"9b7e31b52614093d8662625b545aad40",1,boleto,1,49.40
"599fbee4cc4b8dabe57ea66e0ecd7031",1,boleto,1,152.16
db84f5852687abdb7f384d5ea4b638c9,1,credit_card,5,179.56
"023dced8c25f743c5fdcf14edabac7a8",1,credit_card,1,19.64
"420b8fd243de13ebf2c9096ce7a69750",1,credit_card,1,27.29
"063be5d2e54f57f9673b26b87c8d8bfc",1,credit_card,4,98.33
f4f4b61bf60372c3ecb43d647e163aa6,1,credit_card,1,77.57
"4c9ddca2b75016c60d1bcad0f53dfbb3",1,credit_card,10,117.92
"5a79a5d66715f65b1d5da094777cf64c",1,credit_card,4,93.64
cff47646caf0e301a4622b80cc415cb9,1,credit_card,3,173.53
"3b5d81f92e4a18f0fc0752f02f47a5ab",1,credit_card,1,181.55
"2a713182dbde7d2e65a7202532650f44",1,credit_card,1,64.74
"5cd8566a3991a377011c78d27191853c",1,credit_card,1,74.59
ddbdd2d1389314951bcd19560cac6ceb,1,voucher,1,65.01
"8578000d0000b3bacf28bd31ee906b92",1,boleto,1,41.96
"78e669f43077eded2d55ba9455560995",1,credit_card,3,242.91
"2b41a3b768bdb66c8a67b20623aaaf78",1,voucher,1,111.80
"8b486b19bcb4db26c3e24a6e6d4e2e39",1,credit_card,1,1071.12
"70fd1df0264577ffdd5510be4e18cfe4",1,credit_card,3,197.97
"093974ced77f199dd42068d1adf5c359",1,boleto,1,109.70
f67cefa0214443fdfce3845b36545bb8,1,boleto,1,58.32
ef3308b4c2a242ab54303e2965646069,1,credit_card,10,254.42
"3f71e424f5c88b151069830e08da04ad",1,credit_card,1,386.17
"6287b2bf8c9689868aadfd52c50f1160",1,credit_card,10,1046.56
ed07e6cb75956d0f36991bc3de035296,1,credit_card,9,93.58
bbb2d49836a81a36102519667b44416b,1,credit_card,6,128.09
"4243bef9583d689a9c8fe6f055cef332",3,voucher,1,25.05
"120e494a0a23aee36f4d7a635e469172",1,credit_card,5,52.13
"03953c6f8f398530d8847bf6000ffa78",1,credit_card,1,144.80
"306d73cb716b08d3525396fb16493d3a",1,credit_card,8,124.42
c47acf407eb57ab063c79f3f1c8f7018,1,boleto,1,31.77
d949d4dcea6ae27ff040b9f9f40fac7a,1,boleto,1,55.28
fd0bf90d8165b278520062ea17733c9d,1,credit_card,1,107.06
"0999bc97673a2bbf7a81731329196b2d",1,boleto,1,35.77
"5a82679b8c63d6b832a48b6af28ac526",1,boleto,1,49.00
"898848a3835c0476647c9e862798949d",1,credit_card,2,91.04
"918b23cbb191b942f9b138e7aafb295c",1,boleto,1,53.53
"7de03e8d15c7de252f740627b5f666a0",1,credit_card,1,31.75
"473431d0839fce8be53d33d8079a1be8",1,credit_card,2,267.56
"93360105ca495a4a0a6f794ceb678ffa",1,credit_card,1,74.51
d844cf5434575b8359b353fe82fb8d67,1,credit_card,10,336.09
"028df34320b87c04ef6de145db2e8444",1,credit_card,1,135.15
fc8a4fcbc1b484046b9ff15de7c73577,1,boleto,1,394.49
"73c772511dcde525870ffbe869770da0",1,credit_card,1,34.38
"7b4405df446ea40525ecd10212e28f2a",1,credit_card,3,94.74
"27870055ef90912de8d3ca3524bef306",1,boleto,1,114.53
ade5be9864c75127b5d9dbec4850da34,1,credit_card,1,63.23
"1ab115802be10ff22d8907afe81ba5b0",1,boleto,1,96.71
"68873cf91053cd11e6b49a766db5af1a",1,boleto,1,91.66
"71c1725420f3c980356bbdeea6abec9a",1,credit_card,1,63.60
eb468bfa71ec1fa121066d870a76f4eb,1,credit_card,3,193.14
cafe1030b50f6fbe232a1532e95c89a6,1,credit_card,5,119.45
"0bd742b9af9192bb314ed381e518eb50",1,credit_card,1,80.51
df5f436b9325e3e1716be74b6c5ce828,1,credit_card,2,102.87
"69461f29dab0cf81b5f953ae062a767c",1,boleto,1,27.77
"4464462d945bc41b8b7cc74d04722969",1,credit_card,1,97.62
"40001f4b6e1a35f0b99fc4f44078ab27",1,credit_card,3,216.26
"03772e1a30e1a11c351ff80f0e20263f",1,credit_card,5,112.05
"60856ac7677a70cd87ad25d9b34d051b",1,credit_card,1,25.96
"009ac365164f8e06f59d18a08045f6c4",2,voucher,1,4.50
efa184072cccb644c132d6e14a29bac3,1,credit_card,1,126.58
d1c2348d6bb4417cb581eb1d530ae66c,1,credit_card,3,95.21
"668bd274654d22b8a64cb4b16eb04661",1,boleto,1,59.54
"96b997b56a825e2b32a0436cc656b435",1,credit_card,8,215.14
a8e1657f8ba8503d95b3da051b7c7343,1,credit_card,6,145.30
"8f5c0b7943a43043c30c4ed2cc43fda3",1,credit_card,1,70.17
dbc337fe795b89d0a42fed65a448b964,1,boleto,1,141.16
"65176291fad85f25b92153f7172abbc5",1,credit_card,6,61.44
"78b1c0f489ac4c36072ce8ebdedbfa3d",1,credit_card,3,174.22
"1b71d6f1758208e8fc19537dee8e586e",1,credit_card,1,363.67
"1ad9cd62e34f5b8ebdeb700282f0168c",1,credit_card,7,365.61
e1010fc08b7bc6c1d8c94a956ead0140,1,credit_card,2,27.08
"16d24a8a330d9b6c2f6da0affce94de9",1,boleto,1,83.30
"63ca01cc7002ee54c048868356eaffec",1,credit_card,8,185.63
"39d8500c0e37306e6bf2c13d7f298972",2,credit_card,4,44.03
"4afc8ef1eb3b8f88a3b495823546ee02",1,boleto,1,80.39
"894e3de9f4244f5113bf5b97627330d8",1,credit_card,3,87.22
"820152b6c457a82037e534fa94953a56",1,credit_card,5,57.68
"5780928bf02589330d7318899b32f757",1,credit_card,5,54.05
e3d98850cbbdab2420e8a49cf21bf194,1,boleto,1,24.10
"834e9097bcd25d276e01695c82562ea7",1,credit_card,5,86.24
a4de5e12d0e969340cb9f32237c16772,1,credit_card,3,33.23
"77df84f9195be22a4e9cb72ca9e8b4c2",1,credit_card,8,209.57
d839387d867d8d152843b37c4b8b09e8,1,credit_card,8,249.68
a5a8d8582dc652909c4e2fd3599e7c74,1,boleto,1,311.60
ecc5a7a6cd9df305db7d2781708d6599,1,credit_card,10,212.61
"1ba17bb34e802d7e243558ee086ff754",1,credit_card,1,61.26
"8b030516b5067d6a711fad2df0bab663",1,credit_card,5,286.60
fb532c8404467100e3f75ab03b3faae4,1,credit_card,4,310.65
b8d5fe8c7958a04cf0e4977be468e370,1,credit_card,2,117.05
f55968a2a9ef74f95cf02a0541aecf8c,1,boleto,1,196.50
"1ffded15ce20a1a518490765dc37cc9c",1,voucher,1,28.52
"6e3febfbf4c5231d475e996a192c7076",1,credit_card,3,90.99
c1dd50c37114a20341bbf901157d726d,1,credit_card,5,128.95
bc3ec72d51f1b267777a3050c37949fd,1,credit_card,1,119.12
"1e20cf4705f6ebc093f591e8bcde44a3",1,credit_card,1,40.68
dfbaaa8fbe0139951467b1cc869562fb,1,credit_card,1,229.34
a6dd782e2849f77fd6bbd0af0f3ebc46,1,credit_card,5,105.28
f854f7c57d83d7b4f97a9d5cfcd3ebbc,1,credit_card,1,26.68
"24ea76bb3b4beaf60ca30ddb12a8ccd7",1,credit_card,1,53.10
"33ae336da56e5f632a69e131c877815f",1,boleto,1,239.81
c27185a2e9d628b1626fcff8538c876d,1,credit_card,10,281.82
d6a4e0f6f17d5eda710c204339ec6e51,1,credit_card,1,65.55
"5a4fb5816ef33f8e7514eb2719b794ea",1,credit_card,1,30.93
"1e7a7f6b2d73e0695ca934a7a66cc771",1,credit_card,1,64.34
"89919c333a05c327cd25b1ee32ccaca8",1,boleto,1,164.72
"43389a4c5d1f6f0fff4486c6ae61d4ea",1,credit_card,1,95.23
"0508c1d4ce32ccc40fc59d0592478608",1,credit_card,4,178.90
"9d2fdf1d3bb6f80d1022bf504a38d24a",1,credit_card,5,113.91
abc5db459823982b227dde437fa0ef34,1,credit_card,1,39.24
fb4f9c2fb91af3fe686805e1e898012c,1,credit_card,8,387.27
"9feb8a417a078949bf56e26f46bae06d",1,credit_card,4,241.22
"80092307dc8a515d508a93a24516a62e",1,boleto,1,86.24
"3a6e8538e1375fe73ec8da36fd36fe3e",1,credit_card,4,177.42
"4c66c3496efdc2ec571277fff303a631",1,credit_card,2,192.55
"443ed86b157df243aa07508ada4b34ca",1,credit_card,2,74.08
"91bc8de419040aeb9a64f84039c5f1bb",1,credit_card,1,220.04
de62ef786960497d8f8becbc10887906,1,credit_card,2,208.03
dff0494b87d4607872757269757c7bb1,2,voucher,1,15.17
"6dd108d9c1d54a07eeb03602befafd7a",1,credit_card,1,52.06
"3c79ec251c0c9e0831dcc2cf541c5dda",1,credit_card,1,53.01
"2c40105463f11c726046975015826e55",1,credit_card,1,44.11
"2f8b697ad1c74526e18a07acd7d7169b",1,credit_card,1,198.56
"4ab51400bd3a6c748fceb579fb4502b3",1,credit_card,1,112.25
"651657a1f3fafa6fb54ff76ef0f1e49b",1,credit_card,1,73.34
ea1f26cda2f1854ff80a133e71ea9939,1,credit_card,3,197.46
"0e267661d8b529cca5d38ca34716b3ed",1,boleto,1,117.74
"858dc2838532d6ec487b622925f25c56",1,boleto,1,55.00
"3ef9cbaa0a848de9dd30b1953d31a730",1,credit_card,4,218.66
"9879f1f661af3ff5f2e4e9e65ee661fa",1,boleto,1,159.75
"1046a71a57b33b4a92f9f932237f1ab0",1,credit_card,1,44.27
"87fc097f0342e12e5eeb4e772b40a96a",1,boleto,1,936.99
"9fdb1b24653d3cc7364ea12176298def",1,boleto,1,285.75
"26526add9da95bea7b977eff1d40d11b",1,voucher,1,34.09
a33e52fbf9a20b226a588f30d9aab612,1,credit_card,1,28.08
"894edb990c70b85e810f6a5869ed3075",1,credit_card,1,60.42
"3b6f2bb4fdd0cd8b7b28696a70e0acc2",1,credit_card,1,38.01
d1bcaad05390878b6dc5d858a720965d,1,boleto,1,135.59
"9e12ce8b0cbceeb026699832e5eb6a82",1,credit_card,2,142.70
f12927715bcaf69f662d9343c1b49b00,1,credit_card,8,148.57
"7c449e89499b19ca6b1904f9751e3925",1,credit_card,3,62.13
"429879e52accbd209d4e3c7994cbce25",1,boleto,1,156.33
c825eaa2f80be1f3ff71347c814051b5,1,credit_card,1,105.28
c42b587202c9ab27678911d072f3894d,1,credit_card,2,45.46
e1c8b1502b402a1284350d261a89cb9a,1,credit_card,1,40.11
e69bfb5eb88e0ed6a785585b27e16dbf,2,voucher,1,161.42
ecf079f16ac07328e5153aa201fbbb1e,1,credit_card,3,97.46
"3ae63a94693532d56e8408de2a30ac10",1,credit_card,5,107.78
"0784e3f6a8f38d4ce8ecbf36ddc57c78",1,boleto,1,147.25
e9c9e163bd9e8a23c5afab293ed676e2,1,credit_card,2,174.04
be2cf19c621cf22ac9d84ebf5f29453f,1,credit_card,5,147.35
"1a63c19c8d289d696b2be1e4208eecf5",1,credit_card,8,136.05
"03e94224875e6dec154cc7a142ce5de2",1,credit_card,3,282.41
"994a9a6b0c7666ed14dd7790ce98bd39",1,credit_card,3,97.65
"24e12ba561ff6e969f0eebe60196e53c",1,credit_card,10,116.79
c7b50349c671aee4a4e97aff1c8188c5,1,credit_card,1,68.93
"41683ad54cbd17bd932eb623e0ff7257",1,credit_card,3,30.70
c44fc56b7b2688b65bfb501e35015eda,1,credit_card,8,254.46
cf101c3abd3c061ca9f78c1bbb1125af,12,voucher,1,8.46
c293ca42a5c5696d69f9de1acff91b4d,1,credit_card,6,69.24
"56065795dbb3836e5698286b78306226",1,credit_card,1,72.98
"5a6a63148f6ab52879bb7c2d7117e366",1,boleto,1,145.60
"2e62dadd571541842fefc7c3b4bf4527",1,boleto,1,79.88
"0bde826daa0bd10393e958cf5d69dd26",1,boleto,1,29.96
"1600bd49133bb733879bc4e6457945e4",1,credit_card,1,41.37
"8836b763a62342854712072d612d17b9",1,credit_card,3,42.58
"3cf422cc081dcaf5ba0068fa5ef709bf",1,credit_card,2,193.39
fb973be52c6622812266932dc2152017,1,credit_card,5,888.40
"505e3b83ecc630a2507a9d9c8bfedd8b",1,boleto,1,50.00
"72cc0a443bf89c678e49da943247e890",1,boleto,1,185.19
"0d4ec8ac8110edc00c3f378607191877",1,boleto,1,61.05
"28bd3c7129e7181ef074c55bb147d6f9",1,credit_card,2,59.10
"807d573c36fdd71594efae0ca1db554e",1,voucher,1,62.62
a2a4c95d100c7e658d167a0d989407e5,1,credit_card,8,571.73
ca8371fd938708a12fe7ddb1d5d7d14f,1,credit_card,2,104.56
"8e3f8be6e1ce8ec5b39dae59e0aabcff",1,boleto,1,154.58
"450acd2e753be51b02a7db4e9f742b52",2,voucher,1,31.77
a77696c7b42da1121205a92ddae7b5c7,1,credit_card,1,40.35
"8c24ab6e056330685aa0bc69893f0ff5",1,credit_card,5,79.47
"518a29937a972f0eb47a811a8bf44642",1,credit_card,1,72.17
"767595f6cbb3f45f3d3fced0aecc7fed",1,credit_card,2,50.34
"71b2f4ee75a2ad70a20e594c8638b23d",1,boleto,1,34.87
f1d050fd7d6e547eb0ac3bb1f776ffd4,1,boleto,1,73.63
"59d227c2a7283050197703ca057505d9",1,credit_card,1,88.39
"08213e46524c11c2501c5d0a59ff8b7a",1,credit_card,2,113.82
"90dd995b31d5fdf734e55fab036c4690",1,credit_card,3,135.95
a8442d4b8abaaad3eacc3338c9ff08cc,1,credit_card,3,163.97
"0d78ff8b7d8f2a3590a2e4745240f97b",1,credit_card,6,418.17
"7c047c85426bcfb2784094eedd90ff94",1,credit_card,3,166.29
"0db67754b16d1c810f66a42f0f726359",1,credit_card,3,199.75
e19a1b398beea6784e6dc219eb0a6a89,1,credit_card,1,35.42
"70b746f6d25c9df56e8e41bc05da3f1c",1,credit_card,10,225.31
"07efb6b65a21feb31a7567eb0dbd2476",1,credit_card,1,28.19
"3efb7ab9a8ab0d5928af81d8f43b2e62",1,credit_card,1,64.10
"09777f429af8cc60d951cad68db15b6f",1,credit_card,4,424.57
"1c54750859f8472306a0b63d74e782ef",1,boleto,1,105.17
"3c8f34ce6765b01eb78b79eec5617971",1,credit_card,6,183.85
da291372a3562b947e6b2b57bbfa5b74,1,credit_card,1,115.34
"79172945447a2dd29abbffd445a99205",1,debit_card,1,32.44
"3151632a0a68e4f69a7f29961a091904",1,credit_card,4,264.26
c9beb1873d3060dba404c5d5628758a2,1,credit_card,1,158.20
"4fc24c6e6c09b89f876806e55dc8fcda",1,credit_card,1,89.46
d3aa5667ad65af7fa58a5481d0aff07a,1,credit_card,1,87.90
"42006f4285a74fe6aeef976170d01e60",1,credit_card,4,400.20
"8040bd2eb4b6e7cfcda94f1ccdcc703d",1,credit_card,1,36.86
"958e577696e108a5f94c9b0f1b6f763c",1,boleto,1,145.57
b7624f6b70f7b79ea2b092b6f1be678c,1,credit_card,4,112.99
"8f00691337d685f6b20b93cb491b983b",1,credit_card,10,308.81
"77c374d0a559e948d26ddd439b558558",1,credit_card,1,86.52
"7d211ad04e2a788e75109de959ce3171",1,credit_card,1,134.13
"1bb74bdf991ecc937ab8901c6b412a24",1,credit_card,5,56.88
a2360f80888ccaa4da649c8d63001de6,1,credit_card,7,78.71
"2728c4c5805dc2b5f0d4aee36cfde5d1",1,boleto,1,258.02
"4cd3fa6ef1838f388495edcccfe64c02",1,credit_card,1,121.38
b27d08e878eb286e33958ca95ba5bd04,1,credit_card,4,317.57
ae742f1350cc572e8e8c752625b53829,1,credit_card,8,378.04
fe4021e2697d2b86229336b10e91128c,1,credit_card,1,1.40
f67e663b2ff655ebf56d06f6fe7f6a97,1,credit_card,3,78.64
"657ea9232c582c9e40330a60f68dc189",1,credit_card,3,36.13
"7743b506a4c2e87e3f5af919334ea71a",1,credit_card,4,225.71
"710a17b0d3c3a2ce582552d6bd8f6446",1,credit_card,4,92.41
f31853a4f30d4851c847e4494663e749,1,debit_card,1,176.23
"41fac1a841732b89d07857b5c7f4aa51",1,credit_card,8,138.13
"673c33bc0fb36d9b542e2bb104c14841",2,voucher,1,37.90
"51ec62622b0b1e86fc4a3098424576ea",1,credit_card,6,60.26
d053b132c9cab9591737e9754ccf21be,1,credit_card,1,27.19
"319ccdc182a8c5d60b228310a6432460",1,credit_card,10,709.93
"2d715895d98aa1a83c1e48b9ce8bfef0",1,voucher,1,56.89
"1e54e64066c85e4c0b929c0dde6bec3b",2,voucher,1,74.81
a9f6ce91a31d7e8dc4af0d3c847a5639,1,credit_card,4,221.79
"12dc37fa8745ccb498042cfde2f72e90",1,boleto,1,24.10
"9bfb1002d8b4e78527125bc25b4be9ed",1,voucher,1,39.51
"106f6c512adbf8efc43791f75692d25c",4,voucher,1,21.19
"104bc860b4c9a9d28566dfd1093997e0",1,credit_card,1,137.74
"9dd961aa6268f666f626787499250308",1,credit_card,2,102.35
"01908071e35fdc75bc0d7764f153abc2",1,boleto,1,114.65
e32a917953bcef4f0dc22172bb6dec57,1,credit_card,4,235.28
"8ea1dbf8e7696dad19eec8c1585a2f14",1,credit_card,2,74.19
d5d3ec988fdf9d0896092f00c1c54fa0,1,credit_card,2,98.55
e7924c9e5666d9e9e2a9196bd1527870,1,boleto,1,28.75
"817244d0b17cd86f2e5d77b1985b74fb",1,credit_card,1,79.68
"923765fdb94682f0fa2229c76ba718fe",1,credit_card,1,5.95
ac13993b49f8254ca1d6ab536c035473,1,credit_card,8,86.02
"3d0e84aa6695f156f958a00ca2a2745b",1,credit_card,2,109.50
adb868b8d7d0bd7fa24ed186543075ca,1,boleto,1,71.14
"6041616fca20babe9d45128ecc8d3b4a",1,credit_card,1,82.82
dfaa4ce943a8dba10b754befb76fdb49,1,credit_card,1,33.41
da199a7491e600f839b6a5f580902cd9,1,credit_card,2,61.98
"04f15733e3974c4127cb066cb835cdc9",1,credit_card,3,296.32
f1b07f996a94617942371141c1864ca9,1,credit_card,1,122.97
b191545cfb775e72c067683831bf4b0f,2,voucher,1,121.59
"1f9624a22a45c44073523bcf6f1c47a2",1,credit_card,5,114.33
"6ef7236f77012f10ce40fccc912d7f4f",1,credit_card,1,834.12
f100e6de2729471b754facdcdb55b3e4,1,credit_card,4,132.02
"869e5bd441672657e6b28cfa5e685fd4",1,credit_card,5,55.09
a8305d2dfd60042d6000b3de3bc533a3,1,credit_card,1,74.18
"0a721c801fb74738e32f7ffc3c068a46",1,credit_card,3,46.92
"44af3ebb46b0fa7f9ec19a2a3e49d3c1",1,credit_card,2,158.75
"05e168bd339a82dc2739b847d4ca99f8",1,credit_card,8,494.67
c6b0f4a5ccf598922d592d8c56c044b7,1,credit_card,5,211.12
"58e03095584d960583933517a2aae5df",1,credit_card,10,254.64
"7c83cd570176d1b7e42606920fd81d81",1,credit_card,8,243.76
"84b1a040b5956976ddb49db67333f19e",1,credit_card,1,71.88
"0417c9ab9d789459e660e8d325ce4a6a",1,credit_card,7,367.72
"85bc57a3e811daa04557aabba27f535c",1,credit_card,2,174.05
ff5389bcdbdb32ac8cd49d2a6055cb7c,1,credit_card,1,30.22
"3bb2984ffaa10a2158edeb25f12d9a2d",1,credit_card,8,324.97
"9570539b2a98b46f96b1b029b1d76b03",1,credit_card,1,69.90
be8825818ef90fa22e25614dad11854d,1,credit_card,3,223.00
a7b9ca3e1958817f0415ebbf1fef3941,1,credit_card,2,167.39
c24d5cfbabc3f3d25c944b62f3501bc2,1,credit_card,3,194.20
"517505d25c8775dd836ecb4e308917a1",1,credit_card,5,119.73
"671c1562854f03c1d68f6d48e1fa4c7d",1,credit_card,2,76.66
edcf1e1eeb52381be9388c90152be52d,1,credit_card,5,314.32
"4ff146e64dba229dfd00df19d2cbb570",1,boleto,1,138.15
"459c8e5f96858970a0dc1fc5158363d5",1,credit_card,2,203.34
f16d63adfff7b3be52e70c9ff8a02968,1,credit_card,1,21.77
"86ffd26cba13b7ba4ca88e5a993f5f4b",1,credit_card,8,89.47
"839a61f2e7b3eb740c0cd5621dc3fc8a",1,boleto,1,163.83
"6b4383f4e80b98f77c7f02262603cf9d",1,credit_card,3,91.03
c1f5702e0e110ad2380343449ce19887,1,credit_card,1,91.79
d99158c3b20bff0ca58c2aaf4fa027ba,1,credit_card,3,62.65
"3656fe1c2f4a269235d18fc325aecb13",1,voucher,1,96.20
"62942803c1be12d1fd2f0365690bf6bb",1,credit_card,3,162.90
"8179e1a142b156c4c24a824d0bf0af86",1,credit_card,1,30.94
"40dabf04200fba9e723d40d5778c2607",1,credit_card,10,288.76
"7547e3b174d5790cf512240bf8a99bf2",1,credit_card,2,261.18
df3330ae0fa0cb3d71397806c44980d2,1,credit_card,8,440.49
"1028f2778958e0ab0d9da92e14de14d1",1,credit_card,10,150.15
e6f95a7496e86345ef40edc6071dbcd6,1,credit_card,7,73.34
"274bfb4da66b528e1e0b332a343fe403",1,boleto,1,75.77
"3d3047f50d4d6bee7d15f08de007146a",1,credit_card,4,92.90
"4dca9eeee0f0444664e0bb2522fea8c9",1,credit_card,1,67.43
"5a9091e3b6449a23c5b751f426945acd",1,credit_card,3,42.50
"649119592692c2ce73021844e7892aa6",1,boleto,1,173.28
"4b73f647e26dc08ed1ac8602a80ca3ee",1,boleto,1,741.44
abe6fc40cd1fe4d8d308811303a443ec,1,credit_card,1,221.00
f69ae31bce06a78d626762b53067c7e0,1,credit_card,3,173.77
fae7474cb4e9db46851ec394af4a04b8,1,credit_card,1,343.35
c9c3b33329e09fe7ca7bbe36ba2e439f,1,credit_card,4,119.50
ac68ca3267acd54af9b04f0b8f63b7e1,1,debit_card,1,1490.53
"1b4d9a7458ed02052dc6311884a2b1d6",1,credit_card,10,117.85
"2365a103706753a90b96a806e02061bf",1,credit_card,4,162.89
"1b06aad4a90f552b892b8389166627bc",1,voucher,1,90.28
"7f4ffc58a759986d20c8c592bb7c5cc0",1,credit_card,4,199.29
"9d4ef6bf8501238d56e2c970ebae7d77",1,credit_card,1,66.41
"536e26cd7924f6c5785423b49b0fa7f5",1,boleto,1,119.99
"2df5ebb637dfe6f39497c081655a0275",1,credit_card,1,36.69
"4273d1dff20ccc8e3abbbb34e4a50b62",1,credit_card,2,152.99
a72c7ab8344502cd9a7614aa0af4ab68,1,voucher,1,74.41
"009c278fa2ed6e7ec498200b60193ca8",1,credit_card,2,45.09
b38869bc2ba9d5776522abd4be60168f,1,credit_card,4,247.50
b69bfdde98abccd9501aeba56d887ea5,1,debit_card,1,31.78
d1f7b8ef7a59b18de8df95b7b8073a5f,1,credit_card,1,24.87
"42299af0a6ded1aaf44fa88f6c57dfac",1,credit_card,2,43.69
"2eaf7dfaeccf310af1144ee1fa72fe08",1,credit_card,2,60.01
bfc2b97037cfb3d63579f4a3f877a912,1,credit_card,8,1415.66
"863a5aae025377c66a973980616bb64f",1,boleto,1,35.00
"588d8a3645cd2c4d3b9773d212a185e5",1,credit_card,8,1223.06
"3f8d6d4cd34333e5cada298b7b09b719",1,credit_card,1,128.34
"8f403b0cd8695918b7937e91e5b39c5e",1,credit_card,5,124.85
cd1734bd80ae0e3a91f16ea6e3ded326,1,credit_card,6,88.49
ec5a489ff2d239e7ef65ab8a3057caf2,1,credit_card,4,46.22
"5495e34062773c6ae356fda1b241901b",1,credit_card,2,152.58
"2f7c478f21ac2d388886deb706e200b3",1,boleto,1,539.12
d3b7594cc1a07125979df784dbec5c5e,1,credit_card,1,47.44
"161dded9453a3c4d5b6fd484128249a3",1,credit_card,2,213.33
"5b6793d19c0a49b1815f5a74f8c5a370",1,boleto,1,57.23
"1816604dbb7f5d2f152dec74b3379aa2",1,credit_card,3,77.57
"1728325be5eb1de748928d1e52fbdc29",1,credit_card,3,59.29
"8be05ca81704fb409d92021f7e7837c7",1,credit_card,1,49.94
"38d1046513a150583e3f00f86212d3c9",1,credit_card,1,96.22
"7b21dc72af6d0de45bdd249a637710a1",1,boleto,1,116.85
"104510f87942ecbbd9af73b0773b0e68",1,credit_card,3,167.22
"7ff9f85b17d5d633e604956759f5cca1",1,credit_card,1,61.33
e71957268efa9cb98b393a6851836014,1,credit_card,3,862.08
a4890942006fbfab611850fe91fdcc43,1,credit_card,8,348.77
dacb2204acffacf83274bceb72cf34c0,1,boleto,1,32.58
bee2b7c6076a73bf21b6fef8fccd6691,1,credit_card,3,218.10
"8046a8ff5327aee0844fc04bbbdc2780",1,credit_card,4,172.71
"569fce9b205731d6e0c9f31e9cabd8f5",1,boleto,1,155.65
"65ac166c30ce56f69586b063209ba83f",1,credit_card,3,71.91
"442f0c23874c2066610c590e95ebfa4a",1,boleto,1,89.50
"4ab19a6809950d1e5cd7ad49ce3c47f6",1,boleto,1,32.69
d2e18fcf7ecfd667af457a9e7034c86a,9,voucher,1,20.45
"26330ea8daec86890eecd63e62f17c01",1,boleto,1,75.85
"1c020d85d867e13a69a2864fdd50e1f6",1,credit_card,2,40.85
bfbe4da70051b268f60475b51581c663,1,credit_card,8,93.73
"570610b25d5f59c9e9d3dccb2cea3614",1,credit_card,5,493.65
"35aade410488cc865a183d6a7fa637eb",1,boleto,1,84.52
a26aba3dbb6986530ac9f2c8866a36c2,1,credit_card,3,165.71
"2efd11439a203a20e9a473a10a2c18f1",1,credit_card,8,768.41
"6c4e1e1b0508d7c73164b8890daa28c6",1,credit_card,5,80.94
"8c7567ec8e551d23654888754fef5e3d",1,credit_card,2,77.95
"6e4c6bf06ed0a86acdeea42fc3f41e22",1,credit_card,1,100.25
"540aa72ba814b34b792f075b2164edd7",1,credit_card,8,275.89
cbfc4f1ebf8b2f4362a74b61505e34fe,1,boleto,1,70.89
"5d4641e1bc38e17f79478bb33fdfbb0e",1,credit_card,3,173.90
"57ce980154f9852664b8b1cd206e6c4c",1,credit_card,3,60.72
"9052586928b38e6da1b27a7a467307e2",1,credit_card,1,21.77
e02d1acde68fc554aee0e2913c3179d0,1,credit_card,2,95.64
"0ead7996f8952fba09e18bed9872414e",1,boleto,1,87.23
a684a880595e155b09caa69ea219257f,1,credit_card,2,68.03
"5ab9f5cd19baacd0b863fd1f502cddd4",1,credit_card,3,88.08
"6f1099a755a7a1fb6efd638fd5627930",1,credit_card,4,160.76
d00ff6010b4c8c182b603ec360026b44,1,credit_card,10,169.69
"04130ed2567c23daa988cca5f1860430",1,boleto,1,46.84
"23e9d59ee7ad86ca85f8fc571420345e",1,credit_card,1,137.60
"79c2ffc2f003219f466be98942ec35ae",1,credit_card,7,83.60
db88c73b909a8dedc34e77d84f2ec323,1,credit_card,3,238.69
"33401d2d0621ceae77505c91308ceddd",1,credit_card,2,69.03
"104db3ac25a8c92d8b4a1bab46c92c66",1,boleto,1,241.27
"8895673f81ae9b1b7ecd868bd707b243",1,boleto,1,178.03
"1ce7fbaa63b1e1a632d51df0ecd2cf39",1,credit_card,2,85.14
"888806c9bd5e86be8f9c470c7499e408",1,credit_card,5,340.07
"51f5cd4115244a4860823a80bea0307e",2,voucher,1,50.00
"8a32a50c6b4576d818f3e7b9e077aac2",1,credit_card,3,85.33
b9e0c2dfab4b400170fc1bdc4765a35e,1,credit_card,1,132.08
cf90a0857f3c111d3fcc73aea40c7d11,1,credit_card,3,167.86
"5db44e5b8064f2de158539b19c8e3ad8",1,credit_card,3,39.75
b5645b72f0e1b78b622c8a6a4cc06371,1,credit_card,3,125.52
"242bcea719638feb8c102d38e67a4977",6,voucher,1,12.53
"8b08f0e729f58529ed03e763270f78d5",1,credit_card,1,136.50
a3d6f1c32e941d70a3261b7080854aa2,2,voucher,1,99.16
fdcafe63dae6994927f09336202f66ea,1,credit_card,1,3.53
"1b3d11cf9f92c0f7baf627ab059621f8",3,voucher,1,200.00
"91fe2d042bdf1fb8d6f2fc33f209ec04",1,credit_card,6,61.19
"615ca9b2afeaf5644ae8cef64797132e",1,boleto,1,122.22
"81ea9ed273341e95ebee97df7c324645",1,credit_card,10,187.80
f55e3574a0c2475fa05dc439e338b8ff,1,credit_card,2,136.90
"42802b4a173a8c9b8a7039b19c419fc6",1,credit_card,10,413.59
"032d90128bd4c1c63e317ab45ddc2879",1,credit_card,8,166.55
bddff2883414dd312ae50df08beceb22,1,credit_card,5,134.59
"57b490831ac4a17a68d544c740bafe52",1,credit_card,1,61.96
c8590303527208d2ea0f2eb752ae074a,1,credit_card,3,284.84
bfe3860674d71c4a8693185caa8b2c65,1,credit_card,5,116.06
"07fc346abda30b632be799f5b4be2bd8",1,credit_card,6,231.67
"1219c95f809e6f43a8a0f552664bdab6",1,boleto,1,84.72
"3d87ba4f7660501adecd3a4fa95886b2",1,voucher,1,37.34
"54d6f9d8f56229d3da815add65ec2408",1,credit_card,2,348.14
"790bb4bb687fbe180a7a4228aa2c00ba",1,credit_card,5,167.88
"930ce01cc6b66e9582938cc79f835ffe",1,boleto,1,45.22
"194f1c2a129a89001a71ac255d239fff",1,credit_card,1,39.64
"0e3e9ace0a88a5472a5fa59b8909a8e4",1,credit_card,8,106.97
"4b47ca7c3201379f99ee4c1f4d0c80b0",1,credit_card,2,96.47
b2e21801242d20d3f1f17a2e99dbd5f7,1,credit_card,1,35.09
"2720322b26b3ddc8467925c74b7d7c9d",1,credit_card,2,306.03
aac634f35cf463dc4251abaa15e604e7,1,credit_card,4,71.06
"9ee2b040a6fafeecf4003f3d173352fb",1,boleto,1,236.70
"2122719f6fc72fba16b0b3001d539a7e",1,credit_card,1,0.09
"56ed02af90f688d10a65b08ce598bb21",1,credit_card,1,96.43
eb909cbbd3171dfb60b6827c2b431309,1,boleto,1,78.20
"6f6b5c08b8746e5c1ea778afcf6ec2da",1,credit_card,1,132.10
"594013e81f2c775b3fb2591f7e4bd4a9",2,voucher,1,129.71
d468753370018732c4766866dfc1878e,1,boleto,1,224.04
"4483bebac87f089540f2e5be0a6589f6",2,voucher,1,74.99
"53986010cd24a083e90498682f8129b8",1,credit_card,2,264.04
e06797dee43db4be30214e472ce94594,1,credit_card,1,37.38
"6567e0ba7d75594aacbf2ae3bc9a52b4",1,credit_card,10,109.40
"39079435e23220a9ac9488f15e35e408",1,boleto,1,128.25
"88ed58abfdfae2aeba565453608e8e07",1,credit_card,1,63.66
"0cc4f59df564ec8dd6539dfdd8b29472",1,credit_card,5,616.80
"780bb1875afb8783be7fab39382d8eee",1,boleto,1,37.54
"6e92a04973cb201200ecb4d6f82bb5bd",1,boleto,1,42.62
"47a53fe6f92821c8b0ecd40dedee5d6a",1,credit_card,10,790.50
"5dd2d22e1330c17a5d2ce7ba581b2c98",1,credit_card,2,187.65
"9a9005e225c09281c29a530f65db93bc",1,credit_card,3,97.66
c6f6cbb3c845593222d5c594bb69c5fd,1,credit_card,4,104.34
f7181fc3cf71354c25827adff7dfc284,1,boleto,1,128.50
"5d4c60302689f1e23d80b19eea938bf6",1,credit_card,1,23.30
"851b7dd1e78cd0ff3faaa1d3df4447ed",1,credit_card,6,67.68
dda427569144edf4a458f8fed9d5ca4a,1,boleto,1,74.16
"98e3a00dc4ec45980ec0c6fb585edef4",1,boleto,1,282.41
"7604b2e3523cee6efa15d486cddf96c4",1,voucher,1,34.23
"1f3be0325231ba927e78b6b517db7455",1,boleto,1,405.42
"5dedb012dc056caca4184c7fe7ec5613",1,credit_card,2,450.53
"69f57d3eb1a981a8fd71d99c39bb6109",1,credit_card,1,142.63
"23229014c0c3d71b5a013fc36f1de367",1,credit_card,1,56.39
f16e4c5b20fe01e09d3cee88c9c91fe4,1,credit_card,3,113.43
"047ea1a58aad923c2c108eafa2c28192",1,boleto,1,186.10
"9403f186541e5cfa0b72d67be22cb81a",1,boleto,1,135.59
a91c3d9045c21f1f101bfc28c30fbef6,1,credit_card,4,232.89
"463dc1b7fe6a8f19d740aba99d88ab73",1,credit_card,3,76.65
"4b505f3faa7d72b24398e54db4b0469b",1,boleto,1,62.30
"5b6d41acb7c2e60bf82df4d27888b501",1,credit_card,8,208.20
"2af768daf2646f316e9457e1f10b2428",1,boleto,1,158.75
"24149968adb7fe949f6d6dec53cae0a8",1,credit_card,2,101.36
ad430bc59db52b1f7522b6f19e669bc6,1,credit_card,3,206.44
"689624d719c9fffa2c4ff8f71da712e4",1,credit_card,2,91.19
ab8f85575996e2f61235b8943be55eb9,2,credit_card,8,289.05
"9ad10c69757273af721bfa883c1d1c81",1,credit_card,1,53.37
bff2299c68d30f0c95671ff860e1c4f3,1,credit_card,1,147.70
"547de36b535e31868ac015ace42f14e3",1,credit_card,1,108.00
"9e8bf3ebc81cc29ee6e934d95370e5bc",1,credit_card,3,70.12
"8121a5da48fe0eaf4676e88e9d209cee",1,credit_card,2,119.38
"93e89f81c82a22b8095dd19f7f973abe",1,boleto,1,47.38
b88097025fac360c0367799f94ab9a66,1,credit_card,6,60.60
cd46e7067c0726158a9ae8f0ab64278c,1,credit_card,1,125.42
"6fa5088dcf950909aa3c2001eafc4106",1,credit_card,1,0.44
d5019697adae49bc605b362a5647971a,1,boleto,1,152.21
"55f140655997122535ac2c2290ce6b2e",1,boleto,1,224.10
"25cb912c6742e486c6988aaf2c8f221b",1,credit_card,10,149.34
"369423839b4d9789d69665b7c2361443",1,boleto,1,331.58
"32ed6bdde31ea634e11323317933d24a",1,credit_card,4,41.69
"10482cea058f80e06b62b933eba72928",1,credit_card,1,116.36
"833fbc971cf15276b9fa3a392f73b4e6",1,credit_card,2,145.03
fcdc0725071f9d22fbb097c56f249f97,1,credit_card,5,119.31
"95866ba7444df70e11f040995d30f40d",1,boleto,1,328.42
"604d4d8f967d87d742da674124602dfe",1,credit_card,1,117.85
"05e6501cdfbd86fe9a3a788c3d411091",2,credit_card,4,44.28
"5ed4a711abeae54546aa870c4ca1df83",1,boleto,1,81.01
"8e2b743537ff14af3c1a7713b7d4241f",1,credit_card,1,240.71
c906d290e52be53ab891c3e09074a9d9,1,credit_card,1,35.00
"95e07772220c46b29b44d09579d28662",1,credit_card,8,176.23
"048beca6ccda094fb80bbc704d7c493d",1,credit_card,1,173.60
"4bbf3cd0e516cad47209a71b4ed02f94",1,credit_card,3,313.72
bad29fab02c3d830ea834ff60207cda7,1,credit_card,1,137.52
"6c27984bddb654e222cd1b9a238d2e74",1,boleto,1,55.22
c24b8462503bdf22720225bab4a5fbc3,1,credit_card,2,156.83
"30b971d10c8ea1517964eb4b7f720f2c",1,credit_card,1,31.10
"2d395688fd6ae7eb8d492b8fd1ce287c",1,credit_card,8,99.52
"0c6777b2bcc85ed22352f240d71f3389",1,credit_card,1,165.67
"1ce8d14cbfa55d85f3009438ecbd792b",1,credit_card,8,142.57
c8bb5e3a323ce2493a2a00f055b10f11,1,credit_card,2,106.39
"8394de68d323384a331279fd8a60462e",1,credit_card,4,49.13
f6bceb62b35d3e5335db07a36336bd6b,1,credit_card,1,38.13
b454e4c4cc8948478a19ca36c5e77bee,1,boleto,1,158.76
"6cd5b34948dea7baaf9c2dd4f429c611",1,credit_card,1,47.64
"07ac5d2775e382ce0fa8132f74330cb2",1,credit_card,4,200.33
b761497bef87779669a4cb894020af20,1,credit_card,3,262.69
f6b21dc04fd9a818939dd9aeb45d9b37,1,credit_card,5,52.84
e1cef1d9d9cdf18eb3f06c9ac41e3b50,1,credit_card,1,107.30
"707a334be449a3283d0312d4290d8077",1,boleto,1,108.62
"9a3fe20d67742c5c5ebbd4ba8403ad13",1,credit_card,4,48.00
"5f4fb6276021ebd35972ce9dcccfed59",1,credit_card,1,70.49
"1f559479dd8bfb2e398b0372cad1c2a2",1,boleto,1,66.31
"5d80dfb48f5c62fe1cbd194b1b6f57bd",1,credit_card,1,31.93
"5ff6b1218c59006ad453dc0f33c70ec2",1,credit_card,7,78.48
"8a6b47967a3590fb66d3b0a503b7e155",1,voucher,1,874.08
b3fd6f1d726da32abced71e3fc845e35,1,credit_card,1,822.90
fae3b1a8d40ef353a1dbc1846bd5cbc2,1,credit_card,3,32.02
"0aea558128f1a96bd223babc4dc79bd3",1,credit_card,1,50.74
bdb7914e757d235eaea872b4c9031509,1,boleto,1,256.43
"3bce97659e11778172e62ac0b440cb6c",1,credit_card,4,139.93
"94302f2c0be2b8557b415b3330aca160",1,boleto,1,141.25
"5342639ad4af90638a48134b744df827",1,credit_card,2,125.61
"2343154aea8ab8651aa8c95f4ec40846",1,credit_card,6,72.85
"214e3e63d08a54a0670daa8ce72df870",1,boleto,1,180.33
"09fd1722d038ec5290cb862bb8ed8e46",1,boleto,1,176.34
c5b0334dd1b5fec8ac7ef5d5721d32d6,1,credit_card,1,245.90
"41944cf624269caf43e02d939e33e8bb",1,boleto,1,52.22
"0f916489801ab47804cc7da10fe0dd6d",1,credit_card,1,173.35
"1ccabc4484a32c4c369b21c05cf03fbe",1,credit_card,4,62.01
"1fb19f4cd7486d32cfc488577cc28235",1,credit_card,6,370.29
e90eebea41d76d0c1dbc1253391ca5d3,1,credit_card,1,20.08
"0cd41d4323d14560d7b92ef270ec6a2a",1,credit_card,5,127.64
"1016b48b6d8c68e73002bdeb36e3deb1",1,boleto,1,45.00
bf4224a194089b88ebdaeda0a49ca9ea,1,credit_card,1,60.23
"1e74416e1dbc181320083b6e4402cd10",1,credit_card,3,34.84
"7856cc6567e7f703152d17ff0c152e3c",1,credit_card,3,197.82
f80418398916bd31aed5238ba6efe9b7,1,credit_card,8,575.56
c8f4027dbf44d9747152dca781b0cc37,1,credit_card,3,76.19
"152066afaaba08a8a38cb198f0b9b38a",1,boleto,1,50.38
bd53eaf563a119c58bdf9a9d5b8cd012,1,credit_card,1,89.32
"4e426aca1d549d77439cb4eb115a5d37",1,credit_card,1,62.31
"901465dae974188b53519b6a0e180622",1,credit_card,6,191.99
"97f628c23936b663758751ed856904ba",1,credit_card,1,35.69
"46ec3fc4e7cfba8d9f376f2499086d18",1,credit_card,1,62.65
"14d5f7d2a3755fbd4df406ef4c4b400c",2,voucher,1,16.07
"4fa6e0de7b5c8b7f990200ff10e5d20a",1,boleto,1,49.72
"3c8cf4a64088009cadc132d10d0ae7f4",1,credit_card,1,117.14
"0799a27b55977a0aedea205def0a6297",1,credit_card,2,204.98
bacacd90ea03f7aceb09acaab257d094,2,voucher,1,12.24
"9d9d06f2b18d6a0dbf941721131b65eb",1,boleto,1,37.86
"1196240b71cd166c2b75a3a0c9ded394",3,voucher,1,32.82
"44820bce2c8acaec4817ffc156cca3db",1,boleto,1,96.12
"07f6947cb721727031402e0cd6d6e5e9",1,credit_card,1,32.63
ddcb9f924091ed9cc49b9c78d37d48b6,1,credit_card,6,322.21
"18c48366114e65c415b2c19448f7c146",1,credit_card,1,53.01
"9400f275e481cffa6ae413327d5ae05d",1,credit_card,6,125.52
"74b1932a11b0d28d122ee5572b5ea7d1",1,credit_card,2,83.61
bc839831ba2010861cf9e75ed8f1306f,1,credit_card,3,190.40
"02624f7cd7272b3e027320023dbdc99b",1,boleto,1,48.69
"6737b4702ad9d1cbf37d635bc06bf77f",1,credit_card,2,201.53
bff822e4659dd79ec5614a036a1e1b39,1,credit_card,3,69.73
a7945c880a9ae5ff74905e316695ac77,1,credit_card,3,38.28
"80dabd6ee5b0e0d7d5672d511ca8cc7e",1,credit_card,1,106.38
"81254dd1f66cb71378737f0036be0bc2",1,credit_card,1,34.81
"7f39ba4c9052be115350065d07583cac",1,credit_card,8,916.02
"2d1e2d5bf4dc7227b3bfebb81328c15f",1,credit_card,3,134.83
c75113aa2bd1c8e9b847c8c8c6490a12,1,credit_card,4,48.10
"9236b5f6966275539861284a31b94efe",1,credit_card,1,82.39
"3636e49ba7039156231c33afc15f1dc7",1,credit_card,2,141.64
cd2079cf74c5ccc03fd848508b776152,1,credit_card,1,42.77
be9b657bc6db0ce7ee053472ae3e3fb6,1,credit_card,8,168.75
"73c39370b3a653a0b62ddcf5266b64ae",1,credit_card,9,98.38
"61cbfd453bec6d149c4607df0632496f",2,voucher,1,1.65
"8f056cc6f955f6980089a1941b682c7a",1,credit_card,3,182.98
"45ae42280548c03b6b40058b455c462f",1,credit_card,4,102.12
"301e525fb20b6bdc7efa5525f27b722a",1,boleto,1,181.76
"22751a6069364ffc60a6e707a9e5c4ac",1,credit_card,5,88.74
"56ae029ed8bd31758f66831a64bf5629",1,credit_card,1,51.11
"1c518c9a4da98619eea4bc6fb9651832",1,credit_card,10,132.69
d3959554e1b8636f9d873e650d4eb407,1,credit_card,3,139.87
"796b04ac2c7b508683f6010238b991f1",1,credit_card,10,517.20
b3cb8cbd307ae353c5bed2e6eec5c58a,1,credit_card,6,134.45
"1999bacd196c3e2004dfebecf36b7576",1,credit_card,1,33.22
"604cf9b703209b8e0f87284d5aa05313",1,credit_card,10,113.61
"52faca764f10e3c9f0527267b3aa7c95",1,boleto,1,162.40
f7abaa156e535f9204ac0cedab166bd0,1,boleto,1,88.20
"22b29d286c0de8b013b0db61ddcb3754",1,credit_card,2,160.57
"65a20f560863aa2aab71ad123abcbf60",1,credit_card,1,105.83
"19488ad1e6b3f423c4d8b3a3262efbda",1,credit_card,4,222.60
"039450cd44c5b6c68f8d2bada4eb315f",1,credit_card,3,124.46
b4e33e55022ad7df2aceed384e698dd5,1,boleto,1,24.34
"214cc0f5b3a0461874dbbc915258bb54",1,credit_card,8,203.99
"4665a66ed8a60266a8b2f3d4b7e17cb9",1,credit_card,3,137.07
f2db192253fbe0e938681e583c8e99e4,1,credit_card,3,57.98
fbb6f530a29a36186658901e6514455c,1,credit_card,1,77.37
f694a43692e80583d2b5b561d4af4488,2,credit_card,3,82.09
"6744ba320cc05c157f4ce99347a87e12",1,boleto,1,57.29
"4dbca7341b34925d752e66dacb9bbae7",1,credit_card,3,105.28
bb004371887666040d4ca5e0b002bd08,1,credit_card,2,69.18
"668ee4108169a1d58c55b20ddc3fa3c9",1,credit_card,10,118.03
ace40b7f6657491f011b8a3ba9edeeaf,1,credit_card,4,49.09
ce9ab4cfbb50936abf90ef14408b41c7,1,credit_card,1,31.72
bb826b56d55ad8b42a01591762024f17,1,credit_card,5,135.17
"9df9587a3db3e8ad4789a07841a0afe1",1,credit_card,1,72.72
f591324def93e5e3d7450690f588022b,1,boleto,1,148.15
"82f66e51ca6c291960fa27c3308f25e9",1,boleto,1,96.32
"31a200fac55455bb8b28d747b21cfb83",1,credit_card,1,89.58
"0eae12a41feb1afc14ffe3ec81feb168",1,voucher,1,64.82
"75b60fe8ae4a01ed4c3152a11651218c",1,credit_card,4,40.76
"2045198a6e7202ea847fd4816f7dde74",1,credit_card,3,128.80
"31002d1cf4364e884a8a59e0e0bc2373",1,credit_card,2,66.60
"11483c6a164cf839a3b0c945acc5935e",1,voucher,1,20.00
f5ac2f2da6f2f8228a83d6ee71909439,1,credit_card,10,103.75
"5be8e1e5d0ed823d38d05d5b7cce9581",1,boleto,1,163.53
cfd2d083615e8a74ea5b38d198c92a77,1,credit_card,2,233.16
d1a3dc85b893b90e5197eb1423449276,1,credit_card,2,135.08
"8f4c2a460cb59272ca055d4203b0f440",1,credit_card,8,416.54
"1562a930fc574b55669f07e580d8f6ff",1,boleto,1,38.82
"251a41d31fc1777de3a5a9c2858557d8",1,boleto,1,78.87
"7700cd588241bdd7614416812683d789",1,boleto,1,114.37
"0121cfa7c946e6589f50d7012d3eb5eb",1,credit_card,4,46.78
"00b7174ea52bb811ebe2663add51afc0",1,credit_card,5,92.97
"9103eec003eec6e15daddb31db5d756d",1,credit_card,5,77.66
"0bf105a936021f82d572e73f846321cd",1,credit_card,1,365.61
"6f6665c1d76e55561978ccb45bdcafc6",1,credit_card,1,109.26
"6e57e23ecac1ae881286657694444267",1,debit_card,1,333.91
c7c9aa7dc61f395e914d6946cf62219b,1,credit_card,2,151.53
"51868729f79f5a4f692a73234e21add8",1,boleto,1,79.70
ca7e19e74d65b16d67b264b37172cb1a,1,credit_card,1,27.19
"614e6a3e3a3c1ef48fa89ab1e15da0fb",1,credit_card,10,206.52
"5b33495590a02d7e9ce6fbdc52f143d9",1,credit_card,1,20.21
d25f2ec5027e50e40c25fa0d55af60dc,1,boleto,1,205.98
"4fb76fa13b108a0d0478483421b0992c",3,voucher,1,16.19
"02f4865eba77caf307bb9f08d0a59a32",1,credit_card,1,139.59
"5aca16835e759ea6a7e1d4369d0ce451",1,credit_card,5,461.65
"3b729521034317529479f3501a6bd163",1,boleto,1,32.65
"4b66db573efbc335f72d1f88cc5c712f",1,debit_card,1,46.63
"2570066b26e00ed5176a119c915623c4",1,credit_card,3,73.15
c4c4ea24b8d911ea6868b7aa33b5d0f9,1,boleto,1,106.87
f8a93d345f9735b3e95c7d307b80bbe9,1,credit_card,2,78.56
"7166be578429d02a7a8b066cfd4a7969",1,credit_card,8,87.36
"87ccc531f16677e594f700b09caddc61",1,credit_card,2,175.08
"4c339dfdfa86bf3f203ed8562aef7df5",1,boleto,1,103.98
ffab9e4ebdeda588f4193d78a09894c5,1,credit_card,2,130.13
eec2067eb71189cfcb944c23485d912c,1,boleto,1,121.36
f65b97e0ce63435e9d58afec633f3f69,1,credit_card,1,48.62
f08abbff7e606943778266ee1267b369,1,boleto,1,102.10
b27afd384fc03b22ea356feec6f95dbf,1,credit_card,1,43.29
b02f16483f20ca4c7d1d5b147eca4c79,1,credit_card,1,29.51
"16febac56c216c1cc40407ff81315a97",1,credit_card,8,154.40
fa970cce95e940c0f5adae718f25364c,1,boleto,1,163.69
"7bac1567c0592387d6b83a189f7d25ef",1,credit_card,2,72.73
"1a7c68f8b0d5a140d89aa6ab7f7b4409",1,credit_card,3,31.13
d744783ed2ace06cac647a9e64dcbcfd,12,voucher,1,1.47
"33797bbcfc4f22d40110f77692f83c78",1,credit_card,2,21.26
"027fb2504084c231e857f6cf558a9992",1,credit_card,2,142.02
"4f4830984a832508339321d903174164",1,credit_card,1,45.22
ea46c272418bd96a8126fda1e13b64ec,1,credit_card,8,125.45
"2d30bcdaaf18c2598140aa6f7f230216",1,credit_card,2,66.75
"1085720f31a2cf648549e3b8eee5db30",1,credit_card,2,77.29
cdfdb4e7e805636ed4750f8dc333b01a,1,boleto,1,597.14
a575e7dee2aa0e8876e2e8a1a3bdd644,1,credit_card,4,419.04
"40fd591202d04d78c987cfc6990ad237",1,credit_card,1,75.06
af74091f111e705ab46de44f0f46aee0,1,boleto,1,105.97
a14a2e543b33add9891cabe38fd844c8,1,credit_card,2,118.66
b058f625ecdea748969b3d9f508873fb,1,boleto,1,210.18
a5ea25556316a90d6f5b6adb92e1238c,1,credit_card,6,64.34
"40df325dfbb83b29d6b1ad21ab997c10",1,credit_card,6,143.02
cff0989119cf4c7e05ff4e35210f9869,1,boleto,1,75.53
"900701305cbfcd012076fb429e5affe2",1,credit_card,5,108.00
"78a040518000bd952718c7c856d1d3fc",1,credit_card,1,79.09
"2ce7fb3d9314c0a8e4e8c04eb1224919",1,credit_card,1,56.90
"7d72631908edc6f980dd3ab07a31c1d9",1,boleto,1,69.27
e2d992dfb23aa5b768db449b84b8200b,1,credit_card,1,464.95
b826c69bf943ea295e515a1078f76086,1,credit_card,2,76.58
"28e5cef9cc61c5abe004567dca778bbb",1,credit_card,1,54.09
ac7838d68577acf6e79c465b25ce9268,1,credit_card,5,115.44
"4ae185f9012953118f9adcf6817a21bc",1,boleto,1,82.07
fbf352b18a26c6a86a53cca922facd25,1,credit_card,6,69.12
ec7a019261fce44180373d45b442d78f,1,credit_card,1,19.62
"6d482de66fa3ace9fc873ae40f19c4a6",1,boleto,1,32.43
ad7e5a65eac829f227074fbf3c623568,1,credit_card,3,131.73
cf5dc40ae925414c07d1a74645ced6c2,1,credit_card,8,310.71
"26abbf5ff43e58c72f83f98b6374ab1b",1,boleto,1,176.20
f0a85291bcfee7c068ecad1ed3a71f59,1,credit_card,2,52.79
"7d0a7957897551b77224fc297e8f6046",1,credit_card,1,52.18
"410a396b1c7bbf059e3f2d028342177b",1,credit_card,1,69.90
"639a1c4782f8e67202d43d0e4b72e721",1,credit_card,1,89.19
"0f6f05d4fb3a94f1cf6cca2700c259d3",1,credit_card,1,79.11
edcd987f773b6e55104729648e8cf34d,1,credit_card,1,54.69
"1ff217aa612f6cd7c4255c9bfe931c8b",1,credit_card,2,44.23
"9d0ead55b274d0c21fe95108b4b3ffe8",1,credit_card,2,153.83
"6e4eb025aa5ac0a41d80958001accfaf",1,credit_card,1,39.59
b8801cccd8068de30112e4f49903d74a,1,credit_card,2,27.77
"135b582ac1ec8138d4f9f0ef27a7ba36",1,voucher,1,82.38
ccb3dbd615aa85a6ee4e6002b025fd31,1,credit_card,1,4.11
c03748652e7cdfeb73bf4aa3b41da0dc,1,credit_card,5,481.94
"177eb8fe1abffb7ffb6fb1d470077469",1,credit_card,2,170.04
b4eabf9a64099f1413105754e3d1343f,1,credit_card,10,106.69
"7a8adf1b52b8d3c0735699f5708bf513",1,credit_card,10,1083.78
"7ebc5c60f532934ce55b3025203ebe5b",1,boleto,1,148.45
"513a94a0164453b4777d125b836f7ca1",1,credit_card,12,240.47
d00d7bc5d6fa2124037aaf4eb5be0a0e,1,boleto,1,118.17
be189e2867578f53e85ff49f5a1b3e74,1,credit_card,10,950.01
"40deb01ced4c0d076432514cea0a091e",1,boleto,1,26.44
"3d6031aba8562253267cc241b6113b98",1,credit_card,2,161.79
"1667776af91110f93bdb9aedfe229e05",1,credit_card,1,94.21
"510ba3ddc8da9e29ad84ddf71c7b9ccc",1,credit_card,2,129.65
ff3e501f56dcf0752578d86df833558f,1,credit_card,3,470.01
f4660b7c97cbe88dc80816c67548c5ee,1,credit_card,1,435.74
"2116afd8913047456f2159240bab5180",1,credit_card,1,39.09
"7f17ed9fe6d0823eee3396f86c6dea63",1,credit_card,3,46.78
"71a911a3509a408b60846ed2e5f91e70",1,credit_card,4,185.83
"59a0b1e1b934789d033dfb98797d9d34",1,boleto,1,160.30
"4aaf9b9778e313ecfcfe11ba5673b136",1,credit_card,1,288.43
"24710622295ba1f92ba2973843c8b97e",1,credit_card,5,144.86
"14443bc93c37173e661ffab44978e546",1,boleto,1,198.94
"05c5e3014f8ec516123fd4c74f49b051",1,credit_card,1,42.09
e3d8160bbec52fde1232633f278d8626,1,credit_card,3,182.79
"1916e2d2cdf16f040d6dc7ca1da2f710",1,credit_card,2,130.58
"82b3e56e64b216d06b20bb4ca4a0d84e",1,credit_card,1,98.48
"3a3aed58b078ba2d2105cd76ce7a76d7",1,credit_card,10,285.11
a336de4bbd836a89f9cb2a5b58ed2578,2,voucher,1,221.76
"481cc1808e96be16f9a098544f03a680",1,credit_card,6,350.26
c6c0dc0b58d87603f5b07c6283355d5c,2,voucher,1,30.00
"0466015790ddd0ed7a2e65a6ca039c73",1,credit_card,1,64.46
a5d7b9827699ed17c944d69a172c7820,1,credit_card,2,66.05
"08d84fb0470993741ba4f7db2b3ac601",1,boleto,1,27.77
b8e9df924b8a1dca22c4920e9d6b33bc,1,boleto,1,73.43
d0c3c2b7f8194da48a7f9954d79fa2e6,1,credit_card,2,20.76
e14b9bc8bd743ef2c1075fa8c73e52a6,1,credit_card,1,116.26
f161d2927f0847f8fd74ebeb8a7b3a80,1,boleto,1,100.77
"20d82c386747fe65c4190d75f15c9a6d",1,credit_card,1,185.66
"6c44f75ed9c6c59ab4d2e30076330768",1,credit_card,9,90.11
bb0c84a759545be3fa2155ad0d43444d,1,credit_card,3,220.04
d9091cd1d6e36cfcebc8b01aab81eff8,1,credit_card,1,171.34
"9dabd200c58f609f380ecd1e44898086",1,credit_card,2,260.97
"7a0625aff6810cc6f982301ecd5f0e6c",1,credit_card,4,74.77
"9b95b783cb4d875bbdaec597fcfc0f74",1,credit_card,4,127.45
"0a8b3b277ffe67981af7d4a14e7f98d5",1,credit_card,2,244.80
e54ac9a4438ed19f1367717699a2863e,1,credit_card,10,208.09
bebea877b428a591d93c72cccc33f53b,1,credit_card,2,124.40
"191abde9c3bf77d1ce67d100d8db6d15",1,credit_card,14,148.40
a58490145a93745e5cce4c644ecd9153,1,credit_card,10,347.08
b482da27c44f99cbb2c11a278ba31d6c,1,credit_card,2,175.04
"4cd9915def259f286fba7a886ed35cd5",1,credit_card,1,163.81
d12102a0ff38b1b1707291c697da95b2,1,credit_card,5,102.48
"9e7088941513acdd786e771544ff78a7",1,credit_card,5,84.66
b6cc6c3ee09a6542d7cb6fa9a4e13a9f,1,credit_card,1,26.68
"4d2e2634819452adb3313ccb5abd344f",3,voucher,1,20.64
"9b156799a5b75cdf61bd52c0f7e04b61",1,credit_card,10,288.13
d0fe02903564aa58217e3c08a4d939bf,1,credit_card,1,50.63
e532f7295954413d41002fe78ae8a4d8,1,boleto,1,65.13
"8aa41a2ff86625ff13d88f289b48714c",1,boleto,1,148.15
"70e7a11b175c444133b3b4e8e655fa52",1,credit_card,3,173.32
"5ded9a59e8920225f45b1d0e11dc7d97",1,voucher,1,30.00
"26693e638808e1e5a1b09eaa16a1fde8",1,credit_card,1,65.32
accd8ec914c1ab328cfbafe6a5339c85,2,voucher,1,20.00
b45a5a1ecf16bbfd6254cdb7ef0dc2f7,1,boleto,1,189.78
e481de0886580ccf9ce6552dbdd61a88,1,credit_card,5,52.38
ae76bef74b97bcb0b3e355e60d9a6f9c,1,credit_card,3,150.12
bb319a363d19dd79207dd26bacf0f4e8,1,credit_card,5,303.72
"1cc90ba7cdaf9aa16996e79713f8c671",1,credit_card,1,214.03
"6feae1bd5cdc1727594445028310015f",1,credit_card,2,53.51
"10ac5d510cf3a86b9f09342e46c3972d",1,credit_card,4,138.89
"5474faa7029031dfd837567d8f48ce5f",1,credit_card,2,60.61
dd45d98300be58b78e0294efbe19d1d0,1,credit_card,8,92.28
"2c147afbdc4abf206bb061dbadef515a",1,credit_card,2,192.23
"5175f15824e2cc42b048406820e7d7ce",1,credit_card,2,61.84
ad2a607cb972296b63c687849e21dd34,1,credit_card,2,162.90
"1af215a28c496e6d38edbd01e261f044",1,credit_card,3,104.62
"868b6fde338c3286477dd9513ba79347",1,credit_card,5,57.72
"9636f1dc90e0234e96025c75e8d5920f",1,credit_card,1,2.93
"7acfd4aa33c1b78983341a96a53e1bde",1,credit_card,4,367.20
"80676617af8e89bce2394d4e7fa87cfe",1,voucher,1,32.37
"5e2a5be14227900471046fe37ca3d6a5",1,boleto,1,27.07
"64099350b7cbd1d6a7ac7786b990cb8b",1,credit_card,1,18.61
"204c3a076103a93b98207df2faeb6b4c",1,credit_card,10,226.22
"50b12be3bc56611c2bfcc398100bc07b",1,credit_card,3,105.28
"0e1c841770446e9becaf95190493901f",1,credit_card,2,65.71
c7ede3b9252c5a1829219f21817a846c,1,credit_card,2,61.73
df2b5e7523f6848076e498618e1a00d6,1,boleto,1,22.77
"525c285a91c110c79dd3f16029fef7f6",1,credit_card,4,139.61
e7a7c3f23a94a1094f891ae30eeeccd3,1,credit_card,5,168.37
"621be24850f6edd2e8dbd75a0f19668a",1,credit_card,2,317.16
"20eb7eeb96c1d064240b1c21ab810398",1,credit_card,3,168.29
ed6d997cc12ec67c2c42f19b370c60be,1,credit_card,1,147.06
"4b8332fdbf824168f691498b79e5e556",1,credit_card,2,204.27
"9d444e4250635c5dc4e08fe078a6d723",1,credit_card,2,176.81
"20ef96a94887a09470ce16449d10b185",1,credit_card,1,28.00
"2a92b584c43412db1ce17f7fca94e930",1,credit_card,3,117.94
"4bcd0329b76295d8f76bf2c18e12f6e7",1,credit_card,8,292.99
b0018957adea4b9acded9df77514b844,1,credit_card,1,155.23
a68667474430fadbcfc1bfbb9e2adc0b,1,boleto,1,32.77
"9eba9434978d97be47b0b7d006004669",1,credit_card,5,246.10
e0f9722525043b60edddacd46709fea1,1,credit_card,2,83.13
b8098f09f8705fca53b00b8c45163d6e,1,credit_card,1,58.64
b9581bf1b646f4fc021b131e1ca4d034,1,credit_card,1,77.54
c0585e6e7446a97905280a732d27ac4a,1,credit_card,3,36.78
e70b63c3816d07ca01fe09b627e7d85c,1,credit_card,3,395.58
ba8a2682e4b170d1b0f4f3507c2dddc5,1,credit_card,5,58.34
f3da221e0d9a3dc9fc69c38ebc04e196,1,boleto,1,34.84
"99482042fe756df3f9ce2adbde9b7c7e",1,boleto,1,35.13
"59ed221ecfd15cdf31844340d3875b7b",1,credit_card,10,209.32
c195e207709acb5b45f5b8d6e67899e3,1,credit_card,1,106.51
"935759ea87b137f4b8ddfdc6dc07045a",1,credit_card,1,35.22
b5d3a4b81af25c152a2b6938ed054942,1,credit_card,3,439.05
c2d771090d760b5ca0ba96a3c071c7db,1,boleto,1,349.69
"4f916177e07bacaaaf3d51df3cc133a6",1,credit_card,1,8.55
"4ff26dfe35ac427c553216fc1441218e",1,credit_card,1,192.58
"17369d934e18e1cb2481bc11a9dcce78",1,credit_card,1,56.50
"2fe2b3f315aee60c3f8f15af8d3e0ab6",1,credit_card,2,176.09
b3f61a24a3f72625e4c6365e5f9e29a3,1,credit_card,1,186.95
c8d8ae22c954acfd2976b113a3a35630,1,credit_card,1,83.23
f24ceadb94b770c52ec2a07ac8e97100,1,credit_card,2,22.71
dfc03c094a48b3fb28bfc70f937079b8,1,credit_card,2,119.57
a13dad9bac2076b14880117ef9c12002,1,credit_card,1,15.17
"9931d81b3c1ee1b90b943591683b4b61",1,boleto,1,42.87
"4b37519166b98d3938e01162a4e29aca",1,credit_card,5,100.76
"38bf87ca0f718d17d331fe70eb7431aa",2,voucher,1,32.00
"3efbba59c62e36ad9b0463ebbb3ff6a5",1,credit_card,10,650.65
"116d9a3f0291e98b5dc5a0e568124662",1,boleto,1,34.51
"728b33a8cc080976c038c26fefaf9492",1,credit_card,2,81.98
"25cbbd756ea300d0566add5ebb8b3a25",1,credit_card,5,118.35
c1e4bdeeda1ce8c91f4c71b977fca35f,1,boleto,1,92.83
e1ebf9d9fbf1f356179a8f969dc8c4c5,1,credit_card,3,34.22
b91486041622a3542a1c4b44865a4eaa,1,boleto,1,91.18
"00b9e0f8f588d0406a3de447eb606970",1,boleto,1,56.50
"1e454110fa14e6f2c0273c624515aa41",1,boleto,1,69.44
"4474caba80193ac70c8175e131162240",1,credit_card,4,143.02
b0aab42458e44a4368d8e548c55f998a,1,credit_card,1,45.22
"9c9a4274d58a43917a770c9f158c5002",1,credit_card,3,148.24
d56564f21e612a588607e9ffb39b9d21,1,credit_card,1,7.03
"1c2aa46c96849539758c97f7465669da",1,boleto,1,68.41
"48e70325bb404002e8ab78b3cf46a5fb",1,credit_card,3,427.02
"4b3fd3a64d55a7c04cdb0ed9af1e3016",1,boleto,1,260.99
dc942b12a2d1c261d42dbf4ecd4451f5,1,boleto,1,172.03
"13b4a241ec0a12dc277733bf73327633",1,credit_card,1,63.02
b5520058eae8480710f67d8124db1606,1,boleto,1,143.59
c5c2232db371b0ad334737e8323958ec,1,credit_card,8,92.94
fcc6295008b84fe0ae2717cf4fb011ca,1,credit_card,1,126.18
"79597476f66eca86b13c1a7220db1d1f",1,credit_card,4,212.59
"0393dfaf21e966fdadf698bd0856ecc3",1,credit_card,8,1172.45
fad470f7841d90564d1d57919dc69bda,1,credit_card,1,154.56
e19721a12bc1caeb2095db14d8d6fc4e,1,debit_card,1,87.90
c07b6d01a2a256bc2f370788d6ff6af6,1,boleto,1,36.75
e6bd0a7a4674d02e56b7a0515c991cc9,1,boleto,1,440.19
"04210d64e3bdb5a0cd44eb156294991e",1,boleto,1,261.78
"99429e46b13e11c4def7856e0d054e36",1,credit_card,3,64.11
"8f627f546b2cb0ddbb0d8627461b846f",1,credit_card,1,136.56
d7ade8c5f36a13fc95c8251b9db08874,1,boleto,1,24.23
de81104d0d1d1a5d4dd09e89a7ea4cd1,1,credit_card,2,136.04
f77e96b95a568b64ae8fbf7a413c3c4e,1,credit_card,7,77.19
"66ec1ee812f8f435480e7b0e2e54ebb6",1,credit_card,5,51.14
"594c468bf0e84130d7184c7c872d7e11",1,credit_card,1,71.63
"8828c448621cb6894c87c5c2be785309",1,credit_card,2,94.66
"98771387311d5662831d6b31e5804bb6",1,credit_card,5,107.00
"34a0185eb0d4d88d2ad9af1bd62d6a45",1,credit_card,2,290.00
"12321543ad6f89cc74cde9ae42d12e3e",1,credit_card,1,64.11
"1a0b81380bc0d5b206b3e4ed62cf1791",1,credit_card,1,71.02
f850238de020e40b355e62b3198da17e,1,boleto,1,177.16
d17f1a91c60b8fe9d060b2579f04fd0a,1,credit_card,1,81.50
cd664e197521a82f89b34d1af4af7aa0,1,credit_card,2,57.68
"39d4caa5cd784e6ef7f07b8f325263c5",1,credit_card,1,31.27
"7e4c1200b2e12309b1fadca938e61c4a",1,credit_card,4,43.09
ea88e47f480ad077e05fa589a920c0f8,1,credit_card,6,127.14
"6cb37002aac9e0a0d9391f62e860dd7e",1,credit_card,2,106.87
d0a40dd7cfaabfc2d7f0c6de2ab71b34,1,debit_card,1,37.72
eb61a0dc3ba358b0ee217497c460c277,1,credit_card,3,138.53
"9984214090d1d769bc272b874c88ce4a",1,credit_card,4,46.64
"2b877f0d1e2a876f0e5cb30125336a8a",1,boleto,1,130.01
"7579e83c4b3105eb739458f2e6fee4f8",1,credit_card,1,64.62
"40ebc9d21ae5f5d7dfd398f87e63f455",1,credit_card,3,114.78
"7297f6bfea2a33ef176cff30f467aa41",1,credit_card,1,38.13
e2b6044bf56157198c939856a105b5ed,1,credit_card,1,277.82
bca0fe55e764250fffae4ba96e671a1e,1,boleto,1,47.10
"7312e901d22a5fa199104da9e0996c2d",1,credit_card,1,70.07
c9532b497ba2f82f14eeb95a2a0288ac,1,credit_card,1,72.15
dc554659515cf551660a23d201582805,1,credit_card,1,134.59
"8439dd6638771ab48a90444a6c8b108b",1,credit_card,1,49.03
"9021cf1919f615a121410790dcce848f",1,boleto,1,233.87
"44c279ea1dfb53fe8e70511726cddece",1,boleto,1,52.01
"0c3e491fe8f99458825a93daa40f4401",1,credit_card,1,186.27
"793e6ea3191b9d6ead7fc77523efd898",1,credit_card,9,471.03
"1f77203b7fe6e2c54ddc8dde5276b9e3",1,credit_card,10,107.78
"6b11abc0295e397afb43aecade82621a",1,boleto,1,217.04
"43a23a9a05a87ff4d46b5b18829fe9ae",1,boleto,1,60.55
"53a75d669529740dbfecbfc99b5c13cd",1,credit_card,2,96.02
ea9c1cc0e0584ca0228d483668d95799,1,credit_card,6,710.34
bc42350f1283e4cdf88ad8aee1cb2971,1,credit_card,1,49.44
fa65dad1b0e818e3ccc5cb0e39231352,9,voucher,1,1.08
a833e4af2b4c893929b9f3adce3ecbeb,1,credit_card,1,261.27
b8d5cd6eb84d7b61c5c77ac4cb0b90b4,4,voucher,1,20.00
f84c351f8ea512e04301c11470be273b,1,credit_card,3,167.29
"07d5adada619115cf4c03f49fc8c5e74",1,credit_card,10,420.76
"38567ea58a8c84a1d15845d0de8a855d",1,credit_card,6,116.33
"6026f1c6e0ebe19412bc9283398a4610",1,credit_card,2,231.73
"5d3459c901e4e1e7b9dd18e09e498131",1,credit_card,2,81.33
"9d2341ec61f7661d4b85708d835034f4",1,credit_card,5,242.12
"5e42b08c85265b0991546c0551956b87",1,credit_card,7,101.74
d5e8c3df207679f1ae9da8bcb4a35871,1,credit_card,10,296.32
a5ee139d1586d2d22c21ce7048e1d36d,1,credit_card,1,28.56
b0cd372b41f6018f304af6f43ae39a23,1,boleto,1,70.63
a69a5c4111d73ce3dcdf4f24e97ef673,1,credit_card,2,168.51
bda572f45be73ea760e1284b291abdca,1,credit_card,2,54.00
"96ccc8ebc4372c98b2d7e7fca1a3fc36",1,credit_card,10,151.37
"434eed8762b5d851fc7ce3bcee924dc0",1,credit_card,1,75.42
c4e6c7d111d17798aa897ace9fdb33f3,1,credit_card,4,123.53
a84a2c86f42a79c101ac5783d3881645,1,credit_card,4,192.78
"668d116236ca17dc621c9088d7acfbfc",1,boleto,1,133.58
e885304ec221dd09a24101f0dd920504,1,credit_card,6,169.87
"9888a350c98263705a75ee0a82e90e7c",1,credit_card,1,52.89
"217bf2a8e5504add2b381326f7582a24",1,credit_card,5,106.50
"0e8a52f34b055d2027ea7807c20119c4",1,credit_card,5,91.79
"731739da258b5bf19d913f4c7dc53a3f",1,boleto,1,230.97
f54fc4773a70856861f06fd47df664aa,2,credit_card,4,151.26
e7769dad49f530a8ef12ff975719c27f,1,credit_card,2,31.77
fb20235870d6172778522e8fb798f27c,1,credit_card,2,405.72
"9d83ef2eae9001ced10bfc373722a184",1,credit_card,1,72.05
e21e08b6eee6cda8f5cc69981707fa71,1,credit_card,6,90.88
"91d231727ec821bb32a0a1a769441318",1,credit_card,3,164.78
"31ee7866f7203208e59eba90498ead4c",1,boleto,1,103.00
"1de7a41d382a9ece0e658ffd116ac72e",1,boleto,1,32.77
"26a44b28ac942b09a771479c880882d9",1,credit_card,3,77.57
cc5aa8cda6decdb7d61ad7ac55767ec3,1,credit_card,3,146.88
bc8a5de6abf5b14f98a6135a7fb46731,1,credit_card,4,158.80
e8e4ccb8fbae6c4092d94bbff888a6c0,1,credit_card,1,88.90
"3551cfc89b9792b082608627a57d6bc2",1,credit_card,6,300.06
"9446826a31cabe320b77ce398b32a40d",1,credit_card,8,816.84
"5ad67427b38c94669fc35ffc73bce412",1,credit_card,1,224.32
c8d07bf0161cd0a2aacc163c238f397e,1,credit_card,6,235.19
"4e8c3b29f4bcb44200ab8296779d910b",1,boleto,1,216.36
d62dee82fbbff8937958215d8eddf5dd,1,credit_card,6,204.06
e9dba6bfcfe93b3c8e6f4ab356cb90df,1,credit_card,4,109.81
"81a7125e95ebd20c40de58599400fa57",1,credit_card,1,51.71
"68706b8abe45aa264f07ee944684ca28",1,credit_card,7,74.16
"13bc2aa1a887b018329663498f5e00ab",1,credit_card,2,53.27
"2f1d5b7529ef8603fe34724e65a9f03e",1,boleto,1,279.98
"8778e115b7262893d019f9b6f52c6f92",1,credit_card,3,65.79
"6f4d7831b4beb4c6c46bbcbf3a84df71",1,credit_card,1,27.38
e9740abcb66dbd659a343d7fbf2af04f,1,credit_card,1,56.18
"154c7a0d28e6f7744163c3ed2d9d686e",1,credit_card,4,77.57
a7070a3e260832c27a6f36ce22d61151,1,credit_card,4,520.75
"0a7ef385ee9080d0edef043521ec3114",1,credit_card,4,96.65
"80f1cd10d65b7d075be1ebc1a7fac86e",1,credit_card,3,34.00
"78713fcdcaa27527d7c24aead3fbdc73",1,credit_card,1,62.61
fbb8b95a779702d51ecf6fa530a997d4,1,credit_card,5,51.69
"8f090a4ecbd4bb8c286d0a1f88a6a55b",1,credit_card,2,20.75
"6f2d341a759b59c051aa9fcbaf2dcba1",1,credit_card,1,67.77
f79fa5890e2258ffbfa357dda38402e8,1,credit_card,2,176.16
d4863946c55e209d189f5ee4e420bc9c,1,credit_card,6,197.38
dd2af5e0a6f90f0641a196205bd16a1d,1,credit_card,1,52.39
"0b03fa2615b44079dad6c958f0ef2a02",1,credit_card,2,152.17
"49b40d0575b7f9b42d51d5faa0aab91a",1,credit_card,10,742.88
"7a92ce27fd58082e708b8eb1eba5f678",1,credit_card,2,88.09
c87d7a80e2ec732b00980f3ea7961603,1,credit_card,4,315.84
a2c828fce4cd697d119c360bb7f5c537,1,credit_card,7,76.66
c54c9b37bca70bd82214fd3ca5a6ccff,1,credit_card,8,377.06
a4680fb98fd4f2ef703c815a43e4811f,1,credit_card,2,48.21
c87addc63adfeea74ce7b7de9d99d161,1,debit_card,1,177.82
f4021afbf70a873e407181a0a76e64e3,1,boleto,1,239.34
e0519f85bba56ba4bd2ec14a3c2c9d92,1,credit_card,1,27.68
dc834ac1942008768708518d0c712066,1,credit_card,1,98.13
"9fc6440104c0af2d54ef7ff9e71703eb",1,credit_card,10,104.41
e2a4e699c1ba4cf1036be1ca8851b2f4,1,credit_card,2,178.51
"98bef220eda3e37b6ace2f7f891507a0",1,boleto,1,57.72
cfdf81381a8bc683d8905713f2ed6614,1,credit_card,8,80.56
"13f13b57aacaec347d9d8f974528cf62",1,boleto,1,192.03
ceeaf57b8e4f3315fffae525ec8018e0,1,credit_card,4,43.32
a3374c409bf808d17d67d18b3e578e68,1,credit_card,6,322.80
f001655c8c646cd1b5185bbc2e7534f3,1,credit_card,2,60.60
"50564f05e21e6d61f68d7a65c57c8623",1,boleto,1,34.00
"465cfd7016202e455adf9b1a83736c86",1,credit_card,1,63.10
da225376046ab771e41a24f84f53f536,1,credit_card,8,328.42
"7a398cc355d3a1a2d9101b5879b40cc8",1,credit_card,5,134.90
"322b584bcce9a2ecb8d00ca5de3ac302",1,credit_card,10,409.29
eb188a175542057d90b3ca5628b7b5a0,1,credit_card,4,573.85
b0aa6adc10b3bd14eae812d2f50cd2f1,1,credit_card,10,281.73
f49051d4b155a83c8d939a1c6a850689,1,boleto,1,553.88
"0e80321be8a729339d21fdcfb58967bd",1,credit_card,1,112.99
"6ddda171d214be5f13055479d8b41364",1,credit_card,6,364.99
"49486dab194ecf651037f3afb35380e5",1,credit_card,3,151.55
"9d078a66d307090b2efdaf4f656e885c",1,credit_card,10,113.62
ad7e012867d486bee881d0a10df0399c,1,credit_card,3,175.40
"22170faea0e48a083b8216ce465df183",1,voucher,1,196.98
"9e64fa6df99d260d54897bdbd85f762e",1,credit_card,10,153.28
e68452f95dc9b23ff16c3ed8ca0275ac,1,credit_card,4,288.90
cdde87555bcd91df4fa4f191cbc77774,1,credit_card,3,227.24
"045b7b7bf230ace5044f87ad5de18dd0",1,credit_card,2,26.85
"428a2f660dc84138d969ccd69a0ab6d5",1,credit_card,10,1225.65
"38b7d71941e3c753779d2eb44302690f",1,credit_card,2,116.66
"49aa82d12066e455617693a42d2b8bb2",4,voucher,1,1.95
"7aea47643f83c856db4ceee0830f39da",1,credit_card,4,108.26
a0b393aaf1085966f34beb2d95817462,1,credit_card,2,145.56
"03be2f620301ed720f761e04f00270d4",1,credit_card,1,158.37
d2bff83d0edaab294ac81f5a5dae2a08,1,credit_card,2,130.01
"2b4d04cfb81d2dbb1ab48f9e2a7ac6b9",1,boleto,1,208.68
e12e00057650090fead5dc4e44cdbd0b,1,credit_card,1,60.95
"9164c2999fd5f15945a702f4f9a321a4",1,credit_card,1,102.01
ded176f58e62a0b64346e4aed245ccd1,1,credit_card,1,75.42
"343214a6de71b79c0166799ba08e148f",1,credit_card,1,59.17
"7af03c34c1e76949fb7ff650df82d101",1,credit_card,2,169.28
df7057f1e8e00fa004e8c92538efdd43,1,credit_card,3,154.38
"5dd21baa3b88bf3e97bcc80aa1b0b52a",1,credit_card,5,75.20
c622010ce183b9efa54f08a664a2a546,1,credit_card,1,70.03
"6a8df9094f1d1367d930609a1c7b5448",1,credit_card,2,69.99
"0035e6b7ade84b3f5b86bd49814793df",1,credit_card,1,34.00
"4568a2bce4050c7579e898eca38f8833",1,credit_card,1,55.28
e9d122ccd05f407b9a65aaae122a9add,1,boleto,1,120.09
"9c7e6c08ea3357fbfc31edcc4c1c9375",1,credit_card,1,296.53
"016a938f2b34aa5ef05027fc83f5b81b",1,credit_card,4,643.16
"8deef23d1fd8c6c5f9f3d449baec0648",1,credit_card,2,297.80
"4f61042cd85285c68606c18b44a1b13a",1,boleto,1,110.02
"9eda5cd4fa8caf92f0886bcc15b98577",1,credit_card,3,111.78
dba28a189fd1425d68f33018e1d88808,1,boleto,1,51.69
"5630f20edc34695d0b5daf86dc590767",1,credit_card,1,57.85
dc20ddee58064808944cd819f518dcc1,1,credit_card,7,75.38
"1799b503cd7c2cbd801e75dd72fe3069",1,credit_card,5,425.46
f9fbe9f30c594fc18da81ade79348518,1,boleto,1,97.71
"8797dc96576f93204dc46d189f4a724b",1,credit_card,3,158.45
fa4a86f6961b73c40db2f5f3199705ad,1,boleto,1,26.75
"522bab90fe99c54a1892e812870ce221",1,credit_card,1,76.04
"3388fa275fc1b344e275af704e8d3156",1,credit_card,2,343.90
a8c02875c8391d968525088da5fce5a6,1,boleto,1,1626.65
"8dfcba64312b559340f9c9f65ac6205c",1,boleto,1,95.32
"97eb626e84ddfbb1d30de510d7dbac1f",1,boleto,1,30.00
"30c5c21cd33efa58229d345e77ec247a",1,credit_card,2,177.44
b74d9d05094d192b78eec20610faec65,1,credit_card,4,306.78
"65744f8262c57c8b664c16aa7ec85879",1,credit_card,1,55.01
e992307f910844d84f796767fa1c557c,1,credit_card,3,58.37
"4bd3e6b766bff00e2f3a4ba364f1a0ee",1,credit_card,3,647.54
"2b629b6b09597b429808b20156ec6998",1,boleto,1,214.71
ef1d282a121e2bee046bbab7f9f88331,1,credit_card,2,44.20
f85b00b88275bb213518b0ebacca0544,1,credit_card,1,67.60
"5f1b02bb30db18d2091666741c05684a",1,credit_card,8,484.86
"9918c968f36261c404495fafc8ce306a",1,credit_card,1,69.14
f9b9315ba69bd868c7a741f96f944dfb,1,credit_card,3,77.66
"54c4c0c7e9a1d272defcf15ea985bef7",1,credit_card,2,160.40
"4534e0f076366321574b9b39f3c3ff52",1,boleto,1,86.14
"46770adcb64010a69409a644252641b2",1,credit_card,2,48.19
"249ec92a8757d3abe81210827a19f08f",1,credit_card,1,97.79
"3663f9f8556770522d4bba16590ee243",1,credit_card,6,459.12
d77a9259e9093fb83b20b95fd4bbcb5e,1,credit_card,5,102.93
"707029282a0541fda1572e968b5d35b2",1,credit_card,3,96.31
d2856f6ebeb83a09908c18ce24946ab2,1,credit_card,5,149.15
"7b5c9b9ae5e759f77cfd085d21f18d69",1,credit_card,1,50.87
f36aa133ca7706c333252a46fc0b36e1,1,credit_card,5,186.94
e9fd118cfbbc3ee32e556d653625271f,1,credit_card,5,167.01
"7cd9f4c5a26e353b50e10cc165ef40d2",1,boleto,1,68.64
"92013735c1ed554505fd8ce6ea7695eb",1,debit_card,1,275.68
"4a43d3c22320336cee933c3b90a9e55b",1,credit_card,3,106.50
"06bad3a130e91f7b26791dba22abc0f5",1,credit_card,8,182.63
d14e5c5300262d554b76179fa67e6f71,1,credit_card,3,41.79
"7d6ffa9ff53fd7da04eb9025ba231be2",1,credit_card,6,326.92
"45281486033aa1a5fb951a3cb2105e29",1,credit_card,10,774.03
"5e11fe9f9a64d664e12cf549745060e0",1,credit_card,1,57.10
b785f684c6c23dbfaa4467caac850e82,1,credit_card,8,83.23
d47f38bfac7123996aa56e7dfa5ba657,1,credit_card,2,63.07
"18193d834e0d2e9787375ad24d4e2b33",1,credit_card,1,35.96
ee8479682bda7a58ee0cae4c73643816,1,boleto,1,40.09
ab86581e77285de292e93cb8d740c088,1,credit_card,2,190.37
"8688a4903fddd7ff09ac974e258c93d2",1,credit_card,3,85.12
"3e7b10e577a57c52ab3232d3137bf444",1,credit_card,2,139.53
"10516d5059a1ebd2841eafd0124d43ba",1,credit_card,2,128.26
"4825259a3bd87ab7c288fc72ef4d3067",1,credit_card,1,80.73
a2392ac22d661d26d7facf9ea5d6a5b8,1,credit_card,2,144.26
b52314e04baaecb498e1446be2dcabee,1,credit_card,5,238.65
"8dc67de08c1738a90e70f62f2920b432",1,credit_card,10,369.78
dceb6ab566e0d15ffaba53ef637afa3c,1,boleto,1,80.33
"42be6028bdacb5416ab5bd400589b0a3",1,credit_card,3,98.26
"375e5c646664c609938372d3f62da9d6",1,credit_card,2,189.46
"0e5f95185b8be5365f07906c419286a4",1,credit_card,1,38.32
"99d4cf1fbaf4104549feed3c138f63f7",1,credit_card,2,36.02
b7d6c506d31d5537a7abea4378a1a7fb,1,credit_card,3,35.20
cdc165621bae221dc3a5f8788166a412,1,credit_card,1,114.00
"098899a1fca44446ebcd6eb00297d33b",1,credit_card,10,236.21
"897846300466b8aa40902abef9250b14",1,credit_card,8,427.58
"2bb5962dc45a9c428a888aa99d8deb46",1,boleto,1,186.95
a83c50dc6af9424ae926506ebac55807,1,credit_card,1,93.85
"6c6e45db63667bd55633d47a10d77607",1,credit_card,4,130.46
"94003a7c90fbc4639d3e809967223fb7",1,credit_card,2,49.82
"0cde8327c49577c3c0fed91e084daef5",1,credit_card,6,346.21
"4ed4a6e12e74982dd78c78df1ed3f372",1,credit_card,10,151.70
"8e572fc4edc8dafc89bb18bf812916e6",1,credit_card,3,114.91
f73a6ab709a38d529c425eedd0ea6549,1,credit_card,1,46.13
cc523a6c97b639bed8ed02ec7b87165a,1,boleto,1,131.44
ca57e2aced9de24736c5a8d1c0abefd6,1,credit_card,4,91.18
"51c70023f5f763326e004bc5ffc52370",1,boleto,1,147.62
"9e49e81744d0890cd05aeb8d8c10d28a",1,credit_card,3,269.90
"39900b73a172015fa77a5a451c3cbc95",1,boleto,1,29.13
"163f329bfca575046bce743f0ec1f553",1,credit_card,7,155.00
"69f54f52631eb8ea8bec66cb902cf54e",3,voucher,1,14.32
"556c0a42a8e9e57a6e411701908f0fd3",1,credit_card,1,98.92
"2ce48a416ec4c72a129f73b550eecdbe",1,boleto,1,339.80
a93b122106fb3a1e62510b02010af8d2,1,credit_card,1,27.69
"7f2f81a366f89b37109845799fc5bbf3",1,credit_card,1,51.73
c0aa0e99afe6f6dac845326a854690fd,1,credit_card,1,131.33
"33eb09bb012864ab1c223b7a9175200b",1,credit_card,1,26.35
e9e856785fb0793e8ebc749b65858a89,1,credit_card,1,73.34
"79265dc37c62974d65c0675a5501e127",1,credit_card,2,680.82
"20780a7d28c56e659d58bccb369a0b3d",1,boleto,1,46.69
"89faa15dbbd13f5a340deeddd4f7f721",1,credit_card,5,68.13
"05eb212cd5b01c76bdb5215a49df19b6",1,credit_card,3,107.22
"0a1d3041cccb0462981aec3f0b1ad106",1,credit_card,3,65.35
ea67dac121b11211fed4d9b9f5f3590b,1,credit_card,10,340.02
de3a93f2df895a8b77a7e947b56a1af5,1,credit_card,1,55.10
e8e21586b31c90547aeb4686100f768e,1,credit_card,3,38.90
"109e7f07a4c739fb54edf836bb9ef576",1,credit_card,2,219.15
"30abb2f439ba28a74be74a347eb3a6e0",1,credit_card,4,217.36
"3a5ea246a74d3839864f0f2f49585663",1,boleto,1,291.66
"30dd1aa2ec1728ab9bac85497532d6ea",1,boleto,1,125.15
"29a4fbb32fb0af037ac01c6154484f06",1,credit_card,1,44.80
ad9d242e1b6aefaa8945ca684dfe813d,1,credit_card,9,466.67
c477a36e7fcc7a915483289ed00f6ee4,1,boleto,1,289.61
"44d753e5f4e21111096e0d54ba3a5b0d",1,credit_card,1,28.95
a68d55e37069898482bef61866cac7f4,1,credit_card,1,52.68
"7c14826dc2064f880f7652f2b1da73e4",1,credit_card,2,53.37
"46bdbe48b6f5daa3dcc38e41599d0403",1,credit_card,1,64.00
e77b2b3ed9f949ad731cb0cc10a59000,1,credit_card,1,32.00
a44088d916b1cb5763921534c14f9a0d,1,credit_card,1,121.78
"9028c9884410afc6037fa0ade14eb571",1,credit_card,8,203.39
"8bf4eb65d620b4b9cdc2c6c6dd4934cf",1,credit_card,3,90.76
d521c782a20b0f531a2c0f8b124b59a1,1,boleto,1,42.77
efdc2d365f70fe655eaddb8c4caecd18,1,credit_card,10,237.00
"4d315c56f2d8d8d27bf1a1365d41c923",1,credit_card,3,47.81
cbd6b0d6698b0b6018dc2f613942fd42,1,credit_card,6,159.68
"4d51efabbf910d08f6cd53443acfb25e",1,boleto,1,52.00
a8d8d5a9d86caae99bb5bb7b7dadaf00,1,credit_card,8,309.28
cf65e1cf310d6860d96e2efaab1f5d75,1,credit_card,4,326.94
e3be8e7970afa286e942ea4273061bae,1,boleto,1,82.21
be0b6a23108963f24b23e7aa663d2eb4,1,credit_card,2,254.24
b9eaa4a76558ca828580d82dec38cca9,1,credit_card,2,196.49
"2d68cfa7c620233fd6bef3084eb1358f",1,credit_card,3,51.98
"756fbe4ee70c4866a3cfb2facf6d7ec8",1,credit_card,2,105.52
df156891939f37c451dfa81e3e724540,1,credit_card,2,27.05
cff26b49480fa8c4917fed0c71a61e21,1,credit_card,1,135.82
"6643fcf7be174c77fb72dea37c92aa19",2,voucher,1,4.81
ea87e1e6046149ed0257414f5021caa4,1,credit_card,1,63.05
"259db13389bfe3716dd43778b0421777",1,boleto,1,70.80
"1cc13cb7d2099f1e6d86b81bb6d15446",1,credit_card,3,162.55
"6d95f56851f4a4c72764429b174d2757",1,credit_card,18,246.61
b87d022960af41494c2f57c172b5396d,1,credit_card,8,133.25
dcb36b511fcac050b97cd5c05de84dc3,1,credit_card,10,146.45
a8a70200cb729aed9b87cf7a11c814ae,1,credit_card,2,37.85
"581e3fa3023c8c6a8a485e6f8e52ce2d",1,boleto,1,31.38
d7eec17ae2e61fc4dc36f1e1ac4d0ed1,1,credit_card,1,9.48
"6864a2123ff29285627d16be37bc8b02",1,credit_card,1,28.23
"47d99e35914d6194a685f9903e8ae293",2,voucher,1,74.00
"78ccc8b2b91842cf16b56d474d8c8480",1,credit_card,3,70.54
"729a7bb44995146ae1829243068341ef",1,credit_card,1,61.06
"7b997f4d6833a33d2df92a0a939a5b25",1,credit_card,6,322.96
d9017242fd88c2d6c9c356ea697dff58,1,credit_card,4,199.04
"05c5fe623dddb59ad7462d5adf24885f",1,credit_card,5,166.40
"335867dcacb4762eddb7773881b73808",1,boleto,1,93.65
e912fe377f77944ec68b3650ead100bf,1,boleto,1,278.07
"87c8ac1de72a771acb26702730aba866",1,credit_card,1,38.42
"6376db8b01455ca1b4a1c3d89ad69316",1,credit_card,3,149.16
"31e919190f59dd6dde547000ab20a612",1,boleto,1,121.24
f32ab6433a3b9bedad85ce3730b861e3,1,credit_card,1,67.11
"836f8d90a17794db6d9c6112cd76ede9",1,boleto,1,66.15
"66cf92fc3ec94fbafc4edd77e0814818",1,credit_card,3,44.42
"54761f5e42ab5a33268fe64804e92448",1,credit_card,2,121.27
"4344a4b2bf0aef578e958bc3111b7c63",1,credit_card,2,364.44
e39fb9d49443326e7e4db4321c5ca18e,1,credit_card,3,144.45
"4dd7f2a626802cc8cd2460e18c8da8b8",1,boleto,1,62.41
d9206b6df475ed69a1f7de7ecc2d9401,1,boleto,1,133.69
eac95d79983b55d39fb2139922bc4c36,1,boleto,1,148.15
"148988b3acaa4d165fe1b3cfeff74a1f",1,credit_card,1,77.09
d7b4654d3ca41a3b97437da02dff3df0,1,credit_card,1,108.08
"7b0991b804c1f59ff08aed876cd41c5b",1,credit_card,2,71.63
"79f0fd0747eee58c3980cc9cdb2afbb1",1,credit_card,1,72.39
c468889241b5b0b1e079f4ef8ff2b86a,1,credit_card,5,64.10
d301cecfb230ab6585d1afcc0d63a417,1,credit_card,1,22.38
"2d48e0823cd1b60fcd0653613d712e27",1,credit_card,2,78.62
"1d87599144fe1573be8611bf9f5d5de9",1,credit_card,2,123.53
"6be7ed9af3a3acaea3b1385c7bb83221",1,credit_card,10,185.56
b45f8849e29c3cdd34c3f4ca5944be36,1,credit_card,1,143.84
"938cf86c22cfbcdef5e04f4038fad081",1,credit_card,3,69.73
"63d4d2ba9babefe5a2e6fc840e69a9ff",1,boleto,1,88.27
fca50f0a146861f2baa4c293e99bc14a,1,credit_card,4,70.72
"0b50f9db645dbb8c98ebe37fab6ecb3e",1,credit_card,1,58.59
aa2a0609fab50d659ead956ec8f69de1,1,credit_card,1,92.14
"1356895abd31f89419c71d5f73a5c1e2",1,credit_card,1,45.01
"3bc383f96dded5aa5e75309ecab074c5",1,credit_card,3,106.07
"37c2d70dad88a5791ea06e598e43902e",1,credit_card,2,25.83
"6d6f0c5bbf3fc7bbef3b260c1a8c89f8",1,credit_card,5,112.13
"013aa6ba5077072401773f83f1ee6408",1,credit_card,2,178.21
"0a511bcdd22a725ca670b0102ac0be73",1,boleto,1,133.48
"1f4714b1a377cfc36eafd36d2763881e",1,boleto,1,34.13
ba9a7c92052d9666424a1c3cc395a5fb,1,credit_card,2,251.98
"00bf1320ffb5fe47a845feca16c0e0b4",1,credit_card,8,469.39
a8bbc485329f055ce3addabfbf8d4f86,1,credit_card,2,100.34
"0903e0b7f189735c47cae28e5e5766f5",1,credit_card,3,62.47
db10e5b34779ebe39e1bc929469eb841,1,credit_card,1,27.89
"165d95b7e2ca35a58dfbaf646cd14d81",1,credit_card,3,44.10
"8e1a9d039dc1c61d1fa663266a937cc7",1,credit_card,1,43.27
"18868acb1d9411827ee09a01ced20833",1,credit_card,3,144.15
"6765f32bbfac1642b2e1132fabab5ce4",1,credit_card,11,114.26
"74a5900cf86c1ea72e09040bd744e793",1,credit_card,8,173.82
"35cf1961f10100bb2198e4f935ab4173",1,credit_card,1,63.00
d59dcaef70d9e2c4082bc5d33dd190e4,1,credit_card,7,516.28
"2f72a08e8fc765e47fd2f4f2eb7a3704",1,boleto,1,75.50
e713f65c5d4bdb8c51c935cd205c3b22,1,credit_card,1,63.31
a14932a44ab80c8a470ee1786eda7573,1,credit_card,8,205.40
db021dc0eafd8de55256243118e4a046,1,credit_card,7,274.84
a8f8aa4f2a60b06f49e39b10fb1972c5,1,credit_card,3,136.98
a7ba0112ae1019055442b330ee484e67,1,credit_card,1,36.17
"477ee3f21cb7374ecfa12433c30f53f5",1,credit_card,10,195.17
"8fb3923723ef788e9813b430b5ac5c05",1,credit_card,1,38.69
de2ffdb58d14dd76c8863458e5be6b72,1,credit_card,4,324.72
"88fdf07e2e8bcf581835191551224be7",1,boleto,1,117.23
fa82edaf6d788f4a8a80e2f8fc4cb9b7,1,credit_card,1,82.75
"854b499ad9cdbb8d8945d8b0c0459455",1,credit_card,3,1522.99
"725fd97b392659b4ae97f0aa8a339853",1,credit_card,1,76.36
cbf012d904aadfcf846e4e8d16192616,1,credit_card,1,47.38
"9cac107eb297225b3dde9b28a2bff0ff",1,credit_card,1,48.37
"7cb46c0eb2855e57112f72215ac78d47",1,credit_card,8,984.20
"13cc20205a5d08b532f127b6fbf0f370",3,voucher,1,13.41
"893d40b53f61002a75eff0c92b557219",1,credit_card,8,197.85
cd002226356c8056b3e5d2ab6098543f,1,boleto,1,321.80
"061f2692f309a270bc04537e0a2508bb",1,credit_card,8,102.23
"9bf45ecba71e9121235e583ec3b824a3",1,credit_card,9,97.00
e147eb86ed23b0e106ce62cec5c6df6a,1,boleto,1,138.73
"8c7304b887c62d8b229df046f90e44f4",1,credit_card,3,145.66
e138166b54ea9292f505d07a4999db88,1,credit_card,1,43.41
b77827128d71dd90667727cb430e3d5e,1,credit_card,8,246.92
"8013932c4c00036478bea6424e783117",1,boleto,1,60.00
c3cb4f1d84665efbb1bf71c31950b9cf,1,credit_card,8,2022.02
"5e85554ed83f05cbe7f092ba18b17e5c",1,credit_card,6,544.90
d0bb06ef78b37700d2447cc76a9a71aa,1,credit_card,3,262.08
cc999e83cbddd8f4961651258b551003,1,credit_card,3,72.75
f494e4f6b6de7aeefe3af00acc8b3426,1,credit_card,1,53.37
"4ab27bfc7c06209a6e08813ca2da35af",1,credit_card,7,268.46
"9e4f46493d96c5842aa031c7407d2552",2,voucher,1,5.97
fc6d2ee7c65043e4c842c367421052c6,1,credit_card,3,182.20
"2d15973f99e220f278677b903faa8dbd",1,credit_card,3,35.09
"4a6de68c76257d69209af11ba0e56fa1",1,credit_card,1,83.41
e911951b98ae5dba91085dd2bfc69ccb,1,boleto,1,159.14
"17c059796a89b5b4c53113de933500c1",1,boleto,1,124.18
e756c16a8426f61eb4298bd6f590556b,1,credit_card,1,110.26
c53b0fc1c72d7bda1f878a03bb49bb0d,1,boleto,1,54.71
af8f5400111370accfbc1ba9820c5d20,1,boleto,1,60.19
"572e5973c80ab933d719e73b89b29743",1,credit_card,1,39.68
ebb7be9b346d08fc0d788e3b9e4bd02e,1,credit_card,9,95.21
"1bf8b5f1e3bc76dcaa6414b170ef3ae0",1,boleto,1,143.27
"6066fbcebeaf378770ad9fbe8e30d1f0",1,credit_card,7,71.63
"4c225b047eda6a8fcff282ce94b8fcc8",1,credit_card,4,272.23
"6f7626222f2b324b580e36eb22d8bb8e",1,boleto,1,182.89
cb0a4ac036ff43852a47ceda4d254cdf,1,credit_card,1,65.60
ae2d7541c0bf40bcdf14b7fe20c00eb1,1,boleto,1,134.91
"47de8637746123051630916b1ab338cf",1,credit_card,1,175.82
ee2201177cf7e3f0d85cfb44a6a548d3,1,credit_card,6,738.19
"8844a6f4804668ce97f0423a434a74f6",1,credit_card,3,56.60
"407b45a96cb1a7bdc352d2a499647b84",1,boleto,1,136.75
"3f975d6254e730e9262bc7be0b71a589",1,credit_card,6,500.17
"477d714fae5a61fe245f9d4c7cebc2d5",1,credit_card,2,98.06
af099467911b979b79b3a49231876086,1,credit_card,1,177.75
"1e24c66f40e16d38609ed026af8b4c94",1,credit_card,8,93.15
a3d61f1e9214700ee2b1a7fb8662198e,1,credit_card,4,103.55
"3bb3f2f93941b43b0eef5618c565d650",1,credit_card,1,91.96
d41ebe858c1aa2cef4e728fee0b07230,1,boleto,1,78.42
e0ea34baecdf184089f368a8ba575907,1,credit_card,8,91.18
aa413696416fac21a0e58f3e6802978d,1,credit_card,2,116.70
ea20ef3a1e2a7b607b1e3a99f9c660bc,1,boleto,1,142.66
"8c5e3895665d821ef50d85872a34cb0b",1,credit_card,3,194.48
dd7215a0ed61521e7b5a7964939f4e09,1,credit_card,3,173.44
"30433431f5393fe9934458f0f02e04e8",1,boleto,1,31.99
"7580acfb8ff8ddb8e8db732d87a5e5cb",1,credit_card,3,64.42
"72ef7195413663ba7dbe40abbdf02617",1,credit_card,2,69.70
d4c0ebae1ec07474b7d092a62b469f6d,2,voucher,1,66.41
"4ca7011605c977cd69c1e1706625e98b",1,boleto,1,91.42
f451f32b7c863ec284d824a449a407e9,1,credit_card,2,118.88
cc2f0434752c03815831750224a555af,1,credit_card,3,32.86
"08e386991831b9e99662928af783c0ed",1,credit_card,1,135.80
"699787f56da4a1d2e5ef4ac575681986",1,credit_card,1,121.40
"6b95f3947c608c074045e6aa14790de2",1,boleto,1,69.97
ee12a50463df80c62439cca9feb9f971,1,credit_card,1,3.14
b9c18637e3b8ca78ccaa2aa1e5a947c7,1,credit_card,1,58.59
d7c0a751614a0ef7306fb96836c0df57,1,credit_card,3,45.37
f126672370e29ca70e98d927eabcadfd,1,credit_card,2,48.62
c1bb3ffb1aeb6afbe42101499bd15708,1,boleto,1,131.44
e153f584d70397c494b74b0dab983728,1,credit_card,1,105.28
"14ac73e061a88e655cc2d6b984f3c81d",1,credit_card,3,58.65
"72db4956f094dff247d75dd6735f2400",1,credit_card,2,147.34
"62b2d948f0d2de4fe48b034bbdedf94c",2,voucher,1,250.00
"800f40af9296b3b1cc4b669c08d68e81",1,credit_card,4,152.66
"0d8bde7325af3ab269064a609e832c91",1,credit_card,5,433.14
f9f75601353a50e58746860ba04dc47b,1,credit_card,1,68.28
"507a4eb733d930ed7dfc37c2dbe4e264",1,credit_card,3,30.95
"02b39a781ee24f6997ad691ea7a01491",1,credit_card,10,126.57
"4bccceeea58d5e2e65e3bf9b7bfb1f49",1,debit_card,1,166.16
"91d9a72e928a84866b4d506c0398b723",1,boleto,1,51.84
"8eeb383cc53ee78dfc385629602dfff7",1,boleto,1,107.96
ff2fd424f5c50867458c35dc9a2daa69,1,boleto,1,118.10
"80142d53ffe141ecc527706ca520ec49",1,credit_card,2,102.85
"0e2fe4a9435f66fade2904a904a0adaa",1,credit_card,2,58.46
"046bc7c1d7122be13009a28d66977149",1,voucher,1,48.28
"1e6550f81d2820478f87df7cc366a86f",1,credit_card,1,207.52
c282161ce9696af2790e633f567dd179,1,credit_card,10,393.79
"3022bc9eee8087dad85d0832b67b37b9",2,voucher,1,20.79
"3c6f2c25e0bc1279d17395ec365ea14c",1,boleto,1,60.95
"89d9b111d2b990deb5f5f9769f92800b",1,credit_card,1,21.77
cf5aab95566cf4551eee9dd9edbee478,1,credit_card,9,92.57
"6e717532e0002abd1bdb69428673bbce",1,credit_card,4,88.72
d3f66901a6743e15f9311547cc623b91,1,credit_card,8,3792.59
"946a2b3561cd706b8a7eb04fb08830c4",1,credit_card,1,57.07
d3439c4b5e0cbdec46f811946c2217e5,1,credit_card,10,735.24
"2fa7634ce48dabd9f75b76ab8c55a9b6",1,credit_card,3,74.67
de810c5a4d708e92e61170e20a7dc100,1,credit_card,10,139.98
"29baa2288a6c833c165b32b46e4ffcce",1,credit_card,6,245.89
a9f3eefeba2b707e39dfc81dea76cb3a,1,credit_card,5,224.07
"2ae6bf810adb8aa11c97527eb4e62a15",1,credit_card,1,212.88
"5e524bb81ff2ff0d50ebd32cb30c04e4",1,credit_card,17,172.22
"14fc11541ec454b0a370072e1e9f59a0",1,credit_card,4,105.28
a6bf5dacdd39006545530c216e48cd9d,1,credit_card,10,377.45
"56049934681bbcefb4f6707731ba95a8",1,boleto,1,49.09
f401cf78045d08ff9b4b96a76d4424b9,1,credit_card,10,256.69
"0ff2ccfa60758f3655e2f18156bb80ae",1,credit_card,2,174.66
fe9ff842f65047f5a82c48905a18cc98,1,credit_card,1,18.22
"79e2efc862d7295d60da556fd5af4679",1,boleto,1,55.22
"2c87632da2d3149c3812ca5da44418e6",1,credit_card,5,136.38
"3d435ea4c7b8ac007710c6aa2e6da685",1,credit_card,1,55.05
"88d845f17b3dbf8c5d642a0ffcea2e48",1,debit_card,1,163.92
"4b5b18aa8c223d77755f02dfb2f3a1a5",1,credit_card,5,181.62
"4d5cefeb0501de96acd522c3742d3d04",1,credit_card,1,141.78
f42aa99551fc0cb6b7a8ec5762a23539,1,credit_card,2,64.87
ea4bb4fa30c5a1548498436f448383af,1,boleto,1,85.23
"241adc087f5732067fc042dceb9cc6da",1,voucher,1,59.34
"542e088b96769f96492ae0f46597d3d3",1,credit_card,5,55.64
"84f89b4f4b956843277c6b990bd06b2f",1,credit_card,3,499.50
"64618afe1b90ef2416d9c80631a15e42",1,voucher,1,215.15
"8a2d731a57d62d23bbf9556f80343140",1,boleto,1,113.62
d986aa907c05fe216b9b6edac260abe1,1,credit_card,1,129.64
a4866dfc455353f48014a2b9a86608a2,1,boleto,1,340.50
"79ddb52cd14394521548e6550ca75d19",1,credit_card,1,66.34
affeacf7cc639bfc67240a58cd12e3e0,1,credit_card,2,117.27
"3a69cf7fb9acd41b2781253402540b9b",1,credit_card,7,76.02
"76458889992169d3135b264dc13aec67",1,credit_card,2,85.58
fd3d5d5f83a8dc51d0acbca416b5e7b6,1,credit_card,4,330.46
f8165cb41863e5548cdf01f1463b405c,1,credit_card,1,65.71
cc9b441239dbd3786773a5c8724547ba,1,credit_card,6,603.64
"8c75817539308b6a536d4b8e59cc1e61",1,credit_card,3,179.21
bb1d4525338473e108ecf58d9cd57a6b,1,credit_card,5,110.55
ebe8e5e35f85b19e3b8132a054bbf523,1,credit_card,6,123.89
"745153dbea0349a835594747a878f5d8",1,credit_card,1,162.45
"6b8d21bbe1e219c7b5039f232ca30e46",1,boleto,1,71.64
"8e2f25da617077b46357076667867e87",1,credit_card,8,645.17
cb82f50adcd9978f835fe94951603fad,1,credit_card,1,131.06
e4d17d00b2f18f1898c9449c1e7a8e09,1,boleto,1,352.55
f205f377ce93a394ec8b876eca520695,1,credit_card,6,68.35
"3bad8fb6fe7c6a350d5a616611d7500e",1,credit_card,1,47.88
"4ee4c7c2fa34f8e2a66accd827f53d1f",1,boleto,1,25.23
"2b3b4135ee3db9e993e7dc195917cefb",1,credit_card,10,213.94
"99ceb37bf4c899aa443147118a509e3a",1,credit_card,3,47.90
e529c3dca69fcce22a39a059514c4ae7,1,credit_card,1,73.26
bf0fbfbaceba1d05f31c53ef4303ff9c,1,credit_card,8,168.20
"9ab5644159baae7027369bff9c6890b1",1,credit_card,2,93.34
ae374449d2caf70b0df8b7504bad8bdd,1,credit_card,8,208.87
"2b8707bd8d89fbfd17af1dc3373c2875",1,credit_card,9,97.74
"51624e6ae1a0491539baed0f69d34230",1,credit_card,3,96.08
"70373e9075b8d9c1c57bebf62ba3b59d",1,credit_card,1,77.19
"2be8f3f9bfd6f4349d7c95dfaa619b21",2,voucher,1,40.87
a7052564d616399c2a94709a153c688b,1,credit_card,1,101.74
"2d8a0bc4abbb7bbb3a420f2219f02f93",1,voucher,1,33.13
"912a3bbff3a8f1111bad251a57063042",1,credit_card,10,858.65
"58390adf4de979dcc0473f7de06c309a",1,credit_card,1,35.36
b2aac017e3d894267bf55fe86abb0dc6,1,debit_card,1,105.62
e63bc1942e2cd8ad08839b0032149b58,1,credit_card,10,203.30
"1afc78423ebc34ed1e97cb320ac86620",1,voucher,1,20.19
"6831327c575ec5efdb90392fed9d2f1a",1,credit_card,5,50.38
"423557ab2406aca36516f1d1b9765ae7",1,credit_card,1,119.80
a6f6c66669d5b0b2c33c66780c0ef4ce,1,credit_card,1,575.91
"55205d82f3b72a235f58195bd491b1a9",1,credit_card,1,1.58
d032dd122bc93c30a420b6ee101c7f69,1,credit_card,2,27.87
"9435ca9f9a67ac50e1fef5dbd0c29518",1,credit_card,1,82.03
e373430e08d5873c363c0b4ac5a28045,1,credit_card,1,87.05
"98d0d521842189a3056fc1ce2fc08f9f",1,credit_card,2,55.25
"9b9bad2c285cab8257e0dbadf191d8d9",1,debit_card,1,36.17
d40f37941fe5d7cc0ee5bf4180ae9f3d,1,credit_card,1,105.67
d4304f4104fca54e2a93b03e5b04962b,1,credit_card,8,181.16
ab5ff8523a162735e1d5ce37a2e4be76,1,boleto,1,86.58
"3ee2cb486f75ff2899da20d9bec72017",1,credit_card,4,40.09
"0180ebc47853bfc5997af28f5a7e8849",1,credit_card,6,173.74
c344fe0fa6569ff29fb0c6b832ef199c,1,credit_card,6,68.61
"2d9d08ceba6f2cac03cbd9b35da1a89e",1,credit_card,3,269.01
"4bcc4496263c85f3a25598290559c9d9",1,credit_card,2,193.72
"5db7d9a0fc370ee9ccbf9dfb04eb2f66",1,credit_card,4,45.22
f0da18535563cff323fabde1c9316f85,1,credit_card,3,188.63
"680c07899bf40cd24cbf3e97b9bd7052",1,credit_card,5,296.36
c3ca09e4e3a9c10f9b91c9ceb0d8e379,1,credit_card,1,62.59
"9828f937ea8a8105f999b119b9d677de",1,credit_card,2,25.88
"9ba78cdb7ebed668566d399629fc74a6",2,voucher,1,50.00
"9a84ad63a942918f330f5009401daed0",1,credit_card,8,89.17
"2342c7ad7ade2a5d4af9b379289044d8",1,credit_card,2,559.06
"6f64e3dc6ee08865d4ec07bd0cdafc8c",1,credit_card,1,50.10
"4093e2a77fd359fe0046844307851f66",1,credit_card,3,77.97
c3fdd79a248296dd41d7369eb034db97,1,credit_card,2,150.67
"613aa65ab0ca25bcfc8ce3812cafae2d",1,debit_card,1,74.48
b132ad2a1d3d44a9fe2fe6b63c406593,1,credit_card,7,79.24
"73c0786753e32171d5d1bba1e682b4ba",1,boleto,1,31.69
ab97ff9b268ca7e6f9f741cd843363e3,1,credit_card,1,85.25
"619b6c8ac39a9c798780d761e4b36fed",1,credit_card,9,461.94
e2b405a4cccf1e66eb8d2b73a4bba700,1,credit_card,2,141.74
"57e19d283d4caf90389cbfe35f490f06",1,boleto,1,40.95
"16d5fdc844fab7f0554c804c1f10a8aa",1,credit_card,10,145.78
"0492eead55cd90ba9690387cca2baa20",1,boleto,1,106.95
"221acf4033f18fbab8e09d105429367f",1,credit_card,2,153.31
df68ea0d1a2a2b9d4dfa236820acbe9c,1,credit_card,8,194.44
cf5371c12093ab1ef7c39cd2cb895edc,1,boleto,1,100.24
"9bf502b0984ae3ada99e73e7e7c7e1bd",1,credit_card,3,230.15
"2aeccc79ee65865edc103faeb5c519c8",1,credit_card,3,193.82
"37f9c3b8666bdf2c00d8d6c0de58cd30",1,credit_card,5,406.35
"618f2dc846a3929a1e61bc34ed6fb267",1,credit_card,1,79.53
b1bd0e86ea8b4060e4e7c5684202b656,1,boleto,1,115.45
bb49647806d3a87629936d5f1f5d34b4,1,credit_card,2,27.46
a13566e1ef3931ee9fc63bc9903446bb,1,credit_card,1,113.68
fb3d9e762ad9fb92971864a84c619fec,1,credit_card,3,163.19
f5ccdd828561c205992f7e38be419560,1,credit_card,2,198.41
"05df1c1ff1b3e0ba073493d2ca0bdffc",1,credit_card,1,97.90
"2d7eb01778411aad90ac1f9b50187b07",1,credit_card,2,177.44
"494dfa139a38449b378d01cca4c0a6a0",1,boleto,1,151.47
c32bd7da48be8ce34e8e656099ac3fca,1,credit_card,1,85.35
"56195352a8e1bcd779da1b92fb9bdeef",1,boleto,1,50.00
c1ef9804b695d6060c0964f2c6324433,1,credit_card,1,43.77
"0379c7b005e9be5439462ece4e356341",1,boleto,1,221.79
da29ecf90246ba3404fab5ad9febafac,1,credit_card,8,83.73
af4d4887dd4c4a74268ba4a72e49669d,1,credit_card,3,106.29
"3e7bc2221b2c46fafa06f741386784fc",1,credit_card,1,240.00
"18359b5c4af7752b7d351c7a53b85641",1,credit_card,1,100.47
"2f93e05c16a3539594b2bd00bf46027b",1,boleto,1,74.16
d72e8cc4d5efd1b5149f68dffc423772,1,boleto,1,31.77
b2e2410ac54dcb51230fd94aef5bcd2c,1,voucher,1,25.00
"9ee0fd6b317c26dddea4dc4347c8a82c",1,credit_card,5,411.76
"0b0bd9b754737f8954ee14d15c7acb85",1,boleto,1,103.55
"7bab5bb38c4ba852d6ec1fd273fc9446",1,credit_card,4,475.18
"8d7c8198f92e7e12584cf9048f075417",1,credit_card,2,95.21
"0f884853f408247bc673050f33f2c5e5",1,credit_card,3,522.28
"6635dbf3ae34165800e11b16e937322b",1,credit_card,6,452.10
"68a3e4dca76ceed7ef884e732b63bdee",1,credit_card,3,171.53
"5b5144a746963b5eff535ab86fd72942",1,credit_card,1,82.51
"17fcc69aad66a8975f5e3e7c4e5928ec",1,credit_card,3,72.14
"0da1757dba2fb3d886b5051cb964c524",1,credit_card,3,194.50
fa15822d98611a4ab8e33249b788ca7d,1,credit_card,7,141.48
"992738bb51e7ba624763bd8060189c5e",1,credit_card,5,424.87
ecf9330db0f11c5086969ed6c7468d4a,1,credit_card,1,79.05
d02832494d9e665c9647bc990b1c24ee,1,credit_card,10,576.55
"3d9d7644b996a0c8a0038a70c90830cb",1,voucher,1,45.08
"74cc459333ff2b04776fcdc6cf77c528",1,credit_card,1,183.00
d9fa97948dc9dca5fd5f87d28e1f8f6d,1,credit_card,9,215.05
"649fa665ec97c1e0c786685fc3db9ba0",1,boleto,1,837.84
"24011f35927e676f392e9dc0f7a4b06a",1,credit_card,2,40.85
d8d126f05b944cb1a5d78542e4a34f9a,1,credit_card,9,90.38
"7576a97a255ac81433d3932443db8fad",1,credit_card,4,40.09
"9af9ab2e5e9932c6d31b5fb79e8c844b",1,credit_card,2,74.18
"218aa418c193211de5e1ead0c8eba54e",1,credit_card,1,93.48
"93c9e800268063cefb7efac3c9025276",1,credit_card,3,36.84
"51a9b8069f801dc897252c09cd5831ca",1,credit_card,3,149.72
"76d820534ecdb9ff90b20c635d1c593c",1,credit_card,2,228.87
"11b1da117d12c1e9ebd9f86f6e5cb4ae",1,credit_card,3,66.78
e26876a331df3a4dd9cccbc11faa25f9,1,credit_card,1,58.83
"946d4f5359317f054ef617725b284cc3",1,credit_card,1,84.56
b1e68c1ac52a1a5cb5051d07ae91ff06,1,credit_card,2,28.42
"16199536457f2466f82bcf8caa590657",1,credit_card,1,91.07
"4f7efc5c210804c2178266d4e12d6968",1,debit_card,1,55.21
"4387477eec4b3c89b39f3f454940d059",1,debit_card,1,222.02
"768bb5189d917642e1ea949aa69c553b",1,voucher,1,100.00
"26c8454aafb0fe89ed0c10eb509ad574",1,credit_card,2,60.37
d7449e15f5045562074cc57796341cf7,1,credit_card,1,222.27
fdc9d53919c301a0d27f2aad205c5aea,1,credit_card,2,95.80
ad8c386772f88caabcff4e2a8bee26d3,1,debit_card,1,93.12
"98c927d938727c3ea7afd9a8f96c14bc",1,credit_card,1,138.26
"523d5e9ab692bee9c8dfd7063351f696",2,voucher,1,35.08
"133a94aa41cab8ad1d4cf02c2636b9cc",1,credit_card,1,12.32
"00c826c901ab01b6f598a8f0c9b56b82",1,credit_card,1,92.91
ec02fe36bde29efb02d86ad842b6f512,1,credit_card,1,21.48
"3ae812c4853411428918ecb80ccf11fb",1,credit_card,3,157.30
bd59d6b6646e18c7a1a97a639ff49e0f,5,voucher,1,5.32
"8e338cb934c447ec1c2ea94d6b3604fd",1,credit_card,1,27.78
fe88495263d9d9e9d2cc17b4815a6dfa,1,credit_card,7,111.70
"27c60cfbe4965270943d7cdab0989038",1,credit_card,6,185.18
"21cb4961399b846b168d0358100f473b",1,credit_card,4,65.05
"7a05ea5a85dcfb04d49a57143c1d5ab6",1,boleto,1,128.09
"32306eaec4da3f63ff314515258b1500",1,credit_card,14,149.73
c02f5eada28376633fcc3dd13a9052b7,1,credit_card,1,40.36
d7e5a257b9a5df92d5c995c5aa052715,1,credit_card,3,159.14
"56142b6c34c40cccb3e3ee8308a4ae76",2,voucher,1,9.15
e28f56dc0353b7bf8f78f05ac639ba21,1,credit_card,6,69.43
"0ca64e59f59b26fb6fb2726f907bb52d",1,credit_card,4,99.90
e8d5ac327490a6d1580be779a264c2fb,1,credit_card,1,107.35
c4d4442c9ecafb0e6611333eeefab2d5,1,credit_card,8,239.32
"5825f62edda362144cd0c349124fa927",1,credit_card,6,858.31
bec5a824282dde8cdfe6aaf6b6525a6c,1,boleto,1,62.01
ef6fb04e563be683ade0b04904bf0d39,1,credit_card,1,27.84
"21dc00cebbf91043aad476465c49c42f",1,credit_card,2,116.90
"60587a0b83305888501192ff07ba8bb9",1,boleto,1,63.73
"35e3f3cac84a02e430e53ca318ce9791",1,credit_card,1,22.84
"07b9e5abd7254b1a85eb14ad3a1117e5",1,credit_card,3,193.90
f1c5f3e9df9be5699de80cb4eec88c04,1,credit_card,1,107.00
"293429beb0a9a73217c1b2ebed009117",1,credit_card,4,188.51
b465b096e042571f13c2e9e8e15122a5,2,voucher,1,157.50
bdcdfb7b6f9c4287ac7b5d25f874047e,1,credit_card,1,58.69
b80365a0dc9dd62c6818aad6d9047dc0,1,credit_card,3,45.17
"0b9e555377748cc93362b079f2653a42",1,credit_card,1,34.00
"77670d903936f910039e218bb3ea400d",1,credit_card,4,134.58
c0d68ca2e27d53c566c02dc89021ee76,1,credit_card,4,117.58
"6cdd8e55d732c4757465f8eb53d4a8a0",1,credit_card,2,42.51
"0f4100ceeb7e6c856edfbb660c06757d",1,credit_card,10,117.55
"1fc71eb4a30dced088d988c57e751078",1,credit_card,3,38.14
"7876404b81dcee26d47be1c7131b16ec",1,credit_card,5,67.60
"60a30f7ea15c14582856b8ae771be976",1,credit_card,6,384.23
"4d25e18ac18c41c5b22edfd17ecf8ae8",1,credit_card,1,115.90
"1cbee9a2dd4b2a7e2c95a4b9ef21bd0a",1,credit_card,1,112.58
d42ba61a59ac7b2af476d42dbe16f68e,2,voucher,1,168.28
d11fd4395b314a358cc155ea5c525c07,1,boleto,1,99.75
"3ef0650c27761bae1896146d8c4fcb82",1,credit_card,3,141.48
"19f98c610ce8a9b866159c5db4784373",1,credit_card,1,121.38
"17f71a234f74de0e7c52630aa272eb17",1,credit_card,8,808.88
"7cd437e4308ccfdf9df64a5cd7cb3cce",1,boleto,1,57.34
"2bb80d6b50b07a73fb5a18dffecbd3ce",1,credit_card,3,159.03
"60083e3e8bf6182f3fb99b7a19203f45",1,boleto,1,55.09
f87e6a448c7194cbe50fa937efad03ba,1,credit_card,8,521.37
"5a39ba43f671c9ad40782147ec3a1997",1,credit_card,7,193.06
"13177245f820dca10cd9968a2a395b1d",1,credit_card,8,1036.74
"9cfff951160cff8164e3eb826dd83dd8",1,credit_card,3,98.90
d3ca7b82c922817b06e5ca21165c5ea2,1,credit_card,2,108.51
"52b1bc87daf8d1e471663a4715f59310",1,boleto,1,45.19
"5cd8853b4ec297e801336f317f9a1912",1,credit_card,2,123.54
de339d3dab036509a47753ddb94f1d55,1,boleto,1,307.24
ef1d1f5e2ce4002e56fc9221ac5524e6,1,credit_card,3,141.46
d7e6b2a827de13f3b539c79bb5b89577,1,credit_card,1,242.74
"299d2f94a47dbf398c26ad4afed7ba27",1,credit_card,7,259.13
"0a6b6d3fb4616f5b647bc8b0b8f69e0d",1,credit_card,2,53.00
f8033eab5248939afe7fa7feb4ac4866,2,voucher,1,25.00
"31437ad84ad2f4fd755bc1a5351d370d",1,boleto,1,89.88
"6e8ff76e6abbdfadc22d6569bf5b1ae8",1,debit_card,1,50.09
c9971f16f56a5775573b08549b2621fb,1,boleto,1,69.73
"0615cb58aaa538ad222e5ce52b5cc2bf",1,credit_card,2,24.86
b33710c706a29d2ee76bc234d77edd84,1,credit_card,6,170.19
dea56b3893564838aa0a8b56394f46a4,1,credit_card,2,126.92
e8bffd810656b2ec376f2e724ed5d0d7,1,credit_card,6,134.42
"5dce18dea2c3c74b35fa3baadf7a24e5",1,credit_card,1,34.09
ed440d5c0b75f7384c1d6e7335400780,1,credit_card,3,349.18
"1528738cc47c58535712cd56c0f4ad9b",1,boleto,1,106.16
bd8b880cb77c8814dfce61086015fe1b,1,credit_card,5,453.35
f5caea85860d3a763e906f2562415517,1,credit_card,10,120.22
"01336d091c57d8be1feca330c5f047bd",1,credit_card,3,90.73
"5c05ba7b96e7ea5014e1eda4953778c3",1,credit_card,1,10.17
"0218c7a4fb8d5b1bd22c82b783b8359c",1,credit_card,1,0.01
"745937e30e1ee0f0fbe8a4225fd2dbe4",1,credit_card,1,40.85
"3d60cbc30fe424ccaa1b75c0c2e1cd90",1,boleto,1,53.89
"33c951f1c58e9cffbb5d580ba22a7158",1,credit_card,2,97.71
"8880101bd698b1b1c4d7f46a246c620d",1,credit_card,2,53.01
"845686dd9137013d73ed42078be18809",1,credit_card,8,238.48
"9a55f6c39b39d7b71a170dab3430e29f",1,credit_card,2,121.00
a4bed2a96bc765394d832c0d9199b6bf,1,credit_card,7,73.75
"0b71862ee9cbb65cc3da31466a6c2990",1,credit_card,3,37.76
dd5419332273c31581ae758c74874997,1,boleto,1,91.18
e2007b2e0b236f254ac322260a2dcb1d,1,debit_card,1,94.30
"0787c233e9c027ebb134e0339cdc1ef2",1,credit_card,3,92.59
aba8a6306a353cb28d5358c585fabe75,1,boleto,1,45.10
c6fb234821f617a8e4d1cea1d61ca508,1,credit_card,4,229.06
"6b256beca574a0dfeb3cb16afb216061",1,credit_card,1,61.51
"65aafdaa712c5cbf87a06041a8606907",1,credit_card,3,118.40
"88259593cc7450eaa22ee4d6ea2f9dcd",1,credit_card,1,54.37
"5d322f251f819899cfcc89e316e4f4d2",1,credit_card,3,162.59
"6660a709a26684b66ea12d604ddf0579",1,credit_card,1,21.77
"15564b81a39383f08dc90fa1fac055bf",1,credit_card,2,196.10
"9f0663bf008ccdbfbd96ac9a31ba7442",1,credit_card,4,180.69
"1a8c6cac549a7eb5b432c5617fe21ff3",1,credit_card,3,60.85
"6fe0da0adf3efb1bdf8b3423379928b1",1,credit_card,2,50.69
"7a1b04571b7a200f334cf7a4ab4c918c",1,credit_card,4,123.40
"0a8c0b59c2efaacc405838782a56c156",1,credit_card,5,113.72
"54294e5e2e918ef6ac62494144f35b06",1,credit_card,10,174.16
"4aaa128c3570cc43f4fcda4db37d0d25",1,credit_card,2,64.00
"7769fd866a4a22e50c08f6dcdeb462b7",1,credit_card,1,370.92
"259755d38865ba5eb5781ad6e24e0be9",1,credit_card,1,93.28
a2c0b600ee987c3536f835e83313d63b,1,boleto,1,69.04
d27c9535dfd56cfe107bc9eac1ac3e31,1,credit_card,1,150.47
a6c5f5ee344a95643f3dae437286ed87,1,credit_card,6,80.19
"052b35671e2bdd45aa889c5fa09e2809",1,credit_card,8,403.27
"2f6d60e301b09631418701136a333a09",1,boleto,1,97.46
"7842147864c0425541edd55923f3c0f1",1,credit_card,1,44.30
"0e0cb073422fcdc0645935e23d672736",1,credit_card,3,279.59
"3ec8d477ad3b18290ba325fecaf053f3",1,credit_card,1,58.37
"2e509a0f39264c5e18d820911b16990e",1,credit_card,1,28.22
"2acfdc5131ff2cf4433e668454c9784c",1,credit_card,6,110.93
e93d4bbea9f3bfbce59cc83e6a663437,1,boleto,1,64.59
"0434058c92c9306bb6d1edd50bf3526a",1,credit_card,2,64.00
b684861615924ba1b3d4c803a0129459,1,credit_card,2,90.50
"2df215b400473a9b6f3be2d5b1bfda08",1,boleto,1,34.00
"88d027f03744cd2419cc5f1a64a9b7d6",1,credit_card,3,99.90
d34d57040fbd8cc561fddf442352f8eb,1,credit_card,3,175.96
"75b69b48d972622a97944744d2d77400",1,credit_card,1,81.76
d25d41dff1e51aff1a2e4d15c683ef71,1,credit_card,1,121.09
a7dfc0dec96501a2f03a9d1412d8975c,1,credit_card,1,212.03
e1bef85e8803340d03472e920d4a7ce1,1,credit_card,3,376.83
"347af76e162e8281d4d37d7d7f103f81",1,boleto,1,81.50
cef44224a07647470c1afcdbeaa43c92,1,credit_card,1,54.62
"2d87440273b7a55a36ee359f29027f83",1,credit_card,3,68.72
"83b5eac035d0483bb62a711d4d4d3761",1,credit_card,5,106.29
f28357a486107b748dfedd0fb138ca55,1,boleto,1,80.33
"99cca049bdfcd6019f861465e6b9261e",1,credit_card,6,62.39
"3fb8682db347b51435096bfdfa799825",1,boleto,1,141.58
bba5aa837be7e597e91c6ddedf604cd8,1,credit_card,10,134.71
"8d63bb167adbc51f677d38af762662a1",1,boleto,1,125.21
"47476a4cdc9f6c8f0fb1517e2e557c5e",1,credit_card,2,58.17
a1a904e8b9bcacd940d9e8f476467cce,1,credit_card,6,134.20
"7169bb201e926e2686e974262cd6bcd5",1,credit_card,8,571.31
ef71baaa81b69c4e549f11776ec90f97,1,credit_card,4,98.56
"2aa34343b80af35eb485d6511edf7a1d",1,credit_card,1,42.65
"8e01476de7658766c75d118e291d2b16",1,credit_card,1,83.35
e4d9e2f02a048ae46330e966d1a8caa3,1,credit_card,1,132.05
c4b9744b03d4c89b98b6847ef0b04321,1,credit_card,4,42.75
"0d71b869b9be4491cbc466910f186bd4",1,credit_card,1,21.78
"1571408d523ba0bd850d9621252be53a",1,credit_card,10,447.09
e9655c24b98a0537159be37210489b4c,1,credit_card,6,66.01
"4d87feffe740c5cd3c00ed67233c29dd",1,credit_card,2,77.57
"4c1bccb42ff068a53ac02ad1109be5fe",1,credit_card,2,59.82
d054cc37dea401636693e25d78222470,1,credit_card,3,137.14
"04b9b5e585a9c4f0a8e54706eb6dca47",1,credit_card,3,68.46
e47ac2609ce0ccd8dab33391118792fb,4,voucher,1,4.33
"4969634a191db1f7ef36954434938327",1,credit_card,1,42.56
d8482b605eb845605365aeb8cc0fbe2d,1,boleto,1,116.23
b5c372b6166768fd040afdb4f18a4b4a,1,credit_card,8,115.04
c0985d645958d6bf06fda4f4287bfe90,1,credit_card,3,117.93
"6b67ec6cfd19c0a30f91afb6bd431e8f",1,credit_card,7,364.50
d87b1839583018f4810f6dc5b3a273e8,1,credit_card,2,190.43
d5a09a21303952be950aa3cdf58104b7,1,credit_card,1,193.00
"0224d4ce99f4262f9554d248dfad743c",1,credit_card,1,68.87
"08a8150915627e46099f01a220ed8efd",1,credit_card,1,66.81
"0faa73d77b7f91828bd92315a94d6ef4",1,credit_card,3,329.33
"32c9679b14183d04c1ffea3f6e5ae12e",1,boleto,1,127.50
"836e4cb15d850d5cb77cda4c3c387665",1,credit_card,6,1290.32
"1e6b3e9b3559f895fe71446d124303a8",1,credit_card,2,432.44
"1f7d17608a000d5ba90ed31a6faa231e",1,credit_card,1,76.66
"71296f82a6d5877cc431e71d741a6500",1,credit_card,10,114.46
c45a32b1e06c16ad13a62a855174f0bc,1,credit_card,1,63.22
c52af89e91822e0fe67fab5eca3f2c5f,1,credit_card,3,77.11
"3bb7de438f6b9bd4c744381f15e6a23f",1,credit_card,1,110.32
"852ec507c9db5b3b1086cb9e6d89c697",1,credit_card,6,158.07
fca018a47e2170d1f13529d7542d6438,1,credit_card,1,52.37
"17e76907e42e85c99dd9e25d02f65314",1,boleto,1,68.44
ce243573aa83a8e70bb99ca6133a210e,1,credit_card,1,165.72
"970310b46556ed34638f035a75ccfcf1",1,credit_card,7,140.63
"7c6146547d5509c612ec26867d1cd47b",1,credit_card,8,433.69
"14b1311682489866d9a6b5c6dbc0372f",1,credit_card,1,163.78
"2537dc25ebd836a44792c49ab1914c7d",1,boleto,1,921.54
cd07e3ceeebd529181ed30afdf30d43f,1,credit_card,3,115.31
"3811e225018df1f58837ddec911d3e55",1,credit_card,3,125.53
"196750f3a540bf20f0d449337221bd1f",1,credit_card,1,255.44
"5716624efc4b08c1811ea65d40e31427",1,credit_card,5,167.29
"47c7065d871347ee5eecfddf704fb767",1,boleto,1,74.19
"94de210268ddadb6c8e523a716f96164",1,credit_card,5,104.03
"67a41e5f40c8ee15e8d00b64b363dfd0",1,credit_card,6,99.26
"63014d31686df70fb6eae36739a89d52",1,credit_card,1,69.52
cf597c14464cc1f0e5657952d0ce4818,1,credit_card,5,576.88
"7204d5345f7a3370e7db75d7226d53f3",1,boleto,1,63.15
adaeda2bff57a2960eb4710347cbffa4,1,credit_card,5,358.76
"406d7ae7632b47850ebdaaf719a4c715",1,credit_card,6,63.34
b35cb2caf25a9098b28e2b4d6aba5c79,1,boleto,1,108.82
"3454a64b94a71420a518187d8f96b47d",1,credit_card,8,211.91
c8826f96345684006a11c8369cbc3457,1,credit_card,4,116.58
"47a59571eaf621fe16f74c18e25fa329",1,credit_card,5,66.89
ab0c90a5da04e0132ea07c113bedec0d,1,credit_card,3,77.52
c9f7bcb4ff5c6c8e661cb6cd7fd0974b,1,credit_card,2,77.99
"4772047b8ba0f04a6de5b3dd1dbafcf3",1,credit_card,2,254.22
d0b9b4ddffcd1fe48c13d9fec485302d,1,credit_card,3,226.23
"48c1913bab1f9f2b5452dfb560fa1ec7",1,credit_card,3,98.88
cdcdd974adb1606df89687f10cf130eb,1,boleto,1,123.03
"6a6601cae4b43a36b3e89110c3a7f497",1,boleto,1,342.69
bfad9ff42484f9e0224948d1e17ec2d5,1,credit_card,10,430.96
b0a53313f05c1fb7b57eba8c55f35035,1,boleto,1,49.22
"97c9845a8e4bfe01540ef64fe2bd53d5",1,boleto,1,220.35
"9d7bda1d8caaa92f82edb8e4559852a8",1,boleto,1,362.05
"5b249d0d2a393d918ffae8d9de5dfb4c",1,credit_card,3,165.32
adbca6192a6df354651cfc657e0935db,1,credit_card,3,173.34
a7cf730b181e6cad8b924251402d001b,1,credit_card,4,115.70
"4c05288ce87fd35acbaa04fec7070339",1,boleto,1,116.94
d2b0ee54c610c7e21c4ba15a4e5aafe2,1,credit_card,2,163.29
"6ea4cd6f1ec3ef5b3dfeb0c90093a5d0",1,boleto,1,40.97
"068c06f0ea08ab32e127f87aafaa834d",1,credit_card,4,117.85
e99cec5edea38be65a806b88a650b2bf,1,boleto,1,234.05
d8d875126ddbeec8b736ffd7f0b1a4c0,2,voucher,1,31.07
"161a705881b7953621b8fac63051ee95",1,boleto,1,60.85
dc9e43fc2961dea28d6a462186ad624f,1,credit_card,3,81.72
"66ed65fb801b44984e7a79b2d0496772",1,credit_card,10,255.84
dc86dc4acc1d71e89538c72f78688caa,1,credit_card,10,338.84
eb07db9884e44e51d9f3f7e6ef2715d9,1,credit_card,3,70.49
"4f53648717b48854fb9db283e2cf5d27",2,voucher,1,16.04
"160eaa51781cedcf20a9a20bc9138a8d",1,credit_card,3,308.57
ad9281842627509a55b3ec05be4588a2,1,credit_card,2,61.27
"25fe494885908cc898eceec3e6594d2f",1,boleto,1,49.10
"0459f8e390241a0cad720e0fce4e66a7",1,boleto,1,224.98
"3579ad4440247fd01709d8583ae2c137",1,credit_card,4,71.14
c80425e9138d23b213a2cfd0261ddc69,1,debit_card,1,34.68
b4a38163bca1ff981f0ccbfdbaca0a20,1,credit_card,6,435.36
"9c0cd6efd7dbee62cebd70b38bf5d5fd",1,credit_card,1,54.55
eacbe7948aadfac0292211f2f352fdeb,2,credit_card,1,30.96
"9026325c886e3d97e1fcd1b50ad50576",1,credit_card,1,138.71
"925f350ec2562f25e3431c97c2c1546d",1,credit_card,1,54.23
"7dc9529b89630e97d20c9e3d125b8f39",1,credit_card,1,36.48
"802d0f108d32ef094401c8cd4e965680",1,credit_card,1,108.68
"031bf6514694552e5b2967d02e4c42b4",1,credit_card,5,112.30
"04814d2760b610101075888832621881",1,credit_card,1,461.99
d578a6c1bb288c7f9a25b8cfbc3ab962,1,credit_card,6,132.02
d16e915397932f8b3510f595170d1d6b,1,boleto,1,48.22
c5d58ec8e7e7184d9a9d42b75ffa002d,1,credit_card,1,66.05
"699d09b1aa108d97e430e3b6062f554a",1,credit_card,8,217.59
"81c1b9bcce4f41551875c0e1d598bd2c",1,boleto,1,210.29
be713173db53bf7fa11050f91ac461ce,1,credit_card,5,54.31
cc8f9408b4fc4e225c3a571d7b38f24d,1,credit_card,10,1101.60
"1ad22e16129698e1a3cc11e4350d2cb7",1,voucher,1,84.58
"7520a4f97d875cef28e46e627eaaf336",1,credit_card,3,152.40
cb01f5da9344f4c8dce9d954754b4253,1,boleto,1,46.84
f54cbc3f957ff9982ed80d289647f592,1,credit_card,1,66.69
"2ee7854c6d1ee4b64e27764b46dc99ca",1,credit_card,2,101.83
"5cc643c866ee7077eea087b9a7bb60ac",1,credit_card,5,294.18
"5268a1e490656ed41fa8b107305fc319",1,credit_card,4,232.72
b836e1c1c40c654579a704da62705543,1,credit_card,2,143.02
ea9c6e10bc27bfe0cf86e4cda482979a,1,credit_card,10,525.05
f6c9b168bdd4b2d913398183150f6d2e,1,credit_card,1,89.88
"318145ea99714f48433e3332005b92d3",1,boleto,1,718.77
"3e324cbbc2a1e4cfdee93cafd69318dd",1,credit_card,1,30.29
"709b861e47ea50e8ac08c7717c84b02b",1,credit_card,5,360.09
a0aac3e398c28aa322af7ab1a9b24c85,1,credit_card,1,50.98
fcb5deccd553af305b15fb061d320647,1,credit_card,1,44.53
ed6c99480bc1ab87159e288140055645,1,credit_card,2,44.61
"5619a43b2e52eacbfaafc5c569c1866d",1,voucher,1,24.75
fbfba2ffdcf0d5f4e4eeebc83a18b0d3,1,credit_card,4,287.77
c2df6bb33767176bdac3912ed6391b3b,1,credit_card,6,298.83
"39787d0779e9c0f1326d35469d0239c5",1,credit_card,1,95.50
ad71054dc5d178fd3d92e89a84f5edcc,1,boleto,1,341.02
"88821a1158691d3d5f4e35004aeb2aee",2,voucher,1,49.73
eef2a734891eb6818c0c74bce088a982,1,boleto,1,139.94
b54067c1de5c179e70ddaed8223bbf5f,1,credit_card,8,405.14
"6aa95a55a7192fafe9f44fd9dfad3523",1,boleto,1,63.27
"21990fe9b5b40fd681da192e4594884d",1,credit_card,1,81.12
b3e2b3c7117a01d7d57b74ed6b6272f9,1,boleto,1,141.74
c8536cac522b86cc17734cf6d15c3ae9,1,boleto,1,117.12
c5222412ad9d123721c453c7c21a6cfa,3,voucher,1,15.60
d9fb85f3f3239e18e331c9f622d6998b,1,credit_card,1,27.39
"51c1232b13f85df0b7704af559d49c07",1,credit_card,1,45.38
"1337d5367a799babc13f9f71c63bf7ab",1,credit_card,3,44.00
"8db43b1e3642a3227063d2517b63ecbe",1,credit_card,1,74.96
"93bb367e257c000bd449a46fd0e75e56",1,credit_card,1,35.26
af0d2135b91bb01826f495ff0d828b8e,1,credit_card,1,127.69
"9c9519dbd0554cfc5c787fdc7fa8ff42",1,credit_card,4,257.34
"52fb2336bbf199586136afbe9822086c",1,credit_card,10,157.21
"433998f702486cfc7c5431db579a4d8f",1,boleto,1,297.15
"43bbf51a29b5a969348978d51a55d72d",1,credit_card,1,31.38
"1dbff949801376b8795a093d31cfe205",1,credit_card,1,66.38
e20e297c2b95d890b7a5eaa278c82ce2,1,credit_card,6,75.73
"570b8c11496979f54bf5bb027e86fcd2",1,boleto,1,54.53
"100ed138d169a3f969afa5449750db73",1,credit_card,6,131.27
"6baba4edd521964e1f16b03eff660868",1,boleto,1,1672.67
"3b95a15990c1bf022ab091bf7f9bcc28",1,credit_card,2,210.60
"92010039f5edb8607db6dbc0e7a75fbd",1,credit_card,3,75.08
ed514599a6591d1a2df80bef99bbbf59,1,credit_card,1,134.47
"3de239d3dec3f647b8a88bfdfc4c946a",1,credit_card,1,40.38
"75d064d09b807b1fe4b662a0b7611f8b",1,credit_card,2,68.35
"78c2bc594a0e2c77b9319a281f7bb7af",1,credit_card,5,257.65
"7977e307a9ea263c2cef8cdc9ccbbe26",1,credit_card,1,311.70
"7afbe6ef708d0ae150028f52512230ad",1,credit_card,1,55.60
c31664de12de8ed1dc41cc8478e51ae0,1,credit_card,2,137.07
a2dbd8a0cd329f7a6850f5f2f1257a53,1,credit_card,2,161.54
"076204e886f6d81145cf693a72794765",1,boleto,1,114.58
"04f1f7895e1f86444c5965be2d773cb3",1,credit_card,10,171.69
"077d6b93c4e88d06b124cf24fb67a28e",5,voucher,1,19.80
"2c5f8c98e00740a16ca31cb18a7c8723",1,boleto,1,262.82
fd9b5a4a4e319a975fc817ff0254cbd4,1,credit_card,1,93.30
d1d4d25a699e5209dbea9ab56e4379eb,1,credit_card,1,69.97
"4497ba9d409157ae7bc8aaf8fd113307",1,credit_card,2,372.42
"04c1e5f3771cb0ccfdb672669807401b",1,credit_card,4,937.64
adf2ad57c0add3f3f9b6644a4d731899,1,credit_card,6,185.94
f16cbac8a72057c2daba4b64662100ba,1,credit_card,1,99.29
"537716eaf03b0a1904be0663cbcdafa9",1,credit_card,8,93.28
"9b9e5dc0b6090b81377610cfbf719c10",1,credit_card,6,176.88
"7e10e8b9d6949e7caa76063a954cc035",1,credit_card,2,135.96
c65b423dfdccf2b3fb6fec8446116d32,1,credit_card,2,58.71
e8146c8e2f62498a88401f3b82ce5a94,1,credit_card,2,56.60
c2a0804ce9caec169b2c41564fd7f9e0,1,boleto,1,201.67
"19c38899e2a8c75b9bb5fa28a819869f",1,credit_card,4,243.28
b0e2da4433a10c624a9f71b187e93915,1,credit_card,1,109.41
"9f038ec9f60cb6ced5e69f113cdd1147",1,credit_card,1,72.88
"240143ab3914b9052e329d80e795b1c9",1,credit_card,2,103.68
"88b27cca63e8b8a0a52eabd8e17cd52c",1,credit_card,3,83.79
"0dd9baba59537d4782153775157d0a36",2,voucher,1,20.00
cb0bbf1c3c3c44727e7374c8ec944154,1,boleto,1,37.38
d477ea450bb767cf9e8bea5fde7336d8,1,credit_card,1,81.10
"93ab7643edecc64ee916444695d937c3",1,boleto,1,69.41
b925a62bfdf14b152f2fb572d1aa672c,1,credit_card,3,99.90
fedcd9f7ccdc8cba3a18defedd1a5547,14,voucher,1,7.63
"6c51f58aa6e93a65c7002b68ba2806cd",1,credit_card,1,52.68
ee1244c5ceb66b7b529791137cf349c1,1,boleto,1,86.02
a878aea89f040852ba82d7366fb4360c,1,boleto,1,94.39
d75e311ca4f168e93c59d95f49212320,1,credit_card,5,70.41
"024602a52e3c89ca5f963affcd2bedad",1,credit_card,3,46.20
f5aa338a071dcf7d23d8e6b116bfcab5,1,boleto,1,838.97
"6dddec4ff6cf5567af3fe54023e28500",1,credit_card,3,145.65
d8c4293616878e2f015351d8f1445880,2,voucher,1,195.03
"79563470c891926bb9507d1ad1ff661d",1,credit_card,1,172.85
"16b7de5d7e5c3c000744a76ea1861471",1,credit_card,1,112.02
f70e496275be271e81c7b475ae260e97,1,credit_card,1,101.64
cee9f1845c95efd83885a0b2f7a22b83,1,credit_card,3,64.40
"4572e35be0f6c21676fce75fcc79162d",1,boleto,1,380.68
"13ce532ef1a57ec06218af7cb3634241",1,credit_card,8,85.83
"19230cac8f45f89fc992b4048422b72e",1,credit_card,1,90.27
"333b06740724c40dc56a7f790d46df00",1,boleto,1,82.56
"959815491185d6d44b4adfb9caaf3b9f",1,boleto,1,171.49
bfea49050a2776e89546f0925b44c4dd,1,credit_card,6,120.86
"1d95cfa17a6ea1b7908c0d284f9ee2c8",1,credit_card,1,51.86
f323bb8ea0778da8d42a6de6499edb87,1,boleto,1,141.94
"2438db344bc7b4762af1a87e1fd54cd0",1,credit_card,7,155.14
df972aca1fba0a417674857678e2c4bb,1,credit_card,1,135.62
df47cbd869bf95a968334c26476c76d7,1,credit_card,4,47.24
"161dba2d39ca4ba1fd1a5f8024de7da4",1,credit_card,3,108.81
bafb40f7e8faf993b7d5da5114f4bd56,1,credit_card,2,92.25
"5c4f206f887c5afc6acb306477d65807",1,boleto,1,379.20
"2bf1d83ac1f9e3bb2a9c497d3de0e866",1,credit_card,3,173.44
"84cad53638357a9971c4485adad123e8",1,credit_card,3,234.05
d37c9e8893d10d17fbf866c85f0dde90,1,credit_card,10,238.36
"59d02be1c50fb6e6930cafd6ff6a31e5",2,voucher,1,20.00
c933809ecd707fa9bee6a810c2999471,1,credit_card,1,179.01
e9fb2d9703e24b2ce5207a109f7b96be,1,credit_card,3,61.27
"090c8122737bb94ca7fcbbf412be42d0",1,credit_card,2,134.49
d55b88c264e0cacf41c8f8ce846bc1ee,1,credit_card,6,785.72
"3d22c7028328c46be79ac9803a61e5c7",1,credit_card,3,185.43
"26bcc6734abd841f5e3d6244bf0dbacb",1,credit_card,2,311.59
"4df567e09f935eee9bbc8758526ec580",1,credit_card,5,83.58
"7f52fe36580dffc15fb684d226b12f32",1,credit_card,1,82.61
"379479b61c5dd31389733154ce9a6237",1,credit_card,3,208.46
"08a1ae3618b37c278906f99c6a97fe1d",1,boleto,1,131.73
ce4ad5f005be92dc5c6931f9929f9f70,1,credit_card,1,76.79
a2a7169e4204a769d0c0f85581e7f139,1,credit_card,3,121.85
"554439efcd602dbfd71bbae1658f4ff0",1,boleto,1,36.84
"81a091e3899d0cf00a11d67dbefd9ad8",1,boleto,1,125.47
"86f54473ab658e573e101bb266ced50e",1,credit_card,1,145.56
"78b0b2d56de7826cbaa0c7a2743b77c5",1,credit_card,5,107.78
"9e3a542f51363bda001167b7f5bd8dbd",4,voucher,1,13.14
"2db6682455f3a6b47b5202e00c855789",1,boleto,1,920.94
"255bd6d4c5976cfdabd42470596058f6",1,boleto,1,47.68
"7d7802f0d69dc1e8aca3e936dee50912",1,credit_card,1,25.04
"113c27b79eb067ecd214d592db312190",1,credit_card,10,105.28
"7b97540464c83727a59899b3d604c2d3",1,credit_card,8,251.78
"6709606f3773c59d8bed53c0d9bb614d",1,boleto,1,108.64
"0446b999e57cddf002396ed4baa07074",1,credit_card,1,52.50
"52e6c4a623a7050f454f4e35dd99af9d",1,credit_card,1,144.94
"0988c678736998fba42218af0ebf2c1f",1,boleto,1,32.13
"8e6ea4b72f10b06c7c6ac53f274e636f",1,credit_card,3,33.54
"18498dfc9ebdeca5bcf52d70409adb15",1,boleto,1,61.69
"44fa62376b39d4bf490ebd04e1601614",1,credit_card,2,583.42
e9a673444938dfb3ee73bc31383f2921,1,credit_card,3,133.88
b414a769783b3ab82e49f4113c0edaae,2,voucher,1,27.00
f489949dbe23cf9313deb342913ece0c,2,voucher,1,20.00
"74c5c5c9380461f1751598087249a9e8",1,credit_card,2,70.72
"3cd82d2cfb48466fdfcb8594444e211d",2,voucher,1,18.49
fd042392e06a76d51f027c8659ff6815,1,voucher,1,105.63
"9855d762d535fda66aa7f273116aa77d",1,credit_card,10,166.29
"912a714073cf7bcaa2673fce2ec99d6f",1,credit_card,10,258.16
ea857ad0ce4b75ad53e58520fd4f8e00,1,credit_card,2,28.70
"2671e7f4ef9e76c9019650580aaeae95",1,credit_card,2,150.09
"3f75656d4a9d4b3e18204bae2bd96925",1,credit_card,1,36.46
b704eaf4ae9e9716ead0088db45a9b40,1,credit_card,8,87.95
"92d8c82bf73dc132d90e6d3d176f33b4",1,credit_card,1,32.38
d5499e385aef94ea76d2ea5e6a73e60a,1,credit_card,4,80.78
"5f21d6ba0223730d3d05730e3b8fa4b2",1,credit_card,1,56.77
"91dad651e3d842c93cdda01facf8a74f",1,credit_card,4,108.72
d6af9770d6d713b4c3a4cd6267e9d2ea,1,boleto,1,106.97
f33b79c24a554aeeed434f1072a17755,1,credit_card,7,144.56
"2ef7655210817ffa67b86a61331b4c92",1,credit_card,1,196.92
d9769d29d698f5f17838e97bcdd1ef07,1,boleto,1,107.94
"02f2c7fceceffdefd9a7e96abe08d93f",1,credit_card,6,220.18
b9cc63896ef69b7d771e5ab5ffdc5388,1,credit_card,5,212.88
"32fb0d2fce3a6ea27205e44ec665e91d",1,credit_card,7,72.07
f27f26eaf27993dfc785b8bb3157b307,1,boleto,1,46.69
da95823b29f9ce7bcc4deebe1e568aff,1,credit_card,4,144.59
"299ae4512f5e613ac6ee6904cdd7daad",1,boleto,1,73.57
d43472e081e497455a0b707e249ce567,1,debit_card,1,113.97
f96b5c312ad850920b6aed06ee8881ad,1,credit_card,1,45.10
"8abd0f2c3a61336c2ee97b2785175332",1,credit_card,1,41.14
"2dc34deb58220e9ba1220d4a4f16c954",1,credit_card,1,72.05
b1a88554eb1f7f68627549e26257b583,1,boleto,1,59.46
"782a9da702917cb4033b7a78c342fa71",1,credit_card,1,55.69
"846115786f1191946815c3b270d72d9c",1,credit_card,10,373.91
"72467f16c5938bd5447af741ba86fdd2",1,credit_card,3,312.42
"7aad36e062cda02d713d48d1e9d7c005",1,credit_card,4,192.39
cb04c4f13d483754c5b6e420df7cc1dd,1,credit_card,1,98.04
"8c0921d37402722b282083329db79f9b",1,credit_card,2,171.69
"958a4a1077deacbebcc8cdd442792b77",1,boleto,1,41.75
"77474f59024d12a846fb80577dd24ee4",1,credit_card,3,1011.31
dc0f17c86e9fac88765b96ff304994f1,1,credit_card,1,25.84
"6b3270783bb9ee52008e72fcba18b617",1,credit_card,1,39.53
eaae3cf15cb2de079d33c44d3a8b2dc9,1,boleto,1,120.88
af8cd0ccf7bfb5bc0998744b1ff8c08f,1,boleto,1,31.38
"07bfea8893b7262f7d61cfb2068b12c3",1,credit_card,1,48.21
"708e9dad5dc7867bc3c61cee01f1f311",1,credit_card,2,208.74
fe35e99a6a5d4d036bf8167d364e0792,1,credit_card,1,262.59
c4656b642015582ea0e3cc4e6271d795,1,credit_card,2,143.83
"544250ab4d14beef8f5e85c91ba932dd",1,credit_card,2,164.80
f1fe1abe0870b0cc06a9c43744964f69,1,boleto,1,65.01
"20febe29f23cdee32db9532860db7341",1,boleto,1,174.21
"1ee4d0544d11c277367d2df9c25ae406",1,credit_card,1,69.94
b838ad168e49e794a3ca0c60107a3851,1,credit_card,1,70.75
"3188b88d4562d627bf472b5a3655237c",1,credit_card,2,87.52
"8d5939137fefa94485150d55a82dcd11",1,boleto,1,155.03
"4a6c7fdefcd879e7b3eca9f4e8186c76",1,credit_card,5,80.12
d38dcb503cd4ddc6ce7702552918bd8f,1,credit_card,4,108.20
eccb333547035c917db4396ff94c3182,1,credit_card,1,30.00
"71c903bedef48954734ef47b8a9be312",1,credit_card,1,35.77
e1d010e4693683466fcd40145f3c084f,2,voucher,1,38.08
ea7aebe35fe8b4aa33f2ab7ed531eebd,1,credit_card,10,141.43
ccfcb4cab5f8381fa4b683ffad7dedd7,1,boleto,1,115.07
d38cfff41619a58ae9fb4bb3be5cdfa6,1,credit_card,1,61.05
e2a2dd06d145888e8ae6cd472c742e7d,1,credit_card,3,305.27
cdaa50d46a294c97f8505c6ac6145e23,1,credit_card,3,246.38
ac9e4245e041d3da53604ad5c2e352ef,1,credit_card,2,282.58
"19b9083421d73aac95bbafa1972dbc45",1,credit_card,2,34.27
"9a96cb87afd1a52ed560f0dba3de63ef",1,credit_card,4,313.60
a556af28fe6f1e8804087924fdced810,1,credit_card,1,36.59
"62bec84b920514dd9d777e095fb5be2b",1,credit_card,2,37.69
"8429c84330a72186ef73cee90cd9a9c1",1,credit_card,1,122.06
c965c44f852330e40d852eff37abac16,1,boleto,1,135.59
"04a0e5cbdfc606ebca72c5b78caf81fe",1,boleto,1,65.96
cbcad9f5b09ead6b9ae965fd9f598ba8,1,credit_card,1,122.97
da7e814c079cfdd00249b4127a6581e9,1,credit_card,4,45.00
a4e90e85913254028e2b816285a11db9,1,credit_card,5,118.07
e97c5b2fbc059aff15280edf4ff75dab,1,boleto,1,58.01
"95261f608a64bbbe760a212b4d48a4ee",1,credit_card,8,94.77
"1ce0d4e564057882e017216607a2c196",1,boleto,1,30.00
b3ab7af51c4d6487be9fdf8ced2696a8,1,boleto,1,38.01
a7c17d3f5f5c9612a2bc81be1aadcdeb,1,credit_card,1,63.27
"26abf01a363e544bdd173cd8aac107cf",1,boleto,1,72.83
"12acc7b15e7e65ef48a7b01d3f42f1ae",1,credit_card,5,99.03
ac5d693f43004c406ffca277f9d3e63c,1,credit_card,1,32.72
bd93260007f883f2ee0594503add3025,1,credit_card,5,106.29
"485ebaf1444009348caf87a4fcb8f0f4",3,voucher,1,22.83
"1d4f81fabfc6dadb18f166298fc6aaad",1,boleto,1,153.28
"9e8994e6f853899f834bc1d3c25b1939",1,credit_card,5,369.22
fa25c1041e1b896695240436adc0271e,1,credit_card,2,103.91
f7a3c0a5fc27b55750ca588c7d0c8aa3,1,credit_card,2,71.53
"96a829e0e554c697670638997aadc45b",1,boleto,1,55.95
"4d7d8049db0c317e48f8e971de737dac",1,credit_card,4,213.75
"168a385694949b4ff7b62fba2f7cd23c",1,boleto,1,85.41
"19c2ba00be4e129ae7890ad07836befb",1,credit_card,3,180.71
b89abfd3664f6d278d90b13536d52364,1,credit_card,8,447.18
dd14b7426d230b6c50002b13efdcbc9f,1,credit_card,2,95.22
"85031edc7b58dbec75ff2e24d7365e13",1,credit_card,1,30.86
"2d7aa84a54a8c03cbfbb2cfd8ae0307d",1,credit_card,8,396.19
b75b4f6e7c5fe3fa05707992a88d9d38,1,credit_card,5,436.70
eacabc11d89126dfd871cddb597a0409,1,boleto,1,36.04
"6c68a23b65de2e78101213c5c3a93cbb",1,credit_card,1,110.36
c3e4094adfa71210e702f8e3f90b5569,1,credit_card,10,189.40
"31c2a1051b9b9899d82d9b980ec8775d",1,credit_card,1,61.85
"7ec0ce5aa3f5d3a29537f1eec975ac26",1,credit_card,3,476.38
"647e3ad9b6723741ff6fcbad12c61abf",1,credit_card,6,77.08
abf13b8dcb8e2e64effdbee05189e67f,1,credit_card,1,216.27
c67eb6f352d61cbfeec214480d5c6baf,1,credit_card,6,62.98
"5a17b93e01d5660d0973ea3701f5cbbd",1,boleto,1,110.58
"83314981d658f63a24c17fb1133e2c74",1,credit_card,1,36.78
"357e8bcc302e3f48f4d578d3e3f239db",1,credit_card,3,38.13
be5cae366c82f548c9a28b353ab44dd0,1,credit_card,3,499.52
ad3af4ef16116b6bfc7fefc544fc234b,1,credit_card,3,220.54
"0533030deeaf4b83feea1ea004f2ddb5",1,credit_card,6,102.60
"7b8cdadf6b13903fc09049ba85f5ecb3",1,credit_card,1,241.71
"8d3c15519d40227c3bcca13bb5bbf6d2",1,credit_card,1,178.64
"31f8ec47a5ed8e8e24f730ccbb66baa4",1,credit_card,2,199.44
aa9f47b4e7c06b6c495bf26fff85bb17,1,credit_card,2,72.90
"132ca56f1aac17fe178eacedb5a81e6e",1,boleto,1,85.23
c2d1ffacb651ff60aad31b4ffdc9ac80,1,boleto,1,1214.06
"9db26e22b48776e82e3c9e0b30f00a4d",1,credit_card,8,328.72
e30c50d1f4deaae389eb54201acb8d28,1,credit_card,7,348.89
"641260b6b13348c1853886a738a7f9b0",1,boleto,1,388.25
"7fad77aba2a48a7099ce9f77f2ad7566",1,credit_card,3,36.77
"516b0fe870022210bab4e170fbf10ec1",2,voucher,1,17.84
"5213c9e107ccd1c4753c20f7be696c49",1,credit_card,1,31.75
"3ab7017ae596ec8fae78b7232580a0a8",1,credit_card,3,37.28
"6c207e919b89964cc8083c67b373e496",1,credit_card,5,336.34
"575cf745e50a19f7d43cb7831c5c76ed",1,credit_card,1,8.49
e04cfa713960b9fe50d64e5082155c8b,1,credit_card,3,199.51
dc1684e479fd096236b2ca413bcd4ca6,1,credit_card,1,82.74
"56ddb62cd43497b05a7deb575d7547d7",1,credit_card,7,77.57
b2d7cdefb5c17f098e82a26005b7ff89,1,credit_card,3,30.10
"2066d72ba98377b5d57dcb234c70c2a1",1,credit_card,1,223.00
c19eed4d32cfb9fb91c6966ce38f7aa0,1,credit_card,10,136.19
"9068e8cf49f95d4c1684f38d5e570780",1,credit_card,1,49.65
"350effaab10ac33b956650cd4eb15388",1,credit_card,7,70.14
b95df3cef5297e79ef709ba256518f6f,1,boleto,1,363.74
c300acfe1a7f3217eda136d29dad508a,1,credit_card,7,74.14
"374a37a7b6e965b44589d887570d7bb6",1,credit_card,3,166.35
"89710eda9c7f1c37f55e89f035f5ceee",1,credit_card,1,51.88
"8e500747ed0fbfd6b89bb11955b3ccbf",1,credit_card,2,20.28
"010b143d83a59b355cd5a75c0f0fd785",1,credit_card,8,224.60
"74851b1eea867c905d24b4a96306af8b",1,credit_card,4,98.79
"9c5f3018cce3b5a74df31586dae02c4a",1,credit_card,2,110.77
f26c56be47dddb43c5b028ae9844d407,1,credit_card,4,105.60
e06ff711ddcab05c3651a9b1bb003950,1,credit_card,12,138.28
"484ab8a13180429b94330c723289a4f2",1,credit_card,1,61.27
ec0bc44edd6eff22baea2a84bf6c0404,1,credit_card,6,342.88
"0045e3085f083f0f38d24bb3f22e6593",1,credit_card,3,130.74
"4f916177e07bacaaaf3d51df3cc133a6",2,voucher,1,102.47
"40f29dd4112775a07ef4bcf5475642bb",1,credit_card,1,157.13
"0ca3024fdd038f1b734a8f1bc57e9055",1,credit_card,1,49.24
"57923ef279c2f7dacdb115f87a1f6c57",1,credit_card,5,52.05
"64b68fbc3e28283e10fc7a8cdb828f2a",1,credit_card,3,131.57
cc5161712eb3121670b819908ada7032,1,credit_card,2,125.18
"4a3848a973c57b3f244f9a2433b43a0f",1,boleto,1,36.65
bf5a44a0843a026ecf32a63d882550f5,1,credit_card,2,178.18
"193d998b23a996345ca322516b2d5af3",1,credit_card,6,1978.18
ffbb04002876c95ff079b7b4df8eee28,1,credit_card,1,60.42
badcf619a4531116e06f0f2f6f711215,1,boleto,1,131.23
"4d16edc6146d11a43b18720cce159643",1,credit_card,1,91.75
"1db6b3e51590f33eb7c5f063687a8f2d",1,credit_card,2,154.74
b9cb4e1c0f63ec744001f15b698ebc73,1,credit_card,1,136.71
e356148aef41329b41d13a234a0402db,1,debit_card,1,132.49
"068306f3ae87b774e579eb36d5714ced",1,boleto,1,170.71
"07fa03f414c1129ccd4a8fb44f441f13",1,credit_card,2,81.89
ef13107bb93c2e7cd4509174a883022b,1,boleto,1,163.02
"0999a91ea28eb69b5120ccb4c90a1ff5",1,credit_card,3,252.00
"4f6c9a6e90735ece5281f9ed8b5d9b10",1,boleto,1,102.84
"417996696d91e1f74fe36c995ab65b97",1,credit_card,3,67.22
"9061c246bf482d3062cc4a342aadf137",1,credit_card,6,77.57
"7d9a71f7ac9e3a44b7a1b07570b605b0",1,credit_card,2,148.00
"920037eb65e06896719e05ae4a042840",1,boleto,1,148.19
"8c9bf4b39dc933aa382d9a6e5b846b9d",1,credit_card,7,77.82
"0f42926c2892dcd8785fd0c27c5876aa",1,boleto,1,69.46
"439463f7eec083713e8a0d347a8f4e0f",1,credit_card,8,168.81
"36534fe142509f207606ad15c006b7dd",1,credit_card,1,102.94
f392f7aa851a5da079d2a4fb24357b46,1,credit_card,10,127.21
"441bda02c27a285cfa9ebeaeb9954e4a",1,credit_card,6,96.93
b832b44bf5dbb96feec7409c23977046,1,credit_card,1,38.00
b431ef5386c1579fc784586883d7ac91,1,credit_card,1,46.00
"32bc13d17332ed4f07e360611c146b87",1,credit_card,5,141.33
"2e2e5704a61134b26dfce687c6e56c8c",1,credit_card,1,397.82
d0a9dafd211ac9467af0318383ef4da1,1,credit_card,5,243.34
a316607f76b8992b9ef01d8e7ee6933a,1,credit_card,1,45.00
b0df6117e4e96271f505589dcd78b944,1,credit_card,6,121.09
cb26769d014df1d16ffd4de9098e95d7,1,credit_card,8,87.74
b0c4e1ead56e62a30575f0d2af9a2f95,1,credit_card,5,722.21
"584c2b6afebd2ec8c284ee84f4c79ebf",1,boleto,1,88.06
"8599e76adf580692cddfebfcea8042f0",1,credit_card,8,222.68
e7dd506a63f07f307075dd46a6a5f41b,1,credit_card,8,215.01
"4de5fd2214f866d3b08daaad2a23a43b",1,credit_card,1,35.09
"4b80b55b32a3549ec05578e46a0f4021",1,credit_card,4,1291.39
"2132d7599832dd6bc845a7efd6f6d446",1,credit_card,1,114.44
"4ca7c5fc206f2f243a5cdfd1e32a614c",1,voucher,1,11.19
"1dde4ac4444355c43b97d058a89e45bf",1,boleto,1,70.97
c6fd86af2bbfc7aa0cc902eff1ead5e4,1,credit_card,2,122.78
ee81bf903abef1ac470e75d14fd15165,1,boleto,1,101.74
"4af895c94fe197a1da73b4aa9e727831",1,credit_card,1,50.88
a7f50550b7c9925554fb9bda2d7d220a,1,credit_card,5,94.84
"7f3572310e595ebd4a32c7124b1d9766",1,credit_card,2,101.65
d83ed20d296bdd288f45b29843643bc9,1,credit_card,1,87.55
"350fcc9d4ae2e108916f12c7ca8ca8e3",1,voucher,1,44.01
"79c697a71c6bfb37a4c83d238e695404",2,voucher,1,2.11
d43d694cf81ca89d8e50c6f3c199f0de,1,credit_card,1,3.58
"029e9be2972cf662f2cb336e98872ae3",1,credit_card,1,50.22
f117aeca0c3c9410a2eafabdeafdc214,1,credit_card,1,86.81
"0aaf8268ec2a56cb1befff78bd5cc190",1,credit_card,3,97.90
f1ae9201c5fbf85324c872859f799ac2,1,credit_card,1,24.69
a2b014e25e47aea28f291905e3fb2ac2,1,credit_card,4,190.48
"03489476aad23c09fa16e1c46ad38044",1,credit_card,2,127.01
"2b781b53b653523cf1337a742b71aed3",1,credit_card,2,122.34
a9957adf297a6be5e8625b3e93329c6d,1,credit_card,10,1438.23
"2b40e7763ce2a2fbeb3e63dd4a498702",1,boleto,1,326.55
"3bd5b8bba961482f0f6c2e3502ac63bf",1,boleto,1,106.29
"23b6026f4aa837ed95e0941208f31434",1,boleto,1,70.28
"398545ae905dad286c70f01c7e7311e1",1,boleto,1,158.76
cd6fd1a1cf8a16a344a25ea0947af231,1,credit_card,3,73.27
"4aa95ac048b026918957d83319f5eca6",1,credit_card,2,118.88
b896461e3ed46fe0c2f27a21c5a895aa,1,credit_card,10,128.08
"30e476c243252bdf160c2490607bc3f0",1,credit_card,1,37.17
"5f4727d9a2d6c472c961c9f21c508132",1,boleto,1,62.01
"9f1d0b98c248d6afcfd3c708a723edf8",1,credit_card,5,319.11
"435361f134c9396bdb0de6ed227fd883",1,voucher,1,130.31
"50dca53ca33b739bef09e7933e8b380e",1,credit_card,3,65.40
"6480f18f7594419854143fa969cd9bf4",1,credit_card,4,366.90
fd8ae066cb36d75d6a3679bb30370c39,1,credit_card,1,64.51
aa9216f0e8af39eb6edc7e44fafabb41,1,credit_card,2,68.89
"86e15c44520932e049ca96660a60b776",2,voucher,1,20.00
f8988b8698570c25c74dc0a6f5cf0a68,1,credit_card,3,741.45
"9f721c43752081baa0310ad5660e6033",1,credit_card,1,935.36
dbb786efd821d7f903d79cb502ba3083,1,credit_card,3,176.38
"651f02528e2e297f3d28dca2f4c09a51",1,credit_card,6,112.98
"112490cce29341aee638288316388fe4",1,credit_card,4,49.00
a12362add53762f2cdf644889917fea4,1,boleto,1,58.13
d6c5dca773097a2319454e361da874d6,1,credit_card,2,50.24
"0719c4577b69cf807be736608c144bc8",1,credit_card,1,82.73
"5feed08e8f66735ba71592e68d15a602",1,credit_card,3,105.29
"971fb1014faca6be7799d127ba892f66",1,credit_card,10,143.10
eb94ceabe643cd28e6fb58503790a2e1,1,credit_card,8,804.33
ec816a2c8c072f4907171e81a58bed46,1,credit_card,3,136.50
"10a8ab52ea001eb59beb9c0f97d72eab",1,credit_card,1,97.88
e247a0570d308da27cd7f349902e66f8,1,credit_card,1,27.69
"00a3f1ef430d3984dece2f39d6cbf431",1,credit_card,8,201.99
e70216ba107820e5ae3a74bae559bc6a,1,credit_card,4,160.35
"222e2f45e2970908ca9c29309b7452c5",1,boleto,1,35.22
"2f66b4903890f8fcc8bccfd80510dae9",1,credit_card,4,223.08
a9949021920356d13455f9cfdf3cba62,1,credit_card,1,82.28
"9d27094c5a72cbf877d632e2d03356e4",1,credit_card,2,181.70
cb86e7fa5dcf2f86b0a038518514d891,1,boleto,1,32.52
"8dc8685118410f97bea9569d280d64c4",1,credit_card,2,87.38
c8eab0ccabe8cdfc2afce66c1c554ae2,1,credit_card,3,55.09
c6af19efddaab0233a1eeeb34402bb99,1,credit_card,3,82.69
"9731600489418b72d2c8c1c914fbf05b",1,credit_card,2,47.62
"83e135b20ff2283297db69b97b00857c",1,credit_card,2,142.54
"80f98860daea33485ed7375601bf94d6",1,credit_card,3,155.03
d167a1099cf2b9ccd885c665394f5fd9,1,credit_card,3,70.82
bb20431838257fa1e72436dde825b775,1,credit_card,1,188.94
"0afc9d224a6bcb1862f0d678183a5140",1,credit_card,3,377.99
fd33085945f15975375cd8ec85440511,1,credit_card,6,212.82
"2c3e691445b0edeba4836606bbb095c9",1,boleto,1,150.83
cf543c73693f031709ec6defb524241e,1,credit_card,1,41.00
"9fff1416ded23882304f5dc47552e000",1,credit_card,2,214.14
"70499645c2c89161c566bd7a2eeb8fdb",1,credit_card,4,94.52
"2e496accb804bb4a59fcd3df574b450c",1,credit_card,2,53.68
ad299d950f0e7f4950182f81129885f4,1,credit_card,3,160.23
"4ae724c523545a7806fc987df2964b05",1,credit_card,1,37.86
"6be4d7e8b8ba138c6ebae6bba4d14fc5",1,credit_card,2,148.15
"73d68ef344ebda9bf0c80b7e3ed70e45",1,boleto,1,73.34
"39010dbe92bbbfaf08e8d13f7c9bb118",1,credit_card,3,336.59
"7b037997dc5c0effc3ef3339f5e3d509",1,credit_card,1,108.26
"14676aebeb151a1fa4f20e8fc3544621",1,credit_card,5,110.42
ceffc136b56be2a9062d21d6b869a0a1,1,credit_card,1,117.27
a0cc0059e8c2776db27692b4cf30414c,1,credit_card,10,205.87
cfea19cacc7328f2fccb914fb0fd5fe2,1,credit_card,10,445.94
"7bdefc5deecbdd28629a32451fef120d",1,credit_card,6,68.11
c514dba8d0ed614c6a397d2f0f3fe202,1,credit_card,10,122.42
a5c7406fd66b64f69acd95538f35b97e,1,credit_card,2,61.05
"2b7dbe9be72b8f9733844c31055c0825",1,credit_card,24,345.39
cc3ce3d2de338034139dce933aa0194a,1,credit_card,4,45.00
"8907bb31267526a99da12076a84a87b6",1,credit_card,10,1600.51
"98a6c523ea54e65d9320d388708b49d3",1,boleto,1,78.42
"0f3d2ca532c34901392f4d86e4a1e5ba",1,credit_card,10,754.59
"85a81c0e39303d994f18f70782aea630",1,credit_card,6,643.82
"18279a656ac308b75f99ed16ed347192",1,credit_card,1,57.86
"2db42ea65de6f21be729a6671b074a4b",1,credit_card,1,67.58
"2c9efd6e429c8bfc4f59a509334aabf0",1,credit_card,1,23.78
a4b45ae5dd9fc64c6ad2093aa51dbc30,1,credit_card,4,151.92
"18424f62e6457228cde82092ec2252df",1,credit_card,1,20.77
b921acf09054fd397896f271b0456f01,2,voucher,1,20.12
"788b5c7981deb39a53f098ed02cde155",1,credit_card,2,56.10
"0c3a7b14aa5e70ef5991122f6bb552de",1,credit_card,10,154.66
a4874f847a49e622356b40b62c61b115,2,voucher,1,50.00
"52dbb0b466455091f16336d2774c70f2",1,credit_card,3,73.38
"0aea5ed8df108f7cb387c099ddec65c2",2,voucher,1,25.59
"45076151b8ea416cffebd82f5013905d",1,credit_card,1,632.74
bf7dc4793cf928d5303528934bd9647c,1,credit_card,8,80.12
f099e6fb7d901d838db4dfd5f2bfe249,1,boleto,1,38.59
a7b6b0d33a2814dff897167e737b22c8,1,credit_card,1,113.86
e84a02d0899d1118f39b570825cce93c,1,credit_card,3,295.99
"47d346b7368958cb0bd17880b2af14e9",1,credit_card,7,76.57
"15aafc9c68a1f0c0d2208dfbcc33a7f3",1,credit_card,4,218.71
"7abc6cbea47e076ca46d3bbc4afab9bc",1,boleto,1,29.40
a79c3cd45ec537f2601568523049fde2,1,credit_card,9,93.98
"10084ae353466f1c95f62cbacf6168d5",1,boleto,1,125.33
a4df4e468e42ed5687c3ee2e925239a7,1,credit_card,1,213.14
"954ab5c4577503f15b807007b0a1d8cc",1,credit_card,8,112.69
"56fcad23d524d139c18ce601575e06db",1,credit_card,1,62.78
"232277bc3b7e6ff57e09e19b7ce21bd3",1,credit_card,1,76.99
e13ef2072b1d65c486d7b9fbf5dc6f01,1,boleto,1,21.87
ad8ba259cbff3b36ec0a6c88e0d78443,1,credit_card,5,50.46
"9eb9610a7e3c04e7ab0298d704c383dc",1,credit_card,3,42.38
d7cea52c3309c7b3d279a9f3d2e74114,1,credit_card,2,161.37
f5ac6a806078f4dfd6e72e601f8aa3ba,1,boleto,1,548.93
"1973095f2596945f9dcc773608d8cad2",1,credit_card,2,69.04
"96d117bf2f49d7bb4c4895f0db29a86b",1,credit_card,2,52.09
b712b4e550ff93a128404e9362d7958b,1,credit_card,2,29.84
ec1bf6be538a31d3b13bfa67d87010ce,1,credit_card,4,85.81
"43ed4cdd5a109c56d4d8339c603cf216",1,boleto,1,100.34
"939df834baf3f1ffeb695ce791a7e696",1,credit_card,2,78.19
"7e22f51e3776fdeb688dfb2af5bc7147",1,credit_card,8,217.01
"371d3a892917017b32ada644ba1f301d",1,credit_card,3,79.44
"23b051786ba773bb672b5c49456b8511",1,credit_card,1,74.49
e1c1e7f914409797c3cf9d3bb9f93356,1,boleto,1,41.11
aff32bb12b83b30724cae766b0270c64,1,credit_card,6,199.07
"593732bc7133b31a809050a3df77f34c",1,boleto,1,57.28
"8ac2ceafa1fab841f94e5bf768847e0b",1,credit_card,10,618.60
"20e223f06b4ead7a6d8ed147dae59b12",1,boleto,1,75.08
c6c31b3822788ef03a9e4a3433024b34,1,boleto,1,48.29
ddf732195968469df311feb9d52e542a,1,credit_card,1,26.25
"2ada8b30eb972328779ee8f9ffe37d6d",1,debit_card,1,43.27
"00faa6afcde74aaa630e1d2fda2bb0f7",1,boleto,1,40.76
"6b80bb20190715d71c43efff617bd659",1,boleto,1,128.10
"83630f2412ec5ad7dc40991d1225e93c",1,credit_card,2,50.45
"282c19328edcd28ae2d11f5aadeacf8b",1,boleto,1,223.12
"091dcb1d0729687de77f652e849db3f1",1,credit_card,3,64.22
"785bfd330f7cc6cfba69cf7ee360fe47",1,credit_card,6,129.53
f37316634729e88e0ff154d42b6219b0,1,credit_card,1,139.50
eb7ac481803eb5bc5b7cfe431a03d39a,1,credit_card,2,36.78
"0890337bc4f93f0370ccdd9a0c8b1f55",1,credit_card,1,76.61
"220e9a646a779158c953b9bf145606ab",1,credit_card,4,225.07
c53b00321eff208e49b227422eec57d0,1,credit_card,1,234.39
a156911dd7e008e373ba70af8ddf3ce9,1,credit_card,1,107.55
"8dad738545d7c669904af09b97e10c1c",1,credit_card,10,181.66
"92db190a97a2ab00dc878d38080537bf",1,credit_card,10,173.23
d48a999f0dd3cb2fdaf985d4f116e1ec,1,credit_card,5,109.81
"8e3944fa77034393e3a23b589af8e3ba",1,credit_card,2,484.89
"88236ec3283901ac03893885acd80574",1,credit_card,1,69.93
"8f666421a7087098ff93d80f26e0bd6d",1,credit_card,4,42.38
cf55d16f64505cb0732aeb401f30b591,1,credit_card,10,212.43
"7a4249e5c392d712ca2fc053a70c442f",1,credit_card,1,32.29
db738d19eb9fe6721be783d4e46f1c4d,1,boleto,1,259.57
"5fc583076cef84351509b68ddf84d932",1,credit_card,3,246.92
"8c6abb3dfd36a21ee1597090659029f7",1,credit_card,1,69.27
ab3a0535e202529923e53dfdadf8042e,1,credit_card,4,47.52
a2ea4752ce11b235a73469d2a849e358,1,credit_card,7,93.77
"3be018db2cccab04983c171b901ad20e",1,credit_card,1,72.57
"153f7f62711ddf3b559ce826060ffeb3",1,credit_card,1,32.42
"972976cb62fb977bfbc253219799e486",1,credit_card,1,39.75
e6604d0d52456fe3a3fdf965b7b924f7,1,credit_card,1,69.71
"63e700a4baf3602c94a8d6648e896d41",1,credit_card,10,1653.60
fa5f88521abe0927f354980a9648e15b,1,credit_card,18,514.49
"919a615149354b4e074eff65adaeae81",1,debit_card,1,60.09
bca16cf360ca8795f24ca0beaf2658be,1,boleto,1,402.56
"5573cef7e8f61373a3860c9048fd5d3f",1,credit_card,5,57.23
c37d41945512f0cfbcdd0f085bbd04d8,1,boleto,1,222.08
"186517d0eb6786c1a45e1af8ac30cd28",1,boleto,1,189.30
c267d7fb58ab601842b584dfd70de03b,1,debit_card,1,154.32
c225a1d1e67247ee404d56643c5b11ad,1,boleto,1,188.18
"19f52cca1f9f963eb3275ad1a2033c0d",1,credit_card,1,35.45
"9f7cc89191a32daf25766b274c7f6b19",1,boleto,1,195.11
"0a2f3c7b4abf07c314a043c7044b0522",1,credit_card,2,114.85
"177a359958777d9b5cebb4257016c35c",1,credit_card,1,175.08
"6bf6ed15e270872bcf65052a0307d6fa",1,credit_card,10,111.07
b0226a31a2297b13e23df75400c28d81,1,boleto,1,721.14
"746c571ef93dfd0c1ee0a6d4e9d983c7",1,boleto,1,37.68
b3b2a51d0203c5d48964aeea04d9304f,1,boleto,1,161.29
"9ff3e241540e425f38d0d2d2ba90bbfb",1,credit_card,4,65.60
"1e00c916d9813c0f523a32d1af47f5d8",1,credit_card,8,88.72
"4a34aa679137ec3d1b3ad0c4c8b7a7e5",1,credit_card,2,194.89
"1b9ecfe83cdc259250e1a8aca174f0ad",1,boleto,1,33.34
"1816598bbdabc09eaf2174d9e02e0606",1,credit_card,1,97.02
aafaeffc1b29306122a30a238e6446d8,1,credit_card,1,39.30
"04915529f622f4b069fb4501085fd905",1,credit_card,1,8.45
"8225d8c9d91972ec1fbddf159ec4cd7c",1,credit_card,8,86.64
"8fc129e3ef1d0321226112bca0564142",1,credit_card,1,36.96
de71edfe47563ab657846c3d3f028ac9,1,credit_card,2,29.05
a8e925972920153be4f6c40a5bcd630f,1,credit_card,4,277.16
baae15c2efd2579179845011212e9889,1,credit_card,2,146.15
"4e61d7c6f86143c04ee80dae4955fd92",1,credit_card,8,83.22
"54758cd5925a7a0a6cff2145318c6059",1,credit_card,4,42.51
"9571cb862acb9ac518c76590d0fd79bf",1,credit_card,1,235.28
d61923c6cb80bdd877ba63a3c77830f0,1,credit_card,10,780.05
"64ff87188034c4f3dcd52e63db7d045f",1,boleto,1,63.39
bff76a871750bd5f03d22c007cd7d26d,1,debit_card,1,38.27
be560e55f6098370a75dae48230f049a,1,boleto,1,66.69
cefbd4fd50b98076c4368935c620f88a,1,credit_card,3,178.72
"57036fa92425953d26c370e6fd4b3943",1,credit_card,1,161.05
bf8adedab5870b094403ad86136f5758,1,credit_card,1,63.33
"1cb61aaa63135f552055cf1932adf3be",1,credit_card,4,293.66
a48785f2d133daf40341171f96f31b7b,1,credit_card,1,339.31
"40637fde29a0a1715c3de8af636ff382",1,credit_card,2,47.88
"875776703718e362c278092c5504ccc3",1,credit_card,10,234.18
"8db5dc3121f330642473ed0e76209acb",1,credit_card,10,232.07
f3d2d81bbba5674341cadf212e3ba72a,1,credit_card,5,58.79
"7dcc606b3f901994e1d223bb4d9626ed",1,boleto,1,61.72
d0d828105d7a6106d4b6cfd55607c278,1,credit_card,1,163.52
ba6d7557cefd2d4e8fe232a2f9cddd8c,1,boleto,1,163.76
"1665c699253879123405eb92ddc643a7",1,credit_card,1,49.14
"7e181511ff53e1cfd1f9f73f5648e1e2",1,credit_card,1,108.44
"4ee079b7a0ce4db29edb51f5d333b338",1,credit_card,7,576.97
"42e5c3d52d0b11e3e6f9020b44dc0f04",1,credit_card,1,73.34
f79bd0b3bacc5142f90f81a15b4a602c,1,credit_card,10,788.71
"882cc2d9218a566e31934f8d5dceb1fd",1,credit_card,1,34.09
dbdd3beb8869ae263445924f3f08a695,1,credit_card,7,154.18
"7f05caffe3d52e1a609b8dcb957024bc",1,credit_card,9,99.34
ef246b56510668886f05b8f818e7bfc9,1,credit_card,4,274.54
"6abfbfca6fe988d700c523b016c31838",1,credit_card,3,76.66
b980d737d846b36f807b28e40796003a,1,credit_card,2,175.08
"5ba366f795902a0675d37d1dc4f0267f",1,debit_card,1,131.71
e07a84ec1cfd8380eecb3f1a2afa7eb6,1,credit_card,6,60.00
e8fd4720a1fd3b72cadc05313036fe78,1,boleto,1,509.36
"2c082256a8471418c6cccd10c289051b",1,credit_card,4,86.27
dbd87af377a44750880f408405a17ddb,1,credit_card,10,682.85
"251541a25df1711d076ab99d854e23d3",1,credit_card,8,184.03
"17f97d000b0ebd36b6dbdf154b0a3d7f",1,credit_card,2,76.27
a4e60f26b5298171b4a850402c2ae5e9,1,credit_card,1,5.23
"598296af46cba70d254fa0f069b79ab6",1,credit_card,2,133.83
"9ff3f5e7cee88825b32940649a3a2162",1,boleto,1,57.07
c31fe565e37944f6feb1d908a9a550ee,1,credit_card,6,209.19
"28338f972c72eef77e6751ad3657284d",1,credit_card,2,58.60
cae916a392d51a600dd6d7b5eb9b8106,1,credit_card,1,126.54
a27544b4fea081b6353b05318c2d7944,1,boleto,1,341.85
f200b8f0491708e277a34c5ba941c5fb,1,credit_card,1,68.43
"9a6a34598fd19ef622af85e158815dc6",1,credit_card,5,52.29
c0f3bbb3ae2e2d74db5fcd5a0e3c84e3,1,credit_card,3,109.11
d2f43762a6f922b1bb1cc34a9563ad28,1,credit_card,1,36.09
"8b0f296c3900fc6945e8536812a789c0",1,credit_card,1,41.75
"55d4ac8ab9f932ba5badbf6088b9a1c3",1,credit_card,6,155.00
"824abb0e495f59750ecceff64e86459c",1,credit_card,5,79.71
"7fa83afea16e1e74fa6ec834ab946ca9",1,credit_card,3,192.03
"3f9e443363932c59458a52c1ffd3655d",1,credit_card,2,27.09
"7c2b39d429d502e10a0ef4dd8fc88830",1,credit_card,4,486.50
adca0458be5f212699c94312c6bd9779,1,credit_card,3,251.94
"9bd46627fb3249657cec3b1320aea004",1,credit_card,6,157.30
"3529da555e9238eaa0ac000c0ee4fb05",1,credit_card,2,72.42
a97ceac85877d8753d3e47be01636ce2,1,boleto,1,411.35
a59fd1b51d1198a8845cfb665209ea4d,1,credit_card,2,151.37
"509e23091b0dc6edfc5fffc94dc3dd0a",1,credit_card,1,64.10
"504a512b08ad37f84e4d9b8de998f821",1,boleto,1,118.35
"981f5cf29634672b36363c9ca9d4c3a4",1,boleto,1,38.60
ff229c2bb720b61c11d51e0249799aba,1,credit_card,10,190.43
"357fd478aabae20e8548661577688175",1,debit_card,1,301.00
"208d2f562248053cf12d13a00b6777fb",1,credit_card,5,54.96
b7832620d1c6dec5b515fa82c3bd6577,1,credit_card,4,280.35
ccb47af9fe6426dd806a65340e7c6661,1,credit_card,8,164.18
e2d3e5a5b56149b36e4df4dedd8648f5,1,credit_card,4,201.84
"34ca707f0687a186215481e5b55df48a",1,credit_card,2,78.47
c3717b0f82c27845bd10cc82caf863f9,1,credit_card,8,135.32
bfa825361767b17a25a89b47922032c6,1,credit_card,3,37.12
"0a8bacdc71ec2a99fcc75baf60f64439",1,boleto,1,135.00
"4a03ac27b6a5ba3e30014433ff93cb80",1,credit_card,2,102.26
b038348f0efe343b8b4d649f0e66885e,1,boleto,1,163.65
fd5f4a26279e437735f4d5da152f5295,1,credit_card,8,568.08
"2c453858db792dfba1340601d2814b28",2,voucher,1,37.11
cec9f2d01230a5ec8b92b222bdcb3c41,1,credit_card,8,354.90
"5e6e3eec3b411047e8c1c16dd5b97b02",1,credit_card,1,52.23
"50dfcf67e810d36666fa94f1a77c6d49",1,credit_card,4,98.71
"58b67b63bcec8f5f157c17d15b724b89",1,credit_card,3,219.43
e63f9dfbe6583ed5ea1dab97a5743793,1,voucher,1,32.48
cfdb617e22dcebc94710036f7692969b,1,credit_card,3,47.14
"66f4365a84caaf48a98a30f42f562986",1,credit_card,1,214.30
"1ac347121eefa52ab9ed2cb87693afb0",1,credit_card,5,114.80
f5e0327c97a90df59977a815f6e4453c,1,credit_card,4,93.55
"60fc0b846c9484e0eb377f55ae0b3d7d",1,credit_card,2,51.31
"450acd2e753be51b02a7db4e9f742b52",1,credit_card,1,18.38
d7918e406132d7c81f1b845276b03a3b,1,boleto,1,153.15
"66f09793372dff42b079b7578f7157ee",1,credit_card,1,82.33
"07294ed0ece67bb004a4813c77dfc3e3",1,credit_card,2,65.48
"0bf50993f89a58468cac45f3ef587c96",1,credit_card,1,18.28
"415c757c7bfdcb97055fb594b1672748",1,credit_card,1,119.65
a01cc79e3afbac4a52ce1d528080e438,1,boleto,1,28.46
"00756576f4e494406945ac21cb82cfe0",1,boleto,1,152.71
fb244f5888763d8429a89b3438d70295,1,credit_card,4,98.39
b9fdbff1d403555f4d184966b1ac398e,1,credit_card,2,118.35
cfa7558b5566935509a9dd8982bcc48a,1,credit_card,4,220.16
e31a910f74f5bbf483db4595290864ca,1,credit_card,3,44.09
e571dfc21abcbe1ae8795d4a8a6b057a,1,credit_card,1,15.00
"1ea11b975aea60ca92fa0559184d3d34",1,credit_card,1,0.98
"53e134c152888a0bc7fe1da0dd4cee0f",1,credit_card,3,234.44
b857ab4fe30b0d1e9eaa0922b8a8d364,1,credit_card,2,227.66
a53ebffcfdb8c4e47308374591571f96,1,credit_card,1,54.74
d83a0ada4f4e91a7aa41547a8b5f8295,1,credit_card,1,33.13
f4b2e1f6d7efad219764d0da00936947,1,credit_card,8,470.09
aa9113495d5498b01ea4a235c64f2849,1,voucher,1,20.00
fb92e5acbb4a91e36528fd0f21a25eaf,1,boleto,1,71.72
"444526825b5ea49c9405bd0d08fb8548",1,credit_card,6,139.99
d3a49d9f4c7efe1107f8a4a8c140af05,1,boleto,1,58.71
b81909d99454a0227bc01cc241ef921a,1,boleto,1,68.10
b44133e0f26a28702b5e18b9c795efe7,1,boleto,1,226.93
"9e6db72ba70b2e5ded35a5919f6329b3",1,boleto,1,72.96
fd40f3722deb0b1b640cdac8e3afd293,1,credit_card,5,387.41
decd1adc7d738abad2902c966c3ef697,1,credit_card,4,218.27
bcbd3afc999b3fa9dbd61efb370239dd,1,boleto,1,56.49
fa014da3aa5b1fd99b79a24c7a17d778,1,credit_card,1,136.18
d0474ae1c2cc3b4e0ac853b073fec9e9,1,credit_card,1,134.60
"6512d3eb96cbc91e498f7dddbcbc5a1b",1,credit_card,2,89.79
b7be5e58fd37e6165dbb39e8362c8446,1,credit_card,2,91.76
"97f1dd40b5bea6a7e3cf78fd83a28cb1",1,credit_card,1,69.07
"3df2e99994d26322522f7c8221831a80",1,credit_card,4,206.76
"06addb9b5cc9c47e661a6eed12276418",1,credit_card,4,260.42
"8cb3659728a1beea766bb63eaa1cd1f9",1,credit_card,1,126.54
"6d9da1dcc8d05c588e4ea617d0fe9465",1,boleto,1,760.09
"759fc48b9360c6710317b337b9e8a974",1,credit_card,2,103.43
"4f8a45b73cb600764365a0b6cdff299d",1,credit_card,1,149.69
cc23fbbb872ac2c2426b0d729caf7e9b,1,credit_card,1,83.33
c9c0bd3b9db92cebece12e761bb8454c,1,credit_card,7,72.53
b71b1607c1949b5b24e81fa2976fb42d,1,credit_card,10,408.51
"6cb134bb285a64b0425d1fdaa00d4214",1,credit_card,1,2031.09
"364d745d7d2b5bc2dd6348b8e71b5d03",1,credit_card,10,622.42
"8aaa4fb6b01346340a6cf91214f6606f",1,credit_card,2,48.27
"7cc23d880ead6eb7ebecb6292435b6d6",1,credit_card,1,46.60
"4edb6ef70ac1110853f2faae2794ac6a",1,boleto,1,70.76
b7d6f9e405deaa6ff82ab9d96608482f,1,credit_card,7,251.28
fa2c0183390d96cbabb604c27aedf7e5,1,credit_card,1,208.42
c88d3aed5c03ca278b7cfae5f6e9d1b1,1,boleto,1,148.65
"2628346ae58dae6c3df3c7259ffe073e",1,credit_card,1,78.08
"3c48d0b1606cb9fd83fc2f50ecdcdbab",1,credit_card,1,60.42
"79b49127db2c9bc718a161183671505c",2,voucher,1,20.00
"5c734ce57306bb7ff8cf9a8fc11b63d7",1,credit_card,1,49.16
c7b320d88c5e5f37698bd31d75c02eb2,1,credit_card,2,113.43
"448795135b904d057254f5fd0d5a6a4c",1,credit_card,15,723.08
aa3ae718cc36bc728bd78c098dc84c24,1,boleto,1,75.16
cfe9a2c324eefb180663116644e4f171,1,credit_card,3,605.70
"79a29a6cac0403ad0d0b5390f5bbf1fa",1,credit_card,5,309.62
da7ee335f676314b02b797c14e92b4e2,1,boleto,1,89.91
cbd1b65ad17e5be3c2c8dd66d0e581a2,1,credit_card,2,105.28
"5d0c01136dc9fc77030a514d40b3d37b",1,credit_card,8,102.03
"431b44bec24dab56f23207e21a689082",1,credit_card,2,80.08
"2a0bb55de2144ca90f83868c97320be4",1,credit_card,1,38.13
e5cbee019f9a5bfe36c2144b96b10ea4,1,debit_card,1,46.29
d9cd31e853bff10e7c7827e48e26caa5,1,credit_card,8,529.54
ea61446163797d406b8af3569fbad43f,1,credit_card,1,63.55
fe97f3949cbc37b9ab48ac5769514cbe,1,credit_card,4,45.00
"364f451ee38a4268d7c15d317021eb35",10,voucher,1,1.58
"98b64215b7d4b779e003927cd0b7e225",1,credit_card,1,49.82
"2f78768fa4786d3f20e9b6f95d73207a",1,boleto,1,154.54
"91eefa3cd52e8361bd4f6106356c6d0c",1,credit_card,1,33.10
c89196f74a201cf6b6a9f51b860c1614,1,credit_card,8,197.95
"5a65cedc025f607cbdb4c5219f648ae3",2,voucher,1,20.00
"1df5ad6aeceb5bb17ae3e7a095592d23",1,credit_card,1,1372.22
"7fd341d7df58f6cdce68f57bddbc6286",1,credit_card,1,77.03
"693c6ae1a1ab759aae8dd08ff9eff189",1,credit_card,10,1270.70
"86788916a1e9d8582d4ebd46320c7fb5",1,credit_card,1,18.83
b9f0e07d0b6d46a0c40cd3950a8cbeff,1,credit_card,1,256.48
"6d481d5204319959780a50031fedfb48",1,credit_card,3,279.24
a3f701e4bf2687d7aa6b807340426a26,1,credit_card,4,174.87
fb89dbec79bc8b1f0d12165058cb1cb3,1,credit_card,3,129.22
e93a08b4b8bec070a829d321c8172c49,1,credit_card,2,87.67
"8536dc31867441665e91bd1884575788",1,credit_card,2,42.64
fdb987001ececccfd2e9320c8115d125,1,credit_card,6,68.13
d15975c69a074c65aecad997cbc6b748,1,boleto,1,194.96
e6c487a027692996435c701644f98080,1,credit_card,1,131.56
"260c8e4c9a29e56ae6ee21c449f6834c",1,credit_card,5,214.69
d579ab4fe27352cb09cfa39a9e4f25f4,1,credit_card,1,158.30
e7d090145a4a427aa8353f51b00381cb,1,credit_card,2,392.56
fad1e133ca16d525f3b6e2ae6008840e,1,credit_card,2,112.84
"35681d761149a472aa05d9fe484c61b3",1,boleto,1,57.62
"764f7137987817d50f0c30066b8557d3",1,credit_card,2,61.05
"9c28244a57606ad0cd766dbef78f98a8",1,credit_card,8,131.76
c9a4157fc325f9df022d812f02226d85,1,credit_card,3,166.72
"5abfc2c21926dd42e4e2a94abd87e23e",1,boleto,1,56.78
"15dd36b746e48dfec9824dcebef22b7f",1,credit_card,2,44.47
"1e9c5ca232e1cdb290cb11b20d668c50",1,credit_card,8,537.99
"3cde763f687d3708ba577295e22ca8ad",1,credit_card,1,219.32
ed2c57fed139a0eca6a0204624201f0c,1,credit_card,4,322.68
d0df06d018f93a2c4be0637e728843ba,1,credit_card,1,35.68
c8e2b7513b52c0e829d1da8a26f080ff,1,credit_card,1,96.47
db6c3bec472f764bd426b77171342ce6,1,credit_card,8,408.79
"11b4e9ae5ca811613824353594fa6044",1,credit_card,10,440.71
"4540273b4f01534b24124542bc34568a",1,credit_card,5,54.63
"73999a9333e138c624bc229c8b5a5301",1,credit_card,2,199.80
b95d5ef6f9819b245a7354862ed0ec51,1,credit_card,1,40.75
d70e8cbc1daa0295b64e9d465b8835a5,1,credit_card,3,119.25
"1e7aff52cdbb2451ace09d0f848c3699",1,credit_card,4,154.19
c5a2f330a53172144cc43fba697c2e8f,1,credit_card,9,489.99
"801fd091fe53f9ce56198949aee82afb",1,boleto,1,42.51
"6be0accbc7586ba7eb6b9d35bb2023f4",1,credit_card,1,50.95
"6e1af4e0d4cf82af38671a14b609634c",1,boleto,1,89.88
f784c3e2e91e3c878a6e56b335f2a4b3,1,credit_card,12,168.83
"7a13334e5a41d1623e0c3120b19aa5e4",1,credit_card,6,136.30
"3619a458c860886f0ec0a5b79ee5ad41",1,credit_card,1,245.84
"8a56602a95563e5b2a038fc31b9a5d7a",1,credit_card,2,101.74
"88aa3c3fb095aabfed68ad9cfe82c151",1,credit_card,6,126.80
f7445b0cae0fd4d05894171adcc55931,1,credit_card,1,54.38
cf287f639abd10b1630574c4a065d4f1,3,voucher,1,6.00
d98a2ebdd7f67365e177d1c4465d317a,1,credit_card,8,738.91
c0c017c50d82e3833bd2e0a45b66b14c,1,credit_card,1,182.91
"9023f19129c14dadfacec1394f255de9",1,credit_card,10,107.78
"2f1a5157e323f52d58fca608db06ac82",1,credit_card,3,47.16
"4bafa54db6b060da198f23f810835969",1,credit_card,2,28.16
"7d25201b841d0a91a003edf192834005",1,boleto,1,41.75
"30eefcc39df18702a6f28ff1a98a0a61",1,credit_card,10,494.55
"5f27f0fe37fdfa1073fa210240da269b",1,credit_card,2,40.10
e06507fb1e1f48c1cc59d40e02b82f16,1,debit_card,1,223.44
b88d2770687ac406cf224922ace6db95,1,credit_card,3,410.78
"6b08ff5328e55bd0396c0ffb9df586ca",1,credit_card,2,30.09
"512669f049d27cb8c95c83eb6e268bfa",2,voucher,1,100.00
e94d7f11e3a990b65f46d2b02b1c23a2,1,credit_card,3,159.11
"2468e620a816b687f5dc6878e7d847ce",2,voucher,1,46.68
"2edf35d55b806cc2d389c8008e0d7f27",1,credit_card,3,32.85
"4b21c757f8c1a51d41c1653e15d8f289",1,credit_card,1,27.69
ed61c8a3d27cfd98066921e677ab5824,1,credit_card,1,67.79
"02ed3b96772956405d25c2d35c766c68",1,credit_card,8,99.26
"61c3073707aeb0763a028eb696085d02",1,credit_card,2,126.90
"3008498e80be1b85f0ac899b5dc2da66",1,credit_card,2,143.49
edefc0fa09c98cc491e9d2cf95ee4a5f,1,credit_card,1,35.96
d080ae08baaaf19491c5b2d62cd02bf2,1,credit_card,6,578.79
"65967471ea680726ad2d27368e4c4dc7",1,credit_card,4,410.93
"02dbd29bc7a490d582762fae9f0fd997",2,voucher,1,49.50
"2c7e5cbdab3bc1cc70b61425a7648ff1",1,credit_card,1,43.75
"01029b44abe6e15c8df48b1b759ab437",1,credit_card,2,93.85
ba4ab82dfc39b245d6688ce6e5d75d1f,1,credit_card,6,562.52
"9611397da79fc7abde6547d329ba3f33",1,boleto,1,53.84
bf889dfbc028003fdf795584501b9530,1,boleto,1,109.41
eb2efae7334e4776381755ecd7c831dc,1,credit_card,9,99.13
"780ad1f62e8addd660006ff0a20c1e57",1,credit_card,1,73.34
"26d9b71852ece528577a85aa2e70a10f",1,credit_card,1,32.11
af912be10bef7ce49f288385afc1717b,1,credit_card,2,25.79
f7a1c7b797e20c75f2e3dcec7ff17d22,1,credit_card,4,49.71
"1c308eca3f339414a92e518e2a2e5ee9",1,credit_card,6,66.74
eb09635680fadffb33358e40b05c9029,1,credit_card,10,112.27
"3599e4616c45ae9b879c2e6c54d76120",1,credit_card,1,43.09
f89525a2a79be7efb2afb5844cf2652d,1,boleto,1,104.87
c7695e0fa70ef0373d4eaa6b11a4a6ef,1,credit_card,2,190.01
"484dca40df3d3e143c32574fc87387ca",1,credit_card,1,97.34
c58f135d215cadb93a6648e61849ad15,1,credit_card,2,129.10
"4d7b4c89f8c9bb45857a3fa3eb4f0272",1,credit_card,1,68.94
d24b90d375b1415ca40e5b531d04a6bf,1,boleto,1,63.00
"0bd5590ed46f78fceed5ab73b86b8dd4",1,credit_card,10,234.56
ef3cb4aad45c5799a70caabb84e7b62a,1,credit_card,3,75.73
cca6db6aa192f99ed392d637fc8c1b86,1,credit_card,3,93.71
ccf804e764ed5650cd8759557269dc13,15,voucher,1,1.11
fce8ff96dc39e6ad674a20032e22b435,1,credit_card,1,47.17
"42b71d23c4c47ac0364517ab0ada92c3",1,boleto,1,50.45
"10f727ff394decc79ce4fe9d02d3528e",1,credit_card,1,68.89
"67d83bd36ec2c7fb557742fb58837659",10,voucher,1,0.74
"266e6e41522572e8bc4068738beaef07",1,credit_card,8,207.60
"79e142ec7dc9b52c689db4d43c06e63b",1,credit_card,5,69.12
"9bd90698ab1e822ca4cb1e2a0de42fd4",1,credit_card,3,99.90
c3d5c6fc77f1986421777d4d61779aca,1,boleto,1,25.51
"57694158da92a85b1fcd72de45542073",1,credit_card,2,321.58
d3e50ea4c86a1cfb30aa36e3e388d021,1,credit_card,8,265.46
fbdb43f2551a3acd3d9ac5e2ddf92080,1,credit_card,10,122.55
"2d0d4075ded592212bcd5e5bc561b406",1,voucher,1,144.79
a544402adb66ebc329117c687bd975a2,1,credit_card,6,98.70
"1bda188949c33f08bbd8a295ecd2c05a",1,credit_card,3,41.75
c56063fb44250985a4649811b257edc7,1,credit_card,3,35.21
fd4c1cc6d742f00dee7633f6a72cbe60,1,credit_card,10,355.06
"91199340efe15554e4533e5ffe47a31b",1,credit_card,3,30.86
"68530478f47eb6016655d590a05fa853",1,credit_card,1,77.19
c3d82084f95e12ecd6cc271e0c225175,1,credit_card,1,128.87
"8e1c983bb7b5583c8b0e8a2d2f47677e",1,credit_card,4,139.93
"3eae45e1345a16673017c7c36f18ee34",1,credit_card,1,178.97
"5e421beb5e031bdd0634b7aa80ec82f0",1,boleto,1,141.28
"8863958cd300b0b2cfb1b8db3326dd38",1,credit_card,1,76.65
d0c92aeaa21db1cecf13d791017fe2b2,1,boleto,1,31.29
"910cfa0f385c892c405b48acaedf3382",1,boleto,1,192.18
ce3397e3e383fc93adefff9aa6a9aa7b,1,boleto,1,97.28
"163099b696818c7c5dd7ffb4e01209d6",1,credit_card,3,115.03
bf5df6110fa6b9de1ed64e327a25396d,1,credit_card,1,96.80
e54e607e26e54c418ed2948d6006282f,1,credit_card,1,69.68
"73c765c78996979d2a49043276b607a8",1,debit_card,1,164.42
"844b8b73a94f61b9ff8dc1e88c081365",1,credit_card,4,44.07
"124c8d5fee5f49a8d7a8535b5bea6e69",1,boleto,1,33.44
b3a2890a415faf6e555b875a8bf0f64d,1,credit_card,3,61.87
"1c1898497fc8543e0f31343dc1c31553",1,credit_card,1,131.64
"8fb030b413de395dcbb7cb1a3c9b256e",1,credit_card,1,214.09
fca7b989b55ec495fc04ef8344bdb7d9,1,boleto,1,198.59
"0bb5b2fd739934d00d6c8ad3a4e0f5a4",1,credit_card,10,187.65
d31bf98bc1f5a409da2c22085a8a7140,1,credit_card,1,47.60
"167b62d7c79628cf5f36776281be5731",1,credit_card,2,172.93
"6cb0e1664e861687126a22bcb14e9def",1,credit_card,2,28.09
c1e00da044e0d7297a2f8cdd0a048fc9,1,credit_card,1,114.86
"3de642b372ed772362b5a3df6f583046",1,boleto,1,206.57
"734b5a25b4318e6840301f241811ad1b",1,credit_card,3,195.39
bc5c3e5c0d461286c2e22f90ce022e3f,1,credit_card,1,116.79
"5bd39e6a06371941eb585cbe79b41efc",1,credit_card,3,209.48
"6963678ab394ef16d2dbed6ee6d07c44",2,voucher,1,85.16
"878b2a770609b162f9911360c7da7bd7",1,credit_card,4,192.00
"2815b09b0ef8120fc030b88ac5acfe43",1,credit_card,10,213.73
"7dccea198365e4c9f616fbf3eef62fdf",1,credit_card,1,63.61
"91da5dfeb939a689d56099918730f396",1,boleto,1,58.85
"16c24987724018f73b746aacfbb5f8e8",1,boleto,1,180.45
"9f181d637fd06f6468cec70121b8e160",1,credit_card,2,138.60
"0ecbb908b4b062b189e1723ef9a836e2",1,credit_card,10,287.76
"02742159d4c85a23b993b6f11ae044ea",1,boleto,1,154.36
"2c8d335aabf96328d817f48bdbccc430",1,credit_card,1,92.90
bd50e1e10ed8a1e38db7af2e76a1986f,1,credit_card,3,332.71
"8afd15d26436c60441bf3ee71d2a91a8",1,boleto,1,59.82
c4eb6bb6cce4739be64f37565afd5436,1,credit_card,7,78.70
"6a8677aeb56b8ee0d1a74e0435772e31",1,credit_card,1,183.33
"4b8a3b3d574a15cac939eb0a2d4fecbe",1,boleto,1,318.34
c431b1ec043729734d48ba14702aa191,1,credit_card,1,80.51
fb3c1f08a4346c10895de685d7debb5d,1,credit_card,1,88.98
bb2ac53ccaab4c3c0fcd31fa2d1ddeb1,1,debit_card,1,76.64
"6c983b6b465b11087129a008c89a4829",1,boleto,1,340.05
"1fd9362a40211b8ab54154b0f8f7a657",1,boleto,1,338.13
"66b12481cc96a1cd3433f135e812ce3a",1,credit_card,5,104.70
"9edbb64717f62b49b516e6d66f31edc0",1,credit_card,2,124.84
"7581fe5b727dc11254a7c1d17733e0c1",1,credit_card,6,310.20
"6feadaaee762109cbc3bfaf93254fab9",1,boleto,1,37.77
"3313dc446abbe2a29ae4ae064320b334",1,credit_card,3,52.82
"1f01338ddd8a4dfb9c1e745ef2bdb09e",1,credit_card,10,158.43
"758667794d07a65477e26043b6b75986",1,boleto,1,27.51
d5ed14d56a32bdc31d25faabc33e7b7a,1,credit_card,1,52.23
"634adfa0f5cb0fd3a7c932f3b5b463fa",1,credit_card,2,147.74
"44851597b52d19f80a0b05ff48be5530",1,credit_card,4,128.88
"0fa0372b06bb8a9e774500bd29dab06e",1,credit_card,1,32.79
"48af7589aa4fbcb01531df8c9b510e91",1,credit_card,6,395.80
"13ee50026b736b8311e25b3a7bd37f64",1,boleto,1,76.29
fdd4a2c5c0d42678df8d78ec3af7d314,1,credit_card,2,239.00
ef00af19f3e4667ac596baf6656e0ee4,1,credit_card,22,228.71
"146bc27ff71043a6ace37bd4dec7b754",1,credit_card,2,67.62
"0d01a6e6a5ab185145f17abef2ff9f0d",1,boleto,1,27.69
df8c077268f7f3baaac0892eb3143642,1,credit_card,4,174.54
d9a03aaa586760cdcfb4aaddbcfd0767,1,credit_card,4,93.04
b0087bdf94b7aaab2e0fb914d1d99d9d,2,voucher,1,3.18
"3099fa1da8ddf6f98c8a917af87540c5",1,credit_card,1,33.78
eafe112a93e3cab02e7227e619bb73fc,1,credit_card,6,178.27
"2f3adad02b8b0314fd094fac9fe907b7",1,boleto,1,181.59
"3f84b0049b0be014bde59429ca8267fc",1,boleto,1,20.38
ef43444651cdedfaefc1123e4acd02aa,1,boleto,1,293.76
e2f630b53cb2637be372c3810b089868,1,boleto,1,175.32
"316689f43f1ba849c8cb83df6f355632",1,credit_card,3,194.92
"25e5f6a88a4525f820943240376c45c5",1,debit_card,1,98.81
"1c0d93546a9b70093cb412cc8f50a405",1,credit_card,2,102.09
f67f6b887c390a91e5077e54f3fb5823,1,credit_card,1,53.83
"037e725440b59939735ae0aff888a015",1,credit_card,1,130.15
"5fff1e31dcee73af47628c1a40edb24d",1,credit_card,3,42.59
c0101e90b905c8518103661781b2c6f2,1,credit_card,2,139.27
c513e47b1ec7f0c630776aff9e942ec9,1,credit_card,2,245.35
"66b28b67d37eb8809a5cf1cc3ceb8310",2,debit_card,1,171.64
"5c748cfa838e65b06c230b1f917ec95e",1,credit_card,1,40.78
"52fbf883cea22e6627c1aa7c49ecd8f8",1,credit_card,2,86.58
"270c203303119d8cee340c3b736a8ea1",1,credit_card,2,138.98
b67babff39aeeae3f39e5575b7886f32,1,credit_card,1,32.70
"357f2ad2d9ea3e63b225cfee8ad3b2a1",1,credit_card,3,127.92
deb3c789caa8b0587a5117cba27cd8b9,1,credit_card,6,466.01
"37f61d782089bd338aff5207a31fb933",1,credit_card,8,470.46
"76b8ef6b0f6db30a373e60af37961b2f",1,boleto,1,483.85
ea29d09fa496c9e054d57d5f7f153478,1,credit_card,1,64.04
"0d88b2392b18e01d23c582190ada0f24",1,boleto,1,86.02
"3c5aa0dc3566dd7512023da4920de6d3",1,credit_card,2,195.89
"6732c97d4cbdac9ed23b4c7148f61590",1,boleto,1,82.19
"25746e647fefb656cf0fc3a03216e7cb",1,credit_card,1,35.42
dcae1a4fbc7d4b516388c70ee2cb9cd0,1,credit_card,10,137.99
"084eed5f31d7cd5291671a544852e5d4",1,credit_card,3,76.19
"61b62438062a85e41edce3f024afe81e",1,credit_card,2,96.71
a1719b472676076ed0773bfbad39a13a,1,boleto,1,69.14
ac056e19c77f2d10da3097371332da46,1,boleto,1,153.77
"4856100f6860747b156ecf6405386b7b",1,boleto,1,101.93
b8a644dc49239c37a1db391a709f39c7,1,credit_card,1,82.09
"47f1d4cd72cfee577340ecb01a3e8028",1,credit_card,3,313.50
"5e0f498aef45e2d62d0c983110ef0892",1,boleto,1,157.13
"8ef17147aad160f7780239dcf0acb400",1,boleto,1,106.74
"7a1c3f2e9e141807904c824563abb480",1,voucher,1,47.58
c9d576bba5cffe5797794e2a5ff5d70b,1,boleto,1,57.00
"32e229fa77e1933548f2304a2b4d7dc7",1,credit_card,6,69.81
"4b9e031a205af9c7035eda4f4db1ba69",1,credit_card,2,69.33
"82c6decae6063a55c184345746b1a269",1,credit_card,4,94.77
"86f1238d241a48cdbedf1a46d8532ded",1,credit_card,7,200.33
"5270a6da2c326132afd3b3c0a186a795",1,credit_card,5,58.17
"2a426a30d3d6787eaab8d32365278593",1,boleto,1,28.13
"2b9f86a52457f652ac6b282b5dde09b2",1,credit_card,2,142.78
"48e6590a35c4212b1525039dbe8cd750",1,credit_card,1,21.89
fa710f5c53997c4bbed66aedea46a917,1,boleto,1,35.00
"856d0618b7c959da87efc85a6c68c463",1,credit_card,8,113.42
fbf096edf8034d915770443bb21bfad4,1,credit_card,2,161.51
"1f33af12a8110911584fcbc2dd03690c",1,credit_card,1,82.98
"93b809efac80a94ce0da59f225038517",1,credit_card,3,68.05
"892106e2f061b6b70a4942db53200b8a",1,credit_card,1,28.19
"6bf0953ea2856ef95e31030263eacc2e",1,credit_card,1,32.62
a389f1f731daee05d63fe992c0f689eb,1,credit_card,4,61.63
"60d56d46167857b04e9531f0542f8807",1,boleto,1,112.91
b5172d4a722c0ebb34c29bbbb7a3cb42,1,boleto,1,143.25
c4fef2621519c7ab7541140d3cbda9e1,1,credit_card,1,45.63
"94624ae38f797a3185b786a042e5fc84",1,credit_card,1,136.99
"79d316a7d0d628895124bcefd1040ed7",1,credit_card,1,498.79
"2faf6894dfaf3faace515f0a830d69b4",1,boleto,1,61.75
"30833901a5dd334649ed9090a103fc35",1,boleto,1,597.35
dda3e0dbde3a2cd09432650b3634582d,1,credit_card,4,122.81
"610978786c543b1b75c537dcd82a8d10",1,credit_card,3,90.30
"7ea64b9b8029d78ab2a77b1d4df4a008",1,credit_card,4,136.86
"3b4036c28cd5f750d7d1041c6eab8f86",1,credit_card,1,62.25
"90551de7b2d0a7cae5254f30afd7b761",1,credit_card,10,196.38
"0f20a3721e8997ae2f771ec8cf0c4d3d",1,boleto,1,368.99
"90ae645ceacd8832133a491224beb6b1",1,credit_card,2,52.59
a34ed5f2bd7e75fc794ebabd8d4f1041,2,voucher,1,99.98
c4c55b747930acd84e6c499e461852df,1,credit_card,1,41.42
"4fc7e9c8c1ed5a3c716070a42e80c5eb",1,boleto,1,64.07
"812a3cd39ef8ee7455ea166a05534b0a",1,credit_card,3,194.50
"3503496573efea1975b7890f10679f9a",1,credit_card,1,166.97
de59016b99422f0bbd7e51a301bf2578,1,credit_card,5,52.11
acb7a021e51917d7f0aa4a7567c5717a,1,boleto,1,116.63
"567694848ecdb6633bef4b3b48bbc4d2",1,credit_card,5,199.00
bef91d8b2fdc7104c272e688abb17c4f,1,credit_card,6,122.92
b0813cb694144c210d05f8c96ef7f2bb,1,credit_card,4,121.18
"0a1bbcb7a1af6b58931664e147542a2d",1,credit_card,6,199.14
"8469ed2398a6fba32a54609f9ffd20bf",1,credit_card,1,66.59
"04b16351c3a70c83b9f8f1fe295cb450",1,boleto,1,114.80
"0ef89e47a5078a9e54a080d5fa8c9109",1,credit_card,10,102.17
cee4376822a28a33c40779ddfceee1eb,1,boleto,1,623.07
"4f6d9a586fd193f129a604d6fd011177",1,credit_card,6,108.73
e537459d4e4d330e0f64b1ae07bbd74c,1,credit_card,1,63.23
c96bee3fe3caeb224420da7bc815b0fe,1,boleto,1,209.47
"2e6d673c46f5a31a965ff87bc45b1cbe",1,credit_card,3,72.48
fb7e82c858b82e6021869acd02bff2ab,1,credit_card,6,112.71
b8f1d12f21b83fdb91d157f357617d90,1,credit_card,3,49.53
"4da3bd761ca73d692ae0f5c252495546",1,credit_card,1,26.44
"67b2796561ac2c941f6daf9881b510ae",1,boleto,1,62.37
"4a67d501fffed1c90df7fabf5d40b861",1,credit_card,3,75.33
"74cf1b092d51c72a195a392662615069",1,credit_card,1,32.38
"01ac6cbac1cda667c97d35046b75668f",1,credit_card,2,21.15
"00c8bfbb0a1224dcdb0180a544247159",1,credit_card,8,173.20
b6b9f5144b004ad3db40567cdce34811,1,boleto,1,84.26
"9315757eaf0e782619bed131508dbddb",1,credit_card,6,150.46
df7beb79297f04677c62ceae377ba8b2,1,credit_card,8,521.50
dbe2e048ec0057accc15716fa929c405,1,credit_card,5,286.20
"57caf8a4f24c13ac1f4ec44f39a18a44",1,boleto,1,24.10
"3418c754c6d0c412d57cca00b6ccfbe2",3,voucher,1,4.39
"7e85dd5c64bfd481355a0662f9f9f777",1,boleto,1,29.79
a39d517f6df7cb33a7d4b3b610e94d1c,1,boleto,1,55.00
"9567f25dfe794bcd32a2a16ec00d7e96",1,credit_card,6,67.60
"3955b3cc807588a07752d36d78afb900",1,credit_card,3,165.79
"30cd92bf673cad5ee8cbc69432e5b951",1,credit_card,4,59.01
f1a2c0aa708e55ca4ab35b96f89c9aad,1,boleto,1,155.96
"8f65131225833fbebbca5422422026cf",1,credit_card,1,47.75
d9b4f2ffa6ecd7c3ba59f13458e3ebb2,1,credit_card,1,543.90
"9bdc00acb04f677adc8329b932122fd6",1,boleto,1,70.90
"7276ebb4ef0951f006dbfb2deb76d255",1,boleto,1,149.65
d622abecd14d7a399897b7aaeda91e17,1,credit_card,6,256.92
c8ccd366bbf35430786a86ef073322f8,1,boleto,1,38.12
bbd8f1074f27019f9acf680f5fbab20f,1,credit_card,5,73.34
"285c2e15bebd4ac83635ccc563dc71f4",14,voucher,1,1.75
dad7fd1c4434137c836f09ae15ec86a4,1,credit_card,3,185.05
"38236191299d9d7335f0dfdd2186af7e",1,credit_card,10,112.42
bf0f1a792476855668552e27ec7d263f,1,credit_card,1,26.35
"5c5c9fde60ffb741545cf2608e8c12ca",1,credit_card,10,613.78
"2867faaa7a912bbc2bf8d8e40d7a0354",1,credit_card,1,138.35
"88fb1f364095174f013123c8a3781c31",1,credit_card,5,639.43
"0fe1829613c45b423f51aa8949dd8d57",1,credit_card,1,16.25
"9e8852e4c12fac659173a62c643a74e8",1,boleto,1,658.60
a64d8d5eb2b53275f2f4e19d73308e01,1,credit_card,1,35.41
"3f0cb8f5398fd5dc8e3b02e308391a63",1,credit_card,10,107.19
"6c06e4f4212e106eaa318b8330944588",1,credit_card,4,234.46
"08cd10d946b1fabbe08d3ec8dcab8777",1,credit_card,3,49.00
"23fecfa4bb4a22fea354fcab23bcf1cc",1,voucher,1,402.56
e5cc9aee90086c1cb675e3feef14cb57,1,credit_card,10,105.28
"4097cef4d604217aad3f625bf6105066",1,credit_card,1,7.63
"17186e8730668b50ac4582f8b54c815c",1,credit_card,2,151.05
"311393b2abaf96a9590f9200b4810bbc",1,credit_card,10,231.27
"23c5dff7c1173d8220f26bb0e881e2c8",1,credit_card,4,55.09
f94b0a3a81bf5b4de22a8c2a90df7263,1,credit_card,1,74.62
fb8a1aa2a0931ede3ac1d6ae42d4ffdc,1,credit_card,7,240.17
aeae13bf1962c0a747dae0f007b2b313,1,credit_card,3,142.56
"728795566669c2f36ab5118fcde3af33",2,voucher,1,32.16
ea71c8751c47c442f142dc340867918b,1,voucher,1,163.35
"64e109aaf7444f521fb45a857dc33128",1,boleto,1,979.42
"71337e86cf1670b5d2c900b2037bc7e6",1,credit_card,1,30.72
"014176e9538672a32d2a9b73bf53a31f",1,credit_card,6,156.64
"1c3680cf7c64b8f0419ae839d0a44db6",1,credit_card,1,67.38
"9dcd79fc27cfb2b56c614e91db69942a",1,credit_card,2,138.60
"6768cd1c4f84a44f988f7e03ceff5699",1,credit_card,8,102.98
"4b19c2fe3690d7e4aa8cbcf946ea6ce4",1,boleto,1,222.00
da3dc62f13188f2866f5775585107a7f,1,voucher,1,50.00
ad4460c74803bfa6ab863423a2879860,1,credit_card,3,335.47
"4444b24c6acad48b8f3f43a18205cff8",1,credit_card,2,27.22
"691a3325b50750e7c8b30ebc3390f63a",1,boleto,1,45.53
"43e1069a30462196f230706e01f65785",1,credit_card,2,164.07
a7db1b7bfec5e83a8fd33625e99f0d15,1,credit_card,3,466.95
"47f6f4fe0e134442ba777c87169469c3",1,credit_card,1,31.03
"0e2ab1418d48378be194702fef5657c1",1,credit_card,1,44.09
"4e1e69162873ae88ddd0569cba69aaf7",1,credit_card,4,45.22
bbde15031c474ab4519b10001935f416,1,credit_card,7,200.33
"2ca9036cf880a76f0a41894ede902e55",2,voucher,1,7.30
"675ea662391ef609e39645b25940d453",1,boleto,1,77.57
d8e82d1f482cdb6ddce0701ace3bc6c8,1,boleto,1,202.74
"2db03cab424d6d9008c2dce7d6757ef1",1,boleto,1,156.70
"962b2008b2f1e396e0d30b76caa96832",1,boleto,1,23.72
"05f99bfc5053a88e0955bea396422a81",1,credit_card,10,189.15
"7f4980f2f2a103ba40fe45341a490ff5",1,boleto,1,114.42
"53815e4265210269cfb244e83a715fe8",1,credit_card,1,194.00
"5ed3ec02627cdee4cc803950b95aaf02",1,credit_card,1,40.79
"75b227944c7959b371a67edd0efebc81",1,credit_card,1,121.55
eafa8d4e308b96e9574b09d9441d4898,1,credit_card,1,82.77
"13ccf8b8e58a45adbc06ffb651474fdf",1,credit_card,1,32.38
"0e069a67e95068b8613f728bac35f6cc",1,credit_card,1,56.78
"28fca12474d528012be6d7def6e7bc20",1,credit_card,7,85.58
d9d2430a3cfe987eac0f79048ca2423b,1,credit_card,10,269.21
ff359d1c749b2f33549ec323a0736175,1,credit_card,1,32.37
f9701d96c7a213fc325f378bf83d3afb,1,credit_card,3,32.52
"27f2fc5cc614685907cc6814ab7701ce",1,credit_card,4,106.16
e3d1d37007a4d31d2269ba250664f6b2,1,debit_card,1,236.70
"4722c098a33ec33f73433dd2c8539858",1,voucher,1,41.90
e258350306205f6294e6209d92b3470d,1,credit_card,5,50.74
e104196e46cab854b8dc6f0beaa84d13,1,credit_card,6,65.67
"76ac5a9b38c945eb910681d171e98c55",1,boleto,1,223.14
"974fdfd3a71b3695ec8d020318ec2f32",1,boleto,1,85.23
da9409a419597e4d2a671193c8dd6095,1,boleto,1,209.30
b4b74b67e8e09c1539e6f838e5eb8fa4,1,boleto,1,190.62
d5949030ef220e0fdbf194f9ac503698,1,boleto,1,80.35
"0e3bb5bc8f2262c9fc302e56de5b7c48",1,credit_card,10,132.38
"46b6741ad3894b35c9345747e8a326a3",1,credit_card,10,236.16
"8ce6aeb98624ab2ad6732488877b875e",1,credit_card,8,351.96
"486fd37a365a65189747be8c6c4f05af",1,credit_card,10,135.08
"24016340d5156f96d37500c78a7fe591",1,boleto,1,373.11
c5f9c59800d0f2f6124ea0cfa1ae8d1f,1,credit_card,6,226.95
"500368690d38fbc1b8ceaa8c0b05e456",1,credit_card,2,189.79
"8b90d2eeff994cb8c7f281e9888c340d",1,credit_card,8,194.13
"546cd63915b3ef4ab92bfb85277bee75",1,credit_card,3,191.40
db2dee8ce25524ad8374fa6d1b11849b,1,credit_card,1,65.95
"7090459e09c0818517061e939e3aca96",1,credit_card,4,43.00
b9e06b464a393125fae96912f6b4016a,1,boleto,1,216.15
dfb10cbc46a4cb952de477a6ea509dfd,1,credit_card,7,262.59
"713646be0226c051688714f343a1cda5",2,voucher,1,37.77
"2346e1104a4b18a23e6dc6a87c2d1b8c",1,boleto,1,106.97
d24e8541128cea179a11a65176e0a96f,2,voucher,1,13.44
"15e0c6109167c1c2789e0bc78ddaa70a",1,credit_card,6,204.81
d8ff993abef623e4c9956f245c4345e9,1,credit_card,9,92.76
b99e5b462412361aab3168e1a40bdde8,1,credit_card,1,131.62
"45b0a3cd00a2eb44c271fdacffc8d859",1,boleto,1,114.42
"5780d10774b33a1128ca4bcb46c055af",1,credit_card,1,76.62
ca68bb718c53d348a0428fa415efae79,1,credit_card,3,73.03
"9d3da55bc185ccdbeccac8824c7330ae",1,credit_card,4,40.28
"7262ed3f8bffae5e3c8b15638ae38f58",1,boleto,1,140.49
f81635da25112ff9cc067e06b1a5d127,1,credit_card,1,96.98
"3c3bd116a6376b59b139b7a173986cde",1,boleto,1,43.00
"176ceeb8643366da493b896ac02ba4b5",1,credit_card,2,157.51
"96c51bb328e69e3f0fc0840d6de16c0f",1,credit_card,7,456.00
fa642a520fa06e31dd5b64808e1fa92d,1,credit_card,1,200.72
e90f4f7e0953d4031b08ade067de9e67,1,credit_card,1,142.48
e82d1b300fd1df88a56bf9e4f4b77655,1,credit_card,3,75.66
ab42eac47de85e36ba4622c26f9c9dcd,1,credit_card,2,29.32
"3bd9d48e8870dad5ddbae6e5a7c183c3",1,credit_card,2,114.44
"0e797acd1d40395105ab3c93d598703d",1,credit_card,2,164.10
"0f344e8ea4fe9078a8183936e5407113",1,credit_card,6,157.22
cea892923b3775abd19f80626d4b5d37,1,credit_card,1,155.14
"8365af41fac1717b66572b10b9c060c3",1,credit_card,1,142.96
"8436df70c30e8e11edf5cf2f880edf6e",1,credit_card,3,212.02
"10f78f574a0d932e843ea67d513ee9f4",1,boleto,1,98.44
"0f3358d8ff329783796c1876bf8aa920",1,credit_card,5,104.90
"86e2444fc896c9fa2eb5bc9d8a15e111",1,credit_card,4,82.97
e561fa177791f05209e4557ba7366347,1,credit_card,1,106.86
"25565bbcafc22cee9f5789413e9a6ac9",1,credit_card,1,42.53
"8420b0f7022cf4d4ec5eec76ce180669",1,boleto,1,178.24
"6d4c45be223296bf5be3d2612fffcf3b",1,credit_card,4,113.62
"345f6867e8f97e11fb9f1ac091b18df9",1,credit_card,1,281.43
"92d210ae0a4555c611b5ffdf82bba88c",1,credit_card,1,77.66
ba0492710cfaf802294c41a5d498ac3d,1,credit_card,1,113.78
"71d1d659a3fc76b377ac21af193fae99",1,credit_card,8,527.77
"988e590d97e4ab6873f71ae33427afed",1,credit_card,2,56.85
e2e7fc3ae21156fa90a10b87e7d37eec,1,credit_card,2,64.10
"7a80e1aeb92fb6ae503ebc33c85e23dc",1,credit_card,5,102.54
"41d0050b0a103c674289659fdd6f602e",1,credit_card,10,185.10
ca67981db1ad515d44e29fed8965d528,1,boleto,1,56.96
"6d5e1e480d92f1bde5e9eb187fa388d5",2,voucher,1,50.00
ebe13d8c2f9983578a9aa31fd76148de,1,boleto,1,162.55
"703862e7dc38ba4cff60785988822c00",1,credit_card,2,173.68
b29bd22b23303a9d539e7dafa573e282,1,credit_card,5,116.94
f57b72afcc4b452e33507898aa140ff5,1,credit_card,4,141.78
e45b8a62c43866e3c9989324547db51c,1,credit_card,4,98.98
"139d95a2a4ad16a49a4fc3ac7f195172",1,credit_card,4,136.01
b514b1f7c5528c90353b809b62621ea5,1,boleto,1,81.72
"64784a51c7c5763b0693ed5ab75a2596",1,credit_card,4,53.05
b63e91fac7037a2bba4fad09acd96691,1,credit_card,1,91.18
"42fd8129e4153758fd7bed28d50218f4",1,credit_card,1,69.90
db7b454406f5f1f11a4aeb0ee58f473b,1,credit_card,4,43.79
"4e9fe46327dd25b934cc82d238a874f8",1,credit_card,5,358.59
dd76a5f4fd89348d27741160d6025fc8,1,boleto,1,49.02
b81b98eba30206623e22468d00e1b5e0,1,credit_card,4,363.09
ee0305b16d7043689de7f3b4dd342093,1,credit_card,1,21.43
"6a02eb34a9f7ac17b1a74e01a63b1b09",1,credit_card,3,178.27
"25f3c6052aa7604ff162e5a12b77298d",1,boleto,1,113.15
b74bfb8cc19faa85573bff7a631e7c5f,1,credit_card,2,208.91
"1c487b52a0823daeced375367d5f73de",1,credit_card,1,162.32
"3d4369dcce579868d4629c19b96260c9",1,credit_card,5,302.37
"54a321486a622129adda771a323501f8",1,credit_card,2,117.13
"8681115ee9073763981721e9e4cadbe3",1,debit_card,1,239.10
"8a608b535d6218591ef223603060f3dc",1,boleto,1,100.54
f4137fa658be7e7bbc2e17e4da6806bc,1,credit_card,3,136.08
ddc904ea8bd4313e136beae61948c20d,1,credit_card,2,126.02
a4b2b181af8352ac206d289b2c856cd6,1,credit_card,3,319.44
ec604748dfe7d284c0316cf22cac3b33,1,boleto,1,137.51
"96441f25ae3571bffdceb39da1ae7f00",1,credit_card,3,371.54
e611d334e736406a802b01fe71dd8521,1,debit_card,1,28.43
"4450dd016b7fd4215c35bc0bf87b461e",1,boleto,1,58.74
efff0f02714bda94c05b552d6603f6f9,1,credit_card,1,71.91
"3f7ac2772804d1316e995c3621024c7f",1,credit_card,1,35.77
"35aa6b03b34d8d0a5c1eaae2bb5fcf76",1,credit_card,1,64.51
"6d8102dfb9acad707f6e15b413270621",1,credit_card,1,2.19
"0277fae7eda81470bf6c87dc570e267a",1,credit_card,4,65.00
"5df3e4bdf3b11255c6c73bd401826bae",1,credit_card,1,42.00
c41d1d484d6eba6e4d8d981ed0768193,1,credit_card,5,184.28
"8cb407154874301be08656a7fb09d9d9",2,voucher,1,49.18
f2f2e2554ff7ce6f4ac51ce640a8a9d2,1,credit_card,10,231.57
"9386d40609a844441d3fc71a2d763aeb",1,boleto,1,151.33
af70302ae0086b18836d45239ace6676,1,credit_card,5,173.13
"6125b8598105f92aeac157727ff3bfc4",1,credit_card,2,102.74
a35f0b52cacb3c4208d7107bde82f2cf,1,boleto,1,108.76
dc0b827df3db237adaa4fb6c4a770096,1,credit_card,1,71.72
"23e0d289631ee7c7e4503aa7a8a32c15",1,boleto,1,139.03
"1f09e3685a5270799e2f5c3199936edc",1,boleto,1,148.15
"4798ef2f0de08baa8ddd97ceee3f7c60",1,credit_card,2,61.01
f3584b023b097595c8e2b0b6fd51a839,1,credit_card,1,78.86
"99010278c2b3874e0f208c91587975d8",1,credit_card,1,147.66
"476bce9fb98b771f4908106e9d962dd1",1,credit_card,6,354.26
cbbf05b335b2987a5dec3e32f3ebeac4,1,boleto,1,146.46
"94c61f1ebb6e6f2da2d8a0d7ac853729",1,credit_card,1,732.68
e55d3c162a91d5eddf33f6f5f7259579,1,credit_card,1,26.22
"790d76ecee0d65041c076a17d0dfd11d",1,credit_card,8,685.45
"45776460b7ff952460b7e9d32c28bd9b",1,credit_card,1,26.17
"8a9c85020206b99d373e46acae940127",1,credit_card,3,100.08
"1edb4efa70d2b132ba169e874a344588",1,credit_card,4,306.33
"23e117ca8f65562000f29a26f19f1a3b",1,credit_card,1,62.66
"70d0dedf8c23e2cedca5915427acd101",1,credit_card,6,185.26
db090a16182b263b1e896bb26c6f66cf,1,credit_card,2,46.82
"89ca1c6fae0e21f0395c0e3b1d89914e",1,boleto,1,86.58
"1377241a1bc26c8414cbcdd017870afb",1,credit_card,5,183.79
e82821e8f1ffd4b14d53774b740db796,1,credit_card,5,59.85
f9ea74a0ba3d0e01f8f3a2c98bb35b9b,1,boleto,1,58.59
"94174e78ef007320fed36f2d862f3fcb",1,credit_card,1,237.78
"31f2497110f1ac4723c65060cd81dd92",1,credit_card,6,330.31
dac8bbf73624993402c1e7481bb37ee5,1,credit_card,2,137.53
"2d816b6a11ddd3843f307d1333321091",1,credit_card,1,26.68
"0b7d34c9f64b1a147d6660ceb770aba4",1,credit_card,6,180.51
becd371fde115e16f5a63f7f9db1a5a9,1,credit_card,6,84.44
"154e1f0a7267e7d9269d772aa4beeab7",1,boleto,1,58.45
"337d06bdab986563a27e4f5c1885e887",1,credit_card,2,105.20
"0b47f5e9432bd433f8c5cf64e60e6e5f",1,credit_card,3,103.54
"2f06cd9224ecc5ab33144e9252275263",1,credit_card,4,116.44
"786cae661e4ef4209fe7721d5b85cc7e",1,credit_card,3,192.80
"71c948e9e7c4785f6d297557bb86799d",1,credit_card,2,63.88
"0392bc239ce28b0377e6b3073df2c674",1,credit_card,1,35.49
"28e9ee43938891c706c6c9e8ce21d0ec",1,credit_card,1,46.85
"8bb46e03bff515e6fceb90c2185880a9",1,credit_card,3,33.37
"710a8cc8056322269a0a3b07d27bd84e",1,credit_card,7,73.34
"2b3291e4a5989aa74da08124229301dd",1,credit_card,10,209.76
"3a85e7db76d5fc41b9dadcb1d4e7a255",1,credit_card,1,336.99
"938cf33aaa64536379e72993eab4cef2",1,boleto,1,153.10
f9ca536e1ef897f153c183d72ba141bb,1,credit_card,5,246.64
"1ec5c99642df4c4c2469179b48e0343b",2,voucher,1,31.43
"7ffe1e4299b921d6cc634a5fe05c03f6",1,boleto,1,36.78
"425fcc243ccff35a28b40a54a506487b",1,credit_card,1,67.74
"33f45d9ef97405c50d2f7c3072bb063e",1,credit_card,3,63.00
"50cbc0ce14ba62ab76c2c353dbf6bb7d",1,credit_card,1,14.64
e7a65190baa4e6fd192246157c0b81fb,1,credit_card,5,53.83
"4f53648717b48854fb9db283e2cf5d27",1,voucher,1,8.90
"70a4b21bf18001a99d94bf894697b8c1",1,boleto,1,229.78
c0ac92509aa6420f0f3d6f78748793e1,1,credit_card,3,34.09
"493ba31a3539787ea13a41ca2ca33ef1",1,credit_card,2,196.25
cc5a504c7761122bceafca452e63c2de,1,credit_card,6,187.41
b7441c24c727cdf423f8339a62447193,1,boleto,1,285.02
"880a2443009447fa88b518da4806fc93",1,boleto,1,83.14
"4cc22fa6b7267027aac4151271636112",1,credit_card,4,101.73
"738a72a43a2a56d21dbe8874ffddd1af",1,credit_card,1,70.04
"4127cc6fa24501eb73f62be87d226372",1,credit_card,2,131.71
"70c135d2f6154ca40b2384cbdc39e913",1,boleto,1,90.98
f9198719b5e6149a3191c420285a7245,1,credit_card,3,153.39
"0c8813b39ba09cc6fadb5ce2c80671fb",1,credit_card,5,174.20
"8a75ced6f19cc287863a3444fd11f74c",1,boleto,1,159.21
eee39147362c420a076b96cfe10c8154,1,credit_card,2,175.08
"311f11836437bf8950d50701fb64fcbf",1,credit_card,4,781.51
"6b5f3d1c52d94dad724c01a4bacaa6e9",1,credit_card,7,78.36
d16fbfb439fe82b7efb949345d70611f,1,boleto,1,43.10
"541a17edc9f2346ca1757f05f5450b4b",1,credit_card,2,166.80
be46fc2896fdd32b6e696f7fe8fe8482,1,credit_card,8,169.01
ae1fecb2cfb176ba7c1d0feb3aabcbfe,1,credit_card,1,38.09
"3b4b5ec89dc09c7aedc74199be65fef7",1,credit_card,5,143.07
f5931f16ce0aba5c5f948d17919d04cc,1,credit_card,6,333.51
d4911279e8f92849f1685ed9436c2483,1,boleto,1,82.73
"7427328e71c167789ed4cc67e9f7a336",1,credit_card,1,23.78
"260d235e25b0be20b5688b8a76ae2f09",1,credit_card,1,53.00
f095f540bdb49344ad5fc17cc494e88e,1,boleto,1,155.14
"309688f286ca9fb39735664ba1e37b29",1,boleto,1,50.01
"5b5153bb02f4f2e953e5a87aa1cc8389",1,credit_card,1,70.34
"11d583b90a9032858521c21a83ae2128",1,credit_card,1,43.79
"648637c544f762334d4ce9bbe88ebe21",1,credit_card,10,171.61
db048ddab46bdb6a29c27f08073e29b2,1,credit_card,2,34.64
"765388e7b3d416ffe810ade706854872",1,boleto,1,148.25
"1739d90a28929b4a2dac3625b2a4d4d1",1,credit_card,1,66.41
"04276973bd289a01c0eb40a277fd919d",1,credit_card,5,79.09
ad7ddb009f1bcd6c40cb1106471c292c,1,credit_card,8,502.12
e4e9fa1ceb459e9dfebba5e0b09849f3,1,credit_card,3,82.39
a589caa6892ceacc6bbf2f8cc30a8ad4,1,credit_card,2,140.20
"2b64e4873e7bec66f8c1f551f88d3e91",1,credit_card,1,103.36
c284eb7adf76e92a2a39d845f1333a61,1,credit_card,2,53.29
d64d6b004a4ffd419003fc0a128c1c50,1,credit_card,8,234.17
"2d5cdc856665603f1580e3586bde89a5",1,credit_card,8,216.93
c887294d29ae18c8f8cdfa478a4a36b2,1,credit_card,8,344.23
b07244447d6e71d93891e79c556a7fc0,1,credit_card,3,47.43
"6f6ac7ec249334cdbb46329d2a381d81",1,credit_card,6,345.86
ca2b020221599ee940c1bb5be191cbf9,1,credit_card,7,322.37
ff8f8f9123b73422b7a732a02483d9e2,1,credit_card,4,48.30
c6492b842ac190db807c15aff21a7dd6,3,voucher,1,30.59
"1955c39b31fcfb4acc9cd5b9ab577c7a",1,credit_card,1,162.25
b1e4c6a1e5aadfa638df88ba7b685cab,1,credit_card,2,64.04
"505ad05b659736f51f674522b701d9a5",1,credit_card,1,75.08
c13e334a4d2b0b11e6422e69d009de0c,1,credit_card,1,50.01
"674c79007110911b0f14e6c43ab64669",1,credit_card,3,170.02
"23858bdc4cab9cf5b5de163b1f12ea71",3,voucher,1,0.60
b0e9288a209f5ec50391c140dba4c91f,1,credit_card,1,36.13
d66fe524b24e426e1f20aa7358ef80db,1,credit_card,3,96.88
adf1f47be859a7ab0340baff8771f678,1,credit_card,1,134.83
ee1c259624feb697ba9a84a268f77cfa,1,credit_card,3,163.25
a27874560d28be4b067361438e6ac19f,1,credit_card,1,80.32
"48997989a21e741f0f93be9870c82b90",1,credit_card,4,423.63
bb386dd878f0e22e224e88bf470d8bba,1,credit_card,4,223.69
"3d4c0e002a7776c781b81c8a08193522",1,credit_card,4,123.02
"9dc7211819545928779f926c67f9031f",1,credit_card,3,212.00
"66d762e0419035dd8b19815070a2b8dd",1,credit_card,2,132.08
c0b6d4c66078f849fe7e8baf7276888d,1,credit_card,1,61.40
ceba7b9f1fa81a563a3e31ee64fdfb16,1,credit_card,3,37.84
e1da8361c76cab67aa3588a1fbf1af54,1,boleto,1,253.40
fedebd6340d6998da33d42acafad9a4b,1,credit_card,3,36.13
"61fc1e01fc9cd8344b0d1fda336a8be1",1,credit_card,10,670.51
"2f4912b4871e8127d9932edd5a1ae62e",2,voucher,1,100.00
b1f6abbaec3261269b9ecc0f895f8c2d,1,credit_card,1,63.84
"9fed05363dd3f86fd9d02514224c4318",1,credit_card,1,52.68
f2b24727b13debfb30a1affc5bcbcede,1,boleto,1,33.99
ce8502b200546c12a54e51a65f313f34,1,credit_card,4,45.55
b565c648e96cc31e3a91feb417652a67,1,credit_card,2,102.84
"33a08d5c54f24e209c3a1c2c9fc40c97",1,credit_card,1,64.09
"80b8546dc40a96e03d6be3b166ceb025",1,credit_card,9,378.74
"3f913d30288c117e41ffe5cc74743dc9",1,voucher,1,50.63
f64ebaffa29a24b3630d8d9ab6cf43b5,1,credit_card,1,101.55
fa09bf06f137e4496f69f730fd93dcaf,1,credit_card,2,114.57
"4a74e1934860e224f8750db3cbc1e991",1,credit_card,1,111.42
"6428d066760796cd8507fb537438172d",1,credit_card,1,424.57
"4b558bf5d439e084e8e7807e55a1b591",1,credit_card,3,559.52
cd5ae8a80997eebd2b1f2cd4f24518d2,1,credit_card,10,165.21
f7380d2ae6b2e130f6b1bb997ff1194a,1,credit_card,3,178.27
"70669aed7ddba4c10b2243a0634069f5",1,credit_card,5,196.33
"953e5c1feb295e2fc31bcc8ee7a9f58e",1,credit_card,2,67.08
"8ebc0fccb4f136c5c90587a3257824b7",1,credit_card,5,233.68
"5c73abbb11b2fecca387746f9bee479c",1,credit_card,5,411.21
"90707a3b41e1c6cde0740f9754490e92",1,credit_card,3,61.14
"9d4f64a1f986f46f1a1b1ffe3237c5d8",1,credit_card,10,346.88
"957d88bc917940febb453782827cbaa2",1,credit_card,5,138.24
a55bc0ec4a744ea57652f24a183894dd,1,credit_card,3,152.36
ac7735eec51a3fe9e31e51210ecbad34,1,boleto,1,98.44
c7da1b57f7d2251252370bc7d94168fe,1,boleto,1,38.00
d2a0cfdf8f3b718afce8a4b9d943614a,1,credit_card,4,93.86
"4ab7b9945880c46a7fe643c2dacf9ce5",1,credit_card,1,30.51
c92da1253fc8d4fc0574f937f32bc126,1,credit_card,1,122.17
f29332f473a6254f4ff3916edf221675,1,credit_card,2,33.51
"927b55d4e72a05e5af01fa69bea2a4ac",1,credit_card,3,293.86
"7cb76df433b42580f7512fde60984ba5",1,credit_card,10,146.46
aee59dfc7dd589a60400818c624a6f91,1,credit_card,4,87.32
"0ae17ad341b336248ad884272d8c1c93",1,credit_card,4,396.03
"592acf1c0b9009209dc5aa920c851eb1",1,credit_card,10,184.03
a3f9696801e0ce6882756720d7580e17,1,credit_card,1,57.10
"9418f431efb128232722a4b4c410d08b",1,boleto,1,432.34
"09df42b3e78625578555d3d48cd57be5",1,credit_card,1,20.28
"84f61de0b1993beb8c361f2b2d84c16f",1,credit_card,6,323.07
d17638ac2491f744bd174a75e2b9c4dc,1,credit_card,3,88.36
"16cf9720961cf627fa5911f4e37fc6f9",1,credit_card,5,357.13
eb663148871943b62e1729add83f8051,1,credit_card,4,49.11
b71ba668b12da5320995cd74acecb2fb,5,voucher,1,25.00
"963c7a2f550e2790045366f61c790bb7",1,credit_card,5,125.42
f037c28c7c878c3d1df3485872d3b63b,1,boleto,1,82.05
ab7645aa9bb508419e3dfcd8805edf76,1,credit_card,1,201.65
cc9d74eca99800ac6ddfffb42f0d3cc6,1,boleto,1,57.72
fcf380438c697a895901151d7a333c5c,1,credit_card,1,79.28
"77398a0f3a4c177f2c4c7010abb1d9d9",1,boleto,1,464.89
b65f0508b5b5fa22d363a4e5f2462553,1,credit_card,3,64.86
"32e943adb1bf8c4ed11dfb4e6ee5aea2",1,credit_card,4,86.44
"15513623d17d4fbfb1fc871c176e9f75",1,credit_card,1,54.78
"93f6802eddf412ddaece53aba01d1db3",1,credit_card,4,92.13
c8b6a10fdc0b6fb3040774de4aa672eb,1,credit_card,5,168.08
"928c456c589166bf1f6a77a4ec6a8165",2,voucher,1,6.45
eab03e7736b6f5822bd2bf48812a57ae,1,credit_card,10,415.00
"50e46ab38a7ca83546cab50d4bca4835",1,credit_card,4,218.27
a56a8219728fdbdc71a20c07b77f1328,1,voucher,1,20.00
"9f3458f0433d4cfa472f4682654b8d49",1,credit_card,4,78.18
"275ae19d3b5b88d41fe617cae7a1e056",1,credit_card,1,31.82
"52463ab7b28436f48c3ae2a48bc87ef5",2,voucher,1,50.00
"316af200f0fadf8a73193434b9b050ed",1,credit_card,1,62.65
abd7d619de0d42df3a64707190c05bb6,1,credit_card,8,403.80
f77fe87685972d2d1a7ff6600f590d59,1,credit_card,8,241.45
"2e935fa1d39497aa0ec3f1107fbfb5b8",1,boleto,1,18.37
ec3c91446200b1b6f5d6f20fc5a61ab6,1,credit_card,3,170.87
"164f22d152f646ca5ebb5a2049e3adfd",1,credit_card,6,153.20
"9d4ef6bf8501238d56e2c970ebae7d77",2,voucher,1,180.95
"9941c14602ccbe66611b6a4b8fe01d99",1,boleto,1,172.72
e1065a0d77c2e2f08c58c0d4dafccecd,1,credit_card,1,90.88
"5890a9968745a4abfa3f8b06cc29803d",1,credit_card,3,139.71
c5bc8257538b2c4e938a4e8836aa70b5,1,credit_card,2,91.48
"7c3797b7f047e4358a5b2f9b9cf2e927",1,credit_card,1,77.14
"1565a76a3a30915bbcab8d5e698836cc",1,credit_card,7,108.92
"4fce9f3074d7baa96d8aae3caf9b5f6b",1,credit_card,3,666.27
"7a363dd1eb003c19a36e4eba73e3105d",1,boleto,1,405.78
d8734ba226623cf1c86b3cce8cbffa78,1,credit_card,4,589.42
"5d7c9ec4aa4d83e0b66b73e3ad2d7c06",1,credit_card,5,126.94
"17c378811f6ab30e2c7d554f2d4fbd44",1,credit_card,1,1300.57
d684202253f5f00621b0afd578646f3d,1,credit_card,4,69.41
d738a4231586b1053ffdc9e064e9b1ab,1,boleto,1,248.29
c6b82ae325fa2da7b9344f222b76908c,1,credit_card,4,218.26
"76927b562beef6d31416c21778b2b4e5",2,voucher,1,5.40
"6444228a697a97d50b23bb9fd5c7ccac",1,credit_card,1,80.77
c4a1796b7d23ecebfc720e4dcd2744a2,1,credit_card,1,95.67
"40a9be4510459ae28841128e5938153f",1,debit_card,1,83.73
b25add7c80a79c6857f7a0a3180debde,1,boleto,1,82.97
e91d77b27ccd3bac6b23a34a44ae3db1,1,credit_card,8,127.01
"6ffceca9eae57a5820b52af281b58bbe",1,credit_card,6,140.08
a62de6fa1ce225032f7220425c941b50,1,credit_card,2,123.02
"2b5a652c5e22d7c846b463c4888c5896",1,credit_card,3,128.00
"4172088f591c8a42cad3f5ee56f678c8",1,credit_card,2,102.87
ec3321f3f4d722104c66e3935b6f1d0f,1,credit_card,2,80.77
"41d6a7b15ec6c87722ac10f480c1d5e3",1,credit_card,1,70.34
"942e1205a3ca6fd0147718ac16f4bb54",1,boleto,1,193.19
"92623cbeebb84cd7423fac6254b414bd",1,credit_card,3,456.81
"44bb5734f29017e33add235fbdf83b90",1,credit_card,1,72.64
bd321a43c9e3e0ce286bc76d7bc18e53,1,credit_card,5,222.07
afb45414100054ba4a61c3fd695ec72b,1,credit_card,4,121.98
e98ba943e04c65162bf2baae4db5d171,1,credit_card,3,194.53
c488c9d2cc2f504be29a438ffc08ee6b,1,credit_card,1,95.35
"936791179c34e3075442addfba1a3089",1,boleto,1,135.62
"0baf7baccd1d8c755bfb78c96a2bbc62",1,credit_card,4,103.55
f5f3d42a187a504d4c574ba759ef3dbd,1,boleto,1,258.45
"6509efe5f7fec11ff1e44d9232103a0e",1,boleto,1,301.76
"42c384d95181d3ee567e8639ff74fff9",1,credit_card,1,84.34
f7540aab098d4ad144b44ab17f44fa63,1,credit_card,3,82.37
"0f2bbeda958833e5a67ceb4368f282fe",1,credit_card,1,436.14
"3f76c80c72931658268f24765a09ebae",1,credit_card,1,132.05
"8a6b15db7cea5a4cd260873d4489bfb0",1,boleto,1,63.10
"22821986209b9ac29a9b23ac492b2844",1,credit_card,4,164.82
aeec431748740b82048a6041aaa69c5d,1,credit_card,1,20.29
"5bb20a1f6eecf52b15642965e33b6dde",1,boleto,1,125.99
a83ec352bf720dbe45b1c76eb9867ce9,1,credit_card,2,110.52
"11642e99761a28ab38643f6a876f4e9b",1,credit_card,1,208.51
"30a5599988bbbbed7e082d19cb225431",1,credit_card,6,174.11
"5253650c645f3d453fc1dadecbe9d2c8",1,credit_card,1,43.09
a445dc87690b262055f44d1641033069,1,voucher,1,35.68
e0f06a57d717562c49f91cd309be4598,1,credit_card,1,185.59
"0478ce23b7b39ac01b3bbd39109b083a",1,boleto,1,151.05
"3c5734985708da8eba1dc17768aacafc",1,credit_card,3,44.07
f2a6774c892c14709d530828352bdd34,1,credit_card,1,145.01
"3b8574ac0df531f31f1bfc18f9d9bc97",1,credit_card,10,139.51
"6da45c88a41888408e61bfe388d93f01",1,boleto,1,56.42
d4a3c28ffadf7c451e1d420fb14fe13c,1,credit_card,1,94.63
f0dd29734578caa3db607e173070e2a9,1,credit_card,3,84.73
"773632f583feeda7d9b063496b6526a2",1,boleto,1,85.58
"37f67c0f08baff980a2be6e9216099dd",1,credit_card,7,73.34
b5ffba2e8295cec77424fe5dc22f2dd7,1,credit_card,1,26.55
fbe0baec4dd1bdab2071fa89f4921473,1,credit_card,3,111.38
acee82e21828ddd887e48ad3afc6704e,1,credit_card,4,188.64
"63cf60878903ad6824697ecfa2bba46d",1,credit_card,1,26.65
be86cba0a64e59a003b13aa28388d3c9,1,credit_card,1,165.52
aa3babada56030c2ad79976c60d51e79,1,boleto,1,93.81
"2eaa9442b80b5a4698a0635ebbb65dbc",1,credit_card,2,123.33
a115115559d40a6b8a7bd518af5e1115,1,boleto,1,90.29
ee8eb8b78945c68960a7c42e6211365b,1,credit_card,10,914.68
"2bee1f8f9eee93e1c28bc1a9ca98a896",1,boleto,1,50.87
"6d49ef945903365b72a86294b54b948d",1,credit_card,1,269.55
"8a7637d805be7b25b3124bf6aeb04c26",1,credit_card,2,132.57
cadea13175cc1434c96265941592ab7b,1,credit_card,3,88.18
"14861b02076ed7da9471988265a0104b",1,credit_card,4,2267.18
a3708faf029ec4c5f84127cf7e872aa5,1,boleto,1,54.13
d83c6337cdf106c0818f7cd984240f59,1,boleto,1,99.45
f30b5e94b68ee195b6ec2d817e5bef0c,1,credit_card,1,37.98
f149be0602ecbdd2222b8fdfa075a73f,1,credit_card,4,178.71
e23cd9d0832eeac3bc6e9c55cbb64a53,1,boleto,1,41.54
"6445a8b97a5e66d5c72eec0cb6650141",1,credit_card,3,857.60
"26a61c64f323051101667738921220fd",1,credit_card,1,62.44
a740ec24c1003da3578da8a0627f50a2,1,credit_card,8,120.07
"80848ca638a6e695838ebee7d2409893",1,credit_card,2,116.44
"192e8093aeeb86d202c1035db3a5bd48",1,credit_card,2,1570.79
"289d1ce30c672184ba3722d783df7628",1,credit_card,1,83.41
ea49ccd093967a3ceccdd5da05830b39,1,credit_card,1,51.79
"0b602fa35e64e463c90698d2e859af54",1,boleto,1,42.38
"2e732f3baff2aeb3f81752eb0368577a",1,credit_card,2,57.77
"78e790c1defefa3d8515bebfca7315b2",1,boleto,1,93.29
d2c286d007ba2997cdd80a931d7af6ea,1,credit_card,1,65.32
"3c2a7cc75899d6a06e8735da9b7fa302",1,credit_card,1,21.70
"8298521946fcd8c9f8b984aad6176694",1,credit_card,4,124.73
fed4434add09a6f332ea398efd656a5c,1,credit_card,5,56.04
"07f37be24f36255553680d16336b6d1a",1,credit_card,1,101.14
"2f2f33a69a673fb2559f95de9f14538c",1,credit_card,1,32.42
"087b902fe8df6660b295f28f1d8f7c30",1,credit_card,1,41.05
"7e746592e95b3026beaecc92855b04b1",1,boleto,1,61.16
c4c6e8f064fd8995f96f6abd4c5b0e42,1,credit_card,8,450.16
"8e935724e9c193a2fac95586bd2fc056",1,credit_card,6,732.68
bece5e930ddaed72094b5818d4e1e0bc,1,credit_card,2,202.42
"777fcaf946b6f903bc6549785d3b3c2d",1,credit_card,5,75.29
"66bb893cb22818f4c91fdfcf9e2a81bf",1,credit_card,3,61.24
e3cabd867d0bc59470f4c3d24a7b2f2b,1,credit_card,6,246.35
"6a2a2625b249a88c6ec1b37192c30c6d",1,credit_card,1,130.26
"65cec19435e12006a71190074e5eec64",1,credit_card,2,155.14
"5aa65b67d199200514ab0d0a701199d2",1,credit_card,4,99.34
e5b49ba394e6b590bb09d99929f32d7a,1,credit_card,3,234.55
"5a1c439f628aa5c1a84b11b8a09bfcfa",1,credit_card,6,193.98
"7f7c84dc8cc814c4354d21d64ed73a35",1,credit_card,10,613.00
a31055f64bb0e04b826375f282e88c6c,1,credit_card,2,116.90
ce957db0e98045f489b3be23359a90f5,1,credit_card,5,138.08
"10b0cc08700da34fd2c2778af9ab388b",1,credit_card,10,122.00
d00179bc87932107ac934cad54be82c6,1,boleto,1,54.38
"9a33a8e80401e0190e9299a6547b5723",1,credit_card,1,294.54
"9bc5c73ed95bec088ff04d924946fa45",1,credit_card,6,427.90
f89a51effc7d2760e697be96c77149bd,1,boleto,1,131.61
a8898844029abdc3064b4fed7ca04a47,1,credit_card,2,58.37
dceb62e8fa94b46006c9554fed743df0,1,credit_card,1,35.75
bbc7d177c97f61d86a7486d86ed7a8b2,9,voucher,1,2.92
"8dacd1da7c4dc40d5c59e7ddd93b3ac8",1,boleto,1,94.20
"14a76254fd8b520137f06d37b1cdb8d2",1,credit_card,4,175.26
"87e6012cbee71826e51d13439f497eb9",1,credit_card,1,37.80
"01c7b08f0c05952ce15edb928bb63d2d",1,credit_card,1,300.99
"5e4264d346083d24d1dc20b9f656a728",1,credit_card,10,1052.36
d74c5191d69390293b9be9c2efaa8d38,1,credit_card,7,70.12
"8bd34a173d34d6aa86d5e4a0627f7b97",1,credit_card,2,47.35
c9410f5c5b7fcdf2468f45213407d3b9,1,credit_card,2,118.84
"40bdd1ba5a9602677ba0603dfb0a659a",1,boleto,1,133.97
"50aa3e58985353eac3370fc8bba877ad",1,credit_card,1,124.13
f848632484a14e56ee4ae609d013b95d,1,credit_card,4,103.26
"4033aa2bed487107c0ab9ee14ce180e6",1,credit_card,1,88.75
aca28aa46a33eaae0b7377883b13189b,1,credit_card,1,96.68
"578ef9ed2638d4e10337e50e37566344",1,credit_card,7,231.90
e51a65b081fdd3d9ae9c8935d326990f,1,credit_card,2,141.94
cb7def57f4ae68a387231ee8e446bd50,1,credit_card,2,96.71
"86e883b47142d3549c534112623c0de4",1,credit_card,3,166.68
"72e300729f4020d73fe590991e104c15",1,credit_card,3,88.49
fa65dad1b0e818e3ccc5cb0e39231352,10,voucher,1,12.86
"1d9a9731b9c10fc9cba74e6f74782e8b",12,voucher,1,6.56
"7b072cb297a1526bf0dcd28d61c6004d",1,credit_card,3,63.16
ea22618b32b3545da7c820e1ea37f0f6,1,voucher,1,20.00
"121c96617b2e0acee04016a0f37c1c7b",1,credit_card,2,55.00
"84e340f8ce26dd8b76b86f8d2c84debd",1,boleto,1,138.92
d264cc09df2d6232397d0a9db018d01a,1,boleto,1,205.07
"59609049605148c00fbf0e6fd9a127df",1,credit_card,1,147.72
"6e1979943e76d1c5dd345f34790c5dc0",1,credit_card,1,213.65
cbba3011242ca136008316701ed79229,1,credit_card,6,106.29
"2177c4dbccb15e413419402aa089b530",1,credit_card,1,82.33
"68e3cd57e173ebad230c2879e6c78401",1,boleto,1,21.04
"7595f9b8e070df43bea3c85e1e25d361",1,credit_card,1,20.80
"04f917df18d906d8a147182234788026",1,credit_card,4,157.35
d9a9bc50c9da52930374f4884e3175f0,1,credit_card,3,163.71
"429c8e72bb984330b65c6050435242d1",1,credit_card,1,82.90
fcef6b2702ddfbf4e13823c52d95627b,1,credit_card,2,143.27
dc35c2c8b79ef8d3bd5f7e67ebc94051,1,credit_card,3,226.48
"0f238eebf8511e286a8c3fb6330ece54",1,credit_card,10,845.81
"1b4f84742c7c3d03f7c6d519212514ab",1,credit_card,1,32.96
e42bf7067f681fd8fae881e02681808a,1,boleto,1,125.00
"19174c55645d3a9ae7167a4446606b5b",1,credit_card,1,177.29
"696f3d1ca8c81318d2b46200ddf3023b",1,credit_card,1,34.85
ab6ccded40dba2056dfa826368b5adf3,1,boleto,1,34.75
"7000a7e12f1bd709320d5ba33e246930",1,boleto,1,176.16
"9a3deb474c6a3f4fbdf3252718392c47",1,credit_card,1,192.98
"4ea61612c2adb6064eee7be77278808d",1,credit_card,5,59.43
"6d593e5622aab63ba5830ea1dbfaecf9",1,debit_card,1,99.77
"6b5c5552303cda9591b62780e16f6cbf",1,credit_card,4,46.10
f01a2dd1fe1bb662f246971e563eb4ca,1,credit_card,1,17.33
"302e35ab075da160f3f02ba14e56d918",1,boleto,1,261.90
c75e9a685439f75e990bcf13443f02c5,1,credit_card,4,500.00
"885bfb849481052082fdecde1e4b724a",1,voucher,1,82.06
"7e028aff656f744dceb30501de14ddd7",1,credit_card,2,175.65
"959ceecf84ceaad064c8c99f1970fb53",1,credit_card,10,1517.70
cac1850fae99ea24a8186fad4db365bb,3,voucher,1,20.00
"67237faa0d1a15c51811b4888270a4c2",1,credit_card,2,118.57
"59b8a01e16359f7855eb1fc04091ca08",1,credit_card,6,80.89
e3369fffb9c064e20cc82f4f612ce0ca,1,credit_card,1,75.30
"4b8554eedaef8a794db32fd6f2663cc0",1,credit_card,2,182.91
"9cbace8b4f2406f3a0a9c404d60a2328",1,credit_card,2,87.32
e752e06086626026b152f99c6f51fb65,1,credit_card,1,20.27
"541908a1babbdf38261cbe80129fab03",1,credit_card,3,155.14
b865bf62fce1552218ba53aaa950e1cc,1,credit_card,10,324.94
"7dfd52d05dd4bf18de9e17066c123de2",1,credit_card,8,180.15
fae3a27fae556e4943abf630277a6efc,1,credit_card,1,147.78
"3d422fc6d6750bc646e96641823be1e8",1,credit_card,2,124.23
ab36f41e5d298012acb2179337f1a9db,1,credit_card,3,34.00
d8c67af252d6fb9d0627101531bd3833,1,boleto,1,67.53
a92232b41fcd16d21f69ff9d11648bbe,1,credit_card,3,150.14
a66a0d868cc06abee5b71f206da03f4f,1,credit_card,1,148.61
bd086ca155971e41011456e63e94f36e,1,credit_card,6,92.60
b6f50dae2488438e81d1828b3d45e161,1,boleto,1,1147.50
"81c625b19905554b5b5fd2277f4e5a0a",1,credit_card,1,55.00
"8fcba4aadf752a090bcb6f9bb70be752",1,boleto,1,69.04
da876db1c81523a33b4c05cd13a3959e,1,credit_card,4,256.43
"18517c2680695f31500ceb6b1840b8e4",1,boleto,1,216.15
dd1170f24eb54d1e79df08ccbb49a377,1,boleto,1,92.90
"2beb6e42ebac795d47860b9e7afdbaa2",1,credit_card,3,228.50
"299a083b6bd82294402dfa7d0df9980c",1,credit_card,8,196.52
"7cb6e4af5a197f3923e8c8358ca71f0a",1,boleto,1,399.88
"2db2dc20484db2974294a7ef21cc66c8",1,credit_card,3,159.06
f6ef0c6575034b2fe19ec54a07aa3633,1,credit_card,5,111.02
"212399bb2189b8096965b199645d7d3d",2,credit_card,1,36.68
ab001f825765f185062e85eaebc010b5,1,credit_card,2,28.30
"99eae747b45fb42516e46311533b3064",3,voucher,1,20.00
b19729f4717938d651f26d5f33dffd72,1,credit_card,8,206.99
"517edfde8ef25f2a7f7da80e82c77c27",1,credit_card,4,274.56
"7801e6ca1a15c062e68bd3c558df3d04",1,credit_card,2,106.78
"099acf2a98eba9bab889af025be407b7",1,boleto,1,113.40
"503c7d5d134281cbc25783a87057f690",1,credit_card,5,215.55
"705de20d99bad1d33f30357181b9e9ad",1,credit_card,4,81.28
cc7a31d7b05b15f82757614d415a1d08,1,credit_card,3,96.02
"363ef87a97dcef74ca5b91ca4a415f3c",1,credit_card,7,72.68
a1119e009d1d91655405307f4c095818,1,credit_card,2,65.67
aea6f638ec66f7a8db1a9216ddaaff2b,1,credit_card,10,255.78
f50654324d7bc3b79e01a02199fe1585,1,boleto,1,110.19
"684325e74b4d2f07cfe986595c839a38",1,boleto,1,253.08
"6010e18fb4f51bda7cdf59826fb9157e",1,credit_card,3,162.55
c768b1d3a1541f992ff2a94488a364d7,1,boleto,1,57.91
a2631791e4e10f8982af38bcdc3e09eb,1,credit_card,8,118.17
c0070e7146aa7d97028eac87ba2df69c,1,credit_card,1,52.78
"6d4cb52fc88ff9535115b7faae8c69c9",1,credit_card,5,52.78
c8760b2b21e61235273701a644b5fd95,2,voucher,1,45.10
"0871bd17337f3c779b6ce501af36a4cd",1,boleto,1,288.06
"5f535417894495b2b12f4de92d996800",2,voucher,1,7.30
"79c8897f906ea5e193609356e218f5aa",1,credit_card,2,179.60
"541a54e2a8381eb2797b40e7b1b255f0",1,credit_card,1,57.77
"59fa27082bb77c5dbd8a6568f3b34380",1,credit_card,1,144.94
"0497899302217e8f8ea8645ac33c1882",1,credit_card,2,121.16
"363f10f9a33417de0135b77187a5222b",1,credit_card,1,47.11
ca4d9163f73c29c767a726571e8baf23,2,credit_card,1,59.17
"750dc44e764b343329a0064fe26ec58b",1,credit_card,3,119.65
"15775cbae05fe929de188870848e4129",1,credit_card,6,71.85
"4757ef1fa10e5a5cc3e8ec29639f11f1",1,credit_card,2,89.45
"60955f77d741a838580384007152692e",1,credit_card,1,89.41
a057ba313e2ecf618126061eafcebc45,1,boleto,1,57.38
"0da1e80855b93d954fd8f95c571cb191",1,credit_card,1,126.52
cecc450aed233004e69538a4ce7f7f37,1,credit_card,3,65.01
"9c0bb2c7680b4f084fc874b19722fc88",1,credit_card,2,45.86
"567320164aa96555310f5c8ed6e8c5d7",1,credit_card,5,54.01
"39d4b3308183021b1e0b95b195b4589b",1,credit_card,2,70.03
a18cc28d5b932f1f4a35cf7c4e63e571,1,credit_card,5,270.72
"39463e03ee1cf3c0c36db7d3dda89117",1,credit_card,2,100.68
"701f27990d1bec0c6210837db886ab90",1,credit_card,1,35.84
"39b13503bf74cb241771a5bdc7608426",1,credit_card,3,355.33
"049bad09d9281445edb6dd1d6ece7395",1,credit_card,2,87.71
"3a7162d3eda153a373ed4112bdf53b32",1,credit_card,6,76.86
"1ad01d500af41c23f0f84509df94f797",1,credit_card,4,49.09
e0614e688d081a4fde76eae315bf2101,1,credit_card,6,324.59
"605396ecdc2610304702411452c54a91",1,credit_card,3,73.83
"0cd2179b125d8eab88815631c3ce586e",1,boleto,1,221.79
"762ddaca284fa16755af5aeef88e55f6",1,boleto,1,665.44
a74bd7028543600b2bf880c8b7040fa4,1,credit_card,1,60.42
"50ba38c4dc467baab1ea2c8c7747934d",1,credit_card,10,219.63
f1e63d984de289ace77245034ae6cbdb,1,credit_card,7,84.59
"360e47fcc6d138ac3f658d058fd2ffa3",1,credit_card,1,135.59
"80ebc4b394da179618cb81b97f9db2cd",1,credit_card,3,96.49
"7ad99dd647ac730449ac7193ca005527",1,credit_card,5,61.22
"87c30aa444c21f77f5dcedb637f9ba85",1,credit_card,3,230.44
aab7f3f00c73e3e209b6e84412a3758b,1,credit_card,2,115.05
"4161798c09365bbbcacafab93fa8a790",1,credit_card,1,85.60
cb0cde0092a5383a8c528f939deb7e34,1,credit_card,10,305.59
"9c70736fb3a0b0f4432c9fa2798a2dcd",1,credit_card,3,177.03
"60370e827435d6cab7062f5852f15d80",1,credit_card,3,33.77
"6de01bde7c77294473059b82b205b7ae",1,boleto,1,53.00
dbe68b74bd4b3b7e0b5151c19263237d,1,boleto,1,166.23
da99cd03d06d3800fdc9c43b1581507a,1,credit_card,1,29.49
"9a7c4a07a4b1d502cdba82f5b60123ab",1,credit_card,10,183.29
fe2a11e8a3b98effc469854cd38fafec,1,credit_card,5,156.45
"26967c9a40c842f7e0067b4ef5489082",1,boleto,1,257.87
"53d1f26612893ef17dbc27d69a8382e4",1,credit_card,2,146.17
"1600c77ccd20164d6da4e2285d3ced92",1,credit_card,7,76.70
"5227f2736ccc6b82c2bdf19be46b1320",1,credit_card,2,174.46
"64d5bb1764f742cbecaed917d384da32",1,boleto,1,39.42
"3dd3af0c0ea3929f82a3851cfb25f0a3",1,credit_card,6,204.07
"7de07ec95928feca2cc51d11d2561f3c",1,boleto,1,166.35
fe3b7d7e6df783d622ae530f841bc87e,1,credit_card,1,56.37
"19a446583991325bc207214763eea124",1,credit_card,3,339.56
"3385c99ff53af3e0f1115d79f6165d6f",1,credit_card,7,367.20
"24eaa9941af703f34c309aff1a56aa5e",1,boleto,1,54.62
"1800e46c3912d9882187335b9768b6a9",1,boleto,1,216.60
"916f5a97fd2a0dea046534fac1fbbd88",1,boleto,1,84.56
"5d4823ead7848e3fcf42c8fe91cd697e",1,credit_card,8,637.81
e54709b9ea953fc92e1964e0772eecae,1,credit_card,5,151.07
"5d97051b2fbe2d850d8c195e054735b4",1,credit_card,1,83.00
a36a7f2219c828e52cb094ddc8d89b84,1,credit_card,2,195.60
"3e0f5ef6c203acda1961682cdfe47606",1,credit_card,4,94.25
bde3f99beee2c5c327b399fb066e85e4,1,boleto,1,78.30
"505d775eb158590af72d04189474e23c",1,credit_card,8,81.11
a7ed24c6e9dd5c83996984932b57c9dc,1,credit_card,1,72.14
fe575916daa713f9830a8b7362121621,1,credit_card,8,103.19
"045806c8806bca9909e23a1a79cfdd0c",1,credit_card,1,174.15
a605a7cf5180284bea895720b8515040,1,credit_card,1,157.91
"97b4cc9d2433a4b4f42fe54621738b78",1,credit_card,4,328.73
"3e8a5d7a9c694f157149b42fcba7a059",1,credit_card,3,872.95
"51efa345a1180ca3879442a31b0a265a",2,voucher,1,194.88
"1ae6cdc7484c3cf6f29144b09d68f360",1,credit_card,1,28.13
a4053182813e7c27c89a787f74361603,1,boleto,1,317.76
"1803c7e9eee1785304c1266d06ee1f8f",1,credit_card,2,120.82
"370ea9c16345a128a6c6b8b76a475d74",1,credit_card,1,46.14
"2e0900f25a11a9802bc76d2613b1144c",1,boleto,1,254.06
e077480e5c55c37d64833e295eab9b3b,1,credit_card,6,136.44
a0d3f54307b8ea12232f5036ed0346ce,1,credit_card,1,217.78
f5e55d131e51bd5f0dccc56c9096a951,1,boleto,1,94.16
c076716e911ff533f3dd8bb44258c8c1,1,credit_card,1,56.92
a65d018a7a1122b4312c742d7107e021,1,boleto,1,178.88
"57d0f29d2d770802ab8e393778fc9052",1,credit_card,5,114.70
"8ed355f30b1d3d5b82be51adbccdf067",1,boleto,1,237.68
"9b8759d21a6df9bc2d6f451c972674c4",1,credit_card,10,156.60
"1d14bb358f43b14725c70bdc035ce24e",1,credit_card,2,40.53
da0a6ee487d278ae0fc77b10e9c18d8e,1,credit_card,10,100.50
ac421cfa14e42c29519f372fa63c6558,1,boleto,1,79.19
"8b69e25aaf296391c63e1158984ed9ce",1,credit_card,1,275.56
a101dc8c16d9f1b0217313ca346231c1,1,credit_card,6,136.95
"7741a0c0ccbb42c74fb27c570c7e5354",1,credit_card,2,108.32
f5967f0a9a614d8ccb6b2c1c16bde5ed,1,credit_card,1,128.88
"04f6cdae6a85ade2864cd5fc811fb9ba",1,credit_card,8,540.06
"44ffd19b3bd3915642db0231344b8b0f",1,credit_card,1,38.01
"309d93b13e288fdf8b2f10db048f0f69",1,boleto,1,193.70
d6d5256fd785237c4ace6b84392b2e28,1,credit_card,2,111.85
"8e21294be5e4cba1d069be0f7d4eaae1",1,boleto,1,36.35
"3cba3b35a00b76f3a83d1cd84bd9becd",1,credit_card,8,362.41
"626769ebfbed1c226afe8deb0a5381fc",1,boleto,1,76.08
"2345b8390d7bd4e3dd2bdd0dd7ab89cb",1,credit_card,6,283.73
bfd8b65b23bbf044e7ae60f3682bc225,1,credit_card,1,35.36
fa1a7d5fce60b676600d188b753759dd,1,boleto,1,99.73
"90dea0577f835cee1385c71345f7a1d9",1,credit_card,1,89.82
a9687a65efa981b3d1e10a8b437962da,1,credit_card,1,68.12
d28830771e797451d8886435458033bc,1,credit_card,2,80.45
"445e644ce100ddf209bc9fd616d882ae",1,credit_card,4,74.74
"8efcf7a83f834c59c8d6d7d570d41485",1,credit_card,3,113.05
"782d3bc431fb7dfe50633f53fff4ac62",1,credit_card,3,46.63
be5435c57df6900352df2542b39a99de,1,credit_card,1,147.15
"4b4983c2c40d67af0bd3ec2ac12e0ffe",1,voucher,1,58.49
"02d273267575a29864f552b2de598580",1,credit_card,1,221.16
"31b4e29d481ffee1ab729d2864f96173",1,credit_card,3,186.18
"5e6bf1bf3a918bd776e4e85f10672d65",1,credit_card,1,49.96
"0673ea591e7c9108ba7dc1a5246111a5",1,credit_card,2,89.26
a6250b4996a823cd8718a16e9b955868,1,debit_card,1,46.72
"2be45f506aff5e82c64c2b808fe8a93e",1,credit_card,1,47.86
"538c04c1b131ec55fcb33857d597c05e",1,boleto,1,74.16
f3d418a0887dbfd5bd41c788c87ac28b,1,boleto,1,172.81
e601f404ef484e156f2242dc5ebd5554,1,credit_card,1,144.30
"036ea72a17833a6fbbcd3e4df8250292",1,credit_card,1,85.14
"391cbfa45cfc95e90b2168e5afe04b25",1,credit_card,2,793.09
"54c60b5e55b7cfa229a34e7ef63ddb96",1,credit_card,6,62.28
f64b1037e9e9b824414ca423e452b1d0,2,voucher,1,33.27
bfa8088a92f7ab4ae75c7841ad9cac8d,1,credit_card,7,75.24
"67b5447a2cf4e164c948e2ef8e2c41e0",1,credit_card,1,65.09
a890088df39d4c062a07081527034784,1,credit_card,2,125.16
"6a333077739385e594ea01b12faf9323",1,credit_card,2,131.73
ef70439747aa47b2855565412ab21f9b,1,credit_card,2,188.94
"00e7ee1b050b8499577073aeb2a297a1",1,credit_card,2,146.87
"2af73a7fe3cf7bb2902df1ea4e5d7fad",1,boleto,1,149.11
d42c0ebb65d63fd42b509a1573c281aa,1,credit_card,2,139.50
da335e512c5172e253ee80cb42acf8aa,1,credit_card,8,86.07
"459bf040bdb67f151841bbf50f9b10e8",1,credit_card,1,77.65
"15d975f1c3d089ac26a9b8b40df63d7b",1,credit_card,2,108.71
"26543fb8b34f4547bcbbd431f998ee76",1,credit_card,3,103.55
db3fd10393c002f66ac4556352012620,1,credit_card,2,137.37
"9ee843f1dbc9e086243f0d789e7abaf0",1,credit_card,1,95.44
"835b4e81209a4b39fb6142da1591bd88",1,boleto,1,48.69
a3d314d074a652024b6b7ce9cf5e9275,1,voucher,1,158.37
"2dd878438308a6896f7a9f44d4343435",1,credit_card,3,274.87
c8149ea29f0a2d421ed6f7a82b6ed188,1,credit_card,1,61.75
"90553773adebd97e53db3810be841c91",1,credit_card,2,122.47
"8d616a8d617842d9ab7a23a0f5b23e5c",1,credit_card,10,124.40
c16ec8e984cff6fc7c08ca725f3ea5d9,1,credit_card,3,377.31
"35587b2be9f6f8d236e7366bddaea915",1,credit_card,5,107.78
b8e050c168370eed245ccf612471a597,1,credit_card,8,234.46
"0b5de0076d26726a10d457e57b93ff25",1,credit_card,5,56.88
"75ea013a92015fd0672cd754e3258b33",1,credit_card,6,673.34
d55668bb11f39447c1b40421a936e403,1,credit_card,5,103.43
c0cbad6a3c8fdde69b705b0016769afe,1,credit_card,1,12.32
e2fbbc5e799749941a23275230ee1d8b,1,credit_card,1,162.51
"87c8e3ac05f5f884b03609437857cec4",1,credit_card,1,30.79
"36e4ebedf866c08c5948ae0f46dfd134",1,boleto,1,66.63
"6efb320b35e0ec4002d7425572316b3f",1,boleto,1,191.83
f2a46475bee862205dc161014bfce25d,1,boleto,1,238.02
"995d87eccd226be9b3c4b980d2728eb2",1,credit_card,1,103.12
"862510fc0a355d6cfe5c4add63ae9566",1,credit_card,3,245.00
c389bed1741c8f36cfc6908c1677288b,1,boleto,1,35.77
e17bd911e20bf0862b784df73f0940c9,1,credit_card,1,117.16
c2fb2be28249222077a2d3b586195433,1,credit_card,1,63.83
"33a5adbe3c5999ca418351ca4cd8bbdc",1,credit_card,1,55.11
"8953a647003d73790117d36c57de87b8",1,credit_card,2,131.36
"560f8dd770a2b2c009a4fc935c507014",1,credit_card,3,40.09
faf18cecda32bcf685059fb419574421,1,credit_card,1,106.02
"5e0609ae0c6a25f98bfec7d1350f9608",1,credit_card,2,37.37
e5535466d23681cc97013097a0644150,1,credit_card,1,136.09
f313be47c42e07616027ad6d6ac3034c,1,credit_card,7,74.49
"3153bab115709bfda1319a48a1690344",1,credit_card,10,300.00
b0e26123a9efc3ad3ef191e50b262084,1,credit_card,1,53.00
"230a015f541602e3e910d230e610f110",1,voucher,1,279.70
b5afd0718531dfc9e9ea16d79715fd8a,1,credit_card,2,259.32
"13022256b6b5b8535e57b1877c0812ee",1,credit_card,1,59.65
afa0a26ce5b6abc3ffb6387fe93e2721,1,credit_card,1,121.18
ef53ed0382d7f4a3ce54b8e4a0ba7143,1,boleto,1,128.15
"125f4dd03bbae6aa696e6196ac423f72",2,credit_card,10,234.69
b788267177aac63aeb5b805af8edd8df,1,credit_card,8,439.72
fde34cec546a38cb083843964bfe83a8,1,credit_card,8,135.59
a573cb4336fd3982959f7ddd2ec8724b,1,credit_card,1,41.01
"87440e08790d85796f5b8bc9f5ed2707",1,boleto,1,362.38
"36863ac8590d8776002418d844275735",1,credit_card,6,62.83
"7d3641e32d8be63b62c24a62992e6e56",1,credit_card,1,229.56
"766d4eed8b0acec143fd1f1206a8daaf",1,credit_card,1,24.96
a3b14686446d3401d67a3421891c34a3,1,credit_card,1,55.80
d62354cddc18720cf8a24b521570a8f7,1,credit_card,6,114.78
c72888e51a36defb7b5d49201fcbccf7,1,credit_card,1,47.15
"85485db1f11cb496d2fbd2def0d397a3",1,credit_card,1,27.72
"733abca4b3372182a6c955ed064b0929",1,credit_card,5,61.30
"672260490e5b2772766e523be71a3a9b",1,credit_card,1,74.78
"1dd4114d014ff38caa0b9a94b9461c37",1,credit_card,1,9.52
a376666be364f3f82e0ca187cd014a86,1,boleto,1,193.98
"2953829633f43edf7636a856d6f3555a",1,credit_card,4,234.56
"75306e9e0b8f64c5bd70c0d24f87a759",1,credit_card,1,133.05
"40bf40ed29a5bbdb73aaeb5eb134168f",1,credit_card,5,162.81
"2a3aa58325fd4e7edf1cc7f07edc063a",1,credit_card,4,143.45
"306b4ec62d908535f2bfa2877665e899",1,credit_card,8,276.35
efa916a75b5d88fd21c5e217c691e81b,1,credit_card,1,6.17
"721e8bafa01037b2af767f8de9617d97",1,credit_card,1,30.11
bae6f9f2cc261de0a62c483184fde7f4,1,credit_card,2,115.05
f6bf536c581306c6334e82ca15d7bea5,1,boleto,1,43.49
"1397250bcaab6cf804f34197ffcf0424",1,credit_card,4,217.83
ca9cdbe7cd45cc4e4ae5f80115d3643c,1,credit_card,3,239.23
bea71d4639ca3f09311fda9ea2fc7798,1,credit_card,1,65.22
f206285a782792c515e2177dee4bc04f,1,boleto,1,128.24
"148315308166c0a08ca10ecf9d8420af",1,credit_card,1,176.76
"46305152468c40eab4e76930746d4ab1",1,credit_card,3,108.33
c7d8dac1459971c7bc85e373e9d332fe,1,credit_card,5,60.78
d2feb2f430d7d97b41873672953fe944,1,boleto,1,87.71
cab041584e63bfe6a389916c8f469abc,1,credit_card,1,36.01
"634da260923e5e4f5fa538c657e77b6e",1,boleto,1,36.35
"465c2e1bee4561cb39e0db8c5993aafc",8,voucher,1,41.03
"0a32952933d2a181dfe8f11d41f9f9b2",1,credit_card,1,49.69
a9433e2f724570bead3613996a8857f7,1,credit_card,1,67.68
"638ed9beae45e801ece6dacd6767bcab",1,voucher,1,45.22
f07d4fe6a27830ae74a1a38aeba58602,1,credit_card,1,101.73
"83cdaf1fee6d4d6571452dc67cf1c0b0",1,credit_card,4,44.09
"3b29577134414b4e92667a99da76dbd1",1,credit_card,1,357.75
e96391d1525cec70f0a1e65c2ae0e4ec,1,credit_card,1,32.96
"64950372e63fcd4b20cbbae2b34a487c",1,boleto,1,52.49
"0cd445b0eedab80706bb88ed32325d08",1,credit_card,7,73.64
"3bb8ecf664bfd847878cd39b191d5b79",1,credit_card,6,320.39
fa42a34be61fe1ded5df8a8079ce8a52,1,credit_card,7,83.07
"0964250cecc3ab90b45138c9cbbf7b91",1,credit_card,3,134.92
"1133f2dfc033ba92bf6c470b20f6f332",1,boleto,1,53.22
"071429b44ba39c70ea22550070670c00",1,credit_card,5,133.11
c83f1117bc97d473fec6e5d6ff5dce92,1,credit_card,1,43.27
"028cad58dbd393e348c73435f8192919",1,credit_card,10,115.00
d6e86df5b1614d493da54c4c87ce7f2d,1,credit_card,1,24.79
f926f5a21b7bab3b81bffa528bcb1ea3,1,credit_card,1,143.27
f697d75c89c805baa9e171a20f34a58b,1,credit_card,4,106.76
"87b7af5cc8f6f865e983f16cf559393d",1,credit_card,4,78.19
c98f20eb107a235a15b60b2b5de731da,1,credit_card,8,88.08
"17c7d18b95217b2fbbc15a88ef4f564f",1,credit_card,4,156.68
"25e23f5fbf3139c628fe56c126c97391",1,credit_card,3,213.73
ac75a9ba33bcc9cefc7e36b0f4cc044a,1,credit_card,7,75.98
"7cce12147e61d695697db09de514a27f",1,credit_card,2,148.16
"7f15ae6f11b3789f24b78010cf34ecb5",1,credit_card,10,315.84
aa70246e9f9947e5a9a5e69684afe114,1,credit_card,4,48.17
a63104c1bbc7fe65734b02c43c1e996c,1,boleto,1,165.79
ea884b5a25f86e605e1750bd936e0122,1,boleto,1,460.05
"90b7db4287fa01d28675c2af8e535b69",1,boleto,1,93.58
"3ffd96ca0884bf472feae91fe6f1de09",1,credit_card,5,361.45
"71e077cdb8aba5646817189b9aed6b44",1,credit_card,1,83.17
"97c404dfeae6c85bdf1e01bee13dddf6",1,credit_card,1,1042.10
b2c450c7534eb01ae390b7c5668ac39f,1,credit_card,8,138.79
a825307ee6cde104910defdb22b896bf,1,credit_card,6,256.31
"05bd0df2a2f8b3719b66372a66b8f5ec",1,credit_card,1,65.80
"185e7ea81e4cf0fc1d2f4e8e38e8e7e3",1,boleto,1,905.93
a85b39b522ebdc78718abeca337444a5,1,credit_card,4,256.59
adf57a7b23c7c3f88e98a2fe2c22fcef,1,credit_card,10,106.07
fec1d373884203520e92cfade36fdd16,1,credit_card,8,108.19
e2c5cdd2687cb2f0efe991ed155c8653,2,voucher,1,123.11
"60eeb6cfb0da0d3db8ccd8a0ca15f272",1,credit_card,1,78.86
dff3e288033f5ee1047beaeba16bf081,1,credit_card,1,166.92
"7fee8248879e6c2eb655918584bb3ba2",4,voucher,1,30.00
"8a7aac96934b61b070e94762ca857e31",1,boleto,1,225.66
ea6fee69d30e159d8b44c26bd3d8de26,1,boleto,1,101.24
"58b3c61516dc5ed6140b6a09acbeb05f",2,voucher,1,20.00
"02f30be57375dc610c40ca989d2385b7",1,boleto,1,80.73
e268013ab789100dfe3fbb989adc882e,1,credit_card,1,157.45
a2714ecbf6eeb3bb9cd7dba6dc1c5e82,1,credit_card,1,133.77
cd076ae3646af3e93e3deb91b8454c6e,1,credit_card,1,104.56
f8156c3c902b5ae88ac59a6c7b28f72a,1,boleto,1,60.64
d120a708fb38c8232ca1d0ca112731c5,1,credit_card,10,357.77
"95f5825a4d547b92c4f1824df000084c",1,credit_card,10,1039.74
"88d3ffbd9471d0ba780fd0370a0d7892",1,credit_card,4,218.23
b3271f5ebce80cbecb67c5b88487a44a,1,credit_card,2,27.60
"358001862da7e31fc81214650e2f134a",1,credit_card,2,54.00
"4d8662c2c25b6afb4e8fd8f9ee247d84",1,credit_card,1,178.27
"3af9626db61282e337587628095b992b",1,credit_card,5,288.26
"0627a80d6b5c65e9b212271f845e34da",1,boleto,1,76.18
eb4b336bd21e49c74c82949c6cc43ec6,1,credit_card,1,66.18
d1e07e954814a237a314e375592363b3,1,credit_card,6,101.17
"8bcbe01d44d147f901cd3192671144db",4,voucher,1,0.00
fb6f921f7362a60a75e0a4cd6acc5f2e,1,credit_card,1,81.78
dee73233d82a40f417f0e455c2684df0,1,credit_card,3,77.25
"13571ddc96bacd5acda85d1a87625bf7",1,boleto,1,44.32
"87b4a3f473682f0b4c87060b0370d4b1",1,credit_card,3,104.86
e54db55a39ec332bc36c1176f6eb4773,1,boleto,1,77.19
"1a74dcdf4a4d7bfd88e94110479fa484",1,credit_card,4,40.13
"66bc614bb924869b79b65d7f8077a385",1,credit_card,1,129.24
"14f31f8bfd37cf6b1fa6a4aa6e94e930",1,credit_card,2,165.96
"2c6972a5750129c81b91e55b38b06823",1,credit_card,4,46.01
"58ac1346bc2ee0cfbe205aacad678d60",1,credit_card,5,59.34
dcbca116084725bc77c3e8b6480c4d82,1,credit_card,1,209.46
b4a1c1abe13b0e2adafb21da024cef98,1,credit_card,2,128.31
"15d4f841b96cfb3f782523aa7a562b9a",1,boleto,1,33.00
"0cb67a1f07ecacac318a6eb35cf4928f",1,credit_card,1,62.15
"84351e90a3987cf17e6a6a451d7d4904",1,credit_card,10,220.04
"64e827a2a04dc6dd5adcb685b1d26ed1",1,credit_card,10,393.38
bfaf70837e84e9ba682d246e16726e63,1,credit_card,2,217.45
e98379ee17e55f764423de1d693daf42,1,credit_card,1,20.68
a4a05d9529999a7a1bfc497a2cb1221a,1,credit_card,3,94.63
"50a04b6bf216061cb0f7d4a120d6a85a",1,credit_card,1,27.33
"1b4e5194ba21a82ca345b9c27211b00d",1,credit_card,4,129.78
e531e9e89d98dd65602ba196b7a619a6,1,credit_card,1,110.28
bbd64b019b5ea3ed83a114cc665328ff,1,credit_card,5,69.32
"623906ceb400510974acad2860500532",1,credit_card,8,189.53
"3c5a23a85fc2367a39de50010bb6adea",1,credit_card,2,47.68
"007beb35f98c075747e6fc4fd1c0cb73",1,credit_card,2,83.59
e0d821e9ff2e0fc0823d159792d9a2e6,1,credit_card,4,40.22
"3ad46319c286aebb25e3121f815b73fb",1,credit_card,3,163.06
"48f5a8fa0f281cf8ab2f7905a11c3c29",1,credit_card,2,53.48
"5d008946b4867d5a4cbfb2b94d9e1496",1,credit_card,1,41.64
"0c54d16446b830ff65da96eb16304fe8",2,voucher,1,100.00
"830e68f85c573a0b3ad78cc4915e0fcd",1,boleto,1,25.55
a5c92ed5822736c294fa82e58e18fcc5,1,credit_card,2,29.62
"3bfc0203088a0e595525c78127c2706f",1,credit_card,1,120.17
e3801209a2584fae1500a65188c9a60f,1,credit_card,4,187.53
"1f5bb5f84797dd4e234479124128b9cc",1,boleto,1,73.16
"284039cca9a61886953286f5dae55fdf",1,credit_card,3,217.00
"6f211f55f5d2168a3c9d8c60e6a89c3d",1,credit_card,1,130.69
"5db14e1988a5d3ad8675f9d47b6fdcba",1,boleto,1,39.09
"32e4fa9bb468884309b58b9348de70c3",1,credit_card,1,124.14
"4429817093ef382ad98f0d8471211146",1,credit_card,3,254.23
"4d0754534d379735eb655a0d2d1edc01",1,credit_card,1,53.22
"8ddafc9e62967101391805e620db71be",1,credit_card,2,45.19
"646410b7c77f0bae163c4d4cbe4d78de",1,credit_card,3,102.03
"70aefd12bdd5391f02011072c16e6801",2,voucher,1,85.39
"4fa0555af785b01d6fd80634b8c3a87a",1,credit_card,3,600.75
"1927dede91841ae67045915ce6fd11f1",1,credit_card,5,176.68
"6cdc6614473c4e81f86feff55e54d964",1,credit_card,2,49.22
f97ceada945c2f47998a4005f87f475d,1,credit_card,1,64.10
e661124f7936eccc5d961f2dd754f865,1,credit_card,1,119.32
"98c054318dc270816f8357351ffc4449",1,credit_card,8,85.54
"4ad8cbb7faf3db8150935f1f06b16663",1,credit_card,6,208.16
cfbc27fc3b0b3946a3dea53be0022108,1,credit_card,4,164.80
c9dacb231adb8fe3a8d4d452aa10bfe1,1,boleto,1,49.32
f9c73363efdacbd9919d6c57e388c21e,1,credit_card,2,140.87
"23640e7307c51b05dd5ce3b34dbce5b7",1,credit_card,8,85.81
e01371016351ae4493ecbd7a8c5a33f5,1,credit_card,1,12.59
"582037320d4b45790340d0ceedac58a3",1,credit_card,2,121.70
"48a5ec0a402d8941529c17a7bc057e0a",1,credit_card,6,216.93
ff1581e08b3011021e7c7de592ddc81e,1,credit_card,1,30.19
cb5e3bc1eaa293a7b2f0d73d90eda3cc,1,credit_card,2,99.65
"73df5d6adbeea12c8ae03df93f346e86",12,voucher,1,35.01
bd751ddcab3b8972d79a87e9cb5df8f4,1,credit_card,10,836.02
"2923b36af2aa3dcb5925e03a21fc2da1",1,credit_card,1,86.15
"0c0b4c682dc77d70dbc4cf1ed44ede36",1,credit_card,1,72.09
e03aeb40ff9fb4a40808ce50831ad850,1,credit_card,1,47.50
fcd4159eeb371273ad224945569162c7,1,credit_card,1,21.65
"10910627bade59f9426abd86cf292846",1,credit_card,1,32.29
"3a1c434d917a8b25f7862cfa17972aae",1,credit_card,3,36.60
"02ea54f5cf3a07904182167e104f97ff",1,credit_card,2,143.48
"895ab968e7bb0d5659d16cd74cd1650c",13,voucher,1,16.70
"8bdbc426f547861538f7d59ac2c21c9f",1,credit_card,1,58.38
"169f6274660e528484fd239aa7d27097",1,boleto,1,124.69
"60cff1372b45d7f481adbab11476d143",1,credit_card,1,159.86
"773df75aea7caa830e319150c9e54c90",1,voucher,1,47.45
d31a86f344f9c8ab4f01481b4ef0e68a,1,credit_card,7,214.56
"2e5cfd97555ff101c1691c3a2d4f5bd0",1,boleto,1,778.25
"648452a05889f314b2b625e34ebb05ed",1,credit_card,4,357.03
"61f63fb48cb8e0dc6a39e20cca495fdf",1,boleto,1,88.90
f029d5966aa03c87e17e2482f86202b1,1,credit_card,10,132.57
"042649285cd08ef7c546445419b43407",2,voucher,1,50.00
"4dba50963d750e691239a5fb64bed86f",1,credit_card,1,75.38
"4f209a7c48b44a32ff3196ddbfb4d67e",1,credit_card,3,156.94
"9e9138bd3b507ef4abf1341561eef059",1,credit_card,5,51.11
"8c05fe795783a73c159dfddbcf910689",1,credit_card,1,0.34
e95ff7994939eb1563b12008893b1576,1,credit_card,2,27.36
b5796047f40aa1f6a7b80f8a8e35fcbf,1,credit_card,10,1043.32
"2c4f5d63471424bab535f4ff1051823d",1,credit_card,4,399.81
a3bb82a765bf828134959a50bdc5f8cc,1,credit_card,2,25.33
"63a7cdcbeb840292008964a3654b9745",1,credit_card,2,27.78
"0231382a78f19752dabca6a86b618152",1,credit_card,3,86.02
b67ec52e59f354dc01f81cc0fea68f1b,1,credit_card,3,38.09
"9504ebf9076df1dff880290d7ad09e02",1,credit_card,1,27.78
"810c6a01f9a077313109b64e36165ecb",1,credit_card,2,156.81
dd57685b48de5c49dd9c140d48079aab,1,boleto,1,48.27
"5435647d369f72442d1972b399a48ece",1,credit_card,2,33.00
"03fefb6f166efd081e05a842f7def973",1,credit_card,1,119.25
"4ef814b619124dbb1a4d972c5c8c5446",1,boleto,1,111.99
"3f04e710beea0fa7c09842c227f005ad",1,boleto,1,164.63
a199f382a03b7dc25c0dbecbf862d8ab,1,boleto,1,143.92
"197edbaa61a8a349f382553fd2180ee1",1,credit_card,4,306.16
"4660bb9edc05ee0d35c8aeaa896f3300",1,credit_card,5,180.71
b0181a2b3c9f39595fb01f97519d015d,1,credit_card,3,31.28
"96cd3b3b210139b9da39ca90d9839595",1,credit_card,5,143.15
"5d85e4fe11a0d403cf1313108b0ee754",1,boleto,1,109.79
bf866aa88acb3c2595d0627c7a6bedf7,1,voucher,1,191.79
"2c8166a4f7d0752f25e70f45565db8b9",1,credit_card,3,56.78
fd146e195b9e3e00d02a5bf4208e043a,1,credit_card,2,245.48
fe1c1fccd493681d4ab9f8f2a70faac1,1,boleto,1,133.50
d524e77bf9d7d01dec8ba849212ee527,1,credit_card,2,180.30
c8be1a5ee02f0d4bfb401c7194b607e7,1,credit_card,1,48.98
"9199ef819b1eae5b4357b78419b8a92e",1,credit_card,1,212.32
"477d9321d31a2e5b37de7ca5c1489dcb",1,boleto,1,110.55
"002f19a65a2ddd70a090297872e6d64e",1,voucher,1,44.11
"3a37c2a63fa3597713318ab40e3495de",1,boleto,1,72.68
b0d7bb2bb38f7ce5f69f1fccc453b30a,1,boleto,1,82.73
ebd7301e0367440d3ea0fbe1ff784639,1,credit_card,1,32.70
e98de168acf11b1a80cea2ad5e8a5c61,1,credit_card,4,157.28
cd204f2c023b810c30b9d94d83549c84,1,boleto,1,102.03
bd34db34f886a82d2f7e9214b6fd01e0,1,credit_card,2,176.90
"7f9418ca35e76d5071b5906780d62874",1,boleto,1,58.74
"96e83ce2f455f3e80e37bcb428fb7405",1,credit_card,3,166.21
"20d69c16639be3f1e32de06430505970",1,credit_card,8,103.04
"978c24a4fc04842cd8b599294c1d4e2b",1,credit_card,1,45.13
"93f02e3d7633cf1fa948b35b5003cb18",1,credit_card,1,676.80
"8c802dd7e15769c1bb543be2b54ac9d4",1,credit_card,5,176.34
"0eb50e50bc4f98118d7a1d60c0a17049",1,credit_card,1,269.63
"4495f509457db82fbd44608ebbcddca8",1,boleto,1,58.73
f21047183b971c406e3fb28df8e9d5a8,1,credit_card,2,157.65
"811aa634f1f023214663b65ce71832d1",1,boleto,1,65.00
b58c3c4c4ccd814cbec253fd380d3939,1,credit_card,1,39.75
"50d4c71673a49f44db481398f72cb705",1,credit_card,5,628.86
"5b9da43787a1ee10dd9c78432c3ebd82",1,credit_card,1,22.37
"8d9bd5e3d8b2ac2fa02f79f8dd382db0",1,credit_card,1,106.78
bbb39449a277499952671cc64cbd7232,1,credit_card,1,126.69
"52ae37876584cb6e2cf3848e834516e9",1,credit_card,1,110.00
"498b82eee940ee411a28499634675d5e",1,credit_card,2,128.21
"900b219f880b29fe2643dfcf67b73595",1,credit_card,4,205.76
"056905f3e09ca68fc9ed4780498db866",1,credit_card,7,617.59
"4b8e1bc1ffc144019ac363ecc5236493",1,credit_card,1,292.68
"9730a429f7355c2dcdbcfef54b638172",1,credit_card,2,101.93
"97e06bd20069c56c504675d16bc5e657",1,credit_card,3,106.76
dedfb42b20552455d833569e5fd73390,1,credit_card,10,233.69
a2b641f30be1e5a530738ffe99633544,1,boleto,1,86.73
"9218ec94cd0d96e4c3e6b8c1504aa8dc",1,credit_card,1,31.75
"7b1b657e9cd1e1d807d0b89c08431139",1,credit_card,3,60.85
"6966b21d5a0ca10f795dc14508c1b7bf",1,credit_card,8,296.81
"532eef07d5a2ff826ffd6ef0979e1645",1,credit_card,8,180.95
d33ed17c28104a5821b0aed3fd7323d0,1,credit_card,1,1.23
"4289c523d9d7daf854afd779579d63dc",1,credit_card,1,57.37
"094a83226235244840060fafa394845d",1,credit_card,2,190.48
"5fda248f43023d5528e3a28e886f9b8e",1,credit_card,1,37.01
"96c23bd7ad4b2dc9dc421e8483c06bc1",1,credit_card,1,57.62
"2777d11affc76c7163a6c3e0e739aa56",1,boleto,1,241.10
b1889be0f4217690c49cce852bfb33e7,1,credit_card,1,39.61
"86df5fa6306829eeeab1906b3f7ad102",1,boleto,1,174.76
"166e882a7a129380bfaeb22f00f7fa5d",1,credit_card,3,37.90
b66cbfeca2b3978020caceb7a64093c0,1,boleto,1,177.49
fa89b2c9bc90956a517714880dfeb6ac,1,credit_card,1,110.00
a3f9bebb285f1758e8c3115c754d76d4,1,credit_card,1,19.78
"5224c869b15835b82c99f468205d4fb5",1,credit_card,7,143.27
"231acde8e06eda65e8b7d6b04bc7260b",1,boleto,1,168.20
f2b69dbd4bd28b5f76698636258902f2,1,credit_card,3,166.30
"7f8c45241719d873d8f5e3899b7101be",1,credit_card,1,58.57
c1546d805c5e0a500643938cfeff117b,1,credit_card,1,55.01
"3ef98a7dfdde28d2929c12fc089811b2",1,credit_card,1,113.15
"3cd0dec57b1ebe2e566a8c9eeacccc81",1,credit_card,2,149.70
e45620eb46de3b95c078fb17e75db83e,1,credit_card,1,163.98
fe0972da0b118700eb5b1a5063476738,1,credit_card,1,43.54
e43a18300d40c9a864931b5ebb5b3352,1,credit_card,5,56.78
b02a2e4aaf38eb7c05ef28a6091ae2ce,1,credit_card,5,540.19
c68531b87a0e5baf9b8f526ec20d04e5,1,credit_card,1,138.16
ee3db58fcad4472bc02859541f6f9a5c,1,credit_card,2,70.18
"62e975f28aa68109d68f92298a9327ac",4,voucher,1,20.48
"0119e98feb97441cb456c010c25b04ff",1,credit_card,1,104.96
dbc01c2664181f1d91a6e30ec814ad57,1,credit_card,2,24.60
bba17d97a5a45416d0782d5d07fe740d,1,credit_card,1,63.60
"88d95fe1b916ad9ae117e52dd078e0fb",1,credit_card,4,70.46
"200f4d883fcc701355e46b8c6035743f",1,boleto,1,169.40
e11e0f810b87b5bcbc4ce90273881f6c,1,credit_card,1,68.25
e5c8cf4dd91786f33a0f1c96ef1eda19,1,credit_card,2,137.23
"0c8703831f0dff29ae877f4f9cce845c",1,boleto,1,288.37
"8c12ae12162b757faa950f28fd235ad8",1,credit_card,10,374.25
b8730b40b8f9bf7c1d557c083f82a682,1,credit_card,3,61.81
a2fbdf69e552d9fcdc7b072c4a6d228d,1,credit_card,2,168.82
b9e84c5345afe0d23623324665a6df5c,1,credit_card,7,389.70
bdd02ebba4a073b670384d9ddb2a8b50,1,credit_card,4,49.51
f3c997e9b2e9848caab4687aabaee30b,1,boleto,1,310.67
"4ed4fd7504f47d67ad6b728e867c4ddd",1,credit_card,6,178.27
"33bc4c72007ae1b6043cdbe5cf1bdd0e",1,credit_card,2,500.56
"2ff4dba9b7e65ee15034ed2b0004048d",1,credit_card,10,1013.59
e26d1ae778f8367c217157a4a2bc7002,1,credit_card,2,113.44
"2f62d489455bae79172e60f9eb0a9cea",1,credit_card,1,61.85
"03e5d6a8dd520898f86f8429ccd07c21",2,voucher,1,46.80
"95160939719ddfef2f951cc36e468567",1,credit_card,1,57.83
b8fd80779b8e6a73a172dc448cb0a0a8,1,boleto,1,151.29
d9e44c3fd2ce16086619f299e92e12d8,1,credit_card,1,51.11
"13c352b184f81a5ef34fe2d204c2a968",1,credit_card,1,50.34
"9af38cf8cc5906174070c0c591e630a5",1,credit_card,4,566.79
"949935ca08c693338e2b2624e360ace7",1,credit_card,7,87.36
"93b885e8ae6403b9c59c24f1cd30e1ad",1,credit_card,3,187.94
ee24dc874cf2cb44acd098173b7ff240,1,credit_card,1,51.91
"93d147479c3e9f1a3e43febcbef654f6",1,credit_card,1,60.75
"0ed5043fe7d3f4f88353697330bbc020",1,boleto,1,76.63
c557d8e5e437bc8ab2f3240b65a97e27,1,credit_card,6,159.69
"82e9ad47f8a0e270d9cbabde98cbda55",1,credit_card,1,63.27
fdc0c4c2efc395cf5b80b60f573097cd,1,credit_card,1,133.76
"79ffdd52a918bbe867895a4b183d6457",1,credit_card,10,319.00
d75796c30863b988b36022bb5f1b8e16,1,credit_card,2,26.86
"980bc014d29830d87b56bbc7720a6b6b",2,voucher,1,21.71
c36bc89cd9897bf2c8a62efef58f3181,1,credit_card,1,177.48
bb70cb558d0783914c5ebb0c37330776,1,credit_card,3,91.18
"199b69907d6218811c47ec3480d11812",1,boleto,1,161.12
"4b3d51d53496b61174695ad74a403d6c",1,credit_card,1,183.33
d675ff7bfc118fec4fd8b0d728c27cec,1,credit_card,9,1225.99
d0e90fb668eb0cd266dfec287a74306e,1,credit_card,8,199.48
"0307d42d9c781d32f86cdf1fa5c8670b",1,boleto,1,152.47
"7ab0dc48b021e455a7c0ab4cf53f6bdf",1,boleto,1,173.27
"4cc00a9ac85dee3a197d788b827da7e8",1,credit_card,8,305.68
"883c4fe4594557f97aa902af2879e04c",1,credit_card,1,32.38
"3b87bdeebf83a71ad36dff15f95892b9",1,credit_card,1,152.09
f11d1468c04bda8475ef44acac005655,1,credit_card,1,37.78
"578d7094e744d84a1f539b5bf4aa4928",1,credit_card,2,139.07
f7a13f20a5890267b58c194a333edfe9,1,credit_card,2,75.96
"12c53179c03899ca06bc5d368995a21f",1,credit_card,1,57.12
"554940826c32f26dead171bcb9011775",1,boleto,1,72.87
"3924ecb5e299e5fb70a6f38e34aa4c1a",1,credit_card,4,445.59
e9007e380558105d9508dbc5b6e3ec59,1,credit_card,3,151.88
"296921db5b87a79a3cdfa1f0c2694e4f",1,credit_card,5,205.76
"302e27012670f8e2db4418e6c619f54c",1,credit_card,3,96.90
"08b74b3a8bd41e7de2ac99b200eec62d",1,credit_card,5,54.22
cadbb3657dac2dbbd5b84b12e7b78aad,1,boleto,1,409.79
"1308f542d82d3b18c50659be0f12a323",1,credit_card,3,95.10
"394d17c2b71a726e205caaeee3d2aa3d",1,credit_card,1,57.50
"92e2984724b33a8e95f8754bfee44f38",1,credit_card,1,42.27
"4d08708987ff622fdea3796bd99fdad1",1,credit_card,3,35.77
"32b25718a224529a972d40f00f06299d",1,voucher,1,81.12
"7ae4fd8c81d9c0d64e4a89a71adbb6c2",1,credit_card,2,97.03
"6852a9d0c08f5a070ce88d62b4a59321",1,credit_card,8,1281.12
b5d4eb6b98c48a1d20e7a7663881bdd0,3,voucher,1,30.00
d2ce2764e877473355ddb49af8eb3bc5,1,credit_card,5,120.93
"76705ff9a7f4bf78bb4f8918c2dc564f",1,credit_card,2,125.75
c27bfc90d25a350821474bf11c8a00b6,1,credit_card,3,100.06
"52ea9e95e801ad09b7489b89c3b49dea",1,credit_card,3,124.02
"73b3f1016ed8574c8260d57ac56522ee",1,boleto,1,68.65
"7114c189256c666ea43b7230a66ff2a7",1,boleto,1,360.60
"724d164fcba4e6b5fdcffe2ef8d3bb9a",1,credit_card,1,12.16
f5909b82b8d450b4e0a75dac08752dc8,1,credit_card,2,192.94
"8f0d2087347d1dff81d3b4f38b72ebfd",1,credit_card,5,179.35
"9b35de64953b2683c0bb358ffe23e79c",1,credit_card,3,204.76
"833aeeba583417aa644a7c311e6b5bd8",1,credit_card,1,2384.50
cce13fe134ba73a890b0d0b98c97e02a,1,boleto,1,82.68
"9c63f9900d02e4981d36f0a782075043",1,boleto,1,42.05
"7c40601f78201a5c1fd06535bec6a480",1,credit_card,1,35.84
"28553df1da816f76ae87bb32739cd4b5",1,boleto,1,200.48
"39ab7695b7b3ea8282b3e9b10f0dae4f",1,credit_card,1,27.27
"9abfcdf89ba71476090b2c80fb6ecada",1,credit_card,8,501.24
eb9b354f1582c2c24333dc1eb187f47a,1,boleto,1,122.50
f9ae26d365fbefe7d1d7510effa84d3d,1,credit_card,7,524.30
"745e1d4a7f8c4b548881788d4113bb1d",1,boleto,1,48.00
dd38c566a34ff9deb93ff05d7bd6d0aa,1,credit_card,3,42.38
"47d7bd38284cac71afd4fb618c810b6b",1,credit_card,5,1079.75
d72f1372279cc7f3656e8253e755ee79,1,boleto,1,85.31
"4fb76fa13b108a0d0478483421b0992c",11,voucher,1,8.65
"803aa4666b8c108ee27e65f64ad038fc",1,credit_card,4,98.67
"152b2e1ff936a6b9f522132cf806f2e2",1,credit_card,10,393.29
"967154cf59bc2aeeb0a0e11f41a508af",1,credit_card,5,110.18
"8071d5ff8afc89569fae66a5d4df5e9f",1,credit_card,3,44.79
"3908d6bd42f21f56dd7cabf2797b5b0d",1,credit_card,2,72.32
"52b72b336dbd155b3d75bb3fcc799ac3",1,credit_card,1,56.78
deaabbbc09508c827e439c9bf68e12a0,1,boleto,1,77.64
cdbd981121b82988cdb4bc8229598984,1,boleto,1,151.70
a65e0938a2f3dc167ee856d4feb33290,1,credit_card,1,214.63
"7febb62dd1fd8962d1065fe5ffcacb01",1,credit_card,1,56.92
"42c99d4e378b852657e71d810ef1858c",1,credit_card,1,29.56
"22b6314011ec44222f024670a2c91929",1,credit_card,1,93.30
c34da1288f178b15970f8d7aa8c45cbf,1,credit_card,1,28.39
"48e57df5132333c7c43df89d2c531ff1",1,credit_card,2,41.69
"724851759f03251eb3a9e209916f07db",1,credit_card,4,131.34
e8157cf4fcea528ade55ec61d5cb074e,1,credit_card,1,39.95
"420011ce3780f71ff75fc9d705144a9b",2,voucher,1,100.00
"0ced505a94fa52355ca31070c281df6e",1,credit_card,7,74.76
cdcc163c185b029690476757900236bf,1,boleto,1,98.49
"0e1f02c51187a6a08aa473a3a0f3bc71",1,boleto,1,135.08
"421a29f5936d35b40acaa102627113f2",1,credit_card,3,123.18
d43fdae293f477cfaa36000252f3973f,1,credit_card,1,61.96
ea55102263a7f58c4b3090b655c2bc00,1,credit_card,1,21.04
cdd9e6f4efad93eb820d770a29c190a7,1,credit_card,10,148.70
"14e4ba20c3a5b38de7c1e5edab904bf9",1,credit_card,2,72.14
"38ce6e56afadcd3a63c9ff944732287d",1,credit_card,2,161.24
c4fe6f6fb6b226089906913cd4ab8a20,1,boleto,1,96.16
b7c509157b933de261d2bb20abe06829,1,credit_card,2,366.19
"196bcd18b3770c231567c0f27b0b16fb",1,voucher,1,151.26
b1a680dfbbbdba5a38645d6db425ed81,1,credit_card,1,90.48
"74c7a458cadc2f76c4ec8354d32d0d9d",1,credit_card,1,55.11
"94aefbaa418823fa66d690b18fe5b244",1,credit_card,8,116.57
"235d63795ce7643944b9b41203d37c30",1,credit_card,2,244.34
b89851145dc1888ce963c2e7da8ce7be,1,credit_card,3,48.79
"7a4f9c8e2172d566e71f204a6187268a",1,credit_card,1,300.78
"8135d95a571b0c0529ad5624a7f72ddc",1,credit_card,3,137.93
"0e4d9bad6fdffcf00307782a4200ec64",1,credit_card,3,102.78
a5d9e405f08a2c4aa2e63301277b6761,1,boleto,1,32.74
"28d30364312f8bf1c89aff3a4816eb53",1,credit_card,4,125.53
"2c819094e160c9568f99b6c9e2440780",1,boleto,1,322.78
"9fa3a005f89a187501fa1bd63d6125fb",1,credit_card,1,54.09
"4456598910b67f78e196b09a39a53c50",1,credit_card,1,38.37
a2a9057bf8c5b06ab94f44b3e8005d23,1,credit_card,5,55.09
"3b7dd354f960fec98e64acc6cf68ab51",1,boleto,1,81.89
"28763f36038db84d7ab6ff7b3ef9774d",1,credit_card,1,81.00
"6afa05756faa49c6485547d727669dbe",1,boleto,1,164.63
f306e4fa7422056477d5acd0d69de0be,1,credit_card,4,84.93
f163011d712f39566f8631259e471129,1,credit_card,5,442.26
cdaededb679c58a0e7de44a196b55750,1,credit_card,8,114.12
"46c43fa21f04b08b446b2bd3e06ae1a8",1,credit_card,7,237.91
eae2128fd4c171cf698f967f1e7fbd16,1,boleto,1,65.00
"77eebc56e710b7d5e02097984981cd76",1,credit_card,8,1330.88
"9f3094cb22de642bf0c70a450cdffbf3",1,credit_card,4,267.64
c1b556dfb56a3302a7d965e0da3d5e11,1,credit_card,4,110.00
ac62d970206a88360318e1eff941c6ec,1,credit_card,1,63.97
"82b0f8f974cc6e92e6bae6cd7714b712",1,boleto,1,70.89
"853fdd4f5504e5f2c286e302f0047f4f",1,credit_card,3,819.31
"99246db2c4c533acbf8e8c0bd02933d4",1,credit_card,4,102.74
c1e3705ddd242ae29dca5c5d3367cdda,1,credit_card,3,138.00
e0f9660f398f606fc4326973728ad4cd,1,credit_card,1,40.88
"5c023462e58e2ae6d5d23ee03de1563c",1,boleto,1,62.01
"3dcb62ed8e9e2d9909ba544c7d10195a",1,credit_card,6,635.19
"82b2afa9de6b8380c015e7281c3af763",1,boleto,1,114.69
a7e2b533f4bf5f5ded309f01bb300730,1,boleto,1,1131.73
"86c8daa5f37e9b3e6b4cd745c6ed0a61",1,credit_card,1,45.50
"16f4a05a36f470dbed1f1c2ca6e2a616",1,credit_card,3,35.00
e987209899819f8d27a6353eb3a164e2,1,credit_card,1,269.78
abef8b5d0f7fa066c7473db7d650c870,1,credit_card,1,452.72
"829cd80a357f79daa5758c5f4007fe23",2,voucher,1,54.99
"7d78ea68e694cb6df0997bb8dca5cf15",1,credit_card,1,121.97
"11bfb5214a47c5a12e3dab8cac01c304",1,debit_card,1,192.90
bfb4f8775924839c47fce828a6826d86,1,credit_card,1,164.06
"80033798e6e3df555110ccfb54fca308",1,credit_card,3,137.60
f810273bc84ceae52faa5a78522cd46d,1,credit_card,6,381.88
"41f1c1e22e7befb68bd39a783477ffb2",1,credit_card,1,2.68
a2c925a9aed482554a03fe2729c7b0e5,1,credit_card,1,29.69
c3c485b86c410043b6e4775e3def9a20,1,credit_card,2,177.66
d812dbfcae5778a9864fae0dfe22d9c9,1,credit_card,8,162.55
"79bf1be9cc63325cf6a59d764513d522",1,credit_card,8,107.78
cd03e8cd71dabc46caecc93fe7a25ff7,1,credit_card,1,257.94
"121e29055e551edf515b58477ca53c39",1,credit_card,1,135.00
fa261f64fd3982351db812235fd682aa,1,boleto,1,43.00
f23bef5ff346873476747ab073a43877,1,boleto,1,154.99
fcea4bf64c9d15bef64a683ae2243e35,1,credit_card,1,40.68
"2b234cbc0fc80ec00c9ab6f0ca1aca88",1,credit_card,2,100.23
cf5bae440125a8f7eccfde72d25e1913,2,credit_card,4,130.00
e914223bd5011825c70d0c53ff6a53d0,1,credit_card,1,76.29
"86891f436de654a1481776e0263fc5d2",1,credit_card,7,150.54
"42a9c3a1aa0cb0f7d674566144b47d20",1,credit_card,1,92.57
dc3a6fce0933ac9fd82c5b80bc036192,1,credit_card,2,132.03
ec3bdf0a23bf186cbcc4708cbd0245b2,1,voucher,1,65.61
"3f6833af28b1e2885b8df4899e9aa8d1",1,credit_card,10,466.89
"25c2eab805f9b909edeed8b42bd4a0dc",1,boleto,1,148.84
"4540a046d78b66514285266847c73d3c",1,credit_card,5,107.96
"41b39e8a2374f3afc0e36d2bbc2de799",1,credit_card,1,56.78
b96a6dd4f298f5e0e797e6251f2de6f0,1,credit_card,1,30.38
"9de8f8dd965b3e33a21b3df3fe99334a",1,credit_card,1,35.84
"94dcbb5ca9d603177841a40f3d630483",1,boleto,1,302.80
"16198b0458c017eedf2e4c11092a08ea",1,boleto,1,306.99
"59ff2ee65c8cc0479240e487a0fc6677",1,credit_card,3,336.99
"22a1a580ac153c5e2f469d27ad6a4e3d",1,credit_card,5,108.67
"3a7944a49d196ebec0fc4e5058cab330",1,credit_card,10,241.50
"6d6175b9c1b238c3d6b510b070f96ed1",1,credit_card,2,207.27
"228ea43b4cb2de5ddf965b65f05379ea",1,credit_card,1,39.10
a736c2ffae5f36d767e81dfc44146911,1,boleto,1,55.00
"7b6f8f9952e11aa804c472ee11a298f2",1,credit_card,10,148.38
"02342201aaaf713fa9f51c6d44444424",1,credit_card,1,47.75
"9d8032cab9a441c8df1b47087eae5b41",1,credit_card,1,36.60
f5942dc9da4bc0e2beac653f4e63a020,1,credit_card,3,93.04
"5b8bdf149fa5dca5978d5209a06ea960",1,voucher,1,62.88
d5b96096b282a551c36fc1d4a9bb2f75,1,credit_card,2,126.26
b92eedda04f5afe987c7e439cd6d971b,1,boleto,1,879.66
e2430bc2e4a68e6e61809fdbe4c15f0e,1,credit_card,1,45.00
"05640486a5e0b8140b20506acf791af2",1,credit_card,5,398.90
"0a2c9c3fedb974fcf5a8a569e9ba9da9",1,credit_card,1,114.79
"80b9515e62b3dcb4da3c324967e6af86",1,credit_card,4,78.48
"8bf44eb0d19208f9bde92d553a6bf064",1,credit_card,8,231.80
eeed16ea7d99f4531ac2aefa8dd79368,1,boleto,1,72.14
"32be14d87b5440681042a2135db3e6b5",1,credit_card,6,309.33
d4fea5f1166ef240cfe766769f4d5ab0,1,credit_card,3,147.55
b1a000260e2f3760e5ec18566db7d592,1,credit_card,5,112.95
"5c8a12c2c89e9e65e52260359ac95a15",1,credit_card,1,41.77
"4ef992d01b3b8db02c17acd3484e20de",1,boleto,1,323.72
"1a2b0033f0b7a3116f00594ec5524344",1,credit_card,3,87.57
"5226003c0580585a8fe4e9b6d2935c2a",1,boleto,1,171.85
a94ef6352b750b132a1a2fdad975a6d1,1,credit_card,4,184.27
b835a702f116e758be4f80ae292bca2e,1,boleto,1,71.55
"05b57f5540e48c853b6235bf8ff10e20",1,credit_card,1,79.65
"2b0edc4c59d83dcef85466718c36a317",1,credit_card,1,112.91
"3c8d79ea0ac82caf57807f9cb39f8dee",1,boleto,1,73.49
"7b0c4136f285a86a8ceed54be6f56641",1,boleto,1,225.66
de15fbaac5e9c765778cc4c6875f183d,1,boleto,1,69.73
a77843f2d4f89986e65fc1a4c1c0957a,1,credit_card,8,175.11
"6fb5acfdfed5a1951fa898d45b5b0f1a",1,credit_card,10,603.24
"3e77cc9aa8ac4a0ff4ced987e8044383",1,credit_card,1,72.15
"48ccdeef5374f816e8e7112ce99c8076",1,credit_card,2,135.49
a7e81b5cf4f8a13c638129228f4696fb,1,credit_card,8,165.37
a653bb2e2418fd13d746e3639879aa83,1,credit_card,1,1028.30
d75f81a722e2725c03b9fc87373305ab,1,credit_card,4,127.55
fd7bc10be53abc6d0c38867a72503dd9,1,boleto,1,79.04
"2a9dc7b43e650c0c2279e001012b68a9",1,credit_card,4,97.81
"2e95926835baa8ca4f74e2602a69a84e",1,credit_card,8,469.89
"3c5edc9665595ab8ab9bdd6c5c4a961a",1,boleto,1,1317.36
"24bedfaf52a732f5885a762eedc20f08",1,boleto,1,20.55
"660023f633ebbca40bbf5962692b2411",1,credit_card,4,46.01
"936b4373e24da12fc2004771e195d067",1,credit_card,1,37.64
b20c46715ec04f46dc345b698d989f9a,1,credit_card,1,24.70
f94e7fe62953e889ccdc4af045dbe8f0,1,boleto,1,113.63
b353cc5afe48891188abd0ccadf3f543,1,credit_card,4,42.30
"061bf20146d98ef4698d0324dc4392db",1,credit_card,2,58.13
"848b3e3349117bb4bcbcd36dc4b98f2b",1,credit_card,1,115.40
"3eaa38ceecb7aa8a13c72b571236041d",1,credit_card,4,84.44
"36a55da00696783d804dcef6c490cbf9",1,credit_card,9,607.57
"71d1754603b8b9def8a3484a67d5ca3c",1,credit_card,1,154.05
"101112c9a9084c756f17fd3951dd02a7",1,credit_card,2,153.20
bda35b10977d165ff7f6ae6ce187a4e3,1,credit_card,3,392.88
a230831f141fb1ecd55fad0ccf993ee6,1,credit_card,1,312.82
"6ee9a292ea3ec8f5ede12921f5afb2f3",1,boleto,1,169.18
"6e787abee7049d6c51663bdf25a4b2cf",1,credit_card,1,68.43
"32934ee250c2eb4a72f61dd37e4f5a81",1,credit_card,1,78.71
"30002c6a65f9337d0115eeb979d0cdf0",1,credit_card,8,162.25
c840f3fb3a4c4c7bc42c8167e355e3eb,1,credit_card,3,81.89
aa58df9711205e09b4ef6d704db7871e,1,credit_card,10,619.46
bc2a8c1c173cad4d61d1c8419ed71110,1,credit_card,2,104.71
f68b65695da2c7beeee466ad1494f0c2,1,credit_card,1,75.18
"9dd72a3853b3514932140ba93b5192c9",1,credit_card,2,51.25
b86149c8139bc8a77792c2b24942a0db,1,credit_card,1,80.34
"12d3ad77d5488075f6f2a444127356e5",1,credit_card,1,52.01
"83ef337ab9aec7423050b7ecd0260399",1,boleto,1,219.48
"502fcc6b96f393f4aba791d5ba89b409",1,voucher,1,219.63
"2a61996db3b1837c8e035e373eeced0e",1,boleto,1,64.10
d1de8ecf1530723150f71b04ab779c2a,1,credit_card,4,187.94
bd46ff5e482fb156dfd64d503cda8b78,1,boleto,1,143.16
"16b234c91594ce8b1ebcee5e422610f1",1,credit_card,10,198.91
"40d02570e7ba8cffbc6770b392dbbbdc",1,credit_card,5,218.13
cfda3e5bd8b79ab7fc0bbd0c485d6414,1,credit_card,1,22.29
"945425732a4ff01eed5bfc09c1d5bd7f",1,credit_card,8,95.73
"230470802c07f69d8696c62d51514126",1,credit_card,1,63.27
"5cd9658ba9e8ad15b491928fd7ec370d",1,credit_card,1,36.75
e63f16fab229756ce58f86d40747944e,1,credit_card,8,318.34
"0f4825e873a47ef50f834a027fe4bf06",1,credit_card,1,20.68
"5c084318cff126cf38e30fe940ea2fbe",1,boleto,1,163.25
"0057199db02d1a5ef41bacbf41f8f63b",1,boleto,1,37.09
dddf3072374a44f4645fcfd6367ee77d,1,credit_card,1,73.13
c490ab8919445b94a43d55c6bf91eab8,1,credit_card,6,127.81
"993bf2a40855c39703b0ac1339be7fbf",1,boleto,1,106.78
"53b81cfb99dfb40eff4f45391a39563f",1,credit_card,1,105.68
"4c9904554ffe76f9b6ec64bd4e266778",1,credit_card,4,318.34
fe1b0a4dc611d913e254aed3a59071f2,1,voucher,1,38.29
a0f78194e157b1cd941207bc438c3af6,1,boleto,1,55.10
fcbfb4bc844bc55598f7c04fb2b7c294,1,credit_card,2,144.56
"53854521186b4ceccc013032734f928e",1,boleto,1,230.16
f6ba2b603300f7bd6e7014a602fae719,1,credit_card,5,158.46
a1c87156ca249199bbcd96fbfcd0296d,1,boleto,1,28.79
"2a6e8337ac5b1fdb4aa243c834525f66",1,credit_card,1,129.74
f8a010ec857efd266611a51aceafa6f8,1,credit_card,3,38.01
"67635ee59cc01a1b24d94ab2533d2823",1,credit_card,1,74.48
"4091d93f24146cb228adc17dad467e8f",1,credit_card,10,124.57
b6e1870851fc18da0ef1cafe7b7360c1,1,credit_card,10,208.66
"7e52ab2aaf4fd6b758bf18e6295b2bbc",1,credit_card,10,305.56
f4293a053b040f6515c5b48808a282be,1,credit_card,1,105.29
"969d261a3f4c639b3acdc0ba090fc039",1,credit_card,2,178.49
"17072870cced0e2db845c2cc0bb385e7",1,credit_card,8,783.66
ecb4506fc58364816a5133b8abf1f645,1,credit_card,4,221.12
"9ddce686be2661872d8a63788bd96cbe",1,credit_card,10,143.12
"1b3536ddfe2299bbc8c552672462aefe",1,credit_card,1,66.03
d4b074982e39f354c254a6b1b4ffaf55,2,voucher,1,50.00
"51e660b8c2d9b7f799b19b8535504fe1",1,boleto,1,68.89
cb76073dcac4855294787c458ec58b68,1,credit_card,2,66.64
"0df7ce137bbb12afe0a4e2643c6c43ee",1,credit_card,1,236.47
c056578fe94b80e3f1e732d013df9374,1,credit_card,3,37.09
"235a7628971a90567378815bf35d2a67",1,credit_card,12,217.82
"92a9ef7f0a0d392c9ad0d5f44e86b4ba",1,credit_card,1,7.64
"14272800e054af4a7886796fd6b65593",1,boleto,1,364.00
cb00e60b24db3d36c4ae3c14bb6abec9,1,boleto,1,63.22
"4b46a88e1ef489d0f8a7d454153636c3",1,credit_card,1,62.11
"8afd9b152eb9ffdc3b17c6e3599136bc",1,credit_card,6,140.16
"792bb673f614c5eec62086b083eb9355",1,boleto,1,353.42
dab56199b9838dc72275b783715feef6,1,credit_card,1,60.46
"1c061a8ec3723c908e73a617687fe54a",1,credit_card,3,138.36
"8c2189f32103647dde2d19e9045c2a76",1,credit_card,2,61.38
a9de870f0ab5215e33e82eb181f7bc44,1,debit_card,1,79.56
cf93d49a9e8e671eb28c9eab24cf0f39,1,credit_card,1,47.68
"84c0a717575f9477b71d4ffd1615a0fe",2,voucher,1,11.81
"3e129ebe73e35b1d1f7de69fee38dde8",1,boleto,1,43.86
"1d9a9731b9c10fc9cba74e6f74782e8b",2,voucher,1,14.41
eb64ebb7904dcdeb9220cd737245f099,1,credit_card,6,318.44
baba7caf6a8e4b9d6079db11ac925a4e,2,voucher,1,142.79
ce46bc8d2065cf01585478045eeafd8a,1,credit_card,3,169.64
"2a794faaa57fd9d51264972ad3981893",2,debit_card,1,152.41
aead5f6413ef9943082b3d3cfd37ccbe,1,credit_card,1,122.19
"86af9599ffd64a39d743904daa8bdb2d",1,credit_card,1,36.84
"9370e7790e15adbc2492065d34524285",1,boleto,1,45.11
"27d0167780910831455af6f6bfc7179e",1,boleto,1,121.14
"84a1a8e9b6cf26aee8cb39ffb391362f",1,boleto,1,153.85
cfcab3d63fc144cd189d0af6e9213053,1,credit_card,1,88.74
"6f75ffc4f296c878f6d66178f5684825",1,credit_card,2,115.35
e8ac6018ea6a72532812adc8ec5fd61b,1,boleto,1,69.44
"5f894487d02d8bb83733db91af8ce4f0",1,credit_card,5,92.30
c30b8d50e79a4d6ce964a2a0b1f3a6d5,1,credit_card,1,45.21
c623027b13d1646c30164b5b7017489f,1,boleto,1,68.84
"1e98e92bd0537e1655291d3361217a87",1,credit_card,1,29.69
f8edef1bb71dfdec2bc42a061eea6275,1,credit_card,1,26.36
"39b9e0d03c6b33e01332ca4c06c6aa2e",1,credit_card,1,82.31
a96be3f7775bce7abde7918670a3d67d,1,credit_card,1,113.09
cedea2bde15dac9808c6cd430cbf03f4,1,credit_card,8,355.03
"74c7716ab7523de71a5bab869d6a0055",1,credit_card,10,150.61
e0444cee63fb100c19fda6edac7f925f,1,credit_card,1,51.42
"3f7a6450c7d9e47a7132abfb18aac99a",1,credit_card,1,147.84
a6cd7cac7ee11538a78649066487e0ca,1,credit_card,10,307.09
bd2e72e4a107f535d737c2c2a52a018d,1,boleto,1,47.29
"68931f0c8d94e2097accb925c9d37627",1,credit_card,1,81.17
"93d02f5f55e689031c89bf0162e50fc9",1,credit_card,1,52.39
"64999819cdd2759997379730b8aa6e22",1,boleto,1,68.89
c6e387c037a56bdb072d10c85f3f9fef,1,credit_card,4,99.23
"7227b55a59343b63b3b4520725996301",1,credit_card,1,52.42
"7835af1856de332f2f3c9204b740a3a2",1,credit_card,2,64.09
"53f1a0f9f533c37005dfe8547756a1af",1,credit_card,4,180.79
"654da57158d96035814657b5143bb11b",5,voucher,1,19.32
afe0ea024346be7fa63b997fd149c757,1,credit_card,3,249.89
e538294b03594e142f0d6a209bd662c0,1,boleto,1,41.69
"40c6a2db0ce06b7ed796a48b20206c92",1,credit_card,4,283.06
"7a9f31f6c0e36f4e6fb8d27c49c18fd6",1,credit_card,1,54.34
"0a45b0373a9b1178357bb9d93243ed18",1,boleto,1,29.75
"66f7aaabc647b43d94e8a841bb99612b",1,credit_card,1,30.38
c0eeb5703693e76ee775cdbffc8df848,1,credit_card,1,81.19
a094215e786240fcfefb83d18036a1cd,1,credit_card,1,132.05
"8349d82bb3c36734477e55a95e61e0b6",1,credit_card,10,818.33
"27305b6f34b0b06a5323934d520c62b4",1,credit_card,3,31.69
"1d8841983fcfb57aa949d484e7009912",1,credit_card,3,162.65
"708d24301975cd5be16d65c280b4b2f0",1,credit_card,4,44.69
"86578f0c3f981f1375949e7239ae1adb",1,credit_card,2,224.12
"215235517f0e156724a0ac20bc1076a5",1,credit_card,2,132.13
"0b6230647ed16f4b3e70282dc4b5b87f",1,credit_card,10,1371.88
"82e39ebd7b6c4b1949dfa6307fd2f186",1,credit_card,3,279.38
"487243d388612209472c309efc5e6442",1,credit_card,8,82.73
"426f2f3ccc70efae7805f823a379f18e",1,boleto,1,46.80
ed0e059201c86672e445d3338bfabc13,1,credit_card,8,270.19
c99247cb33c25f5437100c61f7289804,1,credit_card,1,206.76
"524328eaaeddfd8aa01dc3897ad69935",1,credit_card,3,135.92
"5a97cb85d8737c11775451e5bcf67286",1,boleto,1,47.04
"885c32207686ca2c0028eb4ca6a37535",1,credit_card,3,71.14
"8d6eaa2fc5ee20e42dffdaf355b260df",1,credit_card,1,3.27
"251f7157d5e425718ae0767439991dec",1,credit_card,1,37.34
fdc6a2cbab0fdf2d9b3e54c5bf3f5b28,1,boleto,1,82.56
fb05a4b251a54957ff9a86d515f98289,1,credit_card,3,167.72
"669c18450a52085fedc525141e81e104",1,credit_card,2,35.77
"16b15be2ea2df8420e6d5de42e45890b",1,credit_card,1,33.99
"559f0bbfa2518e102877dcb7f65735ef",1,credit_card,1,51.29
ae4580214e2a8a708272e357b88d4ec4,1,credit_card,5,52.38
b7325b56293265df2689c15145274dfa,1,credit_card,6,351.01
"5f95f5f78f509a3af5a6c83d81c1117f",1,boleto,1,67.92
bae57f2adc242a88ed7589fe47efcd12,1,boleto,1,723.72
"6fcafc7a7cd30fd93d2e40a26a81d5d5",1,boleto,1,54.17
f471b0bfd4301c5ec83e053239f02fac,1,credit_card,5,275.67
"00119ff934e539cf26f92b9ef0cdfed8",1,credit_card,6,236.88
f20f3bd3916e50fee33dbbb0b29164d3,1,credit_card,3,87.00
c72f5bd034e8242048f9572c4f3c7fbf,1,credit_card,8,254.22
b44c0f4d0cdb8ae7289069d703ca6db8,1,credit_card,10,560.77
"2640b5421e2a450c8276a27da5ea7d2f",1,credit_card,2,410.26
"965feb5d147d2e59d18eb3f9a1b4d5a2",1,credit_card,3,68.62
"9cee74c9ff8a65e8903b7435dd058557",1,boleto,1,165.71
a97ed6ffd3a1daacc526d95fe844c8a5,1,credit_card,1,19.64
feeb572a755207d889d166ca90221c84,1,boleto,1,130.85
"627275b5ff757bdc2c6bc89946ac43d3",1,credit_card,10,143.49
"9e607cec8bd33ad2250970a82dc17011",1,credit_card,2,142.54
"33ca67f12b946d8830eb3805cc63761b",1,credit_card,1,87.70
"868848b4871ab271d735d67e64584f81",1,credit_card,2,22.84
"40fc1a40cf19e225f69e3790f1e33f7a",1,credit_card,1,134.85
"4b8531adbebcd4cee2f85862c7827dee",1,credit_card,1,195.54
"062ce984a468dfa021e43bdf17ae158c",1,voucher,1,115.23
"1ca74ef1a063b31008ef4af64cdaa485",1,credit_card,10,287.27
"297dfeab4cdd5749b9d6485e13e89877",1,voucher,1,94.01
"5dcaecab15d20be174a67f4f5392cd84",2,voucher,1,215.66
"38171cba31c7211ce21559574998ffdd",1,credit_card,3,139.98
"45cce3c0f13c050de2fdfa6710aa95eb",1,credit_card,3,215.60
"78ee278a8625d5e2b84e5b9133ce217f",1,credit_card,4,113.59
a3b803010363e5ad20664a8853b1056d,1,credit_card,1,144.99
b760bf468b4938da338e68c1b8dde052,1,credit_card,2,85.80
dc0c0161a3b0a9692bc78a52ebfd1356,1,credit_card,1,378.26
"5d3a31f4c1c7625511f6d9b2bdc3b20a",1,boleto,1,428.58
"2ee2631a54a882833dda5690c0889eb1",1,credit_card,8,262.82
"64dd971db884055dffb6e94214b130ba",1,credit_card,6,148.20
"41f5e1d98c342beaa1234b59c89d9f6b",1,credit_card,2,312.59
ef2570b7f7f75c08b117f1d8db2a030e,1,credit_card,5,207.62
b0087bdf94b7aaab2e0fb914d1d99d9d,1,credit_card,1,4.52
"1ec0f6dd4813ff79c33a11b6c372cfb8",1,credit_card,6,175.28
a831481fe241b8d8bc08c53fc98012b9,2,voucher,1,100.00
e213fe5e5d434ebe5a527624543c0ee0,1,credit_card,4,62.00
"941019ce2dd2c6e0283d3dd469b1c5a0",1,credit_card,4,232.32
"0fc95c806aba2b8aef43db06838ec606",1,credit_card,10,2187.42
be1170e8310ba4a85f3bac68de9f9acc,1,credit_card,4,195.70
a28d2fd8b59565ab9973b930eac2596e,2,voucher,1,50.00
"76464635ac7911e6670c028e667ca7f0",1,credit_card,2,65.35
"376354084f6f8ee744a474abfb826ea2",1,voucher,1,67.00
"9bd5ab93fc163dd17a9d531c39806e05",1,credit_card,3,154.32
"76b771ff3f66ec317d81ebdc8643dcbe",1,boleto,1,69.17
"0c433b41ac4f5739f4c65e19bbdc8208",1,credit_card,1,245.99
b98e8b817c1d851dfd3c4f36e5713c3c,1,credit_card,1,74.36
"6d803f43262441beabcb27db6c78a68d",1,boleto,1,38.86
"2dd1b3fcb05d15852bfc51a0a8405381",1,credit_card,4,76.02
"1192d161975e75d0b5c3a018937df110",1,boleto,1,175.77
"4199a7bc1c9f1b2df2a5fd055fce1e5d",1,credit_card,1,250.87
c274216562a0ca3b0f14b7b46b8f7f4e,1,boleto,1,148.22
a733dd756bea706319508beaf3873a3c,1,credit_card,3,258.90
f6679e9eb75edd0750101c5172d662a9,1,credit_card,1,24.01
f8a8d05d951ce7e359dfd0c67f1de017,1,voucher,1,16.31
e562621b62675521d241e0a27a1ca900,1,credit_card,1,35.77
cc7b510ece4b6212269c87aae1a60658,1,credit_card,10,374.73
d980f50000c27ca36394bcac0cc7285b,1,credit_card,1,45.22
e3e77a472278ddd0f93e5b1391db15bc,1,credit_card,1,20.94
ee230b38900d26f6334311714d502d30,1,credit_card,5,156.40
"1c939324bacd87c65d030c7974e38338",1,credit_card,1,125.20
"1db209fdc128d35605e562a70180dd32",1,credit_card,6,122.55
"24bbec3490c63fb110f13f2c47a5b559",1,boleto,1,38.27
"91735aed391322fa8924dbce615566b8",1,credit_card,1,56.86
d555e208900fa538476880123fe0bf31,1,credit_card,2,266.25
"261f7ff907490323f35d83f257331429",1,credit_card,7,157.74
a0d4f93076122f91ae6403813fa2744a,1,credit_card,7,1411.13
"3da9b6dcdc5ef9a54af76280c750bb11",1,credit_card,3,76.73
"0aea5ed8df108f7cb387c099ddec65c2",4,voucher,1,7.68
d5211af24819d319c02a285e7bb51750,1,credit_card,2,186.76
f645bae2cdb36f1fd4b912724fd610a4,1,credit_card,8,219.19
"5b0cb832563a9fc75605f9edea8fba22",1,credit_card,3,181.55
"219c7d529a76ebdffe8380819ee7aa24",1,credit_card,1,70.00
"7fccb4a84a452c9ecd61ba5c182161a6",1,credit_card,1,62.22
"567d66becc6262cc863b77907f21089e",1,boleto,1,727.10
"0229bc966620f05d9d8fc29c704aa6ff",1,boleto,1,59.87
df6ab6dda739712cd11176b2d63e4575,1,boleto,1,42.21
"275e4e88329d7a94af4043495a8a1047",1,credit_card,7,71.38
eeeef97bf3c86c4a53f1cf963efca5f1,1,credit_card,2,142.42
"55d599a99424bf5a0293a84f8f65a13f",1,credit_card,1,149.14
"4304427fe7ea1d3eac77a9ee46541374",1,credit_card,3,66.62
"1c485e0055f428b859596cd4fc454aca",1,credit_card,3,86.95
"6eace5a496456d346454761a9fc00dd2",1,credit_card,8,184.68
"7f745edf993f5b792d9d64d92762af66",1,credit_card,5,525.85
"3451e358dcd1b3eb514821e4e9772ccc",1,credit_card,10,541.79
ce08cb25c768080aa3e01a96e5ff6339,1,credit_card,1,178.09
"2bca9fb7f37de0ca85a20234cdce1fb1",1,boleto,1,80.72
"5756666ccce49fda0eaf8b9cf57a9b74",1,debit_card,1,41.28
aeb1bf959ce40f5e1fb6c3f225252b0c,1,credit_card,2,113.62
e660da13091dbe48784500c1c3e2fb75,1,credit_card,4,256.06
"684f1a4b6559236d68102d69a63c5d45",1,credit_card,6,653.21
"374fa6a5abe1f7de3edd2add780eb791",1,boleto,1,110.40
"87f2841a7bac3a1bb41c39d5aa114308",1,credit_card,1,62.08
c681ff4f379711268d40128c1c2156a2,1,credit_card,5,54.60
be000eea7b699cb1b93baa620f7ddfa0,1,credit_card,2,25.31
"2ab274c9a5e207ca4445d7c6ab29e46a",1,credit_card,1,57.23
"1f151cb71f4f48164123b34c0b753ddf",1,credit_card,4,86.83
cb6ecdef708b4c17e5c71daeecc74ae6,1,credit_card,1,36.40
"3d7b9f89c8227047efa43e1c557e0966",1,credit_card,2,109.72
"596b168ac4fd56e69b35087afaa8ae59",1,credit_card,3,31.21
"2bf5740adc026c1b84b93c731d86fade",1,credit_card,2,82.90
"8f35c9d6cb15b3bc14a4a88374c6d3d6",1,debit_card,1,204.36
fb6a38c6d83a99a085e448f590cbc1d9,1,boleto,1,47.62
"6d46c95c090a478e52c89008e729bea2",1,credit_card,8,125.74
"478116017852df9d1ac392abcf28927f",1,credit_card,1,60.65
"0a584a18a05ee90c0e3793bb14a9ad3a",1,credit_card,2,22.86
"876b3ca0fca7f369345f61f3f526a5c4",1,boleto,1,148.70
"0fc3e31f16aa4bc4bff4d14fe1e169f8",2,voucher,1,109.92
c07faaf3f296c268a798470bb6008a4e,1,credit_card,1,135.49
ca5d34455321c329173e1c6c3fcff7f9,1,credit_card,1,24.73
"574b660575423ea08637ab9393a5a64f",1,boleto,1,66.25
"894d027fa4e4510468b2b7bb87e15c56",1,boleto,1,122.98
cc8389c87998ef48d592285b08d5106d,1,credit_card,3,39.09
"1335770a97f98c72818680ee3ff1d00a",1,credit_card,4,42.77
b4ec6d93789e37e779f86f3b7a9982e5,1,boleto,1,85.23
"00c405bd71187154a7846862f585a9d4",7,voucher,1,20.00
"39f428ffba2a9207ffb6406237ffe25a",1,credit_card,1,65.00
"6e70c44e566a92cd1ef6b7bc8631fece",1,credit_card,2,205.51
ab8f85575996e2f61235b8943be55eb9,1,credit_card,8,600.00
c7542d0d83ead101b058770578cc04c3,1,boleto,1,31.33
"4eaac246ef696b5524caa40f105ca46a",1,credit_card,5,55.98
d8a8ca4fa9960f350db09ddea8861f05,1,credit_card,1,31.66
"11e22e541201ac67ff98e87193b4fc8d",1,credit_card,3,192.75
a305557a41b3c1889b8e0d9255f9ef1a,1,credit_card,2,75.46
"1a374d53303687a9eced1e981bc5cbfa",1,credit_card,1,77.75
b1e602c4c179bc28b8b7acda8ea946d1,2,voucher,1,50.00
"714eab828e697b510a611bda04f0d167",1,credit_card,2,138.39
"202bcf28f7e3dfcee06ab0bfe10c750e",1,credit_card,1,58.37
eeb2e664debf2c0bd41c970e2122858a,1,credit_card,3,31.75
"237fe1628607420f6e0a5a4c4a64b298",1,credit_card,1,91.35
"978e16a447af958864561d170165f266",1,boleto,1,39.89
"73df19345d0de1ae473fdfd37070f16c",1,credit_card,6,368.92
"421b4ffa3b5162cfda443317c902f866",1,credit_card,5,133.42
b9de9e1eb84649fb4958de11ac492b6b,1,boleto,1,165.25
"3f9cdc88397ce0308a37483fb2f146c1",1,credit_card,1,110.87
"36782087b0d4f8cd6daa340872006259",2,voucher,1,50.00
"92907309dff7adcd19bbbb29d5fda792",3,voucher,1,30.00
"006e91ddb0674525f84ce0da0655c7ba",1,credit_card,8,529.35
cb47bdb6944b3df9373054e6ab62cf46,1,credit_card,10,931.62
"50ef70ab0e17f1d235cada82f7189bbb",1,credit_card,10,1423.21
ff3a45ee744a7c1f8096d2e72c1a23e4,1,credit_card,3,160.42
"3a47466ddf60f686bf60e6cc66ed45aa",1,credit_card,4,59.75
"38a2b9fba0dbb602df8140da3d6287b1",1,boleto,1,132.10
"48bdee388e83753abcdc2bb0c2e99ed0",1,credit_card,2,366.18
"913b2ec0a92a754a5bca7ee6169147b5",1,boleto,1,89.52
"24523db64c1af3f40f27cb4416fa5ea6",1,credit_card,3,147.08
"18c0e47466dfe911dac270d92d6f55b5",1,boleto,1,671.25
"82d62e8dbebf85af5c2873e07fe0721e",1,credit_card,3,297.64
"251aa2c943f75ad00a62107e4a9e83ec",1,credit_card,1,49.71
"29fd35acc2205a78e40f2141e78a839a",1,credit_card,1,34.71
"16fe5fdb7f5aa0c9e841387dfec29821",1,credit_card,10,195.70
f5eb5acec9783ed29ec9e62f521e409e,1,credit_card,1,75.44
"65035f2d005e9af22156150a3bde53b2",1,credit_card,4,92.50
a4101dff2487b4a3d89330b9fe480475,1,credit_card,5,72.16
"74dacb2dfb8eb52a7a5130854cb9d58e",1,voucher,1,59.01
"5c938587fa6333223164d94333986fa5",1,credit_card,2,131.05
"9eead354475b8b8fde3811f26b2599fc",1,credit_card,3,164.04
"7dfb5da526cec6b438017b4b44d07c72",1,credit_card,10,217.64
"11bae3be28f0706705a8ea753466a1e2",1,boleto,1,73.25
"2e612a3508e4bce75344e6bfb68f28e0",3,voucher,1,25.00
f1663bd29a998b1fa47ee2b0e681bb39,1,credit_card,2,118.40
dac5565e9e4cc5f3bd66470ed608c95c,1,credit_card,5,182.86
"00588f5f20fee630b83d4709e0a42715",1,credit_card,4,114.90
"4072fb31a37a095cf5c6efcc068d4f5b",1,credit_card,6,66.64
"5de9ecce32c65cf52b1602cdac27f7f2",1,credit_card,1,77.99
"21094f6fd8017c8b7339040142abea71",1,credit_card,8,80.63
ec5865f7945e691793bc68e066c837fc,1,credit_card,2,31.59
"06a7cc29c9ea73fb0e7d4dc3d9284a76",1,credit_card,1,53.27
c5b29432f1377aa97a3b0cbf9f62f960,1,credit_card,5,190.13
"553d47dc490558ea119058262b5f472a",1,credit_card,3,80.89
"0ba2bc78c04f47c4757a465b7d7e4f79",1,credit_card,1,233.55
"00bd50cdd31bd22e9081e6e2d5b3577b",2,voucher,1,40.46
aedce246ade02620f9c056df0c751549,1,credit_card,2,145.06
"3983bde7a4181560b9558aedf15d49fd",1,credit_card,1,89.27
"9477e87a26d6859d592a24e63446f63a",1,boleto,1,63.60
ad8b58f4364259dca06cf2e3d65f42ec,1,credit_card,1,73.34
"57c38272c5be87d337e47ad5f1d88343",1,credit_card,5,214.13
"09ff9d4a5ba285dcea027de9e7c3adba",1,credit_card,3,96.93
f81189aaeb2e561e2e9fe0faec4bbbc3,1,credit_card,1,27.79
"6f028ccb7d612af251aa442a1fb8b5d0",1,credit_card,2,44.31
"243b66cfd676e63e7db35e7341acdf7b",1,credit_card,2,73.96
a6ee9db107e8fd0fc14d99be85503396,1,credit_card,6,132.64
"03128233e78ed8ade6738f2043f4cf8d",1,credit_card,1,72.51
"6942ea6db4b222852aa2e7efcf95bc06",1,credit_card,10,118.37
"1f3b35f0094be1430b5d520be3436ea0",1,boleto,1,67.78
d2dec7f70a6ba38a5391914f927ec6c9,1,boleto,1,1101.83
"3c6ba7a3320c8c63c76d343c388ba219",1,credit_card,3,113.89
"08f037463ef8a43a35237ad2029f316b",1,debit_card,1,47.43
"17784b9fbb37fb0bdc230d8ed6f6b355",1,credit_card,1,1342.98
"0aaf52291c13507e7fe4f565f079ad9a",1,credit_card,1,0.96
dcd164b97935d9b049b44ce46d77d06f,1,credit_card,1,78.55
"51eb3e42940efb2afe2e7546e8bf2f5d",1,credit_card,2,44.72
"43fb59e264c079e9579f33f7d0f240a8",1,credit_card,1,31.77
"14984dd96b9f40cfe572b31c79247c76",1,credit_card,1,125.38
"098252064bc68acd5911a587b58b2cc4",1,credit_card,1,86.14
"69de6dd68bcaad14dda6d5e33e45bf98",1,credit_card,2,147.15
f818a0090e91cbb10496d6bffcf1ae3b,1,boleto,1,68.48
ef9d9d877db739de05e8c8f91938da1f,1,credit_card,1,411.87
"3a090d54e49811f1f174f6b13d8bb359",1,credit_card,10,721.14
b2adafcef9baffbef06c6e49e3d64c71,1,boleto,1,114.44
d11c4164f4abab90d9262e2f1adcabb0,1,boleto,1,71.43
e956e93f8f14b5ef3b2528d00f4abafa,1,credit_card,3,45.00
"991bec1822c6466e1a18fbe592a034b0",1,boleto,1,46.14
"67b0f3d0a405fc007841f73f2792323b",1,boleto,1,23.29
edc438144eedf58c321995efd0225e19,1,boleto,1,68.45
f08964bf6d23a9bb805d8fb23de64a87,1,credit_card,1,84.47
"0f6fe79488ecaa34f835af7fec461439",1,debit_card,1,23.36
"8418eb39cd68b52032566797b8f1bd11",1,credit_card,2,164.84
ee95946f63d71c44f715e74b27adb2cd,1,credit_card,4,144.65
"8d29abe41d9157240194d0210b529771",1,credit_card,1,76.08
d904c8fc4955920c3cdb9a2681648f3d,3,voucher,1,1.12
aa649f102949b264d3d83c5c545dedfd,1,credit_card,6,64.00
a7f4bdd6d19c92879d484c48ada14fa9,1,credit_card,2,269.62
"17903614dfca588bfc80bd00f94dd8d2",1,credit_card,1,94.31
b277c79061d5d57c196e249f373abccb,1,credit_card,1,68.46
"630d50b3a0f69b6ee270ae91d0594969",1,credit_card,5,126.05
"327eb42fa668b532239f44713415a37a",1,credit_card,10,1040.35
"2dd2ee0d9fb9543e703f5132e745c2c3",1,credit_card,1,27.39
e003ef7043c4587ceeedca63a9e06054,1,credit_card,8,182.94
f1ebfc223dc0c69af08b4810a6a200ca,1,credit_card,1,28.75
"45ea2b89437b64de2c57f6651d35f451",1,debit_card,1,40.17
c2a550cc5f966506b717532441c221e5,1,credit_card,2,139.61
"52ade67b3fbf4821fbb52e5c8e3a463e",2,voucher,1,0.74
c85f8d62f0ff14b199c3d6ea33e571ad,1,credit_card,3,49.00
"7ad3a0c4bc283dc5bdb749f66752270d",1,boleto,1,38.13
d9c5038b04ba670150fce7814b96c68c,1,credit_card,1,40.77
c33a8aa2dd5053d9fc89793f94229ab4,1,boleto,1,202.46
"927b9b53e41f5c821e1ec7d7f8b01a16",1,debit_card,1,74.50
"91244521aad278a4f697dfd15d31287b",1,credit_card,3,79.07
"9bee6353b1a78c53133a7711049a33d5",1,credit_card,1,103.55
c9a88d4905eaf518dd4a6fb776134990,1,boleto,1,111.80
"283bf1118a872ce76471f83be536cdc8",1,credit_card,1,294.97
b635cbb9f7c2bc5de438f7429b8490e5,1,credit_card,5,1147.97
bb4d578c23506bbef7d3cd919028a8d1,1,credit_card,1,85.30
db92613c074f00e53066388d48ad7512,1,credit_card,7,97.87
e54c837c3ceab3a51f0afec240e9799a,1,credit_card,4,186.86
"21098189656e63812f552eeabc4eea79",1,credit_card,2,20.76
df66e94131ba6d4c45c7b0f75680d29b,1,boleto,1,70.49
d600ade4b93f1464f08161e661d9812c,1,boleto,1,96.72
c05002c71f007c6a4056ca538113e991,2,voucher,1,103.78
f1b77f21eeb32f40813b2df8368450ad,1,credit_card,4,113.62
"351126ee473c51592cb591efea295181",1,credit_card,1,110.98
"1cfe8d413eeb99641193432e99568f61",1,credit_card,4,299.18
"4338a4463f7f9193d2a03a83a4b68ba0",1,credit_card,5,85.60
"407c915b14e91ef7bfab0f2f272ccfc9",1,credit_card,1,106.25
"6285b6f2819b0adc9d5853af6c6ff4dc",1,credit_card,1,28.99
b7b4ac6cf1e3f2b55add5793768dc23b,1,credit_card,1,52.91
"2311ac56316c28e8f8f0b729ed8979ab",1,credit_card,1,75.62
c30c32ccb820fc222d87bc0ea8b6eac3,1,credit_card,10,820.35
"0a66244c735378791bf14412b6c97df0",1,credit_card,8,276.11
"27428009109805ea69e0638806aa97ef",1,credit_card,2,91.66
fd79284ba0bd11e560e236f939640143,1,credit_card,7,79.26
f37bdf37547266e7d6760e52bc87dfe3,1,credit_card,1,2.77
"61ec5109f4c9a59f41c57bbd183e9877",1,credit_card,2,62.54
"25f43575fa101103e2246a97e03fb705",1,boleto,1,48.32
a46e7e8e02915adecb392ad065121a51,1,credit_card,10,1812.71
"563a48e2c7312a1aeefbbae15eb17521",1,boleto,1,55.27
"4b1db8a28fba39bb791eaf6f2d287d5a",1,credit_card,8,198.13
b8dee041f5693cc5bd0984155f847890,1,credit_card,3,67.60
"88daafa15ce9145c1cc5d0a5b4fcaab1",1,credit_card,2,143.67
"7f6ec42fa02aab4e3d25656e81bc7c8f",1,credit_card,1,89.63
"2297bd1a898970d8f9cbefea429b7bad",1,credit_card,2,87.06
"2ec585cc6e3630ad3ad3734da342e94e",1,credit_card,4,41.84
"0e674de2505ddeb8770eb4e642b0a638",1,credit_card,2,69.33
ca786c07fdbcd2a6beb42eab64c23a3e,1,credit_card,1,12.99
cfdafe1f54a0d9d24944b603b399eaf0,1,credit_card,5,61.05
"1c74ffde86fb781136c43931617a5958",2,voucher,1,30.47
af26a72d60cab61a090fbb420d4c6954,1,credit_card,4,59.72
"6acecf438369055d9243e121045cca74",1,boleto,1,18.62
"6e15cbf7d3e8a1099a5be2702e863ef1",1,credit_card,3,163.79
"0382a4a9c39917c21b842b7c15f4be23",1,boleto,1,70.49
"71c89401f412b28f60a52e30f1691509",1,credit_card,1,129.19
ff098b9342213641be5da8163f0fcf2c,1,boleto,1,1373.83
a0a8509664c6583fbd77dc8ffa673662,1,credit_card,1,61.72
e7fad3681883337ef2d804f54f9adbc1,1,credit_card,10,177.35
"86fd04412b2f1ed2c2e1a4ac3e3eb7e8",1,credit_card,2,56.13
"2bc68e526b27d2a28478a963d0ea2d56",1,credit_card,1,178.34
"2f000c3fe98bfb40a47105b66f081368",1,credit_card,10,169.23
"7d26f2a43dfbb0b9e5c39149593f3839",1,credit_card,2,119.02
d48b61ddc056e387c86d308c28798dec,1,credit_card,3,72.83
"7fe1044f8a2fca89a6cc85fead509a72",1,boleto,1,59.78
f7791fd674aa787f1f33ae0fc5bb0e3c,1,credit_card,3,726.71
"981a9806f64f9c36b258de8edafdbb39",1,credit_card,2,96.80
cba50ee7d72101bacb9accfaaf1d087d,1,credit_card,2,40.69
beb6927ba358d62ba446c803a6a4d815,1,credit_card,9,99.90
"283b742fe68780cce8df4470d11ac981",1,credit_card,1,77.98
"471ca99c77519c786c0b63a0933b4b06",1,credit_card,2,24.00
b9886766c7d03ad40eb4f341af209a88,1,credit_card,6,60.42
"0d91eecd335defba92a82bc3f062225a",1,credit_card,2,158.73
a3868921c7af20ac7aafb5e8b7b5b4ba,1,credit_card,1,64.10
"3c7f51d2d4719b8f3b5af55c167b2fb4",1,boleto,1,38.13
"3944367288e7bcdbf7c948a4076d0fc8",1,credit_card,2,115.45
a9b67aa415d798b812b40a140b942486,1,credit_card,1,48.06
"13b4f8c4b570d25d95bfd3c915ed9c38",1,boleto,1,859.02
c87c652834da18e71fce5dd703bc5936,1,credit_card,3,73.81
"33df8843af208f8c4418211eaa6af067",1,credit_card,1,45.19
"11a132c691ba6602d0cad2e1eea1bc14",1,credit_card,3,206.08
"68e55ca79d04a79f20d4bfc0146f4b66",1,credit_card,6,154.67
f47b9b38f1a8dca00dd9517273fe0f68,1,credit_card,4,44.82
d31df581f4efcfd5c6f523bb0fed1bc7,1,credit_card,1,70.72
"980044cb2540e5978dc610bcc47bb9e7",1,boleto,1,48.21
"2babe10ce6bcb68b1e3bd35e24424466",1,credit_card,1,26.29
"62fcfe5da58296dface200da2e196fcd",1,credit_card,7,76.08
"168777f697d19208fbd441b4029e441a",1,credit_card,8,183.61
ebdf9151853ce53a5b0606bcaecfa496,1,boleto,1,32.67
"5aa30c6fb7069f850d190ad8cbf80c20",1,credit_card,3,410.53
"48fe5083b6d757cea683f2f5f35e6703",1,boleto,1,18.77
cfc1cc329b18565c0bdb4aa77d042c93,1,boleto,1,81.50
ffd5efbd46bbf72ad374862a05ef4c72,1,boleto,1,60.42
b025ae09d0783f8194ec38b10c65acbd,1,credit_card,1,36.28
"19f8033200723ac16aa147cf1add96c1",1,credit_card,1,21.78
"3eaaa0491f840f400dcfe9469dd5e205",1,credit_card,1,85.85
"0f90e415a1696862991f4ec94ed7ed47",1,credit_card,3,35.77
"99486f7a6b9b7e8b96cfbb4e3427bd28",1,credit_card,1,34.00
ae5d768eedbb1d0d2d3cf01e6b844739,1,credit_card,7,154.10
d18941a914e7a203e714a20432c05a35,1,credit_card,1,36.17
"227e226c302f202f8fe0ac838846adf3",1,credit_card,2,198.53
c7f27c1776def4a1c9b1585107d0f209,1,credit_card,1,149.88
"3a62cd7c5ca5faeb968cbb94ad3d27bc",1,boleto,1,77.57
"4ab89d9dbd3924ff720ba734b538956e",1,credit_card,1,151.65
ae68db7133205767bf752b04da1d3b50,1,boleto,1,205.47
f3a9c397a2fa5a2366b4b96bc15737f6,1,credit_card,5,116.98
"18c7a26dfefa3c4686770ca98c0819fb",1,credit_card,1,63.53
"971d58b94f7bda9a79f4847e1509a433",1,credit_card,8,83.89
"00404fa7a687c8c44ca69d42695aae73",1,boleto,1,99.90
"3c86b0f3acff06bcd6f7c6577ba4bcd3",1,credit_card,4,230.19
"139f77f83936e3fed4788e6675c1a64a",1,credit_card,12,671.39
"46b5ee58f02c3f33a7bf816bfc5da13c",1,credit_card,1,36.84
"0d4a3f1765974c4b0f1f07bb6ce1bda3",1,voucher,1,21.39
"591083bc42b589c7052118aa83118e76",2,voucher,1,20.00
"2289ae813066fbb0d0e65239212ee5d3",1,credit_card,8,2031.47
bea39233e56405aa80613120fa0faae9,1,credit_card,1,94.06
"2c7fa9ba8159b3183ee63a7ac9148038",1,credit_card,1,40.27
bf40c06bf172145e8d7d468e6de69de8,1,credit_card,4,64.51
d74f1b25b78535c9b35042c0abb9c828,1,credit_card,2,214.73
"24bff6c6e26ab1c7ba6bafb8f08773b1",1,credit_card,1,249.67
"5c2630d9eb5757718ef5a12b09368935",1,boleto,1,43.27
ae06ecd5e96edbfc44668e2cd8e0ff84,1,credit_card,9,186.30
a5b37738b62f5987269c20c5e810e3e1,1,boleto,1,343.64
"4a34ebaf9dad918de4b5201d02bd7289",1,credit_card,6,165.50
cb59129e626aa76c4e74faf4bfba07d6,1,credit_card,1,108.81
"50a1538292e8bbc31cf380994d1848f3",1,credit_card,3,153.48
"4f9b9fd2455e28c59c7b35969692bfe8",1,credit_card,6,69.03
f6c08fc8e2fae4534791140858e82621,1,credit_card,3,144.40
"17a7c61884c9f0021e21a4f8fb2724e7",1,credit_card,5,59.74
"004fb11815bc03b01b20a614eef69d14",1,credit_card,3,92.74
"33ab0cb68dc067249bec9f7360d03d88",1,credit_card,1,74.16
e6712050b6cb63061665c44062c15b78,1,credit_card,3,144.85
"908227fe95698325710fe450d4b7018c",1,credit_card,2,76.09
"0603e869ecff28981f22e3ea3e91911b",1,credit_card,10,343.54
e208a6bd0e030c2240ec286633bd9039,2,voucher,1,20.00
f0306b5ed43b47782c4f72497dc5e97b,1,credit_card,1,50.09
ad20e4772c02fa44040fe219a2a172b6,1,credit_card,10,1733.70
"0bf5f8d1827bd25b377ffbe375420463",2,voucher,1,26.31
"7e7c0e989429a8dcd7853fb2a666dbad",1,credit_card,2,27.97
d9c24372ad19900d28302a9ffd3da0ec,1,credit_card,1,73.25
ce6e8af063580cc9f902fd9c1d171c33,1,credit_card,6,162.15
"830fc83eb6376eb2f375005e54d4801d",1,boleto,1,136.63
"9a965cd710da5125076afbd641624600",1,boleto,1,79.93
f29ddf8225b83634a61798046455ce8a,1,credit_card,2,68.53
ac3fcd67437432bd0f3a05aade719e7b,1,credit_card,3,166.69
"3d062cd73698941c34fd1917e8f39482",1,credit_card,8,81.36
"6fa3706fe8cb643a03e2c14e2ecd8799",1,credit_card,3,70.44
d396adb7e51ca1bcb4a84cb786fee813,1,boleto,1,722.05
"2e914af8bdaefffc2e6ea38a39a64d4a",1,credit_card,2,188.50
ba992a67b91b76a97c227e1ad48658f5,1,credit_card,3,80.55
"2e6d2d54826e3dc0cf96b86f6d029dbf",1,credit_card,1,12.47
c8fe12f276a71635e2f929eac9d2d21e,1,credit_card,3,220.29
d7f99a9d27a65a88e4aba096e5ba4a47,1,boleto,1,41.84
"394961b2b483cbcfbe249c1634babac5",1,credit_card,1,67.50
"4c2bda2a65cf17bca1d9c00daa0f8790",1,credit_card,5,52.69
dcc806fad366274f6fbfc81da473b307,1,credit_card,1,45.11
a7b8a73bcc7bf3850dc9f4907c5ee6f2,1,boleto,1,644.45
"7483928c3fa3706bcc1777178cb1793d",1,credit_card,4,138.84
"72057e22b4e99820f18ad51861441403",1,credit_card,2,99.90
e641155b00bb2461d65e69ad8dbabb47,1,credit_card,3,285.63
"8c06de33065ff82ad2d811b7e81a5f7a",1,credit_card,1,74.50
"9219a5c9f7499851f5050de06f739f80",1,credit_card,3,44.24
"13d37da7780bd1fb1eca0512a3e75f00",3,voucher,1,20.00
"691ae3791090baa73a918bece7c1d443",1,credit_card,10,146.17
"561dd928c7f7e63277e02e6662bcce48",1,boleto,1,868.24
d233c4818e81c8e59a0b974210ae88a7,1,boleto,1,95.21
cedac928ba1f320f1f61e79b3801b5c5,1,credit_card,1,28.62
"87b1b0ac27740690a2f04d333724c05f",1,credit_card,4,353.58
d9f01bcaf3105a86a53c477e4c3b7607,1,credit_card,1,46.27
"2f237ad78fabeb8203631b4a881a83a5",1,credit_card,4,47.38
"70633832cd39706672d40a47536c2387",1,credit_card,1,78.76
"1664a6f6d45f4f83c8263fe906f7626f",1,credit_card,1,35.35
"8b24b76cb8cadb97c498a77b53fa3bb6",1,credit_card,10,714.18
"4310f91feaa68e3b065256b3a4debe75",1,boleto,1,298.32
"0fc0482d016611a60b65ca297e61fb1f",1,credit_card,1,379.97
"9e131f842d7e07cecbaffc75897506fa",1,credit_card,1,33.37
"483802a1476e667f12dbac40c707809b",1,credit_card,4,215.15
bd46eb8290e43e3407aed6543ff41989,1,credit_card,1,33.68
cb2dcd0d679928c3c5d29e5479982901,1,credit_card,10,143.99
a8c48d1daa81901cb7d7d4b0c0d55389,1,credit_card,1,228.01
"2362f0e9afcae197310501d93b070bb6",1,credit_card,4,203.67
"4316640980023505d9d103d3040a85a5",2,voucher,1,50.00
a2e4c44360b4a57bdff22f3a4630c173,1,credit_card,1,61.62
eedfea77a364bd7d7081632d66520b89,1,boleto,1,50.18
"8c46303a8d94eac65d84d4e8b500b65d",1,credit_card,10,178.56
"389d99caa7584786ee8a27df1638f6ad",1,credit_card,3,64.60
aa6ca3b40dae9e69a867b8b50d18434c,1,credit_card,1,35.75
"615e54068238441742c4daf6a7b4ccff",1,boleto,1,31.75
"9da6e3bacbae9dfb6f886b2fcdd80bcd",1,credit_card,1,254.73
ae2fbf3e49f52fb3c913ce645fa52dc4,1,credit_card,6,103.84
"94b9fdffc1d9b49273c91598fc0dc5e6",1,credit_card,1,55.87
"0499c7fe87611ea8ba76fc6ddceaad0e",1,credit_card,1,84.58
ff31038b08d729b14c0f7e206f0c85bc,1,credit_card,8,135.49
e1410714b40ecb7735ebc3f823d60745,1,credit_card,3,627.54
"79562db78b573c385bac088ede3973dc",1,credit_card,3,117.43
"04d0a4d84d5dc9cc343ca4d0e4120a4d",1,credit_card,7,73.76
a0276ec686c0ea314da1e9da49e8a46a,1,credit_card,1,30.44
"9e103e5106ce70cf6a318d7039319025",1,credit_card,4,93.48
"195f299b40b4d78afa81a4109b618c02",1,credit_card,6,68.33
f8cda48c65da1c85ccd132545de55a79,1,credit_card,1,46.71
d5178e0be8a5c76644351dfc6eaddfb2,1,credit_card,5,106.90
"1572f182d2e056c2c49d7ee8a7bbdb28",1,credit_card,1,26.00
"6c3682387b03809f0cdff2ef08a7cc17",1,credit_card,5,157.30
bed62216bd8e10b5b9e22eee2563c39b,1,credit_card,6,119.04
"72d35321453b32c80a4427da5f385c9c",1,credit_card,8,220.04
cd6f777c4734b77c8f01725d6a3500c0,1,credit_card,1,55.91
"6e810ea04c2e8b0bd5983f29be221d11",1,credit_card,10,247.75
d7289e919ed445fbccb678459efd3154,1,boleto,1,40.00
"5ed8b8942757954959c6b8a16f9cae68",1,boleto,1,111.21
c9228d6b986db23662580682699083d2,1,credit_card,4,45.93
"5f2aaf089bdf0d14f2357066f139c2a4",1,credit_card,1,144.12
"7dc42eb6de5f2be1c800534aa6f8a778",1,credit_card,4,197.97
"874b5f0892d39a5537e47c53d0ad4457",1,credit_card,10,643.84
"0358c6f73774fe4d4ea9b936ce61ab2a",1,credit_card,2,89.09
b948bdde0e60c872c56a559f349c1a66,1,boleto,1,84.12
"062ce984a468dfa021e43bdf17ae158c",2,voucher,1,17.53
"99e5f0c685ca94e5a1c7134b1898bb1a",1,credit_card,3,38.94
"43d15639614829b1cb997af5c0f5f7b0",1,credit_card,2,205.29
a16c1e5c3c877e414d0e584e18ccb860,1,credit_card,2,48.22
"4ea7a0509e9dc440b977de71fe9128cb",1,credit_card,1,63.00
"1e43259a5cd8bcb0161554a61eeed004",1,credit_card,6,195.91
feea4e6dd813103d3a1e4a39a341d66e,1,credit_card,4,412.43
"3ecb32442c4d437bedbe97a717ae5c0c",2,voucher,1,50.00
efc75f1677aeaa527dfe4cda208338c2,1,boleto,1,213.64
"45ac1d4b219993bf334080eac1585166",1,credit_card,2,136.37
"2a2ef9160ab84c882e54ed20bf50d860",1,credit_card,8,182.10
"5301ecfd0e379cbcb4129e22f8a7f0ef",1,credit_card,2,133.04
f58365f25afd293b0dd1d2200d9d44df,1,credit_card,1,172.52
a82dcbafd23833baa1a6f5328cedf5a2,1,credit_card,3,162.04
"816e49951eeb579e37e0e247a4957869",2,voucher,1,37.16
e34b841641aa07f65aedb6b71194a2e2,1,credit_card,10,148.92
e9f0845a93b13f1114e08ddc3ddbc60c,1,credit_card,1,91.16
"22354baf9cca9cdfa42fa81c286e9b00",1,credit_card,6,60.70
"66aef8b9776b9fbfb4ccebc6f3d984bb",1,credit_card,1,62.69
"3712671af76fe8fa80631e4407cc6ab1",1,credit_card,1,89.91
"9d8b5a8e3231c5bed9d2c45e1fbb116d",1,credit_card,1,83.49
"5335b1d7638fab1eabeb24a1e2ff380d",1,credit_card,5,149.54
"3dc3b1441a6356bd23b21ac507bd38d6",2,voucher,1,19.68
e5f2a41dc1488b94c17771d3d627bec9,1,boleto,1,82.56
"1a82ae1928c32cea24d0235445148454",1,credit_card,3,65.05
"6907ea7150759a085c8ed75a55aeb90d",1,credit_card,10,1800.00
"5255f1faed117d0031d5f1c17d645d61",1,credit_card,2,150.69
eab958e760e3a29d059399d02b913fb4,1,boleto,1,51.84
fd2af1836362513c249c7ae85941141f,1,credit_card,1,66.20
fdace49148cbd2b1a22811baf02f5fd1,1,credit_card,4,112.30
d603daf41a69ac39e359dadcd655fd35,1,boleto,1,42.77
"26f1a21b851baef4f3bb1ea83c9ba962",1,credit_card,1,48.13
"00137e170939bba5a3134e2386413108",1,boleto,1,421.65
"1e13e00d6605c9924acebc4441a7cce1",1,credit_card,1,31.23
"0f18445c75633a4beb91e985a0907b8c",1,credit_card,1,53.83
"1587f0c11595ff02ca8f9219568ef020",1,credit_card,1,98.51
f61f547d212a8e108eb2a928aaa5fb03,1,boleto,1,69.49
"11bc6fba055abbdc961925690db38135",1,credit_card,3,282.41
"86910652898666a37fe407a7a92bc785",1,credit_card,6,66.10
c602154123d0956a6fa53e0267b25bd8,1,boleto,1,35.05
"905f99d528bb299e8c62c67657cd8ccc",1,boleto,1,192.66
c8ca33595b27b7aac886cc2936d67bdc,1,credit_card,1,67.50
"7f9089a3fbe75385f39d5924c2928352",1,credit_card,13,130.57
"4e506215592eafe8d7366eb7fa6cf532",1,credit_card,3,152.82
"08a72c88fa7ee3652a339070245b9f1e",1,credit_card,1,13.73
"489f6e3f33b0c5303c7f0c83f3ea8db5",1,credit_card,1,56.22
e4a8c46a68d36806c7eece77ed233a3d,1,boleto,1,158.91
fe1e2671bc0399317906b86ef1c12593,1,credit_card,6,313.11
"4506b1cbdeeb686eb19dd753a7a645ee",1,credit_card,1,20.29
"6c789c4531cce9df0350a20eba9936be",1,boleto,1,138.06
"97d3b9b0032e8db77dbde7759a33d984",1,credit_card,4,73.20
d975f03243bb4cacbbbdab1631466bf3,1,credit_card,2,78.14
"5d95f889ee0308db432f259eb63f4c43",1,boleto,1,150.39
"8bcbe01d44d147f901cd3192671144db",1,credit_card,1,36.21
a48276e53f3d5d19890051a4f166a71a,1,boleto,1,62.25
"371c68be14162562da1b0f09a47e54df",1,credit_card,1,46.22
d8bd333ce65e76948e3468e2de08cb8a,1,credit_card,3,103.04
"2e798d923f1fa1373bef8fb916af50d2",1,credit_card,2,81.75
"1a271fc8bb3a9a776ae5c012bf017ac5",1,credit_card,10,153.09
"5e414a0babe7104b8c528527c3ca4dca",1,credit_card,2,174.41
"2009bc59edeb703f6656ed6103650c3a",1,credit_card,3,179.35
"756a548a4e48d6c87648cfc577b08a86",1,credit_card,3,115.45
"4ce4fb772277f3a13a61a93b7f19d62e",1,credit_card,1,171.01
"3f77b361a73925a9c1250b4a31dcb58c",1,credit_card,2,146.68
"1c9ccd3bcf9c95360ad022f5bda15d44",1,credit_card,2,50.34
"366df9c0b0d5d46f8afc476dc4ca7671",1,boleto,1,79.28
d8d5f372b6b1d10843065cbd97d6c55b,1,credit_card,1,113.15
"0f91c3ff994b282ce8c7fed21df7c678",1,boleto,1,54.30
d3582fd5ccccd9cb229a63dfb417c86f,1,credit_card,1,38.66
"97371a0c99b82047e961ec875152207d",1,boleto,1,39.09
"9eca84d28a0c3cd0746a25f588705d30",1,credit_card,2,79.04
"6d3e3e287e00339a15d1b86b209121e7",1,credit_card,2,28.09
dccf99a9f12d7217cd20878c985d55ac,1,boleto,1,105.28
ff7ea91a98e1590d290e99bcffefa149,1,boleto,1,88.45
"489243ea0f23a5849516cc651afa4325",1,credit_card,5,53.92
"4356e7c55bfb4c23c67ebbd0b1365bf0",1,credit_card,3,129.59
c578368509858a65535ce3962ee21be3,1,credit_card,1,32.29
"446e94f0a6c617e2444bee5ee7ed7050",1,credit_card,1,44.11
f017a9decac739e813123c172cc00276,1,credit_card,3,84.14
a10b5cf95e016d8abd403c05970234a0,1,boleto,1,590.36
"2f5e6eaf3119b2864514aa0a2a0cfaff",1,credit_card,2,65.09
"1306d7999cdd320272eeea20f5768b77",1,credit_card,1,41.68
bbce568b3f47a619736a632cfd4e7837,1,credit_card,10,819.34
"702c1e398b49275935f9d3a6e344083d",6,voucher,1,2.72
"07a4d93bf559c596edf3f808c5af4720",1,credit_card,1,63.79
"294d16591b8d224412320d2053d48623",1,credit_card,7,159.56
b819e736052660aa33771a0266c225bf,1,credit_card,1,47.64
"6fe1a563bdf47496b8bba2d6c5149468",1,credit_card,5,185.32
"796843d5e414b6e4272228bae15d828b",1,credit_card,1,24.38
"55f95b4afd88a480bacd1acd837e5953",1,credit_card,3,37.23
e96c4302510359c340adad478ba16cb0,1,credit_card,1,2.61
d5d914a6d27103e0a343e2e5cb567ca7,1,credit_card,1,31.48
"3e8a5d740a1e7db9eb5bdc6262644e88",1,voucher,1,46.14
"0d193d461bbcef442c5e6786a16d5bca",1,credit_card,1,167.00
"37b6a6302848e0ce3dfefef7716a70b7",2,voucher,1,500.00
"39a2c5163845188e0148f36a05ff7ac7",1,boleto,1,176.78
"725e447394783623c41b52e74e2c691e",1,boleto,1,87.51
"3b8a6f4c963d2e04b3d7a0bb8dc84b6e",1,debit_card,1,51.84
"09115b2d7c4d9d65a35b13be42e668e7",1,credit_card,6,117.85
"2486b2851078973a32a2ef92918506f4",1,credit_card,8,140.99
"75086a2f175d1548f12ffd72be9d06a7",1,boleto,1,509.66
"5cbc4966cc894d0b1ad64e7747264335",1,credit_card,2,73.98
"37974418f119afe7a1c6025eeea7c07a",1,credit_card,10,148.68
"39f2f1bc7660c36850e4d3798f120658",1,credit_card,4,43.85
"7644d739e2f3576f4badf052556d99a2",1,boleto,1,97.78
d3605b7117930d845a75af0d32c3bc7e,1,boleto,1,221.39
"0a72bb193c65199cdd69574aac533a83",1,boleto,1,189.00
"086ce45c7045b3c6a4b503bd3ec73413",1,boleto,1,73.93
"52f6d6af659ed5b3217520e607b84fe5",1,credit_card,6,342.84
"6e7d56b33e25e67ee602c9bfb9a63018",1,boleto,1,43.77
a3316b63c1f065d129b524f658cce198,1,boleto,1,198.68
b335cf4d393acc627b82e83b3b3711fe,1,boleto,1,83.22
"4ef4d5ad1ca0e17cc5c92da8acbb0773",1,boleto,1,150.04
c84fc53c53493ddf7c688d601056510e,1,credit_card,1,91.66
c1ba0776bb79a0826691352f8d6ea4e0,1,credit_card,1,88.19
"2d3dbe1773426d039d73770335867829",1,credit_card,4,46.28
c1163af85cdf883a08dbedc7c26ad8ce,1,credit_card,10,819.35
"71035ba1aacb91b34786a7c4647e6486",1,credit_card,7,74.49
"2fb7dfe5fec51c8a96ee5349c1faf9c0",1,credit_card,9,146.68
bb1d699eccd1fe0e0b22aea230eab2d0,4,voucher,1,20.00
"3d56cf18c16869e9c0d59c4460a0aa30",1,boleto,1,75.17
"576d9e6af8fd6888f42db26fb8bfc21a",1,credit_card,1,87.16
"574f1a0e4b524d471f68f01a0eae8e7d",1,credit_card,1,35.18
a006b205e3eb2c6f672a5a4ca2513d6e,1,credit_card,3,33.78
"9f1d5df23613cd18005adb56a0a67feb",1,credit_card,1,32.33
"558731462aceb9588378c7c19194d2db",1,credit_card,3,1089.96
"7086e3b83e873f58a6933c0bbf734d19",1,credit_card,1,204.05
"67396d4e8e815db60a202db276db16a5",1,credit_card,2,161.00
c70ddc702499e20988c929a93a3f1c57,1,credit_card,1,649.14
"05086b5a715c97d1971784b6ae899a6d",1,credit_card,1,236.70
"258f8f27958fb687682f90c1e5141f0b",1,credit_card,7,110.00
"5c455e9a6d56d30c1652aea99d744e5c",1,credit_card,10,100.80
f5cf5716413185387030a378bdd46ebe,1,credit_card,5,114.90
"37a4e7df89c72e67269149696ba6cb71",1,credit_card,6,65.88
"7605fb11bdf1ddae6600da5b72db575f",1,credit_card,1,510.78
a3fcdd0dc6c0b942d30aa09a4103f7b5,1,boleto,1,81.68
"35481ae9f1ef5d7e8e8b79a2a84d7e42",1,credit_card,10,104.80
"80ba449ea98f8e879a829759b5a66294",1,credit_card,4,327.25
"43d6342125d8088b91c7075c954bc592",1,credit_card,1,94.48
"9c10b1f6d98c7b2e59ebce1157e7bec6",1,credit_card,1,104.15
"99a9646b3ae55969f333cc36747297fe",1,boleto,1,220.23
c1f39bb1d57f413cc9d3086d546b3866,1,credit_card,1,103.30
"782656b57c879a8c0d6a326048331e91",1,credit_card,4,1367.75
"26e7beff0239dc6ed3a8f2bb5972911c",1,credit_card,2,65.71
"8c7fcfaa7131076e4b646b3977ad6633",2,voucher,1,50.00
d229d9c8f88ad9cb25a36803dc7a9a90,1,credit_card,12,136.50
"5d2726f66ddaedbbef6d80ef66af0611",1,credit_card,1,261.71
"31baa0ae964c43e70c451e1928483669",1,credit_card,2,96.06
"20e297eefc937e9b79e2cf97e9faddf1",1,credit_card,2,93.39
d7fba1b443490052282949e0f188dff7,1,credit_card,10,634.94
"53f99b0d377050f1f30d8945a476f84f",1,credit_card,1,140.07
"0a586d5cf2a2538846e577316dab5443",1,boleto,1,81.78
"5ab3ac23bb4fcf50895b04971819b545",1,boleto,1,58.00
"05a9d9ce2b1a217223ff7c5a60e509b2",1,credit_card,2,29.33
"21130e626fd68f2df9fa4eccd2eec25b",1,credit_card,3,30.70
"8568864766afc1fb05611b15e7f7f83e",1,credit_card,2,157.67
fc8121263d345c1d739f85edda7be0cb,1,credit_card,10,130.00
f10282aa55ff8cf002a73620cd23e573,1,credit_card,1,191.67
"672bd629a3a3fb9f16b9147ce8ccfb69",1,credit_card,6,297.84
"4decb358ab08877ea0febfd7d1112a98",1,credit_card,3,60.85
"404e2c2a9c8b32e2c57597440e356f2f",1,credit_card,5,227.76
ae2756437d2b0a5f0c9702d7ea130e41,1,boleto,1,44.09
cd4f0f2193950898c8300a435c222056,1,voucher,1,47.57
"8f896313326eb7ff2740ec77ce78df4b",1,credit_card,1,27.48
"546ffb713086001ce9f0009158f88b73",1,boleto,1,159.14
"7122fa45d10437278bab815f67002798",1,credit_card,4,40.86
b90eb14cd43f40f7b2ad0102469e43bb,1,credit_card,1,132.05
b0f913cb83681e8a8563b96b641b3e1b,1,voucher,1,13.51
"453a132be6c4bc81afa3196c3851a133",1,credit_card,1,62.22
c4de2c9027b739331dbfaebac612e662,1,boleto,1,66.78
adecfaa4b38662b16aa0fcbe33d5fb1f,1,credit_card,8,197.53
"4da937ffa1e058f52a9eeb89187d65b5",1,credit_card,2,47.30
a1eca0e86d2739a6adeb18015e4bc249,1,credit_card,2,66.11
d415e95816c2f3a2a34e06cd519157cc,1,credit_card,1,42.55
bab7eb00c955b769472b2d3c20848026,1,boleto,1,74.05
b084d12a7e70bcabb8998f113f04e601,1,credit_card,8,413.84
"10b969432209d7b8bd0ebb07fc6cf6cb",1,credit_card,4,117.77
e1982b65e4c5e692721a35e5442f9f83,1,credit_card,3,40.00
be6e034d294e425c514e215bf0b7120a,1,credit_card,2,91.76
"3022bc9eee8087dad85d0832b67b37b9",1,voucher,1,20.80
"7dd61a9dd9d2ec923177f5679d1b0ad9",1,boleto,1,40.53
"841155000418a8a525b16b90fac1dcd3",1,credit_card,1,200.55
b2568132625046ee9b5384ad5bd26977,1,credit_card,6,109.60
bf5e4ec5374a3d9097193f671a74b42c,1,boleto,1,220.79
d6c071bb6550e03c4ec129f737acfc3d,1,credit_card,1,203.13
ac4e638ca3146139f9857a73b20f6277,1,credit_card,1,96.74
d6d3a9a70b71224f7942c947d177aedc,1,boleto,1,58.61
"85009f731c1559c53d150e4b3fa7f8a5",2,voucher,1,94.90
de4958b5bf2da2859150af8192c3a3d0,1,credit_card,12,187.87
dc072ac65fce2a16ef5cc9473e91dfa8,1,credit_card,2,605.57
"753aaaa715f963740a358c291bc79727",1,credit_card,1,144.07
ebb5a074406776ad07439bc2049c1fe4,1,credit_card,1,65.55
"27a6325c93e53bfae0a9b94bc263293f",1,credit_card,8,516.25
"40b5da88b2b1811f86becbe62d53eb30",1,boleto,1,59.10
af56eb60e55129d75938b66adc629d24,1,boleto,1,95.30
"12b66545947857f58986d526e908c0a0",1,boleto,1,254.22
"65b923f47b964f5e6be363f33a1cd0ed",1,credit_card,10,157.67
"917768e19e9569bfff9fd9d8be93b11f",1,boleto,1,158.10
"099d60cb800db65a72d355528bb7f41e",1,credit_card,3,324.63
f10cf325dd9d6daac881e5ce69289900,1,credit_card,1,47.00
"96bb0b52c144e3949db5f18787c13ce5",1,credit_card,3,37.13
"868d2668d3bff66258de12631b298034",1,boleto,1,142.92
"6e9b8fca06fec084296f7dc0e43461cd",1,boleto,1,165.80
"0f28d51fdd4828907bdc58b57f672e84",1,credit_card,2,134.58
"879789a8903f3f832bf5ab0417ea3a31",1,credit_card,3,198.90
"1073c39f7b5d5091bb6dfd342d1f4be0",1,credit_card,6,144.12
c09f685555931b025464e237b3ce06e4,1,boleto,1,172.52
ea3f0b4b84bd9df5f7834495b1f11d07,1,credit_card,1,62.78
e778ff1d0d9c3fced0e2af730435dde4,1,credit_card,1,87.18
c57d8a1fea15380a18f9f81e1096ac9b,1,credit_card,5,101.46
a9cbf21f2b8f64fff679d8e4e0c838c2,1,credit_card,3,81.72
"26311ba8158c3b1527c7f5f6d782be41",1,credit_card,1,128.64
dda6159b6aed44fa0e12c2e7ebc710d3,1,credit_card,9,98.90
"4534a8dd8fc9a1eccddc2bc6a7fd2ba2",1,credit_card,8,163.47
f7f3fabc083edcb99e4be7381a60e660,1,credit_card,4,43.27
eba5bbb5b555fbe7c156f94220e4df2d,1,credit_card,2,104.35
dfc1b4e359ebb9f33946b6301b1d8ba1,1,boleto,1,80.11
cdbd1e3a663df0944666a04a273b2acb,1,credit_card,3,119.06
f3d070c8b094a00980b59d97ff3d95ca,1,credit_card,3,34.09
aea25973afa6e521393a98e850ebe672,1,debit_card,1,139.80
d7defcb8f59419ce565959f595bbb988,1,credit_card,3,95.67
"47584d57bd31c62bbd30d70f04e844a9",1,boleto,1,128.93
"4bfcba9e084f46c8e3cb49b0fa6e6159",12,voucher,1,50.00
"807bd7d79398132db47a02f8d49c60f8",1,credit_card,5,87.72
"25ea76aff8568926deb495d6aabe42d6",1,credit_card,1,131.22
"7c4300b4566920906b3107048eabfcd7",1,credit_card,4,163.98
"20b36768bef1e17c7b54f6982a5801d6",1,boleto,1,140.33
"231d32fab33b75ec36a075c7982d0803",1,credit_card,1,100.04
a8afd16f413cdc294b7f9498e2ff667c,1,credit_card,1,66.22
"31c6c41e2949f1a20c6f8e60ac17d4fe",1,credit_card,10,1520.77
"0694819ba6eedfe7b88c187ecb440a9c",1,credit_card,5,205.99
"335f8f913a1d29120e07b6bb9847d73c",1,credit_card,2,92.76
"1e69dcdcbc094d39d6ba64248af906fb",1,credit_card,3,186.49
"6582cf66806f42b2efd341d44fb384f4",1,credit_card,10,180.19
"2a490849da4cef28b5edaea693b89ac7",1,credit_card,1,44.38
"5af3995b6e2291d7ce8086db20960dd8",1,credit_card,2,84.14
f7f66bbcbf357c9e1ce14217b8b39316,1,credit_card,1,82.33
df89c4a0456584e2878310de66fc9fec,1,boleto,1,99.65
"47eb16c7c5c5142c9c161ba03eb77d91",1,credit_card,1,190.06
b4089e5d326faccf865d5ab5463a22ce,1,credit_card,8,353.19
c8020c10d5a223f0ec75df2818b966de,2,voucher,1,56.17
b29696b3c00ec6ac4adfa001a2c7cd3f,1,credit_card,1,394.85
f738ff751aa9c2388f4009d04ada528b,1,boleto,1,57.62
"1d7ff382f46d36ad1c5693e52eb63aca",1,credit_card,5,132.57
a8096d0b94faa1314dbd562efc6a0967,1,credit_card,7,87.05
a1e8024052c308f63ca46229c6427598,1,credit_card,1,35.38
"51b49289046dde9892d02a06418f6b89",1,boleto,1,155.98
"579b51291793ea3e12416d865e56f8e8",1,credit_card,1,296.41
c656e67f70a1830a6cb94ab5d5f2c6fc,1,credit_card,1,73.50
b85a7527aeed7648354efec94c8db7fd,1,credit_card,8,215.14
c2ecd821e4f51acb1f2ff30fd6dea0fa,1,boleto,1,113.77
"2bf9fdd42a3609f2c440bec186b10ff7",1,credit_card,10,490.99
"56beb5fd73b90e8bc46a9d551c30340f",1,credit_card,1,116.81
"7c926685c8c9410446902c46d3929d08",1,credit_card,1,125.33
"51c6e11bdc431158ce46b1c5f2ddc4a6",1,boleto,1,48.49
"33601176ba1e6413735c8bfbb6212d58",1,credit_card,3,35.05
c31155a9b6de97ba99fe346647cf993c,1,credit_card,4,307.02
"3da024a05d8a0394947d8a4dbfacb15b",1,credit_card,10,100.54
cb1134f9010d242e9515ad1c78ec0c39,1,boleto,1,140.06
"654d7c4edb2db36fbde5f35f50a02a83",1,credit_card,5,55.60
bb8a21007d7fc7789338070eaef9c601,1,credit_card,9,148.20
d40cfeb2e19997b52a5832dc2e21fa02,1,credit_card,4,199.07
"1643b03ca11567c439096a981a2dc14c",1,credit_card,1,68.87
ea0ba7257a557e66332f0a5e25d98f39,1,credit_card,3,105.71
"49bcc1ace70cb046d87e21636d05f090",1,credit_card,2,94.21
c17afd24d0fb29f48d670eb52bc1036e,1,credit_card,2,98.11
"5e764e58bf508a75846821d328714583",1,credit_card,10,624.91
abbc0add533d31e83195d03eebe028f8,1,credit_card,1,125.58
c859bbfda403ac31857038177a367e1b,1,credit_card,6,180.24
"2ec8ddbfe88a339d911208a26f6a8ad5",1,credit_card,1,8.05
"384552460d294e72bca84e0412609b8d",1,credit_card,1,115.37
cb5856e20e27928c1e437683b9c0c9ec,1,credit_card,2,125.40
"3dd755153da335084e4f2ae10c077b5e",1,credit_card,2,99.22
"2dc89150e25e0d36a6b80cea3c8a1290",1,credit_card,1,5.15
"400cc24139a5537aa97037fe4d5f3fc6",1,debit_card,1,63.27
"9e9eaca3c0a93a11ca21d05439198a7f",1,credit_card,2,106.87
"65f3d65b89d1fdde15dc314858c9c161",1,credit_card,1,58.95
"13c4b2056317a73b1c143edc8cf0219e",1,voucher,1,42.07
"82f9d29b3ba3f050c96ecc1fc879d58c",1,credit_card,10,224.70
ff07e8cf368d59bc41752e3648994b36,1,credit_card,2,134.28
c568b098d9dd03c22f387c2f0eb4be8e,1,credit_card,3,78.47
"5a0d3e375b4f44ea40854520a34cb7b4",1,credit_card,1,62.41
c224a880841d56f37bdae6fe71fb8540,1,credit_card,2,110.70
"4d59391202a2a67c2e2fea6f349a67f5",1,credit_card,3,266.28
"14946316e496ee502d12d8fae8ef7d75",1,credit_card,1,50.95
a1e28dc56f8cf4e569b82f93dfe131f3,1,credit_card,1,22.65
a3a97bc6e236d5351537c8f466c34dad,1,voucher,1,8.33
"8b9c81aba1637b7096d3d34fe6f880a6",1,credit_card,2,161.28
"8cf06ce068a7f778b59ed42dc00d964c",1,credit_card,1,2.68
"441ab430a31f0c3424c85496c65bc8f2",1,credit_card,10,143.47
a7033e4a96abe52d0f74e9bd404a996d,1,credit_card,10,409.54
"451f91bceb227dfaad37f67168fbfd59",1,credit_card,1,149.57
"1f6e38ed623eb80e0fa388787c9ae848",1,credit_card,4,76.66
"6e4136c5ace9e2c496768e5f6e97abe5",1,boleto,1,315.92
"5cc512157c6670b00ba7bc623fb9ec23",1,credit_card,4,47.29
c4250307d08bb97eee63ea4bf7565329,1,boleto,1,202.06
b70fb0265f4059cdf874d341878a64f4,1,credit_card,2,99.34
a28eed39ae05f21eb40e88b4cfa90b7d,1,credit_card,1,60.23
de0a003330b41a595051ce9986bc7799,1,credit_card,3,299.76
"7c496cea7613c2efe6033e93e573347f",1,credit_card,1,64.55
f69425cdf960af0610de624359fd6a04,1,credit_card,1,55.61
eb09635680fadffb33358e40b05c9029,2,voucher,1,100.00
"7b6c4c1c9a1d498b62e1ff1eb235a153",1,boleto,1,75.39
"32eb9533178668935fffbc324671e9d2",1,credit_card,5,107.85
b5b9596fafc9950c04548f635451d6c6,1,credit_card,1,29.23
"3d07c92da0c50282dac7ad3bcf564679",1,boleto,1,29.10
"94c302f23bee09a61c1aab616b01b7b0",1,credit_card,3,76.56
"3fa6a4cd68d1e2c5df53b8ba3226c787",1,credit_card,6,148.77
fd180ff2363b236f823a4fa8a2a729f1,1,credit_card,3,31.75
"0268c75309d105bb28b7523f57f46a69",1,credit_card,3,222.61
"12ed975e5a3e3025ddfa0eb174f739e2",1,credit_card,2,27.38
b0dd70806e7372c35f599726cb3170cb,1,boleto,1,64.00
"7a166e4dcb1e2f424f8f7f0c76156759",1,credit_card,4,172.97
"01d96f415da1ffc3807bc85852dea189",1,boleto,1,173.53
"6179ca3aca88a0e2e379fbf3742a04ac",1,credit_card,6,504.56
b40ee43d69ef05a0fcd620401e329efc,1,credit_card,3,78.55
"3086869d9ce957007e5ac7f36ad0d21a",1,credit_card,5,131.64
ac243a18eff7270f50fcf5f8f94b19d6,1,credit_card,1,66.45
"3d5f593a3675d379285142d8c932bb6e",1,credit_card,7,70.91
c88226c0be178bf303537e6ffddc8dc3,1,credit_card,6,141.66
"971255ac71ca5ab5eccc94b177e081c5",1,credit_card,8,397.70
"40d6baecd21b178b3115e0d6913248ac",1,credit_card,2,116.57
"5261e92a08c8aeec62ad328bb2acda2a",1,credit_card,1,31.43
"24be8b5db4950507d07bf5797c5de555",1,boleto,1,37.39
e677510e2924d4e0abd70deded2cb95e,1,credit_card,1,23.89
"7b42f564d505ea0c0783bb273062ca8b",2,voucher,1,20.00
"9fcf3a22a927c64dc1d0c8744634bf09",1,credit_card,1,64.38
"1e9352dba893481b509cf78caedc1cc5",1,credit_card,1,64.71
"4eb71835d8c9c5ecc87678a05e24a3a4",1,credit_card,1,65.00
cb891a8a4daa2130941d2458f013b1b1,1,credit_card,3,136.46
"29d213d4cf25b10351ee72f7456bec18",1,credit_card,6,411.76
"798ad597febc1c2ece313c04fc33d6de",1,credit_card,8,214.54
"6f9c77bec121542d4ebb3b5b536cec1e",1,credit_card,1,42.77
d8e63c9990a74e7e6a7f16ad81251a3c,1,credit_card,7,75.60
c6b196c8ebc671076bea1b0a7436d63a,1,boleto,1,157.94
"507cff923e04506e6c70d01593656415",1,credit_card,2,69.73
"07c066e1f4929584a77a8be911a0997f",1,credit_card,1,73.34
"16f77b7311d2685235f9c8936da1480f",1,credit_card,2,162.55
c5d16e3d5c24cc5fa2200d448d8cb4d7,2,voucher,1,50.00
"9b5be2b2b32aab3c2d528cef27f8d6db",1,credit_card,6,69.99
c256ab3bcaf77d9695562a49f8be8a26,1,credit_card,1,126.53
b4bd3f1c1c19dd899d3a534abb0b8eb0,1,credit_card,3,805.95
"04ab36803e2945bace40db80eaa54bc4",1,credit_card,6,220.40
"185b9908e599d49428dc7b8238c8076a",1,boleto,1,88.55
faf87806481a087a5380b61974971f90,1,credit_card,2,57.09
"7fc5a454137fbdccd41c504de3b62f71",1,credit_card,4,283.77
eae81d7a6951b80a04eb152e76e3ba55,1,credit_card,3,159.16
"09575d6ffa589cae127ff0e6c1b974ed",1,credit_card,1,33.56
"6db058553902cd2054887f510d4ecf28",1,credit_card,1,101.73
"753c4a66ef772332b78edb65a317f903",1,credit_card,3,61.01
ccc4274862635573537b10ab2e055926,1,credit_card,3,212.02
a9dbb42aae61c8eb9e7ead64817c9469,1,credit_card,8,739.72
"8729a8f7c27d03afe731463091711489",1,credit_card,1,152.12
"708cb5e8cac7d35e5acd85d630125653",1,boleto,1,328.67
"22fe31bf1bf44c90b163dcc745fa1aa7",1,credit_card,3,217.49
c3b39606c48fa29506dbe170a4f54562,1,credit_card,5,181.29
"7b2e4fd6ffbeee707a1def1418eb57c6",1,credit_card,3,428.02
"91750e4d3d89e619cd557a6da400be06",4,voucher,1,10.13
fba2e820b816302cc910d1ea2980a21f,1,credit_card,8,132.72
"779a3bc4c3cbc160e87af29992ab16e6",1,credit_card,6,328.34
"8ca43faa3b964d5ef9d833123b3b1d2e",1,credit_card,1,35.84
"1c9de8c33db00893baeef2b9d1035bc7",1,credit_card,2,60.11
"231f6725cc4f33c7d2473e21240e34fe",1,credit_card,2,349.49
b3a8fd762c98dce0277b24a7dd8cdfbb,1,credit_card,10,413.31
"4509ce51e5c9ab113add9aac39e97512",1,credit_card,1,28.09
"935337c314d75668fe94f2a51ade79a3",1,credit_card,4,89.45
"35e43ade963a5aeb52cb24bb5df33ddc",1,boleto,1,32.77
"656ada45a719393ba3e97d8d9e2ef750",2,voucher,1,31.09
"4c70befde2c6046dcf77a680ae1f356f",1,credit_card,1,145.56
"69c4079cc7549d7c6da19191cc158d3a",1,credit_card,1,93.60
"69440e68212a53617dbaa0e9a1319946",1,boleto,1,101.18
"329262a8ce814ac8ed283f9ae66ebee2",1,credit_card,4,93.65
"688904e4bf47962bfa787f67c04ec8ce",1,credit_card,4,158.30
dd7258d04983f4dfe5cb98b1ca71035e,1,credit_card,1,35.23
"774bdf79f367d25dd36a9e0a8c739423",1,credit_card,13,137.63
"725d9a21b91d5ee08aaa56ef88058147",1,boleto,1,107.03
"7cc694b62dcc67d5cf680cb035f217c9",1,credit_card,10,119.19
"4eb3e11c28260d8a8524f0513b0ce771",1,credit_card,1,62.33
"4360063fea90cf1fafd22f165125cb2e",1,credit_card,1,81.43
"244232dbaf1d3d08c7e863d28b8ec328",1,boleto,1,102.48
b746658c30926e5a7987154c9a981552,1,credit_card,2,125.43
"96f236475cf9ab0ff0c202d36a84b311",1,credit_card,1,123.81
"7666bec3cfaed721d5fe9f2159f61575",1,credit_card,4,134.32
"5e1e97f999b0aa80d601a6619c1c050f",1,debit_card,1,117.38
b5cf77e4698b896e9e74cf71268a9819,1,boleto,1,500.96
"8add635e672a6b52fa66cc99d940ab8c",1,credit_card,1,64.42
"8651593cf99a9174e4b9fa453ddacf49",1,credit_card,1,27.68
"599c5d36dc0772fe9b1b76672eb5a568",1,credit_card,1,67.50
acb0e25642be93476364a66e20246c08,1,boleto,1,67.00
"6ccac061be472c84db514aca9acd26e0",1,credit_card,2,21.43
"554647072788557163baf06383119edb",1,credit_card,1,62.65
"1c086b183353c56b2ad03c345330d9a5",1,credit_card,10,758.32
b0f445cca9b6a54ff47e8834c16ba6c1,3,voucher,1,20.24
bac11e328f49d36222401aa2252fa12e,1,credit_card,4,47.18
"0f28dea25f498acb1ab8d7f947c2ceaf",2,voucher,1,27.37
"5dd6d26490ce6d2c0c844caca646fb02",1,boleto,1,98.46
"21fc87cfedd833f6e6749fd823dc9754",2,voucher,1,16.16
"29c6b96c5e696a196f1506078a1346cf",1,boleto,1,202.06
"3e6f06c624c7f67d6a0710e39ca97f2b",1,credit_card,8,424.55
"46401f2377e0c45bb5483227a21b812c",1,credit_card,1,38.09
ab06f1364ba62e1b45ae716575d0b546,1,credit_card,3,64.17
"2ed5ded611992c4bf18f7bdd32c66226",1,credit_card,8,244.54
"84b33f3ecdf8f82df2db1517f0f44396",1,credit_card,1,140.55
f4648b67b522b668ee82118f15e903d6,2,voucher,1,24.51
a9da66f1dfe4cca8956f5e74619c2cb9,1,boleto,1,60.10
"232674aa2334edfdd9c2dbe346291712",1,credit_card,1,40.77
"4c53b0b3742e7cc9788fc8df71b216a6",1,credit_card,1,42.58
"40e240e00303ab3cee64520a5ccf3388",1,credit_card,1,86.63
cd4b3eb02a077e4c51607df950c8237b,1,boleto,1,62.07
e35b67f3b9778766f35d9d6e11af1761,1,credit_card,1,171.55
e919a8a3ee2a37858e8b5136a6ac5fd4,1,boleto,1,85.83
dd2e209a7ec50b29ea0f6f39891e5c5a,1,credit_card,8,205.08
bde129eebd03ffe125ca818b00f85b92,1,credit_card,10,271.64
e0d01033a569b492f76a8fc5d333cda1,1,credit_card,1,68.87
bd6a5598892338bf9e6ad1f5ba2d1f4c,1,credit_card,3,106.23
"3611ece86e8e8c233f0700db66adf592",1,credit_card,4,272.29
"1f3d431152e91775a11e3354e8f055a7",1,credit_card,7,82.68
a707874e5cdbc85cc3c63f60f28a413a,1,credit_card,8,515.93
"87a2d83c67c7bdc791e7e5869b035ae4",2,voucher,1,25.00
"2909debcb57debbbdfe7034eaf7b28bc",1,boleto,1,18.85
b7c1e61873600816fefa3d64e946cf3f,1,boleto,1,59.09
"4b431346a500d72d3ce468a29dd5b060",1,credit_card,7,167.95
"56bc98e6d5b88c2cdb905f2fbec2ca3a",1,credit_card,5,155.63
"94a6d388146dcc59a8b727cb6e4c2f66",1,boleto,1,62.59
f125b6371382cc34b5bcdd6405152d86,1,credit_card,1,32.86
"6440d5acbce24626e6224f58a6759905",1,boleto,1,123.09
dac5a3700ef52670797c5f68b64baa8f,1,credit_card,3,102.70
"28509a1c959e460948d32485cac51f9d",1,credit_card,10,823.07
"2279e81e4cfd1c590ccbc2e0b9c1b90b",1,boleto,1,104.28
eb66508d16233a5ef656f592bea79a56,1,debit_card,1,89.88
ba21f24f06b977e43ce37b317a6974f6,1,credit_card,3,113.62
"9f632adcd34b1ead76a916ea1a887c9c",1,credit_card,5,202.98
"70fd326c5cd0a2e95b8f8a457d62ee8c",2,voucher,1,23.10
de52e5e01af9c33b04806dea37fb50d7,1,credit_card,1,66.53
e1d4d1e4e8f00e0b9ac69e656d7f2db0,1,boleto,1,202.13
"43540d468d10c89bf259ac47151f3ff5",1,credit_card,3,195.00
d7afb34a55fee792585830fc0509d1fe,1,credit_card,1,24.69
fcceb7beda0bafc845956f10e4aebfd8,1,credit_card,5,484.94
"8aa07b58565103d7756d28e4f3985e74",1,credit_card,2,171.55
"84e4486c820db46414cbfb1dbbe80889",1,credit_card,5,133.34
"1508d47584249ae1045eb47cf1653ded",1,credit_card,2,98.22
b0121f9117cd8f3e1d9fcfa7c21533d4,1,credit_card,4,815.95
"399775d0638168dfd529422f995fcc41",1,boleto,1,259.99
"9f8bd7c72fac37bb250c3e3640e27050",1,credit_card,5,56.73
bc8d5236efa331461a16b701994814ff,1,credit_card,3,88.67
"662823ed689412b9a2e5085620e06070",1,credit_card,1,62.83
"65419e669552c3526937c367f1edd754",1,credit_card,8,239.78
"9c8f9997340786b7880a6a158c1b2833",1,credit_card,10,195.00
"27f9fff9f14236589804b62bce39f526",1,credit_card,2,140.61
"4363ab80d1b250bca41ff7ed817788cc",1,credit_card,2,188.06
c0c1dd37a8e883f0250adaa36b474263,1,boleto,1,167.71
bf341a18ec4507f2c05978d31e509291,1,credit_card,6,115.35
"35c7d117e60b7447a3ee63f69addcd2c",1,credit_card,4,353.13
"32bb58472bb3798f5d511d52fc159d98",2,voucher,1,67.29
"75a4ec6f4a98993df22205b1ad4da5c5",1,credit_card,2,36.68
"334366f2e22dfcecc6821c15209f0175",1,credit_card,8,204.49
"3c060be8256385c5eab23e0f857609d8",1,credit_card,1,34.69
cdb4c1d38fee4e877cf3102aa0c5b814,1,credit_card,5,113.77
a480374bd52d2f0f0b6e3889e138ad70,1,credit_card,2,55.24
acf46500e7a3027d1314833501c92fe1,1,credit_card,3,246.35
d4b3b00396bf3d72f49b2e06219f385e,1,credit_card,1,72.43
da877e58cc1ec4929dd9f252bb5bdc82,1,credit_card,1,63.38
"4cbe8de031dbae0b80286a23fdc1cf91",2,voucher,1,1.50
"8163efda614023e2abc96657b804f15d",1,credit_card,4,117.48
fd5c73fb6edc88486582bf0a0bb989aa,1,credit_card,2,213.83
b029a781059e5676835a903e614e845d,1,credit_card,1,125.21
"8d1d09cecb392f024da77ada654625c5",1,credit_card,1,76.94
f06876678e6f65feb46836d048f45a85,1,credit_card,1,113.86
"834c0c3f9b8fefb5198351db0198f1c1",1,credit_card,1,61.79
"4783ae8bbe76b7f392dcc84c1e17d052",1,credit_card,1,36.29
eaa0211ae0667cb758713505ee149479,2,voucher,1,10.03
cb30b4382e88bfeafdbc1010a026de1c,1,credit_card,3,61.50
"6d81c04e1888cf43b0ec0f83b5efe746",1,credit_card,1,132.30
"343411396257f27dff4fe2c2a174fe98",1,credit_card,4,96.32
ed6d45b167eb69d46908edf490f396b1,1,credit_card,1,42.27
"711093a34ef24a1588096dbf21f605af",1,boleto,1,128.22
"067410a773ded180052ac522f139ab41",1,boleto,1,47.34
"25f6a84bb4462034741cec7bbc139f9c",1,boleto,1,79.71
"54369f1e37831273ce26f463ca306881",1,credit_card,10,225.88
"448c60334e2a53a5c678e4bd6b1e77a7",1,credit_card,5,68.00
f192af03910c3b4efec294f63201d0f2,1,credit_card,2,57.73
fdad9ac63eb92d4413a159106156cab1,1,credit_card,1,150.08
"75f227ab43795be91bd8357ab627bab7",1,credit_card,4,61.04
"203dbe40ec45996d84616718e573d60f",1,credit_card,4,107.08
"27d7ae4ad298e3686566ac8e9ff928e5",1,credit_card,2,166.01
"9abe82df39e950e1e0c1a5969e22571e",1,credit_card,4,74.49
"052a5969146f40fe550f442f52f302b7",1,credit_card,7,108.12
c80e1c66163d4be1d052bd1788ace266,1,credit_card,5,105.38
e4b7be2ee017ee255fb5c03eab0cc09b,1,credit_card,2,34.95
ea8dcab0edc786ce2f0ae34a906657d1,1,credit_card,2,68.27
"8661a555bc977c9f38488801be332bb4",1,boleto,1,72.18
"6affff7ca93622555a65d2d9a169070f",2,voucher,1,115.11
"9fb1ba3c276b463ddaf0f78a653cde06",1,credit_card,1,48.21
a949114fa0f52e4e6f29d71235868783,1,credit_card,5,106.87
"6ddfbf514959b49b6410c01ad93054bb",1,credit_card,6,1359.40
cfc10f6abe847b1c43f9e440840dbf15,1,credit_card,1,59.10
f8c23d339c140eddae8418d518af8497,1,boleto,1,269.20
"0a8f8c393d9dbc5901daf7d157afc427",1,credit_card,1,13.64
"90fc3ed69d3d78dd583b5c5d39196829",1,credit_card,9,384.79
"77a2e7c36ffbd077e377bba2f76eec9f",1,credit_card,2,44.09
"6a35a6760900965a91b5dfb7460ea132",1,boleto,1,101.41
"04b7151492b049661380a47e0449f9b6",1,boleto,1,111.79
"1c2e03f112c29c38cc65602a33043198",1,credit_card,1,96.80
"4ec3265e1601e14b39e11dee2e1d5fc2",1,credit_card,1,93.64
"15868acdab32b4c9544714b0f02c8a57",1,credit_card,1,55.04
"4642ed1845e7cd193a89f622e9f4611b",1,credit_card,8,230.52
"4ecb7b84b78466108b99fb193e6898d5",1,credit_card,6,223.01
"0cf8068e7b7318f0e518be23c903b9f2",1,boleto,1,180.32
"7b417e4ab50fe706033d4fe21c659f3b",1,voucher,1,119.89
"606f74161b904d7a1bd3ac18746368a6",1,credit_card,1,177.48
"667a6d329a62f026cfb2e41a6510a858",1,credit_card,3,71.63
"2da3f67af1db377e56dc9a07b969c9aa",1,boleto,1,29.34
"17e62f08a374da7740ffded4b25d4f31",1,credit_card,3,369.86
"0b398dbb3e7c81005f3c69b01488c4c9",3,voucher,1,16.14
e1090e366ab626c68ca02d56a6dd1821,1,boleto,1,210.72
"17e8552f435a2ecca2d7a06c1e7fd085",1,credit_card,4,214.73
a38dda1569202dafdff4060bf32c811e,1,credit_card,1,28.94
"91d3db538cfff9a4f1cd5d5ad9481b05",1,credit_card,1,4.68
f5cf1e80b882f8dea8efe57b398c7e38,1,credit_card,2,67.06
b0d65843c6f571427a85638c3cf35194,1,boleto,1,47.81
fb83309baace638203791fe6688ac3ca,1,credit_card,1,25.50
"2b2354a7ca69d0b7f006aeab04524c12",1,credit_card,2,77.41
e497e633dd1b677fbebaaf15c973e903,1,credit_card,4,357.16
"9b81902439f42c509c4bf03acd8fb9d4",1,boleto,1,60.85
f67e9b8dc50a6d514738faf418d8de69,1,boleto,1,76.63
"0e137ff5dbbd948fb108877492be365c",1,credit_card,1,6.21
"5e4ffcfc6e50a0ff6311ad87a727280f",1,credit_card,5,165.50
"1b764528e41e55c86cae49fca1d5bf18",1,credit_card,4,204.38
"61e21e4b85fafad4710e3431429af0eb",1,boleto,1,83.13
"26ac2176dfb7275b81ddf0873db31236",1,credit_card,2,200.82
cf1a41ef29ec5a9935e2d1809af97312,1,credit_card,1,119.34
"4ea517483bf1d3580730f6042334d158",1,credit_card,5,275.40
"39a6ecead949b006d60a132d146ea284",1,credit_card,15,2647.76
c9c2db5b32175fba946f9600ff4a9bc3,1,credit_card,3,363.99
e186fd488370885035932d8efab4212f,1,credit_card,1,204.18
"78a4201f58af3463bdab842eea4bc801",1,credit_card,1,325.41
"9631be1589a0ed8ca6631d8f48f5f5b3",1,boleto,1,73.34
ccf804e764ed5650cd8759557269dc13,6,voucher,1,2.26
"6139af649e0159b8129904b8bc5a869e",1,credit_card,10,709.59
e9a7a88ccf1498310636c542b8d2ed68,1,credit_card,1,72.15
"9eff67e8c9f0810c3ee0038f915a84de",1,credit_card,3,32.54
"2e233dded5d8af5e2baa5c1fca89a6c6",1,credit_card,1,175.77
"251f0a3981c4a8cb853a9cc9d6ba49ad",5,voucher,1,1.53
eb9467fb82e562d5d44ece6d6b8a42d0,1,credit_card,1,38.03
"5c1f2bd7eff419c165428371164d750c",1,credit_card,1,326.36
"26a0511a8dce1ef6bc00ba48435b7081",1,credit_card,1,20.73
"1d1f85267347878da2291cbb1bf6ba84",1,credit_card,6,98.56
"178ad6d5050011f2f0e7b7e66d6f02c8",1,credit_card,6,103.33
e23c2f015311b3a6b0c33082a2bd4da2,1,boleto,1,43.75
a559cc2d2bc89f9eac193ae83969579e,1,credit_card,1,37.03
ce2b4f2836d78829e4796213d536101e,1,credit_card,5,155.26
"3e53d7fbc6342fe8c6ac3b64df14d3eb",1,credit_card,2,148.72
f62bd55133b35f243bfa088d581b4e4b,1,credit_card,2,109.97
"92c3bd12618b0bd55aa74fb8b67f5a40",1,credit_card,3,44.49
a3d361625a95b22581fc65362dc3d296,1,boleto,1,26.68
"7a3a4c5896913ed2752b8336b1f0f0b1",1,boleto,1,106.97
f93c284c30e466bf61eeac67b49f1c7f,1,credit_card,4,43.09
a76096ddae15d50a36d7cf86823a2c7e,1,credit_card,5,84.15
bf32f1e78a79a95adafb71c5c8af47dc,1,credit_card,3,64.28
ec323db17a13fc07c4b07f0f7f86986d,1,credit_card,8,111.97
"2ca6cbdba183a28bab6ed5d2add83f7a",1,boleto,1,43.54
cd41a5bf3ffd542864ab33b17144968f,1,credit_card,3,37.07
"2743f5c8d8d1bcee7337f51c781ee474",1,credit_card,1,61.27
"020a1591ace758e4c97d7843e1a03a88",1,credit_card,2,26.29
"1c8e9b2af72bd475a280fe4e56ca4364",1,boleto,1,77.71
"985a676d446985001ace3f3768cfbf38",1,credit_card,1,44.69
"6d631e55b551b20a81767e9685b7afb9",1,credit_card,1,34.00
a36d7e54e381baaef8ecaa526cc3d6a6,1,credit_card,1,191.69
"01c1644529b18608f086d2ff0f3b8181",1,boleto,1,135.59
"5aa551497a6e4522899b4a89a3eeff5f",1,credit_card,1,136.26
f20cc6ac66becd9a2a6ed1cdff31c383,1,credit_card,10,822.04
d8d9232af59462bbb0961d11222ea210,1,credit_card,8,84.58
"4a550b015950a8b9ad80a0d09ca1c5bb",1,credit_card,11,118.98
"1161ed293dc0a40bbed57348919f65ec",1,boleto,1,122.50
"5935b70a1cae39b66d05db3bcfa4a144",1,credit_card,10,158.58
f967e8851f01d6b40232cae3384f06c8,2,voucher,1,50.00
a46177e85f66471bb30ef25db0461233,1,credit_card,1,76.02
bd15e6a6eec338675a42659c3509da35,1,credit_card,1,272.64
e1d72d08a94712bb04f2e4194ba776b8,1,boleto,1,37.79
"1103c4be46dcfaefc2a3b79d3ef6c866",1,boleto,1,158.98
"6164d50a564536f9c8081d0358573bad",1,credit_card,8,126.23
"4418075144d646b6ecb7228571cec59e",1,credit_card,8,109.90
"379aabb5b4c4b1693fd094f3b328f991",1,credit_card,4,415.00
"9c07c610bb722338cd517ec940417b40",1,credit_card,8,337.23
"7e052adff60e437b0c8537498c146c84",1,credit_card,1,77.94
d1d422dc16b191028b0d2eb2a06b9668,1,credit_card,1,64.00
c0cf146482b7d822885b26755491195b,1,credit_card,1,33.34
"8f9db38034b12eea6ef545d8071c249e",1,boleto,1,26.77
"1b4a0e6b19d0034b531655b41ea89623",1,credit_card,4,49.75
"3d37b8d5d488bfee6a6f456504d2fb82",1,boleto,1,30.78
"7a74611af770d37eb88aa4c25cc04eb6",1,credit_card,2,52.78
f4eef947e4385f95c5a7184a689fe241,1,credit_card,1,1.40
"884fc1672d7c26265ce8f3b2e2369b32",1,credit_card,10,108.00
a391a925a8abd723d4bade209c7c90b6,1,credit_card,1,96.81
"7b55e0ab39964f4d062638b827734371",1,credit_card,1,81.05
fbf7da560930fa17715f1fa8e0b4ac81,2,voucher,1,37.36
cba168048c28675b998a0b46d19a672f,1,credit_card,4,117.13
"671368711001bb0c49c6d8c1ec82cde3",1,credit_card,6,72.57
"2856ac8623bd804696480e1f14842f7f",1,credit_card,1,36.75
"793fa5780240b76760e4ddac10cfe540",1,boleto,1,76.66
f15823135aadc5deaa75fac279913c00,1,credit_card,1,27.38
fa638db0d045b2d04da362622e1f48c9,1,boleto,1,32.77
"477bf888e0dfc2afc08a57768a52dbed",1,credit_card,3,83.70
"16b8cfa26ae224399e457bd5aa7918b8",1,credit_card,2,138.24
"071ff3583bbaab9f38f020af7006a3d4",1,credit_card,3,41.34
"3bd0bb2ff89d41d457919c9734c2a1a5",1,boleto,1,189.35
"5930304c1503cbf5928b7e38bc52e248",1,credit_card,4,87.35
e9f573bc6f9490a5bbdcc3855de7d47a,1,credit_card,1,117.47
b862a1e68c1c8f2061c407aa9320c86e,1,credit_card,2,55.84
a7235101fb090a610fcbf53095fc12f7,1,credit_card,5,224.09
"34c02afbd25ed28e4e3263b52d9f661c",1,credit_card,4,124.05
"82d2162edf841b38e563dbf4380daead",1,boleto,1,27.79
"2e57cf8eddb25f33ef61a1598c075e2d",1,credit_card,1,33.87
b7ae44656ed457970339225497f75a31,1,credit_card,1,85.60
e3d24d79c3175a6511519e3c4cd64c14,1,credit_card,5,506.13
"1570fe1d14badec761d75ca93916bd6a",1,credit_card,1,126.84
e153a0dcb8018427c43753f0e1edba6e,1,credit_card,2,190.48
d5691ee416fbe1f2d1b061319de61570,1,debit_card,1,72.26
fa4c62edb1f2755aa57bf4c59a46f8b8,1,credit_card,2,173.27
"519ecd989dd22a72180f4334121c24ae",1,credit_card,1,105.57
ecfe65cfaa102e8a89b64e8847d79314,1,credit_card,10,418.22
d687544abdea4089903461a48fbef8ff,1,credit_card,3,123.53
f67e4bef168cedf6abbb72fb0d9909c6,1,boleto,1,86.15
"94e8d2b7d72b40f0392a9398aae8b46b",1,credit_card,1,28.00
"78ef246c8a753452a6464f1f66603fac",1,boleto,1,88.56
a83b862886d1802f6d0393ba830dae9a,1,credit_card,5,58.27
"21dcd7ede33a335560d594e78f70499b",1,boleto,1,80.74
"1eb97a2872622c806ced6cd018ac6b39",1,credit_card,1,77.68
c303d8cc27dfd5c2ff42a652eb5a5e21,1,credit_card,8,431.57
eeee28417bb0a24c511c9b96a03fb29b,1,credit_card,1,132.03
"82ee5cb36361d105c438c357e9926473",1,boleto,1,90.89
"91ba86ad6462c11c5540359db369b048",1,credit_card,3,118.88
e4cae0f91047eab49c97f44ca3a8ba69,1,credit_card,3,95.43
d0acfe7fdbf94c390d7b20b589fa9bbd,1,credit_card,3,186.97
"03b566bccfbc64cf92b82db663a243f8",1,boleto,1,112.12
a3cb58e90cf80632c56dc079eb734dcf,1,credit_card,1,153.09
a00f125175c8ff66e63dbacefe493aaf,1,credit_card,1,44.01
"1d8aaa7ab5a5877605cca6876f13e9b3",1,boleto,1,135.74
"3efd0db4e238cc683c2e6c2bd7944b97",1,credit_card,4,43.23
"239f80de3a90292c837e69ec8ff3c4f3",1,credit_card,6,225.88
"2b46723e0416af4c04c758c77bbf9279",1,credit_card,2,70.97
f3872a70d527514cb6d7d12853405e1d,1,credit_card,3,143.12
"33dbd2002d80438989cc32296d1a2ed9",1,credit_card,3,80.54
"706296e2ab240216ffef853d1095d04f",1,credit_card,8,1237.81
"1ade84aca2a23a5b07101e2c8db4f120",1,credit_card,10,124.28
"99ebf2356ee846e0509062456a454157",1,credit_card,2,404.17
c1366ef2cc8c78ce5497795b5c792431,1,boleto,1,41.07
dbb2c9fcb812c0eb6a8b856435e484d7,1,credit_card,10,273.06
"1cd67597bca5df09bd7a814e8638b023",1,credit_card,1,149.72
d298ea5c4ab89055dffb4f0cf994925f,1,boleto,1,70.53
c118740a09411f06ab15de06c2623c7d,1,credit_card,2,70.75
"0b691ae66d643c4c266fd72bd6ce77ce",1,credit_card,1,87.24
"970a70981a389f6826a1e0427823f9fc",1,credit_card,2,149.00
"63638a6806d67773f3adba8534553fff",6,voucher,1,5.28
"6d84eef7bc3b079a4d45a49a3e355784",3,voucher,1,34.61
e95221b086979e4c09eff4fef472ef04,1,credit_card,1,34.42
"2a7c1794496ea317e6f88363616ad9e2",1,credit_card,6,167.97
b21e6bcd5267e76e22e29c178d43aff5,1,credit_card,3,35.72
"4925d46939ebcbb319898208aa308321",1,credit_card,1,70.98
"01015fb6493ea5b9ba105c80b5452da1",1,credit_card,1,19.85
f2fe1323701bf698117de51d28425ee2,1,boleto,1,41.00
"02b8fcdd1bd75d7d5861f407dde29768",1,credit_card,1,36.84
d4cb1c0045dd65ebfe15e14c4d083281,1,credit_card,4,93.65
"3a20bcc250e5404ca717dfa90e8a9c05",1,credit_card,3,465.00
a1cadef58ea9a00d7e27089a29644883,1,boleto,1,38.28
"5ced629739c2b3247b4fcd4f0498c3bb",1,credit_card,4,106.90
"5f4de9e1f0e55dc0fd443e5f4b2b362a",3,voucher,1,6.67
"24e576b57793a76c299134e1c62ffa11",1,credit_card,1,96.22
"89124696e3e799665a6b844c18325cf5",1,boleto,1,35.36
"20c2a60238ac437bd325af95c7148e06",1,credit_card,2,244.00
"11eb88853c96415cf6a24fcb603afcda",1,credit_card,5,86.83
c6c0fe642aa710096f0af8a080c1a85c,1,credit_card,2,102.96
c107e4232a2d4729ae3da1aede9eb1e2,1,boleto,1,43.22
"97d6279a91ffe03ed63041acff508488",1,credit_card,2,107.80
aa767f19bb0117b647c1934f348f84a8,1,credit_card,5,104.84
"2e1071b4baf7fcace9e44057dbc32fbd",1,credit_card,1,27.95
"816e9ea5a585767bf637afdfb6d536ed",1,credit_card,1,73.34
"19130489d4798a17e7bbcb9a32b5dfb8",1,credit_card,2,193.11
bd9d0b4bd72874264d4f1467b4d51323,1,debit_card,1,35.55
"23d0b20c60078dcc168f59918e82f76f",1,credit_card,3,106.38
"421af404edc91438b69dd2fa20a9f40b",1,credit_card,1,86.83
e7374ec864786dbea6a5478d93332e1b,1,credit_card,8,194.87
e864c88c30cc7fb46f79e88de8b6397d,1,boleto,1,77.60
a118f629bb45d3d297600325e84504a3,1,credit_card,1,284.90
ddf16d77e858a32f36e10c289a28ef61,2,voucher,1,20.00
"7290e03d6a5cc768ab757e2b9c699829",1,credit_card,2,55.09
f2774b2721b0f7d1a617a955bafdc9a8,1,credit_card,3,167.29
"6b8dc65729f47b72edbe497fdc431c87",1,credit_card,3,67.43
d7068745ac2b7e09a164d2a6791838e6,1,credit_card,5,236.88
"9137955f9938245295c3978ead342e06",1,credit_card,2,220.64
"79f6acecdfe4f7768f5f399a6be52167",1,credit_card,6,632.60
"0e2cb01a7fe8e20a0dc09ee72a5d8346",1,credit_card,4,218.73
"519f5c942411291de3577a9915b8ecd5",1,boleto,1,189.37
eb2df9ac90b38292e0596d534bc73c2d,1,credit_card,3,92.97
"5dac9935cdde1d40def25a669f8812a9",1,credit_card,5,246.61
"0689012a897b2ac50b37994d77898bc8",1,credit_card,1,1097.31
"30135390209cdfedeb251c27001c63e1",1,credit_card,3,1129.91
cb71499c074fd6946adf7562f592ac25,1,credit_card,1,73.53
"1a3875a70aed30f04c73624a486bceb7",1,credit_card,6,128.95
"587904dc1c873ebfb6078160b4819d8e",1,boleto,1,84.93
"0245631f7bd55dbee7c6b441629bba94",1,credit_card,8,939.72
d55ece0f3afa9b57b5a78038efddbbbc,1,boleto,1,236.58
"112b993827414a482ef6534e251fad3a",1,boleto,1,117.86
aa21334313579b3bf1d6e8a10de215af,1,credit_card,4,72.66
d8c637c43a0a5a1c7ee79aad5ae359a2,1,credit_card,6,131.00
dbd0a0b89b3fe516f8534b0f5de08534,1,credit_card,1,116.79
aeb5c78d2d8968b2a53ac5d6a554cdb4,1,credit_card,1,59.34
"2154126e5b702c936d6507a6c20bd73d",1,credit_card,3,205.86
"1bbf8613dbcd3a94228f1a5aa30cdfe6",1,boleto,1,177.80
fdcfac31e5f5d7565dd18cf903696ece,1,credit_card,6,124.76
"16f5d43fc682f80395261d23aad13114",1,credit_card,4,97.87
c52e9809d37cb1da882dc573f4240878,1,boleto,1,53.60
d30a31ae450b7eccbb5fc54276bdccf7,1,credit_card,5,941.12
bf63ec64b243739a224860a034cb5357,1,boleto,1,52.50
"839f4f226f1d843a3922ddb8b3637cc3",1,boleto,1,49.10
"6bf23bc0b1c629639c42e76d525ea1a0",1,voucher,1,47.81
e9f0f8f24251a03416e4e76735969db1,1,credit_card,3,78.76
"299924bc222337ced037752aa8327ea7",1,credit_card,2,187.65
cd5b7d5b405a2cee7a15972eaa47f1d3,1,credit_card,10,233.92
"73ee5d9bf5f571053d72b662d6011341",1,credit_card,9,96.09
e0e47c0af7044370987d4b95028d9f53,1,credit_card,8,81.76
"992f50775eaa601afc5dd66faedd9703",1,credit_card,2,341.08
"2306bbfcdc1b458444043ff45986b695",1,boleto,1,129.64
b62001b38d12c99ffbafa1c609797348,1,boleto,1,2241.64
d35c1cd70132b8215cbe4c943537d139,1,credit_card,2,244.81
de09bc4ff6a9de96b6895cd565f80e69,1,boleto,1,716.65
"58436e5def1ae6e50a4ce46e06061355",1,credit_card,1,46.31
"896e2545a0e5001c00da8c558b5516c0",1,credit_card,1,76.17
c66e710fc8f55a69556bf33b68b19843,1,credit_card,4,171.09
cd785ff917fd0d23a0ff435cb39c037d,1,credit_card,1,46.20
"40eb3456ddb929efd347db4817460755",1,boleto,1,59.38
b93500c13882d8874fa1d03641499551,1,credit_card,3,95.92
"187f46dc8413d66bb854de95b004d9b3",1,credit_card,1,268.15
"7cd15a71ceaf712ec5e134996f2f8586",1,credit_card,1,367.20
b1dcafc7eaf9eea48e000a122aa70a3b,1,credit_card,3,61.78
"1c3942a6bfebaf529e695c920baacb0f",1,credit_card,2,68.40
"278b6dc641ac6cf9abcfb8b2aa95a0d0",1,credit_card,8,221.84
"8ea8033700913a32e94988adbe26d5aa",1,credit_card,2,144.59
ffa1dd97810de91a03abd7bd76d2fed1,2,voucher,1,418.73
e67dfbc421e0d2908ef7e2c96d222f42,1,credit_card,7,348.02
"544f1209f5b62ca44fb6d358041bca5b",1,credit_card,6,62.28
"90a2b2da168b833dcca42bdb705790c5",1,credit_card,1,79.29
"6ed054767cc606ee0ba32d41471a9b1b",1,credit_card,2,105.28
"02acaa2a6f24e9c4e0bec7141b65f29b",1,credit_card,4,44.00
"7b6e1ab9552ada063fdf51be01976226",1,credit_card,6,184.85
"8c8ab4a6c61aaea6eccaed2958c36231",1,boleto,1,74.47
fa44e5b82883ce07bae2ebc419f7fcc3,1,credit_card,1,35.13
"1c237d047b076fa847dacdb1d5921a47",1,credit_card,8,99.60
cf7a335e516a91cbb3a5080561ca28be,1,credit_card,3,79.17
b3eb2b2fa446ec1d83a9ccb2dead8871,1,credit_card,4,105.90
d57a8498a051a1204ba403a8879e33b5,1,boleto,1,101.63
cd7d3f3c6078491ea7af392d220f9d4a,1,credit_card,1,44.90
b89638c45bf1b7dcf3e47420ac9c9066,1,credit_card,8,178.51
e3c131bbe953a1cdb1dbaf261715c368,1,credit_card,1,27.71
"54d37ec8a7b9c92bdca59ec16141bc4f",1,boleto,1,50.01
b7b4b4fa31e517b9af7706d637d3de1b,1,credit_card,2,391.08
b43e5b62115893759c15e7e9c96cb25b,1,credit_card,2,170.40
e79714832b01797085c10409669150d5,1,credit_card,1,118.35
"499798fd04e5748ac54b4456d1b7995c",6,voucher,1,25.00
"01ccfbb0ddf88340b6eed3f1370bcf0c",1,credit_card,10,138.78
"8fccc7922426ac1c14efd13857e57bff",1,credit_card,8,271.90
"8a9e16e628ff47d5e3cd022089c9082a",1,credit_card,10,162.45
"9126ef9bac580112777f7cc8735b9317",1,credit_card,1,37.38
d2dd22a82e41003562f87ca88e02b0b9,1,debit_card,1,204.34
aebed143b42af20da37583ee7e4cb7e0,1,credit_card,2,74.41
"866ee8efa015a0dbacb8c2628096a8c4",1,credit_card,1,71.14
"11052b4dd49ca81b1e7c63d562759b40",1,credit_card,1,73.40
fbd299c9b305701ce40810926aa2fc80,1,credit_card,3,189.08
"57db58fa887c4205f3bf01211de5cceb",1,credit_card,2,41.16
bdd088a2478c856bd6e60baeff782f8e,1,credit_card,3,82.88
f0f2afc6bc6d17723eaf3a95ff93f674,1,credit_card,1,75.38
"23c9d37f66d443b16767321d11d70821",1,boleto,1,36.00
d2dece433559912b3b1d40ac3afc35cb,1,credit_card,8,216.04
"71ca30b49c5b34847a66dd05c3a9f8e4",1,credit_card,2,54.69
ca8862808b07015785a10db067bb138b,1,credit_card,1,65.10
"3b5351f5f99b46339212291661a9d226",1,credit_card,1,571.57
"616af40af63ff5056d43ea07a322c10f",1,credit_card,1,29.41
d31a9548ec43f1d8973413419706be40,1,credit_card,4,74.07
"6b8716747545c11cd3b8592520389749",1,credit_card,2,57.55
e24cdf4aaed31a657aa20c5eb71482aa,1,credit_card,2,48.34
"92448c700c5faeacccaf77cd0f5ebc68",1,credit_card,1,57.38
"686bfd58da52593419e1201d773af6d2",1,credit_card,2,218.47
"365929ae2a3877d3590589ad75b39d20",1,credit_card,1,99.90
"3504e5f25e8c978b842d4f1164b52b59",1,voucher,1,38.00
"20a0bafa4cc6e56fd5b827f46358e752",1,credit_card,1,214.14
"05d61bb749461f4805dbda51f767fa47",1,credit_card,18,1220.00
e84fc9bd9b30107feb50736a4763e483,1,boleto,1,52.76
f0ad79b0aabc7f8793cee5df723fcda9,1,credit_card,2,35.85
"899cdd988dd7bab43d5ed87329a96dd2",1,credit_card,7,116.06
"3fd2e795e444c9c82eb0ec7108bfea33",1,credit_card,3,39.09
acf86ff3bc3c19b1f61c2b0c04c60d52,1,credit_card,4,121.68
"21a700353585ff0d776cdde844166983",1,credit_card,4,55.51
ccb8b4e769ca2b38efbde774aaacc166,1,credit_card,10,263.80
"7a242c07bdf25150ab522513760d6b8b",1,credit_card,3,149.70
"296752c5e35a99dd06b9100ab400c8eb",1,credit_card,5,70.89
"964c1e8e56d744d63b0087e6f30692e6",1,credit_card,8,140.63
dd6d0f11a9c3d2abdc91e95b9598b332,1,credit_card,5,1692.05
"3f2169b11962eea86fc1eb73ddd46297",1,credit_card,5,63.79
f71f5d96e49fe0c442fbacecd491debf,1,credit_card,6,258.03
ff8bd473e4aaf9218bdcffd1a5b92a77,1,credit_card,1,111.42
a5edec799559e5ad6a1afa8ad782a771,1,credit_card,3,117.79
e33d8345fd55476c9fc022be9809a8e4,1,boleto,1,147.07
fcafda6e35d67d0f529ae71fa9af530a,1,credit_card,1,99.23
"6ae2e8b8fac02522481d2a2f4ca4412c",1,credit_card,24,433.43
ef3d3d6bac50c7e2e1cc25ba953e11f6,1,credit_card,3,52.04
fad263c690ebcbd7b6655a2d7e0d0df6,1,credit_card,1,43.95
f518949d44e76c5b33a8d2019191acae,1,credit_card,10,209.11
"8afe6304c5643864e2b19153a205ae5e",1,boleto,1,119.34
"5174c535c7d862bf64c17f5e66a77f72",1,boleto,1,127.92
"29b354bf7c5d99aba28b180fa56a2aef",1,credit_card,5,217.64
c918c3225cd5d12cacf8c7e54e9444c5,1,boleto,1,33.24
"20938e71db5109f6d94e93f5263c82c2",1,credit_card,2,197.63
cb6e8d89049744886ad04520d5e0b2f6,1,credit_card,10,263.40
"3bd276decc90bce797094f7b6524e462",1,credit_card,5,55.00
"9b14f66fe74131735be03b9f68dea3b2",1,credit_card,1,123.52
a807e37413ae762568568100e439cfb6,1,boleto,1,96.99
"405700c657d0b6fb125f7507a0bce1c7",1,credit_card,3,63.11
ba05596e1b0875fac4abdf6a6d036743,1,credit_card,7,105.28
"0ef1f17b38b3b07c9de4183721e4f33d",1,boleto,1,30.62
"93c5ca94a86b96968decd0a16f17ef60",1,boleto,1,323.53
"2421f14e951ee2f1127aaadaa60d9763",1,credit_card,1,191.28
"8a60714cf263ac64657ccd4c930b4d29",1,credit_card,3,31.82
d9e3d1b54f7b0b5d95fe2e5fd70b5b42,1,credit_card,6,1061.56
fa4f63175b284248b89a46c3b7e7bc12,1,credit_card,2,351.36
a434358927e93bb6e639e7f0b9355e8c,1,credit_card,1,55.88
"03f948b381187f1aab320e84e7be949e",1,boleto,1,73.16
cedd3810c91978ce10125e88bb42e4d0,1,credit_card,2,203.39
"42ea71d8cae652692428a40a61e7d8e2",1,credit_card,1,95.69
"9710f97e7fb3ccd742ef8b5270d8d78f",1,boleto,1,70.43
"1da63677fa1ab2793e98f11327b5756a",1,credit_card,2,146.96
d038a85c57a692238563950e532c2efe,1,credit_card,2,96.32
f24f489f04a7f74d2ca01d753ff8e38c,1,credit_card,6,106.85
"66a7368cc39c6a3e93415aaf9e9b863a",1,credit_card,10,142.00
"643c6388737fabccf1b2df09b4b68703",1,credit_card,2,64.00
"1164c7cd1bc7ce2567ff3159aa3cc51b",1,credit_card,10,654.82
"58fa3cd471625c6384fc92e41508b3a6",1,credit_card,2,44.05
dccdda90e3f3d9225e29e4b4bd96855f,1,credit_card,8,105.70
"748c52d1621e759a512c6175e674dfbe",1,credit_card,8,374.35
ec34bd0a791739da564496a38882264d,1,credit_card,7,75.07
"98ba8f657af33ed841528bcc38869816",1,credit_card,8,124.96
c50da75d0af4bf40f1213d2d8d5f13b4,1,credit_card,1,68.55
"3665babae79dfad7eb45a5727408c98b",2,voucher,1,43.25
"3f01e7549f763a26cfa6bda60a8396a4",1,boleto,1,22.78
"4daf6e58465b705648162ccaa80a9ce1",1,credit_card,6,242.44
"4405dd1dbfa6260371541a45422c0840",1,credit_card,2,91.66
b357dd0e3d6572e28d060309c0ab339f,1,boleto,1,191.58
"814ea040061a40f0e1c8e5decbc2f507",1,credit_card,2,200.82
dfda6b8e30bc9ac258d2835f931c28f0,1,credit_card,1,132.54
"333e8c69214e02d9be6bc5b7a3e4202b",1,boleto,1,22.29
b8d97466529c901c9a65d04741a946f6,1,credit_card,5,299.20
f176aee590391777b0e99737c30315de,1,credit_card,2,91.20
eadf1db71815b513cf62a49e9c6416fe,1,credit_card,10,1241.19
"50dca56efe42d2213549482d6a885d6f",1,boleto,1,226.23
"1514b8d46abaac77919d48ac0f757fe0",1,credit_card,4,41.52
"107c4b8b68f41c60258f21df32424c83",1,credit_card,4,99.90
"773fd1a45866c4100d7cc2b770f08901",1,credit_card,1,38.29
babcb908e411ea7b016add4ba7928922,1,credit_card,1,188.67
b8f95bd45718008c382f10f416a3581d,1,credit_card,5,333.36
f290369adad755bf94b365f0494dd617,1,credit_card,4,238.72
"8cab96495293d1bfed0c4f34ae7fb9e9",1,credit_card,1,148.29
b355f6e4f3e1a61e94e4448e62f928d8,1,boleto,1,105.38
de8fd9a0d076acaf013673eb8a4c9b0b,1,credit_card,1,117.97
"807d1d7f9ef2a3649f918a57fe2e2141",1,credit_card,1,7.14
adaca9317c371ba7096be58316138384,1,credit_card,3,428.32
"77ce7f33b46e4a158d452e6ccf0dff14",1,credit_card,1,61.32
b892363712f6b1e323ab40749a9531bb,1,boleto,1,19.36
c75939f71cf719e8454386d669f0a53f,1,credit_card,8,123.27
"3cd7a167d6f4300d15a7c8816c1b29d5",1,credit_card,9,99.34
"9bd77eb694253d1afc5b7e3ac6db55d1",1,boleto,1,77.57
"52829e9959fca34bf525c9e260e69e55",1,boleto,1,349.11
"3c0a028d6a294443cc9ca066194db51d",1,credit_card,2,150.75
"201ebbf7634b25abd400f84d519cf297",1,voucher,1,139.17
e49e382e440b76f65be6ce311948835c,1,credit_card,1,148.72
"12a762b532552a237f910c72b43281ae",1,credit_card,1,43.30
"5c2989919c369ef67197ecb7a2e4c4ba",1,credit_card,5,55.00
"17f027e58cb5cfb188bac60e3abc5cfe",2,voucher,1,213.03
a03310d9287cd64790388948501066cf,1,credit_card,1,96.31
b92ec5e62d4f9b08ea4d6dc83f36966a,1,credit_card,1,163.89
"5d8ba2d50439f73f0f7a301864eba3f6",1,credit_card,1,50.30
"9f1d14a57c14b6fff699b45a39d60bc5",1,boleto,1,46.39
fbdefc6748a086900f96b1713c6bb1ea,1,credit_card,4,387.00
d21bdc8a5aec774d419d8db5455e0ae8,1,credit_card,8,147.59
"2f669767ce462a3c52c5e53561229252",1,credit_card,10,413.02
"3819e7793eb12f5a299706cd17215d45",1,boleto,1,39.17
"0ed1446f58635d09909c65b72da38267",1,credit_card,5,72.18
"504eccaee0973a1297b1b3a14bd5c980",1,credit_card,2,34.47
cdd9601c7f7685708434a68d814fb53f,2,voucher,1,50.00
e437a323d90b04581fd8418d4afcce4f,1,boleto,1,723.20
"35396f77ed59c57d4b0a6005a7cc23c0",1,credit_card,1,32.44
"146ee0d0528dc62bebbd50fe53f2ec43",1,boleto,1,67.11
aeb970f75d1a1aa41b4fd895c60fcdeb,1,credit_card,6,119.99
"3689194c14ad4e2e7361ebd1df0e77b0",1,credit_card,1,95.74
"53cf21aea186e583d69fe8d531829e3c",1,credit_card,1,142.14
"1826d2a2eb6ba6e3e4da3ffd1293ba5b",2,voucher,1,100.00
"0a671290b0be76ffb379a3c0031d2f44",1,credit_card,1,345.38
"203763b580fdf4ab6596f692370d27a7",1,credit_card,1,22.90
"3566eabb132f8d64741ae7b921bbd10e",1,boleto,1,115.02
"74fb5413e6636d0aa1aa883054198a3d",1,boleto,1,83.70
"2c1ac2ae4cb9b2b35618143ca66d8f74",1,credit_card,2,54.33
"0e889057c46617878ff0aa3431936d7c",2,voucher,1,69.38
ab8544fad4e4adad2284def1184ae157,1,credit_card,1,106.38
"3afadc6f2579cb7709b4f798bb4b97b6",1,credit_card,1,43.62
"7ebb71826f2d289c8a54b3dc8a69f8bc",1,credit_card,2,247.76
"7ec740ecb9d6f73b2e80bbc93dd784ca",1,credit_card,1,127.69
"3d04fcbde2cc394bab5c41ac0a5dbfa3",1,credit_card,3,229.78
"53c71d3953507c6239ff73917ed358c9",1,credit_card,10,3184.34
"157e702ae4f88625094537c5323fa84c",1,credit_card,5,139.00
"28232387d76b1ef18dd621c7702e31f9",1,credit_card,10,712.91
"0af1482ae8afdfdcd36bcdd5848545cd",1,credit_card,1,19.67
"8ad5d435c052c47844228f04d9837ac8",1,credit_card,7,147.15
bc22fea220f805df6f4e021a709e668d,2,voucher,1,20.10
"10aab4b44296043fbfeaf40f1157657d",1,boleto,1,151.25
b77b1acde92cb97127a051d14f608908,1,boleto,1,86.78
"3181b28c176033ffaf02f2dc62b1db89",1,boleto,1,37.70
fb9dfd220475cb09f9902b297309db9b,1,boleto,1,43.76
a67709a381f98fdb878825f92a95128e,1,credit_card,9,99.46
"1eb51a538c51ad5612a8be5cf27d6b5d",1,credit_card,3,149.16
"19fa597ff1023ec1294c43cee05955e1",1,credit_card,7,75.46
"2ad9dad7b4962fc37fd33869e09ae5b6",1,credit_card,1,58.41
"7fa33625c8f2f1261457912cf60077ad",1,credit_card,1,82.90
"1227f9af3b2ddb0b95060aab8e5b3dc7",1,credit_card,4,47.05
"96404c3575d9bea57012b0210139a1d6",1,credit_card,2,148.87
"24cc891b9b356e89a45d5313bddf4607",1,credit_card,5,141.02
"1f4dc97a6075ec55e785e55c4795a5fe",1,credit_card,1,94.11
"78219cc6b17d2b84d847bbf8b470316c",1,credit_card,8,84.70
"56cbdf3f7e3f535682a007e0e3370e18",1,credit_card,4,136.88
"996df00d13e13ca3a09721eec0b07c37",1,boleto,1,167.39
"14699aa32ce85735f3b0ce2ffe417d17",1,boleto,1,62.78
e311f8fc30348d6213964a43f70f87fb,1,credit_card,5,187.87
d1d768d42cf0f3a2effce95ea71e111a,1,credit_card,10,108.12
"3c33046864727b932e3c4087844f091c",1,credit_card,1,158.20
"9c957591bcb898e6250cde437b938d95",1,credit_card,1,148.60
"233d68955f53ddc70fdd403f7032c093",1,credit_card,1,160.65
"60e2fe3a23e71c24f3ab0f648ebd6a8f",1,credit_card,2,106.52
ea1e1ffc5007718537ed671406b8538d,1,boleto,1,197.50
"7c0c550ebd758c3416ad56d50e5b2852",1,credit_card,1,194.48
f0fb77580603e4f955c60d3fe023553f,1,boleto,1,129.87
c89c6f13b7d0296a4910796f47fe85f4,1,credit_card,2,115.52
"5e021cdf9b42799cd60d771910e43008",1,credit_card,1,3.84
"97df4160390cf20ee63b032b5a93d0e2",1,credit_card,1,203.73
"68047069acb8883614bc980ad28ae9af",1,credit_card,4,234.56
"3677265b3eb6f14577f63e2483b87882",1,boleto,1,195.23
"54b2059877686b3ab4438912cda13f5a",1,credit_card,6,228.11
"1882b3d31fb4a660930adb0ba04e8680",1,credit_card,1,82.70
a82beeeb2b06557b19fe6b182d9f1a5e,1,credit_card,3,249.49
"2da8623704f2a31c2f57526043b28458",1,credit_card,2,213.51
"61c7b1cf28b58654fe411aaf87fe249d",1,debit_card,1,39.60
"49d0ecc62e79de0f34766cb97df47cf7",1,credit_card,1,22.69
"92c427aafb62360f8e6eeb77f851b7a7",1,credit_card,1,119.57
"79104bbe8dd124c763911a2821546889",1,credit_card,5,57.16
"3e9a88f66e0a7f0a46ddf240f5370047",1,credit_card,5,147.06
ec0a4a160c4311f1a8c9d4d79872de75,1,credit_card,5,206.07
"1deac17b4e5cbe75d56fd0d33882ea20",1,credit_card,2,55.00
"57972ffb8a2538ed27c15464d6e7fce6",1,credit_card,3,94.30
"004eab0fd8f28adaf8d488976f77febe",1,credit_card,1,33.48
"95090e36b7613cf8e45f25317cae256a",1,credit_card,1,52.24
"29b60cd6f3760507c1e5271a67086333",1,credit_card,4,67.76
ceea2adacb3702fbbefb45ea65f5cd90,1,credit_card,2,254.23
cdd88fe2cf9ac965891c9fc6b17c9c9c,1,credit_card,10,224.71
"91750e4d3d89e619cd557a6da400be06",8,voucher,1,6.12
ae348c74e571e34c44d0874b21087f71,1,credit_card,10,100.30
"3f81bec0a9a43000562b9aea4ba6c2af",1,credit_card,2,45.51
"645a389e60ffe5af0bdc4800a14c36e2",1,boleto,1,125.13
"71b2f7e12c3ef6574e1deaddbef86465",1,boleto,1,106.23
"4bd59c9149ad4be79cbc3dc2c2ef76af",1,boleto,1,101.65
b130c592bed51534facb262c697f7ccd,1,credit_card,1,124.50
e5361fa01932fb74c11c6de96f05ce80,1,credit_card,9,147.06
"01b2dd042de98a15b6a9a141bf71c344",1,credit_card,9,95.31
cab33fc76d60b48dd6a512e892c54437,1,credit_card,1,64.93
"334aeb42957ddc27b1e35631aa2d120e",1,debit_card,1,85.41
"37b0e2f6ce00c698193537e597cf3402",1,credit_card,6,107.87
"0473cdb86b1d6469287e484366a1a608",1,credit_card,4,85.23
"01c2c8708930c4fb8ed278dfe7ec93c7",1,credit_card,3,257.43
"818cf91c7ef144fce0787e97d81199ad",1,credit_card,2,161.45
"895ab968e7bb0d5659d16cd74cd1650c",16,voucher,1,16.70
"08a547386e268879b689fca252e6a334",1,credit_card,8,143.10
d2d7d1df7a27b9c2249fdbac70ef9fa6,1,boleto,1,97.20
"651b7b5c39ef65afb938cb9dc649b850",1,credit_card,2,96.53
"51dfe9f034afda72c27c6b01e98526f6",1,boleto,1,79.98
"68d40cb0612e4d3be0f773cd162f8368",1,credit_card,2,86.08
f33055eae7eb03e8cc24bd135afe80f1,1,credit_card,2,174.13
"47e395802e5caea991cb407fead78614",1,credit_card,1,174.09
"36fc3a00019db8f893021f9508f695c8",1,credit_card,6,184.91
"0e1756f57187e203c6151ebe990fa670",1,credit_card,3,36.73
"823e959449ab09141875541d427a1581",2,credit_card,1,17.51
"7ff76bc285fc3b21099d0ed9007fd489",1,credit_card,1,117.76
"6ef587afa4703fd874edb7ade8efc7b0",1,boleto,1,20.23
cede6783681ee6ca1c00eb85d602ead4,1,boleto,1,57.86
"5a8a26a982045e5cd9d257b5fdef75c9",1,credit_card,1,43.25
cdeb08f89f720090a01797f553cc8fcc,1,credit_card,10,175.30
e2e8773d11f4499f15349b8f613350a0,1,credit_card,1,151.49
ee7aab7615cfc22e52462047d0e9f0db,1,boleto,1,123.56
"80dc6c8aaa5334db08944aab012bb8a7",1,credit_card,2,27.68
"32eb0f90dda75dfccbc4db176c3e3cc1",1,boleto,1,84.57
"339cfa1a6bf1f4f0c50db99c5255b714",1,credit_card,2,179.30
"5d636e00c8235b39e3149dd8ddc949b8",1,boleto,1,83.13
"726f0c694a95022ab91d41760e1af228",1,credit_card,2,70.22
"410e41c4507bab680c202520e09d0f45",1,credit_card,2,192.68
"2645cc3b2e6b295a4bbc6defcb66d817",1,credit_card,3,175.89
"070b4a621a6d06dcff9122e5c04b353a",1,credit_card,4,242.33
b0a851b41e096cd9cc552e15698c3d4e,1,credit_card,4,65.22
"111fd867f837d390ba296535e5ce8b92",1,credit_card,8,192.18
e57050216cdcbc40e35c8f5667f7806e,1,credit_card,3,47.22
"0ba1dfa80ede726f98e36af9a418e437",1,credit_card,6,90.44
"23987648ad1833dc7e272733d11ec3e8",1,credit_card,5,50.05
e3f0b406629d8e6309d61f34a2087d71,1,credit_card,8,282.95
"816e49951eeb579e37e0e247a4957869",1,credit_card,1,76.05
"430b5c4d7f6d1aefd4e271571122d635",1,credit_card,1,34.00
faa048d9626a532632b1eaa258eda69f,1,credit_card,2,101.14
fde1f9f7f42a794aed395c97703ed5b3,1,credit_card,1,195.91
"650ffb197b3906c90c24293d86fd0dd7",1,credit_card,1,121.50
d65f5dae0f306445c7b9d4a37a07f1b7,1,boleto,1,61.84
"7fb085d3a1c04cbdd118129ed37ee4e4",1,credit_card,5,145.62
"6118deb8f9c89337edb79d3ae789bc4e",1,boleto,1,126.68
"96c5a073e3376be80ecf5e3e23f8ada8",1,boleto,1,38.78
"557a4667291301e8bf807fca57f21d3e",1,credit_card,1,60.10
bc6c1d04178771a3ac9547f4770ab5f0,1,credit_card,4,77.57
fb1d06cccaa9f157355d83d52634c957,1,credit_card,2,47.43
"378e8f0a8bb7b51c09f84c88add4c6a9",1,credit_card,2,208.61
"55a9c84ae1f73c6a9d0bbcbf5da26e2c",1,credit_card,1,76.08
"2b52dbab41840708a214e393b22184be",1,credit_card,2,62.23
"387304e2b5ef64131135043b69b26c69",1,credit_card,1,100.93
f59496f70e2c30c7d588903a7df7a768,1,credit_card,6,150.73
c2251dd482d3d185a7339f603c2de21b,1,credit_card,1,102.82
a78d782caeeeed8f53cf19d524504e00,1,credit_card,1,40.78
"713646be0226c051688714f343a1cda5",1,credit_card,3,113.41
"7e338800679468cc1017d389d25862cb",1,boleto,1,42.39
b255b9e7f77b7ae98a87260441d2905e,1,credit_card,2,144.19
"8b50d4c9560cac1625c6fd9f536fc780",1,credit_card,8,1730.87
"65f78a0e1f8b80c4f6d8d5c6073b8601",1,credit_card,2,221.28
f31e4f9ef9c06d4ec8fe2cb66c65e384,1,credit_card,1,146.68
c29935f9146cc4781bc5855fd2c1d880,1,credit_card,7,70.93
"4b03319a5a065c83d4fcc4f18f8cb257",1,credit_card,3,145.50
de11626bdec1c2e2c4f907036e55b981,1,credit_card,8,81.12
e19a16df2a341d8b50812fe1ae800366,1,boleto,1,105.28
"2982a4a9b9ff0bf9a4f5b88a45a6fa67",1,credit_card,6,163.52
e81600d4371046078150ab84d31175d3,1,credit_card,10,986.32
bd8de0e9e67e7b99e86ed5f18b600577,1,credit_card,2,262.56
fe10aebacf088c1a719b7818f2e2523e,1,credit_card,6,470.73
"6f6b636fb54260d97e6124e137986824",1,credit_card,2,125.99
"9036c3ce0a28353732668a2822a0a1c8",1,boleto,1,147.98
b4eed0937529c145938bdfcb03ed14d2,1,credit_card,5,186.89
"17992e21d004bd228a019461b341dbad",1,credit_card,1,221.98
"3c784c52abcec93d0e21c36b169ac4e0",1,credit_card,3,343.07
"267db43542633efa0839c965b2ad2f31",1,credit_card,7,73.92
fd74ee83ca49ea03ce7b1e8d8aceba3f,1,credit_card,10,213.54
"701ddcb0eab1d32958b3638a5e8c4e97",1,credit_card,1,1.05
"48d230e6c8bd3de6e2c702e6869fea67",1,credit_card,1,213.56
b4abbcf96e5e2aa453be4751a571bca4,1,credit_card,3,73.13
"0d778ab2a536db4175fd9e51f7022c91",1,credit_card,8,193.47
f40b59109981de2b6d38eb4f42033102,1,credit_card,1,77.56
bdff7ea7134364dda401ab2e8ded48f0,1,credit_card,1,788.23
"49fde3867303e9ee8b2b2fb6c657636e",1,credit_card,6,65.00
"75a639df77fe1f5f3550222a60a47fdb",1,credit_card,3,149.09
"68478192b2b8e0b480a2d3b3d18cce9b",1,boleto,1,163.78
"31eab59cdc8b996f70446d918f2f782e",1,credit_card,7,97.98
e47a8012e0dd88afbd837b0c7e2df011,1,credit_card,2,138.17
"2cd1462cdfa4e911bdab5084ad3b7f34",1,credit_card,5,248.86
be13c8dcfef55266122ed7d751f92ce3,1,boleto,1,42.78
f45110f74eef472858fd944cb3c6630a,1,credit_card,2,127.09
f1ba1af891ddd14899ba97155589732f,1,credit_card,2,54.00
"649aa2900b06d80727880b4e94da7919",1,credit_card,3,534.74
ab21d46cb0d123ea937d107425f82829,1,credit_card,6,66.07
f04f9ec8f0db3012431ef380a9c11f67,1,credit_card,3,68.45
eedcf6db339a0b2ce303e615dceaee65,1,credit_card,5,233.94
"522cbbbed021f59b773323ed5039ceee",1,credit_card,1,159.76
"28058755b955447f48e26d3f939a1df5",1,credit_card,1,56.78
b1cd8dc65cf496b0742bc29954dd322d,1,credit_card,1,39.75
c9205528d5e1b823f414b4f15314c03f,1,boleto,1,60.00
"2c4c9c00a376feb3bbd0bf49823eca56",1,credit_card,10,687.90
ed40c8b2d8208b70359ce6695d8670ed,1,credit_card,4,54.10
d0c8f9db386ca29a7033d2fddc2451b1,1,credit_card,1,35.29
"79f6a9bb3d0d92e29f2c0fdc60940e41",1,credit_card,1,72.99
"25bc21949722976517998582ae5073a4",1,credit_card,1,200.41
ce36799829f380bb23aa467649d173c5,1,boleto,1,161.31
ed8ac79c99c0289b3ed850eb54ddd2bf,1,credit_card,5,100.03
b5e095024706f86e26f9ae88b1d81811,1,boleto,1,82.50
"18b5dc19d0cf40a8d307902c30296340",1,credit_card,8,215.14
"7ee12a5da83559e76f5f2575a2ec1696",1,credit_card,7,76.12
b34767f5b03b895eba13d49665984cb3,1,boleto,1,121.96
"8689805b7502503017ca112059637a7f",1,credit_card,1,88.28
"0507a74781354ea643bff372311d2a97",1,credit_card,5,117.96
"06b491ece3a9bd260341c1ad36870e8b",1,boleto,1,31.69
"2e82ec02fd250aec723a595b1970500e",1,boleto,1,371.59
"78b17b8479b96dcbe179a2c64bce00c2",1,boleto,1,36.64
"20fb64e954a7483cb8795242e1ead5ce",1,boleto,1,88.09
"433c1d6f7fd7b4f0fda2d4ebfa84036e",1,credit_card,2,26.87
"2f78f892f107dc4638cc196dbfee6ba2",1,credit_card,4,177.52
"11bc240af3d9e1f77218715480a65b77",1,credit_card,10,257.93
"3909acdde3ea5641fcad856ebc2b5867",1,boleto,1,40.24
c485c8c1af9c0ead19b156d7a971905d,1,credit_card,2,114.84
"5cddc0e7aa59980c2f6018bbbde4b776",1,credit_card,7,74.16
c18fb51b8721133cae9014ed7923385b,1,credit_card,2,208.51
fba65f440e70a49fc76b781c48ca3e62,1,boleto,1,745.51
f3069a416e71d0fd68d9489752b6fe41,1,credit_card,6,391.71
"811fb2c7e16f59a332b36c2c87798007",1,debit_card,1,73.01
be7ef653148b80c79b5d9b8500c47949,1,voucher,1,13.34
"959505aeccc35d003ab580410022f433",1,credit_card,1,72.05
"02c5426a54d34d28a32088cf69167730",1,credit_card,2,50.50
"58f06cdcc39850d51ec8677cdff108be",1,credit_card,10,250.46
"36a5fd80b9f8ee414ac234368584a876",1,credit_card,2,22.27
b3b663af930cb86b58bbebd928832b4c,1,boleto,1,240.42
bf0b0091259a3839db4a335aa1b4c8dd,1,credit_card,4,128.68
"0378193927bcea58a229c432fa102ba9",1,credit_card,5,111.03
f086e4c6f1e932ae9d9cfe398889d148,1,credit_card,1,111.60
"7ec86dae6dc7ee75dd06ce14839f34da",1,credit_card,1,50.00
"40eca6a07bc5b53e520eb20f2d83997c",1,credit_card,1,37.53
"5128bbf180434cd939884e273629de98",1,credit_card,1,36.45
"7c9269566935b5ef420df5610d847d6e",1,credit_card,1,43.29
cabe719436d999cfa9182269a11a1308,1,credit_card,1,60.63
c8561f97a8ae2c73be7dc1a013203192,1,credit_card,7,361.20
"3a33027df93ac0a949a75fae9571b2cb",1,credit_card,1,138.31
eaf0add60b176b64a692a1e382addea8,1,credit_card,4,59.98
"5b0ee19a3125fc083348baa76d816ed0",1,credit_card,1,90.98
e2b92ef79481a683cdb098a9cb6195f4,1,credit_card,1,95.31
"1420860371690847f7c995bcc5a44635",1,credit_card,1,78.99
"37caa1552193248f7147f1298b4cd3c1",1,credit_card,1,39.69
"8ec55bc714dc23ff93908bdaf8b97704",1,boleto,1,42.58
"0d17a5f9272e9cf9e9883f404fc61edf",1,credit_card,4,48.87
ce536b5da70fdfb483a7de09c5a3e189,1,credit_card,1,56.04
c2e238379963b97671f2b23db3e27379,1,credit_card,1,28.13
"7a13f61d963ef344fad29d7219a1c583",1,boleto,1,309.80
f32569596f879e74fced40a4bab98fc7,1,boleto,1,327.87
"505fc168ab839b442d590113f07ce67f",1,credit_card,7,78.02
b5fa0328693adeb3be0c29b6912d483d,1,credit_card,4,86.48
b785bd1c8dbca76dbe516771af60c2f0,1,credit_card,1,27.75
"12a354dc524e4fbe8b97dc45cf53a504",1,credit_card,1,16.71
"34be06fa6e60f24cfb03b4b2303d9861",3,voucher,1,11.04
"0babf33efe3b411528d29e03b76acc5d",1,credit_card,1,114.84
"42a7750bca23818abc83ea9c3298eace",1,debit_card,1,43.89
"36d603f12540763fd9e99b6eabb53caf",1,credit_card,1,92.83
"0c7c1a76995d6e6abffab973788b1992",1,credit_card,9,167.51
"9bcb423a861c6d643c7ce87c0cf4c7c1",1,credit_card,1,2.58
d072721a35666a6441234e765e92e205,1,credit_card,1,82.00
"039f61edec89c6f0edf8dd1a0bdea1fe",1,credit_card,10,166.22
"2339f2753971c30de3edcc1d6011d360",1,credit_card,3,153.22
"551c21a415e6d07ce3dfc85e627f8aaf",1,credit_card,1,92.57
"1cd6899e0a2e42420d74de5c4371fa83",1,credit_card,3,57.09
"55d61651bd48809af0402aa14f64e523",1,credit_card,2,92.80
"04948f70a0acaf8f9bcbc5602c4a7a47",1,credit_card,8,346.96
"4e0ca3ddec6976623213dab02333d917",1,boleto,1,31.17
"8051026f0cea5b93df6bf42cdf1aaa74",1,boleto,1,118.59
"4101c71eceaf57b205d3c95ccec564d0",1,credit_card,4,68.13
bbf79c6b5be913c369b5855982d9208c,1,credit_card,4,45.09
"12a084b79a73e3332c73e0ba4364458b",1,credit_card,1,58.22
"914668db9e34e3393a12dae7b3253fb8",1,credit_card,1,48.11
"2de6a73b60b6fb18004ea51e46bebc1d",1,credit_card,4,126.80
"7ddf1522bd8c6e4817a9959a20909fad",1,credit_card,2,141.73
"7683e28d403c6a04e30902e9e415eec8",1,credit_card,8,415.44
"298359155fc403a1c0f4babf75d157bd",1,credit_card,10,105.08
"214d5b272bf8f9b576c175c02ce98f08",1,credit_card,1,57.77
"7b0e8a1996764645b732cc1916a504c6",1,boleto,1,473.82
e1cce1b92d11a7a2edd0cbcb4de05aa5,1,boleto,1,90.73
"1dad277fcf3bf6542d0018bbdaf88381",1,voucher,1,84.57
"5c6684343f4ff2229622ce4745a49788",1,credit_card,1,839.58
"486c20b6af5c5dc6163705a3c6031c3a",1,credit_card,1,25.09
b97ca938c0a55ff9a5b2a89081b4b677,1,credit_card,7,133.90
"840ce4344469adc0ed090ea6de49e6f8",1,credit_card,1,42.09
"715d8ed9c706aef12151e802c2bc8962",1,credit_card,1,33.09
"7aafb86390ae18841bfb241252b7ee45",1,credit_card,3,98.01
"7c38ea034c4ae0b36dae03dac6c6a7a7",1,credit_card,1,99.29
"30f5bfc25003d29ee5207083263d3ee6",1,credit_card,5,139.88
"8058726bc1a6746aa072dcb918898328",1,credit_card,6,85.73
"657034554884ec6fdf6ed37c8c6788ff",1,credit_card,1,91.99
"4687c3020abeb53cfbd7f64de9092b18",1,credit_card,1,123.79
ba708502fb9111dc0e00caca9c386b21,1,credit_card,10,378.40
"6dfff5dc8b9368cf190410e804128695",1,boleto,1,45.79
f51a08065b6699643aef19598fb9c9af,1,credit_card,1,86.15
"1aa61b751b1fcf147418fe35148bd4cc",1,credit_card,3,106.97
"3595f0807aca4cae0d917447763fb078",1,credit_card,1,174.88
a14c872deca4d99bf8414d3dfb72bc34,1,boleto,1,644.34
cb73ee65ccf0d207e4397612b10346dc,1,credit_card,6,419.34
"000576fe39319847cbb9d288c5617fa6",1,credit_card,10,880.75
"9052b9e9831316aa74d32b45bbcee6c8",1,credit_card,3,154.18
d38498914fcdcab530c34c8f3dc7b5c1,1,credit_card,1,75.17
"605bef5cb70439384c5b53ecc7c38996",1,credit_card,2,70.15
a975a4d132e3cd7cb429e0deffc7cf8d,1,credit_card,3,155.03
a23f721497b1d681e6408ab48c1cf387,2,voucher,1,20.00
"900ee0470f53ec2e4e4a50a57b06a85a",1,credit_card,1,71.38
"82ebb82b2077623b139a35ccf82b3daf",1,credit_card,1,171.77
"197e823afa23ea796ca722cc9465c923",1,credit_card,10,136.05
e368cd7fd76b9318bc4896345d71719a,1,boleto,1,55.00
"1cfce7466cb5b7c473426907c2cb148f",1,boleto,1,598.56
b9b862b71dd3a13f37bbb72f2addc949,1,credit_card,1,77.21
e751df080556bc6d287bfb067be23393,1,boleto,1,67.50
f2eabb23f8f91015f9478076d73ba8f2,1,credit_card,10,183.54
"7f6a7361266d9b404f05250ef42cdc6d",1,debit_card,1,140.68
a3bf941183211246f0d42ad757cba127,1,credit_card,2,52.77
"24678bbf0564173279a1799d6bb11a7a",1,boleto,1,67.73
"21abec9862e40dd6706f0eaecb193f4b",1,credit_card,1,91.68
e2ee779edcba1ef236bcfe0260dfa5d5,1,credit_card,6,315.78
"136d768d679a4fc7902e10fc81af17fc",1,credit_card,4,191.14
b22d306e18b3b665d49f2ce7d060742e,1,credit_card,1,36.79
d87565906f3fd865c7d42113ba3bc703,1,credit_card,4,45.09
"6b3badf7183e5f197eaba0dc24fb28f2",1,boleto,1,35.00
c0ac0672fbc1b9f9424dc334437a3564,1,credit_card,8,440.47
c11c9be46e58763df468f1b5521acf37,1,credit_card,1,68.50
"09d9dfc52ee6df196fdd19dd3b7440a7",1,credit_card,2,156.22
fb30296d350b197030e65d4a2e52a1a6,1,boleto,1,58.72
d8620e7ce05898d127530e10ba2c78f7,1,credit_card,4,243.58
aceb6154fb83d13825344189f5682606,1,voucher,1,70.94
f112b9fc8967a675670bedf5a2bc6b2b,1,credit_card,5,95.24
"9d0516ad96d793d308cec3c5929ed649",1,credit_card,10,280.98
"17ce4ce87048e4d27da01a07f97dafca",1,credit_card,3,81.01
"9a60aa4f4e624f758ed933742410bf32",1,credit_card,3,193.96
b012f20bfa8d71028da47251f0201d6d,1,credit_card,1,26.79
a96197cd3594ecdabaeda0841d5a63fd,1,credit_card,2,211.91
d6000a48fcae57594e206e24ad3db5a8,1,credit_card,2,46.00
"9bd15327c342acae1656642f80c408a9",1,credit_card,1,174.40
"19d18829a26fa8fcf9fa728de1112893",1,boleto,1,35.24
"69f7357c456d8072ad6671becb0f55a5",1,credit_card,2,117.27
f6ec769c796ea963843da58718ada694,1,credit_card,4,226.47
eaa10b1bfc8e98b22d99dc4e96ef6a83,1,credit_card,1,33.48
"8811b551e13f7f1be237272ebb8c30cb",1,credit_card,1,48.13
"28b7ba800d2192c58d258b973cc5abef",1,credit_card,2,257.30
f2e5669825f172e1d2dfa79abba36ff5,1,boleto,1,164.82
"70f427024dbea24f9d879d8fd7d19df3",1,credit_card,2,28.62
"9200d381e7e305ff1079ef9b1d9d975c",1,boleto,1,114.40
"4d24605b62596483861b472f2c596e23",1,credit_card,6,61.27
"95e96fd707c7420fa6e7c827c33ec0e0",1,credit_card,5,84.64
f04f967baf2c83fce14f95f9edabe296,1,boleto,1,51.04
d646d163f7d7fceab2954628f695a033,1,credit_card,1,55.05
"52b841d05323dfdaea310461719973cc",1,credit_card,5,57.00
"9438f6c0cf20659264fb0e46832b4da1",1,boleto,1,97.87
"7388d450a08d20dd185de187942b7858",1,credit_card,8,162.51
"5839a2f55ef25b35fe1f167612acf405",1,credit_card,1,57.69
"6c4b00d2f2c7cbac0902dd6367da9f97",1,credit_card,4,88.55
"15ccd9465465614391948bdd2d3b4da0",1,debit_card,1,73.08
"591c776946bf5814d5438574a5b42327",1,credit_card,2,168.14
e29fb26d6a4f5223efae23c2b0bdc72b,1,credit_card,1,76.05
"7eb3066f65031745ac998c508b7ae614",1,credit_card,3,95.40
fa37c4d7efdb58513147c124a078bc54,1,boleto,1,94.20
"56c9b97f31031c70ffb000219dc6f403",1,credit_card,8,163.81
"12137038d3db1f38197c5d37999527dc",1,boleto,1,99.90
c6697f0b5a341cb2e357e996c100664a,1,boleto,1,131.95
b94ba5a27a4df43455d1c0efc383a81c,1,credit_card,14,139.98
d44edbc930d60ec8a8d787bdda46334f,1,credit_card,3,97.72
"8652f7789fe1585b439154b7ae0f4285",1,credit_card,1,46.85
"36920eac7bd8263fab6d162476986d90",1,credit_card,5,218.82
"55a626863a11ffe3797bc9fcddbf7c38",1,credit_card,1,30.00
"6d335a14529f4ffa4219793d5b5a9772",1,credit_card,4,45.09
"8e1787326878b8d540cc14a0546c3eb6",1,credit_card,1,39.34
a1e6c98ad1716db91efc64d1bd0271bf,1,credit_card,3,96.64
"75d4b0b71e66d09b6070bd54c61e20fd",1,credit_card,1,29.24
ce021ef42ff5227b0658faac2069ab5a,1,boleto,1,46.14
"462d95e4a92c40052f2cbbb3cfc9dba0",2,voucher,1,94.95
"6064862631581009b8eb676bc264d91f",2,voucher,1,40.11
"6ec704c9a120baaa6b3e162255ec684b",1,credit_card,1,11.01
a56073f17e070c784c5eb0d85da530f5,1,credit_card,2,48.31
"60d2564adbb41181cee729e095b83d0e",1,credit_card,1,59.08
"663273652c0d094eb5880f00867434c7",1,boleto,1,52.13
a5bf7b210e4e59a0a786e88355cc8657,1,credit_card,7,116.17
"3268eb4ec8dd57e0ec471da34e35f5e8",1,voucher,1,43.79
"06e72b5b111756079f63cf67445db61a",1,credit_card,1,48.62
bf49f84a0580ef6751e13357776b7ed9,1,credit_card,6,61.14
"0b1e1533654221aac3796e0a8ca9161e",1,credit_card,1,72.43
c2f98ca0df773c12e9a3001fd986d24c,1,credit_card,4,43.25
"88d83c164444378e37e1805e00984342",1,credit_card,5,62.00
"66587ff0c6d1e3575ffb58c688ef378a",1,credit_card,1,47.54
c7649c79ea8177e6ff2817c7dac6343f,1,credit_card,8,218.43
"96713ebe8541837da0ea44778dd6f2e5",1,credit_card,4,365.61
"96c21ec9db51ad9d07c2b592c45f2144",1,credit_card,10,210.20
"700aa498c8151678850324adc6729e07",1,boleto,1,42.69
e83fecff545147241edc9399a93c8e53,1,boleto,1,86.15
"1d3b8d78074e0b50f10346941e67e9de",2,credit_card,8,80.09
f9b45712fe135d49c839b6dc346d2661,1,credit_card,1,65.42
"3cedecb4c098aed91d062c54ece4bca4",1,credit_card,10,135.18
"63d5822f37657544e6a446762e310267",1,credit_card,1,227.27
"2907efa1cdb55842fe6de4ad2b71d26f",1,credit_card,1,55.55
"90b9f0f48e9c0c80521210df4cff137d",1,credit_card,1,100.15
"16fd9bbafac5533abf2bd1b5bec61ec4",1,boleto,1,44.42
bb22b1f374b71ea416e466ba7ff99cea,1,credit_card,3,66.01
"8c4d95230ea6b65fa945b79cf07ac312",1,credit_card,1,85.62
"60cea07de0865aeead1984c1c97dee57",1,credit_card,4,98.62
ca621c614abfc6d64f4a093ade1249b9,1,boleto,1,85.14
f9ea302261bc5927d8f4a13cb60bdb9d,1,boleto,1,64.17
"4d52cfe3ad25169d39fe5e6f99d17e2c",1,credit_card,4,171.87
"5b0b2aa2743719f29545ae7a34007b8f",1,credit_card,3,104.35
"1e2ba87f41a055bed38add2031253060",1,credit_card,3,136.46
a1ad04708ac63bf780235612020e647e,1,credit_card,3,60.25
"3ca2a1e3c54b928f8ff41213afc6b9bc",1,credit_card,2,54.00
d1142640ffde00a5ea942d37238ec5f8,1,credit_card,2,95.57
c52137e846f3510e2bd54dfb76a006aa,1,boleto,1,147.28
"10be01428d12ec7ed39d0058c3e224f7",1,credit_card,10,690.06
c9a41eaac7ef0fb40b81c58e3c7276c9,1,boleto,1,77.57
"9b3aaef8e7908ab350a9de73399ca846",1,credit_card,1,78.78
d323b02e4d09a0a84bda45d240aeb3c0,1,credit_card,10,807.20
"057bf0876d1b4a1d8b70b8f3e74e8763",1,credit_card,3,85.80
d7a1546121d90a9aaae7a851291d2ac6,1,credit_card,1,96.81
ddbee74a2a5acaf9c9c17fb5671e13a9,1,credit_card,2,561.64
e55d5c08b9e26113f2f0b5b9ee191b65,1,credit_card,8,205.83
"3f606b2bc4208fc4186a5105ccef5197",1,boleto,1,116.36
"60456855835ba53877a944c0ae15357f",1,credit_card,3,49.13
a3378e4a292eb4e3cf114857aa9d3133,1,credit_card,1,124.52
aba02e203a50c9dcf7c2b6b210b5f6eb,1,credit_card,4,186.82
e0656680044e57cdeb0d3ec00c152a39,1,boleto,1,49.02
de72985df853586cd2ba29e3269dbd4f,1,credit_card,1,187.47
aa0596266302830741057cd61bdc2194,1,credit_card,1,14.20
adb1bc335d8e615c7fb377e515a19d8e,1,credit_card,3,75.53
ff70ad5dd90ca8946ddb2ba48946c0e2,1,credit_card,2,130.16
a48b334c5fecb11f072a3a98ae5d200f,1,credit_card,3,159.66
"27fe1bf2ef6671ce5e66d6958f828422",1,credit_card,4,55.00
f25fb554c12314110c2c14a22b7eba65,1,credit_card,1,70.89
"6751421a5f8978f08dab6b35213d769d",1,credit_card,10,819.32
d28e453f6e9b4d972a755ee769b9835b,1,boleto,1,250.48
"8df6ec68ff32ad8169ea8de87cc1139a",1,credit_card,2,53.01
"14bd11245c3ec97c47db26f0e5d88743",1,boleto,1,66.87
"8192fd7211b9eac71752e6c23361a422",1,credit_card,1,49.22
c24e1ca06df82199a5041274b7c33643,2,voucher,1,15.09
"2cce76800d1714350808d3b4c0a48d58",1,credit_card,1,194.00
"2bc3d02aecb787b5e3272b681c0092e7",1,credit_card,1,74.87
"69b8589a4cda405da61a760fcfae1be0",1,credit_card,1,36.61
"01f7d29898cf7c5fcb583a2a29508202",1,credit_card,3,51.63
b52297c2962cf13981238d8a35c0f62c,1,credit_card,4,145.30
fc8cfc59e513f5aafda0556119d11adb,1,credit_card,2,48.86
d3433b37aa2f57a56e8c97c455ac6ed8,1,credit_card,5,162.68
b6d2a4da6b5b41064470dd14e2bcce18,1,credit_card,1,35.96
"10a94cfc443be920ad332f21f5285d0a",1,credit_card,1,96.80
ac7c3a55c9fcdbdbc31f8dec55b93d5b,1,credit_card,8,105.87
"56e46f9fbf0e165946433a74fc1fe7c8",1,credit_card,1,36.77
"6586d233be57098d348eb571d87fc6f2",1,credit_card,2,193.70
ee305cf301da8441d91ae8a06d8a9ecc,1,boleto,1,98.62
"5143a430945a2dd6f4fe4ed2dac0b47a",1,boleto,1,39.32
f3b6286e074ced4149f83f3b7fd95b3e,1,credit_card,4,1198.89
f7f82ee7ff273ef6632f165b3ec2e9b0,1,credit_card,1,44.28
"91126b5e0117a1cb0c97cbdedc8184a8",1,credit_card,1,117.96
d4ccce5bb74fa1b913fefb501f0d63b5,1,credit_card,1,89.96
cb02bcb7600b32e5083fec0791b923aa,1,credit_card,10,181.80
"0d5ce32fbaa548555dac4bee840d7705",1,credit_card,1,266.22
eb8d44030d2f4ebce460ebce652242e2,1,credit_card,2,44.34
"90b6617b9e582f286d8b5d1603c292a2",1,credit_card,2,109.59
cda0a53768d83bf2269db3cee554cb99,2,voucher,1,146.98
"1376e45f46b5feb758e020fd9cc7608f",1,credit_card,6,108.63
bdf7cbcf2a174866c15ade0d9a55bf7d,1,boleto,1,217.58
"774906e7da9df9ff1e2a2aa1dda5034b",1,credit_card,10,184.03
"1ca88ffec09fd363aa4aa1cb994c851d",1,credit_card,8,99.43
"6092fe3ad5ec1596a921d582eb9838f1",1,boleto,1,202.28
"062682155c454b125c630e1deebff4ea",1,credit_card,6,103.46
"6a0633b045fa76bef36ac14dd4a3f165",1,credit_card,8,378.68
"77825d49024eb269c8576e8d4e2b8caa",1,credit_card,5,63.79
d24ea9296a5de338db8128bf4a6b9c48,1,credit_card,1,46.59
"346fa124d404d88a793438c41f21932b",1,credit_card,1,163.17
"481fc532b3f80d9dea57e91dbbcf7119",1,boleto,1,123.14
"5bcc22a5b7883bf37424018f8068c511",1,boleto,1,206.54
"4e954b7896ab7bfa5bbb40484b682495",1,credit_card,2,114.85
"667d5edf566de718db1489ba407232ee",1,boleto,1,182.36
b607cddb1d5540b72adbffe3ffa05328,2,voucher,1,82.98
f98961e605ec96d621506161743643f5,1,credit_card,2,76.99
"97dcaf1261b71f6b774088bdd79c7890",1,credit_card,1,60.01
"2eac75a073b158b0cc84863c566300b2",1,boleto,1,74.03
"0c7a6b23056ca2e73c8b369698e1d781",1,credit_card,2,108.79
"30e7e338d14fc95a5aac82ae9cdcf2c6",1,credit_card,10,115.15
"2f4e3e731a6a92ce3bc2be821babd2f1",1,credit_card,2,98.99
bc754437cf4aad8b6c5925481fa324f9,1,credit_card,2,40.26
"136e42854980018398bfe35a8eecf470",1,credit_card,8,182.71
"892633d6b7a8a6c7c0bfebddec2469bf",1,voucher,1,135.51
"96a056333b6517f334ac928d91dc7e15",1,credit_card,3,72.17
"819c95d80987748e1ce29b9b637cc920",1,credit_card,1,208.32
eb91420251c7666f038332f5dad73962,1,boleto,1,27.23
"7c068f2de07830e12410a13f85bb6b0a",1,credit_card,1,36.13
"8a427bdc7beb440c5e77ef02944b9b75",1,boleto,1,77.82
c2fb804b4b295e3dbb9bbd7388946e32,1,credit_card,1,97.45
eaf073079dbf6ebac22213d250816e2b,1,credit_card,2,27.68
cf739f0737d8e40da84e5880f048a994,1,credit_card,7,77.92
a0d0610703403a3ae85d5777c8c5897a,1,credit_card,1,85.79
"1f45a28586a90ea15a58abe89e405d46",1,credit_card,1,162.20
"032b0e60cda9e20b30fc4b3bf1079e50",1,credit_card,10,157.83
"19d384f8370ca0d66c6c059da4c127cd",1,credit_card,1,89.91
"4b5e7707371fb7f696930fc47efff1f0",1,credit_card,2,181.55
"876309add96f9d84db9b2379de836323",1,credit_card,1,29.22
c05f8f8d85ec06af1b5de0baa7050f4e,1,credit_card,1,20.27
fe3f10a6837f308dee1e4be3f7f055b9,1,boleto,1,107.40
"733fc4efcab11035e8e397c164c173df",1,credit_card,2,200.55
"461284c65054e6492ba30c4ae2ca1a26",1,voucher,1,42.50
"55a54184af6cdb5cbd95d124883c2dbb",1,credit_card,6,117.57
"2a898774ad769f760b6ae1e81775a309",1,credit_card,1,34.69
"192799f07e375d72c4437c3a1bf074e9",1,boleto,1,70.89
b9c9ae9ec1ae133cb9d76c6a4d38c316,2,voucher,1,40.90
"27a67bd7466cbdf5af5708129e2ca7e5",1,credit_card,5,53.95
"789e059c493926a46f2365bebb807dc9",2,voucher,1,49.05
c644b3f8e84a3426f0a99bbfb04a3e73,1,credit_card,5,155.63
"3c91fb2601d8d06e7e3c9ee4f79060c0",1,credit_card,4,158.74
"38953e88e1f6d075c453cc7c7808fd74",1,credit_card,6,184.93
"8860c46d734c9f3a3172bc4a71ec5490",1,credit_card,1,106.37
"065f2f78a7067e37f695bed618512704",1,credit_card,3,30.02
"27117cda67133aa93a8fc2b8916b1340",1,credit_card,3,186.97
"37872280df31defa5a1f4ff1f120fd8e",1,credit_card,7,265.04
"0213da24bc9b884c4792ae4c54eb0bf3",1,boleto,1,39.10
badd0610d349f865d84d27e36b2abde4,1,credit_card,8,298.28
"036dd381dfb3ec75e0a63e14828cc871",1,credit_card,3,69.14
"4849762eab16354ac93fa3f76324ae57",1,credit_card,4,185.51
"5cf62f9c757b9bc80a12ffe293efa0ac",1,boleto,1,202.87
"681b8fe190dea1a0fcb73637796862c5",1,credit_card,2,79.72
df173dfd3b854c43b8cb8b73c5dbcd15,1,boleto,1,238.01
abf1130bc676c9dcadf91e24f5e30a30,1,credit_card,6,496.89
"9da777e6977f9a0ed47c0a36c439a100",1,credit_card,1,35.22
"41c3d0e8ca38e1a1948bdfbb842c1f27",1,credit_card,1,43.09
"0a8c0300318aedd7b66f6dbc27409ece",1,credit_card,3,91.18
"570ddeb3f301dec9fc28d95add0e825b",1,boleto,1,65.39
"8c3a8d8a16234d5aac3979fb63733778",1,credit_card,4,89.58
d1a82e2009b5e83098aa37edae34c7c1,1,credit_card,2,54.97
"832c7364e0bee77d8763a327983c1b8a",1,credit_card,3,33.01
"790b06e5fd09d2f10757cb554a34eb92",1,boleto,1,123.26
"40276598768326cdd5ae39038037434f",1,boleto,1,178.22
"003d9fc84ad902adf2265248b5ffe1a4",1,credit_card,3,94.74
"1bb50def8a9e13b440ff996070fda0e9",1,credit_card,2,218.55
"0512553e39efd59a9572ce7eebacd43a",1,boleto,1,148.97
"4125f12333bad3b4866e6145396cf2b1",1,credit_card,1,321.58
"03ecec245220b63fd7f68c1737ba99ba",1,credit_card,2,319.34
ceb22e0ea85b325aeee259c87e85fde6,1,boleto,1,83.26
"9b0ca49107c50799985679a726bfd9f1",1,credit_card,1,35.00
"5052e182aee58daae49fec8b9caad0c9",1,credit_card,10,199.82
"84dac351c4b0c1cf7151928e14e03008",1,credit_card,1,85.81
"6be4566ff84c15f3069e3751958576dd",1,credit_card,7,73.34
ba3cb1f2bc2a8f69d175320c1ce21274,1,boleto,1,245.54
c1d56b2ecba4d7cef028f838f3a460d7,1,credit_card,1,22.73
"4dc6971735661c059829d999ddfcd755",1,boleto,1,37.50
ca615b622988ea312e47ce9773bfc5af,1,credit_card,1,32.44
"2fc1b0a22fa3205a36abfec767951243",1,credit_card,1,131.04
"4458b3efa2a267c37c8851684ce7309a",1,credit_card,1,24.60
c37e2c9cccce36f396d3b958b8bc1574,1,credit_card,1,82.98
"2c35f7790c51f8cc8e66365315d91929",1,credit_card,1,46.50
"68bdbd5c98c370cdfd33a08a591fb660",1,credit_card,3,177.67
"5abb95f2a998dee581e1c63cb7ea7512",1,credit_card,5,81.42
c0fcc74d37e499bd4f73ddca4ffb9a64,1,credit_card,3,93.64
cc91c4dc3388e7cc6b4f5de648cae283,1,credit_card,1,20.88
c33548afe8a1590b82f9f0c6141ef508,1,credit_card,6,68.61
b65bc3c893e55d8850fdd459723e5f88,1,credit_card,2,87.10
"49645a8902c1ba980836b7bff991d69f",1,credit_card,3,92.36
"9645c5cc1c315607f2524b2189d3efe1",1,credit_card,3,215.31
"2acc7dd7478c845d1f150d20dc7d7e43",1,credit_card,1,77.39
cebd090c9689c0cf282f067646f9c5ef,1,credit_card,10,161.68
"29941903985f944b0ffc49c479c1547d",1,credit_card,4,320.79
bfd9e46406df093343381a91996cb660,1,credit_card,6,75.84
f16010e0add047ba483e2b3eefa7c60e,1,credit_card,6,69.61
"6e0a05c8cd1585c08cbd95f7e1e783cf",1,credit_card,1,27.09
"65d5a0172af3046524552dc879670706",1,boleto,1,308.43
"47edf91f32703b4aa658d3a46efe489a",1,credit_card,1,55.11
"35ea60fdf15c6d4bfaf7750309268f06",1,credit_card,1,76.57
b7dd6e83a855d2ed0804d8ff84535092,1,credit_card,4,148.20
"4dc9488e447d685ac0ab217f7cb9b885",1,credit_card,8,221.89
"557c1116cc609730b617567dec5790b3",1,credit_card,1,35.82
"1d9a9731b9c10fc9cba74e6f74782e8b",10,voucher,1,3.00
"41a6e516105939d8e985a14e2f9d534d",1,credit_card,5,110.00
"868b169b8545e9a1f6390f46814c79d1",1,boleto,1,104.76
f8328684373f607cc5b73322a9b186bd,1,boleto,1,169.49
"4533633faea8cc724b34db6788786b5c",1,credit_card,3,32.23
"3f6a06dd65ecc8c3c8bf73dd9f5ade29",1,boleto,1,162.50
f93e43e1c7ad8105d4644ca79c6ffe21,1,credit_card,1,62.43
"44676f5946200b6318a3a13b081396bc",1,boleto,1,96.02
baf05a05ab8f2e51b4509635ee9ddf3e,1,credit_card,10,116.94
"8c2ce0a5a34c3f1e1a56aee2283a45d4",1,credit_card,1,24.19
"7ab9c107206e507460e083e2f1400b74",1,credit_card,2,266.89
"425dece5c02ae29542005b6c0a9c3b63",1,credit_card,8,566.09
"90f56b2ed34b8c5f56dd1255faca84e1",1,debit_card,1,50.03
b8356a9fd88d4ba362d50916835b033b,1,credit_card,10,388.96
ce2a343a30b603fc0e6e886211c02666,1,credit_card,5,175.88
"6e0e5e93c12213702b1bdac5a742b828",1,credit_card,1,17.77
a178e5115c4f2f2b1f778cbf210e07cb,1,credit_card,4,344.20
fccfc993172f9dcf96a728c266a98dad,1,credit_card,5,80.00
d077bdffbb5406992a86cb86d68f80c0,1,credit_card,1,152.99
ec6973ff08c168f0376770d9eed25eb9,1,boleto,1,179.35
"43820afb33cfe47a6bbdc81d3fb51aa0",1,credit_card,2,150.68
"6e5fc24bede0e47389f2042dc5f8473f",1,credit_card,3,176.65
"570975ba79d1ebbf8ea51ff4536e8b9e",1,credit_card,2,422.63
"583897e4cf9cd552e5abfacdf82bcb75",1,credit_card,2,247.25
"57ebffcbf30e5b8850f0e4c8713fd2dc",1,voucher,1,72.45
"4a444b385541349263bc8ab5a26a54c4",1,boleto,1,61.74
"6c12fb27d4bdb7ed78460a2248e1fea8",1,credit_card,1,96.69
da5c9003db4a2e616ee1b5bcc0448401,1,credit_card,5,55.95
c3a4a4d55ef55a85bedb1493ba5f6b30,1,credit_card,5,178.27
"76c675dc22e413baabf77157c12c5efe",1,credit_card,1,67.36
f71ddf3d0916592b8bad2ec379bd10ce,1,credit_card,1,53.27
ada9fa782c2b09e429a3075016e025c2,1,credit_card,3,174.84
"6afedf08c0521723900128e180319db0",1,credit_card,6,912.65
"3afb5554304bdc748e0b05b9b8fbb9ba",1,credit_card,1,69.49
"573b5d93e53ee17f6d7276929890932c",1,boleto,1,202.79
e154f52ac122fee7ff0c05a9e46e5a82,1,credit_card,1,56.36
a678d97aa95d0393384c211a82455e50,1,boleto,1,24.28
b6480a468bd89b1732a3e73ba16a270c,1,credit_card,2,175.08
d39ba4fb319031f7accd81056bd65b8e,1,credit_card,1,75.08
"2b86248935bc0815bedf6857267be978",1,credit_card,10,209.42
a96b775bbe86a3032362da96d01ca9b1,1,boleto,1,39.58
"28cf0d3a2917f031ecf4715669a2dfad",1,boleto,1,78.87
"33315f815f0bf4c95cf6b4dbc3c89024",1,credit_card,3,134.42
ac5222f836286b33e7240030ad79d7c9,1,credit_card,3,156.68
"219b8a2c642a7c314644b58fa1036c7f",1,credit_card,10,342.02
e78d0e875295cd716415732e63b6291b,1,boleto,1,136.99
"5719565c136a2498b696dba86c086251",1,credit_card,3,269.95
d9f046249ca6beb35e2d00f2eecece56,1,credit_card,2,102.63
c51ae569d8e986c7ebb73803ead54947,1,credit_card,1,20.38
"01da413c142606bf28e461e3a732f653",1,credit_card,2,211.28
"7a7d015aba4cb837644d24afa509ab3a",1,credit_card,8,129.20
db64746e7060aada6cbe3d0ff34f0cdc,1,credit_card,1,101.89
c14191a30c0d8aae8951561cd85a7485,1,credit_card,1,51.16
"9914efa57f1a52e1c0a2735c0f927bbf",1,credit_card,10,234.66
"5766a94fc9251eeea6bfe0ac7618d5b1",1,credit_card,1,131.44
d34c3c0f26d67cc75d6f4038687fc137,1,credit_card,1,60.38
ac88d96f79bb0884df747b9c38fe48f7,1,credit_card,9,91.47
"0bff3ac704b2ab4cdb69873f3f551ce1",1,credit_card,4,290.22
"336849260da128bf88be93e5bd4d15be",1,boleto,1,69.90
"2834df5b9308669a563063234a742910",1,credit_card,2,103.20
"5c5a9b69f5432af8c3c978fef0d6b96a",1,credit_card,1,116.82
c57edd0a24c02e38a5f007804662589b,1,credit_card,1,56.84
"29964b4c50c938f079b2c345c7ea0eea",1,boleto,1,136.60
baacbbe167481d63498184a70336a4b0,1,credit_card,3,70.49
db17aa0220e5208b5fc2c08c8f704797,1,credit_card,1,131.00
"1762d5c6c1f5efce31b1d21339212730",1,credit_card,5,54.50
"1436cba3294812a22fe0868db7581b68",1,boleto,1,36.62
"5b564ae719f89063362d24f1729d7ca2",1,credit_card,5,413.75
"1b7475ff7b8c048a93a0b27dad4ea031",1,credit_card,6,105.37
"817bf80f198fe79311b13572332cc969",1,boleto,1,173.74
"471f14841f8ced80a4c1c6dc08a32eec",1,credit_card,3,33.17
"1aaa4f61529fb2b392016a694b437885",1,credit_card,1,264.16
"4f21594649a0235ad65ded11ba7c8ea7",1,boleto,1,123.27
f71d58fa033d5d4e4425df56015ad62d,1,credit_card,4,87.24
"67d6c5d86ba37be6774ee81dc0bed780",1,credit_card,11,116.33
"9d0f89ac7841fe621cb103d22838fb80",1,credit_card,1,37.97
"3ba2a040080e83d936f7121ae9cc993d",1,credit_card,1,78.04
bdd3ff4ef47b27548e0f1337fd6d042d,1,credit_card,3,82.10
"8283cb8792b84009b158a085333ee8b3",1,boleto,1,82.94
f2cb1c7b8d41c99db093c14f35eb5f93,1,boleto,1,21.40
dff7572124c4660b0fc6c5ef2a4b3e96,1,boleto,1,53.73
"41f619c5b2e315db16368518f5fd3405",1,credit_card,1,44.30
e4a53fe147c7b6b2fbd68ebf30c48226,1,credit_card,1,73.38
"30c6a9aa866d68119430c9679d22690c",1,boleto,1,347.19
"246d8d7f7205077c174a7c1aa62f1440",1,credit_card,1,38.59
"4f16114f4cf6e0fbce58e1a335360dd6",1,boleto,1,62.48
"657f263221ced6c31242141877e13f66",1,credit_card,7,678.85
"7339f161136d0fc994a2c4f5de2d0e06",1,credit_card,2,108.11
b22aa0e891fc84287cb67d41744f0600,1,credit_card,1,24.81
"453d6f15ae1c7406d6ec6a5ee3909b82",1,credit_card,1,77.19
"3c901df8e80c646961877910379f4c1d",1,credit_card,1,53.10
"85f5aa79a7370114c788fd6752d6fdb9",2,credit_card,3,37.41
"250ee6904cdb677771a5d0e9d977ed57",1,credit_card,3,151.60
"0bf51fdc3af690e954d2ee0c4346b47d",1,credit_card,4,56.79
"79164f97a0f684659f0881551ed73a2e",1,boleto,1,177.80
a6eaa4e9d0e172457c2f76bdd1face86,1,credit_card,3,155.51
a405efe2b87215277a81cdcd45355628,1,credit_card,1,62.06
d4a961a670c1caabf81268139c1bb131,1,credit_card,1,114.83
a1e3ae78b2bf6dedf2c6a37f96e17900,1,boleto,1,661.08
"0ec4af8420f96af137f9b52194956497",1,credit_card,4,385.88
"00cb18db3d9c03f8386e7fc70cad2504",1,credit_card,1,144.03
"9626d198946ba7132f0bcaf33f7ceece",1,credit_card,10,599.49
"923c72c5c8bc167cdab01dbd3de020a8",1,credit_card,2,143.55
cecb76748848cc8dc67013c58902eae0,1,credit_card,1,104.34
"4208d8402138f772f9c189a1859e1f55",1,credit_card,7,73.34
"3a203dae3518150da6b12031076d6cff",1,credit_card,8,429.17
b4757419a0d328d1c3c848d9957cb20c,1,credit_card,7,368.05
"69d68d6cabed593e526a561a94d76d23",1,credit_card,3,99.11
"66e9e616cd0bcd26b05c6b4694016939",1,credit_card,3,188.31
e156fa52d1754d15b5be6ec616331b99,1,credit_card,2,47.60
"519848aec23e707e7000d416d01c5054",1,credit_card,3,50.29
"47a89cb464c37056a399f117cb24e485",1,credit_card,5,213.96
"9966919513b173e92155677f14ec8a67",1,credit_card,1,38.91
cc812bc2c7f8350a08add17abe7bcc84,1,credit_card,1,11.20
"9c7c35b65031cb7fa78dbac4e2e2537b",1,credit_card,1,61.99
cbd0b1bfca1e8dbbdf17f34ac37e1129,1,credit_card,6,190.98
"877a74a0ee5c1f719f39f4f11d2fc19a",1,boleto,1,2759.88
"76f77156abd99714db6250e5755fe9f7",1,credit_card,2,54.60
"21c67b5e714499b18a07580f8f0b65cb",1,credit_card,4,162.60
"44146c842a47dc05b44bfd3c0334d47c",1,credit_card,1,107.53
a56858987ef5c87519d953a5b32ba118,1,boleto,1,68.16
d052020616d502036aa7b1303965ada6,1,credit_card,1,17.88
"7cc511af09f6c0b54385d08aaca28680",1,voucher,1,43.84
ce44f44ee93f1deea42e493e84b5cd63,1,credit_card,6,155.14
b325a4afad33f2c09ba50df161457bdc,1,credit_card,8,138.57
d2e18fcf7ecfd667af457a9e7034c86a,1,credit_card,1,5.89
f353cd55addf6569b4bfa27e1d08367b,1,boleto,1,136.08
"170130a20f16a39581bba39d938d2e25",1,credit_card,3,38.22
cbdabf28d94ad320e51b6a0a839003c4,1,credit_card,1,172.30
"8c18e2748f644242067b6c2269b072f3",1,credit_card,5,188.51
f315217c0d9146e6018869629c9b4e5f,1,boleto,1,74.05
"3bc59ba58cb8e8524859be6a6f4159ad",1,boleto,1,60.65
"891a2a73007fba5bc9bfb7ea1f486171",2,voucher,1,46.26
"12bac66f44df6a103bb5b982c45f5617",1,credit_card,1,16.77
"4b161afded0b38a94b63850c4bb48f91",1,credit_card,1,46.13
db79668a5504403f129b4cf78d3b03c0,2,voucher,1,1.21
"712f25b2ae7f5b20df02ac0c361a71bd",1,credit_card,2,139.62
"7596db1ba623b5cb1727772fc9bf8440",2,voucher,1,3.64
"5ac7d4ec249ae27ce03841786cc6bc66",1,credit_card,2,203.06
"9611e941e8b7f96fafa5a05714bb944d",1,boleto,1,39.05
"66721fc1b7506481ff0d62fefe0aaa6c",1,credit_card,2,616.86
"303537b4b88abe56ea3a5c0801709c36",1,boleto,1,185.88
d1d82aade0787cfad8be29a6afcc6401,1,credit_card,2,75.07
"78d1bb8db7414297b33c18163f8308ec",1,credit_card,3,87.64
"6ac559b49cbb0d6d7c3eb071891785c7",2,voucher,1,20.00
afda537d43a9276025c26c4a47347548,1,boleto,1,140.20
"507ade1b30ebcd50657684efabcd135f",1,credit_card,1,45.93
b55b34e107238df26137bc117f892827,1,credit_card,2,138.66
"055ad36ee30e9948bbe9baba852913b2",1,credit_card,10,289.85
"305f5b9d60b68527059527234dfd2b9e",1,credit_card,1,35.84
"4d2e2634819452adb3313ccb5abd344f",4,voucher,1,28.75
"6d983186ed41c01b43e558f2d7a68010",1,voucher,1,63.82
"6b1f38ed45f18e6053aa0504bd2e9036",1,credit_card,4,76.98
defa53bfb8de9da3857ed69277b54d10,1,credit_card,1,111.89
a0d3b62390e72dcfd8fc6b29c1af0061,1,credit_card,5,312.11
"84734d9913fc9a6eb15b3e982a15fedf",1,credit_card,4,110.42
"25f2336ad64d9dfaf347d85bca407b44",1,credit_card,1,72.31
"5c94707bab626971391f6a6a31ea75d2",1,credit_card,5,264.39
"6b37f541eb6753f5383147a84d419d11",1,credit_card,1,8.17
"03229ded9d99164ee8bac7116050dd23",1,credit_card,2,53.00
f4da7d0ac805794a8e666416f2c20f60,1,credit_card,3,38.75
c22992301ff1bc03cbdbaf5770b1938f,1,credit_card,10,205.46
"576c48f481f95199130fe941c49c944e",1,boleto,1,44.85
"27d40c905fcf5d681df561eb736986e2",1,credit_card,3,236.54
b6d8b094c9a771ac0f54c664f5651a5f,1,credit_card,1,139.15
"983ca2708d1c50ac99ed54a30ae38d0f",1,boleto,1,176.40
"753f20d5d3b360334f4bf5e239710c14",1,boleto,1,53.66
"8b5780447e4ee0bfdd231f03e725a3aa",1,credit_card,2,144.65
"43acf8b2268f1586cf4eea1d99aba08e",1,credit_card,2,67.50
"385a6cde4031f6d16c0c80c96c702580",1,credit_card,1,117.90
"4045e63d7fe9fce2f38928253adf5c2d",1,credit_card,5,253.98
"0c01eb5638db2110eb5a7d1c0581aa09",1,credit_card,4,82.38
"309a6726656b1ace9925bb760fc46b81",1,credit_card,10,913.70
a37bfcf3d20f35acbeb8802726c3fabd,1,boleto,1,116.36
a64f82f41fc81e3678647332227ab689,1,credit_card,5,54.10
a4ce473749f3d49434d83a58607881b6,1,debit_card,1,162.25
b18f96d97651133bd9a491945fa1d3bd,1,credit_card,3,38.37
"8c7ece8da5896cd96a7b9a10a7c96082",1,credit_card,1,233.04
"6364b5200369c2149b7eed0654d2fb2d",1,credit_card,2,416.48
"2861f21634398881e11d516aa4197c72",1,credit_card,1,85.47
"26d25b216d95d45c3c74ab339d25b534",1,credit_card,8,920.17
"0df6d3734fc28f15c08eb4a9f931e3a8",1,credit_card,2,21.77
"4069c489933782af79afcd3a0e4d693c",10,voucher,1,38.38
"555e4d40fb6beea866d46eb6a5a01b41",1,credit_card,5,111.92
"8ae04dfbb6a99bc4d4871edc08bf8ee8",1,credit_card,3,91.36
"977c422fe0aba1010810e690cf725b20",1,credit_card,1,76.95
"565923f847aad52e7638eb189cce3b51",1,credit_card,1,97.81
"273f82958d907705dde15be4062c6888",1,credit_card,4,40.78
"567a46259e8902fca8f8a5ecb28e3298",1,credit_card,2,202.76
e45a12fb0ed186f1f4e4337f60933c54,1,credit_card,4,54.23
"684f63e89a82f437747c1cd45a099f4d",1,credit_card,3,351.73
fc947e5f82e5354dd3d971c9dbfabf93,1,credit_card,1,78.78
"11a767668748212864dd19e283d26b1f",1,boleto,1,113.71
"008dc31c0ae7121f2791953ae5f532c3",1,credit_card,1,62.65
"8b83251dbc9bd02530320cceb82cc03e",1,boleto,1,44.38
"44af8639fec8bea3c082d435fc3a5a5e",1,credit_card,1,273.45
"3260c5040c13241b3f5f7bb7ed852c89",1,boleto,1,60.95
"767f00750341a13761a30bb3d0447229",1,credit_card,2,35.69
e8595aaa870f27ab07295d40e8c68f85,1,credit_card,9,105.85
"39ce2a3fc7950d2767dd4b01eb49ea6b",1,credit_card,1,46.94
"965836ffb754e3f45c8734a2baea5978",1,credit_card,2,32.77
c867dd64bd728f7a87d1c868c7c2c33f,1,credit_card,1,0.39
edc577111e3237868aec11a4da6611d9,1,credit_card,1,61.58
bab9cd2eee074d0c97e7691c9418d68b,1,boleto,1,117.22
"97998b2b2e9a8fdfaa4ed32426a52878",1,credit_card,5,127.33
"21862ad09cda6a079859cb1fb77d5da2",1,credit_card,3,176.39
"5a32dae759e50279bf8e1b2be65edd27",1,credit_card,2,26.17
"74337d4b8aec7d9b18c016cff22129fe",1,credit_card,3,519.89
"6605d4026bc07926d30228dc4de3f89c",1,credit_card,6,82.34
e3254323dd511d109978d37345cdcbae,1,credit_card,10,701.13
"49db26941af1a612f2c08b71ea7d5c04",1,credit_card,2,63.70
aa2ae4efd578f1c304128a899e4d1a17,1,credit_card,10,417.89
"9cc025093e16276c24f5b98f3dc158a2",1,credit_card,2,136.21
"21c03a286e71d3afc682942e4c8eb2bf",1,credit_card,10,143.01
"16f5ff14af497212a69fb3b390173e87",1,credit_card,4,70.14
"56301ae69daec31f44fa405fc3a09518",1,boleto,1,145.56
"977f5221b08a45da8fe709f381bff244",1,credit_card,10,1048.57
"6d1f29a9262130c47ca823ee31e85c17",1,boleto,1,92.32
"394ff86ee81814bb5f88c7e8ad2812b3",1,credit_card,2,56.62
b78fe1174e6aedc9d2a90f6b36f02bb2,1,credit_card,6,172.52
"12871e7ec010930e767517686d955c47",1,credit_card,3,76.55
e0e47d80d9dc5f2b0ca6ce6427733c35,1,boleto,1,126.15
"52b783557d95971d0b42195e6bacdc68",1,credit_card,1,32.77
"21f09ddab3452c7541fdd8b251645918",1,credit_card,4,81.12
db04082694e24f9e426fd68f516b46a3,1,credit_card,6,157.81
"985dbac2172bbf6b32bcca35da50d7a0",6,voucher,1,20.00
"46aac4b6ae578b1097249c607ade4751",1,credit_card,5,126.23
a8026b902d1c542d5a42d1010f8f752d,1,credit_card,10,259.19
"44f656d7fbb37d161491617473307a59",1,credit_card,7,104.94
f680dfd841b53bc32168823c6b82e1be,1,boleto,1,93.24
"016754282c7690ebd6658f9f8e0a49bb",1,credit_card,2,67.77
"939fdd4ebbc9d67bd8074c97e6ecff63",1,credit_card,1,55.04
"01b4dfef1c8848e8c0431ce17f5f72ea",1,debit_card,1,48.87
"46d941280fb05532830575927a3530f4",1,credit_card,1,114.80
"8eec74d633d059c6dcdf542294b40d2e",1,debit_card,1,58.87
"450cb96c63e1e5b49d34f223f67976d2",1,credit_card,5,201.96
a8eec6cf00da15ed85f99bad34c2a019,1,credit_card,4,47.44
dcc3610bd6745b8ec0d84354631fbd3d,1,boleto,1,140.03
"00d9ac423c9ad6781c0ed04e87666691",1,credit_card,3,379.20
dbed639a12dc60f5e3c08f284bb686cf,1,credit_card,4,305.31
"200776f536a4425ab4212e0b0fe05562",1,credit_card,2,23.68
c2d9d0e0c3a188dd8c70809844767fa5,1,credit_card,2,51.03
"45f323ee344dfe76bcd78bc41c962c91",1,credit_card,3,142.54
"0db84a5169c0effbdd6695e38e354ada",1,credit_card,2,145.56
c713e92621de8e6880f8de2b10923243,1,boleto,1,35.75
"79d99d8498728081a42a978071007d45",1,credit_card,2,475.82
"0403bed7b44fb735b6af72505c57fdd3",1,boleto,1,102.03
"93b74681985a4a11ca3b48be35576434",1,credit_card,2,120.68
"923edd16abada2893b886d3757c73ffa",1,credit_card,1,53.76
"25b951c1d074042d59f6545470172015",1,boleto,1,61.71
"51c7edabb9739b6998ee68efb7e10d31",1,boleto,1,201.08
da7025e8d32030ef1d9e4a200eb7dcec,1,debit_card,1,373.37
b2c3a55ae550dfe8fea2cdca7df095cf,1,credit_card,2,52.72
"7d77fa53e7aaa8b90c3bf1d55392d432",1,boleto,1,67.68
"109f014817afa47ae23b8b77939cad98",1,credit_card,5,72.90
"88f2ce255598e8d806bdaab738f02de1",1,credit_card,5,72.66
"4d44c133003f6cbd3274978464e57577",1,boleto,1,35.01
"34b7253ad75b068d9abf56b9fc5c68a2",1,credit_card,2,105.60
"294fb274681bed90131ca92ded8f6467",1,boleto,1,76.34
"5a648bc4d784434ae63666bfecf66be3",1,credit_card,1,25.07
"4abba1209ac9ef2480b19c2e88391f23",1,boleto,1,123.33
"5dc2065524809a87208d760d279f88ca",1,boleto,1,124.85
"77f0ae10c13cc7c78a5393b27d121044",1,credit_card,1,0.80
"426701450f5300e9ef1d19a023eaf69f",1,credit_card,1,45.48
d75df4013540c60cf8eb7c6e57aab1d9,1,credit_card,1,72.43
d6735b4006968f903a39b74f740dac04,1,credit_card,1,51.10
cfbff5e327712bcb7b76b34bd4655a95,1,credit_card,4,203.80
d7d77e6d58cb59dcc4660ab21874aa3a,1,credit_card,6,67.43
f33aa647f08ec9623c76b6212be92333,1,boleto,1,100.34
e223f6ac4712ef4fd137edd9cc2bbdd7,1,credit_card,2,56.40
a97e8bd621edbcb4558c0de4c02f05a9,1,credit_card,1,109.24
"963258c35a8f30e4ab41bb49c4e493c7",1,boleto,1,21.43
cdf4b0d5611fbf52e84ea0dc45f5ba8e,1,credit_card,3,172.16
d3f7c6edd379a2ad76dbbe331f422ef8,1,boleto,1,144.65
"59f740f135c8060f0c211f5ff37a7245",1,voucher,1,45.01
"4a335c9b6c47353962fc6f0b1911eb03",1,credit_card,7,184.93
c8213e60d923c834447d410caab1898d,1,credit_card,10,993.55
"201691efe89d4d71f36e5ea279a8759a",1,credit_card,2,107.02
"78b705f0cc3c972f50aa93342f6797b0",1,credit_card,2,22.95
"5ad18603db1db0f10865419cd46d17d7",1,credit_card,2,76.08
bf955c3062582fe37befbfd4b0e4b820,1,credit_card,2,72.79
"4ee69609938fb96f9c99db9382d6069b",1,debit_card,1,88.63
"95c9b6a458336c5de68ca8d1ba553078",1,boleto,1,367.20
edd3d7495d5177045823010a1f6ac22a,1,credit_card,3,96.55
"10d44ee4790bc142618db5b1e687d8de",1,boleto,1,265.53
"21265f499055fc933501ce3a66c1ef9a",1,credit_card,1,173.84
cf5c16c1ce5b2de3b5141ae26b58f65f,1,credit_card,1,37.10
"16fb5223e4fe12fa7d021f3472b20bd6",1,boleto,1,32.77
"299372a2c0a08ae166a4dd2a2467dfec",1,boleto,1,904.80
"5d84402a7baf6ad1743c1b3ad713a615",1,credit_card,4,54.27
c4bca20f52c2d6a327cdae08b535cced,1,credit_card,1,125.00
b8019c53315df4d7a2a1c5afd52c5004,1,voucher,1,70.24
"48ed90a16494e16357d2fd32fb1e1ac8",1,credit_card,3,78.56
"42ba06ad0483c398c580ede8b5bf35a1",1,boleto,1,368.52
"7e3819fed570609ef642c2e18f198d10",1,credit_card,2,187.11
a01074d070fb607d7e92d6a4a13de47a,1,boleto,1,173.88
"7578fd6a092a59193fd6f529094dfb84",1,credit_card,1,113.11
"594ada7b4f3779b23f96418739414ec3",1,boleto,1,43.95
"7001abbf1e0f0ba850285e46d880346d",1,credit_card,7,97.81
c1ff65479834ffeb424c5a78cd65ce4c,1,boleto,1,209.91
"26d54fe728c00ded5d4508383c6293c9",1,boleto,1,28.17
"34957a1f241c065c4bffb7af05754b6a",1,boleto,1,231.96
"41b58b6026bb03ba48125f0b42fd4b70",1,credit_card,3,98.34
f6605c7ac6582925cf6ccd0456d96600,1,credit_card,1,70.93
"4399f0c95ac804e27baf82ea7799b102",1,credit_card,3,85.34
a3f9e137835e6b213ac38b80947c3b90,1,boleto,1,131.87
"21d7cc8e7e9305ef7b30554a2227493d",1,credit_card,7,83.29
aa6fe4963f1ceff46626f56e08564bdb,1,credit_card,8,573.78
"9151980bf2e61bf804e48072ea9652b3",1,credit_card,2,62.81
"4886c605fd1f7edd568a936814a015b7",1,credit_card,15,197.58
"5eb48a486860d85108f3e9b4276445b9",1,voucher,1,20.00
e4f0fb907ebf79c450a8646d85c36d62,1,voucher,1,111.37
"78613b7496cc589e1f192e4438f959aa",1,credit_card,3,193.01
efe6d4dfee60757b66595c5fd2920f10,1,credit_card,4,167.81
"058c8f9e226f52cd43f44b0aaa72a395",1,credit_card,1,21.99
"4e587ca33ad0c0f0ad2e445c30698ed8",1,boleto,1,111.61
"28b33b3ff1e1ef5e83ff16ade701d262",1,credit_card,4,106.28
"5a18318628961a2982d19b5ef6026e2b",1,credit_card,4,190.90
"868368a37fa61f7147c73d271f0f7d81",1,credit_card,4,51.72
"6c5727658a49990433c383e058dd39e4",1,credit_card,3,772.51
e54a8ab3ead9bbdf681b8e18273f2cde,1,debit_card,1,82.78
"1484421169dee9ceefa1d3584a49d529",1,credit_card,1,374.72
"8ab67a33f5086c5971aca4569c4067a9",1,boleto,1,37.53
d3f44296d90a42d3ec4b52b18654e87a,7,voucher,1,1.86
"35bd296a8ad55ea37b88e2d4c04dca4e",1,credit_card,8,85.52
"61fd474f23e735d729ba931e1c63b25d",1,credit_card,3,88.92
d5f812041d8fc446c00cad005b616a3f,1,boleto,1,72.29
"6cfa5243a13a7ea9c5b37fba140d4f9d",1,credit_card,4,140.56
"61986df3dc483509b39f7fda7a82c10c",1,credit_card,6,207.99
b39662e0f09931c6e3d392e873207658,1,credit_card,4,128.95
f92af4956f690ebc9200d25029ce7c06,1,credit_card,2,138.62
"654c5ae02ab59fb154d128fc5d5418e4",1,boleto,1,96.35
ca6bd54a877cb432b4fb96afe8f6edff,1,debit_card,1,87.51
b53c76841e4d019129a1304df6739fe1,1,credit_card,8,213.56
"29d0a45c5f4c8f6d17e390ab762df890",1,credit_card,1,134.30
"44ee389142c744e5c8e7b6c8343dbdc7",1,credit_card,1,146.26
"0e3586e663acb9adff4f778c7d174890",1,credit_card,2,143.81
"44cf3a952d8e1d64780add94ffd74dfe",1,credit_card,6,136.30
"382cc76dffc717f6f05ce8c2fba428bc",1,credit_card,8,413.59
af29f3d2878958723720a759676814e7,3,voucher,1,2.87
"9322ed60e16ee4ff1efe8145cb66060f",2,voucher,1,160.00
"921095a3d078c4caa4259c1208a71f66",1,credit_card,4,47.22
"184ec7818067e1f9dabd3bc13e09b215",1,boleto,1,70.60
"83d8eb18982d706a86805eb80e12e88f",1,credit_card,4,72.75
c0c3e3561d570a706345bbd04b42de8e,1,boleto,1,35.84
"1fe148272b3216d1704900d718e701bd",1,credit_card,3,2389.78
"8b04ab3b98e9fd714d324f48532a0242",1,credit_card,1,57.46
"4ce809baf1b96894592348ee63179754",2,voucher,1,30.00
ff4d755050a3a40c7cd03cbe7d11309c,1,credit_card,3,257.95
ab960bedab25b686fc5202ccf9be3094,1,credit_card,1,159.03
"06f2e7e5aa8764a77b596c6eb6d56fd6",1,boleto,1,115.44
"8462f0be98b582991e37cc159d74781e",1,credit_card,3,111.71
"316f3f2ab44e5ee70b0d45afcc087e81",1,credit_card,2,101.90
"9e9cfa056dcd246d1bfd47f58a771abf",1,credit_card,5,489.90
"1432d48030ced821a4afaabcfc2a8b0f",1,credit_card,3,64.52
"1f1966428c44328b7f97baa1569ea5b8",1,credit_card,1,37.88
"2a3a15442d770b77f30d1c2c02be3697",1,boleto,1,28.00
"6172afce91cfea665433203359f6d1e7",1,boleto,1,74.51
"391ec86bcb1a950ce354c51d7f0b1b9b",1,credit_card,1,49.24
"29c5a7f7a7e0947fa6d28f355cd28c5f",1,credit_card,5,194.11
"69b7bc8c7cc159eb5edc4ceb96b28c55",1,credit_card,1,68.27
"504a177139942c6e3aee4be10accaac6",1,credit_card,5,50.44
"758d8c3ddeba66a2a9cad6c8b043dd2f",1,credit_card,1,109.74
a11848157003e277da67e7700e1fb630,1,debit_card,1,318.53
a7d73128b7dc2644c342e7495ebe8e3f,3,voucher,1,150.30
"6a20f514a1f78b69741f2bddaf832c75",1,credit_card,1,39.05
"6041df98b73499d7ab29fac08814665b",1,credit_card,1,40.68
da7c8d10be75239ed8393bba1dcc4ca0,1,credit_card,3,39.41
c06efe1d3dbfb4878f8742b009d0d0a5,1,credit_card,4,78.19
"0b07e7d1e914b970ab1ee7402cddd4ce",1,boleto,1,27.70
a1a621e58a950260915df6e0b99fc155,1,credit_card,10,150.56
adadbd25a12e0e924896b366cdf22f70,1,credit_card,1,75.72
"8fc274ece82e47a7664b5bea315acf02",1,boleto,1,221.64
"64d08d57c3320c16b1e8db97bfc9b314",1,credit_card,1,73.34
"341703185940265471b257c17af4790d",1,credit_card,2,148.69
"90067425f10c56b57afe862b51284a29",1,credit_card,7,155.27
"45aa62cda08ddcf57a8d58b5fee12500",1,credit_card,1,60.38
ea7fd400a90286a0db2e0d79a18ae5bf,1,boleto,1,123.38
c83bfcbbc1e49ea80f7a77732efa3d48,1,credit_card,1,60.41
"8d9a3b767d2f523b2c1cdf4fd7806205",1,credit_card,3,109.81
d22de2b954752f441e769425053dcbd7,1,credit_card,5,266.85
"1c3b99f2a6624348fb0b733c18c15440",1,credit_card,3,266.75
"6a436bfc9dcfaf12d5075d521f38afe9",1,credit_card,5,206.95
"0342b8bec301294021371c16411b6c40",1,credit_card,3,63.16
fae78da81b7ad4a5389732f61e0264ef,1,credit_card,8,136.00
a3de4437424406c7f28308d65d200f17,1,boleto,1,106.43
d30c22b84ba5239f2ae0fc078be7611c,1,credit_card,2,114.67
"91bd70d2eea039bdce8aa710d69ad630",1,credit_card,3,199.47
"53abe7c4aed1dfb3bf25e69723fd9a4d",1,boleto,1,304.20
"5d052bba15113c0ee4700d9916844605",1,boleto,1,893.16
a698eb7ffd8072c3664a4950b259ff0b,1,boleto,1,57.11
"1573c1514d9e6b02151d3f7a1e9b0b20",1,debit_card,1,174.16
"899577f2593c989a57a6826564281737",1,credit_card,1,198.74
"5b8b540b5934e4af4790f609af380cf8",1,credit_card,3,143.20
e9fb88ba8cd6b5d1e4812dbe24d2e893,1,credit_card,2,59.24
e1b1ed7246d40a12bdb135bcae8956cc,1,credit_card,10,206.44
"94ba7fae290ee6077e0e28a4ef7b693e",1,credit_card,3,164.79
"98ffd20f7510aafde026fc41c46876b1",1,credit_card,10,542.98
"648dc66e76b48403fbe92b924982a8a7",1,credit_card,2,45.00
"10dbf624025382febb06e31b68ddd3c2",1,credit_card,5,251.10
b5d232a923d0c5bcfd5a7434173bddc0,1,credit_card,8,98.94
"537ab73bb1215513e99d2c7aba6ca5e9",1,credit_card,4,215.06
d2271c114a00d818beaafcbd5b2b567d,1,credit_card,2,175.06
d0a3f2251346c62e270f1680cbac775d,1,credit_card,1,136.67
f036b00e17fcaef60868e806043a66d3,1,credit_card,10,467.90
d9ac89619ece3b2e00c65429b776a78c,1,voucher,1,39.58
bb448c2c512a6883aa2a26cb57b6cf4a,1,credit_card,10,138.35
"0b5cb81ddd693dca629e9931e85f00c9",1,credit_card,2,107.02
b17cb553a97861363c34ba9e88fe3d5d,1,boleto,1,36.35
"6bdf325f0966e3056651285c0aed5aad",1,credit_card,1,62.95
"145b75a554e404852b520d70c50c9f9c",1,boleto,1,40.85
"9ef31a923c43ec898b3e23b270a98c1e",1,credit_card,1,17.68
"8481478249ba7d8799056856230b56f9",1,credit_card,1,106.97
"245d1537baa4ed68d968e3c0f2ca5d16",1,boleto,1,221.79
"217aad2f8085d3fb8f57ba39f8f6bd93",1,debit_card,1,259.15
"846c2255d0eedb2043aa0b3dc470f32b",3,voucher,1,20.00
d9494fe15b74723b8b3b97835ab05246,1,boleto,1,132.82
"6149381a3f89663b98bdbf7728d37cce",1,credit_card,1,308.95
"14fbf76a52909427d03caa0680a5d763",1,credit_card,1,49.34
bdd991fac5f5716c8e330b2f8ec83e54,1,boleto,1,78.73
b0c22582dcda3aaa9ecd7839d4b2ef99,1,credit_card,10,1645.82
"3ce8c5cf3d6b4356d90656b6ac73ab9a",1,credit_card,2,46.85
f0cd656fd53ad367dc70806501ef74eb,1,credit_card,2,158.58
"93fba502065017afe14eb3b3dce60a05",1,boleto,1,135.60
c4af0542c4e80ac8948b90a8e681438a,1,credit_card,2,56.02
c9203e1cece67a652cfa58cec64fde76,1,boleto,1,27.77
"867323864f390e786132fb596893b398",1,credit_card,9,94.21
"5df92b927062b1c416d780b6efaf4032",1,credit_card,1,360.54
"2283bc123debf0264cfbdef89f109122",1,credit_card,4,125.42
d0e532f7dc3f516d8fcff81b062f05ec,1,credit_card,10,207.70
e006227af733ca3bcba32f5577afd6d6,1,credit_card,1,107.89
"89739437b72ddcc97ca62d9ce338d0fd",1,credit_card,2,127.05
"08b7dbdd744f8be921b6e7f7fac199b7",1,boleto,1,208.66
"618a75a5455f1971e39c8bec6af25e8f",1,credit_card,6,418.04
f5230784f920e7820d031097408d88b9,1,credit_card,2,88.90
"34cc8cb419e5e8ffe6a5090b551dbf61",1,boleto,1,31.48
ad37eddb1c31a48b3a6677488593b984,1,credit_card,4,97.08
"02358a9949662b292e80635305dea78b",1,boleto,1,84.69
"513719ed3bd467061f631e80002f231b",1,credit_card,4,54.23
"0b398dbb3e7c81005f3c69b01488c4c9",5,voucher,1,6.64
de890ca80410c861b4fc9d398bd4676c,1,boleto,1,67.23
fc3a5c0d14700eed8dbbab76943574d6,1,voucher,1,54.22
"896ebe72d716ef0ff2bf8f7a74c94870",1,credit_card,3,135.36
"19d4b553f5c9c51a7d58635e7f5421ba",1,credit_card,1,75.18
"3ae6f437745a33a4fe67a0e350dadf7b",1,credit_card,3,83.06
"2e0f7f4c596ba8da4bd2be65336fec1b",1,credit_card,3,323.74
d2b4111f671e5684fce7ed930aca23cb,1,credit_card,2,32.76
"0d66368d8615f7b306db970f3ba475ee",1,credit_card,8,319.81
b5874324518a48132da83d062f675fb3,1,credit_card,3,177.38
edd378f5237218b9ab0d7cfb2f9fbe12,1,credit_card,1,199.08
"3d3b13a4414d475f80a8fbc1c5afd1df",1,credit_card,6,61.10
"2e7a373242af9032c112f07cf0235ee8",1,credit_card,4,2048.12
"0392a7fd15fc16848335cb8ff143a940",1,boleto,1,38.29
bc603a6df45621ccfcc195300ccf8ad7,1,credit_card,1,57.77
f2da3bee3196b2b183817fed8967a800,1,credit_card,8,463.19
"429738a6445a19289b754b8c3f0b058f",1,credit_card,3,76.65
"1468556ad5a95f57ef848cf278d8c6dc",2,voucher,1,50.00
"46d2d651f006b9b9440d1aa37d89c894",1,boleto,1,383.03
f410117aed616ae1d64d58779397161b,1,credit_card,2,172.62
"45b0b9012eea515351639078d2676a65",1,boleto,1,35.18
"10b6352081cd9c4b594e4be0c491ee62",1,credit_card,2,103.46
"718db37c9161a7d6124c332ea8780b19",1,credit_card,10,133.86
d84ff9150e7677a1de43990fff1868ef,1,credit_card,3,159.43
"4b13014a5302b496d85822e47906556c",1,credit_card,3,70.66
d33a52afa37dd9de6958cedae3be455e,1,credit_card,2,123.79
cba0deb7b7e121a54760408a83ecc42c,1,credit_card,4,65.57
"645178e45ffc3660a32e6532187b4376",1,credit_card,3,186.45
b37e0ebb8fdc0d0167ca1c58eae98eec,1,credit_card,3,58.06
c0dc40c9b75544f724446006672844a8,1,boleto,1,121.39
b0ee8cb0ccd868a2b5fd4b0f66bea08a,1,credit_card,4,47.04
a510c00bf911ad87c19350719d460ecd,1,credit_card,10,151.14
"50501e525eae308e75363c0606adb973",1,voucher,1,30.00
f1cefe8e64d1771be13b8fd8360385e3,2,voucher,1,26.77
"2f09ad56037ff5a057894d9969774c1f",1,credit_card,6,108.19
"935be32550a2544a4fba77fca77c8dd2",1,credit_card,4,204.06
"174b81b8891c8236be516fb8097f729b",1,credit_card,8,422.61
"77e0e2f3250d4f0ce9ec0e9b5c151355",1,credit_card,4,117.85
"4f7a513a13ed6efd9b603b1590b9ae1d",1,credit_card,2,298.61
"61c724e40941762318a52917a4acc55c",1,credit_card,1,34.94
"86b71e20160a9da812c97f9705d1b5af",1,credit_card,1,78.22
c496b1ddd286b59e5334364656ac60d7,1,credit_card,4,100.34
"6a91291873d8cfbde318656124eddf1f",1,boleto,1,37.23
"0749426d1c48fe5943cbdf1316ace0aa",1,credit_card,8,87.64
"5310cf324a1a27c9898c110e463fdd10",1,boleto,1,371.32
"742832acf7be7363a4480a9b4ff84bfa",1,credit_card,1,425.89
"5ba96da244b3eb9310e1f91bc3c6acff",1,credit_card,1,90.73
"4f601391cdfe2a3984a4b1680c2c3d9a",1,credit_card,1,174.11
"81694353e4bd6b9c70314404bee7367e",1,credit_card,4,105.22
"728bbcb612c732517a23c0131afc0908",1,credit_card,5,51.56
de06e436fbb3dd6e10bafb5f24ed5530,3,voucher,1,9.17
fba7187883a7973a78590253a251bd4d,1,credit_card,3,71.14
"51eb3e42940efb2afe2e7546e8bf2f5d",3,voucher,1,7.02
bfd31c6f76ff82a41e7beb05565aec4d,1,credit_card,6,252.19
"4ff9568983067986fb26a752b22004d9",1,credit_card,7,279.92
e1de983b29ef4a602a14eea41156ee4e,1,credit_card,1,115.45
e8a260d6cd7b356d0688ef3b78277eb7,1,credit_card,1,96.80
a0fd3e8622e5fd64beaf31de61399b1e,1,credit_card,2,28.08
fd98db0c60caa964759465417876e390,1,credit_card,3,340.12
"1bc1acc1a9efde3aaa00688fc9d33d2a",1,credit_card,10,273.00
"428b4bc63167af6b36e40101b3633dff",1,credit_card,10,157.35
e87af6f598445282ba3662fc3cc5c3dc,1,credit_card,4,130.57
"2ea63ebcda77acab196880c1dfb295d1",1,credit_card,4,92.38
"34d4a23b2feef52646bade360b2b5557",1,credit_card,3,187.94
ca90add006fd5298fa92071a753eeeae,1,credit_card,5,116.13
e0c8e19935331054195ca859f10e056a,1,credit_card,10,100.66
"1d56a69c61d4c1cfa98fd5379f4f22fe",1,credit_card,3,357.08
"65b776d1206b0677bbeb15704021af48",1,credit_card,2,312.49
"1ff6183537eb3a189de77b309ed28ad1",1,boleto,1,84.23
b8f3f5cc5ad4103e17b5d0bd4266d69d,1,credit_card,3,116.85
a850819097762e4dd825ae3d911f5861,1,credit_card,1,44.13
"00dfb074b5c910fbd08e04691c4b712f",1,credit_card,6,134.57
"46ad8f532d3f76a1747288a6a5a88a18",1,credit_card,5,221.79
"1ca2f6afe6ba0ec0172d795f09cd06c2",1,credit_card,1,111.67
fe9178012c726b1780a3553d7972a9b8,1,credit_card,8,167.62
cae550bd1bf7bfba357a10319a0fb4be,1,credit_card,3,78.93
"7ff3ee6ebd4a25304259d862bad701ea",1,boleto,1,95.80
ff834ecc7838d679d1cbd96ad32cee27,1,credit_card,10,120.49
"320813dcc3e72dde1f71f78632a3b5d5",1,credit_card,1,49.34
"3735720b8c1cd4212fa0866a8e58a049",1,credit_card,8,209.11
"02640665fed0e2c2cdbe0f266a2aa1f2",1,credit_card,8,162.79
"0ddd5a236d9e9023c6b2dc4e0ae35efe",1,boleto,1,134.32
"216ffdacc032ce8a108cc7c01f4ab9a4",1,credit_card,4,120.53
d7203e6dcc106b75d1515673a179c873,1,credit_card,1,65.78
bec70b7a1c8969ad58a048aa111bec9b,2,voucher,1,143.87
"39dd2e6b9da61a6882d7cf708508c071",1,debit_card,1,76.74
"4e7474d49d1ef3688ffdd819f87f8322",1,credit_card,1,23.39
fe25e6ae3200a0fd420ba45277d19fc5,1,credit_card,10,673.47
"201411b269cdeb9193946f3f26e2c0db",1,credit_card,1,78.78
"4b75f705b345b06e009842c77701f7cd",1,boleto,1,236.70
a9263deb65aa2311eebaafc5305d9ecc,1,credit_card,3,105.37
"4cce769b9c107aa99a5418c1104e0a17",1,credit_card,5,132.95
"3ff0a629f4dd40fa3b97b60531307582",2,voucher,1,80.00
da0065814b12fa0cc689f8f522629d6a,1,credit_card,2,101.75
"8f055c77c73f1b08a6c9f588657ab8c1",1,boleto,1,33.77
"760de0e8fab552d849d1b3055ed21fd5",1,boleto,1,32.38
e28ec57978089b6f7da5224e2e682c0a,1,credit_card,10,555.32
"33bfe472174712c99483919c79e837cd",1,credit_card,8,263.03
"77f769edc06f5c320e6ee92b14400f30",1,credit_card,3,107.27
"60cd7b656f5e4ace4f4b11ba6b39e4fe",1,credit_card,6,66.17
"41912407aa4f806e91639c89391eceef",1,credit_card,1,82.33
c56d2279b4db3e7028c3d647e709cee9,1,credit_card,8,313.53
af256e5861b37190d89da2ecd8dcae4a,1,boleto,1,54.59
"8a30bf14d715092cc05f458ad5837a7e",1,credit_card,3,383.72
c113870dd01779aa1c5e09b070080503,1,boleto,1,115.50
"3d5933b6831db103a3276bfa83774678",1,credit_card,4,82.69
"2fb20060c4293790e86d35ac3943e141",1,credit_card,1,61.05
d6fb3b00e9bc6f76ab18c1808677a051,1,credit_card,2,52.71
ef024a488b15cc5163a3385a3f94ebe7,1,credit_card,3,193.66
f296152f7123f2d4455e82df8835f5a2,1,credit_card,5,783.48
"12dd6fe47b1a7c9e5742662223880dcc",1,credit_card,8,323.54
"8d74231228bdbc2e89fc0125abfc1c87",1,credit_card,10,256.43
a4736d7f64163c9072e4aaeeb18f3aa8,1,credit_card,3,163.79
"6938607d864e891477d4b5d25ad507eb",1,credit_card,9,358.14
f7bb368f14fba32a23fbbf157d57796c,1,credit_card,1,57.12
d3b8750f21e85ef7a244c8a0cb8ae7b6,1,boleto,1,85.14
"4fa1f3386053fb83bfcb80df2abb0ed5",1,boleto,1,124.69
e412969c1f2644860cf80035bffa2b5e,1,credit_card,4,41.07
"3361322f379261e1ef7aa6e8e86c18dd",1,boleto,1,68.22
"4cae8f063630ed7e8cac158618f1c83b",1,credit_card,1,25.84
a58d74cd27d1a011ef6d4876466cee70,1,credit_card,1,29.83
"5480f040b65927b72574473cce844a76",1,credit_card,1,51.59
"77941f056519e1f7a848840651b359b2",1,credit_card,2,29.77
"801f0faf13878ee42788d7bd0e4c72fe",1,credit_card,6,61.01
"14269dc23af0716ff6fb47c4ee069d76",1,credit_card,4,156.63
d34eb5c929ae5f0d803924b567328c56,1,credit_card,3,96.88
b7f8b0ec8242c32730504ca558390211,1,credit_card,4,135.39
"5b5028d53cd0fe5647fe4968399194aa",1,credit_card,6,331.68
f599acb00d4cb6e90d83d34a56c71ded,1,credit_card,4,377.63
db7c1adfe423878e28b1e27431efb880,1,credit_card,2,157.13
"385c8818107c6b6121324f1498d0c64e",1,credit_card,4,132.38
"35d0b7a55813500142b572061fb539cf",2,credit_card,1,18.88
faeeb4eb4150e4e1246627ee36ae6f60,1,boleto,1,68.22
ddc162708923f29398f06661ac27c18a,1,boleto,1,99.90
c1c753c55cb7181eddb84c646d0ee51c,1,boleto,1,45.13
c96eb9c4da11e7df402259beeb330f15,1,credit_card,2,117.24
"0901941512e5bef7c9fb39452262234d",1,credit_card,3,90.88
"4cff7f0b5c2c6d7be3f10d0d202cbc2f",1,credit_card,6,370.60
"50095280c67784024321b92405711172",1,credit_card,8,127.14
"0cfc3c9271c77a02846073d54b147bf6",1,credit_card,1,118.42
"773f350ab7f485f0d4aa1a095820fedd",1,boleto,1,43.09
"626c5c9bfe704ebabd98974ff8307803",1,credit_card,1,45.86
"78b2a06f2611f8e465bdb69eed02218f",1,credit_card,3,122.43
"54afcb850639d95181bf3ee674f97c25",1,credit_card,1,30.00
f4bc8c5c2d0700575efaf3a5f913bc65,1,credit_card,1,90.06
d04051e8bfce56a92e0834faa72d7a7a,1,credit_card,6,374.68
"7139cfc52657eafe990b5b23ed163482",1,credit_card,6,133.76
"1b18059100e6796d8551306a1876fc09",1,credit_card,2,21.28
"6b7c5703bdc03335b37020877a06625e",1,credit_card,1,79.20
"517bd49d869100558362e70c45f13dd5",1,boleto,1,265.35
"309794e0d2f9371217ffd850943a9dbc",1,boleto,1,54.78
"11e75c2a931a2968007c44bddf001102",1,credit_card,1,609.66
"0764f8b9a45b0305b75e1bbd614ffaaa",1,credit_card,3,111.25
"260663e19dcfde94518d21b2dbde37d9",1,credit_card,2,65.67
"5217800f8025b50bbddf0d58461486af",1,credit_card,5,56.92
"8d5fc2fcba3c7e7183a3c20d1dc7e591",1,voucher,1,88.94
"75473283e7441a8d1a9c8807fafd0f2d",1,credit_card,3,205.68
"011667ae100a333a3051c9a23e3f0283",1,credit_card,3,42.09
f8e1c556dbd76c6784f4283973f0095f,1,credit_card,8,114.04
"4462bafbef3a623e13088c31afb8d976",1,credit_card,3,148.75
e3cae08b363cf005d0fb962883122e57,1,credit_card,1,77.57
"1cfb210fdaf81f98065605323fe31fa3",1,credit_card,2,96.80
"1e62c84c858e09d44e8612fd6efeeb32",1,boleto,1,250.84
da1bf4bd73b666e0f4173221301aaca3,1,credit_card,7,148.23
bf11eca40b14cb59b17fe061d025c8a3,1,credit_card,3,184.31
"08fc40afed49b10079c4c6a31ffc093b",1,credit_card,6,156.22
d65585ccd99c854db1f1ff1618ddaed1,1,boleto,1,60.73
f20da7723f4f27767d18d8039dc8fe6c,1,credit_card,3,310.18
c991b8532e7abe41bcfae9b0ae4e8f45,1,credit_card,1,11.22
"97abc984480b7b063adb9e32e8bdbcde",2,voucher,1,5.10
ee27c5db38b1e5eba4ca12bbe0cef731,1,credit_card,8,318.00
"13560ce213996d123d92f607e1ed93c7",1,credit_card,4,99.90
"8d28d85373ccf5fb9599d6ca20552f48",1,credit_card,1,47.62
"8d8643b7344d206920590efda8cc5cb7",1,credit_card,4,316.85
cae187387a603b42f02280dffd8d2390,1,boleto,1,104.73
"9d055ecc79e567092196d9511b113990",1,boleto,1,106.90
e96a7d9b6d30b44304ff2cce1c8d83ff,1,boleto,1,69.44
"5f968bf751ef3bf1bdcd3a675b10b6a2",1,boleto,1,29.10
"6b5dacee2e42b0fffa4c671e7ffcca06",1,debit_card,1,179.22
"9c9353e8fd52f68f8442e580b5f2bba6",3,voucher,1,57.92
feea392f967ca802356423ab50673a92,1,credit_card,10,130.57
"23b9942cd2a096775ed2ac048559bec2",1,credit_card,3,171.24
b293643d38b49d3f824bc6be2fece99e,1,boleto,1,286.42
bac5dc94cc5dbf0810f1919c2aac13cd,1,credit_card,1,79.24
db72d4b9dccc8768cb8691e888ae7f5f,1,credit_card,5,119.45
"03368cf33950e57f7da415d43f792e0d",1,boleto,1,126.02
a7e3fbb3111b4a3c0907fbfad7690ffd,1,credit_card,3,566.68
ab236b4e1403ed5ace5c91a4d05b81a8,1,credit_card,5,282.01
f180dba4614531e3f5a7cb56b99072e4,1,boleto,1,33.17
"41eb344f9cf7ac9c3e8decf5214f188d",1,credit_card,1,12.32
f739e2e689094dfc943626568da074aa,1,boleto,1,796.94
b2fea8ff370123b5e89bfb2a213123e3,1,credit_card,8,259.46
af2a45bf678ca2d4d9f78d43503d0cb7,1,boleto,1,148.20
"12cd98b885d11fa8260badce51a54ba0",1,credit_card,3,36.49
"9a5e5d874c534d0b37b7cb88c276dcd4",1,credit_card,4,201.04
"34f4394bcaeb05083b670513b73961c6",1,boleto,1,179.60
"53b788f7cb182a99dbcf654bbdf21933",1,credit_card,1,93.20
"6047b3a832a41b60705327fcd2644679",1,boleto,1,71.53
"7944a40f993592120589ebe482ba7b1d",1,credit_card,7,76.05
b0f282feab66596e7100f9baded8b54f,1,boleto,1,80.13
"4b21051fef724a86e4d984ffc12fdd99",1,credit_card,10,264.19
"27a78fdbe7b915a0596af3a5803a41cb",1,credit_card,10,246.42
"5bf1e013121cccb5a168c91859a243e7",1,credit_card,1,118.28
"9c8b1a249b8f2acf28a69ae5526256c5",1,credit_card,2,21.77
b0238d84c31a9da40adc77dac0a117e8,1,credit_card,1,47.71
c67cd7b6cbafcdaef31e33d7461f9e29,1,credit_card,1,320.53
"6149716112b7db1b76332e704d944cbb",1,boleto,1,61.75
a9f2b777e3bef22265789c831c1bec2e,1,credit_card,6,313.53
d2778bedb92f5e0d8d10a0a7c3ffd2f2,1,credit_card,10,975.92
"06a398a5e672222b10f098541b70da76",1,credit_card,3,92.23
"94edaa9af5c54b9d05b8f3ae40bef478",1,credit_card,3,241.82
c6624907a0776d1385446872873d5fcf,1,boleto,1,99.43
c2ded85cef2074d052162eb8f47520d7,1,credit_card,5,207.10
f76b26cd77226ba5e1e3c800cf1e6ff2,1,credit_card,1,81.74
"1d54af1bf3179b54f046212de28f8bc7",1,credit_card,3,98.56
e8fba7de8823194ccf9c1f2d52123bee,1,boleto,1,77.11
eb6ab30cb30bdde1094fc3b0ee26a2d9,1,credit_card,1,306.51
"3cd99cd38f3f27164941ce0ade8d2a5f",1,credit_card,8,181.82
ad0d46c22c5a9dd2699f5142b1882f5f,1,credit_card,4,96.93
"06c2f55902daa48386515225a766e7d1",1,credit_card,2,116.36
"6bd3baa0af5fdc1f3fe70a01055c597b",1,credit_card,1,100.43
"5a648bc4d784434ae63666bfecf66be3",2,credit_card,1,24.81
c2c1d5e4d5168620dcd230dcc8f4130c,1,credit_card,1,150.66
"96e4e8d7578138ee620bd65cced420db",1,credit_card,2,157.94
bd7e01b686605ad3276d16887069fdd7,1,credit_card,3,68.62
ceca47d82e889cd6dc7b1fcb59e79df0,1,credit_card,3,31.75
bd1befc72cade5c00562b4bfd1a85485,1,voucher,1,55.00
a0354d5eea0fdedb4be2c434273cf139,1,credit_card,2,94.12
e0e210a3f0dfc7642e0cbda856590eb3,1,credit_card,1,73.44
e3986fbe94481f46e166546a83cf8bf0,1,credit_card,6,90.88
"7f9fc8aa08f1a4a7f9ee303ad5c6a22d",1,credit_card,3,61.00
e3e3076028a1d6f3e94d131d5ab69014,1,credit_card,10,527.72
"9e939267094b3b0e45de3c2474f4c879",1,credit_card,2,63.10
"90f864fe19d11549fa01eb81c4dd87e3",1,credit_card,24,588.58
e3027423471c37ce2c9097bdec11b19d,1,credit_card,8,213.59
c39ffdd77f5ddda482650795f30f7aac,1,credit_card,1,50.24
ca1e3b1d345a9808d206c244778976eb,1,credit_card,10,144.54
"2bc74c35ed9306f5b5349454f3fbf321",1,voucher,1,95.02
"8efb790e87787df85c5be5757d1432c0",1,boleto,1,52.29
c8f48cead5aa6153ed4e86436420bf34,1,credit_card,1,9.23
"8866ae65c875985acc6fd5772fa8e4a9",1,boleto,1,68.23
"4fa562ccf4105ec42bf3934fcaf418ed",1,credit_card,1,283.00
"05ec7d4c58b47c6c3249400c512851b2",1,credit_card,4,86.24
ea1ac32e51a066d17b2ae8647eac38a8,1,credit_card,6,133.76
f83c07d038cf7ce0132a5797f823e4fe,1,credit_card,4,219.63
e283c10328ca0fb0f25e39ba74921bb4,1,credit_card,2,138.72
e0258e674c59ea50961e9ec45f97b08e,1,credit_card,5,136.99
b1790ff077b7630f790bba65c012c64b,1,credit_card,1,155.23
fa4c59a94711decb9c0410a0e7f878bc,1,credit_card,1,32.67
fd856e3b03eb3e97aff228fc3914ae39,1,credit_card,3,162.14
b8739e2347eff7c8473c5b9568fbb221,1,boleto,1,70.89
"92be217451e443e50d816ab21286d00d",2,voucher,1,72.43
ef40203169e7aefdd11556dd6629b657,1,boleto,1,218.73
"2efab00b70c96a73f5fed910d373957a",1,credit_card,8,252.26
"38d544a25d70fdf56f6630a9bcf7f82d",1,credit_card,5,410.61
"61b73d6deb118dad91fa0cca4365e4dd",2,voucher,1,16.04
"8f32ee82ea0fe678bd4aae681f1637cc",1,credit_card,10,244.15
"190a104710f7a653bd65f673e8f5ba11",1,credit_card,6,111.52
a235dd3be106ba5b2ea4610274402898,1,credit_card,3,294.15
"8ce77357a26f31660e1450dee7900897",1,credit_card,8,369.92
e3ea7db75c57be6a3779176cfa7802c3,3,voucher,1,41.51
"6fa5088dcf950909aa3c2001eafc4106",2,voucher,1,37.46
fa77901ba32818c037de356056fd2a6d,1,credit_card,4,43.27
"54c2d9b070b38364a06b2b3066032112",1,boleto,1,130.91
"523824180b3b651c5d233b761bdd7597",1,boleto,1,73.15
"011abf147a69ba486bae3a74b6cd1814",1,credit_card,3,296.71
"2d8e71bf7d31a41d40f122c8173fdf06",1,boleto,1,96.16
"21b47da23dc2187f6da58dfd7698faa8",1,boleto,1,163.24
"046022868cf3fa04a308811fd6b0b282",1,boleto,1,51.44
"6432c54782ac5771915214151b143975",1,credit_card,1,322.02
c78b306b7a03ebdabf44e1d351f83427,1,voucher,1,72.66
f71ce4353d49d780b5d363ebab16ac65,1,boleto,1,62.01
be62a7e48d2d0a10e3ce4d03e737843c,1,credit_card,1,320.58
"6cdd625fb7db568f0f52136d0a8374a3",1,boleto,1,97.18
a294c654ef8ddfa4587ab732ff8aa101,1,boleto,1,32.38
"1c975752f5a57d5899c8d8730391ae07",1,credit_card,3,339.48
"91fbb4bf79cbb5c19eb018248c0fe683",1,credit_card,6,86.06
"73df5d6adbeea12c8ae03df93f346e86",4,voucher,1,5.48
c16b33b318036905a37290c0c735c522,1,credit_card,1,37.80
faddfb9dace8ba5f745e2d730123b885,1,credit_card,1,37.13
"51b6e7c8009e9e7ea9b8382a57bc36bf",1,credit_card,10,293.76
"1c48d9b0f20275684de911afd11024f8",1,credit_card,1,37.77
"713d50ddc8c1a4367d76bf00bdf4d150",1,credit_card,3,107.10
fa65dad1b0e818e3ccc5cb0e39231352,2,voucher,1,8.51
"3426a8ff7d6108c541c7edd4ede5cf18",1,credit_card,1,240.60
"6368c8705f72b986b9fd5275b759e5e3",1,credit_card,8,80.21
bbcca9e5415969279dfcf9cfef7d608a,1,credit_card,2,711.57
e96316295f9dac5e936626ee32d3b05b,1,credit_card,7,75.79
"7736e9fe1d1c7d942e10ec7e57e94bbc",1,credit_card,2,59.80
"2e7b020eeca2d5b86d5263a996d540bb",1,credit_card,4,46.22
b149455fa7496682b0416179a74cb8bb,1,credit_card,1,51.09
"40f22b552ee940dd1c4c37d90ff60808",1,credit_card,3,83.82
ede1ae813d155e5d908cc6209fb95301,1,credit_card,1,74.47
"17a39edc59d79318c54904f59d6f4b81",1,credit_card,2,51.79
d92a01f95189ea01e9fb980d9620cbe0,1,credit_card,1,56.93
"909fe8229847328fa7b5fa59b253ba25",1,credit_card,2,85.49
"05b44fc08ced0af18eba71e859288f3e",1,credit_card,1,44.10
"8eb1944a7a10d25d432ce78ad46f3436",1,credit_card,1,116.45
"98a1fffc0c110af1abb9aa2d4af96dd3",1,credit_card,1,42.47
"24791bba1a08147c3b660bb80d0de8d3",1,boleto,1,32.10
ef695119f97b2c8165bdf9688b5362b5,1,credit_card,5,110.02
"86d4161fe71f1209143ca255d8be20e4",1,credit_card,3,239.50
d5ef6a5136e7304fb5d70dbd4cfd3054,1,credit_card,1,182.95
a8cf68ff08fc00910fdb589e444e23b4,1,credit_card,8,81.14
"08b54ba8454bed7d08802bc62e33fbc4",1,credit_card,2,108.21
"52213ce438ca7a21ce81bc3d48a3d4e3",1,credit_card,1,69.90
"1ecad0e8ea57760ebd5ea7863ec48b06",1,credit_card,5,494.46
ad49f229e233b39202eb79fdc1877074,1,credit_card,2,36.70
"80ed5c72f5b84292602ff0184aad2385",1,credit_card,2,65.35
"774ed7074481469e47592b5b0502efbe",1,credit_card,1,55.85
"7611315a76580a81e6f86cd62f4ad994",1,credit_card,15,392.94
"14a031b045ef8ce4a2b6e08d1fc5623b",4,voucher,1,6.82
f351ab7501d0f1d1874843df793c2fa6,1,credit_card,1,81.96
d192eacb35dd2f0aa30709fe7560ee4a,2,voucher,1,38.99
fd553da7e8c2b075f67da11e409e55ca,1,credit_card,1,90.34
cf8e0bf248046a2be2b5ed74b01f98b2,1,boleto,1,181.81
"174ea733f2e5d5f7a5e720311acdf27b",1,credit_card,2,120.88
"02b7e7c49710de373ce4bb83fd4bf81d",1,credit_card,2,67.30
d2992524597d2321e4601eab098c7791,1,credit_card,1,67.50
"38291bcab22211eb312fd02756c288c1",1,credit_card,3,135.08
fa0516e60526f3547106618fe2482801,1,credit_card,2,24.34
"4c093f4ead050e56e7c9087f8530fd21",1,credit_card,1,212.84
d6058929a46a5ce35d8b31986c2d3b28,1,credit_card,3,83.94
"1f80f090b1ce8bf6ca20871df5391523",1,credit_card,1,20.29
e6fc4ea08434b40ac98a0cb284e5a8eb,1,credit_card,2,43.98
da48c3a7c7a54b3a4fa8e4f0d0a0e49a,1,credit_card,1,128.26
"66ba1f6b62ce41c1e795df867682d1be",1,boleto,1,190.88
"27a70a8fdf1c9edcfa01d463b45a5b03",1,credit_card,1,78.58
fda14ed39c4cbf5c218cad0c470ce3be,1,credit_card,7,390.77
"7bcb99610f15bdb8d701787bf59f0c25",1,credit_card,4,48.22
"1648b503676883c70854279700e3cfc3",1,boleto,1,65.79
f3955393cd2c16c9fb4d96a3013d4adb,1,credit_card,3,124.46
fc3830b4f000e216dc581df9a0e873e2,1,credit_card,3,72.14
e2996995ad3333a8bacc03c5a03e3a69,1,credit_card,3,217.06
aa120c892f79c1304455344f05773ac1,1,credit_card,1,45.82
"34c2654b609f57f294795b5131b7c7d9",1,boleto,1,90.13
"93cdd227e63b8b0bb8bcd95f462ef565",1,credit_card,2,34.91
"9a3f1cdf5909e7ed3b0566e9ee3f1618",1,credit_card,1,212.86
"637143b11a1b8c86d9e349f19ee9a1f5",1,boleto,1,54.00
"3ec6117e5d156dbc0eba20cf16eac9f3",1,credit_card,3,32.77
"4ffd6039e12a24d2083cd4a4dda4791d",1,credit_card,4,257.11
fd5e05293e4e26b58d7cd6c75c7c9aec,1,credit_card,1,47.09
"7322eb240863564b9a92ae395b476be9",1,credit_card,1,87.64
"74f833bf7c70ce8c3f820f725c213e1c",1,credit_card,4,101.56
"160d1364f477494647a995f6bbec0b5f",1,boleto,1,158.77
b0093da736b851f4cd1cea686d4b1018,1,credit_card,1,89.46
"1801c6babedcb89ced12ae5f6352f787",1,boleto,1,364.75
a2d01a5078b6db733e95d6ab9ed4b25f,1,credit_card,2,69.73
"8726f6a81f4ae5a390e7e638a31e9a21",1,credit_card,2,25.38
"245ac19080f071a4ef95b0aea0038fcc",1,credit_card,1,38.93
a3a0548064c8724d07f841bbb1e256f1,1,credit_card,2,151.33
"719769cb35a220eca4b7e96e588c6a19",1,credit_card,1,51.69
"24b2265078f470c6e64f81625408f93e",1,credit_card,3,149.84
f5be733557bb83f09c694272a7d21d74,1,credit_card,1,36.39
"8315d20efd172922fe1c655bd46f75e1",1,credit_card,5,102.12
"6b0918aeb353fa97d8df7b685c19e14f",1,boleto,1,161.42
"10f34fc8a567488225794fc598c3c9f4",1,credit_card,6,143.92
afeb3354fc3b7d5c309239667cbee2b8,1,credit_card,2,102.64
a74094da6741c43e6cdd5fc25ca3ff98,1,credit_card,1,309.84
"3206db48a35131540e67f96b35a30ceb",4,voucher,1,20.00
"5bfce111a3fc0a622ab552626165ab2f",1,boleto,1,197.30
"49e76d6a1b1f9ff4d04f85b2304ad378",1,credit_card,8,164.63
"98b44f8fc418ac64b3d764d949a94cd0",1,credit_card,5,577.54
"466956eafdf33e09b80a44e188ceb5b9",6,voucher,1,21.87
"51f25abb96730e972d30b6fb22e2cde8",1,credit_card,2,101.77
be9352379a16b3dbe8ef3a66a85b656f,1,credit_card,8,150.44
"594f77c01c63636e30fb32025939df9d",1,credit_card,1,76.09
"0372d2e3d0ac2600aa8e08e6c46cb7dc",1,credit_card,4,76.65
"807baffb5f8bb605f1218ead428cd8e4",1,credit_card,3,77.35
f717c8f177b0e2927fb48196bc6b6383,1,credit_card,4,52.13
"186748dbc47f9d6cf119fe3ce8be3ea7",1,credit_card,1,84.11
"9761e698e3d390c91d88364fb6a5ef11",2,voucher,1,49.90
cf0ace73210bae94d34fa3df6476e623,1,credit_card,5,53.00
ff543157c2f72dec558dfc734cfd46f7,1,credit_card,1,169.83
"56286095ef8730771df8d223978236ed",1,credit_card,1,46.13
e4c540c341b9a50b1a1b28e71867eb5b,1,credit_card,1,560.57
"8fde182213914d24ed0bb9d4b02371a0",1,credit_card,3,157.12
"8603de8fb5551ed7faf81d2a31b8bf0e",1,credit_card,6,603.40
"28443792b60e1229531d828dc74087ff",1,credit_card,3,399.38
"89dcf119ac3433da8745b713ac6e1e4d",1,credit_card,1,74.89
be0c42b7b7e9edd961e7d70426720a0d,1,credit_card,4,53.37
"06339e75ee1b614953aef978ef01d766",1,boleto,1,64.88
e239f429ea5c15f21824633bf737793b,1,boleto,1,175.75
"27aeddc0f8afd2314aeacc0d0cbbb5e2",1,credit_card,5,370.72
"8c4bbf2fb218d1ac2fc4fc082c238d64",1,boleto,1,144.56
"3c0a8fee9785ffbf4381ff1eac0d220f",2,voucher,1,100.00
ad0601d72c6f5d20f194290cb517e6e4,1,credit_card,2,165.25
f6159576a3c6447b217c3b0397b97e06,1,credit_card,2,101.24
b70b8b3007ddfc929dca4a5c3a183853,1,credit_card,2,192.76
"6f8c85df8511665fc02773d5eba0907b",1,credit_card,2,187.67
"7d7688ff6a1534fabf84c9dc3f8b2c7a",1,credit_card,1,226.16
"956e905489c92b9c9478e8bd23609261",1,credit_card,1,77.79
b574a73b303733045a8adad4c30d7add,2,voucher,1,41.00
"5e0d84280f3a96b37d0228b21ffeb4f6",1,credit_card,1,139.66
eea5cc5fc9932c98e7bc8a58c32da4f8,1,boleto,1,37.61
a7a879d8b939a94c51efe626a61f3d59,1,credit_card,1,77.64
"9280325355a6fe53fe67ef8c3418b638",1,credit_card,2,48.19
"3a842b225282ff435d63bba66a7ca5e8",1,credit_card,3,113.62
"6654e58f005c8a4b26a13bfa094b1ec6",1,credit_card,1,55.09
"832e5f3e2e98919a84d3e224bd9c21ed",1,credit_card,1,141.92
a204d9011aaf7ab9a3d11c56023e8eff,1,credit_card,4,194.48
"378e4ea286514bf3ca1356670c708ac2",1,debit_card,1,40.04
"8dc88c2e364c9253fef2d8348a638d82",2,voucher,1,100.00
"277006d8d593850cce4c18ce1c9a136a",1,credit_card,1,35.84
cb00070405704f99f49cf9e9e2794c77,1,credit_card,5,254.01
"976843b1cee7809a5c79f63a3c9b3222",1,boleto,1,883.29
"9f4fe1d7e457d205247793f5b21dd706",1,boleto,1,172.33
"816d7f5c23756d3a5757a2b8364424c7",1,credit_card,4,52.36
"7c2fcd2de28fdcb260060d733f5ff8dc",1,boleto,1,316.31
cb786e336b90d89a8d570fd0f698aaad,1,boleto,1,142.44
aeba924ab4196ee9a04164f22278f117,1,boleto,1,30.27
f33b50da379ff892a3ad9d9fc6fdf23c,1,credit_card,1,66.64
"17ece7ee59d823d55795a356168275e4",1,credit_card,2,222.11
c65f69d345be67d95161dfce89c2c1a1,1,credit_card,1,193.81
b54fae7a3880a8421f9f38a8aba5e745,1,credit_card,2,147.70
f6c4a5c791463c73a7b292929c88ecab,1,credit_card,1,53.10
fed6eb3bc0bf436d4f59e87714170a38,1,credit_card,3,74.49
cd1c59db504eaebe7f53d4cb13b5dc1a,1,credit_card,2,65.79
f311dd8468b0b3ea94823b43c7708951,1,credit_card,4,104.37
"05857c3db4187fe99fe1ae8b69747ab3",1,credit_card,8,430.10
"2300a8c3ba62aef5b16cb1c8c95710e4",1,credit_card,2,259.19
"8fe62374fc90eef8870d0beed6ded1ae",1,credit_card,1,1628.07
c2339bbec3aaccee5dfb887e03903617,1,debit_card,1,189.00
"4ca85f4678311f4f2ef6f29382fb7e65",1,credit_card,1,34.12
"6d53ce2b0f6fad419567b5753de43a2d",1,debit_card,1,69.54
"71119930004c36d94916e3674d12741b",1,credit_card,1,33.11
"09cbcd1a5e559da522327abcf7e30dda",1,credit_card,1,47.13
"25ef8d6057a60c24d6ccd6fe6c5a8633",1,credit_card,3,36.13
"441cf7155f976d42536081646f9f4714",1,credit_card,1,47.09
"055e4873984d5da3b7d65dc86a3c4149",1,boleto,1,206.99
"17b8e90e60f4d19615b77562e40de425",1,credit_card,2,155.07
b9e021cd678385c5fe5e9ef35d5bae49,1,credit_card,1,26.45
ecf4a4c673715759b55b3be3a8ea99b2,1,credit_card,1,105.81
b2bb04e94ed5f8785791697f33fce452,1,credit_card,2,267.74
"730829b3aeb0e111d1d9bcb2b04c3179",1,credit_card,1,147.23
aafc642ce2d657010c46d929998e5bd0,1,credit_card,1,311.12
"297cce15c34916477e3daa6b59db8a67",1,credit_card,4,423.18
b1df53a4660846754f7bf67df104f6de,1,credit_card,4,281.96
"0309a18e1e836baa9cd7289da085b4e1",1,voucher,1,49.29
c1812e7a79c6b129af4128c0474ea917,1,credit_card,3,102.98
"172482155d13fc27c9ee15df2cc7913b",1,credit_card,1,53.51
d67b79fea59821fda4d363d337a56c3a,1,credit_card,1,69.07
"0551ab30e952cbf19e26f0f6baab13a6",1,credit_card,10,328.59
"5bab7c41f1405d62a214dc3648c37e1c",1,credit_card,1,49.67
a8604cab2666019a362125208e616446,1,credit_card,2,39.38
"4765a33a4ab50002a81f461694f64563",1,credit_card,2,140.40
c7a7200ede6d21b5eac67705000af954,1,credit_card,4,188.37
"3a129877493c8189c59c60eb71d97c29",1,credit_card,1,14.12
b32b873f99e4025c2e69eed86c1bcc97,1,credit_card,8,675.86
"70e028766affefb2a0c1dbe2cc075f2a",1,credit_card,1,294.75
d147b8649ff39d53cabf136b36c79a13,1,credit_card,4,240.58
"1aaf27bab389531a50d1a6b86c24e6b7",1,credit_card,10,968.93
decf73db7f53552bc92e1720be4f0995,1,credit_card,6,100.19
a4f3a3f57f483a605280e1e66a6bb18b,1,credit_card,6,378.74
"3ba0099be6c2011cb3eb986b4e0a8efa",1,credit_card,10,173.88
"81181d82c573fb30b92f2af5153bb1d5",1,credit_card,3,184.83
de28a54bc18433e783cbc37da59763e1,1,boleto,1,56.03
d2bde0599318c433d8e3420c8f65427b,1,credit_card,4,42.41
"65fe9601e997715486ad2ee69ef378e2",1,credit_card,8,167.82
"45813887fd6188f1ddaafc584e417a74",1,credit_card,3,32.77
eedc6468311e8bd6f486d10ceef187f9,2,voucher,1,114.41
bf8569849cf96423f89a59792c83184e,1,credit_card,7,157.79
"57e15b65e74748b2b3c1a146dc123d1c",1,credit_card,2,77.47
"96c1729a2b2307326d6f7b1fc6c8d27f",1,credit_card,2,112.05
"587065077b677088697c8e99e2c8e273",1,credit_card,1,2.74
b86aa640f28555eb00a59fe9766eff4a,1,credit_card,2,112.35
"56805b4cf0ebc9cd9f7619783cae47e3",1,credit_card,4,225.25
dd8be73e85782b63839fa3ef40ac6710,1,credit_card,5,174.21
"1308ad90597fb922916cd20eda3d53b2",1,credit_card,3,303.19
"607ee697173850d7eb749c1fc01be313",1,boleto,1,27.23
fc79bdcefc8fbd9f44f8cf9633793359,1,credit_card,2,23.86
"6bbc91e028da6d54999b583c9be6e413",1,boleto,1,47.87
"5e4e76184590078f03b12505677f1946",1,boleto,1,270.09
"34c109afdbe68c271dced774877af8f3",1,credit_card,2,48.00
"60c04fb9105a3236a696e2d75685daf8",1,credit_card,1,46.00
"75c65b37911c3543a4efd45a45ee4a92",1,credit_card,3,130.17
dbb785a23b8cf4ea6c911ed7b6aacc54,1,credit_card,2,139.88
"7031b05cc11f30cbe06d8ec8ab1b58b9",1,credit_card,1,52.27
"39278e2718c6f2a7b23e42f955318fcc",1,credit_card,1,45.46
"74c951ce0835b2741d3014321ae9c480",1,credit_card,5,139.56
ddb831adbe504c02601f03328420af4d,1,credit_card,3,192.80
d407f6aa0355a8c511f0bbcf52259730,1,credit_card,1,41.36
"4ae524821b5a89c26637f2dbba54c40e",1,credit_card,1,147.37
"7fb6586ab530ed69383ddde20ef388f9",1,boleto,1,53.10
eee22e7ae5b24692de4cd3c784db660a,1,credit_card,5,485.15
"6332fe107a5380313f3f40acc5823b90",1,credit_card,1,76.11
"27c9a7fc93005e3344a0c1ffa6f931e2",1,credit_card,4,45.09
f98fd69be8fcd65fd0c873c48e21bc44,1,credit_card,2,162.91
"7477cb986eef32aa23035fdd22ed27d8",1,credit_card,1,221.16
"42ccc07cc09ff8b0c392b43f125ae1d7",6,voucher,1,20.00
f50852b20857fd7ff56126315745e45a,1,credit_card,1,24.79
"3837316347c6731a7368bd44a3b613bc",1,credit_card,2,77.57
"96c85fb240067205674e99425c5df3de",1,credit_card,1,146.56
"54c158b7244a2d0fcb90916d6b65ef61",1,credit_card,1,165.78
"16da87fa74546020a5f0a6827959e160",1,credit_card,1,292.98
"0c51a7661156c6f9ae61b33610dca175",1,credit_card,3,118.35
"121cd10b6fc65a5c63862de57945f732",1,credit_card,2,341.02
f584750a7d396178965d61cce2bf2c9a,1,credit_card,2,55.24
ef09e0c5ee546ca303e96e3fe4c0c435,1,credit_card,8,320.89
"7bcfb6639ba008fcba63f5ffc157caa0",1,credit_card,2,137.53
a7085f9fc8c35a99cbd99a1becc1f7be,1,credit_card,8,313.39
"43e16679b4c9df0ae3d5fefa59a34ff4",1,credit_card,10,431.06
"789a3ab8255ec03e8e36907cf6d688b7",1,credit_card,8,156.33
fc5850037cf5ed63407d1c26885ba778,1,credit_card,3,36.36
"879875949eefeefb6dc391cffaa010a3",1,credit_card,2,345.23
"9566b36fbba7756a79b5d2cba4e058d9",1,voucher,1,85.52
c337be7e160adf73d51a64678b8f7ede,1,credit_card,1,58.67
fbb1dcc23c750e40b43bed6f5dc230a1,1,credit_card,1,126.33
ccfc366f9a65ee1750a938bd18aa489f,1,credit_card,4,46.39
"7f8df73aeab603648dec28a5f6cfadc3",1,credit_card,10,1803.24
"8e3e95c75ca8b9168011d70008721a8e",1,credit_card,2,175.08
dfc62a9be450bc1488b82749356c90ff,1,credit_card,4,182.94
ff69de2237431040b7e8d1fcd79c0a7a,1,credit_card,10,117.76
"0c50644a967084c645a3bfdf0cc47545",1,credit_card,2,27.73
e32d1cdb3683251a688c82d4a2dabb47,1,boleto,1,135.35
"05108247830e6abf604da38aff20907f",1,credit_card,1,30.29
e7edc87c7e9b1ae5ef04110fba7debf1,1,boleto,1,550.17
"7ecf895a86816395ae333859b2c7bd7c",1,credit_card,1,74.51
"830f207231f6336678cc44594aa941d1",1,credit_card,1,60.65
c608468eb1bf28d4f4e70d4f38157357,1,credit_card,2,56.15
"95c8f9cfbfbc4726a1a3f3405b1ae666",1,boleto,1,168.37
ae5fe00be1af79fd3662e2696e3eab95,1,credit_card,5,117.94
f7fad682a022f51cd2cd7355ae941ba4,4,voucher,1,14.47
"9e1480254968bb91a2ec2177ab6bb05e",1,credit_card,3,440.19
b37e66984bc386101154f129feee1830,1,credit_card,2,147.55
"707ce8d2f93336ab1524c11cdb659bec",1,boleto,1,58.22
"087a1c1dfd41b68ab6a6cd8551147bb2",1,credit_card,1,35.36
"414cadf0b930cce31271e8d9d6c1da64",1,credit_card,1,49.40
"861fa2fc596992bd6ea8bbf16cce85a4",1,credit_card,4,181.29
"443cff258a277bb6451a8357fcc7f43e",1,credit_card,4,130.00
e17e4f88e31525f7deef66779844ddce,1,debit_card,1,18.30
cc204c830046f86bf426b21e59e1e1da,1,credit_card,8,236.00
b25a9b5820cb66ccdfaaef99e366bb19,1,boleto,1,44.78
"290b12fe53ad224d4f2ba8f1eb54a8f1",1,credit_card,1,77.66
"44d1b486970419d4e0ed66e154ece21f",1,debit_card,1,738.57
f64e2aff8ae7de23a6aaeb7b7dcf8bec,1,credit_card,1,167.73
"2eabf18a592d25bccb2e8778a7ea08e4",1,credit_card,3,610.80
aa77456ca20becffcb4fa5a88e21129f,1,credit_card,4,63.88
a05ae67f6ad2b945b17caa9fde78c4dd,1,credit_card,1,59.09
f0bd83bfb957e7a5536e388fd49f85da,1,credit_card,1,32.23
"555256eeec3c2ec4e64208bfad2ed800",1,boleto,1,14.67
a72128c306bd3fde78eb4f32b6360d86,1,credit_card,1,22.97
e3e9a2046c37eea9713341a3994bcf52,1,credit_card,10,828.74
f083654dfd0f9ad9ae0356bf7c68f246,1,credit_card,5,317.53
fa292754654f17a208c5436bbfb8e18f,1,boleto,1,80.20
"04a964d023c9a995e1dea573959fad67",1,credit_card,1,143.20
"443a73a22cd4e0078a47c275b358b786",1,credit_card,1,88.26
"686167f2fe956e81a6bbf02cf8885516",1,credit_card,10,152.83
"32f7f9fd01c6b5592202b48442caa441",1,credit_card,4,40.00
dcc0ebfe0fa59c24fd859aacb8e1f2e9,1,credit_card,1,33.57
"9c365b96e7181fee770fac0adf79d118",1,credit_card,7,147.53
"723e504b15ea4fbdaf6b550717c24b93",1,credit_card,2,137.08
"516e3648149f506769d0bd782e42e90f",1,credit_card,3,131.65
"679d507dacd35ecf587d994177d06871",1,credit_card,3,37.71
f8b5b03c257fa65413876c7417959439,1,boleto,1,67.44
"9c0fc2500f7b845dd500f0a3a2520c2b",1,boleto,1,176.88
b96a0998be02fcdd701b834f5d66f235,1,boleto,1,166.33
"4f80c4f6e510fb8a22b31c912541de1a",1,credit_card,5,56.06
"55dfe839c1db3060005158c694bddb4e",1,credit_card,1,79.98
ce1102192008032289474c932a4c241a,1,boleto,1,99.06
b4e9e179195a7cee910bf458c5b6e01e,1,credit_card,1,99.67
"8f20a2bcde63b6e9b1d88a8b7bb9ca53",1,credit_card,1,60.59
f8b61378d33d8f856f9c4a94a114ad2d,1,credit_card,2,96.80
"121c467b693acd6f359cc3e13c73b27d",1,credit_card,1,26.81
b1ec9e8e3e3186b99318a464c0a38cb9,1,credit_card,1,72.68
b1cc3e65937e4d01bff18495b5577f57,1,boleto,1,84.12
f11b36b3bc7bacf06deef862ed611f02,1,boleto,1,124.76
"8eeb55cdf087b3ceec6ebdb6e2189dd7",1,credit_card,10,196.97
f5662da1743a5f7589fe85510a24e197,1,boleto,1,75.08
"6a572211b95b6cd2453951ff6aca653b",1,boleto,1,368.82
"270cd1874ca5310906e251407490d66c",1,credit_card,3,32.69
"5cf9bee99b19ff8b30c36f0a4d3483ba",1,credit_card,1,81.89
"86bc0881e5fe366c66d6467b24bbac86",1,credit_card,6,247.48
e269ca84795620d3adb86146ff38ad62,1,credit_card,1,48.21
"23e0d3cb5d2016d74c1d38af47f89fc5",1,credit_card,5,77.89
"524373cdfe081410364850a83583b23f",1,credit_card,1,85.14
"8b83908fdb598db143e4b00e8dac9036",1,credit_card,4,119.79
"6c7dad15df3c2284a7dd2a9a35b73e91",1,credit_card,2,87.30
c97e64988f3d2b091838bb2815fc246b,1,credit_card,3,74.82
"3a2fdba55d87afeb105664d40a7bbbd0",1,boleto,1,57.63
df0558355915aa6d41e3eb7067957978,1,boleto,1,28.75
"64a954ed681af38362c928f1f6a7ec47",1,boleto,1,86.46
ff8d0c8b5c1e8bdd6f8e3170f6fd62fd,1,credit_card,2,120.17
"19f7b4b5c61de325dbfcf2547a700024",1,boleto,1,88.08
"020c2cd20d09193b79c51797a82aaa3e",1,credit_card,4,90.36
d30d0c9c3a766ca0d558a205d4579320,1,credit_card,1,163.38
dd38e720f0dd8329b600d6395eb9a4df,1,boleto,1,84.10
"2591f6277be80b0c25627c745ec900c4",1,credit_card,1,80.19
c442abd5622d3602e7e1951edacfd007,1,credit_card,2,69.33
"7224bf1a9ae0224f42d0f990890f69e1",1,credit_card,1,89.36
"94f98ffd128d56e74dac7bb1b700666b",1,credit_card,5,178.27
b382fb5001304e782c71526663c196ce,1,credit_card,6,124.16
"68025b4097f26554336bf88f51c9a9db",1,credit_card,1,133.04
"0339ed6316da69c73459e191c10ff6ac",1,boleto,1,62.91
"84a82cb26c0c8d39d352cc2912a91d99",1,credit_card,2,25.09
ba811df8f38f8b18170fa9d29732ed0f,1,boleto,1,49.42
"0bbb3f7791a87d0307555e57da3a1ff1",2,voucher,1,2.41
"516e41e6db63f2092954e07f51890e9e",1,credit_card,2,137.99
"8e65dc9111065511a3429687624b4fd2",1,credit_card,4,641.18
f32a550a349f4749ad02133d61ced124,1,credit_card,8,232.14
"6681acf07c66eff9fee173f15b893de3",1,boleto,1,56.83
"7511b74731e2d79ebe5d9ad5d6c55a15",1,credit_card,2,157.91
"68d2df61243c80ca57cc40e6461f9732",1,credit_card,5,534.25
b4cac287aa00c47e84e6e899d809a9e2,1,credit_card,1,60.31
"912859fef5a0bd5059b6d48fa79d121a",1,credit_card,1,178.25
"9a8fb2a3a77dab1c301506cd5af2e845",1,credit_card,3,154.36
d27806c15d0457fd42413dcf53cdd340,1,credit_card,6,120.87
b64b1539563ff515922bd124fd838863,1,credit_card,1,47.74
"873b89c80c9a05f055f4670e055293ce",1,credit_card,1,59.01
ddee5c5feeb0bf3d7d713fb1192977a8,1,credit_card,1,45.27
ff50784b0e66a6f83fb5eba8a54d294c,1,credit_card,1,27.40
d9f99a6c65ab8565ad3dfc669d80ba07,1,credit_card,1,78.04
c60c72999352a677e983f9456d5cb869,1,credit_card,1,85.14
"914bd7644db3ffde7e1babea42768e0b",1,credit_card,1,45.60
fa8af66ee11f929d58f95e9a0522d792,1,credit_card,3,60.19
"4e29ce1795f7036cda644b687ea871a4",1,credit_card,5,302.40
fd94e66307d89e3285cde20f9766bafd,1,credit_card,1,403.25
aa63ba4f7387f6698c253e3d96b32797,1,boleto,1,61.01
a87ff224eacb96fb31136e921f9c322d,1,credit_card,2,114.76
"18709eaac22345a27e1027cd4900b554",1,debit_card,1,127.36
dde5ba33adc988d0007371756995fb3d,1,credit_card,6,206.08
"2e1b074e37ffb5219c44ca05f75ab8a5",1,credit_card,10,184.99
bfd3fb2d31cea2cfad3a43b7bcfe00b0,1,boleto,1,68.35
"70ad6ae02662d3ca73fa87d6985a4f65",1,credit_card,2,105.85
"5596ba1b51a8d6801a60712a250471a8",1,credit_card,1,95.31
ab49dd6d45dbe9600acdb124bf5f7acc,1,credit_card,2,133.18
aa46951898e69724ebbcfb1c6cd4879c,1,credit_card,4,224.29
"9a602b72c06820975aaa136e4fb793b5",1,credit_card,1,24.87
c270a9f0fa1ce4470b8313c8adbe20e2,1,boleto,1,43.86
"844e12775ac8e461b63b4b1d225bb53e",1,credit_card,3,33.99
"5570ac493a57e5dc00296c8de3813672",1,credit_card,4,64.24
ffef98cd5ecdc992fefbd967549520dd,1,boleto,1,153.01
"3a598997a4e99228c41bffa61709b1ef",1,boleto,1,25.13
"5407dd425b0427513c6f63025414fb33",1,debit_card,1,16.36
d49d6674b1ce113a775ca977649da52c,1,boleto,1,56.60
"4114c50e035cecc014d1340671e07f88",1,debit_card,1,173.05
a8c7e8c088aabc1cd41eb0161f0c7757,2,voucher,1,31.74
"3224f9000ebffb83e1c48590824ba567",1,boleto,1,301.35
"1dec11386bca25ac9f2eb159feccd7ca",1,credit_card,3,39.19
"9ee6f2bc2912f6612a528200c2414b49",1,credit_card,4,89.28
f98bb654902a31129a96822d0aecfd75,1,debit_card,1,59.34
"99ad7a7b313b87dfd41521dc1f70b657",1,boleto,1,207.71
"4967290be75b3d8578beea482d48ceff",1,credit_card,1,77.57
"856810a950aa2ddd3f8e1016428132df",1,credit_card,3,251.66
"39a2adce13ad153c1153a05130f65727",1,credit_card,3,33.09
"525b219c8a73229f335cf7fdd97ab560",1,credit_card,2,45.22
b29403efd8bacde6cfde49d511ada5fc,1,credit_card,2,35.04
e1cf4f3524c63c7e9c134666f89e722d,1,credit_card,3,100.53
a024d7476a847e0453984eecb8be6076,1,boleto,1,200.33
b0ab2270e1963a7e70de3b7b433bfc2a,1,boleto,1,55.09
"6f275c944d1814eca6bfbb2bcfa3b0ea",1,boleto,1,242.24
"5cb2fb75350ea85361db1b3b7bd2495c",1,boleto,1,80.10
"6d04ee9620b18893b53a68b7522f2fcd",1,credit_card,8,527.77
dbe1de9b04777a1c1bf05fd0aeebde9a,1,credit_card,4,173.58
"66aba14bb9ae52201797bedad4b91d5c",1,boleto,1,46.15
a61e700a88111a17f8158f275c06631d,1,credit_card,2,139.11
"50b8644a6f58db94a0d3beb21e0e9a01",1,credit_card,10,814.42
"32cd1d979b9373c462bdb9a06e5bf4f3",1,voucher,1,64.00
"8118e88205b0cd1342e85368ed6c0bcf",1,credit_card,3,188.41
"173f3e01cc3fc12d3831a3d80a024a90",1,credit_card,6,127.86
"83df31098d8d706607ac8bd37a0923c8",1,boleto,1,262.94
"155e6d1ccd9fe50ed7aa1ddd3bfb1cf5",1,credit_card,1,36.83
"533dbcda0a703be171113573af8b3467",1,credit_card,1,212.16
b29cb9e8d3d9563d11aba58b276705d1,1,credit_card,7,92.10
"2a4cf847d8e23123b4421ef7f7dc3d9f",2,voucher,1,45.95
"362cd36939c1c4638bad780d01b3fd68",1,boleto,1,118.35
"7af7e9221757663bb19abb52d6acebf9",1,credit_card,1,485.72
d17eedcc5d276d0eb9ea566289f89352,1,credit_card,2,157.88
"3582339d09804cb4c0ee1441f28eea77",1,credit_card,1,24.87
"27587cc5a5f975239e49460102252868",3,voucher,1,64.59
cb2171c5c2527a4f3f54ad417867c574,1,credit_card,1,61.50
"1daecbe2a13ab0881c418e978f1e08c1",1,credit_card,6,241.17
ea134380898c6f487ff7113ecdd6319a,1,credit_card,1,83.46
e737af03de32cf2b9d013f5831754def,1,credit_card,7,609.27
"9a68458f7da8a7a7b0840286b638dec2",1,credit_card,3,171.55
"68ba2f5321a125f8524a6e7b2fcbfd94",1,credit_card,5,204.06
"4f69e61a03c8f8e1fb342ca5aca13de5",1,credit_card,2,28.42
"0bb96548fdaf9fb98f6a72c4936a54d1",1,boleto,1,198.03
ad7957c1cde1dae009b1fc01e3e02758,1,credit_card,2,131.18
"52a637177b682c31c18672fe90f99231",2,voucher,1,88.86
"161a55eab21951950a31e5106a7026f4",1,boleto,1,100.36
"482b1368b99291637ea2882146292e37",1,credit_card,1,126.19
"3cf7d2f50fc31d36d208c46a30855d22",1,boleto,1,84.05
"94d6a1da03f7ba05421efb67edc30cdf",1,boleto,1,72.22
"1620c790cd0d6a55f4f5c3922764c96a",1,credit_card,1,52.53
"8ef90bbfd83a3525620bc52b758b655d",1,credit_card,3,181.60
f197897366a10204e289606b4838ea3c,1,credit_card,7,96.20
c1a3ddd24fa595bc9977071be7eab467,1,credit_card,1,83.45
b56aea9fd0510dad0a8d11f4ec40e1bd,1,credit_card,8,139.24
df07571cefaed71337a66295010ddb44,1,credit_card,2,69.33
"5eaef5e183ecba93ec5bbfac367d0781",1,credit_card,2,138.82
"8f779d94e10c62a62e8b697197ac55e7",1,credit_card,1,104.55
"5ce986272f529d7283807d7531369a0d",1,credit_card,1,70.75
a03ad7057fae696dd18f8967826c209f,2,voucher,1,44.41
"43f88a4aaba945e906ccc8c113c6bc0d",1,credit_card,5,62.83
"22ed88d1bb8f6269236b8cd268490156",1,credit_card,10,369.26
"7845e49f64d173299fe152ac8d956456",1,boleto,1,68.60
"00e1426d4c79f2e022570012c1ff57ed",1,credit_card,3,86.55
"5f9a36af29314160716f48be9b146d03",1,credit_card,10,166.04
"3c952cb06605958c5ca2fc2d28f2c8c4",1,credit_card,2,547.98
"059c31805aaf1f282276575595379050",1,credit_card,1,54.44
"417b2614e85c15a2087822cb09b09e30",1,credit_card,1,36.17
da01eb83df2aafd16872ab0c5f24d5b6,1,credit_card,1,51.93
"8eb2c9d9099a3b53d1ebe9579ab8c1a3",1,voucher,1,42.51
ec8e9a10b613682c45e614fd392bb666,1,credit_card,4,84.90
d89ff75da06f798ea64c91a496386314,1,credit_card,10,197.70
"033e7f3c73132dd6a6792359b94155a2",1,credit_card,7,391.08
"9d128b33292eb10e072f1eaacb9b07c4",1,credit_card,1,69.44
"5209e430c4a82e1eb7cd636ecbb573a3",1,credit_card,5,137.99
"423a74bc335eb62b36ac17941c6eb309",1,credit_card,5,50.01
ebcd770a00a9b6ee03235d5db51510d8,1,credit_card,5,163.69
"749ec71b70b508ead61c6993ba55fdd5",1,credit_card,3,78.20
"14bec9a20933b219426d500ca2581dc4",1,credit_card,8,89.82
"9bd205c61d04aee7fe0ebec1bf0896ee",1,boleto,1,199.42
"156d8a00b4b8bb9ef74ca1e450035eb8",1,credit_card,1,78.73
c4f1861cccf31140b9f07cfa0ca065c4,1,credit_card,6,72.14
"08fc1aa23fef732befd3559729544a6a",1,boleto,1,123.64
d1841aabfefc61ddc63d1113e5f766e8,1,credit_card,1,34.39
"7bc63e447b9ad4b44da2f65bd74bf793",1,boleto,1,378.88
e709c7cfc846b9fc5df47d1ed1bdfd17,1,credit_card,10,145.28
"54744a07ea7246f001d4306e11957265",1,credit_card,2,106.29
de8f6de451fff81802c07436b095e52e,1,boleto,1,106.90
"0fd20b806c512adae3aba82a69847513",1,credit_card,1,61.84
"83d0857ac987879b479b12fda691870d",1,credit_card,1,92.57
"36261909efa8e717bcc65fa801b86949",1,credit_card,1,80.23
"90f0e72dfebcd41e26656d079d881674",1,credit_card,8,526.93
b983574a488ab6b6bf5355f8ea775f7e,1,credit_card,3,40.10
"4283163049a271ca139442ff3cbcb140",1,credit_card,5,74.07
"89f586f0cbddc6428831c41c8c333c66",1,credit_card,4,44.49
cfac0d6ffa23400c25da017e69a17370,1,credit_card,6,122.35
"2baa3f7b53010552fadf54405bc0f0b1",1,credit_card,3,155.82
"54cbcc71d2297c81a5f7e90e5d17cafd",1,credit_card,2,113.89
bd72f84bd892f4e829d7fa262004487d,1,credit_card,4,116.26
"09abedc2c8793fa1ef3a6eb50a9587e6",1,credit_card,4,97.76
"95e01270fcbae9863423400103359279",1,credit_card,5,115.22
"2a915fd877409831a1a6372f57b3936d",1,credit_card,1,158.45
f0933beb55e4be862e281748abe0af7e,1,credit_card,5,66.74
"6ed988b479adccb2a1d82e903713e1b4",1,boleto,1,119.62
d4d5280135d491579add0073e8d6f4ee,1,boleto,1,48.96
"0c431e960acdfda9c7a640ee9bac19f0",1,credit_card,2,106.48
"658276ea9713496f567a799baedc188d",1,credit_card,6,467.61
"8d4c86f7bdc1beb6537f9c227dc16e76",1,boleto,1,104.28
"58e7140d9d368a70076dc999a7a7bf85",1,boleto,1,235.98
eec18cec4f5f09fbfb40786402695c0c,1,credit_card,1,31.73
"8a47ac4a1254acdb71d857d9d71e4086",1,credit_card,3,279.39
"5af2c148f1516ec3a6480292f74363f2",1,credit_card,2,154.20
"500e36e71ec5080f1935acac38e0f8c1",1,credit_card,1,58.00
c50e38fc8b688b01c6a4109a6e075977,1,credit_card,5,325.47
"7c294f26474f8acff99c9fb53540a110",1,boleto,1,147.59
"0f2fc60f7acb6782b5490389a5a89c08",1,credit_card,1,44.87
"00a250dbdb3153cc6ecf4d3f07ef6a17",1,credit_card,6,61.77
"1146fb180e28dfbfdbfabd7249026429",1,credit_card,2,106.54
f581282a5c459a970507563bf9893ba3,1,credit_card,3,39.04
"21ad66a2631bea1c9b697b500c20f1c1",1,credit_card,2,20.29
"9aab10ca9759779d1ec48cda93fe7c03",1,credit_card,5,161.56
"48aaa0a6d934cf4a57020d72908f94cb",1,boleto,1,27.75
"5177d1217cafa2ba15337cd62cb1fc78",1,credit_card,1,85.14
"9bcd315f2d8687500366d9b2fb0e8add",1,credit_card,2,161.89
e723fd90e2d095c2762e5e800d759bfa,1,credit_card,2,20.10
dd12ffa175ee0c7931890dd19db54427,1,debit_card,1,165.80
"30e934394c047a409bb861a9ecbcff43",2,credit_card,1,38.36
c0cbad6a3c8fdde69b705b0016769afe,2,voucher,1,172.46
"2c0fcacf7cf12e9d0e8ea049d6285141",1,boleto,1,214.98
"9d1b1e75d6e1113a2fa3151458f04ae5",1,credit_card,2,72.76
bfa74f7450cf978b57226b70a6a8936f,1,boleto,1,71.02
b20db618e55a5a79cb12cece64d3d06e,1,credit_card,5,55.00
"16f981e32cf73c22679a3b0b76d97223",1,credit_card,1,35.08
f37bdf37547266e7d6760e52bc87dfe3,2,voucher,1,50.00
"9c2b756025a127a4db2a4b13281664f6",1,credit_card,1,75.07
a23f7ba42e3c12b58d1e24b1b7615d05,1,credit_card,10,367.22
e2ea04401857fff26dea0694a4d1bb99,1,credit_card,6,178.46
e77577d115ded33e62a5874c383452a4,1,credit_card,2,31.75
c36fb2b831814f120ed8be36563d8aa0,1,credit_card,1,38.13
"3dbc128d5a3af3b8a2560a67f42ff442",1,credit_card,3,103.69
"7fb9240a1a18bc95290744b4277a0244",1,credit_card,1,41.34
"2f5388320d50c267932142291f460b04",1,credit_card,7,131.08
"92c6c7adf4c5b367d2da122056510dbd",1,credit_card,2,50.73
"7ed1a2f3ef5fbdb8ebf4c688924f5aee",1,credit_card,3,343.90
f97b2bdfbaca9c2f04722d8cbc8cc8a5,1,credit_card,3,245.60
"3e290444f5680a0f8a95b7d87980a358",1,credit_card,2,61.33
cf2b932d25c7f902faa52f469b89c1c2,1,credit_card,6,138.43
"6edd4570c3544a2b8a02f66a84d0e58f",1,boleto,1,407.19
"18a157fb5a99a76e5819433e7df0b1a3",1,credit_card,6,163.39
ee49aa5583df0eaab10299357d126386,1,boleto,1,193.98
f9d794ef7ae3d5df8951beb4029a7e93,1,boleto,1,128.10
dd65743cd08075c5e3ee4f7e717eea88,1,credit_card,8,91.82
"7950ca264526b850eda5297b489c8e35",1,debit_card,1,55.88
ed3e41849b59a2b13b8ab478ea321fdb,1,credit_card,1,132.59
eb0992cac4de66577bd1488c4e32ff55,1,credit_card,3,68.02
cd8c262644247fea6ddb4bbda562bc92,1,credit_card,3,60.44
"024a19cc498cc1a9efcf675d1ca465c3",1,credit_card,4,203.02
"79fa444e8356d0ed4f75c4666db50347",1,credit_card,2,164.63
aaab96ab260f2839451f9c2839d59109,1,boleto,1,121.98
"6d7b9cba0e798f9b68b2c0745b38859a",1,credit_card,10,110.09
"178b47270e98b91b6d34278d77b27bb3",1,credit_card,2,115.44
"558664b1fbd872709e44602c70ff9256",1,credit_card,1,3.25
c4fef2621519c7ab7541140d3cbda9e1,2,voucher,1,12.98
"8d69a304424d2948038f16d6a73209ae",1,credit_card,2,139.81
"8649e59f7e617fa93150e6f518d35006",1,credit_card,4,96.71
ee0eea7eab4735c851dddf163cf434cc,1,credit_card,9,97.77
f8b1fd93645bdb65f94169a8815da211,1,credit_card,1,144.46
"9583044d94d7eef1547cdcefb0c8f611",1,boleto,1,1444.62
b71ba668b12da5320995cd74acecb2fb,3,voucher,1,25.00
"3e238891b4618a7a2224ea32becc04d2",1,credit_card,4,244.34
"3b97d7da1a0a00c69c706b02eb64d22f",1,credit_card,5,124.96
"82de72f7135f60bf9348a045d6a7cc32",1,boleto,1,50.09
d0368fa99cb0d8c87221ad122cfc24b5,1,credit_card,8,150.74
d8917c684fbf577ca5d76423b29f29da,1,credit_card,2,123.33
"86ebe0e8621ac6e5bb8ee0bfad457b5e",1,credit_card,4,45.45
"98e109d3f1db912647c2140cdee13836",1,credit_card,1,48.30
e1b7512618fd9b1dc5bba0cfe3a7aee4,1,credit_card,6,137.99
d33ed17c28104a5821b0aed3fd7323d0,2,voucher,1,30.56
"409a324803d22f3b95f99aedb4863c3a",1,boleto,1,63.23
d3f1b8077e7df43a610e3e850d369349,1,credit_card,8,105.38
"4f265ccf96fa25ef7934fec97dc27597",1,credit_card,1,53.10
"940eb052b51b2ff6ce6d2a2e4302bddc",1,boleto,1,32.29
eef6b4895c4293f0b17e5fff1bac3c2d,1,credit_card,12,219.21
"6df5ccb6ecd13e123c2a9a0a5ed0ae9f",1,credit_card,2,57.51
dc7bacef52434bbb170215d90c616a54,1,credit_card,3,70.66
cc8607fdeb822bbb13aadae04f3bb7aa,1,credit_card,10,191.67
"5ac65ba68cda958dff42081b70fe905e",1,credit_card,4,94.58
"1ff554f292eca293a405beea2511f6de",1,boleto,1,84.20
"0fc2cdf979f0036ab67e726cd3131e05",1,credit_card,1,35.59
"2b86b00276fcf833862d7d1c8dfd1607",1,credit_card,3,147.15
"9edb1acec4ceb154e425aa9248286f7e",1,credit_card,2,172.89
"43ebc8e1bcfbbd54e735d48bef113b82",1,credit_card,4,150.98
"1db8c2514e276b566dd44aad287362aa",1,boleto,1,75.89
"5698301facad559e3efdf43331ee9fbb",1,credit_card,5,117.74
c1d7c344beb7643af2f26a7b7cbecd5e,1,credit_card,3,87.85
"6c1d10d32b895709c06d162678e6bac6",1,credit_card,1,76.79
"7658a22ab4067d4c92a25cf2835331cf",1,debit_card,1,27.68
"9fff263519b16922d71e07a6706a0ef8",1,boleto,1,125.95
d5d287f2402efa84433646638d83ffef,2,voucher,1,97.38
"872b0a6374bd5ab3b5ade0ebb28ff731",1,credit_card,3,161.30
"28e7148abde825a20fa617db02f92c99",1,credit_card,1,22.19
"8ffefeda31ab0d9c7c8b732ea9e1330e",1,credit_card,2,21.10
c97de78b8ee3343c72b234c57b872408,1,credit_card,6,565.66
c45e4de164ec4d68c64e752d6728e249,1,boleto,1,209.12
"23152da25fd8a3154b39fea912376a07",1,boleto,1,92.73
"75c146db1b1c6fd6f21a90a2694ae5ff",1,boleto,1,116.44
"5eff879c2f04b5e1f7e9c72ae229f074",1,debit_card,1,34.18
"37d24e9a88068283d102aebd4f765133",1,credit_card,5,107.27
f811812f4598bc238e5006ba2acf8b4b,1,credit_card,1,58.61
bbd3a25020d87553521169c4eeb9c8ce,1,credit_card,4,41.84
"2996234f359b5a3b99263b0f5b841d86",1,credit_card,4,88.17
"3ccb8870c169b9a65a6ce1b3736c49a5",1,credit_card,4,76.98
"0300095becf10f9b2993706759522741",1,credit_card,1,98.93
"509be166b4a9400819808bea4ba08ec5",1,credit_card,1,74.23
"3a48968afb1c79c3f512c758c202537c",1,credit_card,4,89.00
"48d4e2ea1003c1efbdc8c3cd4e0af69e",1,credit_card,10,341.33
caef95fb90109cd1a4bdf9197d937e41,1,credit_card,1,123.51
"756904aced1cc1a8c19a65e81e94d0bb",1,credit_card,2,87.90
c7c04230198e37566eee8abf31314112,1,boleto,1,47.10
"8bc4af714d330b4c50ddabcce0550857",1,boleto,1,96.05
ccb44718a5b5b8bde31b24e888d56d09,1,credit_card,1,76.76
d8198b1933966d7baf7a7d758bdde142,1,boleto,1,31.75
"29aa894dd1e254d4a65a409b917c9e87",1,credit_card,2,62.01
"864a3b3cc4c7ea1045528ea46f1848e9",1,credit_card,3,72.85
"7df3c095af94aeda50060d0f9ab510fc",1,credit_card,1,68.37
"84fbd5c07d190419428197464cdba60a",1,credit_card,2,125.80
f9e65963f3f83f99489c898626cadd7e,2,voucher,1,50.00
ace2f5e557f007a558a5ac18666e2a48,1,credit_card,1,117.15
"24ddb4a03f3a6eb92a862416d7f597eb",1,credit_card,2,73.76
"6684083994ae824286f8b72945b60758",1,credit_card,1,63.65
e27f8086e3d62693b719af33a78cffdc,1,credit_card,5,81.00
"2aec6692fda08fb7a050a161ea7eb59c",1,credit_card,5,101.22
"6696737f72902ca26a8bb47e22769841",1,credit_card,2,236.56
d211250c55eeca57b507cfe8e97e8d7d,1,credit_card,2,73.34
c13a287f74c4fa0c3cda18cdba8252b5,1,credit_card,2,186.60
"01a6ad782455876aa89081449d49c452",1,credit_card,5,50.09
"59b3620bcd4c286333b2db46533afe81",1,credit_card,1,36.78
"50de76b6e07161441556b571d4e85248",1,credit_card,3,84.20
c27ae1c289e22822c3f5d0b6afaa710d,1,boleto,1,61.77
"90168dcfab7b04546b03342f246250e0",1,credit_card,1,36.78
"30dbdad7616e8b72efea1c866a43f1da",1,credit_card,6,64.01
"3a64848764705419900d8390cb2ed7cb",1,boleto,1,129.91
a6943daaa93816310c2f34c75774e9e2,1,credit_card,3,37.77
fd46b456c10f8d438b9dcaeb69932853,1,credit_card,8,240.27
d33001bff4242b0f9abf0eae4692fe54,1,credit_card,3,154.22
"92fc1ca41d579ec86467b590c6acc489",1,boleto,1,56.38
bd6423665c409db201f2193150cc8a83,1,credit_card,5,267.90
"97f6b2b72a0896062a87402113126baf",1,credit_card,8,320.10
"61920c076c4c9bd3f5e1cd9d42309139",1,credit_card,5,92.28
a6ade711f329afba041f4c8cfa9ec963,1,credit_card,3,96.65
"0bf46c25ca29bae81f4632b02f593f1d",1,credit_card,1,31.75
"8612cf18484bb0bfb9d98a7e1ed2766d",1,credit_card,3,273.88
f4366d9980e6fb925d2ed9a63d8a6e2c,1,credit_card,2,274.88
ed0094f95927e35ebb97a275ed02d046,2,voucher,1,13.98
"6789a1de9a37be580653e51fc6458776",1,credit_card,3,75.06
"66349c255eb9d3c6dc26d8e36dbd83bf",1,credit_card,1,92.16
"70c211135ce0c4f9d2eb19d0e95fb667",1,credit_card,2,101.64
b001bdcc006e151f53abb083acb3943f,1,credit_card,10,377.32
"98aee9cbf5501420f76b8a290491f272",1,credit_card,3,186.60
"61eedf8710394769412bccced6288fff",1,credit_card,3,138.95
"3e6792dc4eaebe2820c5eab74fc6d3ee",1,boleto,1,92.19
"0e556f5eafbf3eb399290101b183b10e",1,credit_card,5,81.90
"71717b68820ab37f844d6799422804d7",1,boleto,1,161.46
fe2eaa51ed9131df5be8b566f10f3772,1,credit_card,1,165.32
"6779a7a489f7ad48ffd7ac5472345008",1,credit_card,1,159.10
"699a054a231f241e711b0ff3bdd1e250",1,credit_card,6,199.80
"0e8644614e6e4e3a5a0eced489c045be",1,boleto,1,53.05
"073f64b0ac2c4ba51efd4327faca2d39",1,credit_card,10,156.64
dd12d75147243738f174edd9249b4d31,1,credit_card,8,101.34
da0f19a3cdfb165aec35e395bf5406ea,1,credit_card,8,107.80
"3e02b2b05d2244a9fb8f748eaf4ab3ed",2,voucher,1,48.55
e67d0ebb97f45f8b1236cdefef81e212,1,credit_card,6,337.11
"1f9835b3f1bac0471bfe78932aac63ff",1,credit_card,4,93.27
"1cbf9273aec786608192e5e3ccdc936c",1,credit_card,1,97.62
"56417f76b00d347bc97497d3f823cea9",1,credit_card,4,730.04
f11fa7d0f434a225ec6d229d5337ced4,1,boleto,1,112.53
a5d3d2b978722a86e82f2b7bd0567840,1,boleto,1,135.74
"72de948f7d91e80fb80be59dce8f9322",1,credit_card,3,84.15
"5b7f6445ca01d94adfe256eaa9a37ada",1,credit_card,2,82.80
"46c28f7f09687bab32f7f99f6fb59ab7",1,credit_card,5,57.50
fcca6c3fefb03709360cbcc79f2ff73d,1,credit_card,2,62.65
"0f9dc92df0635605588c51ec2e4c58a0",1,credit_card,4,133.35
"56489a88db0de4afa3664cb5712f7d31",1,credit_card,7,143.98
cdeb95d04a566b4de93cb6ae160e1123,1,credit_card,4,59.14
"927eda1d91913116e94535f4120dc578",2,voucher,1,9.90
"32f0d08563a05bd541da24218934fdab",1,credit_card,4,349.10
"643e340c6c562d108526c36d5a94c027",1,credit_card,3,169.50
"251de75257803bd25352975324ff2c64",1,credit_card,2,53.47
"296487514bc938361dae8cac848688ac",1,boleto,1,137.48
e2e33b37d96ba30f106c15dd7f77c8bb,2,voucher,1,48.69
"514988a3e142461049264d74b768b365",1,credit_card,1,145.97
a65ee79ac9ef387d53a86a7195403fcd,3,voucher,1,13.83
"34ce0ca85ae4e7d8cad0c61a10236321",1,credit_card,2,163.61
b3b286669378f5262f42a944d52ad221,1,credit_card,1,86.02
"6c638080e010689db7a95bf97fc18727",1,credit_card,4,133.25
"33b85e6449a3f1684051b4a02f871871",2,voucher,1,16.91
"60836a0b2a1b5051e61371cf04a16574",2,voucher,1,66.92
"40596a0f1a0f7334d7ced24f901fbf46",1,boleto,1,56.78
"3733b36d82377a01ed4386abf60df35d",1,credit_card,1,185.05
"910b9c78e8a4717b0c449d2b731a33d2",1,credit_card,1,27.54
d8fd983079230409820f11f044e4fe4a,1,credit_card,2,119.79
ecadc79d371003a0a6c4b52b2fc91c96,1,credit_card,3,151.60
f074affa7545c0e7932c9db1a51006d4,1,credit_card,1,77.38
"2966209e856b37a6b9be138d6d7910b5",1,debit_card,1,89.30
fdda37c607e545cc35b20ab1eb1a057a,1,credit_card,1,62.22
fe11b81a5e03910e810cd1d5381f24bf,1,boleto,1,164.27
f86a19d480f464d143272885b34b5fe8,1,credit_card,1,51.00
"9406240a4e41945ba492020a2702f757",1,credit_card,1,161.04
bf6d16740d1cb07a4f223b7b367538b2,1,credit_card,1,19.78
d27f68b7ab23e7d54229e59537c29176,1,credit_card,5,86.42
ca9a7d8232dd4979128fb7efc1666d69,1,credit_card,2,95.02
e330a36de2a3f72b1322612a178d613a,1,credit_card,5,373.33
"64f2b30c7d2cad0b1b608642a0a84e25",1,boleto,1,20.29
ec36cbe1738f8ac4379b1ced0757c583,1,credit_card,1,90.99
aee9facfd58252a3edd95e9c3d6e7e1b,1,credit_card,1,116.84
"62be3a00ba095e9cdbe1fe482e6130a4",1,boleto,1,65.68
ade94781f2b769ed36a08beb7085c82e,1,credit_card,1,74.11
b32fad437a7904a2ddcafb3f0d23fed3,1,credit_card,3,226.90
ed8dc0be0cdb5c6d849776ef489a4bf4,1,credit_card,4,41.59
afb217f83ceec9590ca2726247af3b50,1,credit_card,4,107.14
"61d6fb5d839877cf9795ee80fd081935",1,credit_card,7,86.36
"0a3ff573ad87fe549fa3ce5c3f07b2cf",1,boleto,1,37.61
fa44b98d202360f1246681a3e0405db4,1,boleto,1,408.15
"787590b924b0ef0a1da6164beb46a05d",1,credit_card,3,173.78
"144bc17d37931097a63d8dbb87bfd2a9",1,boleto,1,56.01
f9b03f7a6e5788ffb6cb6b4cd0d01892,1,boleto,1,116.17
"9cb1a5b9af2fa27ca6a510f64245f869",1,credit_card,1,9.64
e9483453c3f193f0b632a569b103bbbf,1,credit_card,10,175.76
eb82b4939d86eb4497248efa52f20d56,1,boleto,1,28.00
"9c84d33c8583db075bc4e9df4e5949a6",1,boleto,1,86.88
"3418c754c6d0c412d57cca00b6ccfbe2",5,voucher,1,4.39
"339e87a91e00231ddda7d5b3d7941ab2",1,boleto,1,25.75
"644d53f0bf14fc2b7b89008c00ef5f45",1,credit_card,2,24.86
"0e33201d95dd99ef2fc82d81732957b2",1,credit_card,1,63.00
"4c888e6e352d77cd1e8beea1f03985b7",1,credit_card,2,191.46
a586b91c2af481ac6c9b08dc1176c65c,1,credit_card,6,257.18
cccb57e7a01fe8d245ce2027974b455e,1,credit_card,4,979.42
"519e5b17180d3ebefad6f7b8c1a6c7c6",1,boleto,1,149.64
ce648a016d0547e13c8cf94449256982,1,credit_card,6,354.90
"9dcd4c42eb5a67201aaeb894461bab83",1,credit_card,2,130.56
"6ec704c9a120baaa6b3e162255ec684b",2,voucher,1,200.00
"082b39e89779891345c6ebc6def4822d",1,credit_card,2,157.21
eaf42d23fedb6d8d7747c8ab44b8784e,1,credit_card,8,205.31
adb271230fcb815525a44dc582e2aca4,1,credit_card,4,62.50
"508ef00c7a0d53b647c360ff7780a69d",1,credit_card,1,45.78
"66a5d2a60170025d375d4540efed4e62",1,credit_card,1,98.34
"954ecf032c0fbd43696c6b12baaa293b",1,boleto,1,34.00
"74961e9aef3b109cd91120c7697363af",1,credit_card,1,153.10
c915c070ee2f91af30208cd30cd0dee0,1,credit_card,5,162.88
"02701a0103fedd7310a8d575f9a8d291",1,boleto,1,190.75
"3ee6a5145ccf8837184fe98c491e232c",1,credit_card,1,196.99
"7b8327bef89b921c5f3ca8b3769b0a67",1,boleto,1,78.28
"87f83d5d5bb0b9a13ec25c61c4a71361",1,credit_card,4,110.89
"3dce4634061e7ca468efb0460a7a37f2",1,boleto,1,98.27
"4f96fcada41abfae96e6d24fd8c69e6a",1,credit_card,1,92.84
"01c18108db50c163daf7dfe461093fb7",1,credit_card,1,127.92
"43439c4b45b39d5a7d27a31d6cebe43c",1,boleto,1,81.79
f756f24c1fc9b46e384943ba538a23cd,1,credit_card,9,93.30
"474a5a5d176b5d84afe62cdfa7d69dd9",1,credit_card,10,1035.03
"3fe928b83cc39792c59deecc7b14bc20",1,credit_card,3,85.81
"01442602b15d4127a84ca6ac1507ee2d",1,credit_card,10,523.72
"357f073c68543005a0065892f53ae4f4",2,voucher,1,66.66
ab6442c868ae3695e675d3c39aa616a2,1,credit_card,4,187.41
"8c992e982ae4be70f1aaa3ee623bc042",1,boleto,1,114.25
"42f16bb187fd5584e599c7c2e74aa39e",1,boleto,1,148.47
fdb3ef83ea6f7bef7d13bdd9b38da661,1,credit_card,2,122.54
"2d1442daed29bb41ee9c31649d1b76ac",1,credit_card,6,123.75
"26a232627994b0bdd4a4975bedde0e63",1,credit_card,1,52.34
aa94d94e210dc2b7a49812d3d82bb516,1,credit_card,1,84.18
f4371828f48e2b5080d079e60138f149,1,credit_card,1,82.62
"518544c830031ab14b63e9e684f0b1ab",1,credit_card,7,77.21
f2e97c3464ad5fb53d6be7afcd0e3eaa,1,credit_card,2,33.75
"231e08dd8d9fc8f16332da72a3375893",1,credit_card,2,102.51
bf63ff8d7ca75098eaba0418489ad64d,1,credit_card,10,119.51
"65e560b80ca884377880a124eb79a349",1,boleto,1,86.15
b3e5d245a95dd6378330cc2249d9d6b4,1,boleto,1,273.22
"018cb6a10649393055c272ba2984e8bb",1,credit_card,7,75.08
"4bd6a761ef3cbc41f50e58b6bb2a5dda",1,credit_card,1,146.92
bea1ab5c0fe7913f170dd7e82e53dac4,1,boleto,1,134.14
"2f62dbff060e1fc79791d3f079b62769",1,debit_card,1,98.22
"2d2fa725a6a15bb11defd40be0a0f79e",1,credit_card,3,92.90
"4d43556083ebb5d85e8a49e87730add6",1,credit_card,8,249.79
dead1e90233baca62101df8aaa1f2b66,1,boleto,1,159.13
"8ee4479875cbd96e7ce155e3c9199147",1,boleto,1,154.90
"8eadc965ed4d6b12b39991aeeb09cd63",1,boleto,1,76.33
"5b8983a14e57e83fee3e9c9b6de5dc04",1,credit_card,1,36.35
"4f72abdcedf8185382214a227cdb9e9b",1,credit_card,1,127.53
"54ee4ac3ad09faa2237f8a844b4d7b92",1,credit_card,3,386.80
f885037230ad5460192a6a2c609af8d9,1,credit_card,3,60.42
"8fc027e2e96d738a4816f043f2c946ba",1,credit_card,4,110.98
"9bd2751f058566408b3584868d9e0c2d",3,voucher,1,1.83
"3816ba21917f2a17a58a38a108985d0c",1,credit_card,3,94.74
aeb4e12821bfe97432c32dae7797a35f,1,credit_card,6,333.51
e4af24dd6ee24be6d64c1adbd58819bb,1,credit_card,1,59.70
dcbab7ed24e477a8dfa72d7f67ff6352,1,credit_card,4,231.54
"98bd948995276012ef529fe379949f4a",1,credit_card,1,58.05
"0015ebb40fb17286bea51d4607c4733c",1,credit_card,1,37.00
"04652586a8416e68609d21f267dee2f6",1,boleto,1,88.39
"0b48910785067fb42fce896aaaf7ce81",1,credit_card,2,110.20
"6113788590e7bcc9aa5b824b6ddad202",1,credit_card,12,286.64
eb6b32a82d2459d0ce7f2089f9eba0f2,5,voucher,1,19.92
"8076135356d195170fe9f8d5698182c4",1,credit_card,1,75.68
e9d2f8cb1275cfe37dd531ac43bcb2b9,1,boleto,1,741.30
"942fe6d25e56d372d2f6b5243d900ba5",1,credit_card,1,97.03
"0dd10699d5b56b4bfc60c02e8ac6533e",1,boleto,1,132.03
"2a223b8aedde6996b0d5a3f4505b765e",1,credit_card,1,31.12
"8e273b415f677580d23c68ac51bcc470",1,credit_card,8,161.37
"5404828155a6ed66ac6bb53e05525d39",1,credit_card,2,207.57
c84e2530cbce4be46027e60d09141460,1,credit_card,3,38.10
c5fd1f4a2b25ac86cd7e1312875ff12a,1,boleto,1,177.14
b808172914c4ad1d4c3b7917097b33ea,1,boleto,1,106.38
"113a4f0ccb14984c0e48ae43a43d0214",1,boleto,1,102.82
"4c53c2b42c60815a6be4e7bc09cb0b59",1,credit_card,5,168.20
"1670149b3cfc61a2c70f3f6189f7005d",1,credit_card,8,250.28
de273694b3cd5827467dbc63a115382b,1,credit_card,3,146.71
c4e8de1b1ec983e061c3ff765be41405,1,credit_card,8,85.27
"96b4ac4e2ffc8baf3231dec72926b913",1,credit_card,8,80.16
"77831afddf2a5ebdda899a6adc91f88f",1,credit_card,1,99.28
"05b771d711b0fa6d8ca9f42c3cc29f41",1,credit_card,1,70.75
"1ed0a0954b445954a0117c4aaf449e28",1,boleto,1,241.93
a76390702d2f24f9e0d5ad3c5e9ec562,1,credit_card,10,933.92
fad50f5d61cd24d316352c44508b6ef9,1,boleto,1,363.55
b34e0fe701f0a4fd62a44b88b142ab67,1,boleto,1,73.15
cc35448ebfa45049a22c185b46a7a46c,1,credit_card,6,305.19
ab75125adb0d56e4a58e073b90b7b6c6,1,credit_card,3,32.33
"53a24a678d0e83d0d3c718528aa0aece",1,credit_card,1,123.67
"0c6a2732270e3f0f66bd73dbde93b59e",1,credit_card,1,2.14
aae977c782835b108e46fa36a02dbe1f,1,credit_card,1,171.44
"3dc8ca7de518eae32ebe7dc2dad8ae77",2,voucher,1,32.10
"26a5b0a07c7ef0706d61bc152fbfd6e2",1,boleto,1,47.23
bfef81581affa2b4c59018ed748cd663,1,credit_card,1,73.58
c62b195fb9db263acc11dc29fcb87fb2,1,credit_card,2,135.64
cd2e4d6d0b853db1cad25cd418d04ae3,1,credit_card,2,113.62
b0ed482699eda01ec9bc672c131741f0,1,boleto,1,72.14
bcb07f342ee49373aba52b75c41515c2,1,credit_card,8,117.85
"42ac49d6394099d7c2a5d2d7fd813bd8",1,credit_card,2,73.68
"4f08e1d966e9e49ca0677134ce4c2c57",1,credit_card,1,44.73
b39d5e5d31956b4598ed01674a0943e7,1,credit_card,3,30.10
e36869cebed0b0d8f600f719ec0b0478,1,credit_card,2,42.59
"37c8cbbb816470ceb8a3026653cf3d3c",1,boleto,1,69.52
"484d8bdbb5839ffad3b48130d17db006",1,credit_card,1,103.43
dc4830b0d061f5814315adf86ae7b314,1,credit_card,1,177.89
"3964dc324e444bf9bcacb9753dc502df",1,credit_card,10,192.24
aa0bc25a48a3d53cc009df13ed116b23,1,credit_card,3,107.79
"593dcbc6068648f021eb48b2d55ae96c",1,credit_card,1,37.07
b8615aa7e6248212cab23e120279acf2,1,credit_card,3,97.15
"7e3da8f7ef82afccb42bb25622099fb2",1,credit_card,10,869.03
"5f828ec3917806a1b1ca5c9008703f26",1,credit_card,2,47.06
"9cb4982223168ae7d72cce4d255f4fd9",1,boleto,1,61.32
"1deb4eb0317ca755e8f5f2f3c3193fbf",1,credit_card,3,154.63
"5b18b03607394168a3dd744501c2dd00",1,credit_card,3,35.09
"92fefd2a79d30d262d8999fee6937d4f",1,credit_card,2,119.53
bc02ddc545587c6eab5bb1a8c6c45f1b,1,boleto,1,53.10
f577c78346131418552c3d7fea582723,1,credit_card,1,126.26
"2421a2b1bdf7d442b13675a1667d915f",1,credit_card,1,53.05
e677b67c28dfc75969bbf0ff515c0983,1,credit_card,2,244.78
"60874d0fd7a75eaf6c27923285596b50",1,credit_card,10,234.18
"7085a588f3bd2d50f30fa90ef4265f3c",1,credit_card,8,279.11
"68490c57a7a7ef7602fec9765720fc48",1,credit_card,8,239.56
f184a2ee6e9849621df6792b9221bbab,1,credit_card,8,457.95
c4424d72047fd2f2046fb0ebc5ae246b,1,boleto,1,88.72
"5e7d51bfc94acb16cfcc272c581f85cc",1,credit_card,1,36.27
"257b9cbebe66bbd37b4233212ec1a909",1,credit_card,10,597.44
"5c932e0a181410b67c77daaed30991af",1,credit_card,5,492.21
e65f6f6787bdbad616a93b96dbadf65c,1,boleto,1,372.52
ab5f199b8bdeb7e529bd36b79766cdc6,1,boleto,1,174.41
"8a8d4f2c50daf68104823637fbb01111",1,debit_card,1,33.98
"64c3de97be1b0e0518e9083d28fd3d83",1,boleto,1,83.02
"652e44f3368f39a67174a6726a187b3c",1,credit_card,1,57.68
"442c20f1686da98436dda5a6c7c52e16",1,credit_card,8,168.36
d22e9fa5731b9e30e8b27afcdc2f8563,1,debit_card,1,121.62
f19bd634b5b6ef35a112602a933e9cc4,1,boleto,1,86.72
a1534509a270687ff2247cebc502baae,1,boleto,1,151.70
"489cbb0cbc1600b7b5a6d703004f606a",1,credit_card,10,190.95
b08f7ce910570d89714767d4610943b0,1,credit_card,4,468.53
eabd655acd4b2c89bd505ae21dbeb102,1,credit_card,10,721.06
"64ba7f5f2b493323d5dae1634f812cb5",1,voucher,1,20.00
b9ec9404685b3beb2a2eb3d2c57ce666,1,boleto,1,87.32
ac6e61336e852cdc45fe59ada3763a66,1,credit_card,10,278.79
"353dd28caf3128fc754969ad49548d6b",1,boleto,1,126.80
fc3fc4034dbe87b09fd9059966cb9b28,1,credit_card,4,115.36
"668b19356f27bf9a854053836ced5053",1,boleto,1,72.15
"34eee68850f6ab8118e4600207afdaf4",1,credit_card,6,197.58
"5f06c417723455e7b8476bfe7c312bd5",1,credit_card,10,146.46
"4a314795304cb8de1e5e3f7956e2765f",1,credit_card,4,138.84
"593f849c29daaeee17ee32baa44795d6",1,credit_card,10,1218.34
"4547e931fe370c3853e4afebc234811a",1,boleto,1,45.09
bf2ac202fb57d18bba91de7d1ee05870,1,credit_card,3,70.81
"8cf12a7b163c4225da01e9da10cce6fb",1,credit_card,2,46.10
"305daa1af560f81a4225d0d70f636a51",1,credit_card,1,121.26
"7656e54ae9322214b7459746ca6076a8",1,credit_card,1,38.78
"37d771671deec34e8685db30cf503d2d",1,boleto,1,420.24
"84270b9b2f185170b4b29b448ef3a0cc",1,boleto,1,82.73
"542d558d7cd9f734858beabe2622b2bd",1,credit_card,3,110.59
"2f839b79d9954ebfedeeba654f0f3de8",1,credit_card,1,71.95
"0e5be31b9db540adad7d42899c64aa26",1,credit_card,5,214.48
ed14a836c4b4a6f1a8c140c79ad86642,1,credit_card,6,311.49
"7ffd48a27c90a946cfa8198b76a7120c",1,credit_card,1,53.99
"5dcfd31ce05e7696a4c635cc256a0364",1,credit_card,1,64.28
"2f9461545e91fb9fde10a190a2986c34",1,credit_card,6,547.96
efee98b139c9167c141b4892eecb215b,1,credit_card,2,95.22
"158b852314d09859615960dedde796c3",1,boleto,1,174.04
"845af102c87e1c1bbcb900956ca08e90",1,credit_card,6,68.02
ddcdf215808306b8919f3cab54d88247,1,credit_card,2,114.45
"00d50baf1bc56a3c59de1810a6b84b0d",1,credit_card,8,188.24
"1405c563a488ba7869c598deec085886",1,credit_card,7,78.05
dc8ffb2856b34d44541032dff3d0eb5c,1,debit_card,1,39.60
faa1515e28c5d45a5bb6fa57bffcfb0b,1,credit_card,1,15.29
d077976b2620a58d80c6bb4bd721276b,1,credit_card,1,45.79
aab77f6b8eb88bca78803173c935407c,1,credit_card,1,287.40
"14a54a1ffd16f037929c4553a244f9ed",1,credit_card,1,304.36
"340be9cc41d50a5233f4849d93d8d2f1",1,credit_card,1,29.43
e9a85f45594b8912672374e10d99f1a7,1,credit_card,1,164.79
"8153b217909426be6b194646850bde63",1,boleto,1,68.57
"566bd20ab298b6bf2a27edc5084545d9",1,credit_card,5,131.69
"0cdc9c620e68547b5d7b5b5d974b675b",1,credit_card,1,32.70
"8d6aed9188591d9a88993dbc07bac129",1,credit_card,5,133.41
"6afe12e2152d9339a25453d2d45003f9",2,voucher,1,50.00
c99ca23474e04e001665cd9439b59dca,1,credit_card,3,35.00
b6ca9c178470e07c7797790e26c61bbc,1,credit_card,2,75.28
"0adf4c5c9a1399ceefdb7ba880df1ca7",1,credit_card,2,145.01
"6949cb0f930807e75f78dda8da436c81",1,credit_card,1,264.54
"321d9198cb35a37dd55176b905614311",1,credit_card,1,117.12
f2203a676e8755fd0393acfcf038c891,1,boleto,1,179.17
"05519ea9a25c6f57bfaa4ce4c372b26c",1,credit_card,7,357.13
c30c327fa4864049bf96aec00f7a05ca,1,credit_card,1,20.28
"0e4e2b4f0485ebee2020fa22ebe41766",1,credit_card,1,35.00
"6c91816cad7d95fae9a51fd93671289a",1,credit_card,2,99.22
"48ba3085b546be02a30dc763f2e3215e",1,credit_card,1,63.27
f7c65be24000f516627adf853b60e268,1,credit_card,1,48.13
"89deea851a216c7ca2da994e5799c9b0",1,credit_card,7,176.74
"0286c83491d80e29a5f16c150abb76b2",1,credit_card,1,37.77
"96a902cd4b751087e41ef64474975946",1,boleto,1,59.04
"9125e99c306e51534e9e6e31efdecec9",1,credit_card,2,156.29
"2bd2198690a2c150fe5fdc4e064ba521",1,credit_card,4,109.92
"3cd0599300d9ec0cf571c875db7392b4",1,credit_card,8,149.63
"640733ad0bfd6eb8b4fa7c5a66188380",1,credit_card,5,149.00
"6eee33addf2f19cbd1d8e81c851825f8",1,credit_card,6,98.72
"3660db6c1a7919853db1ef6f820a301e",1,voucher,1,426.28
"4ab6fc6c373a975bb90e462b81260198",1,credit_card,5,100.86
"6d77e82393612bee76e53595fd945726",1,credit_card,1,79.33
e928cc82f61f2dcab3ad58d6e7200224,1,credit_card,10,184.80
f5ad4f3e25e8adb066f7c5ace4732dfc,1,credit_card,1,5.37
"9da51871b26e9f5356a2544f6540f900",1,credit_card,3,260.50
e23b204f4817055fedf12a5a5c27b360,1,credit_card,3,56.87
c7ac9d091733ebd451d6dbebceee9191,1,credit_card,2,163.04
"94eb877f9f8fc251fafee5cd18ccbfa2",1,credit_card,2,53.79
"19fe6cd13dca5943f17abd2c37c46abd",1,boleto,1,97.87
"18837d7b525922b9023193325e574a6c",1,credit_card,3,163.25
"11242fc97afd67d5b5a7e211aad24bb8",1,credit_card,10,174.47
dc188b1cd6c74761acf8a9fad52c1797,1,credit_card,1,31.60
"15bbb8e1670937e6b9bdf611948c3bf9",1,credit_card,2,149.72
"31942ba78d7901dac911b431307cdba6",1,credit_card,8,81.20
dfa6eead1006319e9774de25417757a7,1,credit_card,3,61.05
"09410001d65f75b36821f9556694a895",1,boleto,1,35.22
b8b88108eac141a885b496b3df46e5ac,1,credit_card,7,157.81
"239a0e07e6d82c443b1ac00860f30c27",1,boleto,1,113.14
"759d3dd8671b3c60e168fbcef417a033",1,credit_card,8,155.70
f4efba146388fcb18269422b1a903e86,2,voucher,1,134.35
"9566c61747b7c6721e90334026dcd710",1,credit_card,3,67.23
a1ef4c97bec306560bd7bee5982310cc,1,boleto,1,176.16
"89daf16ca38d1dca141ca4b225351c02",1,credit_card,3,153.61
e40ad49e77913b7176bc3268c18b3299,1,credit_card,5,91.06
c9a956d415a86a5a0c354e2032b4e502,1,boleto,1,237.61
"116dccb1dafc4a6bb0277e499ad96fbe",1,credit_card,1,33.07
"5664108fc73599db9191ed8160e0989c",1,credit_card,3,146.58
"71865a55cb13d1685ed2ea7db1cb24d6",1,credit_card,1,58.09
"3deae78fe543fe7c561f18a237ad309e",1,credit_card,1,79.33
"5c3353d0e879379685e40fcfee970725",1,boleto,1,316.26
f96344495ad4aa6c46d0b40c3b6e4424,1,credit_card,4,45.62
"674156fdc5d457a8a102110b27e89e07",1,credit_card,3,34.86
"09b6cccc4166713f232f26db93a5d21e",1,credit_card,1,54.00
"70e2326f6a9a2355015239e7c9243524",1,credit_card,1,33.23
"484e56ded428e884844b504d37d0fbca",1,credit_card,6,139.80
"0a06eca1c0bfc49a968e40cdd506297f",1,credit_card,4,194.12
