"order_id","payment_sequential","payment_type","payment_installments","payment_value"
cefa8ee1540139ac77fa0c1b4ff1f04b,1,credit_card,1,86.05
aa258c22c28dfa03522e7997c426e627,1,credit_card,4,121.90
"03a479456d2571485ebce285eef65f61",1,boleto,1,129.87
c0f229f61498b44c4a8790aafbf9397a,1,credit_card,1,81.63
b4371384ac6d51fe934e4f50b8b61e4c,1,credit_card,3,154.30
"2bab21da7cb38da9002fcb361c7c046f",1,credit_card,4,47.26
"41267d204131714c919730fc9cf0adee",1,credit_card,1,242.80
e1282f31d9a5f43661a251858c894bf3,1,credit_card,3,254.42
d7f5321a3029c895a6b79c1ebdd8a222,1,credit_card,6,68.36
c887c09a3acf3b6fe0ba319d68d385a8,1,credit_card,10,441.25
a8116350696a40046ec644f6b4f3afbc,1,credit_card,4,166.29
bec6392d5d6a42bfd3a09e8732127f0e,1,credit_card,1,52.38
"602fd0f12980f5a92b67acc19187fb87",1,credit_card,15,152.81
"43443d5fff4b94d98df1ad41af13d302",1,credit_card,1,2.21
f85e82f7a3b6d26dc7d16b7c2c39b31a,1,credit_card,4,257.90
"4bd03dd6a8e45ca2f88013cf71bd22f8",1,boleto,1,222.67
"85c14f3be89a889592d53a5b8ff031bb",1,credit_card,3,89.36
ec185ae9706f499c67d358109cd5dc5c,1,boleto,1,62.33
"934a734f2c8a77cbe4f55441d7e051ae",1,credit_card,8,92.46
"61cabe0c7863902624818230a6b61a17",1,credit_card,2,147.97
"496b982d1f2a1315fcbf81ae2fed02a4",1,credit_card,3,156.09
b8f82235baaa1a837797d86544239b5c,1,credit_card,5,209.86
"40968775de06095dbc53bace39038550",1,credit_card,5,165.94
"35feb4a5e2fa951053a5bf703cd631ef",1,credit_card,4,138.10
ba5d446046c4678d335a1e3933460193,1,credit_card,1,47.69
"18c2124c3874f480651069f1f8c9b903",1,boleto,1,124.02
"5b1376fe61863fe3508011db309e35fe",1,boleto,1,177.28
d607cf247d8e19a82548c3a30cb2d173,1,credit_card,1,36.78
"452b706af12e25e6c8c740b4dc493ab0",1,credit_card,4,84.59
c0825f7ad51d670d765525e6761dbc0d,1,credit_card,7,134.18
"2eb5ba20812f78127f6243fa27fb40e5",1,boleto,1,252.61
cb5fbb27c5009572818e03f9e690edf2,1,credit_card,3,117.07
"330e569ae25de4796afa6bd4edc75876",1,credit_card,1,136.46
d7085875e0a68ee25df2db4f1ec9fc61,1,credit_card,4,161.54
"3e7331c6f79569464882b059435d316e",1,debit_card,1,81.98
"34e63d1843fa8269ed932133c6b58a3f",2,voucher,1,31.20
fa10d622012a84e70ba55b8d302d10b7,1,boleto,1,60.72
"2393507a21cc6be871d9bd669eb0d6d9",1,credit_card,1,53.65
ce739db6acc9dd893a9319a2629953e7,1,credit_card,5,109.42
b87cca02954de7fab0d5546843c56acb,1,boleto,1,40.00
d48863aea86f6a6ccbcf40c4d1a38a0c,1,credit_card,4,99.90
"08e744bae85a55aa0143f7b41878a45d",1,credit_card,1,116.06
a34abd259f5fc0b557998baef5e87646,1,credit_card,6,126.19
"260134f5f43f28b62a2a9512fa7eae91",1,credit_card,2,76.19
"70c93925111cd037297909641f16f2f4",1,credit_card,10,756.63
"97bb7e5d1176813061e12ca420b8a8e2",1,credit_card,3,36.78
"3dcf6bbf1ee3961f91de6a7c6e51076a",1,boleto,1,167.14
"13d6f87da8ba3d0feb95e58ab304a9dd",1,credit_card,3,69.77
"2a4e23a666338d87ea9c2777d71bed0c",1,debit_card,1,38.17
b3f3f413f89e281887189ce9f68f4ff9,1,credit_card,10,327.38
c06ce911e890b4e3ca9b08b5d33334ce,1,credit_card,1,176.71
"1e7bb5d072b8543a1c42507c4b5583eb",1,credit_card,1,43.54
"13035ade0af633971e01aacc109cfca0",1,credit_card,1,42.77
"5de443f7adc75b72230b61e63ce5007a",1,boleto,1,173.32
"98ecfc5c563ee4f1718c29d586a317b7",1,credit_card,4,372.14
"6d5b02afa38b0682ac9c0ca1cc98b463",1,credit_card,4,42.17
"4f6e7f64edf1a47b80bf8d8645fc6d3e",1,boleto,1,269.53
"8f79a0d3f0989f318565ef2aa28577fb",1,credit_card,4,160.66
dc5f7bc4c5617c381a1943ba3d5cabcd,2,voucher,1,34.33
"30afdf98bd76676a199127199643a168",1,credit_card,1,68.35
"480eaa4ce1cc7cf344ad094e326f373c",1,credit_card,1,63.23
"110db9a85229d82cf8223a0315afaf8f",1,boleto,1,88.08
cc3ab641e31e8e235693965d26a49ce4,1,credit_card,1,51.13
f87c049dcd8cafd8a6880a2e29b5d021,1,boleto,1,176.34
"509098735f5ef060b30337a4261fe363",1,credit_card,1,80.20
"466b5bdc3e3f24e98c294859fe2d58b1",1,credit_card,3,44.84
a7d5e53a5efe34103e6b5b67c497c2fa,1,credit_card,2,173.27
"701a1cb9e6b39469d8ec105565f33277",1,boleto,1,31.38
"52a0c9afd6d3a9c61af74ea1149c494e",1,credit_card,1,84.06
e556806e85b03aa8192bc54ebdb15009,1,boleto,1,313.11
"9621eafd687a505c4f065d9181331a48",1,credit_card,1,90.88
e3b7896b6e5a82264c8e99a140843793,1,credit_card,3,35.01
"181544d1a7128358afb29daed7793e9d",1,credit_card,4,218.64
e26f52b2a37b0ce41ba38979221bf39d,1,credit_card,1,36.05
"60e6f7ddb40a12b4b2b272b60f8db990",1,boleto,1,50.83
cf287f639abd10b1630574c4a065d4f1,5,voucher,1,6.00
aa7d642fecef401c80602a4dcb0a82ac,1,credit_card,10,214.17
fcafab7fc942d51e9f45bfeeb5bb684d,1,credit_card,6,60.10
b26ee85b15728fcd633f442f61e8c828,1,credit_card,2,136.60
"5e71f5832e566171d43c90da65f506c4",1,boleto,1,979.26
a159f0d3b012cdad58464eff20f5a4ca,1,boleto,1,101.28
"3b07fa165117888d45604ca27f44940e",1,credit_card,3,119.18
"96443e347511f156158689addf8e876e",1,credit_card,1,37.80
"82b564e3b8efa4e060e5c950cb6fa9ad",1,credit_card,1,56.47
"792bdd812e278bfca0ea7699d5f25bb3",1,credit_card,6,325.41
"8ec5d698b2bb14e2cb3e4d4f90423a87",1,credit_card,1,23.18
f247c7a7f6677c91066b72c033b635f3,1,credit_card,5,120.91
b817fcad07287a3912cbfdcd012a36ad,1,boleto,1,25.75
"94caf828558aed4dc7cb9da3711a5c5a",1,credit_card,10,142.73
baafcf8bbc822606c52fe68cbe6b7149,1,boleto,1,87.94
"96e427c3f1f84bc2ae037b8ca5d22110",1,credit_card,4,136.71
"9580009b0ba212d7375f5fe049c1eb95",1,boleto,1,40.93
aee9ab9619b5a2654b3362e66256628e,1,credit_card,1,112.39
"8087ec71e393d4dc6fc48041fe63cd51",1,credit_card,3,179.68
"61b1a17bdd024a92f00d79097599f221",1,boleto,1,117.88
"14f38e83e237f237348b97dd9f228d40",1,credit_card,5,53.58
"026b41054c5e6b7a4e94a971bb94193c",1,credit_card,3,408.99
e0abb8df68a21dc73ca95ee8bdd28d00,1,credit_card,3,121.90
f2597992f6da6f545223c8f3aac0a681,1,boleto,1,53.77
"592a580b2caa44161590aa7d07609c00",1,credit_card,2,70.44
cc6c9b89f70b32d7fe075718e0fc58e7,1,credit_card,3,236.00
"9afd8793167c97876e93424de3f01498",1,boleto,1,322.58
"29f95ab000e30a2a4dbeedb73c7357f2",1,credit_card,6,151.69
cd5343ffb012a7157ddbcf5720100c01,1,credit_card,2,336.16
c9bfc156368eb14aae98ebff0ee377da,1,boleto,1,69.27
"0ef549b2d7f694d7da546831e4003906",1,boleto,1,713.01
"6a2928ab4a049ae96aef70dd00d5756e",1,credit_card,1,148.86
"613b35c2a3e40e64392c5d7e80123988",1,credit_card,1,30.48
"0ad3fdda3076a1be91b13c89f2049266",1,credit_card,5,207.62
"859d39948222974421fa0f47d75cafba",1,credit_card,3,210.64
fcb6bb55e888419b146e0bd3c612a373,1,credit_card,1,36.75
a9e698f2944fc17e406c624bf2ce9067,1,credit_card,1,123.45
b3c04e10f26d07b42c0a956f11eb18ff,1,credit_card,10,408.69
"17158b7ebb079668a6f21a5660ec6e83",1,credit_card,1,46.82
dadb01b1be2452288cad226dc8deb6d7,1,credit_card,6,71.99
b75458db61f87d5711fd6296f2a0ad94,1,boleto,1,31.13
"93147d670e1b5c13ab0ff7c51b3f9d0e",1,credit_card,3,33.38
f8332e57ea462615c306d9c51333b744,1,credit_card,1,104.21
"38a920f4e80a3be96ecbfc0cba4517d6",1,credit_card,3,151.88
"660c604f50fc9edcf854689682d1560e",1,credit_card,3,161.65
"9a79820753183f9ae199a37da007e914",2,voucher,1,30.73
"51897b5909b133e69594d2c560115a71",1,credit_card,3,48.21
"94faf92860aca2dd583802d6673fd794",1,credit_card,10,427.93
"85c8b9409449608b5f5c6c0a66c9146a",1,credit_card,1,439.33
"465c942a1c3029a759415e862204114f",1,credit_card,7,336.00
ab4f549aa957d2c456a8d2c7ad54b761,1,credit_card,3,194.48
"6dcf0aeb8b1eb4021c26e1d0e9394979",1,debit_card,1,318.97
"543933b39ebd50e13884fca2829ccdf8",1,credit_card,3,36.25
"7a47bfd32ec0555c396657f5d98ef7b7",1,credit_card,1,217.64
d416617c5fada61b01ff48ec39b4ca46,1,credit_card,5,128.90
"621d4b50a57e7b6e6d047671cb86cdc1",1,credit_card,1,54.43
"56989126486c2d5a8797256f0011753f",1,boleto,1,37.69
"84d6df1502174f59ff3fe418b7e81786",1,credit_card,1,95.37
"6cc4f76a3cbfa54f4dd7d78df8e4bb85",1,credit_card,1,88.32
"00e6bc6b166eb28b4502c1cad4457248",1,credit_card,2,85.86
"8207dc60d7f55f4ac2b9601f02eeff29",1,credit_card,8,235.59
"1c0eb7262ceb60db69b3825f1fb1deb8",1,credit_card,5,67.11
"93b94a19e5546ce4eac9c4eac62f5465",1,boleto,1,159.41
ccb8ce3ffe5d4fcd8e6ce36276f9512a,1,credit_card,10,353.76
"491830ceac81983791103aca18acb421",1,credit_card,2,22.99
"622f88a1cc651ffb9ad8640298fb04cf",1,credit_card,2,45.49
"881dbb4e5e7c4118f6958b3ef811ffe4",1,credit_card,7,77.57
b9dd3c9858c240eba0ec042ec9f47c01,1,boleto,1,131.51
f879bf0e0b59e1dba249de988e36d3f5,1,credit_card,8,103.14
"13aa698f0d1ec97c9fa5dfad0639aa59",1,credit_card,2,100.36
a900c7725ebcac4b0f0ec847dc715396,1,boleto,1,39.63
"778ecfb1e51738fb3f885c62f76d5519",1,credit_card,5,170.43
b7a4a9ecb1cd3ef6a3e36a48e200e3be,1,credit_card,4,41.10
"17ad13a5069275b16fe6b68460d1545b",1,credit_card,4,55.09
"8ad3ff8de0c9473f99616e4dd7bfe7fb",1,credit_card,6,62.65
"5939a276152174ff719ee375114e0775",2,voucher,1,75.21
"3386674e0363653ac5f71597d88d80fe",1,credit_card,10,1861.26
"2f48ebdc1794aeb862ea825214ef13b4",1,credit_card,2,75.12
b87287b5e32f2ab2319f41ce30055288,1,credit_card,3,100.24
dbecc01973f05c9adadfd6ae5f50f224,1,credit_card,1,63.28
ece689b6d40d88ddb1a8de932fe6572a,1,credit_card,6,338.37
"6804819a81c7f5ddaa37b18b5824ddd9",1,credit_card,8,262.24
"7dbbb0cf6abae430040bc4914055c036",1,credit_card,1,84.56
eb2e026bae01f340ff4c0cc9aad6aecd,1,boleto,1,141.30
"4671212f0e4f559c957baffa7a97aec5",1,boleto,1,232.06
"35c66e9b12fe72dbb0b8d34af424c3cf",1,credit_card,3,83.68
"1ab6256565ac0d87b4f559d9171b9323",1,credit_card,3,168.49
ddf67cc31b78ae6a5b969da2158d6bb3,1,credit_card,1,56.15
f82746601c1969d00d63e14a786f322d,1,credit_card,1,50.03
"3f8e641fbeeebd6f2d786d0b280e300c",1,credit_card,1,171.63
"3641f9fa33b23a96ddef8d28f440d8db",1,credit_card,2,200.35
"2f19a710f074d3785ffcc76b24e0c905",1,credit_card,1,61.75
afca5fe0f14b7178c97f8cb22611f584,1,credit_card,1,85.16
dcb56bf601ec6f24940b3b1ab0aa5e2e,1,credit_card,5,50.10
"917e10fa00bd5acea0532dac72f09e68",1,credit_card,3,71.43
"19a24ba386e8363a6dd9973d015e5410",1,credit_card,7,76.79
"190e8611451cfad038f032f548f44c12",1,boleto,1,109.69
c62927ace244ef7506c5f27952c158aa,1,credit_card,8,214.12
"51c6d2f460589fa7b65f2da51e860206",2,credit_card,1,32.13
"9856503e3360fab415c2efa086e44c85",1,credit_card,1,34.13
c5f664e73dcc25378764b81c1de812d9,1,credit_card,7,82.03
"5d502df088caeaef73c83de571ef31d7",1,credit_card,4,89.28
"0ebf8e35b9807ee2d717922d5663ccdb",1,credit_card,4,170.84
"56474ed1d027aa1916357d337c62ec41",1,credit_card,1,99.74
"33526a04c7941ab386cc410962b171a0",1,credit_card,1,62.11
"43f5b8a8303562c644185a6bfd2cf3dd",1,credit_card,3,160.77
d7856ff09c1797f7b7ebffae1cbd483f,1,boleto,1,183.85
"54abf521e33bacc71760b64de5b06e4d",1,credit_card,10,180.91
"4225edaa7ed111e8f866bb6e60e2152b",1,boleto,1,52.71
"1200ed0c118de7e4524b65918a42c990",1,boleto,1,60.08
"726578ea1b027b33080a7a807e97941a",1,credit_card,1,114.44
ead9d718dbe26ebdb5a79beb5f31eff6,1,boleto,1,97.54
"5d3e9872c4d4dcdafa21c09eb064171b",1,credit_card,3,168.30
"91c96626f9e13b1b71a1f3e7ed52dd7a",1,credit_card,3,102.69
"97530dcd3262fcc0ee8a111879549881",1,boleto,1,46.26
"5d90c606cb92f1bd781a311d5ab61a75",1,credit_card,1,42.87
"029b1d3a355dec12cfed60927f076a9d",1,credit_card,4,252.38
"6c4a7301e854d61f245807b71ec7642b",1,boleto,1,67.53
c067fd2a8d499e47d3399202a11d268d,1,credit_card,4,357.13
a9d574fb4532cc54b608ac0218225ed3,1,credit_card,1,199.64
"2292fcf4509e47c46e20904e756678d3",1,boleto,1,483.43
a217f4efd7ecdbcd9db88791945859cc,1,credit_card,2,175.11
"24dbd92c00bc26dd90a7bbd90f070517",1,boleto,1,143.22
f40cab00f0f0f6d8f315adcda77fd5cb,1,credit_card,9,97.87
"1452442fe3e8cc6d3a1a8d8fc92dc019",1,boleto,1,40.13
a2ea081c06c12c25c068089e4985745a,1,credit_card,5,110.00
aa9ad68979542c3f8ed32282cafdc50b,1,credit_card,1,49.64
"7c15b7f016feebc19af2f23f5f8b9e4a",1,credit_card,3,183.53
f2773a0bd567f311e593f32952c57422,1,credit_card,1,35.77
"1ddf482b18254ebd8a07327e9e07aed6",1,credit_card,1,127.53
"4e99d33f688f3a9af1feb6d2f50d7509",1,boleto,1,306.86
"3e6c47c1a5871e1a0280ff8bf3a236c2",1,boleto,1,211.25
"103355b1bc5b63508c20e2b7eeb58961",1,credit_card,3,139.81
c0603a22603d11f1236324c7e8da1478,1,credit_card,3,85.34
"6e4364b18cae5024bdcf197ba3a2d1a2",1,credit_card,1,84.14
"0901f97cdb91762c043d2330c81919a4",1,boleto,1,410.61
"2c5925c8d72a163016e91d103b67ac9d",1,boleto,1,34.96
c475a9d8286befc2ceecf1bd07f03a25,1,credit_card,2,111.92
adf0faf55bcd8289814220aea34f1e4b,1,voucher,1,91.30
"930fb714ff2992c4ff14bf920af830e6",1,credit_card,5,206.84
"37a7476e58da10721b5e55ba4be6807d",2,credit_card,5,129.16
"4c10ce99bdf0d8e1e5d126a6c40b273c",1,credit_card,1,178.27
"11896eca4737d6de23fa36ce716f559a",1,credit_card,1,30.38
cad74364289ac320e036ecf2a457c562,1,credit_card,7,73.16
"6c42561edb555b388b19e7bd2abb27b5",1,boleto,1,66.78
"5971d3979142ba818940da403e01d08f",1,credit_card,8,921.26
"289a8144990935d17cbf39c255cd4d3e",1,boleto,1,61.20
e1d9e9bb816ce0bdfaf1cd02b96c6d10,1,voucher,1,28.57
"2816a544a7b660bddd5694f1f626e57a",1,credit_card,4,84.51
"80271f9179f6d8df256f964fc2cc1c6a",3,voucher,1,4.77
"074d6aba62abd52ad27529d3fb746260",1,credit_card,1,111.81
"1e6f350c900ca357945126e20117d293",1,credit_card,1,2.13
"7110bcab44594321876407867f1fc66e",1,credit_card,1,42.59
eda6f38dade9e617edc1883e14094491,1,debit_card,1,115.51
"5a9f106e9db0c818cee0c5c4a5efb352",1,boleto,1,65.46
d18615ef0019feab117532f76cb5953c,1,credit_card,1,171.79
"84c1ef4f5624b36f93862b353cd6fef0",1,boleto,1,155.14
a2aa0f43175b887d8c74e0c15811e9c5,1,credit_card,8,486.45
"47d11383b93b217d96defbb2ef1a209b",2,voucher,1,2.64
b69113e2cb7e946f2aca03d4eab65c0f,1,credit_card,1,92.97
"6b460c25c2bb8e1323536e9e921d04a1",1,credit_card,3,72.14
"89ed06112208a473f65e0f9f40fc5af5",1,credit_card,1,73.65
"0e252f244129af793f666f4b89a83478",1,boleto,1,430.53
"443038d9ed6b74bc4f7bfa679ce81bf1",2,credit_card,1,46.41
"9e01038648e0a5eec4646fa5fd32b322",1,credit_card,6,144.56
"5bb9511e1d233eedad299acb511799f2",1,boleto,1,483.87
e90f54c60527a57006c1beb79d15f03f,1,credit_card,8,149.90
"4c08f008753759d67d8ef45942f1a891",1,credit_card,1,12.00
fd863d3852b0a9ebf6b0669312fb71b3,1,boleto,1,135.54
"469c998a970002ef15d7e16d4b716576",1,boleto,1,149.15
"09d91c794f1841e2af74d07d08518980",1,credit_card,7,142.26
"4fc7baf99c39f26dc14168981f918554",1,boleto,1,47.69
a4f71a0d584883f990018a219bb7dfb4,1,boleto,1,211.48
bb2683bb3a0698a14f77b5f8f3749a04,1,credit_card,2,50.62
"06b709d62777971bc95e6c32886f3ddc",1,credit_card,3,191.67
"0ec04706b50b8bc69a14dff0d6a26f13",1,credit_card,10,536.00
"4f05cb36ebddf2978e8e2460f4a4b8f8",1,credit_card,1,317.26
"8238c8981751f59176cb33a393282ae4",1,credit_card,2,199.40
"02725851051698269253f0823e7824b6",2,voucher,1,22.13
d3d00f8dbea1b9d5ef529fbf674c9a58,1,credit_card,1,102.88
"44ce5b2db8d5cdec03361d95f88fb2eb",1,credit_card,1,33.13
"27a940efdd448db29463b53ea0cfa2f4",8,voucher,1,7.80
b4ed4f83279457b6eae0d4c1c9ee8aa2,1,credit_card,1,41.29
"05c32785b5245ab31eb5bc6b0d41f698",1,credit_card,10,2115.05
"77e63cacbf44d28c73e6ad56e430f477",1,credit_card,1,78.86
"454cb0db642a26f9c2035ae1bd550e72",1,boleto,1,36.69
"27f60f8461adbfd9213bd35b38206bfe",1,credit_card,3,158.80
"9ba78ea9b6527e1882ae9c8a47c8f4b4",1,credit_card,1,84.17
b3f7e36f7ae979c02959004e9d800387,1,credit_card,5,70.04
f83c27b5d5d61505da0a4ce01db3dfd3,1,debit_card,1,377.42
"1902edc0a39be5841b628fd08022090b",1,credit_card,4,233.07
ea452bd7da485c9376c3112226d21b25,1,credit_card,5,276.20
"376b1ea6b9a96720773402f653a01f56",1,boleto,1,65.00
"5a892744c3b95e66967667046d882541",1,credit_card,1,70.83
ed04a2b3c21cbcd90c2071a22a8cbda2,1,credit_card,1,52.53
"7c6b6a9c3d77dcb56f9d216b3edbb1a9",2,voucher,1,100.00
f2d6e146e252aff67545075d6bca048b,1,boleto,1,322.80
"5ebde480e2defdfbc67474e5a8fb8520",1,credit_card,3,102.03
"3e7a5341d84707eefa28c4d2273e60ae",1,boleto,1,29.33
"3ceffd7bee6a56cbf4adea01c19a5d17",1,credit_card,6,303.46
"993d5d78bd251d2ad7d2607110a04bbe",1,credit_card,2,71.01
c78634fb21ecbb54b2b2498a660082ac,1,credit_card,10,224.32
"77e548d1df3a7054cc11757ec6a0af59",1,boleto,1,28.08
"59463b9c36d6a23c7c054114382f6d33",1,credit_card,2,92.90
e4e7f051862316f8ef1e82166c55cdea,1,credit_card,1,113.86
bb8a1765f503bbd115a1c138cc3b75d4,1,credit_card,10,298.07
"2134d396310778467ccd627cd6c0e7fd",1,credit_card,1,86.15
"828acc6ccec3081f5615750358c691db",2,voucher,1,99.83
fa83009fc243c5d6981fa7c5b71b13aa,1,credit_card,1,40.00
"2db4621a93302d25385a676c6d426954",1,credit_card,8,469.60
d8cbc79d1dd84f3c87cb2ca7663c930e,1,credit_card,7,306.28
"17e880ea1c52e7b2c6ac7485147bc060",1,credit_card,1,38.10
fab28f3d1cfbe171566884703d82682e,1,credit_card,1,20.75
a5a4c85af7827f2a7ec7221ee9a5fc9f,1,credit_card,8,321.72
"2d4725d49513bce62ea366e8f0e213ed",1,boleto,1,150.47
"6257920a3e9d55dde77fe023d8a24979",1,boleto,1,144.88
a4c753e682af75ae3bfafe65f6133f2c,1,credit_card,2,99.37
"5667755369e8d8198dc1ecabb443abf0",1,credit_card,10,381.88
"14154a306b926b62ae99f4ad34bfb206",1,credit_card,1,181.76
"4d482023bb4e9eed15c299bf7c88d7a0",1,credit_card,1,67.23
"5528a3c9850e07ac5eeea39f275d6c5e",1,credit_card,8,304.47
d2ed261659527fede5c1fe6fc288c366,1,credit_card,1,43.00
"95d825d3c9ac0db6ca8f1e567cec7586",1,boleto,1,139.02
"89c55bd386693745979c858f5a2694b8",1,credit_card,3,96.87
a5f76c8d3b285a86d564ee16eec3f013,1,boleto,1,958.84
e22dd2bae96c7c1909225e77fc1a2a31,1,credit_card,1,32.43
d8874b1e052a1771375e5b95b0b739ca,1,credit_card,6,66.67
c659935fdc19ef6b13aa33fb990a2f81,1,credit_card,1,34.58
f934d80ca76365bd394059be22a837f5,1,boleto,1,102.64
a74cb53f1dfb60049bbdb2863f793575,1,credit_card,1,133.56
e21ac3b366d8ae9dce431413dbc2ccc0,1,credit_card,2,47.64
c4b2f28161989ed10bc95e7c3a7d1dd4,1,credit_card,3,51.43
"89fd0af8914b1f149a531f98a183a860",1,credit_card,3,60.34
ee590d1b6e4571a2c03e30571fef072f,1,credit_card,1,35.32
a4eb9fa781defbbdd53c5864fc4802fc,1,credit_card,10,233.05
"55aeba08a7d54fd54220244c4dfdb559",1,credit_card,1,56.69
ac5dbdd1bd9d027a65020cace8e357ba,1,credit_card,2,68.61
"24f9d59b5717fed5431455ac71a4a371",1,boleto,1,148.06
b374364a416f6bd7a376e466e60415a5,1,credit_card,2,131.51
b1a8e82d3980a5c20c95ffb4a7572f09,1,credit_card,3,419.04
"3f0f2949423ea4caec394b9d09f075dd",1,credit_card,6,235.42
c6da623560d211f315e175c9af4c8727,1,credit_card,3,76.50
"8d09be7463c1efeee8b602d1f0d3bf50",1,credit_card,10,152.31
"263f5778d1130e9c186958780172a107",1,credit_card,1,12.94
"08d2ae79008d5da4528a04f28c72f839",1,boleto,1,153.20
"7c644ea34ca017627bdfc5a5465a14a3",1,credit_card,1,56.14
e6645cd574bfc71b276a102797036491,1,boleto,1,101.16
cdd2f841bc21ca6e8cb60fe51a640bd4,1,credit_card,5,195.12
c29422d62477f7eea0a105efc492443f,1,credit_card,1,70.91
"982a2255031a99176b6786069e8fa1ae",1,credit_card,10,253.18
"8dcaee0f4bbb1d46a5f71c8c575b90dd",1,boleto,1,93.01
"55314fbf301db20ce06d233511d4fdbd",1,credit_card,1,293.12
"26d5146a6a102a692d0b159821a3d520",1,boleto,1,140.08
"39af2b85fcc6f1bd12289081f36b4a03",1,credit_card,2,84.52
"8732033fb707f8ee6155112c39a727b4",1,credit_card,5,116.45
"8aee9dd7a741296bbc17f17fda6c1a57",1,credit_card,1,68.89
c502117a7895e7931e1362f69676ec36,2,voucher,1,16.72
"9c90fbe071e26ccef32878449010af00",1,credit_card,2,177.80
"9a5463c5be32caedf26ee1c5af6b5459",1,credit_card,1,63.62
dea797c7c316b451316f16073995a03e,1,credit_card,9,92.80
"7b27aa8a07339a1e651fce232621d0cf",1,credit_card,7,746.83
"9b7f6a07a07a4c0bd19e65f861f29f6f",1,credit_card,4,122.55
"777f0ad29bd0edbbc5d6310b898685d7",1,credit_card,1,264.38
"9cf86370700477e2bf11be1e7f3d16e6",1,credit_card,6,215.04
b1b7d5ed61bf1eddfc24d53ce60f4f71,1,credit_card,1,74.08
"520ddcbcf0082ed43b0a73ce1127f073",1,credit_card,1,33.75
"3e65d8271b054ca287c93d4b56c55386",1,credit_card,10,162.85
"4a0def7a91395d10ccf5aef87e5ecc61",1,credit_card,3,93.82
"3485750732f5130f210ecbed8073213a",1,voucher,1,12.45
d6612c0b5c2faff1e61d05c65f643f2d,1,credit_card,2,127.92
ca6252bde978788e50661599ab1223bb,1,credit_card,3,102.35
fc0c50f90120412d596dbda411f6fbe4,1,credit_card,1,37.13
e4ebdc36e9be01cc621e8e30394d3eb0,1,credit_card,5,58.99
"5db9b8f52b7f31e8ff3bd6111936000d",1,credit_card,7,91.23
"8fda82d5d041f776798e037d6628bd89",1,credit_card,1,105.18
a38cca6e536fd8ada7779138a6e36d43,1,credit_card,10,112.45
"3d1fcc8acb99a614e2f84ed9ee3417f5",1,credit_card,2,147.35
"59593e36c1e6a46a1cf48a5af3c6ffe5",1,debit_card,1,201.16
f644bc7cdc4cf0854f50017d5ccfff50,1,credit_card,1,142.70
"39cde8f6f6f076f3983c33a3743b8267",1,boleto,1,42.23
"462d95e4a92c40052f2cbbb3cfc9dba0",1,credit_card,1,12.95
"0487b772aa23074a39079a6967041b72",1,credit_card,2,42.06
"9c478c10c15e4728df3923eafb5856e0",1,credit_card,1,310.44
"10a59a093f3cdb6180f929e3e5637728",1,credit_card,3,71.43
a891f3efca32da79bccc94e6e69fd3e0,1,credit_card,1,16.96
dc170ecd2fefc21a44d0040b830dfa60,1,credit_card,1,231.25
b420ccbcb8265772b8c13687c24bb5eb,1,credit_card,1,53.54
"57c33fcace2177cbe5a1a1b7295434b6",1,credit_card,1,61.61
"5c3fbb4009b158eb4cc91a0c6747ebfa",1,boleto,1,120.09
cadb75b4ce8646d41b77eff5faa5d300,1,boleto,1,62.92
"246e2c3c7b7c4759966d8a76513b0ad8",1,credit_card,4,46.48
"39a74c4560e0e96397582d0a8ce8781e",1,boleto,1,73.64
f257772187b4e1bcb05ef74b3420ebfe,1,credit_card,3,50.22
"776e5572d4969b8fa5b72b0fde398f6f",1,credit_card,4,47.53
"1a510b9dad9c83a12012f3e801a015d0",1,debit_card,1,64.62
"4c9fe44922012f11eb3505ecd89cb126",1,credit_card,8,587.73
"718c9dc6e24a5dbdfe4021ffb9f5f63b",1,credit_card,1,32.38
ab76f54a321a0431ef243b3b6865078b,1,credit_card,1,189.07
e0e3cde1bd7f993b460771481843727f,1,credit_card,5,180.04
"68415d57efd64c95acde8ec7720ebbe2",1,credit_card,3,121.10
"731397db58924330b01248c031dc6281",1,credit_card,5,321.51
"61fc6c3134054ef03e72d9e1f9b5d4fd",1,credit_card,5,106.80
"79e2067169f58128a02eb6d4ea2a7372",1,boleto,1,29.27
"702c1e398b49275935f9d3a6e344083d",4,voucher,1,3.10
"0ded624c5ee2b7b281cb9495e5eeb502",1,credit_card,1,36.75
"3cef2febcf9500f2509317c92f432e8c",1,credit_card,2,45.09
dadcb1104ce71e829a38e9157aef966c,1,credit_card,1,1.68
bb299ee4fb79d4056dad3e6bc0aa8a46,1,boleto,1,57.90
"0e053aa097eda67e25b3934ef3eca8a8",1,credit_card,1,218.30
"5ff620977c1907f6694bbbbc716cf0d3",1,credit_card,6,65.71
c80905206d43c8d2105bc9c7fee90ae5,1,credit_card,6,139.33
"383216723797f06d317fcfee172ee005",1,credit_card,4,46.75
e365857ddb17a012e5120ac8ff489d5a,1,credit_card,1,113.62
"3ee3908bb8219eefa5d3699d6fdc6d75",1,credit_card,3,204.28
ee2f0d39fe889731ccbb005ff2404e34,1,credit_card,4,81.41
"880da098e6d00eb875b766a0cc533ede",1,boleto,1,42.00
d91fb0012308a7be17b8f4fb3534619f,1,credit_card,4,46.39
"4e3bb52f6ab81cd1d26e60a8ef12ffa5",1,credit_card,2,256.33
bbf796534aaf9c59f8da8c7982db56e0,1,boleto,1,103.40
"4d258227c281c143610f791ad313e0e7",1,credit_card,8,213.16
"07242eb6740fc0feb5044eda405a4782",1,boleto,1,118.28
ba45595538a13176b4850483d5f787e3,1,credit_card,1,39.48
"85c0ddad95967f361fd9cd9e3d1886b1",1,credit_card,1,29.42
"38db3f25d229356a18d8edf5a7bb4227",1,credit_card,4,233.98
"382f41b6bf5fb267fa9edeb99c171918",1,credit_card,1,34.59
b3d81ed08686a0fcfef9a9c3d5db6571,1,boleto,1,77.66
"8775db0297a64cd48d3ea12be875d907",1,credit_card,1,128.14
"37b8c558c5edf11ec6b82f288bcdcf8c",1,credit_card,3,30.77
"954399f1952a1ac05b51b69077de29d1",1,boleto,1,58.53
f19b492f25812691633dffcf530146f6,1,credit_card,3,182.84
"963b30eb819d6ba60329a7510e4e3d0c",1,credit_card,9,94.00
ccbc6d72962da1952d471d3bb26cd5dc,1,credit_card,3,184.12
ea337f88a8c5cab4e99da87460f1b99e,1,credit_card,8,213.56
fed8a749f5633fa9f58ed475eb2c5cef,1,credit_card,3,92.97
a2e0ceb6d71b7658cd40852920066f75,1,credit_card,3,166.63
"7c25901497bcbcd47e95319a15d2730c",1,credit_card,1,333.48
"8e81e473c93d414e73105233e248347b",1,credit_card,5,156.44
"46ab3e1c2c3eed0ed5bd72930759d25e",1,credit_card,3,31.75
"922404efb7691bc5f4c252544e580266",1,boleto,1,125.90
"74500bfc015eccf3d38f95558177b21b",2,voucher,1,5.38
"45ce374cd293f6539ec1711a93f94aa7",1,boleto,1,121.90
b713808dd06ed1a61d95a024a3e367a1,1,boleto,1,146.46
"49afa8bc01b5b6aa01e875a0785cc7bf",1,credit_card,4,41.53
ebb615f4359b27e961316b3959532f6c,1,credit_card,4,43.27
"926f8e6e4b3febd66f57a92de958be15",1,credit_card,1,119.48
c190d3402592ee86d5e9978ced572730,1,credit_card,1,143.54
"60dc36170c9cc8c0215fafa26627670f",1,credit_card,10,1583.71
"5c37d6b170816f736bfa468714b2b41d",1,credit_card,1,92.06
"69caec6bf6c49c8f601f8327d8d5a7b0",1,boleto,1,117.46
"6bcf3c377d6129005ea42c8a6a635077",1,credit_card,1,43.60
de5a57660fb17fcd0cb97f5874739ddd,1,credit_card,4,165.79
"72c3f657842e35f5d5279cc0fd06826b",2,voucher,1,12.14
"6fbe92e0f9d5a728e3fd2be036b5ab05",1,credit_card,3,220.28
"7aa62957446715905f98f714be58f580",1,credit_card,10,461.02
f0c5109edd3bd711ebbffac37016ac1c,1,credit_card,1,91.08
fca51312326fac3f7def0bf11016a269,1,credit_card,10,350.54
"444134534ff42a9631f932653df1d132",1,credit_card,6,130.80
b3c1851a1730d45ed539eec30414e580,1,credit_card,4,218.91
e0ed91e2a699499df74df781f551bee5,2,credit_card,2,109.81
a8b6cffc34d25d7c6dea874c364232f6,1,credit_card,2,63.91
"7785a907a1eb9355527aa59cb42a8e5b",1,credit_card,6,92.20
"0f55ec65ad1f38ceeb753846d0684c52",1,credit_card,1,69.24
"9f7474d5eab299f291d474286d5272ca",1,credit_card,3,70.27
ad380680e87dea0f2abf5cd5bace626c,1,credit_card,1,74.38
ee042330f80b0d87dd274c9f9b29a46b,1,credit_card,1,80.56
"8fc1991bfbb78b4d939d11ffef79c398",2,voucher,1,136.16
"512cb4c82f7b26c042549170d150ab45",1,credit_card,1,46.13
"54229efe6f82fe1823cd30d0cb839c3e",1,credit_card,6,96.80
d4c9b64645181fa7193ab68ae9ed3422,1,credit_card,2,391.15
bda31774eda0320ee68c33da94027e4d,1,credit_card,10,146.01
c13f61a17915a48e0741b02a6b7a3fe8,1,boleto,1,72.90
"8a8bf0059b86c0231bacf33f3dedcba2",1,credit_card,10,313.40
cffd5f25c5b79f9d24b419fdcf74befb,1,credit_card,3,106.52
"69c7a1e070c1759e15f7a5fd24c36e5b",1,credit_card,5,134.76
"70de10a1734ff16b0e8e5f6f14b3bfcb",1,credit_card,3,49.10
b1b5b604a5e207c764779ffb50527018,1,boleto,1,117.97
"153c105b5a1425ffa8a444fdc98f1436",1,credit_card,6,294.37
"7cc85185736ea7f2d8bc09af7a47cab7",1,credit_card,10,194.91
"583f25389c1ba1869b3311c5cf44e9db",1,credit_card,1,59.05
d8e60d045809e16f66fdc3f775d0e870,1,credit_card,1,177.37
"26499163fd30a5493b2e498337e9e2a7",1,boleto,1,242.02
"25a6470fe0861e38f167701818706ce9",1,debit_card,1,446.54
"867711b4834ce56a43da811777ea6ec4",1,credit_card,1,65.01
"18ef2a64141eab548a2c46df2545b1ee",1,boleto,1,27.78
b29f6f52b330f04b5f1f4fb369b32cd8,1,credit_card,1,74.39
"9d77259cf0f321f678b1039dfcad920f",1,credit_card,2,78.30
"82b1c20e33da405ba22cded4ff91d160",1,credit_card,1,32.77
b96d1eec0b6f42ab363018c8f68c2254,1,credit_card,1,72.07
"2964b6cd27845d965963bb6559e85b45",1,credit_card,3,112.53
"4fc94c8676998593a574d390d50dea42",1,credit_card,3,149.86
d5b7a3030feb818d49d955a32425d329,1,credit_card,3,106.00
ead4c08388cefdf5b94b748b223c7c33,1,credit_card,2,176.18
"6c9fa8bfb266b4c7de3e162fb28f46d8",1,boleto,1,235.55
"6d6d16957081d6989c08a9622183623a",1,debit_card,1,525.79
c8bedae351d76a3163c9840172c1285f,1,credit_card,1,34.38
dcd37d4b107e3f9e086e4b0ff4d087e3,1,credit_card,1,62.63
f54b76164346da8a6015b7e92a645f58,1,boleto,1,143.92
"23812c2963ad9ad601c4d9ee5137834d",1,credit_card,10,228.79
"7a8fd05a340c38948f7581e765cecb09",1,credit_card,3,85.60
a75677de97d29dd137bd7779428d9aa2,1,credit_card,8,250.11
d933bc3298b938687c5aab9685d2108c,1,credit_card,3,189.72
"420ea4ffeae87855d2892618fb9f25f7",1,credit_card,2,71.17
"5b491297893cc6ff027713e3b2023461",1,credit_card,1,53.83
d199e49e9cd642beda8a36b85fd6d51d,1,credit_card,4,102.03
bd4e585db5ffd50b1b7334b1dcb0bdb5,1,boleto,1,46.34
"5413211efa4372ef637627d1e59d2f82",1,credit_card,3,157.10
dcefbcc0abf928c96a94c20fdae4e85d,1,boleto,1,165.12
"8ffb58ad396250f240a3969dfbbc586c",1,credit_card,2,164.32
b183c7bc4664d0f263a7baf78c494ab5,2,voucher,1,30.12
"6f56d701fdaa7fc3575ddda3bed5fbbb",1,credit_card,5,144.10
"5f65d36eda0c674421f691f96da9fdad",1,credit_card,1,119.25
"8d625aa81a50cd3c9f3676de0f72c111",1,credit_card,2,159.25
f1220f03c020da223e4280a3c8733e74,1,credit_card,1,102.47
"090353bbd0b20f65c374b389aa15dcf4",1,boleto,1,120.98
"966c90ba25d70f16e21511a31533928c",1,credit_card,8,99.80
b2c7ce470c3bc3cebaef61950a33f2f8,1,credit_card,1,384.86
b02fefc3800702d58c988da39c132902,1,credit_card,10,761.82
"39730c5c34015c1ef1cc42708264b56d",1,credit_card,2,127.77
"7011940c8a7bd25b77832ee761371882",1,credit_card,4,114.83
b1b1f1599820d6e5bfa1f1d74236bfcf,1,credit_card,3,63.70
"36ca6c9bcef057ffdfca22de9dd7bcdd",1,credit_card,1,328.17
af71d2ac9926b3c080b892c4882849c2,1,boleto,1,56.86
f49de64f8655abdc94a86603570e10ec,1,credit_card,6,77.23
cd1d0fcb30750e22b9aa142cefdd532c,1,credit_card,2,114.55
"5545be5d02a0d70d1e9b038bf1a5acd7",1,credit_card,2,126.92
dc37184f657b0a29cc075bb4b6adffad,1,credit_card,6,123.79
c8343fc16f5a843a22f2b56109a052d7,1,credit_card,1,74.59
"689fb8f117f6d979dc761429176bb52f",1,credit_card,3,148.15
"5441ec6c31e10fcdf8e336f1cff74659",1,credit_card,10,212.76
"215e5233d56b418ea25a08ca57b67619",1,credit_card,2,52.93
"348ca978ba86600e3f6e9b984c52e6d6",1,debit_card,1,123.40
"0ad01dd05d74bc7891d57312627ec33b",1,boleto,1,158.09
"14a51ed90079fbc00365d6848d837ff3",1,boleto,1,166.96
"51fbc7ecec17e2dbcd5c495410af77ca",1,voucher,1,51.49
bd949e84979feb82c855184c3f3e5d13,1,credit_card,10,558.51
"2aa91108853cecb43c84a5dc5b277475",1,credit_card,1,193.98
"84c9f6b767643adeec531d7bdfddbf24",1,boleto,1,142.92
"194e7b03e4469b2bcc7ba3c353077252",1,credit_card,1,54.60
"8d009dd4bfa1f56a289579b630fa3b83",1,credit_card,4,62.56
"9c7950262e87089fd79aef7d4e4cd6e0",1,credit_card,6,272.97
"0fd3cee523a106ac501c4cf18f56a4de",1,credit_card,1,96.66
"360b84029c125bb8d4ede52585f058f2",1,boleto,1,31.77
de88fdac933df6da5421631550f027c6,1,boleto,1,36.01
b0edc0b20a380c879d0775721c5b5b20,1,boleto,1,52.10
baeb826b97cb43645b7c6ccb5439b6ce,1,credit_card,1,29.33
"1cca16d3b88e1b2943ca5e33391782ac",1,credit_card,10,276.97
f5cb5068f3b8d01c82803f3fc7924e35,1,boleto,1,324.96
"07df21cf38c17b4fef05f15d23e3cce7",1,credit_card,1,177.92
a546163c0115aaba54fda7298ac1d55b,1,credit_card,1,85.35
"72b9d86fe4e984d9879013b9ecbb25db",1,credit_card,8,101.38
b7052b027c0d0f9034f466378c59248d,1,credit_card,2,48.19
"5f134bb3f194debb9b0fe39ca07f2b41",1,boleto,1,607.87
"6c84c7c7fe25c0f6f1cd09e00e70585d",1,credit_card,6,146.32
"723ad8c008a67d2af51d205bec0a69ac",1,credit_card,2,32.00
afbf35931e267fd7988736eea16cdb9e,1,boleto,1,65.81
"732d14176b86ff078b82fa071d56f74c",1,credit_card,1,53.79
cd9f7b10571863a4339b5ccdd2365f2f,1,credit_card,1,36.84
d2b9580c38485b5aa4eb815c689c3164,1,boleto,1,148.58
eb6b32a82d2459d0ce7f2089f9eba0f2,7,voucher,1,2.99
"5384eba8f22866695801e33c6dc25745",1,credit_card,1,60.80
"9a46cdc990154fdd2ebac949bf7ebbfc",1,credit_card,3,38.20
"6a346db02422265a67627acca3eff776",1,credit_card,1,167.53
"9c0edf679ee9524c3cded05020212ca3",1,credit_card,4,146.38
"79ef4ff8ef06547d209ceae576bf9f52",1,credit_card,1,21.89
"518d8ea442ea12acede1c064a54cae32",1,credit_card,5,226.36
"64564c30af3f52390a890a66ec0e7a45",1,credit_card,1,71.04
b495fd147ba3d65a05f35d76239c22ce,1,credit_card,1,51.63
af1eb996572603fd366f5a1a862e0540,1,boleto,1,97.37
ddc1ad74baf8bdaaaf50180cccb24d71,1,credit_card,5,180.26
"23eb2da1dca08746d9fafba58255512f",1,credit_card,8,109.18
be7d02ed4f9ec9a43ac0f6adade17ade,1,credit_card,2,112.42
"905abf7e67aedee76e5974a22bcef8cd",1,credit_card,5,265.84
"2db1d0694f169b74b5bbee207ca7cc64",1,credit_card,10,417.50
f1b3dc829876d87a130808b76d5bacf7,1,credit_card,2,193.39
aefe90553e50779cfa353170674e9d0f,1,credit_card,2,118.75
cf2d1ce92345a8db1f8b09ac4575aa7f,1,credit_card,5,55.23
"8a795486f112df15565463862960aa40",1,boleto,1,107.20
a92bb0beb3fd226d50671cf17587f289,1,boleto,1,134.34
"32006bb319deb6aa1c96bc8194382f2e",1,boleto,1,142.06
bd59f8334a4f41c92dbfe620bacfcbc6,1,boleto,1,53.80
"58aa4a2e2d2b63972e1c4508ed5f7cd7",1,credit_card,5,153.90
"0cabc61e5deb17c32904e1b512204efd",2,voucher,1,71.23
"0648c919c26e4ed9eae8879a4c17796e",1,credit_card,8,1023.95
"4b8a2d2dde058d83b31fa4f3d9ed88d8",1,credit_card,3,83.41
"246dd6417fa15cba189361fdf6907017",1,credit_card,3,96.89
"5a7b40567394cf2a17b67ace5ea32329",1,credit_card,1,49.59
"49d320895c0fd04922eff4cebfa20027",1,credit_card,1,74.16
"223f7c98cbcab2327a6e8b11e0f13838",1,boleto,1,167.25
"407fe646704ea7828e324c8ef7e7e616",1,boleto,1,445.19
"77c75c0f9b0b1c5417b62c696c4734e5",1,credit_card,1,55.11
"9ee894e843daa29faa726a8b6a85df35",1,boleto,1,273.62
dbc578f6daf094e54db6224e96514e09,1,credit_card,10,222.10
"58e8270bb23a598a7a351d4fc3a211a4",1,credit_card,2,221.67
"99dc6d9fbacb076c3843ffdc647b3c11",1,credit_card,6,62.93
f7057bf47ad8d184d0857bdaee0a1603,1,credit_card,1,28.29
"5d169e74fbced395f079ddcc33445dc1",1,credit_card,1,498.20
"15a4f6c29cc0499b69ef5c763eef4d9d",1,credit_card,1,57.98
"1fa463e9b5b2b6353d650ffa262c0a85",1,boleto,1,98.45
"8cf69b251bfcd650555347d7752a3625",1,voucher,1,50.20
ef27899be3cc299d6e7b3a0d9c895809,1,credit_card,1,68.28
e99d24bf7bab6f3b13feddbc3cca9cb7,1,credit_card,1,41.89
dc5f6cd4492bbffe5bcda9b87856c9a5,1,credit_card,10,108.84
e813b971361575cd2511e900b7003c34,1,boleto,1,489.75
"2d23b7b75beee56569dff3df10d61495",1,credit_card,3,124.52
f9f91e01e98440ee1e84dbcfad27fdbd,1,credit_card,5,109.50
d2b5e8f8cd2c6cbeb72e82d644255b6d,1,credit_card,1,54.00
c2509daf9e1312fea710fc46902c9da8,1,credit_card,1,76.30
"83b944375b2d2c1ad0e9cf45754f4936",1,credit_card,1,112.13
cfebb97f36814d6f42de3df1e03d0210,1,credit_card,10,147.39
"352b9aec1e649ed93ea863e41dc39439",1,boleto,1,33.77
"0bf5c5b5e96bce9d0093165a1697d8f9",1,credit_card,1,99.65
"476a432306780038e2403c30235817e7",1,credit_card,1,83.75
"51245e7e9f801001cd072ede8dcacb4a",1,credit_card,8,119.25
c8b69047cbbe06592f979f7a1ca08df2,1,credit_card,3,79.33
"9c7d732e52bedefceae52e7c45d13861",1,credit_card,3,143.92
"549969d8626a73173cba92ae91352b09",1,boleto,1,73.34
"02a0f7101947ebb4e6d2ec4c1c929bbb",1,credit_card,1,112.49
ca91862f94f3eb805b394ae462b669a6,1,credit_card,1,75.54
d200a7526c6d29e8c2742a0bff8cff14,1,boleto,1,87.76
"543698050075bdc4dccb5009076c552a",1,credit_card,2,112.81
"7910cbbb5ec1350cb4b3c519df4ec404",1,credit_card,4,42.00
ed9122a05b31e08dfee728dbdc8a2e42,1,credit_card,8,211.91
ef2b686edd39d4c6b594040d43489f56,1,credit_card,1,108.50
"4e10aee446b5dd3802f8c8e058581d2f",1,credit_card,1,21.76
"666a6228ea2363c308924bc929101d7f",1,credit_card,2,48.00
"3adc794e637a2ef67f006b35b36904a4",1,credit_card,4,49.91
daf9351361ff975f5aea7c82d29c5f3c,1,credit_card,10,190.82
cf49cb20f726614d8f2bbd281489b0b3,1,credit_card,1,83.14
"00ace652c8a5072670f30674e5f19844",1,boleto,1,147.26
"810f22c9d640f959cfaddb6c05be5504",1,credit_card,1,202.48
"73d609151d68d82b9e930d9e14458b61",1,credit_card,6,230.32
"09c74db044dfe6e7f2a6b6a6750f36cd",1,credit_card,9,138.98
"3202ed2f2aeb0f12728c23faf6b61bf8",1,voucher,1,41.54
a32c76ce96d7b4cf912b2ae1ee6a8258,1,credit_card,5,250.90
f9f7f1e70523c75e60755a32756b264a,1,credit_card,1,82.52
a333d6edad2cf5efe368d9a457c27fe7,1,credit_card,2,200.75
"3f1d84cdd6ee41fd2908f52f5f0bbcd0",1,credit_card,2,112.42
"460b00ca293dcd679c0c580ec1982f64",1,credit_card,2,163.25
"3f6bb104a95e5d4476c4f49d96951475",1,credit_card,2,29.38
e1cfb9f3b52a559974c2148551dea108,1,credit_card,2,139.42
"623d69e2357f35887d522d68a5775d69",1,credit_card,5,132.34
"4b084373ddadca63d02071a40596da80",1,credit_card,10,241.36
c85effde0ed0992c84e040a55a793259,1,boleto,1,159.75
"0dfba10b17bfeb85f083652263d258ee",1,boleto,1,119.25
"7a5f69256be6f46a920fd29453aecd15",1,credit_card,8,151.30
fe7387b4827383e4868b82be1dd12722,1,credit_card,3,46.96
"51bfdb83aacf1064814782f7109c6365",1,boleto,1,49.92
"867a96f5ffe70eb3e90140ff7c81cfc6",1,credit_card,1,43.62
"50d338eab6621c8872eb362f57f47fad",1,boleto,1,378.00
dc18a044b56ed174037ca164cdf2e921,1,credit_card,10,1227.78
"46f4a081ff99f052875639e33bf5d1d5",1,credit_card,10,192.14
"59023d9e8757da4a343b81debedb7cd9",1,credit_card,2,28.75
"17c4a954c13689e07cee2c1080a3a812",1,credit_card,3,179.00
"695f957c5e1c06e6e1669586890867f6",1,credit_card,1,91.28
"24e1c731364b64c76d98e985bfdbef77",1,credit_card,10,175.85
c5fd5386640ddd76adc482b72d24a02b,3,voucher,1,5.79
"4155cce59e4c6284e17f9143818b2906",1,credit_card,1,124.83
afe88388e4101e5724c27c83f0aca398,1,credit_card,2,62.00
"24848282f53cd38724e7f7e20bd4027b",1,credit_card,4,158.36
"4c08f008753759d67d8ef45942f1a891",2,voucher,1,39.42
"5bdef5e4235fe07e011df57d8ae8b041",1,credit_card,3,99.90
c993fbf631d32622efbe959e03fa636c,1,credit_card,1,87.57
"27dfa7167b8ea894c7fdd9ed01338ce1",2,voucher,1,13.75
"4ebc7efaeb93bd3bdb9eccaf404cd53a",1,credit_card,5,143.65
"87317718d67eda6146e87be5a4688d63",1,credit_card,4,114.44
"4ae6c814370d0a4b396355a8aabbbfdd",1,credit_card,1,88.92
"65c54a38da5958de135d565f7e344c6c",1,voucher,1,116.43
"2852b90d074ef46f6bf2f700a06ae7e6",1,credit_card,2,165.46
"5a0339c1df9cd94d7f04121e32f79ddc",1,boleto,1,39.00
"619dfdf03a86cb08034d2050d1967b17",1,credit_card,1,72.17
e0e86e74456d51674570c5ae13d36b41,1,boleto,1,132.82
a63dc2ae83b911134a651fb6fbef3f8a,1,debit_card,1,179.60
"3f79a9c310a0d09cddd05f95b3ebb4d6",1,credit_card,2,116.24
"4d4f0a2b7d8c2a94623536fd009a499b",1,boleto,1,209.20
"0f88fcbdd500681c7245bab9a68eea90",1,boleto,1,124.89
"298ee6136c29ce0b78bb3cc68591404a",1,boleto,1,206.44
e91e4fa5f881fa870e71c30c2c1921d5,1,boleto,1,157.30
"0829f68cdf3850bb5977ac321e0fb8d5",1,boleto,1,29.63
b4ef3881b4bce051c6ffcacae8ff12f6,1,boleto,1,343.77
"2e58b7c9ceac16033e568d728d30d620",1,boleto,1,68.35
"2950635023cad13f31781829ce4d6038",1,boleto,1,99.34
b240d7e249b17ae4e87e7fc8023378c0,1,credit_card,1,22.36
cbd6c1031c0e9d143f20669e385c5e43,1,boleto,1,52.59
"108901afd62abfc81344668ddc554620",1,credit_card,1,28.20
e22116e42381e36f0af20afcdba45065,1,credit_card,1,185.94
"32a9917a34f07cd1a2c04102e4989e4f",1,credit_card,8,608.88
"24e0c8a6c71a0f631d7bae7a647aa5cf",1,credit_card,4,299.18
"9a2e91dda30c4f2497618f2d8c181437",1,credit_card,3,45.14
"0670e42d70788dc30446908644d4cd74",1,credit_card,2,150.14
ff20ee702706d9e407a34de9fe2ff768,2,voucher,1,50.00
"1f7f6fc17884f319553d2983347edecf",1,credit_card,2,176.00
"6224824670743fa15fe90e0b3a1ce5e1",1,boleto,1,71.56
aee8cb55ea10efc990216987d7222994,1,credit_card,1,58.71
"9d141b2bebc8cf4060d3fe3e0d2f0b8d",1,credit_card,2,87.81
"97291e812341c4a06c5614415aa9354a",1,debit_card,1,177.13
"4bf1d1a9c60312c2e96fb9dd209e69d3",1,credit_card,3,123.60
a2538594406c450266b29fb9a0338424,1,credit_card,1,107.85
"4c7bd0abf84a8261c6d1af7ebb5819ad",1,credit_card,1,30.00
bb1d699eccd1fe0e0b22aea230eab2d0,3,voucher,1,7.01
"534c32e4a4a598bf5fb7d99a2cfd0f62",1,credit_card,3,149.96
"2edfd6d1f0b4cd0db4bf37b1b224d855",1,boleto,1,141.15
bacc701eec298cb5520f251e863cde03,1,credit_card,6,64.00
"058a84184b0421a60f75fdbda47862c1",1,credit_card,5,190.00
"31237045dc3ee5243375baaaa729188e",1,credit_card,3,101.61
"4cfe0eee95cf16affb0b1b647b379e51",1,credit_card,1,36.78
c141e82dd061bbbebac085233c86b4c5,1,credit_card,1,41.00
bbcf632e5c697b7e9666005c55d10a80,1,credit_card,1,34.35
ee6e534a07e12c5f2bf72cc7fc6873df,1,voucher,1,51.30
e5cb8cec63271f7ad2569b86e2eae45e,1,credit_card,1,81.89
ae9cea7635a780b7d610e7f6a56ace53,1,credit_card,6,226.95
a4328dcc082fa5d74c646f511b4ef7b8,1,credit_card,3,100.86
d012bfc203fbb4ce9a0b4e19c4dcb375,1,credit_card,2,95.51
"05b7b6d543fe8045020d831080945bfd",1,credit_card,3,142.98
"817f6bab5398dc6c74b74ac820418d16",1,credit_card,6,304.55
"6ace4fd24c8e5661014f21454a84bf1c",1,boleto,1,48.78
c589e814418706326aedc9f6760fb8e4,1,credit_card,3,107.78
f6d2c5eb0b39fd69a64eb7c65a15ea2e,1,credit_card,2,161.52
f061e8818fe8193a51388d6773625505,1,boleto,1,147.40
"2343345152ce9ee61f54b2dae18561c1",1,credit_card,1,48.30
f3458c2495b179f0e198030eb89b8ab5,1,boleto,1,224.27
"001d8f0e34a38c37f7dba2a37d4eba8b",1,credit_card,2,53.54
"349d896b203bc2e9da0f54cdf74f4d34",1,boleto,1,124.21
e312ba43fd734e1f7ef7a68593aec5f5,1,credit_card,2,119.79
d40811dee75b8f1713674d3dd8e67d3d,1,credit_card,4,45.00
f5e82fd73a7ac75d9b2d34bcde06ed08,1,credit_card,1,54.30
"003a7f59d7e08a9c61d9e2881fe6459c",1,credit_card,10,134.28
a120492dcf7f876a21a0b2d2aea9cee2,1,credit_card,1,67.60
a1748813f3db25c07ecae1736c744da9,1,credit_card,5,109.00
"21a8afe0ed14ff28046585ae724b5410",1,boleto,1,87.65
"538917e9e6d39e4e2f6d7480f7c2479e",1,credit_card,2,134.77
"3110b5fad81e43d7deeb4bb585bc43f2",1,credit_card,10,457.44
a4086a85cd42acc124fd2ffe7ae22fd3,1,debit_card,1,253.11
"189c5481e0ff2e96da113dfe289b88bd",1,credit_card,1,157.91
"974489a317d3b3f2e471a3e8d05ebeb1",1,boleto,1,62.83
"4d920656159629630f3cca4092065c72",2,voucher,1,40.00
"68986e4324f6a21481df4e6e89abcf01",3,voucher,1,68.26
ed3641039dfd0e24abc6ecef17cb01e2,1,credit_card,7,164.78
"0489818f0b5863c095a7445ee35fd7f2",1,credit_card,10,104.90
"122d77201f2281c9420f54d73240b310",1,credit_card,3,80.73
"2d8ddd95648e5e34bad27f931418e5c6",1,credit_card,1,334.31
"4d028c5d62c9bdda20aa01e4f03ecbba",1,credit_card,1,78.44
d3ebfd1dc904744872e585da7e4b170d,1,boleto,1,106.77
c1242e3f591a1f8ab11d51f2aedb1bb0,1,credit_card,10,107.78
bcca8157ee4f7b0cd2e0505b01764144,1,credit_card,1,167.52
e0e95960e8abbd803bbd543d2225c328,1,boleto,1,205.29
"670f31d9ca85d0b5430d0dc8f1d843c0",1,credit_card,1,121.38
e552cc00ce34ace475b05e3dcc85129f,1,credit_card,10,139.98
"28da718adba0d004199488ce3106152a",1,credit_card,1,96.80
"0d541e7454eb298f2548f6c161741ddb",1,boleto,1,123.52
"7899f1c17f7910367d21b9821e228538",1,credit_card,1,47.64
"1e35e26cfef4f75615b68acd81d89ffb",1,credit_card,4,220.04
"4a35349fd1d8617da52d19a95fcd95e8",1,credit_card,6,64.03
"4dcf81f76e3af4f8740d2b3c159a453d",1,credit_card,3,192.67
"2a3d67c0d2045bf67abb3d8f320ac29f",1,credit_card,6,93.84
"7b42f564d505ea0c0783bb273062ca8b",1,credit_card,1,29.05
"9c43b12ecec2272d35dcbec5a8b833e1",1,credit_card,10,369.60
"086da3118e7ada3cfb7cce476954af52",1,credit_card,1,214.16
ade32d1b22ac2ce84c90f170c4ab1845,1,credit_card,3,72.67
"1b462189eca41fdd61ad58561176b49c",1,boleto,1,88.01
a2c31cac6514866fed16c4aa57c6f773,1,boleto,1,112.42
"2b109e28d89747fb2ab26a44ef4fe92b",1,credit_card,8,274.81
"4ff976f3269ceebad2dcd032489c9ec9",1,voucher,1,161.37
"534a285e4e770b1bfbb710c8d45ea5b7",1,credit_card,4,627.58
"6bb1e842418aac0c9c820afd3bb63a2d",1,credit_card,3,32.69
e4774d4c3b28de27487f1caa9de5a6f5,1,boleto,1,387.64
bb85c5af835af09aa329b2f4922be259,1,credit_card,3,142.46
"40fceec24d509aa4b63f4b0ba9f2621b",1,credit_card,1,38.38
"4a202f407d179ddfd8b58bba11a48809",1,credit_card,2,138.87
"05d657dbf5a4b2e7a685903cc8bb03f0",1,boleto,1,205.87
cb6b0165d96a5abe74613ab5e67407ae,1,credit_card,4,80.21
"6c62b87c92fad9d97f686af40cb5bfd1",1,credit_card,4,777.48
b70c2a4797319570dbecddc366fb25c0,1,credit_card,3,406.78
"12a4d385bfae33140c65d031ed0d0c50",1,credit_card,8,603.26
"977e3e5b3884ce2843710ee5f5a3d12a",1,credit_card,1,112.80
"158263d44a3e5ae322126338c7776dea",1,credit_card,4,112.82
e720d4d490cd3e990c85d1221441d4d1,1,credit_card,4,285.58
"6a3c507660b55ba44c463acc23cc8d68",1,credit_card,10,118.25
"174118fa0e1dc8d43eaea511a68402e0",1,credit_card,1,58.72
"425f411da928aab32cbb846990839737",1,credit_card,2,176.65
"9846cae21962f6c6e65ad2e77d3c2be7",1,credit_card,1,216.40
c9dc4e0914920294cf5dc4df353cb641,1,boleto,1,105.04
d170469f4f06bfcbc0b1c5f726d55920,1,credit_card,1,18.87
"4695874459264348f76f20abb7897ec3",1,credit_card,1,487.55
"711f172cadce2c07a025d5b9ad519e36",1,boleto,1,598.58
"03343a88c4d669e6378c5aedc4147919",1,credit_card,3,158.30
c442147fb67e965dd93f9c2a185daeaa,1,credit_card,3,96.22
c870ef6a8e1d8eec841d79b42a6a20e4,1,boleto,1,46.02
"8e6489f6465abb18e5b17cedfcdb66f4",1,boleto,1,66.48
"32def7b7a945df79e300466f674dde0b",1,credit_card,7,72.05
b2ce866408709e3ba155f339e97b8405,1,credit_card,8,227.38
"0f980ae5eab9825b34c18c945956220e",1,credit_card,2,79.61
f88b6086f307f103f7167c4f0ae58cd7,1,credit_card,1,42.31
a50a23ee8e09f54388b66da19c633bc4,1,credit_card,1,129.74
"498021c6811da6622f31f7817f7a7af7",1,credit_card,8,492.93
"1abe86bb35e6bb090aea0e1b22b8eaeb",1,boleto,1,35.77
"6d7f89c34bd6171fd439f8f7c2404460",1,credit_card,2,55.75
"78eea5889aca707004f143f0f21f9c9d",1,credit_card,1,164.70
c71ea8a5b6871328f8f6fc3998b96e2f,1,credit_card,3,175.50
"08f5487befe25744feabb3203a4dc09b",1,boleto,1,48.69
"21577126c19bf11a0b91592e5844ba78",8,voucher,1,7.11
"6b8986012d61963295ffa3ea869aff86",1,boleto,1,122.17
"0437be9eb5f6b26660f0b5eafd1b1994",1,credit_card,10,506.17
d8b8d06e649832819245aebd5d4dd9be,1,credit_card,1,35.74
"1361ed772d73c4ca679d9679c7266142",1,credit_card,3,151.77
"63b70949bbcc27f05bdf0c0da367cab7",1,credit_card,1,236.24
ed8c7b1b3eb256c70ce0c74231e1da88,1,credit_card,1,114.77
"6fea0216321034ec32deef442cf13fdd",1,credit_card,2,96.59
ae1f2d3db5462b71c16cb90ff969f099,1,voucher,1,86.98
"1915364b68b7df0c42012aadca4bed47",1,credit_card,6,83.16
f09d0203a51785e9ba9279607c38958c,1,boleto,1,38.04
"3937af5e68a191867e6224cd78fc2cd1",1,credit_card,5,56.31
"71f3711def0641f613b693af7bf61083",1,boleto,1,82.12
f01ca5a374b654889d516741b4a39dcf,1,credit_card,8,676.74
bcdc8da39b779f95c0542643fa9beea7,1,credit_card,2,261.42
"8935002f6aeb70c31fbf1a73f22b4f29",1,credit_card,3,38.10
"1094dc9e3237f4deff27a2bab683a300",1,credit_card,10,251.90
"9a517d3da31a43376a0ba6f01f970495",1,credit_card,6,227.27
"669b9b0a3650913de5b761ff980d8c06",1,credit_card,2,81.21
fe7b642fb30e2a103d1dc36f861b44cd,1,credit_card,9,97.87
de7ee6becf8148c0952776a49f980c19,1,credit_card,1,21.38
c365542345d9e49d2a7b3bfe7b89b559,1,credit_card,1,48.00
"33456509cc4acadce96036959e07ff84",1,boleto,1,87.64
"4ee6ddd150b08bee8f6cc827e8f211de",1,credit_card,3,39.19
fe583f15d230c8ef63b9c1e8053a5240,2,voucher,1,20.00
"9753266fd3691e80807befa94a344891",1,credit_card,1,71.82
"48e081b41ba80f4327ded0c709f696bb",1,credit_card,1,28.22
"8c0f6431b08ee4b975520e4ba0f45952",1,credit_card,2,73.34
f5945e1d2fb8c0e83398780ccd89da61,1,boleto,1,163.97
"37c784fc18298a8c578de2bf806fdcff",1,boleto,1,72.10
"58faef88b9fbcce2db4d1b68bdb0c2a3",1,credit_card,10,529.92
"96cf4805d2e98446035e05b0874255bb",1,credit_card,2,28.09
"6ae192daf1b6e9b99225e7300b79df48",1,credit_card,4,1338.51
"676a8f34ad46ffcc2306f7548f04fb44",1,credit_card,2,108.95
"43815de1cf66f1ea104e0d114b8e1564",1,credit_card,4,686.10
b0928556a10706af462ca2ab2c91903b,1,credit_card,1,106.73
"84705956de681a2d1420bd90d7667472",1,credit_card,7,376.89
d40be4e6e8f30d5f4ca1f34d06268fab,1,credit_card,4,158.07
"56db5b03dc275ea7e773ea8b097ac795",1,boleto,1,31.80
"20343beb23f60b10de8ede4f709752cb",1,credit_card,2,66.78
"7d7df8855c592bc0b098e2579a45b651",1,credit_card,1,40.37
efda1132a96e6eed1831215008aeed17,1,credit_card,2,107.78
"9ad64fee55d24429134f71a2955bc677",1,credit_card,1,21.43
"363f361d96879a18985ac3928c978159",1,credit_card,6,347.06
fb7688c98b85305cf636fb26b2804186,2,voucher,1,41.98
a84b9774653ed92f91314ea56770fe1d,1,credit_card,1,40.00
"0b97599dd090a41840a4edb5e521bc4d",1,credit_card,8,927.79
caf26e032103cc33e3dfe2465af487cd,1,credit_card,5,118.78
"24ae0d766df69840feedaece7acfc653",1,credit_card,8,1355.73
"42c43329be23eae70ca32f087617feef",1,credit_card,1,125.12
"4587eb8e812c2627dfa490ffca18612a",1,credit_card,2,130.21
ccd7d6d23c5d29de6367dd5332aab16d,1,credit_card,1,22.77
"55b8dc586cc360e553bf09d7f81ee36d",1,credit_card,4,147.38
f6de04d6952711ce456cf1a8d553d313,1,credit_card,3,33.69
"0900f1b09f4249e09ce4735618757707",1,boleto,1,126.19
"7e7ed851224124724e3058ab01051711",1,credit_card,5,50.95
fed5acc964b83f6c02d8bc487c76fa96,1,credit_card,2,45.78
"82833fb7278ad2602271d0c880c028d6",1,boleto,1,40.78
f5aa1edb9fcb689d509794aafb9ee0dc,1,boleto,1,67.79
"6e3a1f3ec46461756c3f620e267aa1b8",1,credit_card,10,371.54
b4c293aa1a0b122897263dac68a82a91,1,credit_card,4,95.31
"2a706489eee816fe6f5bfe2298c51840",1,credit_card,3,37.68
"9c82bca31120157620aa240857a67802",1,credit_card,5,49.99
"5f96a11ca1438f152748a22210b680c8",1,credit_card,10,188.38
"0db053a048333680c09114ac4f231a79",1,credit_card,1,117.04
"65f4f976c2281eb3c5f69547ca21893d",1,debit_card,1,49.46
"83e7d6f02761a2c17b9e5661a1666885",1,credit_card,10,208.09
"2cde8acd1930b818b1536ec685a22922",1,credit_card,4,368.38
"76c5b78f3697891a4d6e6cd23a4862a1",1,boleto,1,60.00
"734e66350ff1d845ab707409554c76c4",1,credit_card,1,235.06
"4173b7694f9c23cfbbaa1bfb2f9593b3",1,credit_card,8,286.76
"54822c94cce4ceb64eb08bbb05fa8fea",1,credit_card,9,99.10
"2ed2aef2fa258dd0d58efbaf2eba622a",1,credit_card,1,87.36
fe04ba63128dbb904de7246b76508d7f,1,credit_card,2,146.49
"88b67ddbb7527017f796c80b3bb38051",1,credit_card,8,2028.65
"42a8e0f928664b27f631001fbddf0f26",1,boleto,1,107.37
"9de95f56e518ba9bed6604438d1503eb",1,credit_card,4,98.88
"8505d7267ce3f58c129ffa8468cebf21",1,credit_card,1,179.92
"6808371a9f147369fa0db5ebc9cecc26",1,credit_card,7,71.83
a9db675620ea42f15fc07297244112c5,1,boleto,1,65.23
e6a2252129858aee352dc9c99712afa9,1,credit_card,2,46.54
e3a6058779988efb31c8de43676a8783,1,credit_card,1,20.00
a1992473cf823780a4ce2235249ada82,1,credit_card,3,116.34
dc1e38158c000863ec33ac43a40c3366,1,credit_card,2,45.09
f8b8a77937cd83cba18622b9e1e2681f,1,credit_card,3,71.14
"103d223291ed362a58f685884fdde6c3",1,boleto,1,289.55
"56f5835a474cdf734462ea3149a1fa90",1,credit_card,2,97.44
aede175d9f89edb69b1a98b4d80470ed,1,credit_card,1,63.33
"3af10bc9c43fb593524e8096765b116f",1,credit_card,2,64.62
"9afd8c01b4275be61d70a520d948f516",1,boleto,1,41.54
f2b65e04ebfd135c2194e2c36a9d821e,1,credit_card,3,76.78
"38d4904ceccfaba59e568e385b375103",1,credit_card,8,157.36
"4c14d29f32297333491d1cf6895acb68",1,credit_card,3,116.16
cc4d93f6168576ed18519d77a72cc7c6,1,credit_card,3,118.51
e4ad38b7d367f170920f47916776a66e,1,credit_card,10,456.91
b8bf711248376c421faaea8f02d149f9,1,credit_card,9,91.06
"780501d599a0f944ab933f5609e358f7",1,credit_card,8,85.21
"29d81fbe3a3300902407cf57272030c6",1,credit_card,5,297.94
"768e55f3434ea3cf830ceceaf074257c",1,credit_card,1,300.22
b30af538bad5d47134c88fefbad8e35b,1,credit_card,1,12.68
"4df36fe83cf894ed979421fecd300bdf",1,voucher,1,26.25
"66a488ea7c0b8cea6ee72116130ec501",1,boleto,1,190.94
"8f5244306f56f64511c6d8b6a7064716",1,boleto,1,118.35
a95f8f8384a13be626e06154468a9200,1,credit_card,2,45.00
"3866b953e5de590e02c32234abb1b5b4",1,credit_card,1,26.45
fa65dad1b0e818e3ccc5cb0e39231352,25,voucher,1,3.68
"0ae4c9a0bb0c65a89aaf840c9b08ba43",1,credit_card,4,215.14
"445736171736c70c6187ee83c34165fe",1,credit_card,4,69.05
deb3f34662531c400f2cf97687de399a,1,boleto,1,159.36
"7d48e6b043ed5dac29ca0e41d3e3b584",2,credit_card,4,174.13
b422d4bf31b728380653b1ce72e011b3,1,boleto,1,136.59
"45c234fbd00219f935e5b58fb7a3ccc5",1,credit_card,1,128.55
"5c05ba7b96e7ea5014e1eda4953778c3",2,voucher,1,147.96
"799934ebdaf707f09223f71cb9e34305",1,credit_card,3,100.77
f6b579d3cdf2be4e94886491e5756f5c,1,credit_card,10,397.46
bd443caeb1873dd616185acf5162d26c,1,boleto,1,48.13
"412dad94b112337b7416c24b70ad8ee6",1,credit_card,1,64.03
"7d995a95ce7e1ca123075ec04fefe14e",1,boleto,1,42.27
"70747b96517d9085ad6cbcec3a7ee661",1,credit_card,1,42.78
"16b1572a545542ed037c94cdffeaa86f",1,credit_card,1,98.16
"68cf62098cbe8d4ef838a1b3d63e74ea",1,credit_card,8,83.69
a0c4e650ec3c9611c78fbaab9cf405a4,1,credit_card,1,494.42
"1f87ac3f856bae9e742538bc551bdf5b",1,credit_card,10,425.51
f6c83f331fa7998140a4cbe44f87b38d,1,boleto,1,130.56
c71cbdb7b9942bb81f17f42771a10f90,2,credit_card,2,107.78
"60b206a5b9791b512e2f06a91360039c",1,credit_card,2,163.79
fefecf93dec36efbfb0155b5db427db6,1,boleto,1,176.37
"2d4bc14df7f5eaf36d2ef6d9a5b7c0d8",1,credit_card,8,85.14
"65d0aca2173738dac355de4ffe63e561",1,credit_card,1,128.31
"6d33da353d1319cf0f6c982b71edf354",1,credit_card,1,56.60
"266fd5134fd1b895a5b06936d51aaa17",1,credit_card,1,46.03
"7659849a6efa9d49c5ac7bf7fdbddb2c",1,credit_card,1,33.92
"5fea3cccea637c7c3b04bc1d92089486",1,boleto,1,63.23
c1c6a8e793edfe92994affd611b92aa9,1,boleto,1,257.94
c14c27dae959a79ff573cbdbc7af1b09,1,credit_card,1,60.86
"7df0f938e1ed850fcc16e29882f872f7",1,debit_card,1,194.50
ac24c75566d21c20277f373e1d16d234,1,credit_card,5,308.16
"18a4fa1a7c0e324a18cc81cdf6bc577a",1,boleto,1,81.82
"9aee4ebad2ec4e0ac243cfd62de682e7",1,credit_card,10,103.86
"34bfe8d474f4b345e99b22b2ed46472f",1,credit_card,1,35.69
e1da6a380c23eec0e20231c7b695f47e,1,boleto,1,30.00
"0ff4f1ed797bbfac9a16714dfa5162aa",1,credit_card,4,354.08
"47d99e35914d6194a685f9903e8ae293",1,credit_card,1,9.93
"8512c3651a6750c25e333aebff60ca57",1,credit_card,4,198.03
"7c4281b08578a1e5e13e56814b3c6123",1,credit_card,10,175.00
c905cacaa6e015fbb73787c7c31fabaf,1,credit_card,2,429.82
f330860e4cc30640994fc5d022b00934,1,credit_card,1,141.73
"935c71d5c924d23711a40367cb43913c",1,credit_card,6,117.37
c8ebc5287c1e130db3ef5c6d50dc24eb,1,credit_card,1,148.06
"698f476267deedddbe4ad589590ccae6",1,credit_card,4,44.55
"7a0caf0ff12b2c5b07c8c653fb6ff5c3",1,credit_card,8,507.17
"51d435906a0487f17df29d38429e931b",1,credit_card,5,134.03
"876c8ccfb730dd9208e4396dc70f12bb",1,credit_card,1,24.57
a4e8ed3c6d3f35cd4d7999f34d2a2a9a,1,credit_card,4,49.09
f5fb033cb83c2cd5df7b7fea30ae0cbd,1,credit_card,1,32.82
"6a43d3b2cbb42f4e417faa5566a65469",1,boleto,1,75.89
"4243bef9583d689a9c8fe6f055cef332",5,voucher,1,25.05
"0b1e280f28b576497838ec7684444971",1,credit_card,3,114.91
c2aefd49b4f8cc1c0edec92c9e5351fe,1,credit_card,1,168.20
"611628bc22094deb9fafceb78ed803ee",1,credit_card,1,79.17
"93efaadf3bc94491cc008b6b4dd13b37",1,credit_card,3,381.32
d75c7f835d8202b5b66fc2c1d4e3b3ea,1,credit_card,4,282.65
f86c5ed7048ac10eb88ec21c00f71892,1,credit_card,1,153.13
"68ffe75ea06c7f7bfe38362dbcc2ba6e",1,credit_card,2,244.62
e0fcccf3321e9e3cf530ac4944551958,1,credit_card,1,28.69
bfb1d0f7664c36a532d74c4cf0da37af,1,credit_card,8,1240.85
"672b1bba837c3aa34b3e8ddd95ba6eab",2,voucher,1,30.00
"73a12daa7a024fd6a3895ffcb1fc99cb",1,credit_card,1,0.27
a6aca33fc83c5123ddd8a3e92d825d48,1,credit_card,5,70.72
"8fda9273c38415c07bd4923de4cd82c8",1,credit_card,1,64.13
"50cf9a3b5a1afbf90ea3ed1b52469788",1,credit_card,3,146.46
c38c9bc64c50852ae814ac2dc6bff45d,1,credit_card,1,163.47
"3f98bab30ef9c774b3cd5cc9407f5132",1,boleto,1,54.23
"8c98f0aff69a4ac8620e15058c497092",1,credit_card,2,111.30
b330d4bdde86ff11a726ee57dd2a7d75,1,credit_card,3,266.11
"29fafeedea8220ed8162dcafe8a89483",2,voucher,1,25.00
"9823427fadb4fca57cb5e1d4d2b07a8b",1,boleto,1,194.12
"23a67c03abc9968c561353d66f48acc4",1,credit_card,8,134.47
"0f6ca8c1fe7561766aaaf3f6e2011654",1,boleto,1,70.14
"54e5e62447690f816827f631866b0e4b",1,boleto,1,76.78
"15e5d4cea5f386d7f1d2d2600b830aae",1,credit_card,2,130.53
"0b8f73a9816cb775a1bf1492c3bca4e7",1,credit_card,2,82.73
"0aba4750be63d17b0b841afb6a84a629",1,credit_card,5,212.52
f6f4658567da4b739eacf70531b041df,1,boleto,1,138.53
f8798210932c38fb57575fd5b985e408,1,credit_card,1,60.42
"6f7df415d1d0e0721913565990a9a6d8",1,credit_card,4,96.01
"22c8ca185710c015f6ae93a6d78c9b4a",1,credit_card,2,59.91
c2b188860433e96beb3ef17cf8e69b0d,1,credit_card,1,59.59
"45881bf836d74c8e321eb6467c8eef47",1,credit_card,8,152.77
"14be6c27cfb9d577528738b7bb45139e",1,boleto,1,240.65
f3775ff29924bbead0a149bf8614c39d,1,credit_card,1,33.25
ccecb43e46d11aa9ed8c92440657995a,1,credit_card,6,263.89
"68eb0f50dff9280862d4363208528f7e",1,credit_card,2,67.70
"2b055d9b9e125fee47b538a412b37c0a",1,credit_card,1,272.63
"53036d8a739a905871d7f0096fa3b339",2,voucher,1,79.90
"5c59770bf04560b62d68aaa3d7570fed",1,boleto,1,112.20
"0d8a7787ec26d5fb6e97f946e95e2c89",1,credit_card,1,58.71
fb7a9e3e0ff0d94790b472206462f2de,1,credit_card,1,26.68
"6af0669bfc3cbdfbc6559919441da2e8",1,credit_card,1,45.79
c260d944a07210c4fabf8b7d67ac8d6f,1,credit_card,5,223.76
"704ee0cb53db0aa5d0912298dd0e0c16",1,credit_card,2,36.10
"82261ff3dcd4a370acb65149a5507506",1,credit_card,6,65.05
d744783ed2ace06cac647a9e64dcbcfd,4,voucher,1,1.47
"37f48a21c9c1cd7784eee9e1c6a91e5b",1,credit_card,1,64.32
"4f8a2144278d625038f8d55d5a334d93",1,boleto,1,188.63
"814d6a3a7c0b32b2ad929ac6328124e9",1,credit_card,1,0.64
e47c4c77d188f893a6534dbca93d1ef0,1,boleto,1,165.56
c206a65ab93069f7a79c0ac5f4512e02,1,credit_card,1,48.71
"34fa7b125777f2296cee0450560eeeac",1,credit_card,2,215.49
"20960ecf3d6ac0b19f3818f15c8e3fc5",1,credit_card,5,58.64
"458ce9ed0016410eb81b196544fd987f",4,voucher,1,28.59
"7485a37669f5475e8f6d0eddd64c71e1",1,credit_card,1,290.37
"726d7ca786b51f528a05248919aa2aea",1,credit_card,3,87.05
"117555989192fd7b3694c3acaa2bf0b4",1,boleto,1,135.95
"6007efb03b652fb947155d0dd1001098",1,boleto,1,633.70
"57f76c21186acbd0b0dbc70297dcfe28",1,credit_card,3,155.98
"389a2342cf14ac39a661c9b08a3cdfa6",1,credit_card,2,48.11
a6c6868f13ca88d37426218824397a4d,1,voucher,1,119.65
"2f3a10460f829a155fddd925f0e2f9c5",1,credit_card,8,195.00
"14083f06e3e4bf1cd90b09251b0b7061",1,credit_card,15,234.63
"60721992ef4cec39824837f08c79afec",1,credit_card,5,332.33
"7eb9bbd576fca30c40d1ed0f1908cf37",1,boleto,1,99.71
"7c018c94d1f3d9ac7affec4cde6e111f",1,boleto,1,161.23
"3f41f3048b0987af5338a7f006741d2a",1,credit_card,3,64.24
c7ba0cafd5334b18b4103846dfd723d4,1,boleto,1,99.89
"6244be66e1870c2392135aa8e2f61aee",1,credit_card,1,125.97
"157cdf5ef06664d53e7449d529e2bad1",2,voucher,1,42.73
"71c1cfc3a3c729ec550ea6b07cf51eb4",1,credit_card,5,57.86
e7deb83d07b89b75079627c99028d57a,1,credit_card,3,121.20
"252d3b25e5ac9ad8f2b5f7624ed39f41",1,credit_card,5,177.72
"8099ad6fc17173a53f09ba11910314ba",1,credit_card,4,271.84
ce699ae4abc92356538ece036da1045d,2,voucher,1,6.64
"0411b9d67ebfabf519c3e47629e91e3d",1,boleto,1,199.14
d92658650a56cb92f81df5c404505eb5,1,boleto,1,68.78
b6ee22c53f26ef8d97d96465c8899e16,1,credit_card,1,77.29
"3ffffad3b77b6df473ab6edbddc6dcea",1,credit_card,5,102.96
d1a22a39de10a881fa47a509a1a9073b,1,credit_card,6,64.10
d85c21edbd2d9fc056908945b37bb577,1,credit_card,10,752.04
"64b474e9995eb9740db3190013984b6b",1,credit_card,1,55.53
bc292720a8c5a34b208210473ba295fe,1,boleto,1,238.46
"3aa0358c1a9b8019bd14ab006b6e8284",1,credit_card,1,72.48
"6be224d0725475f57e2f090a937987d9",1,boleto,1,317.35
"98472d369cb742358c7e30a0cd5c4256",1,boleto,1,238.85
aa82bf8e8ba0055114f0fa3bb009e87e,1,boleto,1,460.61
"3d2478c1c4d6e772d9221bbacac64cd1",1,credit_card,1,100.54
fa9b3f5a0eef7954729a194715780e1b,1,credit_card,1,0.48
"8883ff5e64a8932fe566679fb325988a",1,credit_card,3,125.65
"368be3e65256098afbe3903548d47912",1,boleto,1,153.01
"3005c05dbcb19ff903a28b5d654bb1cf",1,credit_card,1,71.71
"84e18dccfd5aad7f91ef778c2aa0b959",1,credit_card,1,41.76
e80b7d9d6ca2b46da0d5abe9c1d47548,1,credit_card,3,148.72
"5fa31572cddd9405f1eda482f8106353",1,credit_card,4,195.69
"5476cb509e6871df824b3fac5acad36d",2,voucher,1,52.40
ee332cda25c408ccf3ac1fd87e351b54,1,credit_card,6,115.58
ca186afb25218627f21f78bcb9a5ea08,1,credit_card,1,120.40
"3b35dfd8bf0ca772d83708ba283e1143",1,credit_card,8,101.14
fcbf4f4ef049367f9f85af94ed3b6010,1,credit_card,3,38.29
a3de5eef9ddc6e58758fb9d70e5bcad5,1,boleto,1,29.05
"0a881bec2e3ae03ba47a8d04d5dfc450",1,credit_card,2,138.07
"85d2fcb0be68bbc235aa548142862e4b",1,credit_card,2,83.44
c6ce16ec9d90cc25b3372ce14fbfb327,1,credit_card,8,313.18
"7b07cef881924b566432e1343e5dba8a",1,credit_card,1,68.69
ba736edc6e8f0e518cb66499bd46d774,1,credit_card,1,91.06
d37b53698d3839a94cb33273bb8c0241,1,credit_card,1,55.10
"86cbd38abc4bc6ec27bbb24af6ca5575",1,credit_card,4,102.07
"4a0401b9ac45b7c8c801fe5db8855bff",1,credit_card,7,441.33
"130661e5b5e7e4e1948747351cbf14a7",1,credit_card,1,31.99
"7c9530126f54f0e17dc894c9ff16fa26",1,credit_card,3,165.29
b2f4d61781e3120462270cc41f9693eb,1,credit_card,3,35.77
"55128b961e747e4f1cab023552fddfa0",1,credit_card,10,137.25
"1d1d126a9f21b890e676a7ca56b3b6fd",1,credit_card,1,64.23
"6df2cfb6624c3e0b13775087f1cda182",1,credit_card,2,90.17
"2bfe277962b8f188066de6db159a6fab",1,credit_card,4,150.39
"57da72fe3874a5e5770131fc98e0b309",1,credit_card,7,73.47
"94a7404baf903097588d30faf47784d2",1,credit_card,3,484.76
b19b043b39624f9f3c32b26aed8bedf1,1,credit_card,1,95.37
f8b03167e5ba1a53c4cf71a6980ac365,1,credit_card,8,203.84
fb8691657006882157a1c0c0f380a585,1,credit_card,10,320.58
c78339d47b843efc7ca04533d1848568,1,credit_card,1,50.13
"9fbe5608458157efcf49b7aa98a8de21",1,credit_card,8,319.57
edd63d440fff63cfb4a5d662945a6a28,1,credit_card,2,143.89
"7d964b461e0b6fd45adfe909dcd65ddf",1,boleto,1,87.71
b2e5be9642d390480c19fbc80e533de6,1,credit_card,1,68.23
"5b82c22a00fe66ed0c0802552bc2d8dd",1,credit_card,5,51.23
"3562b1452ae270e6b3ebc1f464cadc0c",1,credit_card,1,55.18
a97db97f3de8482639f040b8e6a81be3,1,credit_card,2,101.83
ec2315063d220f8b9a807f21b35c2928,1,boleto,1,118.81
b4b9bb7dcd61983e42bcf0d13ab3f704,1,credit_card,1,60.93
"6d1590646b6c320a92101bed4984f0e2",1,credit_card,2,131.95
"1b2db2aab76c9c5abd0f6538ca507016",1,credit_card,4,44.10
"29985fe387407ff7f6904b294fb89028",1,boleto,1,63.52
cd2e2ff68721cedbf8b5887479475a81,1,credit_card,5,374.58
"64bd3e880a66ec01c58e06862dcb82fc",1,credit_card,1,5.54
"6333046a213dd2a7a2fa8909a8111bfb",1,credit_card,3,173.89
"6a6f6e316fbfc5524414489d06c8533c",1,credit_card,5,236.65
ae2f641980402067f94b8dae36ea297f,1,credit_card,1,168.08
bb0c9e9838bfd4b393853fe7dcf6b8e2,1,credit_card,3,280.12
"4be624fa47cdd6ce269d7cc66e7a5359",1,credit_card,1,49.34
"012dc9e42da722d22e32c618a2521bec",1,credit_card,4,58.87
"7267a487cb9868419cf7109852e4ec34",1,credit_card,6,171.00
"93a293363952d262c3942a3f9343e7e0",1,credit_card,3,44.21
af2ded0024fec0cc81ef63fce8b90d25,1,boleto,1,95.21
"623913f52c2dc1270020863558ca9ed1",1,credit_card,2,405.36
"1c8c87765ea79e8a75b27597f1ba8c24",1,boleto,1,252.09
"804b3f6bad007a44efd1fd85f0291070",1,debit_card,1,319.80
"5775b40b5767cf4043ffa1322c7d646c",1,credit_card,1,313.18
"92ea6a0cefc845d92f3b1339e0e0100a",1,credit_card,2,205.40
"6c38873735e3d660d0fd6e86d1cc5bf7",1,credit_card,1,36.25
"499e067351812a60f3f5019575ec71d2",1,boleto,1,113.03
"64bc52bd8f68578e493086f2c148738d",1,voucher,1,111.82
"85d1f27ce2b79aafb89810ff41fc3e72",1,credit_card,1,9.94
"2f09cfdd62015ef0e5413bfd309bd812",1,credit_card,4,162.29
"7057f095c40b9d5ac73a8d6bac57ef14",1,boleto,1,143.41
bab71444714d05cc2c1a721b3ae823c0,1,credit_card,2,128.61
c559ef7939489ab0ce5419d36a23938d,1,voucher,1,96.02
"6680b708c88b83d3a02d475faf4d9b0d",1,credit_card,2,133.06
"4e279bc55cb8b7abc5a2c1ecdcb6b08e",1,credit_card,10,221.79
"4b18f35d97c3ba68a1034e92dce1a2e1",1,credit_card,10,269.30
"538be20e72bfe8506afe7be4b3dd4467",1,boleto,1,45.30
"7f3a98ba983d8671d25c8cbcae5e9ee1",1,credit_card,9,485.51
f9b2c72f5d0ba6455790c6e26e4551b4,1,boleto,1,424.00
c76d764d0f993151eb234c324e2b09ce,1,boleto,1,164.20
"6f46d796b9d7089d7d0a78e0d254f38f",1,debit_card,1,37.25
a5705c0ba22fcdfeeeaf4b2ae485b791,1,credit_card,10,1328.08
"34baf8fd958f556b5ac8a6bb9ed94c81",1,boleto,1,75.25
"10990e23642104aa4b9308fbf816611b",1,boleto,1,59.73
"14bd8f178a9b993e9c9e9e93c0179130",1,boleto,1,81.24
ddc57d09a9d61d33de3fb2ddf173f31f,1,credit_card,5,72.05
e0f95c3628b0822fc14e8e2436f0da4b,1,credit_card,1,78.62
e56bf94fb5b2e858e8b8896c565a96a0,1,credit_card,1,50.62
e21329e12892d716142c2f50ff54d816,1,credit_card,3,91.18
"88639fdb042f2080a58a9ed47b6d6a70",1,credit_card,3,90.28
"10b69324b897d3c3504084db8492f98a",1,credit_card,3,86.95
"8ec04c0efbc0a4a711cf9a6b2878c105",1,credit_card,1,65.19
"49ac1fe147556a4aec31bcb054e684c7",1,boleto,1,278.22
"826456a3605c466dec176f032fa660a9",1,credit_card,8,1351.41
f2ec8bd7dc2b9af258766fe469a5931e,1,boleto,1,42.77
"7d593cfb475e1e80058d84bbba5aef55",1,credit_card,1,269.22
"47ee6fec7ba2a39c23a7c84127e1fac9",1,debit_card,1,64.00
"0bc9cc637f074aa7df9fb7f206125066",1,credit_card,5,53.10
dcd503d4272567a178500e93e964ac98,1,credit_card,3,80.15
cb42eafc3017a42886e3c0bf40dabee6,1,credit_card,2,116.36
"2fbee332e76a2d78550523b89f33f153",1,credit_card,1,153.04
"24a79b2260e2a5084dfe1a16ce5e6b3a",1,credit_card,3,73.71
"3a8e8e947707941c5e3af4aa4da84478",1,credit_card,7,159.85
"9e51155c4d15c5f62e0b309826c25a02",1,credit_card,6,66.64
"614b79e86eb799054a44828c5a2b28e4",1,credit_card,2,168.16
"693c482b69198a2297a3b61befcd3890",1,credit_card,1,87.03
bbd7db7bb1fab02f393167df71863946,1,credit_card,1,76.98
"43af6866590ab60c4848da9f146fba99",1,credit_card,3,34.42
b2234f06bf32380ac04b30c21561efba,1,credit_card,3,375.26
"51ac545e2425e1bf7496c4494bfadcfa",1,credit_card,2,115.92
d74e29bbba41049b6c17603fd9fabc58,1,credit_card,6,65.12
"602974d0aef1955c2ccfc90dd8c647a2",1,credit_card,1,81.65
"2ed4a7943bbe7f0641a9b23dde2241ec",1,credit_card,1,76.76
"7ba66cc7f94f613ad60852e42e42e7e7",1,credit_card,1,34.00
"3bbf8f927f288e4a1854c7c12d0dc1b7",1,credit_card,1,86.20
"5d0b508f52e300518b26bdf4807a29a6",1,credit_card,3,212.73
"6e8cdfac9a1f0a25230f4624a4d707f3",1,boleto,1,154.99
"4027aaf151a408af313fee7a5af64c5a",1,credit_card,1,50.00
cc24eeca0b974f0489000f9f0fd82ed4,1,credit_card,5,154.64
f069758d03ec86cf08216de916d15822,1,credit_card,2,27.23
"02c9fa29186a8d00b3e73d3837ea40e5",1,credit_card,3,81.49
c9dac7423ceeeaf70c396a2879d06ec3,1,credit_card,1,31.75
c7d4612152c03871aefdfc3b87709952,1,credit_card,3,191.69
"9167e0a67d886b453dbb9318f1db42cc",1,credit_card,1,104.20
"66d72a05add1a253c4e8390c215c8306",1,credit_card,1,16.29
"3f424138a3ca8909a57b75d4389c91de",1,credit_card,5,178.59
a6a86704788e36ef1729c8c2b45453da,1,credit_card,7,77.09
"971171cf40bc61462c80044a0b198f61",1,credit_card,5,175.32
"6d4376b400a766f89e562e40696dc4e0",1,credit_card,5,103.35
"38d4786d1c7b6dae14470fdfb8616bb0",7,voucher,1,18.97
d7ae451c4d63fe188ba2e8787a3852bc,1,credit_card,2,77.60
"090342fe317c0444e8220e4d902579cf",1,credit_card,1,38.48
fe456fd2155744fb9a7180989d61c30d,1,credit_card,2,157.22
a97fd57e9692389b794fd4c3a328f68f,1,credit_card,10,118.98
"5ab1b7017955abafee1aaf11eb8a8105",1,boleto,1,40.85
dfc5c1ae34c30f42aba88ae3a51f97c6,3,voucher,1,0.14
b91b89682b68b44b95f65cd872c65b59,1,credit_card,2,61.79
d0375554c3dba35f2633a701e75dd183,1,credit_card,1,37.77
adb1802d9eaab059b7b624f5013159c0,1,credit_card,1,106.02
"9710f86f12fdfe5106f012d72a398288",1,credit_card,1,76.21
"44aec9c2be37dd0f0b954562c94ccfec",1,credit_card,2,168.29
"031a9aee4d307a1ae62ed71224c63215",1,credit_card,3,65.71
dbd7699191343e1c3f7a879f92dda7a7,1,boleto,1,42.77
"54e7f1eb822580ef0e389f94a0500f3b",1,credit_card,10,438.01
"1c2c2ef84bd5a49273a5db738b6bcc7a",1,credit_card,1,57.10
af49668a0abb3ceccec65b9cdc5dcac7,1,credit_card,1,40.29
"9b1d0dd42862c68280468732a4399034",1,credit_card,5,274.90
"0176a6846bcb3b0d3aa3116a9a768597",1,boleto,1,53.68
de7a40e39e02017beee1513d57ea0467,1,credit_card,2,77.97
"47a68d6559dccd71f4e167f1b4d5fa8a",1,credit_card,6,111.61
"9ca767bff71e0db7ad334bde5f300c2a",1,credit_card,6,106.38
"77123692722eeb90408b713bf016651f",1,boleto,1,65.21
eb8f06a1cad454e1dd8dbb24de86a779,1,credit_card,3,65.38
"7087ff1aae165d854e41219173c9b930",1,credit_card,4,40.68
"80ef7b40d74026eaedfecd11cf473a65",1,boleto,1,26.83
"7e7a5dadf32ff1f176b693244059fb8c",1,credit_card,3,100.46
"6b2b0edb95053b55efeb09177b6510c3",1,boleto,1,1046.56
"95d8d3c4c0f3ac475f40696807344776",1,credit_card,3,107.72
b727342259c06ae7d97115cb632073bb,1,credit_card,1,48.22
db5a41f8a08f620920c7c413e91a4438,1,boleto,1,133.38
"5c52dc3b81ce140a01f336a2d77a91e7",1,credit_card,1,664.23
d43f72571877365b197ee657196d8d30,1,credit_card,1,97.76
"2823f47e6fb0f2a1e5a8f221ebb5aa15",1,credit_card,1,104.62
"110217d362db03668a0c1388db3fa1bd",1,credit_card,4,181.95
"47f545499e9ca5a70d3ec65e4e70adfd",1,boleto,1,93.82
"25ace71f9bb4d5f153b345c09fa36936",1,credit_card,2,115.07
"840d702062c0e3f061669071b0b27747",1,boleto,1,57.93
"5f63f81968c1ed5835496acaa5b63434",1,credit_card,6,393.32
"58c10b9936eee35a71e3c48a423f2ec2",1,credit_card,6,64.42
"799964b5666f130721bec3cdeb97270f",1,boleto,1,28.35
"650f7a5344b674232f3a73b84dad659e",1,boleto,1,127.05
c80f02a8f0c066df7a56a2b61c8c0610,1,credit_card,1,103.36
c6174e20db037528301ee8eaf325a469,1,credit_card,3,235.70
f11d3c3e47d8200f86702cb11910c9be,1,credit_card,1,83.22
"92026f2f1b805cb9d6b1ce692ee38313",1,credit_card,7,158.59
"762e4a2e910d175a0fdabd749ae55d5a",1,credit_card,5,52.23
"62ef0cbba07110a267fa4206fcfe7862",1,boleto,1,152.54
e4f929a2bd281bee714090bdca460bbd,1,credit_card,3,259.33
dc7b9b702c0effb86fee8579bff12f3c,1,credit_card,2,56.80
"50450e6dcc1a32535adfec1b01e88659",1,credit_card,2,133.96
b97f4446e75d59878260387fdf72d1a7,1,credit_card,1,50.56
"8eb851dc2ae7fb68b456ed19a5afcfaf",1,credit_card,3,184.52
"2af88e292104c45837ffce587530757e",1,credit_card,3,242.24
da47f3e1d422ef0acfa45d3a81f0085f,1,credit_card,1,66.62
fc0973ba8c96e67e0cfb458c1bac3a6a,1,credit_card,3,39.51
"830e4884081b78d304b38eebe75f4732",1,credit_card,1,73.34
"812114e24682287b1f3eb86f112707de",1,boleto,1,95.22
"64b45dd4d304401bc5a8b1ba620379a4",1,credit_card,1,74.63
"6319539d7990a9ba049730057b2612de",1,credit_card,5,454.54
"8a80978cd2fc29ccd46166aed7c3be81",1,credit_card,1,170.08
"8377f3e73701cb028e49d8fe3e6d987e",1,credit_card,10,111.67
"69141ed42ca63dfb205e837853313f13",1,credit_card,4,87.53
ddba9859eaa6e81ea4f2ed0263d29291,1,credit_card,1,69.44
"968f909d3fba4660b8936a2d6041a917",1,credit_card,4,180.75
"43df08b645b3c5d452c2b73461c3259c",1,credit_card,4,68.55
"416644f246fec0176f413ba4e49a4292",1,credit_card,2,140.97
"12a6df267536bb8c253d9e7bb8b9e4aa",1,credit_card,3,182.91
e3d7c52182ad0917d1d2dd351dc1ef3a,1,credit_card,1,82.06
c036e48c4fbf6d2e625518af7ff23b5d,1,boleto,1,86.24
"104dbb8a46362208d1b4b3cf7a7c2956",1,credit_card,1,5.34
"361ec4bb805dbba76f0c4af3b4d7804e",1,credit_card,1,29.38
"8c470b0e73454784ae5e97ffa3e6f7c3",1,credit_card,1,73.06
f67e17b84d5d476bc5478e79ed177a3d,1,boleto,1,40.35
"336e923c0b5e6d95d3d0644bf4c516c4",1,credit_card,4,204.52
"74d57affde20203d533384dafa37f324",1,credit_card,1,49.29
"567818fc7d9f84b0f5eac47aef90658e",1,credit_card,7,698.50
"2113e9503e6160f8ec18ad18d9bed051",1,credit_card,3,94.31
b738a048f0968575318e1a5fc8974fba,1,credit_card,1,44.71
bb63df7449a5caa0edc362d01cf54f36,1,debit_card,1,27.30
"9277c21000c5426f4de2158dd377a676",1,credit_card,3,239.04
d190d15996631437cb3efddfa547aba9,1,boleto,1,196.50
a6cd7cac7ee11538a78649066487e0ca,2,voucher,1,7.93
"69cfaf72cc14e5d3ade9e5f121f74c19",1,credit_card,1,157.79
"46a807245872949237fba36f6f00b2b4",1,credit_card,1,67.44
e4701cf302a9b3cc9efc51f06f354ecf,1,credit_card,3,67.99
"1b68cfcb862b5d454c4812021edbe3b4",1,credit_card,10,268.84
b30af538bad5d47134c88fefbad8e35b,2,voucher,1,21.43
"85cc597a6403094c0e538adabc0965b6",1,credit_card,6,143.92
d66dd47e562a626ad07e1a314e1e90d7,1,credit_card,3,217.78
"931a7f45ef485e51b067265a84a19d58",1,boleto,1,186.44
"3211a50b2771974d1a3a57054cca7dbb",1,credit_card,4,92.50
"395bd24a9f47fbb2a849ce49d4a04a97",1,credit_card,5,79.63
"2a26d2bff48eca96ae022096754602f0",1,credit_card,1,158.74
"544df729b9f6aab28aac429b38ed7b0b",1,credit_card,1,347.89
"07f5bb6759aecb6dd999fea544057758",1,credit_card,6,117.16
"1175d97a3d270dddf3146abe7f5e4934",1,credit_card,1,62.93
bb31bb913d812a8bd72342f8aad3fec3,1,credit_card,3,168.16
"7de211c02c76ed58f71729046caa8dc0",1,boleto,1,163.81
"9519371e37eebc065ffca4a20134aed7",1,voucher,1,12.71
b044b08867cd3b1d69a4b3c372321557,1,boleto,1,37.23
f13b53e842d66d6ea61e1c8da79a4550,1,credit_card,10,726.60
"896128ba70225c31859100341b20b186",1,credit_card,2,74.17
b9bf3ca35663e0a6418676757f04ada9,1,boleto,1,114.74
cd49d0987575fc21d96fb52e37b16191,1,credit_card,5,107.46
b4172815f53972366f125cc2b0e28ca7,1,credit_card,1,65.00
b6da9829ce73e764c8023c98aec4c11b,1,credit_card,1,55.83
"34658a3acc2e95feb3382c78cbc1564c",1,credit_card,6,66.01
"372be5fecee4c918be0eb2a2053a3203",1,credit_card,2,336.99
"1b3cd8f4c4ebba4139eb750ccf233e63",1,boleto,1,73.92
"8c572f3e9b363e7ef4cc144968a64e9f",1,credit_card,1,42.87
a3e211d06c63093883e23fb6c60cc372,1,credit_card,1,58.22
"613f10bcb5cd9cfdd584832662fa9a67",2,voucher,1,34.47
"380b45903d547b0965833e586642e3cd",1,credit_card,1,39.00
"04075153ea747446984b909a58edef85",1,credit_card,1,97.66
a179aa7ce1d80b7d4a6b7e2470cb1f2d,1,credit_card,3,67.44
ec6cefe08111fd7ada75b6c9af232fad,1,credit_card,4,45.30
f8dc34a2f4d0e6c9bc9f35cc0e4f5cd8,1,credit_card,1,72.45
ea54412cecde6581601103024747302d,1,credit_card,6,186.15
"917d8fa5446854ac034de2f57c82bbee",1,credit_card,2,166.91
"8f0ece4530d9684c0412c31486a5aee4",1,credit_card,2,44.89
af76a45a10524549102e010f2bd9d3cd,1,boleto,1,129.27
"894ad6777d752962423e37b3d4e8a83a",1,credit_card,3,238.05
d6f2337b7df53866592eb81ac57cdf74,1,credit_card,2,843.62
f235384f00231b97741506296a4cca59,1,credit_card,2,94.52
f0078813a9228a17d09c7ff50fcf7d96,1,debit_card,1,82.37
f9c50aff44ed91808d5b511bd49106ec,1,boleto,1,160.36
f94be056d3d4f784555461ec0c2c19db,1,credit_card,2,119.94
"89c79b8e224ee3fb7c73bb47b6074891",1,boleto,1,98.79
"6d84eef7bc3b079a4d45a49a3e355784",1,voucher,1,45.62
"0854ba21ce30d4c823d2822a698f5bf9",1,credit_card,5,276.62
"68619ce8e1d093c01359eb9d2dd22120",1,credit_card,5,53.62
c385d065ccadb0335bc00726a9be8858,1,credit_card,6,141.73
cfa24f77a1afcf0827e88b162f7cf0b2,1,credit_card,2,114.68
"9ad7523e9b0018cff18e52adaed6a3ae",1,credit_card,4,138.34
"80b201a88f23aa35799eac75fa4cdf99",1,debit_card,1,37.37
"75213e459cfe44a61c496c864e0a8c63",1,credit_card,4,48.10
"2b851d9512b237dafe33b79cf00c9885",1,credit_card,2,116.94
d153828b4671c4e7f706bf676b05eb67,1,credit_card,4,137.27
"3b73b197eb4c6d3e501a291eb024fa1c",1,credit_card,2,141.97
a086ea7c4433d52d2475baede10023b1,1,credit_card,4,43.09
a341a07822f9eae416a6ed32e4509752,1,credit_card,2,294.69
"53d617fa54db4fccf68f9b09a553c7ca",1,credit_card,3,66.60
"31ef673f8e35f0cde11a5945a4f7a39d",1,credit_card,6,181.10
"45a410b9ee5e2362f406a525457778f9",1,credit_card,4,501.45
"655d3e557522f80b4384eebaaaae9cda",1,credit_card,3,162.48
"0853e0536bc0b71240beedd97501bd7b",1,credit_card,10,498.28
"48a310c40917683b0b399849b50cb76f",1,boleto,1,76.78
"2447371e2d56b6efd605d73aff766657",1,credit_card,1,120.90
"7af8cc0ff9ec1dcbdf0880dac7cba603",1,boleto,1,85.08
dcaccc51fd72c756c94ebec8b6480b51,1,boleto,1,48.43
"1ea11b975aea60ca92fa0559184d3d34",4,voucher,1,12.69
"5851a5db9fdbecd7306fcb30f6a8e2d2",1,credit_card,3,73.15
"1d04b765ffb9fa87d403662637c984f6",1,credit_card,1,116.60
ca9d82b594244464dddfac0959180268,1,boleto,1,164.62
ac71263052acddd3b2031b5937f8fc30,1,credit_card,10,133.28
"1a7ea14458cd657d2d1355cc8cb2f547",1,credit_card,1,47.86
f99df3f2b81c3943921a338bc03994f2,1,voucher,1,217.36
"7ca00d9cf45a4e8501cdc625899d7633",1,credit_card,1,144.82
caef38892cf9eefb7fa25d54e803ba20,1,credit_card,1,126.68
e170172588e00bedc8daf9183629644e,1,credit_card,4,275.19
"74e75761e6551e1853af01ea24bc8457",1,credit_card,1,27.85
c391989528d1e7049decd5a0e37bdd19,1,boleto,1,199.67
a4e77152901ecb44078648779dabf22d,1,credit_card,10,206.99
c2f068ae849d057bf039aca384d2591d,1,credit_card,1,186.27
"396712c68f59e647911d707604f4591a",1,boleto,1,40.87
"318160e821f4c754080f46f95afc1ded",1,boleto,1,56.92
"576668497bf1dc1ca572fcf231234444",1,credit_card,3,182.83
a71ebda57a67e6349ab52539913f78d8,1,debit_card,1,110.66
"3c42504a29a2c13b4251142c0405cec1",1,credit_card,4,115.88
"5d7580967132673ebe6afb197e119dea",1,credit_card,8,91.16
e2ab87d52fec5bcac4a7a5206eba10fa,1,credit_card,5,53.99
"4560df0eb1f79fd95f8acef34281bfdb",1,boleto,1,111.02
e9ceeecaa2923bd7ba1ffa607fb0f9fe,1,credit_card,10,432.10
"29b6b0b0a55f10481c72d7b53859484e",1,credit_card,2,138.53
"920660e6627be7877e8f70d72c8e398e",1,credit_card,2,173.05
a682884fc7e0c219845271d055f93a74,1,boleto,1,163.81
"82d3f1b33d98fe40e57af92e75f36e01",1,credit_card,3,86.15
"650946d9a20196301619044e07d27c3a",1,credit_card,4,157.51
"617aa5cf4b76fa15872c99667d8cc833",1,credit_card,2,138.26
eaf2e70dfee5cc04c4cf2b2b5d99ff6a,1,credit_card,2,63.36
e43c3a1ff03aa2c3ca0ccee512f62371,1,credit_card,2,145.31
"55bde651a2c412e983a9ace2f3e05c5d",1,credit_card,1,56.10
"82bf720ca63002cfa62c7910ad811079",1,boleto,1,86.02
dcd8d1436b8fcc5acd68228aafd77de6,1,boleto,1,105.38
"687297c4cb20d6fad502624bed7376ec",1,boleto,1,51.85
a58501933b951c0ef69c4a50f9c31c95,1,credit_card,1,82.47
"2471792dd93b34ffd37de5cdd632bf6e",1,credit_card,1,167.34
"53de6ea93af62b738a4db248255fd504",1,credit_card,1,40.97
defab1e640d2aed0c5c98b1465ceb7b7,1,credit_card,3,112.09
eb829be78140383da9cba1b8fc2c6c6f,1,credit_card,1,25.95
e3cd6d82ade0e89d757b4d900460f1ad,1,credit_card,4,77.86
f3d113574c163b8642fb44302c8fe0c9,1,boleto,1,1090.68
cad07bb1dea448e4277d6bb42be1c1af,1,credit_card,10,312.49
"5d2a19878dfb41966381b1cef483a3c5",1,credit_card,5,131.56
ccc9547a7a8d9cced273a483d286f737,1,credit_card,1,178.42
b75eb9360ab80bfd5c7ccf7270d447fb,1,credit_card,10,233.05
"772e38d3917d94f38c6484dde513877f",1,debit_card,1,74.17
cf8f7b73e35cb19ff895c2f45c1ded72,1,credit_card,3,111.40
"2610d02cf7ff695863673e09146bdb67",1,boleto,1,123.00
cf82b80e79a66336306b0c6c151f64ef,1,credit_card,4,261.09
ed9ffbb3fee532270f819cae7e6a87eb,1,credit_card,1,79.75
"0a750178e6d58c01a64d8d939cdca0c0",1,credit_card,1,43.00
"6c611d177ef47b4d67080071684f3da3",1,credit_card,1,34.13
"27391d92842924d92acaadab5fe08e95",1,credit_card,2,64.83
"12eaa53ad92b6aee3f8743383164c4e9",1,credit_card,1,41.04
"90ae229a4addcfead792e2564554f09c",1,boleto,1,97.87
"5cccab268a47c0211857cb529104775c",1,credit_card,1,125.43
b87fe28d8d70119601f63b7b131e7af0,1,credit_card,10,1520.77
"06a77bcbebf5a85ba493f627e03980d6",1,credit_card,5,323.38
"9c6bf0283fbe1d66fc195f750aa3b9a3",1,credit_card,4,99.90
"59e9079196bab6c6a1634387ec66167f",1,credit_card,1,100.34
bd1072cc4db9aa8b0a4a0188ce7254aa,1,credit_card,1,91.33
"4cdf8813fc5f4c3d74041453f606868c",1,credit_card,5,279.27
"29ca95187f957e422a8474b950fdfa71",1,credit_card,3,33.00
"36740de778429748e1ff6077c7d85e5f",6,voucher,1,21.71
"9eaeb9a3ef1fbb54f2c06d5ea38dd919",1,credit_card,1,124.28
b669dc3736aa7bf3f5f181f9f460dde5,1,credit_card,2,49.45
"75a935207305c1dd6146a8012323cad9",1,credit_card,3,98.34
"2c45397dc5512200c931a12dfd62b627",1,credit_card,1,150.29
"219f8f81c1e54b614ed44df445a563f2",1,boleto,1,28.41
dd6871ac691db075bd6f8e6c70576648,1,credit_card,1,76.76
"1dd524259037e53865e1fbee3697183b",1,credit_card,10,302.91
c583d1e4fd69999ff69ba3b41639434c,1,boleto,1,46.22
bf1b064ac1b222c3d923f782e5ca8a04,1,credit_card,4,42.27
"246a9d7800230417379948cfa3fa1f64",1,credit_card,2,70.04
"65312333af3cf09155fe9386a42bb2e1",1,credit_card,2,63.15
"684f9c4ae83a486291f6214c56ee450c",1,credit_card,1,38.29
fbff49f23160970478cfc548cf7acde6,1,credit_card,6,227.38
"219a2bae1ef407852a764879147986b7",1,credit_card,4,44.21
c262d9407971d247fc7683fc716ab9ab,1,credit_card,3,143.71
e8f5f9fb65db20f08e707adec28407c9,1,debit_card,1,608.20
ecb1a8e8b5c6316fe7891f7b556fee28,1,boleto,1,86.78
"935879cc26cb79cd663525d2425c57dc",1,credit_card,1,82.21
"32171e467d31a017b609c0cb44441ee3",1,credit_card,2,77.57
"1b882405b224816e178cb5b5cfef9519",1,credit_card,2,43.10
"7dbeef696a1d0ba9fb55234d2810881d",1,credit_card,1,32.38
c2ee895532a4463f765efa0c39d2f878,2,credit_card,1,1.11
"6d14889fa5a291bfb158f84de31cc0e9",1,credit_card,3,85.41
"965f41a5261d9e54ef1e3c7944ed618d",1,credit_card,1,50.68
"3162e7a4bd72ecb02f89eba7df43673e",1,credit_card,2,162.11
b59907afa60164e884ce406116efc58d,1,boleto,1,23.83
"9d0124aca2d9127bf007c14447f3c375",1,credit_card,1,100.23
"3cee24433e03d9b70b40bb36fb37cc52",1,credit_card,1,376.19
"4ed8ff23c5c750ac1bd49b98d15f7bb8",1,credit_card,10,169.39
"4bb3eed0b423bcae4c063a401e17308e",1,credit_card,10,835.55
b955e1ecda001d15a6f9a0279d06ae5d,1,credit_card,2,140.13
cb6eba3723e0145a57f6d9cc2c5dce4b,1,boleto,1,1291.39
"9e404de5caad33c6cbff720e0d721008",1,credit_card,8,90.19
dceb8e88274c6f42a88a76ed979eb817,1,credit_card,3,32.69
b2dd81c62d0bf804a563d82998d8e1c4,1,credit_card,7,145.14
"1166119e8e94b56596501d609f810451",1,credit_card,3,264.84
f1cca725e736dcc2534a57415b0ae4a4,1,credit_card,2,237.16
bd8140fa5a6e24ece48b36114f0fda66,1,credit_card,10,1992.42
c0e0337ea8446b1f9e9eee331b2617c3,1,boleto,1,147.80
a730530dd5bf5940d9b50ffac9d297dd,1,boleto,1,144.31
ace9787c2536f487f1491bac9707fd67,1,boleto,1,214.20
f80a2d6485e38a437fca857efb7b1b66,1,credit_card,3,220.18
a5a13962daf17458e2139021d0ba97f3,1,credit_card,4,87.94
c3adfb7dccc4a164923c5813219dc39f,1,credit_card,1,81.15
c879dff70ad9d2d3c315fc40492c660e,1,credit_card,4,40.07
"48a9fe940572375f2eb135b1e0ca0829",1,credit_card,4,167.09
db7d019ce87ceb1539bd37353ab408ba,1,credit_card,2,51.70
"700546945c05f91ea52fad741062bce9",1,credit_card,3,333.09
"15d19cc3fdb1b3bdea39f23b8f3a7a11",1,credit_card,4,141.44
b3fd29980d666178c001b895e9c5eed1,1,credit_card,8,818.89
b4dcd6f9c2f41108f2d0136a41410392,1,boleto,1,71.82
cea4910391a77b0022ce76f53574a0b3,1,credit_card,1,106.85
"9e659002324793f036fbe26aa8b5d049",1,credit_card,10,132.96
"8dc1f8d01bc05e44097bac9d9b2f0361",1,credit_card,2,142.20
c6bd73c66f32639f81a7e47304535c96,1,boleto,1,42.71
"0539e3f47ed27c984efee378a2aa7f07",1,boleto,1,68.13
"631252ac24a799cf8f1c7823248527d5",1,credit_card,4,69.36
c1eae222313b3a7eac740761313cbd27,1,credit_card,8,183.30
adf0466a37381e1ad2d2e717a23f28db,1,credit_card,10,367.22
e44e7464ba4c5118eda918839e5dc20d,1,credit_card,7,1804.05
"1e2db169ace8c7d55bc4567bdf5c4190",1,credit_card,7,145.56
"44f6ad8b3c55a6b00f759cc0d0c77c3e",1,credit_card,4,178.90
"2ca8cb6bbc44be38933576d3355ab023",1,credit_card,2,218.35
f3198cf092daad25ada2e464f1471522,1,credit_card,1,38.28
"85b1f22218c7215d7cfc05e2a3800d83",1,credit_card,2,84.72
"99ad3ef53ed8bbe225a2bdc5b92f4ea9",1,credit_card,2,66.17
"34d3746ff00ec19dffcf5a7f6761a1eb",1,credit_card,2,23.86
"62dd396ac0abf39a27c18f75a5952fca",1,credit_card,1,98.79
"60c16c9e17e36ec629293ce7daa6a9c9",1,boleto,1,291.58
faeb0ac7f6e1480f3dd14e5cd802dc8a,1,boleto,1,270.94
bced9d44b71edeb7df9229c6b86fd784,1,credit_card,2,47.62
"8ccca2b704c41f41ce4d2f2602031691",1,boleto,1,24.86
"8ab912e617d7f994f6483cba8dfe66f5",1,credit_card,1,43.69
a1807de46dfccdc857a541ba48307747,1,credit_card,1,65.92
"114b220ff080617e99d21cb8549b7433",1,credit_card,3,68.05
edfcc0d0ec1030a8e909f9fe588f6a02,1,credit_card,3,172.33
"846b7ad2c4d3f41185c508376fd86c3f",1,credit_card,6,160.14
"1061bc32577c6b8beb107bf1b5a65175",1,credit_card,1,63.71
"63f5cc3a2a31c01c270d24d397a54274",1,credit_card,8,962.41
"764d3a4ee7946fa483cc1b7c66367ee6",1,boleto,1,80.18
c3cc4bb65cb5500dceaf8b5f9938c90a,1,credit_card,1,37.13
"3b73bd0a67b08e5d8441574de9aae345",1,credit_card,2,195.61
"6581c3a6471126317f93733a373b0eaf",1,credit_card,3,256.16
"73ba8619ddfc6efed5a3e4331c791f0d",1,credit_card,2,29.43
"430f5ce743fcb253ce569ccad8590f05",1,boleto,1,378.30
"55a1a4bc56ccf7a49bc62bcd975d3162",1,credit_card,1,59.32
"9be4a7082d59a1dd26f0eb214e39f767",1,credit_card,3,80.00
ee3a699807c80432481120cf1deb06c7,1,credit_card,1,82.80
"4a8b56b6641818f8cf2457dedd663bcf",1,credit_card,3,37.77
"37138848f84d12fc4015d8b261f905b7",1,credit_card,3,184.03
"4b4d5464625e478996dffcd761c4b9a2",1,credit_card,8,235.04
"5b0a937c574c108a5e2359af5665b99a",1,credit_card,3,231.60
"57f7bb7d658b442616fce795fcc30146",1,boleto,1,95.59
e72618bee51ae5e11af9d42ce16be85d,1,credit_card,6,148.12
"9819957d2d80bb1cdb7774bb0b623d85",1,credit_card,8,88.27
bf3430165136d2c023b361cdc0be0a6b,1,credit_card,8,333.42
"100ccf092aa1eeba827f980da1c2bfe7",1,boleto,1,30.09
"633911754e7d587f10d189b10572c0ae",1,boleto,1,153.10
"7641030cb95588ea6eaeda75cb63fc92",1,boleto,1,136.50
"0ebfe9a26193534976676159811310dd",1,credit_card,2,153.14
"10ce8dab3f76d4cdd5dd2e9c6d5c3feb",1,credit_card,1,77.40
"9da1e2d6e6aa860458615758682c1357",1,credit_card,2,113.70
"12bd377dd79de8d6c43f67d1a0358743",1,credit_card,5,170.00
"3b62cf19155645bbcd58c9b11c9efce1",1,credit_card,5,51.00
"398abc38612b5d4dd9f77541c38d06ce",1,credit_card,1,7.87
"40969a63dab14f62173be9affecb17d4",1,credit_card,8,250.73
d8cc1cf815465b0812b29a738492e4f9,1,credit_card,1,113.00
ffc1be2cfc663c95a4663eae09796e19,1,credit_card,1,96.22
"0259ec3c458d0e8c7564647a42408fa6",1,credit_card,5,99.43
"8e0847012da36d4fb16338cf0ea31a6e",1,credit_card,1,292.37
"7a778b7745be3f801b6bdbd8d54da6fe",1,credit_card,1,46.03
beebcdb81ca8d717ee63fbee85b1826e,1,boleto,1,36.61
"3303ae257c7df7d22445570e801fbe6e",1,credit_card,1,181.51
"5232f488a9969383f13b33b2b78731d5",1,voucher,1,27.10
"273518ef5f778faeff322c052a5028ef",1,credit_card,5,69.59
def5a490726da84a4e00b9abfcc9fd6f,1,credit_card,1,38.27
b4cfa6c1beefe05bb9c7d2ec59a3773a,1,boleto,1,120.68
a7739653ad34042369dbc11a3bf21121,1,credit_card,1,76.51
e438a68d6cff4749165966ed2e2ff8a0,1,credit_card,1,41.89
ff64e0ba4800eb1127ac32aeac2b51f9,1,credit_card,7,148.47
"0fb55482ffb326ed131c67051fe87192",2,voucher,1,27.83
ca3ccd05ecdf6c73297349c485e668c3,1,credit_card,1,123.38
e00bfbddf86f0a755d3550dd87962824,1,credit_card,1,76.51
e936ad2dc09aa59fa1d6647ee72f1ead,1,boleto,1,341.95
"9e33d956d1112885d1ad919e54d05697",1,credit_card,2,42.66
d17a342bb9f94d40c3b6df4a600b5cee,1,credit_card,1,74.76
"9c9e682bee9157ebdd3875801b35e626",1,credit_card,4,47.77
"5b4efc11db420f7c28f14d5bbbb56d35",1,credit_card,4,148.78
"398f1723ca5725d585fbc000ec3edb05",1,voucher,1,145.73
"097be4cd83ab97b83a12738175758dc6",1,credit_card,1,139.75
"07900b3f0c35328917b0bec1c06cd28b",1,credit_card,1,95.40
"21fc1ff2a7ed8b2ec6ff62ac18d7a1b7",1,credit_card,1,71.64
"5ed8f4bfd8583d251f719e31dd697690",1,boleto,1,198.11
cd58e7c862e0fb077541c4b5a331599e,1,debit_card,1,64.00
"1c68f342af2c9f303a048d365b0153b7",1,credit_card,1,125.42
be449a37a242b89d7c027246275dc0f9,1,boleto,1,1677.31
"521061459524ada27c911dfdc0059314",1,credit_card,2,289.57
"8c59638b578341d034f1d7ffce0a5575",1,credit_card,5,50.09
"5a31618943d04d72b8c0762b43df48dd",1,boleto,1,105.60
ab408a8fc0534c213e9de5b875be325d,1,credit_card,1,71.09
f5318f2526a744099fb9be520a5708fa,1,boleto,1,99.26
"7d70c05208373b2a03f2a871704855d9",1,credit_card,3,102.33
b4860a5b1e68976794cbe548c4ecf0a7,1,boleto,1,165.48
"50bc3ad74263a2d98d61098a008bf166",1,boleto,1,76.57
"507884ae55f4e205891f59bf60e22b71",1,credit_card,1,135.58
"97fbc461636de20246c51830ff77b05a",1,boleto,1,70.27
"750a504dabdd1c0910ec98db80d14ea2",1,credit_card,1,36.10
cf101c3abd3c061ca9f78c1bbb1125af,4,voucher,1,8.46
"2df86a1fe8ce1dbff076f3eef50a664e",1,credit_card,2,42.84
e713dc6c1f73c883bc8e42bff335eb8e,1,boleto,1,348.07
"405b7a0bffb459dbc7646665024a2665",1,credit_card,4,223.54
d455a8b19923a717a1d1cfb67604e8c6,1,credit_card,1,56.86
"85a374349eadc9101064141bd31ed59a",1,credit_card,1,96.61
"990e3e00e06b1e57b3a48753fb244ab6",1,credit_card,6,69.29
"248b9e7139f9afa6227c51a42ecb915a",1,boleto,1,138.73
"34e6b9f685df8e8b6465a715689c749f",1,credit_card,11,135.34
"8647ff7e5f9536a33f5e6fd7f2c08d2a",1,boleto,1,145.57
e93690500bf371825b01507b94cf8326,1,boleto,1,154.10
afed4265a8b956d840bc032e54dfccd1,1,credit_card,3,100.82
"59322ccc8917e2a716dfd4f60499b983",1,credit_card,2,53.33
b630fa3144c2dd867a25b3166b01fc5c,1,boleto,1,190.30
b5b9c285b121f832e405d1de17e9db46,1,credit_card,1,131.46
ba701392524db7f9964b35a87de91a03,1,credit_card,8,175.55
"4263982d4e708f50640e858a5cce3baa",1,credit_card,1,3.58
"7c08af2aea8bd8a8fccabe5b004650b7",1,credit_card,1,46.00
f98f9045770394ee230d0feec0817fe1,2,voucher,1,4.59
dff6ed771cf60abd35926e39beb502ef,1,boleto,1,144.13
"07bebe0626c8053ad425381fe0882655",1,boleto,1,77.57
"69b9c3b717d29b276ed35ee72178a6ab",1,credit_card,10,551.49
fa902363ff995f79f7ae0694ec0e2aaf,1,boleto,1,25.72
b73517c8c0f185cef5f704b9191f994d,1,boleto,1,185.94
"0c3a3b87904bb79c4042f7e75896b56a",1,credit_card,4,78.73
"72b34ae1ed3ddd65b13c86247dd37cea",1,credit_card,3,178.85
cbf03abca6266fb36b6ddd1521839dba,1,boleto,1,28.10
"41b939b480e02f40d24e6a2d5429f5c0",1,credit_card,2,43.10
"6ba0e32fd89cab6e014baa58ddb82a6b",1,boleto,1,110.74
"3745e06e7f01e1652cfd4b9d31651820",1,credit_card,10,2734.66
f6ea8cbcc8900287db116d4edbdc7c7d,1,credit_card,5,53.57
c575345e0d439db28e378a552b8d4110,1,credit_card,10,157.22
f4ae2ab52b8c6e093b06d6656ee4d351,1,credit_card,1,300.12
"3b054a3ac007432a7f620b16c35182f9",1,credit_card,1,28.88
b287f7a260f83369913e3203c8b15be0,1,credit_card,5,231.41
"4019b970673ea8400df0ad1841bb5a5e",1,credit_card,2,301.66
"47e4c8c9420d2f409428aa0249dd2704",1,credit_card,6,65.05
"625005790b9722952dc15d5f8e434076",1,boleto,1,32.78
"917b267dc796aa050652ac9f24b245b2",1,credit_card,8,127.38
a79f746e8d63ce9fc519a61a485e39a3,1,credit_card,3,37.78
"833f09ddce6adfd6267b23534b9a7541",1,credit_card,1,82.03
"1bf68d6f3bd856a3f205fdd8767fad08",1,credit_card,1,34.05
"9821d27850f7b55f02538c472eaa79f1",1,credit_card,2,27.84
"5cfb9fad9f8d6f2ef8a17144088bb622",1,credit_card,1,199.51
"845b246277d6bf2be20db34577513537",1,credit_card,4,100.63
"9380357951a13ec61acdce81018dcdaa",2,voucher,1,35.40
e19019255986daaec52392b5058e2aaa,1,boleto,1,64.14
"3bc480522832a0e93da7aeced8fcd9a1",1,credit_card,6,198.93
"72da473ce9c065b6b7120da52ad4ac02",1,credit_card,3,147.45
bfc0058e93f705f5dd29ca7c2499fe0a,1,credit_card,1,102.30
"982f203457d0f597a575b40512d66b1d",1,credit_card,1,34.00
"5b48b14e0505d83666e7e938caeec89a",1,boleto,1,80.85
"26ba0c1bad97bbfdcc4419e3ca40d9a8",1,credit_card,5,50.35
b5fba0269666bbf33bc320fb533d32bb,1,credit_card,2,125.77
"5525404ad9f5043e1164e6833b2c24ca",1,boleto,1,84.13
d28edd4d734c48841154eae6d8a14539,1,boleto,1,78.65
"555b96fab13352cfb0199d765806f364",1,credit_card,1,47.13
"911df51e0b1a60e807b0d2f29d17278d",1,credit_card,10,137.09
e212133c649bc2cb01579ef9fff04e63,1,credit_card,1,108.86
dbb7f86dc307d8ecb2cef71947ffb5df,1,credit_card,3,266.50
"855302e009dbafa86035003b00a49cd2",1,credit_card,3,64.34
cda82176c91630890ede0612789bfa1e,1,credit_card,1,48.00
"3032a5e32d822f211491303769755b87",1,credit_card,1,84.62
"8d6708eef8a393c70109de0afb75509d",1,credit_card,2,57.59
"9a610ebeeb1a328f4c7a2ab7ea88ebb7",1,boleto,1,142.49
"017499de14d22ef9e9a83ca54727480e",1,credit_card,6,209.45
"0b1e1706859ca49fb88d353540f6eaa2",1,credit_card,3,73.03
"24d1b74a97e959cf2ed7190dcc02e726",1,credit_card,4,42.22
"782aa8c8856a043fdd997f8b869fe76c",1,credit_card,1,74.27
"2c4332bcf4179d16ad05541d8ddb7f58",1,credit_card,1,40.84
"026a8d09914c519feb34944477b6bd41",1,credit_card,1,55.58
daed0f3aefd193de33c31e21b16a3b3a,1,credit_card,3,65.43
"5aa709ad0b286644ffbb7c9aa6a1db27",1,credit_card,2,295.26
"23e7258eff14f598753311325d867bbb",1,credit_card,1,21.01
"52cd1658223987a788a0ff14b962fba5",1,credit_card,1,115.45
f4784cc10b71c854627d55e0f3999ed0,1,credit_card,4,326.57
"82ea82026e50c602a0a88e158b8fa8d4",1,boleto,1,31.22
"9c97b6fd565f95265f18684e83c99bd3",1,boleto,1,74.07
f1227685cb32bc990c13a7c5df91005b,1,boleto,1,99.90
"80bef000a2d88b3b23fab45c546c67ff",1,credit_card,1,107.66
b9b426ab253dc328825da35f1bad83f9,1,credit_card,8,163.79
"4ff30df8edae6cbf204b92a93c0b5e0e",1,voucher,1,7.83
b57b0a8e4374e4aa14d959fe79f4765a,1,credit_card,3,39.13
"39fb67bad5d8285a2665a7ad0a0058aa",1,debit_card,1,22.36
"2748d44e65a8c2df3289434a7c117709",1,credit_card,2,65.71
"5a911c89527605e73569727488b5468d",1,credit_card,8,120.22
"128968a8f3d827298b66853b00d1e34e",1,credit_card,3,109.24
b81f51013f5e0975044404edfc6dfc7c,1,credit_card,1,188.27
"521b27020c398e2a652901b3414c2f26",1,boleto,1,131.73
"76d02bba227a9b675d413ce36b7231c6",1,credit_card,1,102.36
"085b1f163267ab9db88bb6b4145e0df7",1,credit_card,1,23.54
"46b911408d5f2c99a745db2cbe109563",1,voucher,1,153.61
"38e0cb80c67af61efd491a83aed8c8be",1,boleto,1,61.40
"6c9e0983a488b321d5a291da9b9efc5a",1,credit_card,1,90.66
e0bf284ffb712aa8780b96e701b6ff6d,1,credit_card,1,134.55
"7448f861b4547fc4407e432c043ee4a0",1,credit_card,1,44.48
"7f8cb0e907ae9dc4012ffab6fe6f738b",1,boleto,1,207.70
"4157bbe2d286aea97eced684d71b229e",1,credit_card,1,550.93
"496e132afac00fbb1272944c4c0c1d49",1,credit_card,4,105.38
"3d7769d40f0a71dd4954af1ddea4897e",1,credit_card,6,141.44
"735458a5d288ba55c03a10cb1b2dd481",1,credit_card,3,640.89
"1f0a1cc0dc294f24707a0167df26c94b",1,credit_card,6,73.43
"678b28f078641e74d50be86b4ecaec7e",1,credit_card,2,56.05
"9d861ac27142c9f86a4787f50247f486",1,credit_card,4,278.16
abf97042d4b7d1dccaf9fadd59efb5d6,1,credit_card,4,100.19
"7b763f13bd97f02732ac755160e29497",1,credit_card,2,93.30
"95d01aa47c6ad56612e6c8e9057647bf",2,credit_card,4,51.38
"0dc9297ae7a839d499730fd9acdd00f3",1,credit_card,3,37.72
"5764b52361ed5b661d24dff30c8c3625",1,credit_card,6,85.03
a51ce8127e0b31efcfe6b5bb17abe9ea,1,credit_card,5,72.76
c5e754f77f6f127371e929ccb707fce3,1,credit_card,2,131.05
f741187cef9b5cd08353d3a8fecc5fc5,1,boleto,1,41.78
"7d04189e83c072cfdde15bcd1deaa23b",1,credit_card,10,636.74
"8eb8340fe562c039a135209676b65768",1,credit_card,1,72.66
"07a8cc4e00c23ade7ccb29786d3de771",1,boleto,1,139.62
ac3d89654ac9458fc97bfeace44251d6,1,boleto,1,37.23
"86402904f3cfc1ddf74a29dde72588f5",1,credit_card,1,112.79
"294a10c9e4939e8c4f1974b73970ff96",1,credit_card,5,189.04
"9365c8c75027cd5e429a9355f1e088b8",1,credit_card,3,36.35
a45a7a951625bffc98203d07f77e872e,1,boleto,1,149.14
"6673a474ff268f074301ad3a47143765",1,credit_card,5,198.57
"333f779291304a442b0a2ed6bc14a021",1,boleto,1,44.32
"47ced0a7515c9c759da126fad76397d5",1,credit_card,1,63.22
"8b1b41b9f2da33a80000016c2bb902a1",1,credit_card,1,96.65
"4c3849a3e78ef73e3e3fac21b104b67f",1,credit_card,4,137.99
aea67f89b3841f780d8eed0beabd3398,1,credit_card,1,52.47
"8be26417e499e19c531a3ebfd1b14c20",1,credit_card,8,428.80
da74eb479a8368d212376158daf9416b,1,credit_card,1,183.97
"0064d74f7de7917d54768d7722ad56ac",1,credit_card,4,221.07
"193d55b911909b790bca77dbd6f49c9e",1,credit_card,4,114.33
a39f0c9adf755ada2f90b865904e8f1f,1,credit_card,1,404.06
c4ae7b6961af19604f1a9d8313f5a4c0,1,boleto,1,36.46
"4d9190887b47ff1b89c657c788c038f6",4,voucher,1,12.80
a0b25b40a41bd77646acd57a2e1744e6,1,credit_card,5,101.39
"2a013a00580ed531afdce681a1ef062d",1,credit_card,1,223.26
"8e8937ffd86b20780f8c9ee7bc09357b",1,credit_card,3,87.71
"207d35e4a69118f2f9422aa1949043f7",1,credit_card,1,40.13
a38fda8c7745d9c406a48daf230f957a,1,credit_card,3,214.27
"23547de53f9322e4e739959f2f0cc8be",1,credit_card,10,151.49
c870ae4db3d62818f9d3e7ebdf617831,1,credit_card,1,78.65
d72c87644eeb5b1c8658e9a34ad13f50,1,credit_card,6,110.66
"8608b68211e2b6a120ff2e767285e069",1,credit_card,5,353.40
"85ff97380814f8f14c1dea2f514b5fc8",2,voucher,1,200.00
cfc558750a7ad84d94c1348dfd89543c,1,credit_card,4,219.63
"0171835bbc71bcfacc26e9f59d56b62c",1,credit_card,2,81.16
"7d98d1e2ee124ce999d8de65a391b73e",1,boleto,1,130.28
"7279d972e64c7ecfee553ae7b61480e4",1,credit_card,1,92.85
d1fd0b3e5098a55e5c4a672e25527b97,1,credit_card,6,67.30
d4a78a98efe45057f41725b8cd358a18,1,credit_card,1,55.22
d405c5b11a649e5825842c4aaf8082ec,1,credit_card,6,67.22
a35f08311f3c3ceb67be9ff5c1828886,1,boleto,1,301.46
f2e66c1285248a57d6f934463632274f,1,credit_card,10,1075.83
"5fc9337527e54e6906760a44b78d3df9",1,boleto,1,307.80
"285c2e15bebd4ac83635ccc563dc71f4",17,voucher,1,1.23
"8afe93422f74d4eb5b74349a643d94e3",1,boleto,1,93.79
"6001610df104b259c270c49af4b093b8",1,credit_card,1,21.36
"7728b488bf786ff1cfe423986a8d0048",1,credit_card,2,78.01
d904c8fc4955920c3cdb9a2681648f3d,1,credit_card,5,107.80
"74f5cfdfc86cca4b0ca48d0c310bc6ed",1,credit_card,10,273.22
"4513bfce86e880a4bb2d4fe606045ca1",1,credit_card,1,376.00
"9b655375d54c9b7986a07f3e5a839545",1,credit_card,1,77.04
"15b1aceab346b46189a6eea3b6f4b951",1,credit_card,6,357.74
"7110f0eeece3a706f92c964efb204e57",1,boleto,1,92.90
cfb41833e1a64faae527b974cde5861d,1,debit_card,1,20.82
c7b627d407eee2ec488c07e03e2b8c16,1,debit_card,1,155.67
e50118751e7505e22fb6491d648be823,1,credit_card,2,192.90
"577b75217094b43a3e032b217d67f70f",1,credit_card,2,111.67
"44aa6cb9b49cd7412acad36a95e32212",1,credit_card,1,75.48
"7b78cc6982a3e84c736e54249ed7612c",1,credit_card,10,649.82
"5f8b2bc14c6a2b44cd5c1131aeb55ae3",1,boleto,1,87.64
"6b9aa78b4ae64ba1d10964b1a15b5989",1,boleto,1,111.78
"6fe4c985918734d29a35419f12b76570",1,credit_card,6,65.11
"7954d26fa0d387724ccb30d846ebbd9f",1,voucher,1,63.72
"6a2726fdb7d200560870b229000f73db",1,credit_card,10,577.92
"167cb68a4f380e669cbdce2a8a4dfb07",1,credit_card,2,157.36
"7525e8f8b1a51d44f9912ce81146ac7d",2,voucher,1,100.00
bf0310bae1a889330a16496d6f7b8628,1,credit_card,2,175.77
"51355c5169d0324db651913ef8121f8c",1,credit_card,3,127.66
b0cfee6ce5503781be6004e0e31e4309,1,credit_card,1,116.17
"408e91bfedadd9e3a02ea46af7e6cb4e",1,boleto,1,20.75
"1ff4c20b2df8bf57ff19a6914f21340f",1,boleto,1,146.36
fe1a4e86595ca403c258c586e8fd99c4,1,credit_card,6,338.78
b2c1c7db95834595977330e8c8dd7766,1,credit_card,1,118.67
ef6fc648385ffc846ee9b98cf2492d59,1,credit_card,1,175.87
"171f303505168e746c3ba9dc70a1c1f3",1,credit_card,6,126.20
"999e2278889e77fb63971f65efa94ac0",1,credit_card,1,21.43
"8bbd7c85404f2985106229d03d281d55",1,boleto,1,57.58
"6be90258d0695edd089b1165c0925902",1,credit_card,5,60.09
"458d63620d4131af3f512aa1b326b5da",1,credit_card,1,119.57
db66dca329373cf37340222e240340b6,2,voucher,1,899.99
fefbe15ebcd87ab3fb8577e635a8b31c,2,voucher,1,2.84
"1db135327d0fc7840c151b4ea5d5a21a",1,boleto,1,362.48
"566d9c868488d3e11feef9ec86a29357",1,credit_card,3,122.17
aa98499b630b3786439f705c72a74552,1,credit_card,2,168.52
e1d3f67ea81edae5f2975c2adb668b80,1,credit_card,1,119.64
a5102272df11ecf366a4e9d4257b672a,1,boleto,1,109.50
"4bff66c10610e424c94b8cc3ee0f2bea",1,credit_card,2,108.10
d4bc0ad85ade29acdd0a51c7ce9367b1,1,credit_card,1,118.63
d55541f9cde6afa1e48e01768cf46ff3,1,credit_card,2,109.30
"3985e11135ade6c95dffad95edc3d117",1,boleto,1,25.00
f10195234ad39996bec1241fe706e49b,1,credit_card,3,208.48
fee5ae4c3023d564892b2010f3bdbb3e,1,credit_card,3,84.23
"9e5e54c4be8f6625005c76b7f8801ee8",1,credit_card,3,87.13
"350600c11f111d462b138f8e6d1a36e7",1,boleto,1,116.23
"4a484c46ae5f093eca638e3c55d3dbc2",1,credit_card,10,255.83
"1b19e11d36f65ac8fb85d361d49096ef",1,credit_card,3,260.77
"7c37777bdd8b3124246796439d94e8de",1,credit_card,5,266.40
"362b6af60a35f334d6df5c237a9897c4",1,credit_card,8,227.38
ced9d48cd170ccf0a762bf379b4723fc,1,credit_card,2,76.39
ad71363d48c02a2e93bc7f75ff187708,1,credit_card,3,614.02
eb4d09476b0c4b4e17bee697d1adde36,1,credit_card,4,135.46
bb9e31e54af342d8e3f32fc1cb2d8804,1,boleto,1,310.29
e71f305bd634aa47b14ee018ec8f6f38,1,debit_card,1,85.15
"5dd757355fed8ec589b18d6d5c47e6a2",1,voucher,1,17.78
b7a83c94e41bc7b1f8d3b05dede90936,1,credit_card,1,135.49
caa15e1aa25a513739966e10636def94,1,credit_card,1,43.09
"930539e9e87e84332b23d178b3f67385",1,credit_card,1,82.33
"6e1a8bb31b6a7f387513f6a62ca4a66f",1,credit_card,2,47.44
"7d88cc8f8bebb0e650d408c374a62b29",1,credit_card,10,442.29
"6482a6de4a9253a18abae1bc97af64aa",1,credit_card,1,166.96
eb460891256759f5187cb3edc7a73c25,1,credit_card,6,68.57
"987963d6403557c1025b55e60540397a",1,credit_card,10,111.89
"6a1be8e0b55146f9e678f8df8b44c7cd",1,boleto,1,160.28
"6ad7862e05692cc6d511bc83ee4669d9",1,credit_card,7,76.07
e4b774f7fa2c4ce8052731dfeb5cc3f2,1,credit_card,2,81.34
"312be9a2f296750320ccfc0223531b30",1,boleto,1,320.96
"3438253f6ad093b9a0051a04700d125f",1,credit_card,1,30.10
dc427026beaee4c2f8944943cd8f33f1,1,credit_card,6,194.00
ea5eae45d22308768d97e85db1d51269,1,boleto,1,101.93
af6e44b9d409160a33f41a80537af9b2,1,boleto,1,138.17
"8dff71d623cf6a422b03adc61a69368b",2,credit_card,1,133.00
bbc7d177c97f61d86a7486d86ed7a8b2,8,voucher,1,2.96
"93feaaf6bcd5ebfd8e50ddca7a8e3d0a",1,credit_card,2,65.92
"5be92ef6cf4a42ece07ad8bc3c00c70b",1,boleto,1,301.44
"0355ae43910316435f24cb54605a820d",1,boleto,1,20.34
b18c7057bf0a8cf25032b7dc0a680796,1,credit_card,1,96.80
ec8dc4f5713960055446535c7102fde9,1,credit_card,4,160.17
"930ccbe985fc2c6b79b03acc9bcd5a4e",1,credit_card,1,64.00
"90531360ecb1eec2a1fbb265a0db0508",1,boleto,1,40.68
"402c61cbd327813b4797dfcfaa08889f",1,debit_card,1,193.83
"7c74884b55b2ef0862e578cc630dfb3d",1,boleto,1,433.81
a8837bf09c5bd183b8c83204744e5a98,1,credit_card,4,67.30
"7a8f4f62037bb98afd289fc2ee3da497",1,credit_card,3,186.16
"9eecf4b8716283fcb0f026e1308cc805",1,boleto,1,359.91
"1800254c5ad71baad5c53866d4ed0ea0",1,credit_card,6,299.98
d6a544caf1fd9274c3ff0d13257bfeac,1,credit_card,1,28.89
f4efba146388fcb18269422b1a903e86,1,credit_card,1,10.19
"49ccb99fe3aaec6e4926dfd025cd9d0f",1,credit_card,1,24.97
"2bfa7e40282f34e7c06a00cfd2cbe1ab",1,credit_card,3,278.16
d9a2eba69ba6350b8552f12c3342f315,1,credit_card,10,117.18
a567a2572a97a9731794566e93368a06,1,credit_card,3,94.26
"64cc5eadd86b15a6b38bddbeb61ef944",1,boleto,1,25.78
b90846dbd50e328b0a1b6be47a8e2c0b,1,credit_card,4,65.90
"70b742795bc441e94a44a084b6d9ce7a",1,credit_card,20,578.82
a5538348a48a05d585b5f6e40ba5205b,2,voucher,1,66.00
ba2f9f618bbb0aae209920d83b3773b2,1,credit_card,5,136.71
"4135e423780812a949ddb2f5e3131e9c",1,credit_card,1,108.11
"8fe52b8ac07dd5b6ce34a7b5da28c758",1,credit_card,1,21.48
"5295a4f70cac6082f1f9051409e69010",1,credit_card,4,67.58
f46a84975b5e1924b04413f4a87af6d5,1,credit_card,3,195.81
"6b38b67d834db1c3d56ddd487abd313d",1,credit_card,1,158.31
"3243b6004aa13062aab8b5d81b54fc98",1,boleto,1,259.68
"669babbcc5a7d69089e009a0be4899d1",1,credit_card,1,95.37
"9fa2ad63a061c20fb72179b9d79bafd3",1,credit_card,1,26.29
adf4112330df6649bdfd1fb027d98e09,1,credit_card,8,386.66
c9fff6f42450201f1c5b500726598c70,1,boleto,1,311.19
"673233aa1d4df67c18c636593b6c38c0",1,credit_card,9,886.96
e04227003e31c861c6d5953a9ecaffb9,1,boleto,1,225.63
"6398f5a8f74b7a09697d4417628dd212",1,credit_card,1,39.92
"97407e6242ac47d4882d02c8e1e46592",1,credit_card,1,142.10
"411b8901b201804f134429744b17b686",2,voucher,1,127.94
a34373cb005b62a933e6329b9e09f58f,1,credit_card,1,76.37
"59118abb5690ca1f5c31a26b1b7b7534",1,credit_card,4,204.76
"69824ff52b27e9069fe9094a18858548",1,credit_card,1,129.53
d6f91def52c69db1d3e017ced033ba87,1,credit_card,4,146.45
"4b0c92c783fce531bb5b76d0bb2636ac",1,credit_card,1,36.96
"22c0902f5c8c0b291225dae683ea12ad",1,credit_card,4,114.44
"269851ddbe5679a1fef1e568b2518cf7",1,boleto,1,104.85
fe4a285b8a60b67f05e9767412f5b93c,1,credit_card,3,129.35
"4879204a6b45d7ba10b3d703ba460778",1,credit_card,5,216.29
"95bfa2a85ef50d3192609d8f29b92cf9",1,credit_card,1,178.03
"8a2c407ae60a30f282158e16de83fc2c",1,credit_card,2,114.77
"0b0bf8f9977e22517521efeefa4b7a27",1,credit_card,10,167.51
"0c2bbee72e02611ffd7ba4c1b30b7a18",1,credit_card,2,131.94
a00a8c938ecc721a55b033b93e8deeee,1,debit_card,1,83.12
"07b9098123333f897ad332b7c9c3820d",1,credit_card,2,21.72
"06851487bfc68744f67fbc8ad1934d43",1,credit_card,2,133.05
"285bb3ebe7ede4496dcb8e7217c126f2",1,credit_card,3,137.50
"64e3a06a754ad68d968eabbdf900399c",1,credit_card,1,46.14
"434227ef75dde10f4049fe6b219d13c0",3,voucher,1,36.38
e1898701036fd8cad076b8ed42caf78c,1,credit_card,2,131.51
"8daeaeb312867695e95090559c5aaaef",1,credit_card,1,45.65
ad7d9326d258f80eb37b239345f12bab,1,credit_card,4,176.20
a65f65e30792ce1c3492008e544cd0da,1,credit_card,5,77.03
fb9ba8d9d68c67b4fabe35f76d512f06,1,credit_card,1,87.55
"1712eb2031d48d8ea695b82d52759888",1,credit_card,10,811.46
c1da287bcf49e04d36093b8296d121bf,1,credit_card,3,135.53
cb53cd98c09562828a48a0da5d0b92ce,2,voucher,1,3.07
"1e4d22706831af396dafda3b8e91c30e",1,credit_card,2,249.02
"21c62929864d549aa9caca4f25b7e053",1,credit_card,8,208.23
"166ab94329c9512235fd5b3143685927",1,credit_card,1,77.28
"80e9acbfd99b46609bded7263945fe15",1,credit_card,1,53.00
"74b622c0a0af22b8a2646c54e50f1c21",1,voucher,1,72.65
"415d3ba51a2cf1ed6c5b722c94f9c4a2",1,credit_card,1,92.44
"30eb68f1adec947261593a874308f991",1,credit_card,10,756.49
"20b1d8c9683a66f9810b31604fc5f540",1,credit_card,1,1006.12
e42760f40f2fba3ba7529b6157adf501,1,credit_card,11,167.94
"513aeb569eda09cb3e7bf6aae2ddcdc4",1,credit_card,4,447.68
a12258b681fd853343742c997b082ca1,1,credit_card,3,113.89
"5ca576efef06ad46cc98cb34e358ba42",1,credit_card,3,102.23
"39c438f2a835b25cd51bbd1bed5d089e",1,credit_card,10,344.61
"5913c96e255e41e1a9ed2fff46dfc552",1,credit_card,2,134.99
"2dc3a1303e348a49718ef4a190d14eb8",1,debit_card,1,89.79
"2d8c6a0636c9a72f13e97543097ed1cf",1,credit_card,1,154.67
caff70858dc0e5db4df2f19364a9fc11,1,boleto,1,43.70
fa200e49cb5e3ae19cde414d9d9161d4,1,credit_card,3,91.03
"4b02687f07f856cac25049dd4406cd52",1,credit_card,4,106.97
"1ea3e66a79abe98744817178ba99da82",1,debit_card,1,139.46
cbf5771b59c1f5688a8f8224f08607eb,1,credit_card,10,239.42
ac811e63c2e84ebe382d2ec257410902,1,credit_card,6,124.52
"8413ac0b09301d03b78adeca5840866f",4,voucher,1,0.34
a6c872862f17570fa0c8d8d39bdd2473,1,credit_card,10,345.07
b890948d89b295933a81032d4d4b9c74,1,boleto,1,108.19
"8314d0708a7a6fe4f5e5b3ace0826a2e",1,boleto,1,317.99
b13ea375fe9c728832688264638f84cf,1,voucher,1,139.22
"7d23dea62e7241762a980fbe316ff0f1",1,credit_card,1,24.10
"0493cfcda1fbe4c59f584aeffa96c098",1,credit_card,1,106.36
"0d6fee6350875c4d645f6490e7f3ee5b",1,credit_card,1,44.38
bf0e0772c9e81651f6f0f255ed74bf88,1,credit_card,8,128.97
"8e8dc18c47816845c5fbd5818bd069f8",1,credit_card,4,205.07
"37efcc525f7ea02668d6bcb7f8a2df11",1,credit_card,3,128.50
e3bab59cbada81d5a3df124e0a95442e,1,credit_card,10,190.46
d7883101fd4d6a5b0dd411c2ec79d5ed,1,credit_card,8,927.28
"4f173306347cca2ee2a05590d617854a",1,credit_card,1,49.44
bb1d715aef7774629f3b397e11807b87,1,credit_card,4,204.60
aa84b2cd6335cfdd4a56d7a15917d026,1,credit_card,1,73.34
ef94e1ff9bb30d81e5e8c9bf9527bc16,1,credit_card,6,68.73
a2be25bfae58419f64922010bd631e74,1,credit_card,10,192.14
"057e8245e6408a7f5db33b517c481617",1,credit_card,1,41.84
eef277f1b21da736aeb8b4dbcdeb36bd,1,credit_card,8,242.37
a07589bd08c0f6f6e01dad0a425aa352,1,credit_card,8,235.26
"0e3fb5621c179dff735c7494afef624f",1,credit_card,6,146.35
"3bd72d0bf4e30e74322d88fe9dd5ac2d",1,credit_card,1,86.15
"929d67c764704d96d97612a7516a1d2c",1,credit_card,6,94.31
"5f85f13b7f5a2f767c222724ec8f2525",1,credit_card,10,215.05
ce567b5a7b6da61e51d45dfb2e1553c6,1,credit_card,1,35.69
"9fce3cd33d8928808f389d86ea7556e6",1,credit_card,1,91.23
"4fb5f75a2ff520a28e987e6cb5435022",1,credit_card,10,715.28
"5607dd260b59aad9885b4dd7ad29352c",1,credit_card,1,60.53
a10eaf1d37ed2040bb65b479fccc8bf5,1,voucher,1,37.29
"34b52e1c183144d83dae0e368e920950",1,credit_card,5,175.42
"2dc5ca4f77839266648dbc98c8c13142",1,credit_card,3,58.59
a93febb45fcda82844c608e4c9fb56e9,1,credit_card,1,168.63
"32906a7376b5ff689e78c67f25059b4f",1,credit_card,4,42.51
ad3c2d0868f09cf3bfcf3c5277cb8c95,1,credit_card,2,61.00
"29455cc4cdaac794ccacd95639a157d8",1,credit_card,2,101.78
"1e90eae620cdf28010098a2159d56ebf",3,voucher,1,43.98
"423e9363ad13622c0deb3615c736eb0c",1,boleto,1,213.38
"5b43fbc291ca14497fcffc16d301365e",1,credit_card,4,128.62
b538efecd9ba6d45acff500110ce1e45,1,credit_card,3,33.59
f08e2cd4d2598a1628420f499688039d,1,credit_card,3,35.44
"09903fb2d8388ac463b7c269c099b6cb",1,credit_card,1,31.35
"43ada20efaad1c2c55197dd39050267f",1,boleto,1,115.44
"21f024b91cfeb5f135ceef69fe99fa50",1,credit_card,3,35.09
"6875f8830fccf5f9658d63a76da43bbb",1,credit_card,4,313.50
"52fb3b22b5c78d0b753ffeb820ed01a1",1,credit_card,2,138.03
"7ff5516d271630c6a60fa2fa469d7b89",1,debit_card,1,69.31
b45a8e6ce0030929914dfd68dd710586,1,credit_card,10,173.77
"44979e484e687b4245460b7b784d9060",1,credit_card,10,100.58
"2c274f7060d339f907c2388d08f166d6",1,credit_card,1,140.52
d67173b46251d818f2e39cbe8efd0f9b,1,credit_card,3,49.51
f833d8d9545ff013eca8b27c59c3d554,1,credit_card,1,87.64
"10fe58b85b6fe7ecb21c99fd55c4720f",1,credit_card,1,35.69
c4e31039f93a9a1d1a470aa01be74632,1,credit_card,2,86.53
"6325af88a0611fc357055cb87dcec11e",1,boleto,1,100.38
fea63f76fbfe84a56f4059ed267918de,1,credit_card,8,206.61
"2a5fd2bee90721df67729d2e85221278",1,credit_card,2,53.14
"82e92636cb6064e36f4d3cfc7cfb6655",1,credit_card,5,136.60
"94da085d2799047c766f7df765931c49",1,boleto,1,35.14
"490e475128481b0ccedaa812af721e53",1,credit_card,3,67.19
"98ff4145b11d1c215563ee9ca819f5da",1,credit_card,2,64.00
b11277967c91e971b81a787a51849320,1,boleto,1,280.44
c6bed32ec59710413b8be74ee0ebbe15,1,credit_card,6,79.75
"2ef81da37176cfe633d519636052f2dd",1,credit_card,2,106.66
e2144124f98f3bf46939bc5183104041,1,credit_card,1,50.86
"35d8452c4085b7bad1b14bc47d24091b",1,credit_card,1,81.63
dd445195b0424460abe3fe3bf4497228,1,boleto,1,63.13
d4fde1071e39ee8e421d916f13291d2a,1,credit_card,4,128.22
"1315a48b9968c471921edaaf59d901d7",1,boleto,1,136.99
c410904a63a021b7cc16816947ea4769,1,credit_card,8,491.98
"3022bc9eee8087dad85d0832b67b37b9",3,voucher,1,20.59
"945b9cf3b3027c9adf24bd22998ce728",1,credit_card,2,70.72
d8be9ae1b47e841991f6985619f70ddb,1,credit_card,1,247.48
bd250808f4d75fb0d98087a8559e2a03,1,credit_card,4,85.14
c28f3a01d4cfee461234c86a41f52e37,1,credit_card,10,2574.38
"5f2b7b637c603f8ec42317797ac4ad0c",1,credit_card,1,101.93
"9de18154654e59d76a22157b8e439add",1,credit_card,2,344.05
"0cf808a0c021f642770317ad30665b02",1,boleto,1,167.43
"55788c74967dbef64cfde7d1db11e49d",1,credit_card,5,157.24
"38e2829123a2bd1cbe111564824d0abb",1,credit_card,4,239.64
"30b66faf9517facb67ba9b710f0b9628",1,credit_card,2,260.37
a5beaa646a0becb1965a0f77f1f05934,1,boleto,1,123.69
b07bf2d32756618446d0cc1896d2eedb,1,boleto,1,69.73
df2c3731dcfbe2f0861182b341c71c82,1,credit_card,6,230.65
cc03c9ec9bb354486404b1df587bfc8f,1,credit_card,1,48.84
"7fb9a8071a075a78c82420971e66dd77",1,credit_card,6,1354.06
"83adfa2f33c7fbd2cc7b211fb01dcadb",1,credit_card,1,30.43
acf165225c8558f60e21f75d7e1a3c30,1,credit_card,8,84.84
"70915618c90bd351320a2880ab6e7d6e",1,credit_card,5,76.64
cffaffa29cba49c69e3ec0dcb839ab16,2,voucher,1,54.98
"4ee4abefdd469c7756e296aca7f29361",1,credit_card,4,182.14
"47c94576cf0ea364610aff3e9f6a6d0a",1,boleto,1,54.05
a27942f622b629d0c6fcc5245689454e,1,credit_card,5,86.05
b825b53d8136d85eb4cbe60a1bd275f5,1,boleto,1,243.01
"85aa644b23efd808ba253a509c0b01f7",1,credit_card,1,64.23
a2773e1bc198e397853da179908a5724,1,credit_card,8,94.29
"902ec12570bd6b13462824125beeda65",1,credit_card,1,112.51
"9acd90340738747388bfb3af3f39ce47",1,debit_card,1,34.10
"2f6251551aaa1868831b65a26562a692",1,credit_card,1,219.87
af393d2317ee5dd4362190cd7b2f80a6,1,credit_card,6,153.43
"183672206ac52b475b8446069f70e2f1",1,credit_card,4,191.75
d14ebe879e1587746439c3652f063eb4,1,credit_card,10,105.40
"9b54bdfadbd9f2645d10e93bc14dede9",1,credit_card,4,193.84
"252c40159f2a9ab94b552a779514e790",1,credit_card,1,102.13
"3ff4571d28b9a56f8a7b6c9c0e1d691e",1,boleto,1,50.09
f20149c97a729f673c9dfdcb181f8b97,1,boleto,1,117.94
c7ed918d8db50526f07711b3cb8ec6e2,1,credit_card,1,65.43
"7d2aae327399272a05149f0b4782f983",1,credit_card,1,8.20
"80476387c3353416983324a60666664f",1,credit_card,1,415.75
bb7cf7d6dbc99d0fd7bf5c103862d714,1,credit_card,8,227.84
"66cc026722b3407facaaa00f34cfef52",1,credit_card,1,58.18
"92d4e6d2be7474212f889b8d9f3a7673",1,credit_card,3,270.19
"83356f1b8d875976b75b83c623f73546",1,credit_card,2,72.86
"383607d8aa23cad7a1550dc71f5ae7f6",1,credit_card,2,53.80
aa61ca4def1d3385bafe461f6ef46faa,1,credit_card,1,53.96
"3bf7afbf899683dbd726ff8b50d69c76",1,credit_card,10,143.36
da633678d6fbb684914e7ed5fe73c290,1,credit_card,10,242.10
a54a8115a2feb724778f05afb10f69e5,1,credit_card,3,147.15
bef797897a2dddfbb08f9dff9c5ef7b7,2,voucher,1,96.31
"182bfab5e6a0e4aeff7e4a8bcdace60c",1,credit_card,2,193.60
"4b489cb1cdc253a5e66adb3cedb8ed9d",1,boleto,1,31.88
"0f545ca99d61315ccd4d3dac78987db4",1,boleto,1,52.26
"5df7dfc7f38c7633632be959cc9bb879",1,credit_card,1,16.87
e31c3e361313ee8c43db7ad4ced7293c,1,boleto,1,41.41
d25068e796c4ee9a78ed71bccf4a6a56,1,credit_card,5,53.27
bd8ff252732819c1375fb43d9c3cf529,1,credit_card,1,80.90
"0ac51a16347f7a7497b799596ad5fab7",1,credit_card,1,115.94
"82fbc12799bc20f75c107e8e3fd55f38",1,credit_card,2,778.47
"4fded332eaac22d47981cbf6eb6e7eb5",1,credit_card,3,175.86
cef9742a4d6a0ad30273fa8f19015fe0,1,credit_card,6,82.88
ef5d47c9d6d0ee9bff4c67fdf4c8356c,1,credit_card,5,192.56
dcfabd43a5dcce53d1ca781b2efa47e3,1,boleto,1,188.78
bd2b7745e4aba6100b89a52d7e6dc9e5,1,boleto,1,179.41
e46475bd25ec0611f7ce2a2f0e63bc8f,1,credit_card,1,114.42
f56ef9a15044d3fcd12867e68415ee5c,1,credit_card,3,130.46
"4b20ac5099cdb7bcec3f8dfa89bdbdbe",1,boleto,1,265.12
"348c500a5413a76461e497dcecb5bdee",1,credit_card,10,158.28
"88c70c44f3017d798257015df40ed787",1,credit_card,3,81.67
"4b9cf610fa87543cde13ad144b077212",1,credit_card,7,147.37
e22cc707086f54199ddd7ce4b79db163,1,credit_card,4,95.58
"0b461bff8323f6fec51ec6254a81d562",1,boleto,1,20.19
"1cc2afbca351a1423aeb95bd67821271",1,credit_card,3,214.77
"5525c00bfd980bae1cac46f7dcf88224",1,credit_card,3,87.27
"9f101be6d0a10cb40cc622691e49714c",1,credit_card,2,146.68
"8ed6d0a29d0344979ce6466cf55fa245",1,boleto,1,73.34
"9524a52b2633d2f96da98b947c60a4de",1,credit_card,4,217.64
"93222f3437bf5871248bac05a9e60454",1,credit_card,1,199.02
d142e450e61b3eabff86c13e6a89a720,1,boleto,1,112.73
"8cf934bd823646de5fc0daf4d918c396",1,boleto,1,227.51
caf0f5c4a7ef81f3056cdc400f45ef2c,1,boleto,1,158.22
"6509ed1f01a321d9ae4958d09ef2038e",1,boleto,1,96.19
e0fb4639f54bdaa580ed4511c8d7b778,1,credit_card,1,68.87
a25652096ac097b28b9a7f41d188c551,1,boleto,1,111.02
c93ff60dbb02e26f340bbca4b680435a,1,debit_card,1,116.17
"507d1e709281d55c6f0f4901f3ef00c9",1,credit_card,1,150.60
"999b8d758771edb14fdf3f1a280d8a60",1,credit_card,1,45.00
"29182856a24c6eeb1d7b81ba1fe63190",1,voucher,1,59.93
"7fbcbe13cc35fceecf99aa3e64d9dea1",1,boleto,1,53.95
"15341b05d64b1a27163a196767a80afe",1,credit_card,10,606.08
"4d2280f2d019f91aa6cb3e4e4188d984",1,credit_card,2,115.92
"528b401a2474f3a33a3373be7a77a0cb",1,credit_card,2,105.53
"728460a91df8d89f83b5dbf46a9f112b",1,credit_card,1,37.09
"1a7689d4e2cd47f45a8101e04ab03d51",1,credit_card,2,27.19
"5afaa7b618c8776fad63ca23a14a8035",1,credit_card,8,1288.74
"96174b2c267b2d46452c03ffcc689468",1,credit_card,6,153.00
d4196928f507b9d28c258f1ab20dc397,1,boleto,1,137.66
"448a4837b41e7f24ad7dabafe574c842",1,credit_card,1,77.51
f688669f48063536e082bb32d634cd46,1,boleto,1,111.22
f0685863a01cc11a10508d43e2131155,1,credit_card,1,102.26
"109b3ecaafb30490a70c27edf80ffa55",1,credit_card,5,165.04
"22f10895276404bd09fd68a4021e5489",1,credit_card,2,157.74
"591634e3db632b8d5a60099a1b81cf7a",1,credit_card,3,34.51
"4c074254980764fecff977c97ce88c4d",1,credit_card,1,41.84
"1d8f8ed077e12bbaeb0ee6675167d40f",1,credit_card,2,52.50
"83359e7a49758eeed73d55e437b87341",1,boleto,1,96.37
"90e9fedce3a3026eee0c15d3a566dbf1",1,credit_card,3,228.86
"1457abef78cd241e85fd946503cb4e16",1,credit_card,10,1373.83
bf96351a058bdba11dcdb09a1ff86612,1,credit_card,8,232.03
"53cc1746fb6c46702ba0e22fc3db81a5",1,credit_card,2,101.18
"70f3d00cfbc9cc2a465887a6edeb1149",1,credit_card,10,1343.44
"8e642de08fc40170f87db3c976ba2dd2",2,voucher,1,1.40
f1f8ad6699e72bbab0ca848700236de8,1,boleto,1,50.35
ebdae6e0363106fc02c8417d1e95745a,1,credit_card,1,39.25
"14129c568e62c007ad8d334de62aca31",1,boleto,1,152.35
"37921782093cc3bbeec6354572683718",1,credit_card,3,168.94
"17af00a7d6a2c7f01a870122f1b2c92b",1,boleto,1,118.67
e21cac6666f9fd6bffe900a1d7cdaf11,1,boleto,1,127.24
fd983d35a20d34f2b4bb9a157636ad51,1,credit_card,8,109.38
"04d9462386313112744bfe028575d10f",1,credit_card,7,415.44
c7f2160ec04e1391b0c36a9414fbd118,1,credit_card,1,22.79
b218e6afdf3f52598df377661fbd530e,1,credit_card,1,74.17
f437ca3a038c797f963788a0b5e204a9,1,credit_card,1,20.68
"68b3b77e74b7ad7bb9d25331580ddcdf",1,credit_card,10,1021.24
"5112c764fa2925ae974ee7c77478a4cb",2,voucher,1,17.57
"3937b5e90887b4a6c5e4102865c4338f",1,credit_card,2,21.78
ff2635a956565ccce72d295a39423aea,1,credit_card,3,98.79
"6a83363bccad866b7d3c202dea555374",1,boleto,1,117.57
"588085f388f3dd80c9c56681b47bf588",1,boleto,1,111.76
"9a20d02245abb1a63e3ab97e32ea2274",1,credit_card,3,68.19
edfb49082a74314dd99b846ccd67b2a3,1,boleto,1,53.52
"4140060a1718f4c780ee5a5459298e3f",1,credit_card,3,268.62
"7a73fa784937ecc3d3f4a6fdd795ee1c",1,boleto,1,215.14
d95ca1fcb72812383e41e2eb7ca65dc2,1,credit_card,3,645.68
acce8f40fcce1d7eb0d4211d183fe9bc,1,boleto,1,39.34
cd49c5c6f772ac87200f116a7a5499e5,1,boleto,1,116.43
a8e3fb06a9b74bd1950e46982e31785b,1,boleto,1,55.75
f84f158d834dafae73fa8da8b11bea6d,1,credit_card,2,83.71
"331b367bdd766f3d1cf518777317b5d9",1,credit_card,10,283.20
c5b8a34f0c16a7c4ca64e57aa15462db,1,credit_card,1,24.89
d4e84d2279af74e9336d0c786d6abb78,1,credit_card,3,162.41
"500c03ceb1146ec73ff0263b4d0e0c72",1,credit_card,4,40.85
f47f765aa8145f17ab00798fa7db8c41,1,credit_card,3,138.14
dfc6c80c73f6b324371273bd97e19c3f,2,credit_card,4,45.16
"3c5abfef5fc10bb24f9a77d78a42768a",1,boleto,1,91.07
"337ef16882e956f8147cb7ff4af08a67",1,boleto,1,116.94
"0651c427722f910d3a2238dca1975fcc",1,credit_card,5,1400.03
"844a232f16369f45c236e32ac3132d6d",1,boleto,1,36.22
"4a086aa623133c7141b0c9c6759c79ad",1,credit_card,2,74.38
b4cd10a24e0976a9d5f509cfbc3f566b,1,credit_card,2,329.45
"69d222536063d171fcbccf22d45f0eae",1,boleto,1,57.10
"67ebab4ca75954aa4385f837044a65f1",1,boleto,1,119.79
"3b765f9447a0beec30098534b2ebaafb",1,credit_card,4,44.73
"5d463aef87df62b39882ac78bf94c3fb",1,credit_card,2,189.19
"15c083daa3863e259ff8a340f1422546",1,credit_card,1,50.12
"24ac51b02d01abde547c474a994d2aa4",1,debit_card,1,35.42
"75020ffff57f14ba95e2562980ae510f",1,credit_card,1,53.00
e087de4a31936aa86e5f48c6d4c570f5,1,credit_card,1,133.27
"4dcfdc517f6df36a4704bfb8e33688d7",1,credit_card,1,27.75
e1f7fd4580eedbf377860d89efe997d5,1,voucher,1,249.49
"4148591d51d8741aef65abefd186887b",1,credit_card,1,64.03
"7b734c5bc97dccfab80232a0efd694d9",1,credit_card,1,106.50
"57d0641da97fead93c9541a7c3b1fc75",1,debit_card,1,115.81
c2ef03831388d411d6c9610e440fae40,1,boleto,1,96.29
"63e5ce05a132aa8375fcde048ad4482a",1,credit_card,1,125.95
cf3a11ded6899d6b589a1e4a4a4308c0,1,credit_card,12,653.72
"26298a4e971b2abb0e472ae55f3a6cd0",1,credit_card,3,803.04
"4a3e33350d1fd4eace1585032a97ee06",1,credit_card,8,122.05
"189711984919a2bdda375153d796d096",2,voucher,1,43.38
efcf9a4a8186ce8d7f785efc572a0db3,1,credit_card,2,181.52
"01c0514b1f2a7375948323b959cc5682",1,credit_card,3,32.69
"5456769456d0d521af0d1675613702a8",1,credit_card,4,196.11
e4a0627e35b5bb50621fc55c9ccc7ea2,1,credit_card,1,64.06
"2f1a68671a42c4f1cb4dad01656333da",1,credit_card,2,113.71
b582532527260a8be949eac9f4d0ccff,1,boleto,1,76.51
"0e0fa429a12bc8105554270a3a52ce97",1,voucher,1,85.58
"5a820d0824578ef8ae5c54b8135d5565",1,credit_card,2,117.96
"9131672ad00c75a1ac3633a09e500111",1,credit_card,6,65.13
ea34eae68a8f3d0332107c30b071c7a9,1,credit_card,5,178.27
"881d60b41ea9627a5428fb78693fad34",1,debit_card,1,97.59
"011b142c9e082a5c1d10e0a88cd9c8e8",1,credit_card,1,297.20
a0e4b2e02fc8b8fb212ac357f28ec9c3,1,credit_card,10,103.64
d303e3573610c562757a6703a7b0f933,1,credit_card,1,70.48
d58bd8dc62db2951199683fcb7dc2df6,1,credit_card,6,128.19
df23ed2daa7af696a5334c284dbc13ba,1,credit_card,5,54.10
c25bbd8045abef9208c581196c86d350,1,credit_card,5,234.62
"49e9dc045f7315c4ad59cf9184f45914",1,credit_card,4,124.82
"722ca8c3ff8da3acca640833e79f8804",1,boleto,1,139.95
dfca7d8ebf03cc6118734497cd33e14e,1,credit_card,3,142.96
"1e67260976522356b4a98ce72e776783",1,boleto,1,58.23
"70807adf40446c39c3504cd513bcf3aa",1,credit_card,1,113.87
"8097f05ad65d38ba708d437f60ad6581",1,credit_card,10,200.13
"69f3b65d77cf7451092f74b61e3bad45",1,boleto,1,109.76
"53fa1584e9fc3d9b50f19da601874fd5",1,credit_card,3,108.10
"0275c0ac1928093069b95bb67cba52d8",1,credit_card,3,66.59
"4ad1105e12f275c3475462d6811caf8b",1,credit_card,2,271.08
"88cd8bb48fb54b0e7a42902d1383f847",2,voucher,1,5.55
d7bcf8ec332049e572643a61c63f3651,1,credit_card,1,79.10
"554bfd99dcbd9ac3d81b0c7e135f58b2",1,credit_card,2,200.92
"1c11d0f4353b31ac3417fbfa5f0f2a8a",2,voucher,1,200.00
"265f4e28ef8cf69f8445e2951bbe7343",1,credit_card,1,64.74
"07cacf10cc226618237904718bfb96c2",1,boleto,1,97.80
"790301a78144d82c818df031f7c92c8f",1,credit_card,8,403.27
"6935b759d76562923a21746fce73fe75",1,boleto,1,213.98
e9d9941f914d3f702a186f0176ae231f,1,credit_card,2,68.04
"4243bef9583d689a9c8fe6f055cef332",1,voucher,1,6.26
ee9df944ee0ef8a7fdfdce6eb400a5f7,1,credit_card,8,102.53
d22c571279d3726b807c6ac4562a3479,1,credit_card,10,498.66
f85a3babb8f57542a4493f9c45523501,1,debit_card,1,110.33
e85cc7bf67b73e1700ee99b800496267,1,credit_card,6,99.43
c456339d894d329ad45d39e3d6796b90,1,credit_card,3,37.68
"26a6cb1654ddb8cd23a0b67cf5dad223",1,credit_card,1,213.06
"0ec21892fbe1319a9e0363cab0066fb0",1,credit_card,2,343.74
a8ddfd6f6316a1c31da18f179981ecc6,1,credit_card,2,20.39
"63a737026bbe83be3d56d70c83923ebd",1,credit_card,8,149.71
"4ea66e940d723646064604059b99f32a",1,credit_card,1,238.76
"3fa77b85e1a28c3b3a241c4c59d08112",1,credit_card,1,86.24
"4ee1c064b695ca29aec6dbcc3d7d1b3c",1,boleto,1,69.73
e67c98054d83d2b7a9ba6e37eb2ca005,1,credit_card,2,57.14
ad29d62dc7e0a18661b20a1ad16217bd,1,voucher,1,45.01
"7f802d7c70300edaea3d120f8c34843a",1,credit_card,3,51.50
"153e41d2dbed0732e8c41f472d912453",1,credit_card,1,92.68
ddfbaf4d75ab8f1a0db775cb0dad0e6e,1,credit_card,6,60.30
"3055c704b2969a70a3febbdb53e4610e",1,boleto,1,189.00
"5c28fcfb4e50a56899353fd6f8609f42",1,boleto,1,165.96
dfb95a7031f9abf6495bc955837c3125,1,credit_card,1,84.20
d884aeded7a463f237549f42945b729c,1,credit_card,5,51.00
d388f1e3637cc1288e2ffa7368a9ab22,1,credit_card,8,87.90
de8ff53ccb831c621c49cdfb8953fd9a,1,credit_card,4,221.92
c0452c14e00c9d8c3f5f30c189382329,1,credit_card,1,4.12
"9f40e393aa9198eec21f6c89f378da4c",1,boleto,1,273.47
d8a40a1358d3b2dca231abdaa566b054,1,credit_card,1,94.12
"38ca323a7d4915303945481eb5a7e9e2",1,credit_card,2,33.75
"419aa3b89330662c6c903d25b3be8619",1,credit_card,10,2110.57
c93d8c5d743044e34a559198afa97c86,1,credit_card,1,288.88
b895dc7b63a9f75621e6cb8ed54cc896,1,credit_card,8,157.22
ec4bf7a1377a7b21237b8ece3b666946,1,credit_card,8,681.84
"7bb862945115522f6861b172c72405b1",1,credit_card,3,55.04
"14a614ee08193a408e0155cba2279c6a",1,credit_card,1,72.14
ac66a6311540888f9742530ab8d3115c,1,credit_card,5,205.76
"8ce422da46d4ce148ab5b05e5233f790",1,credit_card,1,248.55
"42746b2bd175a9a00d415b3bb3393067",1,credit_card,1,48.81
"23858bdc4cab9cf5b5de163b1f12ea71",1,credit_card,3,55.80
"1454fd9eec5f4140bdbea254680361e5",1,credit_card,5,116.94
"36178f6b136947a325e303fc3637f6d0",1,boleto,1,36.00
"429621553c84a98a8760c1aa822dbbfe",1,credit_card,2,106.87
"8881dc280b8de23e6913aaee6bf61bb5",1,credit_card,2,173.91
a0718048b8aff866bc9372ef2e3c961e,1,boleto,1,171.00
c7b67f6e3ee300d8fde6627ae6b50041,1,credit_card,6,139.29
"31b0dd6152d2e471443debf037ae171d",1,credit_card,1,60.70
ec9fb5672156edeac876e628a92456c0,1,credit_card,1,1814.29
"15ec3d48383c58c0dc96cd66f8884630",1,voucher,1,122.38
"1d03e29afa208b835f77145e0348170e",1,boleto,1,130.01
"40a9143b2c41f667d625190a5a1bf79d",1,credit_card,1,35.23
b72eceaf3e014a8336da6b52928715f2,1,boleto,1,475.35
"4b9a2fcf7058ab9f5609fc6556941297",1,credit_card,1,104.38
a2ccba6b49ba609c283317d2754b4fa4,1,credit_card,4,197.31
"92b6250c9e1d1e359a29929fa9f62395",1,credit_card,2,186.46
ce9c02c63ccfd380ecd3ccf5e8894f96,1,credit_card,6,69.71
fbd8e4b53b733986be42e401224bd99f,1,voucher,1,68.12
f4b402f41d84476637560a1408843094,1,credit_card,1,37.18
"05d5a67b06f86425711075939a164657",1,credit_card,1,18.38
"85f56614259f06af1f2d8233109511b4",1,credit_card,1,93.31
"4cb054441d2b65e4e0f4fb128f1b7b49",1,credit_card,3,116.94
"90f554c89892c8a1cb25b9c27ebacfbc",1,credit_card,1,64.66
"05d43265b79289692a382c9f2a6c1547",1,credit_card,2,234.84
a016235b71cdaacb0bbbd1f61dd2446b,1,credit_card,6,297.62
"3fffdbcdd7ed6b3acdb0bdbc5c96df52",1,credit_card,3,235.28
f19d7e5d1c51bae3d96c1877fc8654d3,1,credit_card,1,27.15
"4a1c3af89657b2177e85765d4390ef46",1,credit_card,2,148.82
"67418605ab8f9414a2e238bbcdde1312",1,credit_card,1,139.89
d3e737e1eef1aa87ad5c92bcbf7396dc,1,credit_card,2,209.41
"42c2b836618db2b955ea569011464e97",1,credit_card,2,46.61
"2256d7dbbecb2b03c2cb4423793570a1",1,credit_card,1,37.00
"115b01b1f77f0e02812425b6f5cd8f2f",1,credit_card,2,213.59
"6e1e856a0fa5c51efd83408e3f8d1fe3",1,boleto,1,54.17
a1b8aea9fd9e26a8644a65e1aaea8740,1,credit_card,1,52.04
b5c037cf61074d84c0a994fa0d024064,1,credit_card,8,387.50
"099a55045696dde09f58f62e8e82a542",1,credit_card,7,191.89
"51d967125c0a12392dfdd135be86ab3a",1,credit_card,1,202.76
"8125fe0b0c7e59423a24402d9cb3ad85",1,credit_card,6,318.32
"0dacf04c5ad59fd5a0cc1faa07c34e39",1,credit_card,4,188.65
b6c4a66a0d34a8b94f2b9ab96147ba0d,1,credit_card,1,71.29
"1f9e91cd0451c86ff49e428f06111021",1,credit_card,2,102.74
"7c6a24cab7128145feb51412987798c6",1,boleto,1,39.97
a9c8ac0c26c178f0ad33618f96225a01,1,credit_card,8,1950.20
"0e7fec3052b5bdeace9c7f2eef9df18b",1,credit_card,1,65.43
"2f1170f5a9418a9cfe0602f39ee4aa99",1,credit_card,1,41.29
bc4cc0e6280520545652f31936abe65e,1,credit_card,4,565.25
"5fbe2b81bb0cd59643b435d2ffcad024",1,credit_card,1,30.10
"587d1c2d41167fd632fc7a7e6e6d03a4",1,credit_card,6,76.66
d0ad5936a2ffe64ad0d7f2ec5703d647,1,credit_card,3,45.19
a8ab159f82af4257ef7c239358b1221a,1,credit_card,2,115.35
"15e6497ab9865c5fa8de6a7983e1fc4d",1,boleto,1,296.93
ce63c9b68df2841a944a62de0cd1bc0c,1,credit_card,2,80.51
d3eea305452cf0bcad06beb48735dbd9,1,credit_card,4,1426.58
db7c9efd30a82868a11d00a5c5bf2050,1,credit_card,2,98.40
"7f5e0af4864278a71b1c273b11dfc090",1,credit_card,2,165.03
d1322489f9218946b75ab9822e92157c,1,credit_card,2,25.13
"6b24fdfdcbca62d19e7fa83f37af2fb7",1,credit_card,1,57.00
"37e90cb2d9e287bd9333dfc45fbe4d2a",1,boleto,1,191.51
ee6abc7b6740c2761cbf529f8bee987c,1,credit_card,7,72.94
"7f19df33207d507c5b83aef798aff0d2",1,boleto,1,55.11
"54190ac792fe31ba85861d9b8c5109c4",1,credit_card,1,8.39
"0b382db57a557ff7703eaba5e991e7fb",1,credit_card,5,775.00
ca0aec022ade40e435aa800a29981eb7,1,credit_card,3,181.86
"5f890a619c8d23b671705de61578d238",1,credit_card,4,52.53
"9c3baed00b2a9346c17579ea668f3029",1,credit_card,1,46.78
"9d32bf50cf0540a7040a13f0ec2364a0",1,boleto,1,56.10
"4450472f01f7fd687ccf5cfc12a12eef",1,boleto,1,32.77
db78bc1fc5b5d42b435031c4c389b809,1,credit_card,8,111.80
ef412fa088f7e0c67215be59670059f7,1,credit_card,3,123.85
"57db811a1db1b622111203c37e6f98f1",1,credit_card,1,34.51
"9f93d6d806ea3735add613d07df54266",1,credit_card,10,521.13
"310d1dbc8ae8050a39e80f2a8367047b",1,boleto,1,36.23
"2f7ee291b72997159cb01045ac80be1c",1,boleto,1,1289.50
"38b1a471932ac62050bd8c14492af2a3",1,credit_card,1,128.95
"32974bc1499a6c903d54eec9eeae8fff",1,credit_card,2,99.34
"29d86db6d5cb58b37df26cfa3efb17bb",1,credit_card,1,339.31
dd0873e10bd3c63b350df2fb55bbbfb0,1,boleto,1,37.62
c30a8d6054a170a67ee0986a7f1843bf,1,credit_card,8,387.77
dae67e58d2770b3ab2c43c03b4e76280,1,credit_card,5,57.28
db18c3a700202016c801626db03e7131,1,credit_card,5,1250.42
acdaa16a13bbe2ca9983c730d0e29c2c,1,credit_card,5,56.78
"0f38d084fc118c0c7b912809d879b45b",1,credit_card,3,215.47
cb794d74f80c0dff5257f123400a063c,1,boleto,1,96.22
a1c5bd54b96608a794debe3190cdb0ac,1,credit_card,3,70.82
"63773910895f35751c9a1eb0ba5530c9",1,credit_card,2,31.38
"9e8b358ee10c7f0194a7a017f1334dfa",1,credit_card,7,395.74
e9a1f1bac2a48afae0dbe612a3aa684b,1,credit_card,6,68.10
"629eb58d177eb9d9e6e3708993aad451",1,boleto,1,81.78
"9ccbbf2108a513e80caafbde31524683",1,credit_card,2,138.60
"1d893dd7ca5f77ebf5f59f0d2017eee0",1,credit_card,5,355.20
"39ccf5203e8fbea550189efa753f231e",1,boleto,1,120.67
"2b893cbdb971f40adfed4b7c9cee6cb5",1,boleto,1,128.25
"8b594e0da0cf5b0a013998575d95b541",1,credit_card,1,87.96
"443116e07cc2239474704eeca0f80694",1,credit_card,7,148.28
"18f39cbc016f34a22c870ef03cba5641",1,credit_card,3,238.69
"762264d81c3f54fa5e5a4e02b84eb85c",1,credit_card,3,229.63
e078f7da1a6312d4103ba33cd4abd3b4,1,credit_card,3,110.60
"61ad7ff8f7855f070f278ff8412622a8",1,credit_card,3,126.54
"3c4f38e27c5f6f27be39c8a2932c43e1",1,credit_card,7,370.72
"140b263288af3fc4f4b00c207639b37b",1,credit_card,10,171.26
"2b28a74a8b08931237c8f73bb7262bcc",1,credit_card,2,70.00
"7ce20b22753ccc86fdb3b6f7efefcc75",1,credit_card,1,78.68
a011a4e5841d3aa378c2cee15499dccb,1,credit_card,4,93.31
"7ac818621c9efe9a8f6ef6d66477fc3a",1,credit_card,4,121.64
"4a30a8067bca018fab5817eb471ac44f",1,debit_card,1,46.53
"28e558fad2f33aabbcd55156fbcc9e24",1,credit_card,2,175.99
"67bbaca0d189dd5afb9a0511101da605",1,boleto,1,92.10
"3dcd6dc6516ed823141649f1fee54303",1,credit_card,2,55.01
"208a40ea56ee53cb00f474b6f8f81b63",1,credit_card,2,144.65
e221ce99afbfcb8f74f80a788755f32a,1,credit_card,6,279.05
"9bf540995c670b022602a2f2e05249be",1,boleto,1,858.65
d184a50b5e40af5b04c71ea71a0f6637,1,credit_card,7,350.93
eeefa455d74943dff6a84508fcab8542,1,credit_card,2,136.30
fa2e4f22d5a4e8d2e7ddbd342245259a,1,credit_card,8,125.43
"483e06611c77dee5a2e4b91b489eb95e",1,credit_card,1,88.18
"1a494062b68a8ed99ba9171cb9c9aef5",2,voucher,1,16.78
"7ae3e9e3c63c370377acc76433f21ed4",1,voucher,1,24.34
c3a4dcc5c4ae575cb04444cf1b3f0a09,1,credit_card,2,239.16
"8c4f076c43382bd3ae1748c6ee72f993",1,credit_card,10,321.38
"54e78383150f4a775184e7e32ea6ce09",1,credit_card,5,135.49
"3637b54ea3991c5c9471dd8c9e77ab7f",1,credit_card,1,32.69
db747e7d69671f32e8e4ea7fdc1266ed,1,credit_card,10,995.60
"7c46b5ee3a6b6152b85d5d245784bc25",1,credit_card,4,67.50
f399b1b1cbfba9dbe26183ac60e6eae8,2,voucher,1,75.89
"1e2b316a698bd9c867c536b99355d37d",1,credit_card,2,124.52
"713e88330db7e1d5390f3268287272b4",1,credit_card,2,173.27
e1d639704794372882078d60df591264,1,credit_card,1,73.05
"80dda88e428c897ea6312859afee7907",1,credit_card,1,49.47
"6bfa92d3952f762df12752e4937cd63e",1,credit_card,1,120.31
"4381a33db9b7771fc9ace541e507972e",1,credit_card,1,67.62
c6fc08f61ce9c85486883b096d38432f,1,credit_card,6,178.52
"89564bd6a7ea1056554275f223301d84",1,boleto,1,130.84
"9c475f19f847e47760cdf04217021ab9",1,credit_card,2,116.94
a2e99a88e70a8ad5a4cf5dd2c13aff8f,1,credit_card,10,197.78
"9170186c3e28b22507dbc91c0da211ef",1,credit_card,1,86.60
d6c8d8e00d2e01bca21b1638924f910a,1,credit_card,5,327.17
"692e004e31546b86abbd93c0661bfb67",2,voucher,1,149.07
b07f4f372d6b83aa840baa28e094764d,1,credit_card,4,45.22
acefb31e50365f8edd33fb504ecf1f87,1,boleto,1,76.08
c61e3efc183db6b89f5556efb5aa8797,2,voucher,1,386.00
"0cbb4eb8eb55f8386cb8c934ff936358",1,credit_card,8,105.89
"4cd3892b846909cad34c7070fee79f78",2,voucher,1,79.90
f3bc6575842f8518d2bca5e71ea8c4de,1,credit_card,1,56.69
"3eca5b2c3635ba49eb926da7ab5df0c2",1,credit_card,1,92.57
b01f56415d8fd608605b7a1673abf6cd,1,credit_card,1,317.39
efa916a75b5d88fd21c5e217c691e81b,5,voucher,1,53.81
eb9434391cf74c90a1fe25884e1a73c8,1,credit_card,3,614.69
"68986e4324f6a21481df4e6e89abcf01",6,voucher,1,21.11
c1b677b6a491c2855ba8486d1f5343b9,1,credit_card,1,62.22
"1f04c2d89c92de520d7c6d5708b5b676",1,credit_card,1,44.63
"37c9baad44854a2d5ac7022b4228dbab",1,boleto,1,134.20
bb26b9f1f2801c2bd60622b82bbb533b,1,credit_card,1,5.83
d59576da0f17d86f09c7bd7dba50cf56,1,credit_card,4,96.80
e1d1213b6608018866541300bc7e095c,1,credit_card,5,433.28
"517a1bc05da7b712cb2580d142b0cc4d",1,boleto,1,117.85
"56eb4939c8d3115474ab6d6a17c8f5f8",1,credit_card,10,146.46
"491d37ca0bc2ccb55fd694266fa55ced",1,credit_card,1,355.03
"5a81cdb2dca863c852fc8e4f82f38f2e",1,credit_card,10,213.50
"6bd4b48e32c302661000c8a7c586461e",1,credit_card,1,30.95
e248283e6b8ba09b05efea1000d9478b,1,credit_card,8,143.36
"5fa2c99acd19b1724a6bbce82b7fa3c9",1,credit_card,9,444.25
"5d15ec992a829ae0c5a53d8e6030f08f",1,boleto,1,123.73
f9dd9a8cfc84d41422b687402ab4619b,1,boleto,1,55.82
"5c60e286915180fdddc17760d914fc1d",1,boleto,1,94.74
"1a1cbbc80d127af8c72708f098494a0e",2,voucher,1,35.15
ab6d087fa821a556e55c7a9b5acf3b8a,1,credit_card,2,153.56
b5f45148cb552bb72d183e82cf6a36d1,1,credit_card,10,308.13
"96cd7d516765eee5049d171debc21ebd",1,credit_card,2,148.09
"71a2d0d183bfb1065bfa35ffd449471a",1,boleto,1,52.39
"45af011411986b48414c28e5be9b3632",1,credit_card,1,44.98
"9ed113cc7c82f8871d91b27a7b0d7da2",1,credit_card,3,78.37
ef200b21ae2bbae5122b5c5c75dcbce8,1,boleto,1,77.57
e0e79f987715dab211e5e31e5e9c95e8,1,credit_card,2,136.99
"299ce7925408d58052afc1317198584a",1,credit_card,2,74.49
cf082b2bb0204ce0ba54ba584cbd3fd4,1,credit_card,5,187.39
"0cece095c1c8f6bd21ec851d74642943",1,credit_card,7,155.27
"466956eafdf33e09b80a44e188ceb5b9",3,voucher,1,9.46
"3311bcf8b85d70179b7a3addec72e5cb",2,voucher,1,259.35
"6098713f9480abe64f64dea083dac6b8",1,credit_card,3,102.13
afce0ce9c7f274fe0f46591b25e9d438,1,credit_card,1,32.00
eee0d370c2154116eb2fe9e4c75532e6,1,credit_card,2,268.24
ac149cc1646470fa003284a354a2b4f3,2,voucher,1,44.91
fd29920a0c21d7b7d5a2350ab9fab08e,1,boleto,1,62.69
"0fa97c6a14424f633800d5cb622a6bb4",1,credit_card,2,109.32
"6cbe4707ae0b201a8d5a8b16dea28800",1,credit_card,1,19.39
"4e72ed892eda314d6c577450f3213a14",1,credit_card,1,99.06
"75785442e7f4f3aee6dcdd92fd9328ba",1,credit_card,1,112.71
"28f5ed3bc19080a3a72e7548df0a5ed4",1,credit_card,6,69.15
"0d8c1bd2c188fdd39a427dbdfab75396",1,boleto,1,46.00
"776a18d9c6d83661a0f788e219f4acba",1,boleto,1,195.92
"85a22eb264ad44ff56c4955a66876fed",1,credit_card,1,0.07
"214dc459e6a86173054c659d579491d7",1,credit_card,3,233.19
"69d55f1bcb3e801a0218ca7233889ed8",1,boleto,1,118.68
"7a275273bce174382bf22826d9150592",1,boleto,1,77.22
"0e82d5829ca1e9cd05b34dfcc62f1381",1,credit_card,1,32.61
"251426971212d3b3bae10ca7062c6241",1,credit_card,1,21.43
f2a7c9304a6eb306550a89725c577fe6,1,credit_card,6,103.14
"1fd79dd0da723476a2633d9321a59f59",1,boleto,1,95.34
"33977ddc245e1fadaf16878d170e910d",1,credit_card,4,217.66
"7ae7179411c2f0b4cb5d98d2254ca59b",1,boleto,1,50.32
f58bddd33f2b976d3676cccd97e4d776,1,credit_card,1,24.09
"9cc24e01fbb1cfd8cbb426c88f52ab23",1,credit_card,2,48.27
d2499c0f8dfc31c671a95be782256140,1,boleto,1,96.83
"851c0a679381595b4b44873db7595471",1,credit_card,5,77.22
"26e3e6e840c4d0af240749313bc6a508",1,credit_card,2,149.70
"0b398dbb3e7c81005f3c69b01488c4c9",9,voucher,1,24.80
"147e67a3ee8e25ce51c43e92fa2efca7",1,credit_card,3,168.36
"83eee67c21d596a653687afe2c8ebad8",1,credit_card,4,160.58
ea418b9e7145f9d09282bcd0f281b2c5,1,credit_card,1,55.62
"1b5011433abb89a8ad7b787401280a0a",1,credit_card,1,64.09
dafe7fe42ee9fb39d4c5f957e0799cf4,1,credit_card,1,70.49
"1c7c193f372924a8ac49d0c9b7ea1cc5",1,credit_card,4,81.16
"0b95f3147f8a038de06187063d90008e",1,credit_card,1,56.78
b3219f865b978d4397a10c20e399ecef,1,credit_card,1,31.38
ef5c29cd9f6ba37c0363b4d739709b70,1,credit_card,10,268.18
af1f8e604dd6e52d35dd93dd7c2b46da,1,credit_card,1,75.51
a068798f50f86a588b2bd22dd16c6fc1,1,credit_card,1,253.98
"2f58cd82a10607b002725193afe913f5",1,credit_card,3,104.79
ecbab81179cbb13a351e75f9ba7e602d,1,boleto,1,44.38
"044bcd01474ba715e7cb11d5a70ccf0e",1,credit_card,1,89.96
b367cc1437c9d0b2794f759930e61eba,1,credit_card,4,83.03
"102524fc738dc062948b705dac83d08e",1,credit_card,7,76.66
"35de4050331c6c644cddc86f4f2d0d64",1,credit_card,7,105.87
"6a1fa0e6aaa492df09c581af143879a8",1,credit_card,10,629.48
"1ab44f7237928287806feb9f4fba7820",1,boleto,1,80.30
de512c8ca504a59f99fc9baadb837507,1,boleto,1,112.54
c811b2b32820eb21f261701e61e863c5,1,boleto,1,117.58
d9979ad46266bbd78c21760fd28af8ec,1,boleto,1,647.54
"70e018faa55d042ec9fa8b92bbf526d2",1,credit_card,3,51.75
"0acb52bb1603d9a69f0965fb43c08a99",1,credit_card,1,24.71
ed8b39ca40c2b2464abdf8e7772ace64,1,credit_card,4,40.79
e0f04a1acc50a7daf0cbb0654d438725,1,credit_card,5,140.22
"2deab87eacecced409eb4e2f9b2a4372",1,credit_card,2,178.03
e0f3b3fba41526eb8feea1da8123fc20,1,credit_card,1,62.15
"8281751e57c88c456c81120e259c4367",1,credit_card,1,32.38
"00f251b943aba645652c7138e4716fee",1,credit_card,1,101.25
"98efe48952662e6a45a1dc51770039d2",1,credit_card,1,98.14
e02d3b3c85978cdf1f69221dadf12d21,1,credit_card,1,53.71
"8c482c28bfcadc891bc37e13dc7ace34",1,credit_card,1,50.06
bb0053cdec4b5850b4682e029eb3347f,1,credit_card,2,245.86
f4e54cdf400b12ba277e54ad81f0a19f,1,credit_card,2,97.51
"879094afcd86a7e113d5923fd645dfca",1,credit_card,3,71.04
d3364a29f093a5f36e7eca9f148235c2,1,credit_card,3,31.75
"82c5edeff15e09a0460d292874766132",1,credit_card,8,111.91
"8a089e8bded26bb207aa04ad5791f91d",1,credit_card,2,66.06
"69f2cc4a16bc2b523813a8ceaef17891",1,credit_card,2,119.93
af805f1566d654b87cb6d3505fc15114,1,credit_card,4,85.74
c5267c7bad3d532ba30cf3b72596d3de,1,credit_card,1,118.35
"5f0fe7d686b2878d9aa1a72dbd9b72ce",1,credit_card,5,336.08
cc5f102c481f67aeb5e598a26d5db0f6,1,credit_card,1,36.29
d8869b7bf74e01d8de9c3f1a58352113,1,credit_card,2,90.70
"00c405bd71187154a7846862f585a9d4",6,voucher,1,20.00
e8910c9e1de2c3b04e8ff423159d895a,1,boleto,1,80.52
af951c92f2dc412031be59f9717df70e,1,credit_card,1,135.59
f9eacd2ae0f04cdb4b243d2582392d35,1,credit_card,5,126.68
"5a0aef62fed458de537f3edb8501befd",1,credit_card,8,215.63
f91ebd94de8a3da272808b5187316a7a,1,credit_card,8,719.65
"1606a97aa8d4a52d6d2c6467eeb5f4c0",1,boleto,1,135.00
b1606afbb1c09900efef0b29a1baae84,1,credit_card,2,22.70
a57e5933aecc63699d3d4657af21b9ad,1,boleto,1,60.00
b064d82b485fff92c7c15d344bfd7e6a,1,credit_card,4,48.13
"839b7051ec3965f51479de677b695b59",1,credit_card,1,123.62
da2e621d3cabde14d60f75af174c6c2d,1,boleto,1,52.83
"03a4e2b0555e9decc299d5f094056892",1,credit_card,5,80.11
cb3d8a1cca3468a5e99f78eaf49bce40,1,credit_card,4,201.33
"455d05ce8b86b6e2b3c2e6e0a7994942",1,credit_card,3,144.56
"842aaf73d95d6a487ed058289c941a4a",1,credit_card,1,67.59
fc3d163a85c692895711a3f290987152,1,credit_card,3,41.78
"56a103cc534114a9c3f830b32cdd3578",1,credit_card,1,52.53
b3206cf64b7cd1480a6c6f9912b20666,1,credit_card,8,197.87
"6e0f7d433f02475118beb9c7e4082235",1,credit_card,1,128.53
"12fcd7e7ba3b8dbe376fe73f27aa0a94",1,credit_card,1,81.62
"97784ba0e32f20b4da48e8e20456543b",1,credit_card,1,48.78
f4f43841ba1acc0c428e6d7c73658531,1,credit_card,1,142.02
e4cc055d67f6ad3ce2fcf56e16eb96b5,1,credit_card,4,46.51
b040969443a5b34aa13dd9fb64961d02,1,credit_card,10,317.31
"1f6d522523ec744025ba19da53169f45",1,credit_card,1,32.38
"8e96f3e6633f7601ec50f3a904c3a3a2",1,credit_card,1,54.33
caac6605538949c162e1301b3280177e,1,boleto,1,128.83
a0a61328bad595cbe8e180cc3cdd4ced,1,credit_card,3,98.82
"8ef9773bd9ab2847c59fa02239ab6b43",1,credit_card,4,141.72
ce8690397f7d93704f8d39df619190fa,2,voucher,1,34.54
e831082804ec0bbebbef04e8b2d8a525,1,boleto,1,60.20
"7cb2307c0136a7780ba260708d733818",1,credit_card,2,155.14
cbe61fc846838bb8eae2e56a9b72c2b8,1,credit_card,1,72.15
"8fff80a42ccaa46b2bc93da8a375e4db",1,credit_card,1,172.33
"1c1d7c04efff33ea9ebb71907b576f50",1,debit_card,1,87.18
de05dd73ee1b5a964eaa56f814c49851,1,credit_card,3,35.95
"9c3201ec3feaf8e884f4fbaf33d37c5a",1,credit_card,2,229.34
"9a9b8909d5262facaf818727cf3c9251",1,credit_card,5,57.72
f89440ab0466dfe5ec50d419efd332a5,1,credit_card,2,143.06
e4243fe53d2000098de6ffa02b534c15,1,credit_card,5,172.51
dd91bcebe3c4f665242db31b800a2b59,1,credit_card,4,124.69
"9bd1b16f0da3ab4e8407a76b1d97be22",1,credit_card,1,90.17
b2727344d4f955cb61829ed7f61b12fc,1,credit_card,10,189.42
"7f05df42e3ae8f2e28d17d9be08995fb",1,credit_card,4,95.22
ac416b71ffbc5fbfe4b5cea8a05b0d4d,1,credit_card,2,128.10
"42c9a9c778ca94f01517f4abb7e6df31",1,credit_card,1,45.78
dfb753bfb675436ca257d189c5377417,1,credit_card,2,23.00
f9ae93cf1664881693318b7684ab45b3,1,boleto,1,79.56
fcadcc442807c2370f7d45ae2bcce264,1,credit_card,1,137.26
ca3a52cf84c312258ff4913f1fe15f1e,1,boleto,1,111.33
f614b00ec28e93d421101c1a27369277,1,credit_card,4,195.91
"59c6d70603e4c4447067afb1291d725d",1,credit_card,4,99.43
d2d141fcfa835ec7db744de7b57de03c,1,credit_card,2,61.69
"4881a6238632d9b0ffa3d48763aa2b7d",1,credit_card,1,61.75
bda5db8afd8df3d2537a32c2a35169c4,1,boleto,1,45.09
f55ebd23aed37969b6b05ae64bb1f034,1,credit_card,1,88.27
"27dd4c7bb1266a67913f51a0e923fd7e",1,credit_card,10,666.34
"8e568e54d86a184f57025de47a359ad8",1,credit_card,7,102.23
b05bd539cf70694e3270a23f22156f3a,1,credit_card,8,102.03
"10d94479d66117fb7748e5117855db0c",1,credit_card,10,146.96
cf747734b50691a179b579b11690910f,1,credit_card,2,117.96
"6f41a6473f4122e2cdc762a8988a67f0",1,credit_card,6,159.14
c679d7c1b3724f6bafd104526934a932,1,credit_card,7,97.61
c8fa71518385678630da7552cf1f459f,1,credit_card,1,82.22
ff358345576214cc9e08488188973c84,1,credit_card,1,36.69
"0ae449254770bfec75a99b8d804e5b10",1,boleto,1,173.84
"410d704bdcbe2893fd5ad73fe8166f43",1,credit_card,3,213.91
"27ea1775a86c796168b08511e529d0a3",1,credit_card,1,79.84
"9ccb6719fa8bca71f05094ee18873cd6",1,credit_card,1,37.88
"06a55b1772ae6b58d1483030c97629ae",1,boleto,1,87.64
a9b8ca11d1c4f895787b4503f3772706,1,voucher,1,133.90
"44809c64bc4e272b0ffd44dcaa3beb8c",1,credit_card,10,364.89
d9515cd3ca09c7b9b751f077d2adfc84,1,boleto,1,735.00
"2efe2442effe17b5a17637c88ac2d0d8",1,credit_card,4,255.91
a09a1cd89b42dac119675e8e9daed651,1,credit_card,2,237.78
"2f655d9169f2159a439e96af86d28c12",1,credit_card,5,520.65
"06e168d9ebbe911b7113e44536929f11",1,credit_card,8,174.40
"7cd48500c7fb8fb359e9b91fbb2a23e5",1,credit_card,2,73.34
"1b2eb899988cdcc0c604910e20a76c5f",1,boleto,1,54.72
d66d818e0e5486b4382bdaad63390b53,1,boleto,1,87.16
"5c3dddb93a4f011fc1fc4e712b18eb04",1,credit_card,2,107.55
"2da6634703a5d34c99536f58334e9700",1,credit_card,3,97.87
cf014dc8804713618176fc95af41b221,3,voucher,1,25.00
c229c6a2f0ecb33d8e2779ebddec3a1f,1,credit_card,1,9.89
"8f7fab386de53dade383a220ad572f8b",1,credit_card,2,69.24
b0cfe2eb432bba9a53dce35cd5793946,1,boleto,1,86.73
fc44d27a4439d26e8ead6e656c28cbd2,1,credit_card,1,99.15
cef6f460d918590e4b8304c2890f58f0,1,credit_card,2,51.75
"38f84a21226e448e6ca37b3c45144994",1,credit_card,2,67.63
"63c1f65a4171fb69929e4fd2652f5617",1,credit_card,1,136.60
c12dd32bdb7a0c2ea2d590a7c1f32b01,1,credit_card,1,65.00
"360b6094e5355f969c2a33624292867e",1,credit_card,4,88.50
a43959b4fa84405a58554cfe776350fd,1,credit_card,1,44.37
"4fd95287834e5721e6dd034110ea149e",1,credit_card,1,35.85
deee3dcdb24a546fe11dbf20968395c8,1,credit_card,10,205.84
"4ec16f88e884232366f73009df2bf045",1,credit_card,10,336.94
"9951333a5f09b5c054baa1f1c43887c8",1,boleto,1,132.16
de8e149a85e92c7cf24c1f7318f5f1a1,1,credit_card,6,187.65
"9783e4b24e95c1e243512f67f6e2a97e",1,boleto,1,96.01
"4f8e380dcdc0ff7f92479a8d9c950490",1,credit_card,4,215.14
"0484f1d11d891ff86fcc2d225ce7094e",2,voucher,1,655.16
ed78b29fa4c1255d275df5d4e464503b,1,credit_card,2,157.88
d774dda8acab57dc1f473be2a975cdf5,1,voucher,1,57.70
"5770d4a84c1a09336d4c93063323d21d",1,voucher,1,72.66
"795365a1900969b1025ba6722a40950e",1,credit_card,4,105.74
"8d4bf0250a288cb514e50be83d8d6cd1",1,boleto,1,133.76
"478da79acc71487110d44b06dbd8444c",1,boleto,1,115.00
dcc63ba3bf0ced293f88135e0b666ec6,1,credit_card,1,72.43
cdfb4e1a6dae522cc12d2ac417205cde,1,credit_card,1,38.22
c75a90e6201220dc506387228d8e0e54,1,credit_card,2,53.90
"5dbbced030c8556f919a3b392a589b7e",1,voucher,1,102.38
b3b8763bff1a0f3f2ae0757e3d59a5e4,1,boleto,1,80.11
d2cc32c3614a3446aef94cfc1ade79b3,1,credit_card,5,59.09
"4a111e830982efaa7fcd45ff081543ec",1,credit_card,5,183.86
"4db34232e511af6c285aad652d4e5367",1,credit_card,1,301.38
"65a8df3dfc633bab93334857a125db21",1,credit_card,5,150.98
"41b7994f6fdd38dc855f6f6a5c61b459",1,credit_card,1,152.68
"9e6356cd884202aa5e0d16e033c8c08a",1,boleto,1,47.00
"58af2a09b442a8b28f672e56ad7154b5",1,credit_card,4,47.58
"3d2e1f644275225a005ba11e6add8b4d",1,credit_card,3,51.59
df6c49ed3556438e1755c756bed90fff,1,credit_card,1,94.71
"07e8c8c7545c3cf6386eaf464b1e8365",1,credit_card,3,356.76
fc79d61f2a305370fd69ee2c8048d5af,1,credit_card,4,95.91
e7af9428d8b5d65f0fd7d3eb98595308,1,boleto,1,171.29
"6ec804b7799bf7e38aeeb28d8f470877",1,credit_card,7,147.64
c1eea9299853cc151b3398807b9deac3,1,credit_card,1,35.09
d640a4c3a88331780424c072148b386d,1,boleto,1,162.02
"1f128a92fab0cad4a98cd61be2793d42",1,credit_card,6,118.02
f530e66c74816309f2bf8eb5a619b3ab,1,credit_card,4,199.49
cad4f1f1630718b17426b3f335d0404e,1,credit_card,5,212.83
"60d576675057bc52504462b5bf4f5085",1,credit_card,8,531.42
"836d0fa7922a98ebfd757fe914130592",1,credit_card,4,103.07
b21fc2238d717cbd15c833da30d48c26,1,credit_card,1,50.51
"362cdbf5a3b5f297257f6e67be534a27",2,voucher,1,13.63
b2355e2ae81244cdf571c90d5eb890a1,1,credit_card,3,68.66
a539050b5ced5a45fbb22fa7a99f2043,1,credit_card,1,66.22
"111e8cdb5890a7e3beae3e717737ca51",2,voucher,1,14.79
b9383cd99539eb0ccb11ab1a62bd0621,1,credit_card,4,78.42
dc839b5e01c6cbfab1c06a366e70e9e6,1,boleto,1,131.44
"36740de778429748e1ff6077c7d85e5f",4,voucher,1,18.93
ef5884d6401ac5bac05aadff9f2aae89,1,credit_card,2,74.89
"62c58d2be94d38380892b7e984d67bf1",1,credit_card,8,268.84
aa0cb1c340fa8ff2e4a09780d829e118,1,credit_card,8,321.78
"01fa35042136b75da24ce2a391b30eb9",1,credit_card,1,45.00
"577c26f685d23908780f49ca3c5026be",1,boleto,1,190.53
bc4b1551a6fb2346fc87b5879402dbf2,1,credit_card,8,178.52
"61877f26b314bbf4aef8f12f4cf0ed7e",1,credit_card,10,321.91
"1f7ef4e37ca10d4ed60f43c7cf81e181",1,boleto,1,40.00
"7e17bef0b77734da366177cd331ed66b",1,credit_card,1,38.28
"6c962649b9d8c1ca7914e9be3f039d2f",1,boleto,1,339.45
"95ec4886946c5ae0d453e95648834ac6",1,credit_card,3,207.57
"076f1fe978468db6b826f40f714da65f",1,credit_card,2,168.88
c08b5d1119e91f504a884106dad8d4de,1,credit_card,6,105.28
b83a4e483d9be76224e4d87f553361e7,1,credit_card,6,65.11
a2e9aa14d517e240f6e7c7243dc1f639,1,credit_card,2,127.26
"6349ff9baef7d65886a841af28cf65e0",1,credit_card,5,160.57
"4152a677b7acfa7fdab8dc8e1dd436eb",1,credit_card,1,216.15
d931bcdb789d6460815d187628a45ea0,1,credit_card,1,30.85
"0c77e9308e3c15bbeb6c16405a2da080",1,credit_card,1,112.71
"7a76b222b6be79748cd291410b57c160",1,credit_card,1,70.38
"963dd4dc90067e6cc40c3ddb89e991be",1,credit_card,4,99.90
"3c9165fe4078dc576322edf3612985b7",1,credit_card,1,220.66
eec1e7170bc88c845bee8ab6ef36721c,1,credit_card,1,106.37
"287f07f2662d6fece557157bb5f87fd4",1,boleto,1,31.75
d0963bb4fb0e49ea7dd1b7ebece20a27,1,debit_card,1,69.44
"99258947dd1b1fda580de965e83f657e",1,credit_card,10,1070.68
cfa2faba61860f34b537dc9a7e42f544,1,boleto,1,165.70
aa9df3f4f57834f6997ff9c958411ce3,1,credit_card,1,87.71
ea5cec9447a41351dabd449056d1992a,1,boleto,1,110.00
"8575bcda52558e232a65a448dd7deb5d",1,credit_card,5,336.27
be5c91507e2c4ef294ee991d22b2d8e2,1,credit_card,2,75.28
"87334ea6311529ce3e36b18350d2d4b3",1,credit_card,1,49.34
"97e24377140a4eccdc29f62c6a965df7",1,credit_card,1,82.86
d794ed99dd97ec2131fc626c62291b38,1,credit_card,5,86.73
ef524a601004635e7bd1ec43937e961f,1,credit_card,1,51.69
ac21e278cde3c44f9ba722553c590721,1,boleto,1,187.56
c5d249c736d0e3a5b29868b9c59e30fd,1,credit_card,3,141.76
"62f45e4a3ac45d14c761131a05fc32cf",1,boleto,1,72.14
d4db24d5b411e01abda8e9dc3d1f858b,1,credit_card,5,287.76
ba4f4ffc1063e52435824b76fc7933a6,1,credit_card,1,102.74
"73bd0bcebfe29c19c0c2422a811597af",1,credit_card,1,33.09
a2e41b2178698dc2a57817361a869d1d,1,credit_card,1,35.75
bca45e92990f2f54a8aed374b160f2e8,1,credit_card,1,37.24
"19721d59a9764437477eff0730b48665",1,credit_card,3,205.26
b6a751bb917e5695cb0f957cc45d04f9,1,credit_card,1,35.61
"3303092810c37e9ab22a711ae3afb197",1,credit_card,8,559.26
"4076407d388d4127cf7edc12c2782ed8",1,credit_card,5,58.45
"84e68b5d2be9ab9146ea264fa27c9a34",1,credit_card,3,31.21
"42aba87a5d74e497fc853cde910d4e32",1,credit_card,1,27.77
b86d6598f95562f36a323a61a9fff073,1,credit_card,7,141.73
a400e99b42e3460776a919c62fd5c246,1,boleto,1,98.70
c270c617b9a56cf86a0751f237f567c4,1,boleto,1,171.16
"6c2af5efcf8e3d632c9b27ea8b422d2f",1,credit_card,7,163.75
"4c964566a7cde1bb097b36c556acc0eb",1,credit_card,1,89.67
"67fe9f5e9c411829a15755a4c9f56663",1,credit_card,5,134.14
"747472f67c6d285c60bd732fc28beaf9",1,credit_card,6,435.60
"394f1635c89b6816274552e7caa43099",1,credit_card,1,204.07
"7a43439d03078dce6fa291258b5d9796",1,credit_card,1,42.47
"1b8b690d422116abd9e63afdd49dc279",1,credit_card,10,818.40
"47016aad5e46195be82ac5fe39b63483",1,credit_card,8,352.21
"7fb427cd4340774b923e6c217c94d399",1,boleto,1,287.84
"353f701bcba3aef1da4ccc8d5c4c3162",1,credit_card,2,45.48
"6c86cd28bc4a6ac0313b8d3e03131e9f",1,credit_card,3,135.59
f9ae6383e4dfb7b5d309593d052000d6,1,credit_card,1,24.19
cd1c9899cfb848c241d0b93fdfc10df9,1,boleto,1,26.00
"62ad575f01f34c4defb94b0a1f56b577",1,boleto,1,187.41
ec668d5f9d1521a83fc82fadfd157f36,1,boleto,1,163.29
"7f1fb6cf63b226c51ac3c92df318e2bc",1,credit_card,1,319.11
ba56a5684dac89a26445f7aca74c556f,1,credit_card,2,81.63
"2d9fae00e8fabe4fc6128a1d8a527aeb",1,credit_card,2,26.39
"5ad5a009431bd3f53d623de6ca712cb4",1,credit_card,7,140.28
b4c378fc7efa4921d498214f89ff5f52,1,credit_card,1,45.09
"44f1ed5ad211cfda9d2d52cc6564a36a",1,credit_card,1,123.61
"40b6f922d06bf5d0ccd2dfc2df2b6a50",1,credit_card,1,214.14
"8a9491fb5e1db54016d2b8f1af5ac490",1,credit_card,1,35.41
"99ece48d14ba148681f7f0db03a9e238",1,credit_card,1,33.94
"016ff85737c2072ab00a705cd8f87799",1,credit_card,1,95.02
"729c445f5f350f88d5c9a3911d6e9bc0",1,credit_card,10,196.32
eb26692da69e9d30670c6e364921c1d3,1,credit_card,2,99.90
"748934084b439ea1404df1dd5a8b238d",1,boleto,1,90.83
e8e186c0ebe18282aada53c56e7da34f,1,credit_card,5,50.64
"8a9dffcf22392c73f48cc12ad332af30",1,credit_card,9,99.14
"3a8f4157eb7bafa7d631ed3d9ac9ee0c",1,boleto,1,124.33
"2552e1d6ef4a4a91c1bcc69dbdf4d952",1,credit_card,1,27.38
"49ccb99fe3aaec6e4926dfd025cd9d0f",2,voucher,1,100.00
"4b481f7303c6e3e12e9a4b3a8725f998",1,credit_card,1,35.38
e3b590488d25f7c5f71f63d2bfea59c6,1,credit_card,2,158.75
"09ad94cb221ea7d2ba569504ad446082",1,credit_card,8,201.46
"93a21c10557cc1b1ecfe2c3a808c648a",1,credit_card,2,338.00
"4f420928ce3031d9833981e1bd5005a0",1,voucher,1,58.78
f9d71ca22c3574cb50bd404950d12ff3,1,credit_card,4,120.20
"4b6bcf7a51da38b9e26ab10ee7186d6d",1,credit_card,1,75.63
a958c924f6b23ca49ded10f6f5aa862a,1,credit_card,8,664.15
"616766a13421c758b45c1912e9e4fedf",1,credit_card,1,134.96
d5542d526e0bebb1db25cc2bf472a21e,1,credit_card,10,314.70
"447b7c9b6b51381a908e562384313068",1,boleto,1,28.75
b5e736024d63e27310ce4f9bc03fbc7c,1,credit_card,3,318.25
f33d191c07d5d88e9216967ea8472d29,1,credit_card,3,76.17
bebda1d591d109ea4605aa4e437d0a68,1,credit_card,7,72.37
"4942bdcf4479ff8d6885299338758784",1,credit_card,6,73.34
ab37728868ab54d404aeb0398696940d,1,credit_card,5,209.88
f3c1bb83e5aa29985d32f94e0434479d,1,boleto,1,189.54
"42845ec86a155bf18a11b8be59fa8442",1,credit_card,1,48.34
d14f57164c76dc1c2abe706a1bf71153,1,boleto,1,164.33
d8871dabf991b93f323970274f492e85,1,credit_card,10,112.71
"17774450f243f686546b04633a04dbdb",1,credit_card,4,666.68
"1349d7f4ec671ded42f2360828965692",1,credit_card,8,320.58
"77d2c1762d483a6012d9f32c2a59e5df",1,credit_card,1,34.77
"86efb185d971175118f61d7dfe86ec8b",1,credit_card,10,844.64
a26bfd667ba8c2433195ee30be0fd1d6,1,boleto,1,37.09
"2c4665e95f17505890c0f9b086f89754",1,credit_card,2,125.85
"26bb01f8da89d1db61bdb339788731b8",1,credit_card,1,146.09
"0533573d16b0c12cc9a3f9f97f67111b",1,credit_card,1,69.94
f3b96845efd71daecf6b331fb3a9f537,1,boleto,1,62.44
"16211bb7c07fe77216ea0a0074954ead",1,credit_card,1,86.04
"69874f1392bc9898f11b59d0a735ce70",1,boleto,1,55.75
e80309cd64fb6ece56e9b31e8af773db,1,credit_card,10,118.26
ec6afcdb2047e9e168d4c9233299c06f,1,boleto,1,344.12
"18dfe50d6b2dbbbe6508b1b5eea3eae8",1,credit_card,10,123.89
"9f28bebb21ed4b8984afe68c7ef6e127",1,credit_card,2,142.92
"111dc64700f0263f8001c38215036c92",1,credit_card,1,37.58
"1ab4ba2aaa118a756ac6f15764adb2ec",1,credit_card,2,136.71
a6d412851f5ec3967d9664d3654be93f,1,credit_card,6,176.99
"0c5c8063a673f3c44b6499053e534ccb",1,credit_card,1,138.60
"9b8d8bda9cab2bc51a14d444adc6af8a",1,credit_card,1,95.68
"4dd1f29debee7ab872c8919f35a80070",1,boleto,1,153.13
"643fa404d2dac7349a17416c2d2abf42",1,boleto,1,202.28
"8caa967e048f7c1e27144a219ad123f9",1,boleto,1,92.80
a60e074eb5678582482c8bc0612e591c,1,credit_card,8,85.65
fb085529373f03634a84fa2358deedcd,1,credit_card,8,266.50
"8fcc69a880483df5f5e3d9f588f186a3",1,credit_card,10,204.12
"9edc5231dd902e3a6b3cd4d8692d3e19",1,credit_card,6,462.84
"51c86c4487b86a4e4cb8eeec8618de9c",1,credit_card,1,134.12
"304e8cf62306a897106fd54ccfcc88bc",1,credit_card,1,923.17
"2ee9f38d1a90756204f9428337b66444",1,credit_card,3,90.67
"6c55bf4d09523cf2a72a452cdc0f0a80",1,credit_card,3,522.16
"38ee0413fc5a49c0c2eab6864776bf2b",1,credit_card,6,325.92
"415029216b664ca8671c17b0be718a0e",1,credit_card,1,163.44
"3e6d9386646cff76c2febcc71e5e5f51",1,credit_card,10,261.38
"7b7fe8c6f46917f4ade39f8aaa0d02ef",1,credit_card,2,110.61
"2e3484a1a6d6411c0a875c5b0f40be6c",1,credit_card,10,134.03
"16de740155e4e909578bd90826a632c1",1,credit_card,10,114.77
"5adcb18c1456b44c8c96e0540ea9b9df",1,credit_card,1,98.03
"88953f14c276491e60e060e8ef21b769",1,credit_card,1,46.01
"4d9e31ff85efba399f614db862300f50",1,boleto,1,115.25
e7c984c7684388a750178a7187b29cc4,1,credit_card,4,96.88
"77acf92b72b1e4c4f6c704fe19635896",1,credit_card,2,60.10
"9502098c0c48725f2b3dc32ff2a01466",1,boleto,1,61.07
"60c87cb052b29472f04df29bf16b2d47",1,credit_card,5,397.34
"88619b87b77a72ba17043ae30bd6378e",1,credit_card,1,58.07
a46944cf9b2c78431a4619ef5f308ab8,1,credit_card,5,92.25
"561f746a88df51356713157ec83fd020",1,credit_card,5,137.66
bf3fd3b1044615b0020cccb78f7b142a,1,boleto,1,21.48
e098ec5f9db73a0719805f75d086a56a,1,boleto,1,207.76
"79d7ad461229b660db59a892f1fa8e1b",1,boleto,1,77.57
"3b4f91054cb9728a62114d3103612374",1,credit_card,10,157.41
"411d2a5826116cb819444537c0d0360d",1,credit_card,1,31.38
"1b8dc892aec525e5b60529c26eab5a95",1,boleto,1,234.62
"8219ae90c37589227838ee62848266ca",1,credit_card,1,76.02
"3b7132abf3ba167e73c6390f51de0256",1,credit_card,2,313.28
"1962f977f7b7b5eb73a3c2c39bbc93b5",1,boleto,1,32.62
b523b77f215e6c094c97389acf24ea9c,1,credit_card,1,72.86
db9b4cdab80e02f16927194367fb377b,1,credit_card,3,140.92
"6defcba2f5df4f21c16be676addd3ce7",1,credit_card,3,101.12
"19c386dab06e3c24f06cfd16b054f310",1,debit_card,1,80.56
"7a5098bfacce471e5cec8583f0dfe4c6",1,credit_card,1,40.00
b6a5d12becb37fd570472afa5a0daaba,1,credit_card,5,223.69
"59b32faedc12322c672e95ec3716d614",1,boleto,1,87.58
"63bfa2fa974302f74839f89adc439305",1,credit_card,1,60.09
"913ee03ef93cb2a1abf6adde78dabc7d",1,credit_card,2,111.89
f2f276797fe0c5bb220e8fceefd0220b,1,credit_card,1,94.20
c8cceb61313c24e7179ed55dee424114,1,boleto,1,73.25
"24c30ddeb5a4b85a61bbb58b9e3d66c9",1,boleto,1,50.45
"3e87545e66b02b3858e6e252413b1b8f",1,credit_card,3,97.13
bd8076c7068a60bf3d148350c9ad9975,1,credit_card,10,612.38
ad9c035288b84041ed2c530e8e09db8e,1,credit_card,3,88.34
dfcdfc43867d1c1381bfaf62d6b9c195,1,credit_card,3,115.05
ac59aee9b29e8e6d74a382fa868b611b,1,credit_card,8,147.36
c27ac06232941e2af3a9e86dde14a045,1,credit_card,2,74.20
"1dea7f353eaea6c8a82b26087fabef18",1,boleto,1,45.09
"92bf118ea3ac10a83a254fe7246825a4",1,credit_card,10,409.00
"8ba70ffa9e502e40f33a3f9f59d739d5",1,boleto,1,99.90
f51cb113ad5e21bc6d8082bc824fb25e,1,credit_card,1,194.01
"5ee63c8c9ae2e5c38791b35932cf4c69",1,credit_card,6,843.66
"5129ce1dcd24682fdfe1ae2561abba2d",1,credit_card,3,107.24
e4e717f3f0c93f0a6d94ada34afdd009,1,credit_card,1,50.50
a7a43f469c0d7bdb0a23a82db125aefa,1,credit_card,3,54.10
"15010af27d8cf1619efb2867f47ebc51",2,voucher,1,201.64
"0d4a6a514fd319d11eda911eda30da6a",1,boleto,1,104.12
"23bd3ea8478099ea89638b5514a1198b",1,credit_card,1,42.06
a89e14734d926ba4f06da4c653abf873,1,credit_card,1,98.84
"4fed711323f674330ff12f1834049b3a",1,boleto,1,118.07
"35fd272b7bfd7824349c5d0defad43ed",1,credit_card,6,157.35
"54d7ac7a8a4074afa251dda33e7dfa4f",1,boleto,1,398.84
"25b6103279d49abad8b1b03989c6a7ee",1,credit_card,1,67.22
a49146f414b54879adb68c422428a68e,2,voucher,1,57.50
"34aed6e4313d7573b0d3b459f3a805ea",1,credit_card,7,1489.47
"8f3a46cc0e9d362bf43dd339e4379615",1,credit_card,3,177.98
ecb9b15795b8962c43e024cc97611605,1,boleto,1,479.86
"28f729f6f9703fdfc79ea4bf54d4f61a",1,credit_card,4,407.93
"827440c00ada8331c87737e4c4fbcd2e",1,credit_card,1,86.44
"64fd58a06f0a4797024c9593a181f67f",1,credit_card,4,83.95
"0c68e2888d3fde2067bee5cc1c638f09",1,boleto,1,303.39
c182056c231712791b448f605cc15589,1,credit_card,1,105.38
f96fa82074a906a2d44dababc061999c,1,boleto,1,53.61
af7558c4c999c1d5de328e39a9ff53f3,1,credit_card,3,90.07
d5497a8b063146d31f3c833a515da510,1,credit_card,2,30.36
c1a7323307f4a60b4146d4d40012350d,1,credit_card,2,181.21
"981cb41791006b79817f4b05721fbe10",1,credit_card,10,162.24
"0ebc490cadb55779894fe2a498e64439",1,credit_card,10,338.27
"839cdf42ef00fb4f5d66e449058b4d61",1,credit_card,4,111.82
b73183cb490ec16839818660ffc3d832,1,credit_card,4,142.85
"5b7d2a6611386be3d67fd8d48be91f28",1,credit_card,1,73.18
"66ef8af8edec04b75469fd942a8ad66e",1,credit_card,1,53.76
"368b20312c68710e9d75cbb5cef5c469",3,voucher,1,47.86
"4e759d3af1eb92cd808db2a87ce21282",1,credit_card,4,106.29
ce44954b3198c35bbf785d9c95e28aa5,1,credit_card,2,247.05
ff42eee9423ebc7d468a3709e1cbefb7,1,credit_card,1,149.57
"0606be58306f48924f5b44a39cfab9ec",1,credit_card,1,52.04
"638ef1788b79081e63829d44a8f15e0c",1,credit_card,2,117.10
"1b3502b901fcba41838c8d41dff38327",1,credit_card,6,140.04
bfe45a2590b88a391d11454e70a7d984,1,credit_card,3,102.96
c35fae60290d46aa0431b8c887c3a8c7,1,credit_card,8,388.00
"249139c9c4f86f01c083fbd3e8975916",1,credit_card,1,63.79
"548cef769a379d873b5a602a8bf39af6",1,credit_card,8,87.67
"55b2e390d5d80ada31ad1b795ebeb087",1,credit_card,6,131.40
b7174804f0cc2ac4c7b84c73d8801912,1,credit_card,2,56.29
ad297cd9b29f35474be512a2ee427c4b,1,credit_card,1,48.69
"011375f941b3695c3c3ee58bfe0d3655",1,credit_card,2,144.29
"1e31e7d6f842d0b5d1400ed7b6306bf0",1,credit_card,1,119.58
"47cb4463bc05e404b98e743111a61378",1,credit_card,1,71.71
a86e33acfb13a59723e2e33ef1aa24e6,1,credit_card,1,53.86
c4d5588c1ee36814fc302422334e67f5,3,voucher,1,50.00
"40e0f6a96881e259b2be8697beab436c",1,credit_card,1,77.77
a0325a9eb3a1eb5e4a83facd8937ebbe,1,credit_card,1,81.23
c2b416c2ac6019a220bca3ef9ac48682,1,credit_card,6,137.80
b6bf0977a04c2f3b84bf63aa0d308b5e,1,credit_card,1,36.69
"778b33a6ecdeb14d0fc40bdd972787bb",1,boleto,1,268.36
e62ce8112cc3ca14e60e08b4766480fa,1,boleto,1,58.27
c2e2ebe5c3ed97d7d487c65bb2b1a663,1,credit_card,1,188.94
"1ed74ee5c5413ff2430cd572c0214c4c",1,credit_card,3,162.55
"28eaf28c1a7f1e6d917f465578bb1b43",1,credit_card,1,142.54
"2629f390add3248cc2cb53b3795fbe9b",1,credit_card,4,40.84
b6eea5b10abca4ecddfd8cf11f0fe7d9,1,credit_card,6,67.79
"599879f65ecb99f5e7ac1060022559d1",1,credit_card,1,46.15
ea32e58b3d3a0cfce1bf8ead329aca44,1,credit_card,1,44.42
e5967d9382272c28d2e9710bcd0462d1,1,credit_card,2,185.74
"99690636b272c74b153a637f6f56dbab",1,boleto,1,29.29
df413c16994c6a7c1b17e28a775b3eb4,1,boleto,1,227.14
"9125c1064ed28a581538a66da2a84750",1,boleto,1,91.28
fdcc8d62390289b2bda3229c41e961ec,1,credit_card,10,152.04
"78278e87bcd17ccb24ec5c720a19c073",1,credit_card,1,34.17
"442693e8e705ad1f9c91f762f0d297bc",2,credit_card,4,600.00
a26bdfa860437e3b9199a81b6003d928,1,credit_card,1,78.18
"4fbaaba9d91872cc7286e3475e6d6699",1,credit_card,1,187.22
"490a97982e956ca7dcafe2282467dccb",1,credit_card,2,66.02
de57d3e5ce7ac9d723a9572aac2b7fc3,1,credit_card,1,87.16
"36b3e868e7c59377f81266ad905cbdb5",1,boleto,1,33.78
f5bb23a6bf7d9bd0d8b8d4575dd82b58,1,credit_card,6,63.88
"2cbc5b81184dcc5a9a134f8eecdaa825",1,credit_card,2,101.14
"54f8cc54ce619e267135641ade8c363e",1,boleto,1,199.26
"6f9548bf66cabc7bc85e7b9fbcb9a9c6",1,credit_card,1,27.40
"40480952d51c22285abc3b9a16595822",1,credit_card,3,188.39
"1a67c7a3cb47a447f68bc24f7cbbe825",1,boleto,1,113.30
"52f615efc72a6f22cdec7e16571e08cc",1,boleto,1,203.31
a085154af3d68d11b256a6facc891a56,1,boleto,1,56.01
"8c852623da2a9eea1c1aab41baa78a43",1,credit_card,2,62.62
c1fa448f27f0921ae5417350e500490d,1,credit_card,1,54.62
ea45c5d93de960e552a6a9987e6ea044,1,credit_card,2,134.94
"3fd855fbfc51b1fc63f68bd33ed6d9b8",2,voucher,1,50.00
"7f8627b25121727150b46207617a168a",1,credit_card,5,119.29
"32dad65c7c23a695894f80922d9299ec",1,boleto,1,35.69
"63feb2ae0b836343163861c5268b5e2e",1,credit_card,5,104.61
"1ee5d17041db39cb827e197b01ff53cd",1,boleto,1,113.20
"8e1a80be84042594d3341864e0f2b082",1,credit_card,4,218.01
e36c63ea06394d310e4b4ce9334c0392,1,credit_card,1,64.32
cdaa0dca6483df88852d59902ad653a6,1,credit_card,6,186.10
d0f10a06cef93a439ce94948f700d7f1,1,credit_card,3,86.24
"135fc78debb3120eb1b780ff815ada9c",1,credit_card,5,236.28
"213fa687a6a7d5d3cbcb1ac3ec9c5633",1,boleto,1,85.14
"4a61de88a0c36302508ab48724c9c933",1,credit_card,1,102.03
ef31140c3893af9ea1b480e8c33f4fcd,1,credit_card,1,216.15
ee566492cc1da11a68b09dae37eb73ce,1,credit_card,4,589.99
"43f312594026fc6c67ccf619afe600d1",1,voucher,1,241.22
"66d560d1c77317086f3332a6715ac1c1",1,credit_card,5,118.87
db666cbae1499f226a7759852cbd0e69,1,credit_card,3,157.32
e8065f2f83d1c35a12ece8d1c0699267,1,credit_card,10,497.91
"84df70f03a2be7d8a483d02c5b596fbc",1,boleto,1,190.33
"509c69c52df2779cbec8cf7772c5bf00",1,credit_card,2,162.92
"7a2a38e90310dcc099d87233c2dd2fbc",1,credit_card,4,254.58
"380200769633ed3a7d3e25141cb84fb3",1,credit_card,4,151.61
"1b27045ffd0c3cc49c737c6ec7c4756a",1,credit_card,1,628.42
"7ee4b13db874fc0c53e4febcb4275fb5",1,credit_card,3,74.14
"93ab2d00c107c41d04f35ff29553b866",1,credit_card,1,87.64
"4f2fa4f9710bf00b09c28ac555393d2a",1,credit_card,2,68.35
"8b73eaf0b3285e63a85d59785dda1605",1,boleto,1,75.59
bfc8542b30ac37f22fb53ab41e8fdf20,1,credit_card,10,128.02
"6d8487b198d566c788aea67710f430ef",1,credit_card,4,119.48
e980f0348ae8c85c6eb7e23e9ee42b27,1,credit_card,2,196.01
"8261284307e7712ea0491f342df56d74",2,credit_card,4,192.02
"6b34bb840d9211dc1a1f94e049a79de4",1,credit_card,6,161.23
"4e859ec6c134b185e0102517fb986b4d",1,boleto,1,88.72
"94bce2ab6f38b41d29ebbd9d755677bf",1,credit_card,3,464.59
"2fb18b13a1be48e919574ffb28831cc8",2,voucher,1,71.10
df3e4e0056f83d44b57664f39f3dba9d,1,credit_card,6,268.65
"525dc92e46b18d912eb8462c043bff60",1,credit_card,4,48.09
"4971e311356ab2972110bcebd76e48c0",1,boleto,1,333.51
"899a5ec4b50c53b46fc876182c9cecab",1,credit_card,10,101.04
"49feda914c01f29c2cfdf7708278752e",1,credit_card,10,580.90
a9e41421a906ed1a2e2c882a0cfecf48,1,boleto,1,94.50
"7c1afefc4a95869d89d57c14e8fb7cc5",1,credit_card,1,251.88
"65d8aca563e1335c68eed05a33bc99dd",1,credit_card,4,97.32
"91221cc19d300027fb983ac56b96e133",1,credit_card,3,373.12
"82b4245e0d249a436b157488d6607807",1,credit_card,1,22.68
bde6e20289749eb6e7fc368efae2b87f,1,credit_card,2,405.24
d887cb83cb643b2b98e4f1711d99d4cc,1,credit_card,1,32.29
a41ea90d3b4f4a5ab7ebb216052db212,1,credit_card,6,135.22
dba5951df5e24339650c2552a565ad2c,1,credit_card,2,149.00
"48dcd7368e7d1b9bedc55f16a3cc8188",1,credit_card,3,36.75
"178a419a329f2b4bf50a68f7357f8fce",1,credit_card,1,39.60
d5ebe551f4b4510212d9987245ca489e,1,credit_card,8,84.18
"208f186df8ea1fa4fa3d2672752e9788",1,boleto,1,138.21
"48f1b7e26f84f55846f1d003e3e6170c",1,boleto,1,42.86
"8213bc96304fc0881189c4525f3002f7",1,credit_card,1,48.55
"4db79af544c8c9da4ef543192ec3179c",1,credit_card,2,83.00
"6684a2469619cc89b92f6065a0fdccb8",2,voucher,1,18.95
f98ae4bbfd1a32ea2104c8cf1f64dabf,1,credit_card,1,43.00
"9fa095f813cfa2603c803c8475661bcc",1,credit_card,2,163.58
a74a66237984e5fbc84b4900fb3cd430,1,credit_card,4,317.48
ceed0f54453282dec0cc7c591237d5b6,1,credit_card,5,1401.85
"4911bfcdd33739f5324b35e82e0104de",1,credit_card,9,488.70
"934687c37e7180c1b553ffbf3485af95",1,credit_card,8,315.45
a72698cb5818851e1f19815692cf256b,1,credit_card,9,102.03
"510d5ab9d1299666e8dadb24d137209d",1,credit_card,3,143.93
"69fd81b0cd556f5da5000c1ed874ed19",1,credit_card,3,59.58
"4d23a772e8fc588881020cd749f76c8f",1,boleto,1,31.00
"8d42bc7cf9914679406f48db0e05e571",1,credit_card,3,82.66
"925f2b824125dc08ef7354aad4692fa8",1,boleto,1,57.68
daece90b61801c766fe21e0922574566,1,credit_card,7,201.46
"125380a45478fae5bd5466553f2ed928",1,credit_card,1,76.07
"9f738fc8b806bc3d86ccf78855e82eeb",1,credit_card,6,199.64
b30af538bad5d47134c88fefbad8e35b,5,voucher,1,23.15
b390b5413f28fdc1c5cd1164ee0a7cad,1,credit_card,3,114.29
fd4b04818375a4ba579a80c8d37f1b24,1,credit_card,1,42.42
c76aedd9fd59ea0c51535fd72fe97d9a,1,credit_card,2,79.98
"62640a90dbc0dc6dedc1ce5925e36e00",1,credit_card,2,180.77
d063dcc119860db74b0e76cbac5fb4ca,1,credit_card,3,73.29
"498964d3c3eddfc0d670e6be2ea2d5b2",2,voucher,1,50.00
"9df16fc9c0296bef63c2effb85d6969c",1,credit_card,3,168.05
"66305a754211cca47c3a2a59addf19ba",1,boleto,1,537.16
"491d0f75b13fe6ae121d0deb9a410a51",1,boleto,1,138.19
"9df520859ce9b45d0374814efd12f9fd",1,credit_card,1,117.35
"4bf039bc14b92335f7542d3d7f5e6395",1,boleto,1,79.87
"3096389e5807ca3a952f80c8d2ee788a",1,credit_card,5,55.10
"061eb3fa9ee22a8dc3c90060e5a637c9",1,credit_card,1,65.13
"3c7871f5af3741b43672af62bf262d46",1,credit_card,3,62.65
b8872794c438d699251b948e4494a27b,1,credit_card,1,25.00
"2fe3f335e550190800333bea371f05d6",1,boleto,1,42.80
c4ee82a6c0873cfdbe96e41596698248,1,credit_card,2,129.49
"329aacec1c0231ed21bb1e2f8f4dc1e0",1,credit_card,1,133.98
"771b1c1071afb60efdf55afffd0ad25b",1,credit_card,1,95.22
bf3c691a76e2c8733340a8f7e251a0f1,1,boleto,1,112.42
d8d842d38880d9584e98d64058aedfed,1,credit_card,1,319.89
"2285e0e0eee1ab7c740986a3ca10031a",1,credit_card,10,622.34
c87cc78ca07ba880ee80a9a881583a0d,1,credit_card,8,211.14
"69bff117da8229936027f2bb1024866b",1,credit_card,5,207.92
ac28921ef185c0a4f81b4fbbdf4d645e,1,credit_card,2,116.00
"53100a6fcd03e8e50f32580474756a14",1,credit_card,1,24.23
"2e24930adf68f4ce65ad35e0f23f08ee",1,credit_card,3,186.19
d5fbbc2e51c9e93de3502e15b4159d46,1,boleto,1,49.73
ab15bb9515a2004c3464709fb683adb0,1,credit_card,7,149.56
b0f595976cc8465db878685b2a613f5f,1,boleto,1,77.38
d04e2331c1a87bfcf53605399f6445bc,1,credit_card,4,117.36
aaebd610c2ce12f554c4614fd969f798,1,credit_card,3,176.36
"1f079793c7cf0447834c7f3fff027802",1,voucher,1,44.00
db4c3f7858a333ee70e9bbf31768f704,1,credit_card,1,132.05
"4703440eb9289d3769819920e98ec061",1,credit_card,4,315.61
"3e9638823ecdbfaab776fd985c88ec3d",1,credit_card,3,58.75
facbf3a7042565f608ce5dd2f5ca7c9b,1,credit_card,3,539.71
"8084fb81dfc973b3d492e788bfe45ab7",1,credit_card,2,66.91
"7491b6e69f50c3e941057224d0826186",2,voucher,1,20.00
"26c883d125f63d8f73de0fac7be06290",1,credit_card,3,81.78
ff978de32e717acd3b5abe1fb069d2b6,2,voucher,1,10.80
fe550a071fd93fdf2ad73e26e878ea3d,1,boleto,1,103.55
bd097e5fba6d060c0adb69b8865b1dfe,1,boleto,1,46.00
d4123173199c1b729f667227e0646fb3,1,credit_card,3,151.37
"9dff990dca94f688d5a005c3da5d9a6e",1,credit_card,5,115.57
aae1b0d4a875d809965f0ea19c86ff95,1,credit_card,1,143.77
"3402a73003b0c17522a252fbd7603aba",1,credit_card,4,42.09
c229b75b5de5a2b3a83417c4d5b4343a,1,credit_card,2,129.06
"2d4d53a3344eb5deee068827c495bf51",1,boleto,1,369.60
"44e608f2db00c74a1fe329de44416a4e",1,credit_card,3,419.18
ea84febf2596b3e1a6f4c7eee0f05abc,1,credit_card,10,316.85
e1a3812afec72cd377060bfcf9dbf91e,1,credit_card,1,44.02
"01d907b3e209269e120a365fc2b97524",1,credit_card,10,169.76
"8e27644b3fd57af86b8b8367cea289c6",1,credit_card,1,183.87
eba72fc69b4d8bb6893e635895a7bbf5,1,credit_card,2,162.33
e300c76076c4b56031abe6f3ff54817f,1,credit_card,8,171.19
c0a5ee715d163c6faeafb628759657d5,1,credit_card,3,339.63
"71b6b0dbcea45b0b6225395f940402a3",1,credit_card,2,87.35
"35572bdee2c8dfe1085aa9f6fd8ac60d",1,credit_card,2,145.79
a465a6d5ac23c4a20c1dd7e542352106,1,credit_card,3,49.74
f6a3c840a4982c53155907a2fb3b8318,1,credit_card,1,45.69
ba2317ad828792aaba0e51a272a3b9a0,1,boleto,1,133.22
"73c03f80def4f5e6c940e49350125298",1,credit_card,1,148.16
"9bf093b4e3a4940de879b4d0fa32f8db",1,credit_card,10,523.90
"0a2c8538b97333899a075ae94b85b037",1,boleto,1,304.28
"92068bbee229d1ee120976bbfc4fb4c4",1,credit_card,10,284.05
c2f6a6b9aadff1a114b5d17ead982d24,1,credit_card,2,90.63
"6c8e518ac12b63752ec2f566bab61b79",1,credit_card,1,101.19
"12e8c054bdee17bfc0fd3d92d8cbda10",1,credit_card,1,89.17
"8b103650a25fb8cc322e23f2aabb44ef",1,credit_card,8,238.73
"1525f8f0c2985955d93907fa19a9cc3a",1,credit_card,1,10.71
"580c882a5805c78546ea65ec6d3690e4",1,credit_card,6,171.32
dbb56a8ecf60edb17a584daea927824a,1,credit_card,3,102.05
"458f56ee81b4430cbe1dc912203fddf9",1,boleto,1,165.81
"50f9fe32edde21b508c0916cae106e13",1,boleto,1,25.86
"2feb60b66471f9985b3f06df1f360f34",1,boleto,1,204.24
"52d4b2f313a33c4f6ae0f774f4d9221e",1,credit_card,5,76.17
"21182daf8c2ad5cffd3eaa21afd79d20",1,credit_card,1,71.06
bbfed558e5d7c7cb32f6e7a4026b0d2e,1,credit_card,1,339.74
b884f6bb613dfe8c46e6dbc9285f3fc7,1,credit_card,1,58.13
"1bb21849ba48d381c52bcc9426f28051",1,credit_card,1,113.33
a681c0def1c5f464196b9deaca8d28db,1,credit_card,3,150.14
"47bfd5091e67cf36c5d7d5e6ca97db53",1,credit_card,2,30.00
"1c27ca778555f1927ccc2517c6509e1a",1,credit_card,10,211.89
"988b9c003bf679e9c005ddc75d4567e7",1,credit_card,6,378.18
"055da72c578d9094618ebb2712e161e9",1,credit_card,1,64.23
bb1e19124a79d7567645189d83030101,2,voucher,1,12.98
"8c1b3c003ccc7719485c46e10b176d4b",1,credit_card,3,179.70
a80aedf3acd66b4cd4f63901251af78f,2,credit_card,8,84.59
e9edb54bb4120f4f69c7b036cedbc5a6,1,boleto,1,143.93
e52d6fd1fb812c9f263fd19fddb957d9,1,credit_card,2,170.76
"58e49d5a213ab0b61bf261ddf8332f5a",1,credit_card,2,47.68
"44e39cef43dc4c715a13ab687ba2c081",1,credit_card,3,39.10
"57a8a1ca9bc2b0e04db9384fa04d23e9",1,credit_card,1,388.44
a663eb567d6e0db6362cc10977fef5a2,1,credit_card,1,105.20
cf3ce07f7bf94f6f269b25dbb7658e17,1,credit_card,10,116.16
"2de88b97e4bbf3a783afbdd55cb955e4",1,credit_card,1,42.62
"0ea7c4f19490b13285f00729f7f9b276",2,voucher,1,50.00
b54861ba91f988d9f961bdcd1a9a2026,1,credit_card,10,176.83
"251777a5426d33b7fd9f124cd2d18972",1,credit_card,1,136.89
"675696464e3f1ec45c04dc5b171b2ed4",1,credit_card,5,113.89
"6ace7c2a595a57867f443b5d3d1a7607",1,credit_card,1,51.73
f1558783ae62b91624349bdc44491d32,1,boleto,1,75.56
"2cfc3681e512e0d12b6fe84b396e3907",1,credit_card,1,34.22
"3bdee9037e5c8cb41e34af539f550cb0",1,credit_card,1,58.13
"4b7687ed745753cae867364fb541ae37",1,credit_card,2,365.99
c1e8a7211f3b7ecb71cf5e740ad0e3ad,1,credit_card,7,79.29
"89d0d767b2ae9218a978c6b9178d6dda",1,boleto,1,114.09
a3ed0979ab701d548275a0f5c844c635,1,credit_card,1,53.72
ae9e1b5ea01b4df2adbf3d1db769704e,1,credit_card,5,175.09
"793c05f561c41e8fb6599c92be8d0afd",1,credit_card,1,132.97
"879c7f0d19d8c74f03005b40ba422b8f",1,voucher,1,188.97
"06d9e69034388abf6da64378e10737b8",1,credit_card,4,247.70
"7b5128e25d9aecefbe3ed7b42f1daeb4",1,credit_card,2,51.84
"8d24e39cc7ee4017efd53c88a131b000",1,credit_card,3,112.23
b3f1a526de73a85b4e83ac77cd483a05,1,credit_card,6,233.87
f3935aaef43afc2bf5a9426006ac69b0,1,credit_card,1,198.26
"5f5f8f264b5202f9bf45ae2ea217572d",1,credit_card,6,610.57
"359dfdef7cf4ed1003c2a0463eb431ba",1,credit_card,1,61.12
c0ecfbe7eb9d8435e0e3ecd0cdb899ce,1,credit_card,8,148.49
"213a17bb373d57763822d78e40e7ca38",2,voucher,1,8.14
ccdaeca68b811a6b26f8b666df809c43,1,credit_card,3,90.85
"470d06109882a6e13eccc99f24dce797",1,boleto,1,165.30
"685f8172db0440c031fefe2081cbef7f",1,credit_card,3,123.73
fb1bc334ae23045c45df799504ebe1bc,1,credit_card,10,180.36
b63d14d5b4f36c400c5a897287b48a1e,1,credit_card,2,203.77
"94fae7f49cf020b2696defe2380b2ae2",1,credit_card,1,44.08
c382d84d35f4d874b1f1c372f4bde27c,1,boleto,1,161.37
"26e5ea27a6fddbbf4b360bdcd90c30c8",1,credit_card,2,162.75
"91d62a361b8c239a73fa1d50961da3fb",1,credit_card,2,49.10
a09cf5dc57c606eab71f84bffde01a52,1,credit_card,1,107.79
"62dfd92a1007e2ed2fa4403fef1363ba",1,credit_card,3,55.59
"5ebe02af15e05f5558687283e799cb9b",1,credit_card,1,92.77
f5936f84680ad3dbe5073acb9db493b7,1,credit_card,4,100.53
"7ee45000199ae00051ea0d2b996b66df",1,debit_card,1,24.77
"7b3950b933fe73d96ce4359a1caf38ea",2,voucher,1,16.26
ab0e35dd7151f7e3d72931b940b6a335,1,credit_card,1,50.10
"2c9d99ef4b6645ccf36b919ebe2b839c",1,credit_card,3,75.85
"4dab8f54cf0785f122d751e4c9010e0a",1,credit_card,5,59.49
"63769bd918e5619db29316bac51cc4e5",1,boleto,1,35.77
"9cffb1e19a2d93d7959976c5d5c11138",1,credit_card,8,223.32
"258d79062482663262a46174dc7d38f8",1,credit_card,1,40.17
"73dc01fbf0b54cbf1e90c94c62679d8a",1,credit_card,2,98.90
"491f6ec025e763b2fea3db1bf2b9b43e",1,boleto,1,1028.62
"80d83b7a6c9a79612f4957850ec91be4",1,credit_card,3,464.34
"465c2e1bee4561cb39e0db8c5993aafc",4,voucher,1,59.40
e35f0336aa72b7e4c72417d79c385960,1,credit_card,8,334.68
"5b93109649fd0855758bb61ef5fc3d37",1,credit_card,3,153.48
"2bc76dc101f9fa63d195e341cd11a649",1,credit_card,3,35.24
"1dc839387052269a40a3e539aa949980",1,boleto,1,70.89
"784f4f1c9d31e7701eaecec9c9957670",1,credit_card,1,155.73
"25877da244143a5dd6a686b8090c98e1",1,credit_card,2,161.17
"587065077b677088697c8e99e2c8e273",2,voucher,1,7.32
"15261e1a4e2be405c49fb08d7e07773c",1,credit_card,3,36.70
"252b5c3120af058fdc9eb73b14e4b97d",1,credit_card,8,254.95
ed8473472f2378535c5b44ca20306ad7,1,credit_card,10,309.35
f811bab9c2621b4c181ebc2cb4605614,1,credit_card,5,218.27
f54985d5e0aa25e89765a7f3c1d7c445,1,credit_card,12,219.38
dbf5bbf29b4a8f8e7e6f3584c8dba6d8,1,credit_card,3,38.93
"55236f684d39882068fbd164d5455691",1,credit_card,1,82.51
"2adcc6d21c5ae646d76e2a62e1388eb4",1,boleto,1,33.94
cfeafb929e8e089a77a5941999a6c608,1,credit_card,2,141.12
dabf944b5665812f782733657428f68b,1,boleto,1,238.56
"6a56ad246a3e00f07e7f0e4f7fb3d519",1,credit_card,1,65.22
"951d716448e523309ab6bf46d9850979",1,credit_card,5,340.67
"80a516f4d571d5fce4d688cc931b106f",1,credit_card,3,165.76
"32c0f2887a1713ac4c720ebd9a65bae9",1,credit_card,2,57.60
f73b193902ce4f3e76aaca23014c9244,1,credit_card,5,112.43
"414643c3ed26cd6d93ac777a102a3ac0",1,voucher,1,18.08
"8f1e5b3d65494dcad0fe81b2d61480b6",1,credit_card,1,116.67
"954432a2b2661b54eac000446dfde330",1,voucher,1,59.50
a4285d97aac2bc967bd5b9f50db5b3c7,1,credit_card,2,157.30
"2d825a962a725110b2647050cc636b3f",1,credit_card,5,84.23
b7e0d9af89064d2bbc6b52c5dc4f6346,1,credit_card,4,42.33
"36cde427894b4797db8316e92b8e58f2",1,credit_card,9,2116.01
"5502aebd362ed11913b17bca3aab7d69",1,credit_card,1,87.64
"90f3963bbaa0e66ce36c4f9be2ed2914",1,credit_card,5,50.73
c1d56b2ecba4d7cef028f838f3a460d7,2,voucher,1,198.88
"0c91b697f968a592811f9300675c6138",1,credit_card,5,57.46
"1a9c245550ac4d57455c5e25c866cad4",1,boleto,1,124.18
"0468a84e6df93886189d80fce46bbfee",1,boleto,1,224.78
ec038c4d9946cec9042787452aa18aea,1,credit_card,3,57.59
ea5297250d0c2563b690058187a05981,1,credit_card,1,95.44
"67d3db1e6d9adab9c49e67e8a2e65b8f",1,boleto,1,22.36
c830f223aae08493ebecb52f29aa48ca,1,credit_card,6,106.23
"3d0ee541428b71a2e6a7039416cfa675",1,credit_card,10,211.50
e55e8c9f6f33a8562db1430444f22092,1,boleto,1,58.43
eca263405c1efe4ad165ef533868620f,1,voucher,1,136.07
"41dc608dc9ebdb998dc9b63c57eca204",1,credit_card,10,299.44
"263ab9a25494623c1dff19c7cb1e3fa4",1,boleto,1,71.02
"70de7b6034bc0e9a1f6074627ffab810",1,credit_card,1,65.79
c1547b9ad031612f2446bf9ad43a0716,1,credit_card,1,2.50
"2f371d97b4ea52be4c04ef49bb4f31ff",1,credit_card,4,346.38
bb135d26e1017e379593cef6fea4044f,1,credit_card,1,57.93
bc46c2cc4bdb50a72e172392fd97672b,1,credit_card,8,171.44
e4cf57dc41ad53ef127bb5cad28a8d9d,1,credit_card,3,33.78
"22f99661077d08bdf6e2c6c58a718aaf",1,boleto,1,242.23
"7eaee8b80a41b5daabc50e02d1e45120",1,credit_card,1,44.38
"8f4ffb225a704e25511f490b651b6f2e",1,credit_card,10,114.27
"03672cdb5f2c133e401946a14a7dff3b",1,credit_card,2,92.83
"4c2b907fb694dc3ec7affecb0725c420",1,credit_card,5,229.20
"4b6e439f8ebc7348898173190aec97e0",1,boleto,1,54.49
"53892f0dd25da0289fbdb0053853bc34",1,credit_card,6,129.59
"8fb9e44943fd93ec9a5eed36cce925c5",1,credit_card,10,219.98
"90996bb09488a7d314ecd6eb68f52451",1,credit_card,1,87.64
"7ae485d40dde266f84845e1f34d74753",1,credit_card,1,27.77
"3860050d9215e2a3b78cf97bb1d5c65b",1,credit_card,1,25.76
"85144828ac9ae2c1f2bf87f032a33745",1,credit_card,3,884.98
"3aae1e931f771197ec742671ee429dc9",1,credit_card,1,60.01
d28265eafbe1955982d540b0d2237076,1,boleto,1,56.78
a2aae14e6eb568f6c2f82c7cc1d5e0f2,1,credit_card,2,29.02
f80549a97eb203e1566e026ab66f045b,1,boleto,1,1767.10
"2739ecbc7e87995e0d2efb6f603f6c2c",1,credit_card,1,19.41
fedcd9f7ccdc8cba3a18defedd1a5547,2,voucher,1,7.76
ab0440479873dd65da01b76ae53ec3c0,1,boleto,1,225.60
"2f5474b96da64f62dd8d495a3ab13861",1,credit_card,10,138.06
"57a35d61c0b1fd44dd181d80d03cc0ac",1,credit_card,1,450.89
"43821d139f1c335c64656805a8394ba2",1,credit_card,5,50.69
"222a4ecb303224740262f80306a3a959",1,credit_card,1,100.62
"6f20f9a24b084da22b90cb7a0950e43b",1,boleto,1,34.13
"3f9c762e7f77ba31d50df651c8870d82",1,credit_card,10,617.94
"99500821b9a347353e010d41c2204481",1,boleto,1,19.39
"9e020562e720fd5b4120ccc4ae0132ef",1,credit_card,1,107.44
"00ec95a58b63378d4cc06d196cdefdf6",1,debit_card,1,187.96
ffe311829861d844ad8de0f4d4923692,1,credit_card,3,145.90
f2194f10572bc6bfabc99465a6d3f55d,1,boleto,1,43.69
fddaf32439eab4df416cb63ef0a0ddda,1,credit_card,2,164.29
"2464182f4be303c6741cab9bad3a9f55",1,credit_card,1,37.22
"02fafd9313d5274736b9740f23006a8d",1,credit_card,4,318.87
fe6e968e3b98fa04e72cc16d58b9c498,1,debit_card,1,219.43
"7659a1c749ab19031d8e957692aa114d",1,credit_card,6,334.77
"1f612bff4d56e027d312b7e884ed03b1",1,boleto,1,21.36
"47eb4e8c8baad88de8c4eec4c107c698",1,credit_card,3,211.11
d5a777d0e1c561e945c9eedce2cad80f,1,credit_card,5,58.74
b7c08284b115aea29927fb5c60c35ee3,1,credit_card,3,90.04
fc6ef99a4b7e2803585c610285aef179,1,boleto,1,80.88
"502e5055c2b73646d58038d1ece95cf1",1,boleto,1,111.61
"36815333081d25c7dcb347185e93d073",1,credit_card,10,1210.62
"1ae8e19bcbb76c8858e9e94da5ed17e7",1,credit_card,1,108.86
db68ee136b9cb2c16d74fa11a7395e5d,1,boleto,1,37.38
f842c66d3b3f79089d321c772eddb50a,1,credit_card,1,1046.42
"9287c71f6d416c275d1f98e7e945f64d",1,credit_card,4,213.76
"3810ddb734405f64afc7638fd96c9cb5",1,boleto,1,79.92
f3d907ca2389186613781da85106e282,1,credit_card,1,62.52
"4174ab02f93138dbcae799299d390233",1,credit_card,1,142.20
"57bd0d9a24b420066185065cfa67a5f3",1,boleto,1,76.21
"02608b91ec6070ff5fcd4b63dd964232",1,credit_card,1,38.28
d592b82802bd7cdce8d3e8b48e07cd58,1,credit_card,3,110.00
"1ffd8e13662ff6d9ce2be11fd52f5b5e",1,credit_card,6,68.84
d064d4d070d914984df25775004fce96,1,credit_card,1,370.55
e006d85a5a918d5695190c08c923eadb,1,credit_card,8,237.01
"8cdbd55df94da1bb52493cbe13cf8a80",1,credit_card,1,28.95
f9748b4011ad98a145ac788b1201b7c6,1,credit_card,1,95.98
a9ddf1f40e51ec5d1c828564cef4d92e,1,credit_card,3,33.90
"9c958729ea25738c217bb66e1cfa200c",1,credit_card,1,26.88
"3db9b03f9f2cf3ddee0ab4b753046ace",1,credit_card,5,52.39
"2e203d616e144d45fd13e47098343406",1,credit_card,2,141.92
ae939729c93b0ecd65e284740cb48997,1,debit_card,1,148.98
"64e31c69d5a163acc2d5c0632001e4eb",1,boleto,1,262.83
"5b3eecddd7b10744360abfff7a6a74a4",1,boleto,1,128.17
"640d4902b5f77f0c87caeb40fbf900ed",1,credit_card,5,108.88
cc46818e210f019a0a7c59b03fc43c8e,1,credit_card,5,547.20
cf294fa94a0447972779fea6fc5516b5,1,credit_card,4,97.71
"23668eb221a7b13ecb9e591f262e977b",1,credit_card,2,46.86
"3c440cd6b051f95b4189123e5266ca02",1,credit_card,1,271.12
"1a07bcd88f815b8098a7e112b3995323",1,boleto,1,35.10
"2fac55edfd9754d1a0e7ecc67d48d08d",4,voucher,1,15.57
"61a689b9ff547322cd08d17069939e86",1,credit_card,2,64.47
"3d505913f0e487f72d47fa0813d00222",1,credit_card,1,61.93
ca0400dec2c292340c373e63b1c2c597,1,credit_card,10,707.68
"01725657be56c432d5aaa2f914ae2c56",1,credit_card,1,163.81
"42bdbb46e62e202dd52f6691063aed2c",1,credit_card,1,32.75
"717f4581cd1688ffb536d815e2636d10",1,credit_card,4,133.75
"17ade9a25d129b033c406e6d31b31a85",1,boleto,1,54.52
"469047e99377da914f6d4eb996977190",1,credit_card,3,87.83
fddc48d507d16f1418ec7477274c2e06,1,credit_card,6,216.07
b362e77722405d304dc6fb5947ea3bea,1,credit_card,2,117.85
ff6f331d72b0d62624db312fd52fa91a,1,credit_card,3,177.54
"076203a3df21fb25c8b59f881f2b37c9",1,credit_card,2,95.21
"34bc0a0bfffcb81d3b412e77e2933a4a",1,credit_card,1,34.14
a82e3faddfd8b23dc37ae32f3ed93389,1,credit_card,1,52.17
"4aef5ed4edc1a9e8187bbaccbdc0758d",1,credit_card,10,122.62
ae8978d20234f0da191a909faba05574,1,credit_card,6,62.17
c65d7f18a62db6a4aee08e5d0d24f84d,1,credit_card,3,33.85
"9ba4f1229c25da86b79e5f8af0e56461",1,credit_card,6,625.40
"575a549c5e6d74c77f8c59a2622bb590",1,credit_card,2,26.71
a58784d285ddd015fd7bd46c9a067ce8,1,credit_card,7,126.88
"7efa8c532a0dd4aa1027b9b6d21d993c",1,boleto,1,22.58
"8569af7b39e3073991a97c55c2b16123",1,credit_card,4,230.61
"820dae5229a9c2f6d7cfcf9e327c46a7",1,credit_card,8,232.47
"8bda067505e4a3f51647bbb470bf481a",1,boleto,1,66.57
"68c3db91b9a3d1ad879db9e54d426f4d",1,credit_card,8,107.78
"81b4a6e508417c86e2511a9673ad3eaa",1,credit_card,1,44.09
d03428478ca1e760e9c5898acc54665f,1,credit_card,8,213.66
"3c42071acf925f589bd9a83f291c6b8a",1,boleto,1,280.27
e92bfc2b80158dd5cca5a92e08f1cba2,1,boleto,1,123.82
"7c368cac70a301684eb08e7397a3da54",1,credit_card,2,145.01
b170989c8ac091e327b7ce5b07e72f4d,1,credit_card,1,100.62
"3d6298d6f28bd5a6ce39be4faef068c8",1,credit_card,5,104.62
"5c9730fc4a417f9c52b34577a35157bd",1,credit_card,3,104.28
b545fbbd1cf26fdd3bbd1dbef6711f5d,1,credit_card,2,84.14
"751828ac13df64ad531c8664c91fdee6",1,credit_card,3,31.00
"388d683431db37774946413cbb22210b",1,credit_card,1,98.49
cd2c9b022c25b6279c5f61716a525c1f,1,credit_card,8,177.36
"22f7d2adca9b9787cd01ba3f09f8aa03",1,credit_card,4,189.10
d98de0b93af438f10055817e0f93787c,1,boleto,1,146.15
e21f9ce5061dd5af2d7ba49338c286da,1,credit_card,3,113.34
c021ea4a80ce0d1bce358a2f831c34db,1,voucher,1,209.48
"1527c3b9bc481583f9752e89841e4686",1,credit_card,8,164.70
"9ee53d821aec1c97d5b1514199c74c27",1,credit_card,1,34.86
ff0286485ce9c3f1d6ed22a4c7402060,1,credit_card,6,319.24
"8c0464e7da83f3138bfff17574a840b6",1,credit_card,3,61.51
d9f4579da734100b00a27235ccf86f4f,1,boleto,1,65.71
fd1dfb6b7188b47e56f2ab4063d08e58,1,credit_card,6,60.12
ce4fa279c37bd40295b4f0658ea359fb,1,credit_card,4,218.84
d83db9b9c140ed9b64cf6e636caebb04,1,boleto,1,138.60
ddaa89a57ddbb5a6a13354725dda9140,1,boleto,1,1351.03
"00ac05fe0fc047c54418098eb64e3aaa",2,debit_card,1,123.47
"52fd8c890356febe4f78b653ef130cd2",1,boleto,1,39.96
b4ace41bce272979d55939a8ecd05dc2,1,credit_card,3,36.79
"79ac824c2c87ae595b94b069e1c78aa0",1,credit_card,4,162.55
"47337df7ad68b2516542cd62e78cec3d",1,voucher,1,99.60
"9e3a542f51363bda001167b7f5bd8dbd",2,voucher,1,25.00
"95f22356d1b50c62ee512369a0d54967",1,credit_card,1,196.78
"448ac35cb407cbbf4d717de9b706ea01",1,credit_card,10,138.72
"4abe45d3258a19bc521cdd64b940acf1",1,credit_card,10,410.03
"42053bb062d0d5bb79db26888b6f50aa",1,credit_card,1,69.14
"6146a7dc414dd1510ac54aa29c2311ed",1,boleto,1,50.86
"1fd9bf8cb665b63ec460f8a425e4d404",1,credit_card,6,231.27
"859c549cb42de5d30cfc3ef3ecc432a9",1,credit_card,5,118.43
"12d86cb46107086f370cc3512828696a",1,credit_card,6,214.56
ef389a7e5f6a3789e5db7366d2805c4a,1,credit_card,2,105.20
"2443aecfadead9c6df5d80d063925e25",1,boleto,1,1150.80
"0c2145845231f6707fedad2baf767b41",2,voucher,1,100.00
a657f4281fa25af13388496f1075850d,1,credit_card,5,53.38
"3438da19facb0815f531bc3352447e29",1,credit_card,2,124.07
f30d4e114f279d76688a6a27b79bef2b,1,credit_card,5,116.38
e9d368c231d559667f6906ba8421d74e,2,voucher,1,28.21
"20b93906f0b1d44ad5e6c166ab370ba7",1,credit_card,7,77.10
"697b4c68b81ce7731108f096fbc56aed",1,credit_card,4,2153.35
"6c6de9251e9be0fba786819778705796",1,credit_card,1,73.16
"6cdb9b31878fbe99cbad7cde30306101",1,credit_card,10,214.56
"2e7a8482f6fb09756ca50c10d7bfc047",1,credit_card,1,136.23
"93c37018f6965594a445636285767c52",1,boleto,1,103.60
a05efb55dba0d8c05abd335fa7ea3e8d,1,boleto,1,160.37
f105bb5b6c1008c5dcf7b3ab47753e5e,1,credit_card,1,74.17
e32ebf133fb19cafd04315ff6d108047,1,credit_card,1,63.37
d62bab5c91a792f0334cb97ec1e8e6fe,1,boleto,1,109.50
"9e67d866b8dfe1d94ff765ef79fca1e4",1,credit_card,10,233.42
"03e707d64a286c3fbad59b8c89cafd95",1,boleto,1,144.54
a4fa719430167664811c30680941ec40,1,credit_card,1,315.18
c19c55592299c2b3c838a4b77b639ed3,1,boleto,1,175.90
"7654e85433112b2a5cf2b51f1124d0c5",1,credit_card,8,1226.18
"7d5ba597429574dce3200b4b20686641",1,credit_card,6,85.18
ee97923b6c1439e110fab51fb70c78b9,1,credit_card,1,33.75
"01d2fc3e47376926a97ae795036db093",1,boleto,1,47.54
"2fdbce55deb01ac3ebbb397d65d2b9b3",1,credit_card,1,80.67
"121cee5f26a6ad83236f8348386a035e",1,credit_card,4,178.30
"02cdf0f2b05845468fdf0c104e24ae17",1,credit_card,4,93.28
"960de6b16b5ce4196d243baeb9d1a699",1,credit_card,3,178.44
"055cf2a6f9343f99acdb5e8f70e49bd8",1,credit_card,10,367.26
c58cff333993bb6b7161d7ec1350eef3,1,boleto,1,80.33
"8cf69b251bfcd650555347d7752a3625",2,voucher,1,4.43
e01e0edd184fa69973f66cfc1fde15b3,1,boleto,1,179.83
b1f7fb71499474d31b9352b2e91a5220,1,boleto,1,75.03
e9a21226714589b1cb43d10c0a8cfb15,1,credit_card,5,56.58
"5f870d202957d203f0394b9699446bab",1,credit_card,3,387.00
"641b2871fe2ce7418e69b4c4fa21bd40",1,credit_card,10,409.95
"5f2afe447ecc492da57db318b381a3ab",1,credit_card,2,344.15
"5fdc02dc3168e654320805d1fb31fee7",1,credit_card,2,141.63
f13f9687a8bac6985d50487fb92000ba,1,credit_card,8,202.00
bfead39f96afa0a674110835b6677095,1,credit_card,1,79.56
"3c25eb3ea386cf546da2ec2f471aa6b9",1,boleto,1,35.09
"0a671900301b8fcb176e26d685aa7fb2",1,boleto,1,73.62
"3dee10a1bffcabb51920d1aa6f2779a8",1,credit_card,3,372.80
"72c08870543260f5d5e2336b34887f6b",1,credit_card,3,69.53
a2e5a4c4c016a3d66806bfffeaaa9930,1,credit_card,3,723.00
c5f72d97d28261afcce1192481123758,1,credit_card,1,41.84
"7898dee2ff48e01ffb2b651e56d8b504",1,credit_card,4,204.92
cf53791f14dde2f6520a9af8dc72c413,1,credit_card,3,182.34
b6a89d6b9a0f7e821a59bdb3e44d8420,1,credit_card,1,13.05
c79f6f90ae7d5b3b63033215b568c827,1,credit_card,2,26.85
cc2b671ecddacf155dfff5f460a2e9b5,1,credit_card,2,54.74
"5bb1e2f9ec792581a2209d429cfc1892",1,boleto,1,97.42
"446e20f85f1b9cf552376d6f31c983b2",1,boleto,1,89.11
"48182f93c2c0bc28cb145431fa5bcc16",1,credit_card,8,82.25
"7593a646a84237ec96579dad6d6d91bb",1,credit_card,4,165.80
d81520699c4e69201429ec07d1d92213,1,credit_card,10,158.58
"9bd75a47121bac1956e6b353776128b1",1,credit_card,4,40.75
"157b4fe03013e7a9db562091a12c2f8d",1,credit_card,3,167.35
"0dfb46f3a5506f1db29eaed5e2779daf",1,credit_card,4,85.76
fdf53b9c9096b37ec391987b1b5c21a3,1,credit_card,1,123.01
"0a383b731ceafec6fe7047720b1ea52e",1,boleto,1,328.45
a1f23fda3d0d3b220ff9fa6472233fdf,1,credit_card,6,128.64
"59d34e1064930d037d30041b73683aa7",2,voucher,1,81.86
f280cc89e43c0261d95d1ee72a78cb8b,1,credit_card,5,67.50
"73dfbf97cb48a39c55ddb4425192d931",1,credit_card,1,37.47
"7cc42e63e4677cbb3e1434f08601b329",1,credit_card,1,50.26
c86cfa96924b46157a36d72bfb543e55,1,credit_card,1,41.13
c5ed30fdf86f49873cb59b43a39d667f,1,credit_card,3,108.10
"1c78eaf9ec409703e3146cd034d187ef",1,boleto,1,42.59
"790710021a014a0263cef04999d451ee",1,credit_card,6,69.22
c63f87e803b2bb102390ae4a77ece207,1,credit_card,6,77.32
"241c2b89490a7f6f12808716cd51c45c",1,boleto,1,288.33
"4410b6f844fd4511b1ce28083c2f2eca",1,credit_card,2,112.73
"6ab8dac189301e155d1ff9208d98db3f",1,voucher,1,71.63
a492faf7122bc5286708b544c9f16924,1,credit_card,1,137.52
"9f8336f54e26b60f22aa66d469bcf6f4",1,credit_card,1,47.36
eea58982d534991bfd7f844e9ff0e28f,1,credit_card,2,157.40
"40c2eb45ee5466b22abb610d218db754",1,credit_card,1,53.70
fccf6b4b4947848e5e72d5f3013b73fe,1,credit_card,1,35.09
dea01d9c1e4b72c2db85ece62b00d823,1,boleto,1,84.55
"879f83e9f2c3777d90bed2b448e144f8",1,boleto,1,27.61
"63c7797265c51bbc8aadc80de737f96c",1,credit_card,2,26.68
"200082f5a0b087f6c711e2903795ad35",1,credit_card,2,102.42
c08f4e8a8abee08ea51d5ead6f24b126,1,boleto,1,35.82
"73421a5bdd55f86529569549055d9e82",1,credit_card,5,167.14
b360ccfc12c52d2fd6d1ab057e433de6,1,credit_card,1,67.36
dc12fa02210be1acbcc15ed310547ba0,1,credit_card,1,1.09
"1384e3bb7bc8ba5a462fa5845a062927",1,credit_card,2,74.32
"8ae61eab795bd8831fe171750551feb1",1,debit_card,1,40.27
"6af80e57f1bc2293fff7058c7c583d46",1,credit_card,2,270.23
"0fb5a3160f044b869ebab3a1d50f0471",1,credit_card,1,43.72
cedde3e913410b115a589c84c79b263a,1,credit_card,3,105.18
eaecb482f1e5f5058d49cf2984fc774c,1,credit_card,10,1093.93
f6ab90c0e570240a38a460dd93384e73,1,credit_card,8,203.13
"997c9f908691b9dc69c3b7b3a4433c65",1,credit_card,3,169.75
dcf7ef0799c6be6d3c89ea5083017e62,1,credit_card,1,37.61
"9728fc5dafb0d30b3b81562583396f13",1,credit_card,1,136.41
"350885c9ea4a1a48519246d7ea5518ea",1,credit_card,1,117.96
"88147bfe4762e9d0e545871dbc994734",1,credit_card,7,90.04
"4e8a81dd08968b65427a30b932a8fb0a",1,boleto,1,61.00
b5da536992b01709ece25ec74fbd0ebc,1,credit_card,6,124.52
bc2c82b0ef78d2252b6176d1972db7c9,1,credit_card,21,303.02
"1b0c7ed83d9a4480ab15d766b446efd9",1,credit_card,3,182.00
"374bd3371c572eff1218edb0eb68cb96",1,credit_card,1,83.90
cc1b834e8d019a8c71e3c3b1a23edc61,1,credit_card,3,75.76
ed0800d9508fd0139f95a3934a4802aa,1,debit_card,1,39.99
"8b5525f36b49822ea7c5f37ffc94b66d",1,credit_card,1,21.69
"4464db47018d63c21ca7ca5dffc833e7",1,credit_card,3,32.70
"4069c489933782af79afcd3a0e4d693c",8,voucher,1,9.42
b5256081b888baa655b51fd3a8446242,1,credit_card,1,73.86
"179b8db66f5362945c237b68bc358a77",1,credit_card,3,97.99
"2703773aea9533b606eed4f16f883e2e",1,credit_card,2,119.12
cf5439c6b13deafe107ecca7dcc58b80,1,credit_card,6,181.48
f5017de8931860a4492e26d3f22405b6,1,boleto,1,25.15
eb4137636761805a4bde82ac77b99218,1,credit_card,1,322.80
"0db1291d4169060a3cd5b83f61c2904a",1,credit_card,3,142.01
"062fb51d4257a8a7ef0bb5df1becde54",1,credit_card,1,37.00
"74c13e4838eb5d8953b62b5f5feaf826",1,credit_card,3,75.20
"6d1e24636558186d996520563f53df00",1,credit_card,1,52.07
"5e724a9bb565d4ccd9078fec28d4fdc8",1,credit_card,3,247.06
b5247f083ab1483738dc1a173aac237a,1,credit_card,4,276.27
"219046aca72bc42ff943222cfa12d616",1,credit_card,8,341.02
"45c797b966bf19a7e315f1b7767517e8",1,boleto,1,2027.65
"669fd9e9df77c6f3c98b21439e07c31b",1,boleto,1,129.14
a917fd220ca94e02920dba0ceb656a74,1,credit_card,9,99.87
"657db8ff40cea3fd850bed1681373336",1,credit_card,3,99.94
"03681e41ebddb2ca0241b148a40773d0",1,credit_card,2,86.74
"1174bf62e0b41ba7abcab764adb61511",1,credit_card,1,74.07
"11a796cad7c6b05637304fc15b8cb488",1,credit_card,5,53.51
aacae4c4d40057cea2f361c684f21c59,1,credit_card,2,105.30
"37ccf51b0d53c5e3916005261aa8f75e",1,boleto,1,69.45
b8795e01eda8fcba56bfad837fa68d92,1,boleto,1,80.87
a6acb34f913bfaf8367a31f75d53829f,1,credit_card,2,118.41
"3751767f4ddcfe9540bd8408a210a87e",1,credit_card,1,87.60
"6cdda2ce8bf249e40f1a4a75b9fdef0d",1,credit_card,1,38.41
"9f106eaab8eb09ea2d05a1c71f8be831",1,credit_card,1,38.93
"9bd01f4522f8744273b5261450ee0c5e",1,credit_card,9,442.11
b509bd2eac0f3bf788f841a5cb5b69ad,1,credit_card,1,77.57
"2b7c67fca0696d8eae5f3deb33637a2f",1,credit_card,3,31.11
"39025116fcaa7e80f47dfc0cd2bb4207",1,credit_card,1,158.96
"9e1875fa0cf820137eeddfab7245ebb4",1,credit_card,6,62.01
"64f5fd87174ba865c091f3ceabeaf0e3",1,credit_card,5,300.74
d3ba1a847406ac4e4a0c162d1ed5c0e4,1,boleto,1,37.72
"02b9fd867657f257dc634a2e7e0f73c5",1,boleto,1,136.60
d0387cb335169ba746948d0acddc51ae,1,boleto,1,51.74
"1433e41f5b7837f6518b2184d3f9af84",1,credit_card,4,198.03
"3600dce59c2a50ed7c67e0d818b1e5bd",1,credit_card,3,162.34
"07440dff5293ea24c5fac25a473c2eef",1,credit_card,1,126.03
"7db7b9cedc55070de0647ef4ca386efa",1,credit_card,8,130.26
"4516e24f7d61e13033494fd6252e5c29",1,credit_card,2,64.35
"093cbde1b401404fd6dffc827e4b86e8",1,credit_card,3,65.71
f4644597165c84bebe72a057c53a0698,1,credit_card,1,226.74
be55f985440dddd650b389a55db8e49c,1,boleto,1,116.76
"6a2c6de79569cdd1082c827a4684ffa8",1,debit_card,1,33.09
b62cbd4c81925d07d9fd52a505072b62,1,boleto,1,176.31
"8486f414a491ce27cbb5e501739d2d04",1,credit_card,1,37.17
a1e6a1eeef79fc64be1040e5ac6d3119,1,credit_card,1,34.66
dcb6b3a5dfe3c868690d213b263b6dc8,1,credit_card,3,315.25
a190028f649b28fd7a98cee4d7e947c8,1,credit_card,4,678.17
"41c843dab306ff15365492a2dd8c3cef",1,credit_card,2,138.93
"4c643df416c8fdc4033716fa0c058c81",1,credit_card,1,57.50
d347f2967d904f9f8657e9919366545c,1,boleto,1,34.00
"26d5ab0752e2de19eee25118f25ccb74",1,credit_card,5,311.32
"342aec7e6313f37e8c61478fa378b7dc",1,credit_card,2,55.11
"87b8be81ba41ffb89215da50509ea917",1,boleto,1,86.02
f0e14b83b8b12697246a18f91e0377e5,1,boleto,1,180.01
"5bf0c7788e61420541921eb52120d901",1,credit_card,4,139.05
"09ce65f75711be9f04a63700ae3c5adc",1,credit_card,2,210.89
c595bbefb93ccf827f9dd4b7c3f25785,1,credit_card,5,619.34
"6cd0fdda352bd163cf0796d835df0630",1,boleto,1,241.89
"6af6633de36925111b10a688783d004b",1,credit_card,2,801.84
"19c6c1105d0814693c2555123f76cc1c",1,credit_card,1,78.84
f90b31f6085bcf74117b0b50bc546656,1,boleto,1,59.15
f406a7c4fc4512aa60c7240e3973597e,1,credit_card,1,86.02
"8291cbcef6e19c8a7926f95f5e38c6e2",1,credit_card,1,96.72
bb16216a067e407c9e713fe14624e093,1,boleto,1,53.90
"7002f5420d7a37aebd4c740b01b2fd5f",1,credit_card,6,80.33
"3947f8b579143e1289ebaf01ff3dd6ad",1,voucher,1,101.50
"06ef029fb5e8d178fae15f909432ccc7",1,boleto,1,34.73
"13b32cf595a5b647550ed0e6f4f11415",1,credit_card,1,98.15
"2f7fe3e1ea91048064ff91175ebe6df8",1,credit_card,3,144.10
"738580878981997bfadf04c4c2fbd013",1,boleto,1,68.96
c7d862d2519c66e5adf8067b6b994ec3,1,boleto,1,43.22
a2f7326351628f773f83d542a9da6851,1,boleto,1,48.21
"0dbfda5b69f9f25250969962f70929e9",1,credit_card,8,190.28
f4c117265844d99c7265bb3191e9aab2,1,credit_card,1,208.76
"94df1f9b9ae08c944036a4ef894be868",1,credit_card,2,59.00
a6d7b2808b32dae3b384222edb93efd0,1,credit_card,1,26.78
"087692f9f84c65ed1560e4a3b97d5c21",1,credit_card,10,1697.45
"69fcace72b3a059246d1c34b5ebdb325",1,credit_card,2,188.97
"00ad1a02d4d9decad15c7e8f8a9470cc",1,boleto,1,68.25
e6a6d96ae279ae5a454516029a7c43f0,1,boleto,1,295.65
"3d5dd5656fbfbdc5a7798d2e0885122f",1,credit_card,2,87.61
"1c069d0c943c51535943d8675bd57fdf",1,credit_card,6,426.62
"4aa353cc7496d36dad27d939dfdfe59e",1,credit_card,1,563.15
eedb09f615e5d17f4367396623933751,1,boleto,1,149.50
"346222690118b5713fed10ff0c262bda",1,boleto,1,55.00
f080eea3284143410083852a499aa1ca,1,boleto,1,89.58
"5c51a7f4f8a9a7abd2e089844082f748",1,credit_card,2,108.26
"29f542c5b72c85e1983e97cf8ec21bf6",1,credit_card,1,63.00
dbe195a43ea7995d3af77d9cce165f89,1,boleto,1,131.57
e2119968ab7724c2e10b1898b098ed5f,1,credit_card,2,105.87
b3bcc046b1a81b0a1068f3b5e6de5be0,1,credit_card,2,76.86
"1cc43aa15f7ef36eb56f30048f967574",1,credit_card,1,108.45
c8a174ccfc523fa565b784ff38e2797d,1,credit_card,2,159.41
"12e5dd0c975bc753570697dfc4901596",1,boleto,1,66.10
"63bc56e1d9a5857d87b6de9435e8d304",1,credit_card,10,214.41
"072916d00b6a53edec9ccdb3eba1bdf4",1,credit_card,6,464.86
"3139254607a08295dbd11e787d816506",3,voucher,1,5.31
"3c684901fa9faba86ade5863ee9e7a40",1,credit_card,2,111.89
"107280d6c872d2faa258ccce4d2e8798",1,credit_card,1,37.86
"08ee9c1b1da47ffd2a7c7163aa134b16",2,voucher,1,50.00
ab603a1053e4be360569a5310fd35e4c,1,credit_card,3,166.48
"8938715999abb88950de2d1aa4b8f74d",1,credit_card,2,73.74
"2f54db7250b3463f57049dc32ce4ff93",1,credit_card,1,117.90
"2831c6a69eccc212a3c595b7f93ef1c3",1,boleto,1,412.16
"15565710182cd35455ee0abf4b701ea9",1,boleto,1,58.99
"6b27933c6a46e3d66203137ad1fdb678",2,credit_card,2,105.26
"63521dde368b991f973cd4ae332dbe1d",1,credit_card,10,124.84
"73ae5d6f229b194332eca5178d70d08b",1,credit_card,10,163.92
"92f144c6732e7617d13768d337193453",1,boleto,1,42.76
"9aab369315c9066a109561047bb258f5",1,boleto,1,24.28
af4be6b90fa33a1fcfdb55462230fdc7,1,credit_card,6,69.12
"2d89599c5c8a739bf6d061f82bd09032",1,credit_card,8,229.57
"806d3b5f15557ad3d5288d340271151f",1,credit_card,2,54.10
a4103c7de9d3906670a7ee8b5816788e,1,credit_card,3,176.63
"2c1f923bfda154d36f6dad2084cbde2e",1,credit_card,2,40.09
"8ace197d57084cf99d770809ef26dab7",1,boleto,1,515.93
"35c59a35853cb88d8209641947d505d7",2,voucher,1,250.00
"7a0e460794b2d836da856ca4c3db095f",1,debit_card,1,50.24
"05bef443b850685058070c9e781988e8",1,credit_card,7,79.52
"16f4c47c722704ef26d0f086cb75d213",1,credit_card,3,189.68
f7c666a64887124db742dd9a8a4e300d,1,credit_card,4,57.72
"4d4d7ad98b37eef086b111e3db16257d",1,credit_card,7,159.14
"305c62b54948504b5a6774e13eaec4e2",1,boleto,1,55.37
"3e05465a5e1bf9c38832ed79a795e04c",1,credit_card,1,68.20
b571f972f69a2f91ebd89ed09a6ebf42,1,boleto,1,181.66
"100ebf8fcba296158a4021a35cfa1bf8",1,credit_card,9,208.16
c24e1ca06df82199a5041274b7c33643,3,voucher,1,47.26
"1d067305b599c1e0dceb3864056ea527",1,credit_card,5,170.43
f9a4ea353ce8eeffe8a1d48960268f66,1,credit_card,6,1101.51
a2b99b6a9c5b0c402cfbabfdbb69918e,1,boleto,1,66.30
c7a41978e3a504f1f6281e82e05c07f7,1,credit_card,1,95.11
"2d13948675eb090c15d5f89f0a98145e",1,credit_card,2,123.46
"51ea7d0bdf670aca325bb99bb45c1500",1,credit_card,1,144.22
"8a3b1e83e4d61d19b4a8981b81368711",1,credit_card,10,1133.96
"247e66ec0e4b810c6acabe6f698cc62a",1,credit_card,2,53.32
"9e5ce745945c1ffe01121296711a5663",1,credit_card,8,252.19
"5103a33779a9aef136d6dbe242f779e0",1,credit_card,6,125.77
e0785eb4173f81ac87d13c38100670dd,1,credit_card,1,53.90
fd7303a4968ffb3832a0bc5fca2d2b6a,1,credit_card,3,112.10
"2e05e404dbee7a30852c84523f222b1e",1,boleto,1,138.02
"12218ebbacef18ed517a437b562c7d7d",1,credit_card,1,59.16
"003d0634280ff3d1d3a54459349a6899",1,credit_card,1,228.89
ee49a90338eb325a8ebf67fd48663632,1,credit_card,1,94.25
"307593389c72a7dc51e1c7a57565a0b3",1,credit_card,3,105.28
"08c3c0d49b3cb66764234e0fa980e850",1,credit_card,4,225.71
e7462b52f18d6033a0b5714f2dae7e79,1,credit_card,6,228.60
"879a6ffe6389453946ddcaf7bde51975",1,boleto,1,95.46
"151dd2f1d99d17f6c210997e09d67506",1,credit_card,4,55.91
"13b194db506615d16a862e66b0a2f6e6",1,credit_card,3,149.58
"3bf5c888a106e0e27fd82eb268baa621",1,credit_card,8,82.43
"15040f094b4f4a45a4d885dd036842af",1,credit_card,3,61.63
"01e7138289b75d9624b04dfe12379c1d",1,credit_card,1,64.76
f46d8920524f004a5819d1e715715135,1,boleto,1,117.18
"15208e51dd3f6ccdf33a94148faea052",1,credit_card,1,67.13
"63098185d431678eef6d6651e235a1f4",1,credit_card,5,207.50
b5930ca6b3a52bd7169cffa2a4b8a83e,1,boleto,1,58.37
"8f31b05b300b9648b988906d899b97e1",1,credit_card,3,118.74
"5e8e2246d1b5e113efb8958d9b9fd9de",2,voucher,1,500.00
e96a6b60ad34bbbfe8817cd0e6f79374,1,credit_card,1,31.90
c11a68c413a5bab666d3afe5a3ed7ef5,1,credit_card,2,66.10
"1fbf8f4fb186a87e85db3cf5ad3a0354",1,credit_card,4,247.83
dcc94a4d78476fb4123a1cfc3c8669f6,1,credit_card,8,166.02
"01c4766d43d50d892132f7bb04d97300",1,credit_card,5,54.12
"8e8f66d7e07a38eded748a76f43cff5f",1,credit_card,3,71.72
"16bcafd500d4d2303b76bb9d95a1c5d0",1,credit_card,1,137.64
ca82748f931a241022a6d939bf1f4f84,1,boleto,1,68.39
"98cdb0b0199939368746cb2beba58efe",2,credit_card,1,39.61
a2b98e0d4c46ef327bb78d902bfaf7b3,1,credit_card,2,93.29
"323cba2726573e077f021f421d143899",1,debit_card,1,63.13
"7c48bb55e8e4f7e56d412e9653db37bc",1,credit_card,1,54.58
a5b5af395ebf623545b0777166d99f5b,1,credit_card,3,115.32
"8d866309dfbf9649da64bd53a80c7b7e",1,boleto,1,39.61
"411cb689d52e7d0468af7071748087b3",1,credit_card,5,97.12
"0c7c52a4d8b572ef9b01e3cdd38288e6",1,credit_card,3,100.68
"0753ba0519dd531e78e0abdedb16be35",1,credit_card,1,143.70
"37311087440803cc1960343121d1de26",1,boleto,1,326.79
"48705eed276c3080033e79ac60460f75",1,credit_card,4,234.31
"851ca56d98d52355e12410122fe07fa6",1,credit_card,3,77.64
"9ef5ae9f2a3b5c7cd4858cf4ffdc1b9c",1,credit_card,3,261.07
"3f26a399c8a1c0cf2c9dc8a194b134d3",1,credit_card,3,149.06
f39dca700fa8e7f2ccbdf7a9c7f8af1e,1,credit_card,2,111.42
b151fe5e854b99ee8ff6186d8e67a0c5,1,credit_card,1,93.82
"0786c4c0e6cac26fe4f5c558b232e392",1,credit_card,2,78.06
e70564a3b448dd6f6d5ca53b0f8222b1,1,credit_card,12,144.03
"3ce5ed82ae32a886fd55be9b9e7b8405",1,credit_card,10,328.74
"0a0185b8b72cbf2290c3e4218300a61c",1,voucher,1,25.00
cf101c3abd3c061ca9f78c1bbb1125af,1,voucher,1,8.48
"94e3a1e85a53a8ec73ca2453f310aa5d",1,credit_card,5,137.30
"980496fd521b7f8fe2d75593d11ee1fb",2,credit_card,8,327.98
"5921c611401f52ff910cf826ea169367",1,credit_card,3,140.34
b29aef07fc359c950db89a961acc1fa2,1,credit_card,2,211.06
cab041d8d606d6c9d3165da578795340,1,credit_card,5,50.14
"8564fe80e76566e25b05d31fca8a2393",1,credit_card,2,57.16
aa60297f355f74c9f4ced617a6868fcc,1,boleto,1,148.06
e224d9d6fa66b26b8b86e73d2852136c,1,credit_card,8,374.28
a57f808603e51f06955b782799093b5b,1,debit_card,1,174.75
b77fbccc98c4158a1c4e36c61597f015,1,credit_card,1,125.52
"58ac63782a9063fdfe379c7b31b1f054",1,credit_card,1,96.82
b07914d5df46f9add3a5c708315da507,1,credit_card,2,102.78
"9e5416019158fcec718c7aa6dd877d8b",1,credit_card,1,80.77
"75a9432bc86fcd9061f4557cc03183ef",1,credit_card,2,376.49
e68631ba647225f307d0fa392cc1fa13,1,boleto,1,159.40
ab4fc7cc026a9ea1a616584f9cfe4b9a,1,credit_card,5,194.91
"95781e5f0d6c976b1d32e609be9c4acb",1,boleto,1,235.26
ef3b2daac9052922ef4f38c5e552393f,1,credit_card,4,106.39
"82abb29aa619c2fd597a4267ea7069d3",1,boleto,1,202.82
"47c64271af23d7ec38d059a3de600de5",1,credit_card,8,345.49
"6b1e495243da4b3d42a27e801e6f252f",1,credit_card,3,62.01
"589cee057c9f85a83427878ae34dd47b",1,credit_card,8,189.08
b0a472e075b205f9598c0dfb2cf6ed97,1,boleto,1,496.45
"37f02a54b7a8290c4afc59b4171a4718",1,debit_card,1,149.31
"19c6408c8c146a18e4fa634340aa5685",1,credit_card,3,76.61
"098a8457920d6c63f0cb10ccfbcd369d",1,boleto,1,210.03
"2aef043f46add78feb545aa658c06d3d",1,boleto,1,123.99
"049ede3fc839758e81752a9dacd1f911",1,boleto,1,25.78
"2662cbd5b6c9e285a0babfe5ec248494",1,credit_card,4,43.01
"057134090fb19405548e54bbcf377f59",1,credit_card,3,186.40
f05061f4489d31233011621bd07caaf6,1,credit_card,3,38.00
"02e7b3980e9984556bb3a764306f3e31",1,credit_card,10,113.46
"20addc4c26c3dff0ea76ca5704d102d5",1,boleto,1,184.52
"7d87d6b3173540d739b15192cc787ae9",1,credit_card,3,63.10
bfb369fd1877d8e3192f79562eacb5e8,1,credit_card,1,32.75
"0bfda4d08d29cbf3e31f33c5e213dc77",1,credit_card,6,122.96
"63d6b7bc7b40bda892a917e735970c67",1,credit_card,10,953.82
"7f9cfd88530c3c6d0ce6084b27ef46ff",1,credit_card,1,1341.26
"742ba39f629d08705cf64769ff41dd3e",1,credit_card,4,626.76
a296d4fb5d1e460c4834cd4a6da871d3,1,credit_card,1,97.93
"7a56fb62946da254d15e01d0d735b993",1,credit_card,3,112.41
e865720063d35fe789029a6021f2df31,1,boleto,1,35.00
d3007af14d2bfce1fbb2875870808b9f,1,credit_card,1,117.16
f9772fe1819ff19a370a234d7697b841,1,credit_card,3,269.01
f644267f332fbcb9fe143fbb7478441c,1,boleto,1,123.04
"4a38976a0eb800c5bd065b4e172b0450",1,credit_card,7,143.15
cf703e251309f59e2db9776270cf28bb,1,credit_card,2,171.77
"2242566da9e4bf1d65f3530015a389e1",1,credit_card,1,120.07
"9707e5dd2b32ab5cc39155a27eb3d0ec",1,credit_card,7,76.98
c5a1b0ee6416312709869716d1c54d73,1,boleto,1,192.00
"835bf4777ad72891587719f1098e3528",1,credit_card,1,41.93
"78037c5f4d9f1f7bab0207f22c4e92f1",1,credit_card,2,261.46
ca1be30219791e22648cca249a8681f2,1,boleto,1,134.43
"79c4bd6c466a226de3a2b9ee556a0116",1,credit_card,6,470.42
"44afcef35a5f8874ce556826e49769a8",1,credit_card,2,364.41
"285e35ce9a55db39353f12f48120d8a7",1,credit_card,9,195.91
eb79d602c28b8782807ca17e4ba806cc,1,boleto,1,27.68
"74d300a40f14d9bb630e966dad89198f",1,credit_card,3,114.00
b4b1ec9a9f24d8db544120456a3a2f12,1,credit_card,10,2304.68
c8f21ae0d8ea0dc3d6cbd9ef66d4981f,1,credit_card,6,93.66
"6d44b31ace9597cb17ddf0de40a6ea51",1,credit_card,9,98.56
"0957ed870116e596b800540427c61497",1,credit_card,4,157.99
"9fbc0f9b99b05800100124db58b25182",1,boleto,1,256.20
"796af24ef8fe72445e1c739fd272ec14",1,credit_card,3,128.74
"6917bf2ef92587d31987c8c01aa1b4e0",1,credit_card,3,154.22
e51b03b501b229c0921929d10f0a36bb,1,credit_card,3,387.37
"13bc2aa1a887b018329663498f5e00ab",2,voucher,1,150.00
"51f3f9237b10868cd54630d1c7a71174",1,boleto,1,233.55
"17af4418ba1023eaf47d0b84ad656c42",1,boleto,1,64.00
"47f127d696dedbcc985921e3304db01e",1,boleto,1,116.82
"44184b5a59894faa452860c36d439ff4",1,credit_card,2,146.90
"5b397bd9f4b5824b8bcccd02f062bdcb",1,credit_card,2,135.74
ad7bbf9e258c09c913e56dcba3433286,1,credit_card,3,39.60
"57122ae1510bd4f4e0203ae8dec5eb30",1,credit_card,5,174.76
"0c23e216707906b2996b9e2a5bf5ca93",1,credit_card,2,64.44
"216c576eda21cb85b7b30d4668db4f91",1,credit_card,2,27.38
"5956fa21016f2b556a3959ff5aea8536",1,credit_card,3,160.54
effbced821ab774c03bd43060822065f,1,boleto,1,126.20
"23cb8b17a53535670161bb4171633ce4",1,credit_card,3,148.03
"7f8d9a73c2b510f9627ac02f1a79c789",1,credit_card,5,193.98
cec16bf8607acd5483286d4a74fb4365,1,credit_card,1,360.72
"525be0565c62b7b2f1fbcb67241fbd9b",1,credit_card,2,112.64
"190839038ca4b745f67b28a9dcf7386d",1,credit_card,2,141.73
fe9f3a971bb08a9eea14c93de1a42034,1,boleto,1,95.72
"0114835d7f0b3f674b70a989411e31c1",1,boleto,1,112.13
e36352245dc5d4bb3260cd9e14025cac,1,boleto,1,175.87
"0e5d0ad4560f5151e3a5f605f5799138",1,credit_card,2,107.04
"5f32fe4a0180fa919a3a01ec75e5ba12",3,voucher,1,21.12
"51b293b7ef9af17da9a922ce4069c202",1,credit_card,1,131.47
"49a8f1096861d00a65b9c80b8b963a22",1,credit_card,2,60.09
"3853bb442103dd1f77271b7750bd3202",1,credit_card,1,111.02
"577285c10c95871f906ac5ba6d9d902b",1,credit_card,4,219.26
c96e714ca972a71e1e1b2c77c6cfea86,1,credit_card,8,158.69
"541c0eac677c2bba8a6417b7e9d8667f",1,boleto,1,108.00
"09ea2181de5a14e01d90b6ff01835a33",1,credit_card,1,37.69
"1f75191842f4f2343c718aba4007d742",1,credit_card,8,117.43
"871294c2faf8ee65dace13b21512735a",1,credit_card,5,174.45
ef4d010c07e5ac58d6b9b8f0210df881,1,boleto,1,84.13
"037ded3ba29ebe9a96acb1177cc52b51",1,boleto,1,61.75
bec7d5a25c600cedea70947a1aa39092,1,credit_card,2,176.01
ad15d9b5c97ecfcbdffbd8148ef3e0a1,1,credit_card,3,84.74
"0c3190b4838c596fd1d6cd74e0436120",1,credit_card,1,77.71
"7bbb2b4fd60b56329b20353470ec4080",1,credit_card,4,64.00
"56203ab8c919f019d69bac51794e296d",1,credit_card,10,163.22
d28b9e0b37f4799ddad3d4599b1d160c,1,debit_card,1,129.59
c4292eea4a836266d4a601e1de343eec,1,credit_card,1,96.82
"11531b318e176d53a632286789eae9c8",1,credit_card,1,31.12
"9aa3595de5e0569f4e0762bf2d005d19",1,credit_card,9,92.34
af49eb64bd96a66df6582e592168e004,1,credit_card,8,921.05
c1f68a068a1e19a39e7f22734b58cca3,1,credit_card,4,96.22
"1a839aaf6aae24eb10a1a4e0bc238de7",1,credit_card,8,98.84
da0661322b03e6cc7ebe7e98961b9bac,1,credit_card,1,86.02
"9ba5b74f4d7d84f76cfb1644b6eee3a9",1,credit_card,3,84.92
fe4d047054ccd209fd41ae16f2f8313b,1,boleto,1,126.42
"0eb292344b2b6367acf848e125a32538",1,credit_card,3,54.10
caeb9def6ebb2881fa87b103e015e814,1,credit_card,2,104.68
"2ebeaae6b3c969c7f5474e8f736bc33a",1,credit_card,3,155.29
"6267698d4c51c2ba30ffcea3adb00e95",1,credit_card,2,39.42
"3d00fba40b3bbf3283c4f21e9129d855",1,credit_card,2,65.13
"6a2bbff940a0666437c99b8e604f54d5",1,credit_card,1,34.87
"854f8cb8dacdc3abc4cce7a7df6fcc1f",2,voucher,1,8.26
"8c98ea8f168f55d7c590b90e0e3ae53a",1,credit_card,1,193.30
"6540b761399c20157fb3fdbf2bb13380",1,credit_card,4,69.04
e10eb38645ac0ee01145792cab82f88e,1,credit_card,4,46.00
d311155c38169d602c7337aba432ee01,1,boleto,1,146.38
"63fd927963e60a8c2f1baa83431cfedc",1,credit_card,2,213.46
fdb64e7a41f724c8b968b87ad729c6ce,1,credit_card,1,22.14
fa2501ee454804c1168d1687287f880b,1,boleto,1,51.89
"0113affd907a209209ab08413bb54226",1,credit_card,4,186.10
"1ddfa120c8ef1f70ac2fa0aefb241675",1,credit_card,4,174.04
d801ba7b9484d3de19c2c002d5c668ce,1,credit_card,1,32.83
d66cd5f088e61b54931e6a5fd6b53198,1,credit_card,10,316.35
cc460ac4435835dfdda5526dfe84f01f,1,boleto,1,237.72
d23ae4bbdb6fd93be053d2a8e42ac668,1,boleto,1,46.75
"5b10d29307d564e7cba05fe2ecf7334b",1,credit_card,1,203.51
ffda7f88e6a571a9e73a0c9c778e606d,1,credit_card,1,51.59
"2f98f40416fdda614b3c3b4539ec23cc",1,credit_card,1,107.59
"491830ceac81983791103aca18acb421",2,voucher,1,34.90
da4b750c427bc88754c6c019045f7536,1,credit_card,9,98.85
faf170a7180f21b40983f2581c31270a,1,credit_card,1,108.12
f16aa03fddf358ebc2203c03a5ba1d48,1,voucher,1,113.89
"5b19559d742224610c730e73362fd0e4",1,boleto,1,57.68
f65688a2dd980f034760d28080f065a5,1,credit_card,3,124.32
a0f6d215b0e99072f27854fe0b1945b3,1,credit_card,1,30.13
"03df18ab5ba4464030b07f49dc6d206e",1,credit_card,1,47.68
e8fe4d0ad665d8d3978e9a8e1bfcf686,1,credit_card,10,169.88
"91a333766463bf60b5dcb78750da0f51",1,credit_card,1,63.10
fab4815807a6e4f6e958e70eda5608bd,1,boleto,1,51.04
"7d25548e9af30c1edc5c6c42690157b0",1,boleto,1,107.41
"4eb2ac97a426c7f771f8bb1ef6ba5771",1,credit_card,5,111.01
aaab909ba45f8f27f46401f49a92b9e9,1,credit_card,2,210.21
c4076d196ccd6ef48beb27d4e1e584f2,1,credit_card,3,166.52
"1a878941e5a0c2afd1b0a14fb61f89b8",1,credit_card,4,1693.31
fed6ef6fb04042a3b895df051c11225f,1,credit_card,1,37.58
e56d88cbec1f6fa11c71a07941433b0c,2,credit_card,2,900.00
"66f7198bd04aafcefc81148b6c433c18",1,credit_card,5,102.86
"605c8d6c4fd713a7d4315efb447367ef",1,credit_card,7,76.27
f40d3749a6d621bb95be74a8ce79e06f,1,credit_card,8,1347.96
"91fb22794b4915b6dddd8e74705905f6",3,voucher,1,30.00
"8154be10166afed299f6534ee62fc010",1,boleto,1,83.50
be5bc2f0da14d8071e2d45451ad119d9,1,boleto,1,39.09
a68bc190188549b7f338cbff5d091091,1,credit_card,2,49.51
ccdbdaee1f24ce882d752fe79410cfef,1,credit_card,4,212.09
"18c3c1366ee83a4162a2eefe7bb66f23",1,boleto,1,89.96
"7712472a07a10232dd2e57a0c2532cd3",1,credit_card,7,318.44
"1e9d34d879a6b6a109fe4403c0ca5aaa",1,credit_card,5,102.12
e47a8c70f93fbf49317a66dffd051012,1,credit_card,8,202.83
b348277bfdf1d3e3248fbc41616f8b2e,1,credit_card,2,112.62
"89bbe8cb725ec2806d48d291eda86d93",1,credit_card,3,37.38
fb38c57228176747d35f4ee92e751b94,1,boleto,1,111.89
"767ea088b6cc91e6b7631c6d30cb980c",1,credit_card,3,185.98
d6e3a9f9be1350d1e2bb6e25e8bfd05d,1,credit_card,5,99.74
b522474ba0639dd0385e4918d46ddcba,1,credit_card,1,83.14
"63c6b78c7aceade884a5f08177c04e57",1,credit_card,10,619.07
"9841f5f29be60e9a4686d0bd4593ed6f",1,debit_card,1,34.03
"6d1a62fa0b7ad62bdea639088be1e5f5",1,debit_card,1,376.22
bedcad246f8051ae66375615a3824588,1,boleto,1,112.84
d56a6e6511ca428852199722032e8fe6,1,credit_card,3,77.57
"0b9585496a9549d76a405252c9a5a027",1,credit_card,1,57.07
"1e8fc9212cac6dca33623c56a8dac683",1,credit_card,1,58.63
"06136e6a6532fabbd5675f8090fca4b3",1,credit_card,1,72.58
"63906fe0b5159737edaca79de6b80fc1",1,credit_card,8,184.20
"9712ce7b38d5c1089b5e699e65f86d3d",1,credit_card,10,233.78
"5e45560833c4c43e2ce402256ae47069",1,boleto,1,63.61
"4bc0038f8b89dafcf62622334c66ba0d",1,credit_card,1,72.66
"8e6560f082c82cd950eaeb5dabcbeea6",1,credit_card,3,35.09
e3d29434a9fb1992b5fa63ae0befc0ac,1,credit_card,8,310.03
"982b3bee67e10358cdfe18e0bbee9d08",1,credit_card,1,55.24
"7aeba3591c40b6adabbaa598d84ea144",1,credit_card,1,34.00
f7c35f451e9f3f28c25c4cb36097b2d2,1,credit_card,1,75.53
"36e14a46e5b025f82308a10f7a942db0",1,credit_card,1,115.94
"32bdee71c41b3a7d0426d858a8c2d821",1,credit_card,3,72.70
c0b51ee494d2b45a141887d2d007c915,1,credit_card,10,215.56
"67d83bd36ec2c7fb557742fb58837659",2,voucher,1,8.00
"06ae350afd844b7e1dc14f9322504baf",1,credit_card,1,50.53
da47d890709778a462778fa7598ad3d9,1,credit_card,2,239.50
"52a547866cd2082c600fb72eced19331",1,credit_card,7,78.18
"59bc7868dd1001b0e0affabebe64b67c",1,credit_card,1,226.85
e5f2efaee72a24f3605bb8217d862a2c,1,boleto,1,67.50
"2b8b7636f69e8dca87850024171a19fa",1,credit_card,10,116.13
"70a44842363a251713d68fea7129e4f0",1,credit_card,8,217.83
"38eb881851d90ec36b46d10b81792089",1,credit_card,7,72.18
fba0c44b4dd8bed3fa5f07fe8fa0da19,1,boleto,1,37.46
c77d53942cf14c381d5740220f9c784c,1,credit_card,1,48.30
c814416959bc909443b01caa4491593b,1,boleto,1,561.66
"66b090d3b031a3fc0d1e296a209b0de1",1,credit_card,10,386.24
"12e3ed1a5c67c52f23eee00fd8c43129",1,credit_card,6,198.91
"8b88af6ab4bcba779184de098d66c9e7",2,voucher,1,82.21
a53d5c8476995cd1a3a77e4036f30020,1,boleto,1,122.17
"760c14a17f69f500a5d012b967e1a093",1,credit_card,2,75.17
"908fa8f2c6d9100f8efb75338167c8a6",1,credit_card,3,168.41
"7553daebc4e13baf328211dddc66a648",1,boleto,1,81.88
c03e2d7edc52d3ef8683b7f2e34a55cf,1,boleto,1,1534.58
"2200d7d4069cfe22127c053c75a26c17",1,credit_card,1,1.85
"236d21060f892e44cfdfb2846ea93133",1,boleto,1,271.42
b551d008e194e808841c76fe13ae2969,1,boleto,1,70.14
a16ba3cb9eadcd233262e7dcabd63592,1,credit_card,2,83.68
f75f6ef2200a609b9a11d7650ae623f2,1,credit_card,3,123.49
"66c92878ff24df297127ec1838a99b14",1,boleto,1,55.28
"67d5ce930730430a0260f62e7c291eba",1,credit_card,4,100.90
"3830e6067665c6a4bf2cc393fae31996",1,credit_card,4,47.95
"03bd6f7b95588e476cdef4abb2cfdd0d",1,credit_card,1,57.99
"3230019a07d0eee8a3816cb1732fe39f",1,boleto,1,153.10
"99f7ab7ea1001d0e2b6ac00be98444c8",2,voucher,1,51.37
"5f0204c837c9b96a76c8da513f40ab17",1,boleto,1,209.99
"0b4aab4ef70208498663141571f68116",1,credit_card,1,109.08
d550b5b77639c709f4dac266821e4321,1,boleto,1,244.32
"2711a938db643b3f0b62ee2c8a2784aa",1,boleto,1,59.10
"3323fd4055090e20288b12f59a77e9fb",1,credit_card,6,61.45
"196d07f4360358baef663fa6bbba95b0",3,voucher,1,24.18
"75d356a1c924fad59ba5ed142004e9de",1,credit_card,2,111.89
e0a392ae82bc219375ace26ec32a6301,1,boleto,1,66.05
dd804880e8bbe570f05a48fe008632e2,1,credit_card,9,97.79
bee237f3c574c7e3e0f415a1c7a44566,1,boleto,1,46.20
"8ed2e158bceb31356405b9ac8a67ee0f",1,credit_card,1,89.08
"27b01bbc397d9282e115008e0d914f2c",1,credit_card,1,55.99
"5cd688955f6e1066065fb55213589afc",1,credit_card,10,271.20
"70b9629a764d2247cf5995014b7204d2",2,voucher,1,100.00
"170dcd772ea4f51c3a859f9beef5d297",2,voucher,1,50.00
"8321b0cd9de49601b4c81b6ab4c3f15e",1,credit_card,4,46.05
f56a4744d6392378081c4d1b6d2c0285,1,credit_card,6,648.15
ee74c524654f34e41104075eea8a1387,1,credit_card,2,65.78
e13c8ddd0d03ac5525c6b54d0442e9a5,1,credit_card,1,28.01
dc2baa3641cdc63b2e1dece21f66c8b5,1,credit_card,3,38.80
"932c7d98b6333c885409e2205bcb6141",1,credit_card,4,85.45
"957ba0861ba82e4446aa2f105b7f794b",1,credit_card,1,28.79
e0be4cd18c3c6b6dc7adbe8e2239fe74,1,boleto,1,51.50
daf7a55aa310de14e9b2409edfedc2b4,1,credit_card,1,241.49
"1fe85ed3aac60c497e9a22a39fcd715a",1,credit_card,3,90.81
"50a58980b691ff7dee971df1e77476e6",1,credit_card,7,200.37
"4d8bce6f55c5f41f046cad9b87cb8fe1",1,credit_card,10,206.78
"4ce0878b1fe7231ce22e503117abc62e",1,credit_card,2,149.72
"4ff9ab070e81af8af428c889cc08b06d",1,boleto,1,48.93
"95ebea26504e0c4e028d5cdd035c6f7a",1,credit_card,6,65.09
"6b57eaabaf784f10ac01cb4426c604bc",1,credit_card,2,81.09
f31cf521d461f5b8b5b1456a0448495e,1,credit_card,10,363.76
c0902caa9df6e499f3aa6d5acb55f6c5,1,credit_card,1,67.49
fea3c9e9bdea46b747e70684aa891531,1,credit_card,1,31.93
"73b4137fe1a1e6cc800bd6ee7bde208d",1,credit_card,1,234.00
"87da08d67c30edebd4f29e0944e0808c",1,credit_card,1,74.21
e51a9885ddaf8cc8e4a5f760fa7992bb,1,credit_card,4,62.11
"9b555fa3c1a9ac79415e947cde8180bd",1,credit_card,2,207.50
"7f8f6e7d331e83effb58aa14f32cad44",2,voucher,1,181.88
"14e2227862cdf47db2caa1acbf80b71f",1,boleto,1,115.10
b293a5668e9ef946f56c5eb92b468f14,1,credit_card,3,165.30
"15835b4cf971838ce051b97200baa5ac",1,credit_card,1,46.58
e531208eb155aa7ad31da8a797a6efe2,1,credit_card,10,321.58
"90aea7c4e52538a18cb9bbfd16f09185",1,credit_card,10,979.91
bc0c038c0ef967afff713f0ada720cd7,1,boleto,1,71.58
"3bf00487d4ab4ec12db62d8c542762c0",1,credit_card,2,29.17
"7d219bd2feeb13ad311a00db33c06a3c",1,credit_card,1,105.37
ac1436b9efc2d8508c1abf9e4dca5709,1,credit_card,1,139.29
"371a9794bafb1204f585018715ed6065",1,credit_card,1,59.27
c7d2e4441e2074bed6ad0cd9ee428f3d,1,credit_card,2,204.43
"96ad1339a836acd49229ab6564bfba8f",1,credit_card,2,27.40
"8ac2a7536043523a10fb4d60487a7a4f",1,boleto,1,77.47
ed99eda830e2097daecfceef436493d4,1,boleto,1,297.62
c07db2ecf8530bd60659764d866467cf,3,voucher,1,7.73
"44a7b71ff4db304382a32b229441b281",1,boleto,1,178.15
"1a7b699187ad9cdb9d6dcf647450b861",1,credit_card,5,59.69
"230cb5ffb43a10662e4b64e7d02cd171",1,credit_card,3,121.42
c308d0d781ddbf00ef974e5dfd79d746,1,boleto,1,96.96
ceecda7c9b24cbff643a6c5119a9ec6d,1,boleto,1,28.31
d5bac5448a70372042b7f46473e048f0,1,credit_card,6,262.07
bca2c019b40c204248a56707eabb2a2c,1,credit_card,6,73.58
ef31477820679f9801481f607b13f32e,1,credit_card,10,123.87
"15e85e81d299aec57b1bbdba38422dff",1,credit_card,2,149.69
"4642b5eb7edc14a4a0dd2c2eb7b68e14",1,credit_card,5,70.72
"9340ec2a1f243ae60a2b70696db3b202",1,credit_card,1,56.50
"74e801561512a92bdc060773683b7a54",1,credit_card,1,68.05
aea27cd16b5e532056c2ea57db75b66f,1,credit_card,1,107.57
"5e51393cd4562accba29a68b5db784c6",1,credit_card,3,34.30
"3e8953439d52c5b7a12eca9324cf4273",1,voucher,1,47.74
dc3fedc15bcfea3fb0e670ce3a8f3c27,1,credit_card,3,75.50
d68a8730ef63639e10d17444626814f2,1,boleto,1,135.08
"8ce09fabe89667119f813bcaa531e675",1,credit_card,1,1.97
b3d40dc91d81ff9c5d78201fa392a79e,1,boleto,1,62.08
"5fab73b31e4fd43344a3f2fa650807ce",1,credit_card,1,103.37
"2909656d933b72ba8b3fcf38fad83c4d",1,credit_card,2,137.20
c253cb678b5c3b8e8c9a13fc97d8e7f5,1,credit_card,2,36.94
abdc23d84a4a4a01070f271f0c2917c0,1,credit_card,2,21.24
a0965651e1058585af3d91274b10886e,1,credit_card,10,227.27
"2073adf991d650975fec13fb944d8ff1",1,credit_card,3,176.12
"03a77816f8b67ef237ecca2c772c4851",1,boleto,1,109.50
"4df36fe83cf894ed979421fecd300bdf",3,voucher,1,15.48
b0b54e4c452d66681d67e588398ecf7c,2,voucher,1,100.00
"3c0be21119f52aa359b9adc51824ac6d",1,credit_card,3,148.50
"0cae3692c0412d717beb36ce3faebcb0",1,credit_card,1,69.94
"88367c23420c866abd6157288f3c7a0d",1,credit_card,5,182.51
bb0165d4e039c23561d22f29114b65a6,1,credit_card,6,157.43
"83a5f8854981c7b3edeb547ad11c5e04",1,credit_card,1,42.58
a041155864e5141116458291313b35c2,1,credit_card,6,117.86
"3334505458e0f039b5a43c32dfef2cef",2,voucher,1,136.73
c209842083e6d90a0ae00af4749c6f4b,1,boleto,1,64.23
"7db5f2eb8f5f54db9f9e71ba4296bcbf",1,credit_card,10,164.23
f98546c39fc099e563d0b69b74b5151c,1,credit_card,1,363.12
"2c47508caa1bde5360a34b306cdcaca6",1,credit_card,1,26.68
"21d4d409001930a8266042afbc040039",1,boleto,1,259.59
"664826d0bc1679cf79ba25b58e2971a9",1,credit_card,2,72.75
"285c2e15bebd4ac83635ccc563dc71f4",22,voucher,1,1.05
face81f3fb42523ac7e0a0d6f0149d34,1,boleto,1,61.85
"448153a49cab173332476ab64bc6f815",1,credit_card,4,80.60
"5fd0d1844c46d95e756c563bf148d01d",1,boleto,1,105.08
c4566096644e484021e16258c06ccb4d,1,boleto,1,52.62
"166006e25a9d9a411e8094e0237104e0",1,boleto,1,137.04
b958441e8e334c3996a9b0c55e5c797b,1,credit_card,2,123.56
"6f36f6e788dc46d4b7ac92c2e2288e51",1,boleto,1,55.56
"108d588547924189e3254f05e7720f71",1,boleto,1,51.84
"1683815c34e20076a6b3a8b1fd3d8809",1,credit_card,1,139.36
"4769f915c3d1f25ca67c6a79955b25dd",1,credit_card,2,74.16
"1e7d79d08a87fbdc49009885f8990ccc",1,credit_card,3,97.65
"654da57158d96035814657b5143bb11b",6,voucher,1,15.15
e00d3f33450408f4b359426def9f3961,1,boleto,1,160.17
"8d644a85179a2e3720976b5ce7d8818b",1,credit_card,1,18.39
"21799a54bd487cd78f616aac588377de",1,credit_card,2,62.91
bcf932ed1d1f89a66891f8c5b22c5d20,1,credit_card,10,275.38
"711526597d2e1f1b5ee9bf5c4af2c4cf",1,credit_card,6,647.91
"61a61f269ab4229725a40cba01e8b65c",1,boleto,1,111.89
d7d4afc3fb829c97bf4669cec420064e,2,voucher,1,167.26
c1e9df16ff9d33f95cd4e24e6e064c38,1,credit_card,3,31.92
d16f8ec8edbb1c3652f142cc60042a86,2,voucher,1,900.00
"05ad33706a0ad42482ba7f17236d4bba",1,credit_card,1,94.30
"321d8eaca23d22fe7ee30eb4125b7efa",1,credit_card,1,43.78
"4eef2062377fd17cb5ddfed73cc1e564",1,credit_card,2,162.06
d94b232e72e4c7c22f765be9ee391b3f,1,boleto,1,37.86
"2de1a5d0edd8626305f1255e91b7d473",1,credit_card,2,100.86
ec4cf26370344d49bf890b38d09cdac4,1,credit_card,1,65.11
"6f103e04419629871125495a575f26f7",1,credit_card,6,326.82
ba3794ae046c34dd007a8a9cb7cddadd,1,credit_card,3,67.44
"8dba24f9985ee1c23c565330d02c5099",1,credit_card,8,515.94
cf38f096dc6fb592f56dd68bb588e84c,1,boleto,1,65.78
"186e84bd74bc46e35d08618b33f828f1",1,credit_card,3,288.60
"943eaec3487658de2dc5291e9c051e51",1,credit_card,1,65.00
"8ebe945989d8e36075f1a141e40968c7",1,boleto,1,52.85
e05832d71fad97ae7744fc444ce72075,1,credit_card,1,28.29
"02a7c0948e8f36cc17e787f73395de4d",1,boleto,1,25.79
d2709c18f4c1ab5ff4663b1e5a2ea477,1,credit_card,3,92.97
d674f43f35a8b46f907663eeabefb819,1,credit_card,1,21.99
"3a22a67fdde9c599b722069b9725a709",1,boleto,1,47.53
"025e90567adfa253765b7fe0e844af3e",1,credit_card,10,103.55
ccb6a32d73d67e9bc5000d01bf776b52,1,boleto,1,98.35
"366b94daa22781675a0ffffbcbd517a9",1,credit_card,4,296.28
d361517f7a73473e6336f783ab83011d,1,boleto,1,253.87
"4f8c25939ba36d08d148252e8b3846f1",1,credit_card,4,125.14
cebe3ad5dd36961f040f2fff4da454fe,1,credit_card,3,669.96
de6ed885a8151d0cee622e51585ff6c7,2,voucher,1,62.28
"7be1e90857091733dbf1e7d916c84e01",1,credit_card,1,72.36
"2d53b54fb747893711031caffe615f9c",1,credit_card,4,242.99
c3038ab3b07ac682ba60729b1d74b24b,1,voucher,1,115.81
"6536870177386f1b5e859b2a5ccc557e",1,credit_card,1,36.75
"79f61e04126281ee53dfb2a9d04f2179",1,boleto,1,100.82
cb344f22b72163e62e6ded63d2e2606e,1,credit_card,1,28.25
"0735a85a187bf67cfe490862c0e72bb0",1,credit_card,3,107.55
e370475faec7f43dcb3a4ced5afed0a3,1,credit_card,7,158.23
"18cc97889312466cc90150237a3e2603",1,credit_card,2,117.26
c2b3d03191d2e4327d41e4bb365a4328,1,credit_card,2,255.88
"5c02bd0280dd1e668265d1500d2da8da",1,credit_card,2,77.63
"478f37d7f0b12816126177f6d325380b",1,credit_card,4,84.36
"73c1b352d22c76a80877525319449412",1,credit_card,3,34.33
cb123d857949246d3e5f1c532280c023,1,credit_card,4,93.86
b14878ee970d09943d562f30749318ae,1,credit_card,1,43.22
f5685731d11d379083cd2f148a40f1c4,1,credit_card,3,85.62
"89e704d6ea7fe7f345aa355d6581ab93",1,voucher,1,285.73
"181835eef0cb512ef4d11e3240815b95",1,credit_card,1,111.02
"3971183c24a8511a1e70df6ba7dd4d7c",1,credit_card,9,96.71
"7e981abcf7b25747fb198f5befcae28f",1,boleto,1,36.75
bcd881f346c66116b4cf838352ea8eaa,1,credit_card,4,258.38
"7eb2a49dead413f2e396efbf089ad780",1,credit_card,1,61.59
"6dac04f41aba0a18ba91cbe9779267c7",1,boleto,1,60.10
acb2afbcbcc3be10924f75fd3b6c98d8,1,credit_card,1,128.88
ccfc23e8a089afcb9b3e98ad1eadb5fc,1,credit_card,2,232.78
e11ea6be9b7b180e46f0b9186f39354a,1,boleto,1,104.38
cc7c5328fbf984cfac3d461dfb85de23,1,credit_card,1,51.00
"9ff2778f635cf563342d87b8e53212de",1,credit_card,2,44.23
ae825c311734d9ebfd9e6e67a8e3625e,1,credit_card,1,41.69
f4339348190b76ae59e4945134744ebc,1,boleto,1,69.90
"33d1c541fe62cc7e7de82f1a6f7209f1",1,credit_card,1,96.05
de5b9ed8a33e27633d1c4a31445dddd1,2,debit_card,1,216.22
"31cd476a021f79cd3a1d23ac3321a0f8",1,credit_card,6,68.89
"8ecf756527d9cf65da9905fc38ce191f",1,credit_card,1,35.19
d0735172d1bc5aae5bd8abb3675e6556,1,debit_card,1,82.87
"0e6998991870142c2ed25d6173ea587d",1,credit_card,2,367.20
"388f58cb744d94d4985a505fb3cc6cc4",1,boleto,1,147.63
abb9f3409081aa15446fa8ae9add98db,1,credit_card,1,102.47
"0fcb17f553e4ac7cd19be95d11a1669f",1,credit_card,1,113.86
"99dde9a4d6ee5c602380551b002ddad7",1,credit_card,1,105.99
"00b47ee856118583dbec7d1f9b18d847",1,credit_card,2,28.88
"5a42abf0eee65d3a1e361aa49561a521",1,boleto,1,130.80
c24eb1596ada91fe820fe0a5af003511,1,credit_card,1,117.92
"29a73b04c3a24a3d00b7262ab67299ad",1,credit_card,6,61.05
"767e4a48d385494c5c662f61f9145530",1,credit_card,1,57.53
e6cc2e902e9f3b9a8c3fd2f60447bfd0,1,credit_card,3,140.67
"60c6ad4cefc764d607e14ca66de81444",1,credit_card,1,186.85
d68393f8b33cd22df7d78832c2761013,1,boleto,1,104.83
cb5c4f59d4c15e190ec24d4607349a8a,1,credit_card,6,186.82
"1d537e412ed346acc70b0e721ba2620a",1,credit_card,4,133.76
a79789405ef383b5e12d9f6f6979c793,1,credit_card,4,520.89
d49a2214238550c6f2fc4e5bfc7d92da,1,credit_card,4,47.51
"17ca01c238bad17cd6c09179888b6d7f",1,credit_card,5,998.10
f69de9f3c79fe9e8689a3718ea110a12,1,credit_card,5,283.49
"6b3b7cba90a84e18a3c860762b535a08",1,voucher,1,35.08
b27ffd98b450ba9120b7ebd8d6bb75db,1,credit_card,4,398.98
"960fbbe89375098d7a51e5f0c31c4f8c",1,credit_card,9,99.65
dc700e0b4f7cb79e78aec3f67e817ebf,1,credit_card,2,65.09
c7024b0259d1e73df96b2f98d588b19c,1,boleto,1,51.38
c5b5fbe68f87bd4ee6770536a1b30fc3,1,credit_card,3,262.68
c0fb1f0e7d72b79458a1e6a9b8165488,1,credit_card,5,164.79
c4de71df747f541f59a618d019281366,1,credit_card,1,43.88
bbc3a95177ff0c8a012e117f4dcb06c8,1,boleto,1,179.84
e8c1420ad4481bb6f18daf1e95ae97a1,1,credit_card,6,68.66
b6e63e74aff84a068fdc1b41e9ac29ea,1,voucher,1,310.34
"34d82f4151e44252dd9f198df3dc066d",1,boleto,1,75.07
f703e71f874db4fb27d67f9d042f29cc,1,credit_card,10,435.23
c1fea3ac1f26d7e51e4a78e564291a6a,1,credit_card,3,315.02
"10bedcbb416f0f53e5791b3f61807625",1,credit_card,8,102.03
"635d6eda3af27d4cdcee17a82b7aca92",1,credit_card,1,121.02
d6304be73ea71f648559447bf4a8864c,1,credit_card,1,81.50
"3bae20c7f7ad4cf125d51f381c55f8e5",1,boleto,1,89.57
"092e3282c11e71ea0c568efc2a92f91a",1,credit_card,3,165.80
a6cc5e6ba2fb1b3d7fd4e73f7784f337,1,credit_card,7,365.29
a9b1166b05c95760685adca729c66a40,1,credit_card,1,107.27
"5bea5dd69875b9ab8df73e12126a939e",1,debit_card,1,67.44
"549e5c65d1f41cb1c4d307752c3b9eae",1,credit_card,3,57.19
"1b74651a2ec8ee2d9e115d444f07f019",1,credit_card,1,37.25
"4c57f545143e8865ca2347d8cba154a7",1,credit_card,6,151.01
"3adcce2e211993b4e696031bf97409dc",1,boleto,1,1244.12
"4263f66dd6ea50568c4369369a163208",1,boleto,1,665.98
"5026ee6df4dbdda4bd738ab9943204c6",1,credit_card,4,403.05
"32f1eaf64e65f64c1f57ef1612431740",3,voucher,1,65.15
"214efda775774b938e6dd943737bde2c",1,credit_card,3,408.79
eabf14d3801fb19197cd5305f40fe8c7,1,credit_card,2,113.92
"907ed6a0400bc09e3982627921b633ef",1,credit_card,6,145.65
a95c742fa7426798396959c1bd1d6ab8,2,voucher,1,99.65
fe349b1979d7bcce7bce8df71ca6a902,1,credit_card,8,224.67
"4d1469bf66cf37bc18f5ec280e25cac5",1,credit_card,1,47.64
"798c01f3a7c277a170c5a669935fb85b",1,boleto,1,31.51
a28d9d45abc45839d16fa972466353ed,1,credit_card,5,112.61
e3ef3902f4da2bf727f00602d912d034,1,credit_card,15,1381.31
a6717f2cd428dfe26525facd5fada0ad,1,credit_card,8,166.35
"45946efb64c679365ecd3938a0771220",1,credit_card,8,286.56
ea7138ccf7b03bb9499df4674b1b4027,1,credit_card,1,92.28
d1c0be9650d4276bd67e6f8cd3af248b,1,credit_card,8,231.66
"4964b712511de5c351d07b12d57e5cc7",1,boleto,1,110.46
"3dc6e749cfbbd0cdcd680baabc83d5eb",1,credit_card,2,45.00
eaa57ad5c8ee40c146f63a96ebe98295,1,credit_card,1,22.38
"13b7331f53684efbf758aa353c16ba3b",1,boleto,1,71.50
e5266bf70f5e421e61c8df95a55ae917,1,credit_card,1,60.13
"61af896f4ec21290693a537f0671f6ae",1,credit_card,4,234.52
"67bc7ad5678269583e9bb44b18c5083b",1,boleto,1,138.60
"12809f06294a669708dc0edcb403b507",1,credit_card,3,131.82
"31fca6f177220b53db96805f70b9fe3f",1,boleto,1,305.27
d710cc27e881afaa41ec9e8aaa954a89,1,boleto,1,69.49
bcc786c10284d63d8d4c8a0a8c98428e,1,credit_card,1,99.74
"200331f78002771b79409a9cf7962dfa",1,credit_card,6,214.32
"06ad94997dd34a7c2186b82d8e9be6a5",1,boleto,1,76.76
"44ef2f97744ca6676b7c4089ebfb305c",1,credit_card,2,48.68
f2270ae03c6578b9cb6e4bba286bc962,1,credit_card,1,52.53
"5fe46d14177744ae2180101ce19bb414",1,credit_card,2,41.18
c58da945b58d132163a5b7c3b0312903,1,credit_card,1,77.57
e2a5a9157ae607d38cdb1593f74c0686,1,credit_card,3,107.96
"9d8a3b882eccfedffcd196e7d1e4cf20",1,credit_card,6,338.88
f63a31c3349b87273468ff7e66852056,1,credit_card,1,26.69
"4b9e4020c555991e00ed305b2ece46b7",1,credit_card,1,34.09
c1cc6a6a6730197d8b7fef1132942274,1,credit_card,10,190.09
"32569fba210ee051f2c62dff9d4344ed",1,credit_card,7,181.26
"14d5f7d2a3755fbd4df406ef4c4b400c",5,voucher,1,3.36
"33a26356ae145bf4a27c25447e5d1f01",1,credit_card,3,35.38
eff815e07af90858dc1de0952b153b9d,1,credit_card,3,97.25
"94efba2960b135b735b57b7da59cab23",1,credit_card,2,26.86
fac596e78a482c65c9ebe4d9f7d8eb67,1,credit_card,10,111.13
"31bc09fdbd701a7a4f9b55b5955b8687",3,voucher,1,37.88
"3d86c4b9522b58a104b2fca7421713d2",1,credit_card,3,286.66
"2c440021d0192a2432f4662fc27225d4",1,credit_card,3,165.25
"396e93059094c4e5ebf8af645cb91e03",1,debit_card,1,207.32
b13efaac3f8cb7730ba737059abc614b,1,credit_card,1,107.75
ad70b687aa28281ec53061479c1f4bed,1,credit_card,2,41.84
c1f7501bdc05e68361a9d1c71ef75dcc,1,boleto,1,57.99
"2feccd99e8fb784baae9499c24c56522",1,credit_card,4,44.69
"24b425b6d0f061fcb84c1832d221e3bb",1,credit_card,1,85.60
"86a1ec30055c8fdb9e4bcfec9f15705d",1,credit_card,1,36.69
"5db3a02e1307a5ee2ee228738a72d4d7",1,credit_card,2,147.97
e2b77c6c1ff48eae6cae3a2d091b1bf4,1,credit_card,1,86.53
"3f07b23a477bf9013c8290afae6330d8",1,credit_card,3,36.68
c9fc76586dbd1939395d3ddd999833bf,1,credit_card,3,95.37
"56740543d19104f08eee3703abfcfa59",1,credit_card,1,2.74
"87e628a37d874ec67e4573f102c4c4ac",1,credit_card,10,850.56
"6acb5effe9cc2542a70885f23bc58554",1,credit_card,2,120.08
d70611b8e23ca3e2ad56889d3144c086,1,debit_card,1,71.62
"971e55ce6ef3eae4af8292bd71c8e27f",1,credit_card,5,53.31
b75fb3fad479a8d1dfff143f49f2f76d,1,credit_card,3,75.55
d62af11a434a8ee473d29426f6b5ff8d,1,credit_card,1,96.19
"34d14e4938fbe164df32fbf18b181497",1,boleto,1,28.76
f39eb130ae6b240988c071f3feb3a1a1,1,credit_card,5,154.74
"119deda2a77e33414b216eec6ababd07",1,credit_card,5,153.49
"078095c153e500cfcdd068f00b8d2e98",1,credit_card,5,104.37
"61839bad7238b99a645d22f47028722c",1,credit_card,3,91.66
"68045e87308a14e1d77f14ff287a2b3b",1,boleto,1,30.19
f1adecdec113c6c915849913c65ddd59,1,credit_card,7,355.12
ee65730d515857bacc05f9bba349110c,1,credit_card,8,111.85
b245a355c20f011bd92122803bd0f5c3,1,credit_card,10,420.94
aa6f6f661c3e88e007c6cb03ca1e55e3,1,credit_card,1,126.57
"04711aafa1156335ba1ea7f6f7b7daef",1,boleto,1,99.22
eb30ff356b044cdd6749167b9690434c,1,credit_card,5,279.57
dde801d2a66d76cddaff0a12600d459d,1,credit_card,1,134.94
"3fef122997c747784882689e6e812b2f",1,credit_card,4,125.36
a4291e3f3a5a6350fb7624dc6a892bce,1,credit_card,1,5.82
"7212b4060f681024f3a8fe5681df5389",1,credit_card,6,164.62
"2ebdfc4f15f23b91474edf87475f108e",1,credit_card,3,158.07
"6430ecb0185bdb039eaa6b867f26a893",1,credit_card,1,169.61
"83eb5fab753293927c17ab15fa582eaf",1,boleto,1,75.25
"682dc4cd6b8eeb68f00866564d1f546b",1,credit_card,2,73.15
"06ba91cdc30ac6c7181e933cf2135932",1,boleto,1,241.71
"574b6436062a78088de8066ee209f9a8",1,credit_card,1,56.93
"88a2f6f5ddd57a8da3f5ecbba9bede1d",1,credit_card,1,318.82
ebf83e24414af9b0250d34007320eed3,1,credit_card,1,90.84
bf375386af3b1f89486a565f182219a8,1,credit_card,10,159.27
"17cb23af289c0b034d217eafe2b2e1df",1,credit_card,10,141.23
"699d4a05ee53f6603330b248226c6fdc",1,credit_card,10,120.97
c09f32e7ba9b4a134455b36eeff8fff3,1,credit_card,5,57.16
"893f7dbf0468472c94499e6143a45541",1,credit_card,4,352.64
"11ab684b9f8c74b9b0652e6352d1906a",1,credit_card,3,99.70
"4cc275a83d9eace28626f30559570ba0",2,voucher,1,98.52
f1e8e2809f03ad9c147c0c8f6283c6b1,1,credit_card,3,37.46
"0baad26e1a67410a85b2b38558dade2f",1,credit_card,9,96.83
a237a4053726f92c2589d623da833659,1,credit_card,1,139.07
"7d000dae81f29889a65eb97b1a620949",1,credit_card,5,142.92
"2d26e963bdb342dbdae1fad7ad2ea511",1,credit_card,4,250.57
"1da92dd75ffc36cc14317d51cabcc67e",1,credit_card,8,128.20
"7ef3b5a97b46c5f804765c88b291d34a",1,credit_card,7,71.63
a6423bdf695471b0589a7f4f94685168,1,boleto,1,31.77
badd6d6cf755e89c81ba57457f8aacc9,1,credit_card,10,371.89
"32c94c00d713b91db6899722551375f0",1,credit_card,2,61.75
ffefb169ddf34cecc0622a6d3cc387f8,1,credit_card,3,142.10
"703028d4e0b49bc9632bb3b92150adb2",1,credit_card,1,108.00
"493ba21a937e956c5e0e4e26c9f1b7f9",1,boleto,1,27.39
afa4f45747006532ff507b1a527f6642,1,credit_card,3,205.99
ffa1dd31c0e1fd3a1248fe23238eccd5,1,credit_card,1,73.99
"9b0efb7141956726fa720e1ab576d4ca",1,boleto,1,48.27
"1d0179e06d705c4c8b0cccd7c58c30cb",1,credit_card,1,98.90
b4d02f5e2416f97c4879e0585170855e,1,credit_card,3,70.03
ea40649adba75ef11cf2a60cb45559c5,1,boleto,1,108.31
"5e2df6edba813cfb4d74bdccf9d13a2b",1,credit_card,4,97.87
"9e90d3417febc765dab430e5b13eba4a",1,boleto,1,35.77
dad0fb5cfff80802c2917a9bdef21bd4,1,boleto,1,24.86
a3f03305225173eb1cf3ea5eeb32e583,1,credit_card,5,51.84
cfeb6fba6506bc759791eafbf3acb0c7,1,credit_card,6,214.76
b6420ae713eeeea2dfa52750bab876b2,1,boleto,1,116.45
"900275f91d7995048467ce817caf670e",1,boleto,1,116.12
ad982819d59bc6c0fc50e08c0ee19e05,1,credit_card,1,55.74
e48b8d245a4e83db60a76367fe7ffad2,1,credit_card,1,173.25
"57fd8fedd552dd174321576bd4df11ad",1,boleto,1,306.23
be7bad1c9399c6a920c31021837891b4,1,credit_card,2,92.77
b98ba7d83dc0bf983c1c6b6fb5636b5d,1,credit_card,2,35.09
"28339865523dbb50062d7e3a07aeb27c",1,credit_card,1,22.10
"512f7787a2182fd11754598a2a1b4e03",1,credit_card,1,61.69
ba6c94c5c72b8ba88b0d92dcadbd4e69,1,credit_card,1,35.77
d568f094af70874d55d22a89e093fe18,1,credit_card,2,160.77
fef34b6fb683748342c85724a3fddfd3,1,boleto,1,199.20
dd480c63548e3c0b7219520e3784ebd2,1,credit_card,4,201.47
f2a51fb7a0d5651178c11509d8d98f5e,1,credit_card,1,133.18
d3cc9985b382ccfd773563453d506359,1,credit_card,10,136.52
efc21a26212414ea2383d5392f15f231,1,credit_card,1,25.87
"31757b95c65bd61af1af6d30103b64cf",1,credit_card,8,104.05
"852278c3a52996ebc578a49c8249d350",1,credit_card,1,145.66
db89bc4049910bb63611187321f35503,1,credit_card,4,220.27
"3d8e9d3181857e64419e3f61f40f9645",1,boleto,1,70.14
"54e52a2c76449b9a634705a5ae9684a9",6,voucher,1,54.23
"2504fffc2c378bdcd1a74f47fefd3a2b",1,credit_card,2,23.11
bf42ba647cf1164c3f1f5757b3f0cbd1,1,boleto,1,81.99
abb6950b59e799ed4f6b82c5b2266983,1,credit_card,2,42.68
"4a8fccc87339f7fe555c652c9e5e7c97",1,credit_card,1,132.02
"4d2d8a4224215f680cc5221011347401",1,boleto,1,132.57
"3c8fc3d2e9a8fee24a671599d99befaa",1,credit_card,1,160.76
"284fad6ff6974adc6de4153ed188acd6",1,boleto,1,193.79
"30556d57d6a8a68bbfc00619bceaeedf",1,boleto,1,115.84
cbb72509db819f7369c9f19d15b8c64c,1,credit_card,10,661.76
"420011ce3780f71ff75fc9d705144a9b",1,credit_card,2,220.04
"12ba6eb5ae5bb52161567bf261f9339e",1,credit_card,10,228.01
a17d4b0709e6ac90ab18c03c61224c26,1,credit_card,2,50.35
e282c4391c744da1e194f6c322f1255f,1,credit_card,2,159.52
"4abc7b5330425bcf9c2f7f48151a88c0",1,credit_card,6,144.39
d681e67cbf0c8f6d2b67a6b6871d7f50,1,credit_card,4,133.95
"013d92e415d1de7bf3b3b706f1b6d292",1,credit_card,8,204.07
"09a5c8d751662bfb96c5a3307619cb36",1,credit_card,7,376.85
"4aba2130d53fd001fc18322c94b58105",1,credit_card,6,138.65
f26ba1ada1565890a3a7a1529858e952,1,credit_card,2,50.77
d28ebfb129706cb5bc1819c31d1a86ff,1,credit_card,2,104.85
"07320b1c77905dc3d2e11126b143221e",1,credit_card,6,147.35
a57e4cb553fb02d95f5acfab1d068804,1,boleto,1,46.78
"4ab68bc41831caca906e6bdb5c94235c",1,credit_card,5,259.94
"5f5b1d126944364934b16114e999b59c",1,boleto,1,74.07
"0f559863677fb17eed36c4374e198a93",1,credit_card,1,52.34
e5bf502cf18eaf816a5cb7d036dd46c4,1,credit_card,3,148.53
f8965d92f9d8e18cd5d1a0e3bc9d15fc,1,credit_card,2,189.59
c89917453d2eed2cf55323bafe4bb091,1,credit_card,2,161.54
c23f148a1fe42b5117a779941b132011,1,credit_card,2,191.22
c10f283ced7431fdfdcc159b12344b11,1,credit_card,2,144.14
"00f6dbc6195397197ee147ee45607a2c",1,boleto,1,64.42
e15e937a644b742c6083b44d0f9a0ab4,1,credit_card,1,114.99
dc0109bc73a54e5a94b39f557da4916a,1,credit_card,10,143.26
d868b96ed53089f3a6e9b202ee041dbf,1,credit_card,3,175.87
fd87d98feff1673e27f7302bceb00cf6,1,credit_card,1,14.76
"0410ab9a8e8b28e6399bca3e89562f95",1,credit_card,1,39.00
"7290e4e9da44a65e4da02e797ec28037",1,credit_card,10,367.20
"402aa244b88b67e5cc97b78f03488534",1,credit_card,8,104.84
f85406a2bb15eead2488ba5e488dbaa9,1,credit_card,2,270.94
e2e85885a15f712ba00eb35cf5be7cfd,1,credit_card,10,211.51
"46f0668d5961419489c708d57e9e99bb",1,credit_card,4,64.43
fec5c44b191dacb759c39338c8c934a0,1,credit_card,1,2.98
c98c642afddadee451d6ca9822f297d9,1,credit_card,2,119.74
ebd33d4995d183ba4c6ed1e273816aa7,1,boleto,1,91.23
"3c9a3ff1e41cb58bb8a24ae6f6eea080",1,credit_card,3,314.21
"343784c8ebeaaa9505508f89e3eea256",1,boleto,1,778.05
"74e3bb00b7a683932b6fddb70716b39f",1,credit_card,5,96.65
aa5d6c8f531d300ba705fa1f78e02a9c,1,credit_card,1,63.29
dfee9d960da703c1db1d2e9d32792dfb,1,credit_card,10,280.61
"24431c493992b0cc6ade6cd174994395",1,credit_card,5,238.41
"15b8b016ac9b68e6737f1b5eefaf6bc5",1,boleto,1,35.84
f245cbeb5e2f1bb0fe643069bb2eee06,1,credit_card,2,98.35
"55dfff244bc5d5f81d58d4148062c9b6",1,credit_card,6,69.96
c1784d1cbbff59b5a789abe080cfaaee,1,credit_card,1,15.77
d49ce9041aaeaf29811918a0eb0bc7e3,1,credit_card,3,154.62
"771416ca662aedf861b2d6898e2be7dc",1,credit_card,5,84.23
"6fc04dd62f16cf5d1986c91166a2125f",1,boleto,1,58.60
"07ba523a0c48b0ae0920551684e13ab9",1,credit_card,1,130.16
"70c13d94aa6f2f57d27a7babb9f0d215",1,credit_card,1,35.36
b0228af1eafc5eff8a23e1d9257f33fe,1,credit_card,1,214.38
"8bec10779c439cbca16b5d86fae19f72",1,credit_card,2,69.33
"8c7d20a74234353d921ace530816e2e5",1,credit_card,4,233.93
"916fdcba975b61d1b124bc2e79b2bf87",1,credit_card,3,97.24
"8ec58bc9d39789f8d32575cc5ce0cf0c",1,credit_card,8,217.94
a6d23aa5f1190c09129345b363de8e37,2,credit_card,1,54.43
"201f31fb8c21cbe559ac45d1de5f4392",1,credit_card,5,1626.83
"6f4c8d69711bba5c237e9a353acca903",1,boleto,1,48.13
"710b84dc1017489e8e2cb948c9addae2",1,credit_card,3,114.67
e76334c93e9af507d48bc63dba788ae1,1,credit_card,2,61.52
"9d440eeeb611d4b50ec1cee0ca410507",1,boleto,1,31.75
"700e518b5fbd250d76c38bbca154a193",1,credit_card,1,127.69
"156caec56018baa2f6c72fb6e88ba840",1,credit_card,1,36.00
"640ca05ba049e9ed749671747bf9de74",1,credit_card,1,215.82
"7508033c7fba2328d96c7760f62318f9",1,boleto,1,166.78
"9bc75a6264272c1cb4cffbd286cf39e4",1,credit_card,3,195.01
"3f14ebe155866508ab24849e541695dc",1,credit_card,2,186.62
f7b9821d83a86f942cd40560f3c06622,1,credit_card,8,419.06
"5f787bb3e0a01a4f347192157c036791",1,credit_card,4,82.55
cf08d69c4cea9709409621927e2e41fc,1,boleto,1,45.00
"3114c613f929e41052d2b64661080c44",1,credit_card,6,130.01
"032b42b17fe9daa676ba9447f3dbbd0a",1,credit_card,2,62.00
"3fd855fbfc51b1fc63f68bd33ed6d9b8",1,credit_card,1,18.02
"97e8d3eb8f48e3610beed991e5f32296",2,voucher,1,32.40
"295f86e82a2d290cce6aef6009b55fb6",1,credit_card,3,57.99
caea6e101e14d01d432ac29659dc6db1,1,credit_card,1,49.53
f9a854036ac4b94b1a7f20abb47c8259,1,credit_card,3,199.72
"7c191e583fc264b819bc71653e4fc229",1,credit_card,8,338.64
"9e7298f5bfed83404b628b69f965c94d",1,credit_card,1,28.00
"767dd7bdeb5f5d8f1840145a3e898bc2",1,credit_card,1,12.89
c90f87f78dfac2717cdb50f16fdd734a,1,credit_card,2,163.89
"4021cd7611d6d9ce5ffcd24817fc374f",1,credit_card,10,143.21
"06e084d4ca3391eeec0a110051d0cb29",1,credit_card,1,47.00
"02dade411839b1c334363dc9058e1124",1,credit_card,2,231.39
"5559edd02dabfec0a6ee808960297d1b",1,credit_card,7,104.37
"6cadbcdea4da5368c7a801ce027f23f1",2,voucher,1,109.83
cecdac61b34706beb4fb0d9a531082a2,1,credit_card,1,258.70
aa698ace16422e85edb8c567ab9a2bf5,1,credit_card,2,50.14
c78fd57b912d62acf68d11da7a7c500b,1,credit_card,1,36.69
def5b47a9585ea67e7bd9e1a6aea217d,1,credit_card,3,95.11
"1057bf6391c17f9b6960dd996029e1dc",8,voucher,1,9.46
b37a7e90838d63c38152d2f8c432a726,1,boleto,1,475.42
"25f4849a6afc2184f9c368d736e18341",1,credit_card,8,265.73
"4e17321027fcf580e55650d97c85c775",1,boleto,1,67.36
ffa93f1bd7c0039af32324fa5d3cf1e6,1,credit_card,1,37.61
"1b506ab4d2fae3d70d95f8d0a4d8d094",1,credit_card,8,195.91
d11a0846ff37738d645b1f4f2537e527,1,credit_card,4,49.23
dbb0da1abcce904dc52dd60ae31d5c12,1,credit_card,1,0.89
"272d40214dcc28e3eea31bcdb4d1f55c",1,credit_card,5,59.60
"3474ca488caa4b58cbe37399ee9d4230",1,credit_card,6,552.26
a5f564e5fffa9a534cd9ffe566e48154,1,boleto,1,2096.14
b2c72ea40cb81ddf115a20b5e8fd1618,1,credit_card,2,77.57
c991b8532e7abe41bcfae9b0ae4e8f45,2,voucher,1,48.53
"9e104f0ff212612755b68a316b86ffd8",1,credit_card,2,93.12
"79aa7bf1529cb1d285df4ca588fc4a07",1,boleto,1,32.38
"63c92634b4aa9841e6ef2be29bbebd77",1,credit_card,5,72.53
adc5d4b4ff1723e6a68bb73bb1eda4a8,1,credit_card,2,102.03
"46e2c9316a4e671b4b4ffb25154c28c5",1,credit_card,8,153.96
e549600509a13c599199c6fa86fa836a,1,boleto,1,295.61
"2b0451c2565c2a5b746a0871790bb48d",1,credit_card,4,101.14
"98c960af25c3341860e320f6780f28ce",1,boleto,1,126.20
de161a8bf65f0031f67920312df2b0ec,1,credit_card,8,634.83
a427db09dd194740f13a3a2c7bcf38bc,1,credit_card,1,70.04
dacd9ea86285f197d0b7495e8af14781,5,voucher,1,12.34
e77b736410809924bdd6ceea09559cfb,1,boleto,1,34.00
"0b06c30e567314a9dd1c74fab08ad81f",1,credit_card,1,68.44
e7e818ad5eb0eddc4d7fb9bdade265dd,1,credit_card,3,166.20
"4e3c983f32057e27037663715a3fde5f",1,boleto,1,63.59
d24dbc3d60c85b438cf1b65a937572e3,1,credit_card,1,174.70
"9100fae7ed5a8787b6d4a9e50ffbf273",1,credit_card,3,70.12
"2b57b14ff0ef2e1af9f426e11610babc",1,boleto,1,49.36
b76190a2c095fba255ab46987545a660,1,credit_card,12,263.24
f19ed9e82448c0ea39e80dd4e3ac40cc,1,credit_card,1,57.21
a146cb08a9ef742c36b2e4052d3a24b2,1,credit_card,4,277.22
bdbc09409e30b5ab9defc74def1e58d3,1,credit_card,3,45.49
e3f0b66713db4b7b5104d6fd00701b16,1,boleto,1,50.73
"07528311766b5aa54d193747c66663df",1,credit_card,4,190.98
"36b8c4e12c328ee0e0f34e9ef635852a",1,boleto,1,98.54
"20f7896699fcfe24f3b5b2ae54899d2a",1,credit_card,1,35.77
"05426618bfbb87e04fdd3a60a5bfef38",1,credit_card,7,385.74
"22a2517a6ad37a1c94d5b7a646e3f168",1,credit_card,2,116.68
b904f1d4eae5c3b0b494496e96606528,1,credit_card,8,83.55
"694e3d121f16bcbb9b4595b6c6ab3baf",1,credit_card,10,2732.06
"460eec79907c666bcac2d1a397907b2b",1,credit_card,10,279.17
"72e28e81cb034c772982da429eca530c",1,credit_card,5,371.32
b3ff0769befe096a6da428d9991321bd,1,credit_card,2,23.68
"845d8a54af235bee2c6f64f11c13c9cb",1,credit_card,2,114.74
"8a302d5e7a9bf8493bce42dd0d629643",1,credit_card,6,307.69
"61db74d30d7bc786bf4d981764f3e4eb",1,credit_card,1,153.72
"142b64dc3a09842572df17bdca68b5f3",1,credit_card,3,256.43
"8f2e84cb21fcbe7e95d12e4f0dc80487",1,credit_card,6,64.82
"84295d74f40adb034c954659df22fded",1,voucher,1,78.09
"3137ad5aa5e36a39d95147f1e5678290",1,credit_card,1,111.27
"5290363ff55b49b6310cf80238d88572",1,credit_card,1,54.00
c9359e6f27fbe7d1397c40031341540c,1,debit_card,1,135.82
"5b2b9ac65739f66309f4ca13b999dc19",1,credit_card,1,35.13
"5919e9d15d8693529eecf3b5fcdc7327",1,credit_card,1,89.55
cf37a6688914645a71144b349992b4d9,1,boleto,1,324.88
"31da75f0c78b03d446ea7342a6c002b9",1,boleto,1,179.34
"33a34707fe2e887e67e5d2a555f13c47",1,credit_card,2,69.76
b64e487c58e0790f34911fc9b7939827,2,voucher,1,52.27
effc9e6631c38d99b27aa80a46212314,1,credit_card,1,69.64
"92b6dcbe80525761dcdfe87e9acf0ef8",1,boleto,1,119.66
f3bf8da6fd4b735f85852c38ca15e90e,1,credit_card,10,258.29
e56dc70751e30dd4008c762ed6be2bce,1,credit_card,2,173.27
"2809bdf222a943e3f8f49ff324724f43",1,credit_card,1,55.37
a184881e0110ee6bba45e5ba8287c638,1,credit_card,4,217.78
"9cd76a738c425b55aa860a6c5e469857",1,credit_card,3,151.06
c6d5501e88e1bdffbc13792a7f4dadda,1,credit_card,2,156.30
beee47428ec6a6984d07930d75eb3c17,1,credit_card,1,147.37
cf5508a6ae55421646b0683bb605ac74,1,credit_card,2,188.28
dd6e5859df4016efe3a4c9979af4ee90,1,boleto,1,145.12
ccc1762fa4bea334f80983e3f3a933b6,1,credit_card,1,2.62
"20c950b58c4d3cf3df11b319f493242c",1,credit_card,3,1564.07
"1aa53856bbf007e716eab896ddea3187",1,credit_card,3,220.28
"20179c04ba0e2e024542349ec1d5d263",1,credit_card,10,645.26
a75dc59fb32aa2b2ba7db8573eabd774,1,credit_card,1,46.39
fc9478f69096b445f096798b968fbbd3,1,credit_card,1,31.58
f548b0d880ad07026110a7acc47f77c7,1,boleto,1,68.89
"9eff67e8c9f0810c3ee0038f915a84de",2,voucher,1,19.15
"8836e9da58524060994ead4403874ad3",1,boleto,1,75.17
"1b0816f005179796807a9b23f4c2df11",1,credit_card,4,215.80
"7bda50539ea6db7dbafdd8ef17ed726e",1,credit_card,1,27.78
f68394e0df67be098e9ed2a84109e7d7,1,boleto,1,169.49
"1abbc8bf93e9e4ad7883860cdab7c6ac",1,credit_card,2,148.97
"8ac8caf128f503ff9cf86d1838fcd2ec",1,credit_card,2,254.83
"87993df58718ae05426e9b6fb1d838ab",1,credit_card,1,268.62
e1a052031a62fc3bc7f2bf2d15241785,2,credit_card,7,145.72
"8915f28a46b2efbff3bea6e8b1981fa9",1,credit_card,2,127.37
"7fd6cd7e778c71e9b3721599948c104c",1,credit_card,3,77.54
"901b7d3834c0b94a93d48cba6f2e3ce4",1,debit_card,1,134.93
ce399271de0275f62753cadf440e3012,1,credit_card,6,88.45
c93147c4c4e627feb6483c04a7111bff,1,credit_card,1,121.17
"40e1718e2f960a6ef0a449a2d62c8684",1,credit_card,10,167.90
"7a47100118f6775bec039a3b87ddedf5",1,boleto,1,99.32
b890678ef6e89550a3a5bc432c3ce744,1,credit_card,4,96.22
"98dcdfa3731376c88320c83255bf0f3d",1,credit_card,2,84.85
"0f758f5895563ce1892043bc8f17dda1",1,boleto,1,317.40
f62c7996783afdbec5f6c8afc0c8a040,1,boleto,1,44.46
e4865416690d1f1fdad49bc94f871de6,1,boleto,1,49.64
ded777e28f1667b9bdaf988fea71c2fd,1,boleto,1,298.58
"9baa5b4e68d86c9f1694e1598b543a93",1,credit_card,1,85.73
e70079a333e4ddca8787daf05873a6dc,1,credit_card,7,72.68
f0a770154db0fc38aef8c0f380de88cc,1,boleto,1,24.69
a6b1ef6078eba08fce9fdc3263d690c1,1,credit_card,5,54.51
"083dcb43c3410ea112ed46dc5e8f6674",1,credit_card,8,492.08
"1f33cd6b71508145011dd5552fc289d4",1,credit_card,2,77.29
"5829e8dbf7adce16a91e4ba7e8c1e4e0",1,boleto,1,68.20
"8b19f852c0580c73cd463337086a312f",1,boleto,1,211.00
"951f737376475cd4b02bca8286f30a29",1,credit_card,1,39.75
fc5d5be2bb37da8453e5496e7fdb033d,1,credit_card,1,125.66
"078e048ccc8dc8b449dedc064b860b0f",1,credit_card,2,74.03
"4b27760ac4ae035083d524268ca2ea4a",1,credit_card,2,190.44
ad5d83949a78b7f4a88b59f991bce882,1,credit_card,5,235.92
"869548743b57fc4906baa944c448a644",1,credit_card,7,77.57
"4908cfa4f81ef32d94f2394f1cfbedfa",1,credit_card,5,148.45
d26d3c2ce95e774ffdc61670435851a3,1,credit_card,1,77.57
"77543b2e8e994aa61c15ac854bc7a7d8",1,credit_card,2,162.06
ce6a17f5fe1a2963955fbea066af332a,1,boleto,1,259.03
"4d7cba9ac539bd48f7fdde25ccbf3eb2",1,boleto,1,165.70
a74cc8a52f06a253c4da2c17bad5795b,1,credit_card,8,151.18
cf838b10d965c765a75c4f6f17bf645e,1,boleto,1,143.73
"2c1f8fd9aa5f50ec17f4c95e52223a3a",1,voucher,1,20.00
"0bcb914e60bb0de6160699483722bc0d",1,credit_card,1,54.76
"46aecd246f390bf2157edfeed11b5433",1,credit_card,1,126.23
"2aab860630cc1798482e942ad176f05c",1,credit_card,1,151.60
edb81087bda65895772e72d1a5daa686,1,credit_card,1,75.17
"2ca97ee9ac987bf566133bbde9f82593",1,credit_card,2,160.47
"9b2444e525ad45d903e5e98de8665975",1,credit_card,4,123.89
"86bd8f13f08f856936e7b6c676445c67",1,credit_card,1,80.81
"882d0ad1f2cb3bb80acfb9e6667be1a7",1,credit_card,7,299.20
e26e9f6ac81aba6e29fb44def001d695,1,credit_card,5,51.37
c5b1a5d21958f98a0c66114d622bc0ed,1,credit_card,1,39.11
"812855c58b365035c104626bd744eddc",1,credit_card,2,132.69
"9c9f7b0c21d98c81b75246bb758c386e",1,credit_card,4,287.64
"922a3f761407bb26eca665bf67d18744",1,boleto,1,53.95
"228854f82259e0bcba1d3a55fd6d955b",1,credit_card,4,217.64
"31b82ff746d73aeab9bc070c10156273",1,credit_card,1,82.33
a57f58fe155a76bf2ff1401b04a7ab33,1,boleto,1,42.89
fa65dad1b0e818e3ccc5cb0e39231352,5,voucher,1,0.66
"33df60e3cdba3ece1009971fb2642792",1,credit_card,2,163.39
"2cce0ab2d6614c249034fa8db2148498",1,boleto,1,33.84
b843ecf0468cd0f373c436effbd6f37f,1,boleto,1,39.17
d9be5eb6e572c7e2a77db678c9d79aba,1,credit_card,8,205.64
"99f1f94626984c186485ce94d7ebe634",1,boleto,1,50.51
"5f57d407fe28bd1e4601d998f6caa58e",1,credit_card,3,150.83
ea402ebc995cf3c736876cff354a896f,1,credit_card,1,64.78
"2cc8baa61075bfd10b12feb5c585349d",1,credit_card,2,145.95
"0d4c211b72251b5ab768bcad1228facc",1,credit_card,3,81.11
"447e7d42d8715bfbb6336d2dab784582",1,credit_card,9,95.40
cf954e7391c1981cc9090267aec67ee9,1,credit_card,1,74.94
"2a898874fbdeadc5df2ea8a0b01b85cb",3,voucher,1,17.00
"7892114ce9e8834d860b44a782ef9af6",1,credit_card,4,41.78
"8f36df2bc6e5ad22c4b9a86b42da5cd6",1,credit_card,2,163.69
"11afac295480894b1dcdf9cf95815731",1,credit_card,2,123.25
"76ee52772850236ff2a3b3a6b32f1cfe",1,boleto,1,53.00
db0bd04c3beff2d041d364ce8d96b2f0,2,voucher,1,100.00
"35dc5c3a87f9e9cf93676b98d4bc35a2",1,credit_card,4,208.63
"199252c8392d7a5363c63e239086c091",1,credit_card,3,99.00
de62c623a2a61737b9657f43da8be923,1,credit_card,10,556.01
"21b040554a153e4deafd3f3faf6e9b60",1,credit_card,2,221.47
c716cf7b3e3bdc07c0e72acc2b182b99,1,credit_card,10,622.16
bb7ae981de452cd0404838ff44ffdc79,1,credit_card,8,114.92
"197206acc133317e6322eaab5f8e6937",1,credit_card,9,95.77
"2ab3c22d797ae5a4199d53021ac9e78b",1,credit_card,3,66.80
d4dbf57d426f53d8324bdd93b74642ea,1,boleto,1,35.79
"00e7aeced1d61792368ec7bf8b967a90",1,boleto,1,58.70
"651f3bc417a577611931ea497854b0d6",1,credit_card,3,105.38
"8d92a85b0ecdf7d7b3807474390ee2be",1,boleto,1,102.03
"7deef94321f75bede64577871cf3147a",1,credit_card,2,29.42
ecfedc3b6324cb92d08d241268a15046,1,credit_card,3,99.43
"8c6a8f98b933ff47c7aa8404079d9136",1,credit_card,3,63.39
"54da7175584d635f528324b1098ac57e",1,credit_card,2,66.60
"2ca8aec06570512711a574eb7b961321",1,credit_card,2,73.43
"4ec57b5a1be421a2a793a22237120c24",1,credit_card,1,75.51
ab5f88ecd8bbfe5386a0b5687ee8beba,2,voucher,1,44.53
"7a84719435249bba3212f78aafb8ffdd",1,boleto,1,63.10
"78a883974d6c4d296a7c7ff7f784a1d4",1,credit_card,5,182.49
"7fdaacb6531a303bdcfd48de1512a7dc",1,credit_card,5,470.48
"33f11ddd5042dcc18008c3f804d67a7c",1,credit_card,3,661.43
"00310b0c75bb13015ec4d82d341865a4",1,credit_card,2,55.28
ea764419097374269907e79452553f51,1,credit_card,2,44.24
"87e83011a777a162b7aed42805bdd778",1,credit_card,5,117.85
"48ae7c42ef48317f964c51175915407e",1,boleto,1,32.37
"4ab88da80ca7e44f4ef0a97cc756619c",1,credit_card,2,194.12
"991b6f0cb448175a229309dd55699710",1,credit_card,2,63.42
"6b37f541eb6753f5383147a84d419d11",2,credit_card,6,68.71
"0af058fb1b7b4ee95c3c2e1ccb9ef743",1,credit_card,2,24.83
"650fcf3e2908208ae23c6c93706c50d3",1,credit_card,10,990.45
"37d13d0bfc39d14f3e61c410340c93ae",1,credit_card,1,45.00
ee88bb223301673ac86437df9974b25d,1,credit_card,2,68.64
bf855e7e3d03c67755603ee3ec6f740a,1,credit_card,1,77.57
"03b218d39c422c250f389120c531b61f",1,credit_card,5,58.03
c0665ed2f7f0863ace91af2cd95bd4b3,1,credit_card,8,475.20
"3923f314508399815f3a29541ae99a2f",1,credit_card,10,776.84
fa4646aff1ebffa86487953e4143125b,1,debit_card,1,530.71
d4bf9a6552dbfc7f1b2f6abbb1028b99,1,boleto,1,22.77
"126db85298f060d1b6fb6d032fd2dc06",2,voucher,1,69.96
cb59b92296f398684c3959ad783f6402,1,boleto,1,84.78
f1eb378be592a06b8c3c6006b7d7102e,1,boleto,1,57.68
"40c4ddc2d5c871c28df2d3f804f02340",1,credit_card,6,137.31
"43960d2cd4437218da00d3b8e83b2819",1,boleto,1,91.36
c3e32e69bba7c640697cc4ac19936113,1,credit_card,4,137.41
f7e76d88532589dec3eca969d70af654,1,credit_card,2,42.12
"0fbebd49386dfce3800986434bc990c8",1,boleto,1,303.19
"917c3737170fdfa7475759fa178ebbe1",1,credit_card,1,75.17
"75e7e33e52d884da90b436ae1da13be5",1,credit_card,2,127.92
"4d890e83adf9bc9532d53b2227e92c7b",1,credit_card,1,122.01
"8256266a3e79c5c11593977b92fe7b1a",2,voucher,1,54.27
d5a56dbd4116a2322c80a3fb1e2f1fdf,1,boleto,1,195.91
"2c6b178947f5f631ec35f2a04c65c6d0",1,credit_card,2,115.29
"0ebf39cd91e6c7f650db30a438805518",1,credit_card,2,117.76
"1af47f4805c833e818afbc304a27de73",1,boleto,1,182.44
bebd919bf27a323f7af0bf4a0133ca16,1,credit_card,5,198.53
"7beff063d9429757063beaf91965672b",1,credit_card,2,72.99
"0710ec94ade6724b0816df78ee4e689f",1,credit_card,1,10.81
"6139a798f92b14ad667f3a8fb8f78c4c",1,credit_card,4,86.92
fd867bdd8258af11c6d8d6ff8c6c82db,2,voucher,1,15.52
"99fa6518deac14b2890b49d1645d64be",1,credit_card,1,95.58
a916ef54d66196808d8852471ef39edf,1,boleto,1,43.98
c617d0b68da07a11637ca641f467fb9e,1,credit_card,1,195.80
ca3462ab47c1f63763b386ff9376cc1a,1,credit_card,2,103.55
"814948d5529f58dfc7bf33ac7f6adba4",1,boleto,1,147.97
ea6967715bded6f2bef2c472c1f46939,1,credit_card,7,161.45
fc819011d69f31560ff010860a8f0b28,1,credit_card,2,206.11
"2d695e0d0fe5d863c921713fdc1faf7b",1,credit_card,1,61.33
"4d88d13cc873bc02567931e0c1725dd0",1,credit_card,2,26.77
"81f8f469c9ebd7916d4d35d7b379127c",2,voucher,1,50.00
"25807a51c61f06771f0f60e39ca18c34",1,credit_card,3,48.22
"89f3db58a5290d65a2f5a8ac62089da4",1,credit_card,1,136.60
"89aa569daca24dc756b7e9c962621bf8",1,credit_card,5,118.17
"83962168dce2d06a69a7e27082962069",1,credit_card,1,42.69
"544238f04f24765a69670a0195dc23c5",1,credit_card,1,86.15
d1543ed643aa74672a7cb5a650e3fcef,1,boleto,1,107.94
b6cf32bbf714e2bc090814145da801db,1,credit_card,1,70.12
"5caafce59fc6edde8a3ebb211bc3d980",1,boleto,1,73.86
"9b4fffbb9f849f5532c6fa81e6769892",1,credit_card,1,86.73
"3a129877493c8189c59c60eb71d97c29",2,voucher,1,36.88
"160785e29f32dad981f631989203a58b",1,credit_card,2,148.22
db2bd06455f798cb0da8e649c3aa06f9,1,boleto,1,97.81
"415056cb7470ad427166fe14005a772a",1,credit_card,5,59.12
feb6795b3a5f345c10e8e4a7c6383130,1,credit_card,10,224.10
"0d922ec2be9bd5e75e225b6bacfdc4d6",1,credit_card,1,34.95
cdd1432a23108f3aff0acc23792b8285,1,boleto,1,218.37
"2377613b828f1d12f44e8ee282dcd85d",1,credit_card,3,964.76
"99c0817d6ecd5fe55d21540917f1f5f9",1,credit_card,1,64.10
d11dabeea9817f9d7233bf03790d2f25,1,credit_card,4,105.28
"113035b11296fba96615d97215b9e301",1,credit_card,4,148.18
c69c8612c1fa919f232d370c41cbffd7,1,credit_card,1,64.51
"577cc3d29287f353a670e93406960701",1,boleto,1,154.92
"7b966a23d891f3f129f1bd76dfcfced9",1,boleto,1,82.43
"22dd3a753c65e7fcfd78f61a4ad7b32e",1,credit_card,4,120.28
"54ed1bff3096b6570d2b11064cd13e46",1,credit_card,7,100.31
afe95b4aa87713712a0e3d0997881577,1,boleto,1,77.80
"33204aca443f9855e3b8451d179a81a5",1,credit_card,6,74.47
f84cf1b66945f7dd5a8f3d20d06a875c,1,credit_card,2,71.62
da629b3afcafb7c28c25b747594e4a43,1,boleto,1,324.70
ce3a36c0bcc4edf5c49a0a29b3da3963,1,boleto,1,109.02
"4daff85e0d1a3a189c1303c9ade1c4ab",1,boleto,1,174.96
"4aedcb4bba7bd4df97054bc2c6de7aed",1,credit_card,8,591.54
"64a812d3c23a4c2da0e1fb5a70e2a23f",1,credit_card,4,187.92
ae4449c7c1d59db87e06f5758946907b,1,boleto,1,38.42
"98c9c5c7df242bfccd1ad3510eff89f2",1,credit_card,5,801.11
"9ec74bf72142ae60bcda0241adf1b4d8",1,credit_card,3,163.25
"86c8154436a001a69512c9275126aea8",1,boleto,1,276.57
e900040d6974a5afa661621dad127568,1,credit_card,2,130.16
d0efbb6a217254d95a9e6adf0e0454af,1,credit_card,3,772.40
"45494452d88e4597bc50ae8584a54eef",1,voucher,1,60.41
"793a1da0431a53a517bf77cc596a9d7b",1,credit_card,8,213.54
"08bb3532c9b969bb6a46f98fc5507510",1,credit_card,6,773.25
"52e8d4898a4cd3b8234d0db5502b382e",1,credit_card,14,142.11
b0fdd351585763ef1abb582c19964a5b,1,credit_card,3,66.73
aad88050b26c8f49d2bd3c87af5b7b19,1,boleto,1,132.49
c5989f8c23c011b7b23df896a51fa92d,1,credit_card,2,64.51
"2def1756e81beef63b300f1bcfef83e2",1,credit_card,10,152.38
b23dc118eeff3026e4439226216f5246,1,credit_card,1,34.10
d68f3a6decbb8a868a1a87c33c9f50cd,1,credit_card,2,108.16
"711ae5df08388b211a1d6c1f7ae09e72",1,credit_card,8,344.84
"5fbe2cf3289a1fade6523b8745d466e8",1,credit_card,2,41.12
"2e740ecc4d15abb7cbef29f843b39942",1,credit_card,3,37.77
"96ba203b82627b53d6797d030b330274",1,credit_card,1,93.17
"348af6f0ccd66ddb6e724b8fe5547368",1,credit_card,2,42.39
f08fc2a6ab902c89cb3ceba4c9daec6b,1,credit_card,4,127.92
b5f7524b957bdf9bba63541b933c1fa9,1,credit_card,2,148.49
"687fefbf639ccadb9ffe1510229fe531",1,credit_card,5,83.46
"3ac3c69a0647096dc7f014eea6749574",1,credit_card,1,53.88
"43124f0bf70404231018bff9b132a297",1,credit_card,3,189.76
"1388a23b57206bf7673819fd3a30d4de",1,credit_card,1,89.96
"88977dfcf102823ad37bacf469c672be",1,credit_card,1,189.42
"345625d410ef234228a46a946a414f7d",1,credit_card,4,385.67
bbc7d177c97f61d86a7486d86ed7a8b2,1,credit_card,1,10.35
d2a94b559b24b1de56f07450701095ff,1,boleto,1,192.09
"772db764b3c3c25f4bbd8ff9d4f5847a",1,credit_card,2,27.49
"2901c587ddc2733afdf68e81b98d2c0f",1,credit_card,2,475.00
"64a34c8ee5041e4d48d904db6dade006",1,boleto,1,30.00
c3c0e7587d66bcf58716f519854150e3,1,credit_card,3,184.43
d18824f4c7dfc9d5725eaec88f267ea3,1,credit_card,10,304.73
"5bd12089d3beaa286c0faa3f596d0c89",1,credit_card,2,40.68
b405945d4c5330b5ba8f892602e7d9e8,1,boleto,1,476.85
b2cc014ee51b0ca758fa72abdc54d199,1,credit_card,2,183.26
d2570454fa1bbea98db582b76abdc800,1,credit_card,1,58.91
fcfc50a9520809adee86b167b0cf297e,1,credit_card,5,98.41
"5b244cf7290c20fb5ffbdefa2845cbf0",1,debit_card,1,420.25
dbdf0c5c635838a46d0034dce3dc646e,1,credit_card,3,65.87
cee3292f46ede6ea1dfabfcb200fcf47,1,boleto,1,186.38
"767f188a65e841e610f8a69e129fbdea",1,credit_card,1,55.00
a986f64af20f1a662c8148f3608ea8df,1,credit_card,7,76.72
"5b4251adca774e23a1d0d74ae856a44c",1,credit_card,6,338.10
"87ddbca935f5971922d9f64a5b8a250f",1,credit_card,1,121.84
"83a2c8f38977e68d54c3c28a49c6cb99",1,credit_card,5,122.19
c1242f927f71ac91fcd9df26cdeba9fa,1,credit_card,1,38.12
"8d1a2d41aeaade25066693b149eb294b",1,credit_card,1,185.85
"6948d508c3ef371871d70a9ba491c336",1,credit_card,1,210.11
"7bd4e2449b48b17c96f04de5349e06bf",1,credit_card,1,37.24
f0a35c83ab3251347b674f0f3e0d01f1,1,credit_card,3,106.84
ce330ce003991988582d2fac28b901df,1,credit_card,1,80.01
d07d8db4850966f820d3775360ccd6b8,1,boleto,1,148.15
ac7e043e7f3ef81cfd073dbaa2f248ac,1,credit_card,1,52.01
"3fcffc1b6f653b43f6ac98b51f2735ea",1,credit_card,2,78.73
f562fcbc87b8916bfaad4dc4a8db933c,1,boleto,1,223.57
"1f1b93186b0c7281daf8f6c6145279d6",1,boleto,1,48.71
ec68d155d466ea0d763c7ae6b1f7b360,1,credit_card,2,71.82
"4cc5e8564e986df9c0189d125236a10a",1,credit_card,8,224.20
"936979ce0687947765e88fe5fe1b741e",1,boleto,1,135.84
ede16745f047fc093b284c4947784851,1,credit_card,3,39.54
b83fe0e59b384422cac91db5d32e1835,1,credit_card,1,29.05
ec0112ec66031380d1782e0c3cb08fd3,1,credit_card,2,99.89
"43f0d057f0850582f4045651805ef133",1,credit_card,5,270.07
dfbf71de5b6a2870e87371cdadeb828a,1,credit_card,1,44.03
"3611d4d344fa0dac68f00c56184ae7c6",1,credit_card,2,76.57
"1446ae966d68c3abad1ca3a3ce58033e",1,credit_card,5,1404.24
c7a4d51facd152881353d10029119a40,1,credit_card,2,148.15
cd55a3824ef5413fb6fedc755c75fe39,1,credit_card,1,380.80
"78eff39e81cd88a03dc278396f3cee15",1,credit_card,3,37.86
"31f2b7c70b716879e5c4080ef87f20bc",1,credit_card,6,67.36
bfb074fa3d43b5b13e7a67203ebdedf5,1,credit_card,6,173.22
"77e356fe102e0bcabbd2bd066328f801",1,boleto,1,246.91
"41a1702de429a9f03364932da1ff1986",1,credit_card,1,0.24
b20541ce2d6f4c7d3b204035f09ea681,1,boleto,1,82.33
"4ac6c70cf4994485a30d7a2962436b7d",1,credit_card,1,20.28
"76733b53268aeb701189fb974dde101f",1,credit_card,2,113.44
"7f7b3e8f848e23fbcd3d2e096d12ef94",1,credit_card,7,73.49
"6fdfefccad3a0118a8c8957249158771",1,credit_card,1,88.08
af2bfbdf0c8be1e12b54c65605a0214b,1,credit_card,1,64.56
c1316e479de7898b749066f40449a05f,1,credit_card,1,351.69
"464fa85d33903ce6bbc98bc18223dfe2",1,credit_card,1,243.86
ffc730a0615d28ec19f9cad02cb41442,2,credit_card,1,12.63
d71fc3033bc27e81b5a946294eb577dc,2,voucher,1,50.00
"5ae8b767398571b52ebd97dda7f3569c",1,credit_card,3,236.79
b2bcb2ca559e7f7cec2188a6ae542e87,1,credit_card,1,75.29
"603ce2ff199feacf630d9362b570e57f",1,boleto,1,40.84
"987430b7ddb6c5c4a9a83505e40a5f4c",1,credit_card,3,84.23
a9016dde97a6a447890dd748aa844b85,2,voucher,1,20.05
"1b808946f01b032c2ff882e814352ef5",1,boleto,1,65.09
"0462bad26ccfb8508951beb9ea398ae1",1,credit_card,4,169.51
"33d85d21dd088cf5ed7a5611d65853e5",1,voucher,1,153.69
"668806d98daef95d0b00c461c8c4afc3",2,voucher,1,100.00
e8ddca0d6240b571472906ab8a331f85,1,credit_card,1,48.87
d2c6edf0a1bc848686337236f623d79d,1,boleto,1,128.10
"5409cdf5d7f44a620466f80570fade10",1,credit_card,1,57.51
e6461bf12e723ae0324f5248219b54e6,1,credit_card,6,304.50
"3e452a4a4bd5289e081ae210352500bd",1,credit_card,10,131.73
ab1cc49978a6bc3ae6e76e0d98f5886b,1,credit_card,1,53.96
"564cffd60596c7076932fbeadbc7b898",1,voucher,1,110.00
"8a6871df7fc00fc959c5bcfc7160bb29",1,boleto,1,36.77
a471d7920ba6d0cf639d0d0cf7fff25f,1,credit_card,4,86.22
"9ed5fb43923ff520458d675521c4f9a7",1,credit_card,2,86.81
"6d204580ed48ecaf67ad0b21a778979b",1,credit_card,1,38.93
a97b999bd1190a8e2cfdd7c54b9f76a8,1,credit_card,2,132.82
"3018cabe571cb8d2600f671021243e3e",1,boleto,1,70.07
ad6e2d7ca4c63441edb8d4ca6d5c2b21,1,credit_card,1,28.00
"3030ecce41acdc5bf51484698b3d8fe7",1,voucher,1,157.21
e7b01e38e214dfdeaa5c9c98f911a7e4,1,credit_card,10,144.29
faf1c7dc5723c7925924611362802505,1,credit_card,4,47.03
"0c69307b707522f4bf7267c44d06e182",1,credit_card,2,137.61
"137ff6c1df388f6654474819ce9aacb9",1,credit_card,2,40.22
"1069874467b6a425853288c450f68fc9",1,credit_card,4,40.95
f32297601abbfbf31af1384e85636bac,1,credit_card,1,92.30
"0c5d85fbd4b20a1d9d5fc6a29e739f36",1,credit_card,1,50.80
ec11881853e796528bad66eedd44c7b3,1,boleto,1,260.50
"26ccc2faacfa3bde877ac3d843a8eefa",1,credit_card,6,68.17
f88acff83deba351d28bbe79c34eeeb8,1,credit_card,5,59.87
"5c1a1b1497c648a90f29778a4fdfa2f3",1,boleto,1,67.70
"906a4ea26826c20b9b184b9e7c92c7b2",1,credit_card,3,246.04
cf5bae440125a8f7eccfde72d25e1913,1,credit_card,5,161.19
c87c029dedce9ae21aa8cd97464af0c3,1,boleto,1,101.06
"47960ca020072a5fa5a8371f0efead69",1,credit_card,3,114.79
"183f2bb10e984acdee08ad34070ebf69",1,credit_card,2,39.60
"260ec445d18b2120c8ab6f87ecae2a1d",2,voucher,1,91.17
"7d6c4ad2ef9aa4fd39883634d870fef5",1,boleto,1,46.78
"2591661e8952477c49e9efd03a319cfc",1,credit_card,1,37.75
ecfa045372b27e442363234001d022bc,1,credit_card,2,173.88
eac1fde2c419db91e5e85525ff33fbc9,1,credit_card,4,40.62
"7c1c5e8663c5ad8301107e55917a3c5b",1,credit_card,2,118.72
"1eea4fee5608c3a7087b63a20a3c7b18",1,credit_card,8,89.52
"22c89f5554dc6e4bc93654840a544f94",1,credit_card,4,83.84
"1e677b19d299a71e33c95a270f656703",1,credit_card,8,211.41
"27caf2d2f406488cb17f200b98a2079e",1,credit_card,5,105.71
d0dbda050bd2eab75385fd7d22fc3a80,1,credit_card,6,168.30
fbee188f61534261ec8009aca20859f9,1,credit_card,2,59.87
"31b2ff78299f9c71d536cca98394ebe1",1,credit_card,4,98.23
"4cfb3d5969df460524508647d27aca46",1,boleto,1,158.68
"69a9472cf248340a42a3801c33f5a0d9",1,credit_card,5,112.12
fcaae2ec3667a30a9164785ba78306b9,1,credit_card,1,34.00
f3f65564546eca69a8247a280e51a77b,1,credit_card,10,856.86
c872a25ce42bdc8fe653b0cf95274608,1,credit_card,1,99.34
a583c2f5d73b6667b92ac37c4d44d4e7,1,credit_card,1,36.36
d5258694fae61d00d67f18919b349a3a,1,credit_card,1,49.38
"4c5b09946a035ad6b3cb60e25badeb5c",1,credit_card,2,42.69
"6603369c4a4273652e83110462b4afd1",1,credit_card,10,279.78
e74ec53d6094ebeeefe46e785d0eb197,1,boleto,1,147.13
d9fa17951c63adc1a26a35209c26eeb7,1,credit_card,1,104.92
b14a1c7ea024e1b7299a4904ef1eeb4a,1,credit_card,8,416.56
"7f081049d243d9a51d4235dfc310a73f",1,credit_card,10,117.49
"28915ae2a90c218f0c2b7f8e0fb280e0",1,boleto,1,63.25
"3a55ce70e083a313526038fabb9b626f",1,boleto,1,418.55
"24478be9ca0e4fb3515ac0403e35ad82",1,credit_card,3,72.14
"64544cb9a8e0aec0b80bf919d41b0c29",1,voucher,1,48.78
"992820d1ce536d61c8eecb0352245944",1,credit_card,2,115.15
"36c1e781ba921a540893e160e063c581",1,credit_card,10,314.84
ff978de32e717acd3b5abe1fb069d2b6,3,voucher,1,0.66
"6bb2dae600af273ea2bf76856368fa70",1,credit_card,10,223.88
afc091f97bfa9985b6ab413ad1a9891b,1,credit_card,2,45.31
"95b5dec92eff326736e1060b339f0013",1,credit_card,2,189.56
b100b7e34a9b4da2a73dcb55310d2199,1,credit_card,3,267.17
e39da2a439a8eaa3c651d72888b5d700,1,credit_card,1,98.14
"242bcea719638feb8c102d38e67a4977",5,voucher,1,12.53
"370cfb4244f1a15b8d60d32fce42c3fd",1,credit_card,3,102.98
e405a05e7cb02776a17ecb51733fa00a,2,voucher,1,38.00
"5ddee063fdf0f2a5c828b499fb857e85",1,credit_card,6,65.10
"09d3cd95f911da31613353ea97a651e6",1,credit_card,2,90.28
"337fc25996a2eefd2a075d5967670799",1,boleto,1,149.23
"36e78e784a4d494d933d65b28b7bca99",1,boleto,1,127.19
"4ab8d41a01fbd0a52d7de288e25463ac",1,credit_card,1,31.26
"9ec59f4b7951e9a65ffe723049bb8baa",1,credit_card,10,168.20
"7d15087ec6066de9ee6e63afe93ef9b0",1,credit_card,4,112.43
c5012c7f101ca64cdb27a97dd7790af8,1,credit_card,1,43.22
"2f67ec476091f734246617044852096f",1,credit_card,3,74.11
"45d0086d88024df86e193e5bf86bc989",1,credit_card,8,268.31
"0327e521bdeabce73fcf327b2fc94c92",1,credit_card,1,66.71
"0e98c70fb06024ae560719cace52421f",1,credit_card,4,96.78
"5737604cef8903a35b0b21ee477cfa22",1,credit_card,1,40.96
cda286fbc87f2e1358e2804b1d77ca0f,1,credit_card,1,5.45
cd24256f456d55df11e3049017c86d05,1,credit_card,7,158.26
"8242b086009bdffe2eb081b77d4ca7de",1,credit_card,2,117.85
b1bd04a7557894a01ad5bd542caa8468,1,credit_card,5,64.01
d51d47c376acc042f6cd2811a08b5c62,1,boleto,1,113.15
"0a8ab5666933ac4865f2c36c5e7b5a0c",1,credit_card,10,429.41
"71b4f27c8c24d17a3c51c2e10613fa23",1,credit_card,8,416.78
"263b107695b98c10b2f5c6c16c246c3c",1,credit_card,10,167.02
"346b96107cfff3b894f76c7e9224bb1e",1,credit_card,1,36.69
"0ac4a31679b7cc92b7f6cb3684f55e2c",1,credit_card,4,68.04
ee85f68477a9f40e6229ffb383a21d72,1,credit_card,1,44.34
"9e26e5f7edbbcd4d5bd3b19c4b20437c",1,credit_card,2,68.05
"0a90fd1ec2b6416cf95f9f9dbca21d9a",1,credit_card,2,54.43
"4a5bef9407a9fb11676211fba6b07c1c",1,credit_card,1,331.40
ccb5c19912ff449794d696899012aa3c,1,credit_card,1,80.30
ed5603443e33d323cc6bbde5d9e74d25,1,voucher,1,71.14
"0c162a9eb881c1a8a2e5bcec41cd2cfd",1,credit_card,2,170.19
"3f9da547c613941c5743b7e033c6ad31",1,credit_card,6,185.13
e9ed35393653f0ebbc1d792ba5ed1447,1,credit_card,1,216.26
c1712cb5d91f5d05267fea1773f3aec9,1,credit_card,3,86.14
"50b8dbee8859800c77f56a85f7db69cc",1,boleto,1,20.68
c4e3b2e6f29f2e5ba28bd079aee75750,2,voucher,1,7.57
a006e96e455871265c8ca46cf83bf54c,1,credit_card,4,99.22
"7184582cfaaf35d73ad28fa85b7d8cd7",1,boleto,1,54.32
f575b5125a609778241c26809da9ed2b,1,credit_card,2,20.75
"81220f667163d5eebb4357899f42a737",1,credit_card,1,55.96
a4f3326bf1a1c3e11d17f3680f1e6337,1,credit_card,1,33.85
"6c81f50d7f607e25fb51066b15c8285e",1,credit_card,7,77.57
"185a17e610fa1a503abd98770d3eda4d",1,credit_card,1,69.90
ff6ab7a209609f6d415e5465e903bbe0,1,credit_card,1,26.68
"17aee91466443df022e04e60326597b7",1,credit_card,6,311.10
"3683eb727daa8e1c605aeabd87b02445",1,boleto,1,81.50
"354025795ae5d3d171988505159a7843",1,boleto,1,94.99
"87aade85679539a3976169c4ffba9019",1,credit_card,2,132.03
c92758b82c8796f0f576a9653e981689,1,credit_card,7,343.59
fe64ddc89b78b25109183dfb7fbc2629,1,credit_card,2,61.37
e1b2a1e9b1061373325666846305ff84,1,credit_card,1,122.97
"2c9c2c96702997c879d75f927b76165e",1,credit_card,1,25.90
"7bdb2d28573c6576a3204c21c98aa93c",1,debit_card,1,38.64
f32d6929db9c0600d0b70c698f45ed71,1,boleto,1,73.34
"0abf7f13c92f93e708a28f32316b13d3",1,credit_card,1,121.55
"486fed80178943ecdec90413036af979",1,credit_card,1,24.84
"869801fc99307b961a244f5828e568bc",1,credit_card,3,188.37
"1e445a7619ab257d5a42c1824f27b78b",1,boleto,1,94.39
"06f544e5c7afe6215b9e2a26b4f08442",1,credit_card,2,139.03
"163679b19841bb6d73176f4a5a80a0d6",1,credit_card,6,124.59
f040040c63fb4164125917af2fa6d4b4,1,credit_card,1,25.04
"4505e46acb9311ffa4d1ee953432fd61",1,credit_card,3,71.44
a7da4c5d1aa10f5bd43694601bea7057,1,credit_card,9,96.80
"0be2b6c22a3cd022d2986721e1faaafc",1,credit_card,1,124.50
d48af423b2e9d7e208f37ba365eebc1a,1,credit_card,9,97.13
"3908808de1bc14e2592cbdd80fd41729",1,credit_card,2,70.03
"73af716749dce46fbbc5b2c4530ab2e9",1,boleto,1,161.88
e2dac37a89ee550da5d7008a6fae1335,1,credit_card,1,32.00
"1d0acbd3a21cb00b1cede4db748fa0b1",1,credit_card,4,215.06
ae38baf8e79e71e5e32c236c9224109d,1,credit_card,8,252.51
"0ac247d71d19fc1748abb7e53af648af",1,credit_card,2,116.36
"0807ef98d4c6786b58238e6dfb2d2a9c",1,boleto,1,61.00
de0bf4e0a4d6dd65281279bfbbb815c9,1,credit_card,1,97.86
"160fec373d1524d70a0adcc4922e3f5f",1,voucher,1,50.00
ffca67b9419980488c476f7f7f7bc070,1,boleto,1,90.20
c02bde150f60b4c2adcdd0c0e9d36d0d,1,credit_card,2,166.29
bd2f31f2548344a9d1f4ea1c03625e93,1,credit_card,2,65.03
"2a81ea52abe140811e40a9f72d4fab01",1,credit_card,10,150.46
"9016781565d9e706d145f406bbc06d8e",1,credit_card,4,273.98
b41615b1708e1ff9df91b0cd0f6fdffa,1,credit_card,5,59.01
"26a488b0eb7d46fb424069b683e98d9c",1,credit_card,2,77.84
"08e92ad91f0ce4572b374d35637140ec",1,credit_card,1,62.31
"08bc3c916f77ec2affe03716dd076af2",1,credit_card,4,43.27
af7c5cbf4bb52c9f686828ffe06a4f6e,1,boleto,1,82.98
fbd4a1492a44a989b0e5a863581e5284,1,credit_card,1,54.35
"302bb8109d097a9fc6e9cefc5917d1f3",1,credit_card,1,51.55
ff08c1b9090c3c3a38bf31e15e944d0d,1,voucher,1,75.53
"807d1d7f9ef2a3649f918a57fe2e2141",2,voucher,1,93.68
bf63e72c6c17fc3204c0124ce16426d1,1,boleto,1,99.22
"812b6f6a1efbfa5beae8ac07617fa0c3",1,credit_card,3,398.84
bebbd96f5d06549b7788e07e613afaa1,1,credit_card,3,132.17
"814e45bc69c7eb4ce275408afbec6633",1,credit_card,3,88.81
a57bebffbfa4ce3c72a856f94e1c589f,1,credit_card,3,55.09
d70e381178cb8aa782d45db5d4893220,1,credit_card,2,138.62
"4e7c5bab2c0ee8406eb8aa8b2fd24d5d",1,boleto,1,76.76
"1fa81aa109831fb7e6dc3d039ea82df9",1,credit_card,1,46.02
e39190d1881f0e85df9c678ad44e2512,1,credit_card,2,43.71
"028369515408fa864cfe50091d4e76c5",1,credit_card,1,3.81
"7f3602b55293734bb17fca86a144c1f0",1,credit_card,1,109.92
bb05d405bed1d8f313ca3a2f9a8efd8b,1,credit_card,10,813.33
"8a1173c84bbf754f61daf556a62fe1ed",1,credit_card,5,192.56
"67b8be73433478a113a8de62614329a7",1,credit_card,7,181.62
d94e6700f8e40beffff545fc565e0085,1,boleto,1,67.13
ee79f3b63e56601a52d07366ebc809ad,1,credit_card,2,47.44
d09d9dcfc60768eca86d23524469aaac,1,credit_card,4,287.77
a30cba7093267abeb0f8489d5c16c7af,1,credit_card,1,129.00
bef761ad270a4c4eb98b46f8de712530,1,credit_card,3,38.96
"90d36c9ade58b86290e2b48ca7348cc2",1,credit_card,10,685.56
"90cd8e765a696947ccb0afa686c933fd",1,boleto,1,22.24
"25c0199420985c8f6353d9bf1b3b107c",1,credit_card,5,55.53
"466788a67857c13f5cda29829a296a92",1,credit_card,1,119.74
f5ad4f3e25e8adb066f7c5ace4732dfc,2,voucher,1,23.41
"41a207671f292d00ffea01b171f2a30b",1,credit_card,4,99.56
"1bae29458497cf459ccba5b9e54d40fb",1,credit_card,5,65.71
"966062059c3a9b092ff73eaf25310b14",1,boleto,1,62.59
cc8f800afe212c5d7220f86d3a8468d1,1,boleto,1,106.21
"3a1400b5d4dd3082a4bc8a64d66f6d90",1,credit_card,1,65.22
b2a04f1e9c3932855c266b1c8ba7b7c5,1,credit_card,4,133.56
"6045586df3b03485018e77a6a16bf689",1,credit_card,3,207.54
"86f409689bcc6848577f53fcfa1154eb",1,credit_card,1,171.75
"6262db458a330005c5c5de9806d09584",1,credit_card,3,103.26
bfa75f5b708094727e17ff4ec9bb4f1c,1,credit_card,1,248.57
"8ebae0e9b855b154798e1896f282ff41",1,credit_card,1,96.46
"3d1f855ec049b6a053eb6bd7aa3d19df",1,credit_card,4,181.55
dfdd31692e32c3a31b5fd289a244339f,1,credit_card,6,120.98
"041687935b1e4c3715beb1602270b40c",1,credit_card,1,77.77
fd0926fd1e8031a9cf228b88589a085b,1,credit_card,1,39.39
"76d4ae1832cf14e630c878e83e011442",1,credit_card,5,57.24
"0683ead91c16a3b8964141bd93ec4edd",1,credit_card,4,87.33
"434f895a5aa9ea2fda834cbdb831a7b6",1,credit_card,3,31.77
d6620af765cb60ea04b7cc1a22c37a0c,1,credit_card,1,137.08
f2ab8320611d5beba208b922230c352e,1,credit_card,7,140.88
"522c62c4cfb541b50ffc3999515fbaf3",1,credit_card,15,159.60
c64f7f0d99ba9d06966f9bfe36e564ee,1,credit_card,2,93.85
"59e2aa6cada46ead4c4520d965785640",1,credit_card,8,252.32
"6e5cff6677f960e7b16b2bae2b941c9d",1,credit_card,2,86.50
"0a36782ef456fa3a812be422d9a3f8db",1,credit_card,3,148.49
"7bbfb7b266a0dd8e46dce73cbd9a64b5",1,credit_card,4,42.68
a4be9e3217c93eafb1f1940efb4a9cf6,1,credit_card,1,80.81
e2676f5f513bf595fcbd506999db7c26,1,boleto,1,343.50
"776ad95dfcf33ceaf3651251cc75e020",1,credit_card,1,87.94
"3b070195d0d1272935abef5e1dcf0c9e",1,credit_card,1,63.92
"749890e9e1720de87c27367481a3d111",1,credit_card,5,213.47
ab9a3c29c4b67aaca311cad95058153a,1,credit_card,1,131.32
"7776efd9111e9fc4702936560e4b0a10",1,credit_card,3,131.84
"3a1b7d917cc04f710c5afdd8fbbabe85",1,credit_card,5,100.82
"64583bb15e275ccf8b87e050391f2c17",1,credit_card,1,91.23
b72bbd4502484b848fd005ad2511a685,1,credit_card,1,49.72
"2b091bda8d69a64119fa4ec34147f946",1,credit_card,1,108.79
"56b6c0c35525102d39f7314a90f95977",1,credit_card,4,67.12
"8a022a9ef01a1c899cd33cff15aa43db",1,credit_card,10,146.46
"33e92794c2f37c86b2f1c60065acd75d",1,boleto,1,144.56
"96391307abf5b25e205b1049789cf2ee",1,credit_card,4,86.24
"873b407aec2027c9588607f4b0b8786a",1,credit_card,1,89.79
e77e25ad4185ce8fba142eafcd1442da,1,credit_card,10,523.31
fdd4a975a3f9bbe439a0faf0fa587f83,1,voucher,1,6.96
bd0d8e38394d7cb075e6c93b3ebe1180,1,boleto,1,118.63
dde2650c0fa0e73271dc339daf400ac9,1,credit_card,3,79.70
"89812ae1f27bd0baa142a3aa9ab5cb49",1,credit_card,1,58.85
"1928d8e92954133370808f13b84270ad",1,credit_card,3,148.15
f14ad4bdd2fd477e4a9cb6e6c990d79b,1,credit_card,1,71.80
"90a98aa71f20333f9e9f1f20474fdb5c",1,credit_card,3,40.86
e546da8f5a68e30c67e5cdbb75a3447f,1,credit_card,1,63.99
"56d8f7fb6d7398024039c2b7dff3fd0d",1,credit_card,5,164.33
"69b0633a7da27b8044d4d706a557f472",1,credit_card,1,84.23
"6c6b9c17b42386d2ebd32f39c03104ad",1,credit_card,1,49.27
d3ff3601d2d9a1dacaf3a6fe53a8d7b7,1,boleto,1,96.80
c2efb2d934de1605bc2c96e51f7ee352,1,credit_card,1,115.36
"45fdccdd0ebed851dbf707b98ba5fef0",1,credit_card,4,387.80
"88096595631e8d26b658306256e3ce34",1,credit_card,8,298.19
fc3443668654977029c4cc2ead0cc0b9,1,credit_card,4,301.35
"72538f54faf4237f1b1f533a804f6061",1,credit_card,3,32.00
c8ce9a6ce9e77be6a9d5fe31e7496c34,1,credit_card,5,131.84
"38b9365bb512e4746d21b59d3eaaa146",1,credit_card,2,205.90
"439a1c71dfd435cc08d15b98b9ea6c43",1,credit_card,1,31.71
"4bacb60c9bdaab084b0354a3f7063af4",1,credit_card,4,203.83
cece1bcff59bfbd50f678ef597d4f3be,1,boleto,1,30.61
"1b56eac6a1af4ad14e269f7639592b6d",1,credit_card,5,81.88
"99ef42315d9b16bae5d87c2564e01d67",1,credit_card,5,153.13
"9120414c699465c006338cddd76e42c4",1,credit_card,1,139.16
"018bb1508d9156b81990407b91fb35a8",1,credit_card,5,317.96
"7791afbee6ba14f8b4dccb15767c2a9a",1,credit_card,2,84.92
"5fa4923e35eb4c0d471dc44378b1215c",1,boleto,1,111.80
"2356da144f2eb45c2d226126cd72245f",1,credit_card,1,88.91
"3a3c98aede7994faf4c5a37cf27877d4",1,credit_card,1,77.64
"0b937678b38558c4fec110aed9d5f8ac",1,boleto,1,133.86
"4fbf9aea9b77fadc915415ac3ffeef1d",1,credit_card,8,96.22
e4e0be4d6409eac95f01919debf6ca7a,1,credit_card,2,116.82
"2fa1143e47aa3e9c10a97d47174aabb2",1,credit_card,10,431.62
"38801dcdd44030c1317f837202c28501",1,boleto,1,251.06
dff4aec71a91a941a8b9d10f25c52cb4,1,credit_card,1,66.23
"8864a2d847bb201242e03cab4d54994c",1,credit_card,4,125.87
b2426a12223a693246063d6236b3010e,1,debit_card,1,82.97
"81fff738e05d97b97be744936e7535a7",1,credit_card,4,159.83
"53d24131ea4ca6a7c6f0cc03e2edfcab",1,boleto,1,51.43
"9a9cac4ec55eecd7cbb85d77af0f07cf",1,credit_card,6,221.88
c84d01937d1c2029a7f3628f55a3711a,1,credit_card,1,82.16
ba3d14eca4818e2e0c5968ab26883114,1,credit_card,1,46.01
a8913a7a82fc8acaeb44c6e9909944e0,1,credit_card,4,275.40
"98e84c5fef5422dde7fa1927c43adab0",1,credit_card,1,177.44
cdf7511b632d2a9b53d70b1e24a45e70,1,credit_card,3,114.47
"81616c912848057e42d364c9d306ea92",1,boleto,1,113.62
d4ce059dcf44b359b2c44a8fcc8d678c,1,credit_card,1,115.81
dedbecf3e315db42fb3c7437a18b12f9,1,boleto,1,35.09
c8ade02b622c1316fc0d05a427492f9c,1,credit_card,2,65.88
"3155d8e868068ec1a05318b9289b81e2",1,credit_card,1,95.30
"82cfc721893072e906ea29b1f0fa08f0",1,boleto,1,96.21
c3fb8e13cb37ff21273a1d90ebcf0896,1,credit_card,3,35.78
"039f61edec89c6f0edf8dd1a0bdea1fe",3,voucher,1,50.00
"9373150545066777b1cd2bc20e93cf8e",1,credit_card,1,31.75
ca9e38465ee744b1f2f686ee2682b158,1,credit_card,6,106.17
"4d9fde0f41ed6d10cf0353449abf49aa",1,credit_card,8,114.84
"5b6bb420d4d6d53ae28c948c9a6b900a",1,credit_card,1,55.43
a1bec8f10a79152e439c5133f404c772,1,credit_card,1,76.66
bd859dd7a6a1b8c1df9fcb75c3604eaf,1,credit_card,2,28.69
a3958d69eb857cd9af63d8f40948e64d,1,boleto,1,124.52
f6dcab66c74d945d217aed40942ea22b,1,credit_card,1,119.06
"2bad3a7085e17ad44f9117d127de525f",1,credit_card,1,61.83
"03679d41c590caa3f9f56dfad35bff0a",1,credit_card,3,185.61
"43ca87695e0cf9d879038197a3f9f4c9",1,credit_card,2,29.69
"64ae773be04783279d6b0763dc3cfcba",1,credit_card,1,240.31
b2577a85da095de811cdab2a22a983ad,1,credit_card,3,39.96
d3f99233d90971004bf98c118aa4387e,2,voucher,1,100.00
eeabc78605ac96ecbf5faa71117f660f,1,credit_card,1,9.46
d8e266265b5aa8df57f13a4fe58ee38f,1,credit_card,2,106.78
"2062e2b2ccba806425dfce0142c62a84",1,credit_card,1,58.84
"06475c925f62299396ae63b9e9468486",1,boleto,1,29.47
"8c344483ffcca752c510429c0923b85b",1,credit_card,3,78.94
b5106eeb869b64ba86ab9d880e31c0bb,1,credit_card,9,97.20
adf7dde7efb2d3ce93a32ba439bce856,1,credit_card,3,345.19
"977eb5dc580cec4f90911b1ccac0ff3e",1,credit_card,2,240.32
"0996218f2d0c8ec0cb08f7498588bc41",1,credit_card,5,284.99
"0716d86faf8bd36dcb5bdaee6777b272",1,credit_card,2,46.90
"055cfc7366f3dfdbca102536d95381bb",1,credit_card,3,96.43
"12c404363fece070157a8d13afb76b71",2,voucher,1,77.68
b7fc96d05af08ecd1ecc914608254771,1,credit_card,3,155.41
fbacb2717f779ec85691cc7fcec4f1d7,1,credit_card,4,255.76
"3522a71840bea6bd1cd78ae529622ff4",1,credit_card,10,150.89
ec2a8c52ab5037c04553f10bcaccd971,1,boleto,1,77.29
"8fc359cc10f3ab99032248ef5f152d4f",1,credit_card,1,48.37
"270d816a580cef9525ac73d6c4b87255",1,boleto,1,338.46
a412fcc423174e5405df95cc482dba6a,1,credit_card,8,1812.33
a9f2178e0d196086f0124a23965d79f5,1,credit_card,3,158.82
c7824980982e5311909ab52b74679d56,1,boleto,1,530.27
f9e25e45bfe3cec5f375d833da7ee626,1,credit_card,1,87.64
e8677219f75f7697fa8f9fdb8ee8497b,1,credit_card,2,83.41
"55cd5b0cae705a5ea4b5bb325e888eb8",1,credit_card,2,110.46
dfd3b8be9c79b05f55241f6cd00a557c,1,boleto,1,168.45
a285ac76dd23bfb0ca14b34b894e9af9,1,credit_card,2,116.31
"85770deee3205a161f62a227bd92f7ab",1,boleto,1,84.44
eeb17181fc1852d99c92171ac3efd4e6,1,credit_card,3,98.16
"7bbaf5678aa799c667b939cb8a8b0294",1,credit_card,3,169.08
"362cc20bf09835f4398cedd319fb7d8e",1,boleto,1,97.21
"840cfabd91dbe1c98ad86fe2e7bc3ad7",1,boleto,1,77.98
b6e5aa946acc4e29e7069510f28a0bce,1,boleto,1,169.23
"4dddc24327ff6d738f2a72abf2b2bc71",1,credit_card,8,514.35
"9fe314dcda41359566a99413f2b0d577",1,credit_card,2,110.77
b9f4e13f3e9c4a4d2440822966a25866,1,credit_card,1,70.04
"77e1d11cc4954b7a395f9ecba7edd397",1,boleto,1,939.72
d770c2af072ad47e1f38031aac283ee9,1,credit_card,3,75.33
"53893bc57fd2d4ff7dc5e76ad4773540",1,credit_card,2,44.00
c1f9d94c449d29a907aaf5963c2fc4f1,2,voucher,1,3.43
"12d9723638a09350ec19ea8d66073249",1,credit_card,2,109.70
"9b50f7793de8963b9d86b762c0e8f05d",1,credit_card,4,41.72
"00d1e381c0995f0bdb95909fe7434d0b",1,credit_card,2,170.16
ca86cad784127e59fdec418b22c6a800,1,boleto,1,45.00
"4a14e50e1d032b0fa7809a49f285bfae",1,credit_card,4,198.13
"99ed5bfea4c7e7191a2412698fc7abbb",1,boleto,1,29.95
"09a21347537a52507220515fa4516fbd",1,credit_card,1,146.96
"7d2ec074fc0f5fcf4509dab3f5fcd933",1,credit_card,1,50.09
"548ae1aba5f1d4972fbbef7b6f6d23aa",1,credit_card,1,329.54
"6c903ab037ef7aebdda6d9a9aa9d6851",1,credit_card,6,60.42
"96868bc7a88dff342e4f0726c58d2897",1,credit_card,1,74.16
"0d0b7c65e71700ed5fe8ae8d2baac37b",1,credit_card,10,250.68
"7226faa7c52097729fa37ede3e8a625b",1,credit_card,6,459.50
"491b6882815a6368f57277d9bfaebb12",1,credit_card,4,75.08
"777aac5964392ae95f14c26335781b97",1,boleto,1,189.78
aa8fbcba6234f71007978fb6204f0c56,1,credit_card,10,387.80
"0a6e8d7b7db627f4863678eba2a98eef",1,credit_card,1,439.68
"503e9f9cbf09cc23e3323b165d9ddafb",1,credit_card,3,325.75
b9c11245a66f64671df1adef32f114b0,1,boleto,1,491.84
a5b39819520d7e72a834f69462af01f9,1,credit_card,1,46.39
"963030216f9dfae3f21a1660bfed8274",1,credit_card,2,22.93
"8fdcdb0ae93912af54bc9e0ae5e1545d",1,boleto,1,217.55
c1d4211b3dae76144deccd6c74144a88,1,boleto,1,54.51
"5115750c51f268f7427daf3657d1a699",1,credit_card,3,145.47
"84f58fa486ce5cc8fcc701d211e80749",1,boleto,1,471.42
"5d1e025052895991d3f50688be8f626e",1,credit_card,1,75.08
"98b737f8bd00d73d9f61f7344aadf717",1,credit_card,1,283.67
bf1f33df43577a77207c702c39eb3056,1,boleto,1,58.00
ecbc00952c2d863b377c63a529282c5e,1,credit_card,1,155.98
"718260f4f9c54fa6e56cfc5d2389e563",1,credit_card,4,136.10
c3c0e95fc6035316212f1b4e2c7bce3d,1,credit_card,2,139.11
"44bff723bc2f864855ed3807ea7157c6",1,credit_card,5,58.99
bfc8d3ca0ee3a93d7eee14d27639c90f,1,credit_card,1,89.21
"1a8479315924a0909a29ab6a0cc3cc20",1,credit_card,4,149.22
f3ef0ddf732dfd6a0c31fe3f8cd3b948,1,credit_card,4,97.58
"48b3645f62cbacd4396279c43e8fb4b2",1,credit_card,1,261.18
"23bf05f6cbd0c492740a22cb3a2b3ce8",1,credit_card,3,67.92
"5bda3e4d7080c484cd646a53165a7892",1,credit_card,1,165.68
"543ab3128139efe78bf5e8006ae25087",1,credit_card,8,580.44
"8b13155a6866a0c319ec1748f40f277f",1,voucher,1,46.00
"39897c1c37144a25b897e4d5c98fed20",1,boleto,1,126.39
a9456d47156dc580a5421d6b0a12074b,1,voucher,1,150.00
"5b9b9b9f3470db72620013b03eec2e3e",1,credit_card,8,250.06
"7b34b9075e576d1d26171c4772f70557",1,debit_card,1,59.17
"88898c8b7a5b7d3e2291e990f93d274a",1,credit_card,8,228.51
"1f1c7f4a61de956eb59c80c6d1f73a2a",1,credit_card,3,343.70
"461af692e9fc0636eab95d6a0460e703",1,boleto,1,169.37
c645c38b97d82c6a042adcf18df3daf3,1,credit_card,2,39.81
f9dacb87560bf2a37dfc69ef1c0d4e08,1,credit_card,7,618.88
b7baf4f0b6c65476ea5e4bf388710a09,1,credit_card,10,810.63
"2da58e0a7dcfa4ce1e00fad9d03ca3b5",1,credit_card,1,158.49
dc5542aeff4f9a938c0de66cd4384080,1,credit_card,10,356.45
"421eaa852399cc515551fab116db12fe",1,credit_card,3,34.09
cb6dff9394d43eeebcff3c8caea9375a,2,voucher,1,61.37
"092166b50105729618cd1dfb1e7c650c",1,voucher,1,43.29
d12d1afbf3c1f3356e80a5186ccfca67,1,credit_card,6,153.62
d4d73731dbf0f0426e8f7e762064d015,1,credit_card,1,62.14
"797b565b282c371004d602d05ae7d3b2",1,credit_card,2,190.43
b55d2a96491140f09e6d673289453c24,1,credit_card,1,36.95
"27c6771e4bc936d8ef460989587acc1a",1,credit_card,3,71.13
acfe3b4611df7e7efbd402bb5b5be2a3,1,credit_card,1,66.37
"84bf5dfd169eae55102346ea434177af",1,credit_card,4,55.09
bfe6602edb1568292d527c61684405ed,1,credit_card,1,37.77
ace93d8571d1d9638e9b7b0d70b9b5db,1,credit_card,5,108.70
f66ab2fcf6eb4fbb8c027f16de902cdc,1,debit_card,1,333.03
"7a725159d3784d99725573981fcdf93e",1,credit_card,9,96.80
d4d140e1cbc20856440a8343432848c4,1,credit_card,4,215.64
ec3a75fb0ac595e461765d2d854b1d08,2,voucher,1,40.53
dfff9fc44808a969ec1211d3ceca855c,1,credit_card,2,54.08
"78f0db6f25f112d1100e8d940a643fd5",1,credit_card,3,179.45
adc288e02bde1d4f1f86ebcee288aa59,1,credit_card,4,308.43
"416c0517339b4d34deb72cb7adfd908e",1,credit_card,3,166.35
c9dbfdbd1f10a0b35896dec49bee8884,1,credit_card,5,100.41
"499798fd04e5748ac54b4456d1b7995c",7,voucher,1,25.00
fc664ce755b461e5eaa3acd0be4e2118,1,credit_card,10,270.36
"707b6f03abbbc071c056f47706c0d43b",1,credit_card,3,312.49
"8f95199a6809023bbfabcd9759bd04a1",1,credit_card,6,299.54
"13d5066bb747cafa23f1bb6d1838eee4",2,voucher,1,81.03
"164bcbb466afa4e7b9eec1760f0d7096",1,credit_card,1,86.02
afc091f97bfa9985b6ab413ad1a9891b,3,voucher,1,58.87
"76ca90c340d3db00b40ddf08d507b3da",1,credit_card,10,772.51
a95c742fa7426798396959c1bd1d6ab8,1,credit_card,1,8.35
"18917193c2d4f159daff7df3b208d22e",1,boleto,1,34.84
"2927bfd9342aab183f5fe48c4a8a397d",1,credit_card,1,119.79
"80aff51ef1baac168aede241f057bafe",1,credit_card,5,104.56
"000aed2e25dbad2f9ddb70584c5a2ded",1,credit_card,1,152.77
"035d66b23a4bba74f8119f9ebe3458ee",1,credit_card,1,114.57
dec6267e55fe1ef26725cbd4c28d9a90,1,credit_card,1,209.28
"5f82563eed1525084af012688a78398a",1,credit_card,2,71.04
"4a5106153eb1387d4a830fd751deabdb",1,credit_card,2,47.23
"7c9ccc685465db762929dc50cff89257",1,boleto,1,132.49
a48abf79f4b815add190fb96a34c058d,1,credit_card,2,134.87
"42e7795ee0acd43f7392b9f31bb39c33",1,credit_card,5,332.70
d245b7d86b7965f8007179df464f76df,2,credit_card,1,19.55
b3e77cf06c8d9e04fbbe2103aa4a7361,1,debit_card,1,45.22
"040d14995ebc5de6373a0bc2b5485961",1,credit_card,1,40.10
cd2c2d1c98e51894f2266c5140d14c29,1,credit_card,4,48.31
"99c7028b41234ebb47c132aa3c6a1b47",1,credit_card,1,101.68
"91811480f57d846cb6b5b418b549f158",1,credit_card,3,278.00
f52e6ac942099c40e096c0f9d3633e1d,1,credit_card,5,56.60
"0cf52f585ea2179c0bfd06b1a7acf3f4",1,credit_card,3,72.79
"24a562b69731cbec7439c1752c500f82",1,credit_card,3,135.59
"4dbffcbeb7412cf8ebcbd77a6f0b64b6",1,credit_card,2,39.23
a0e1163327a3941a5681a1e948ca7add,1,credit_card,4,135.40
"3c38b53bb7d6f3c9f00d993a80f8cdd5",1,credit_card,2,300.11
f8aa9d218fccb3e05cac6d9744a19883,1,boleto,1,103.25
"6ae0348c0cca83cc28ca3bf25d9e60fe",1,boleto,1,179.12
"77a80305f3e556475b3dfe923e8d6735",1,credit_card,8,168.60
db9184ca76c81f6e6f102cda2b30e12f,1,credit_card,8,111.43
e29dccdb88a3634febb4ec0b7407702e,1,credit_card,5,68.02
"4cc418bdcd7526b0503749a8026509f9",1,credit_card,8,821.03
"5b2e79428198e5ce482f9ec1bd1014c3",1,boleto,1,175.32
deb733aececa59120f37a6395d57c4c0,1,credit_card,3,86.73
"35e41c28433f3cea03fb0cdf48cf0175",1,credit_card,1,41.69
"968131aa1cc12c6946df81b57984c6e0",1,boleto,1,95.51
"15c6ed2642d0ed7b492597fffca4d9a6",1,credit_card,1,45.00
"39b4d87886cd7b78ff949d84e49dbcbc",1,credit_card,1,648.90
fd7eb2117233aa5ac29e94a28e082077,1,credit_card,2,82.87
e40a14dbad08901c276df1547f261960,1,credit_card,1,132.00
d0c5da1cf512738b0f7bef215b1e12c2,1,credit_card,1,42.27
"561e6fec91c4b5771dad3f613b72c699",1,credit_card,1,91.86
ee55010a370e987f203499f435a59847,1,credit_card,4,117.90
"72b13b37a3e90ebef702948d847e881f",1,credit_card,2,108.18
"19a88878097106f2e1dc6f056cba940f",1,credit_card,4,112.10
"1fd20dcd28f95b7f60b8b09212db9f30",1,credit_card,2,166.92
a8b39d7588ebc10f8adb725a1be312be,1,credit_card,1,34.51
de065b7e84000ca31be47aa282f6be6b,1,credit_card,1,38.93
"69f6c952c081cc5dcc49173473630516",1,credit_card,6,120.87
"46077eef0ad2e1103cd2970326b3712b",1,voucher,1,56.94
"7d923e68a94ad8d7a6f8e5041a147c17",1,credit_card,3,189.56
"8bb61c38933e53a46312713c209dee29",1,credit_card,2,42.78
"214a42323dd7ec45504d319315a1386b",1,credit_card,1,220.03
"71c2f084ed7e2c16263645a8e9d81a7c",1,credit_card,1,19.92
"168d45af7dd36e96d0a16120eafce384",1,credit_card,8,93.98
"18fdcbdf78e62bac03cf30b6b9398087",1,credit_card,1,86.38
c224c9c2f8598269441c76eca7720448,1,credit_card,9,484.68
cca38a223ff57697753d81fdc7bc297b,1,boleto,1,158.40
e2e59afe0cbf5893e29bb89ce6691c39,1,credit_card,1,134.33
"65fa0c3f03d571db6d7c52f069c1fb15",1,boleto,1,240.49
beece9368912132712839b6b9194180d,1,credit_card,2,98.23
"1181b3a643dfdf013bd399adcc3bed11",1,boleto,1,216.40
b94e0a48d1692a46852bfce35ac0bea9,1,credit_card,1,72.68
"126da462f642d99483c0691ac474c783",2,voucher,1,83.39
"43e36c98d04ca621f851d768059e74e6",1,credit_card,1,36.76
c7b4a7a4d974418197e38cc0f6c2ea85,1,credit_card,1,450.53
ce234859d0a65f93cc464a9c1424b5d7,1,boleto,1,118.29
"4efe746bf89c1976abde13a381aa452c",1,credit_card,1,39.26
f4fdb235ce7c1f7d3eb1b2fdd3a4f610,1,credit_card,3,66.00
a2f7c5e2ecae30b202480a7aff91ab32,1,credit_card,3,148.04
"4361f88ae145c06b0eaec9d443ca1253",1,credit_card,4,156.08
b647577bafd629cca1b1c3b7aed598ed,1,boleto,1,106.30
"784a19dd0d5ab3f6d2c970c3d5210215",1,credit_card,4,174.30
de396a46ff91b76a683f05d1f1f9b2c1,1,credit_card,5,102.37
"2b60eebc028bc36dca9f731556d1581f",1,credit_card,2,188.77
"07c25d3d928865cf442fac10a30163c0",1,boleto,1,55.00
"9b9273325c81fdbb834a17e020c6d131",1,voucher,1,89.97
"7515c1d8cfed88ade550c3fb589598f0",1,boleto,1,61.12
efbb2bc2e3c82743c650b6bc29a722bb,1,credit_card,3,40.39
cd1ddd0a998b40f3335a4b6d9af53e7f,1,credit_card,1,47.27
fcf77320278b491829c6e5d767a3f20d,1,credit_card,2,312.61
d202554195e58c33ec744226022191f1,1,credit_card,2,179.78
"457ff6fc631dec2673f906c3748b24ad",1,credit_card,1,42.01
"89ebd79ad71b2c262053c712c9b32312",1,boleto,1,50.09
"710bc497ddb33d94263a302f17416924",1,boleto,1,33.79
"85bf8863657bff31006811d45d1c8db9",1,credit_card,3,63.66
"63e0b9d618055898fd3f289f91fe7009",1,credit_card,1,46.00
"694171d7d81744391df6d1b79dd82695",1,credit_card,6,126.39
"842cd0a979d57e29ba51a0f84a844cd8",1,credit_card,2,40.19
d1fe1d87c3f8a425c2054ac158ab12e1,1,credit_card,8,137.40
"9b961b894e797f63622137ff7eb1c1af",1,credit_card,10,1255.71
"31a5ceecee11538790f99ae1081e5c25",1,credit_card,5,160.40
a97d547ad23f485c9fb7b0eade5f7f18,1,credit_card,1,110.77
c1742783834afde8109d74422e9a4bca,1,credit_card,3,117.55
"457a53571ce58184246a9e382fe8512e",1,credit_card,7,87.17
"098fa8e236952567d948321ee4684854",1,credit_card,1,1.26
c4e337a93ed5684e96de89aec8e02625,1,credit_card,2,37.53
"085dc4386ef92b335b19c17b1ab7876a",1,credit_card,1,97.60
"61988b318aaf57d18336c629bc42cf1b",1,credit_card,3,160.14
"4bdc72a43c134005e672c71df83dde1e",1,credit_card,10,217.90
"41bf9e63c5e66515cd080325bdbc2015",1,boleto,1,56.86
e699670c160ced1a5e73cab03b0e1899,1,credit_card,6,102.99
cc0c321766d42077807443aa4d74608c,1,credit_card,1,90.38
"4286300be8a3eb98e98c8b6dbcfe9d11",1,credit_card,1,163.69
"9fec962af24505f0b989965945c1fc64",1,credit_card,1,81.05
ca47b8674b4881264380ff336ae5c195,1,credit_card,15,625.51
c3c21324197aea2e6d019d16a7cab5ef,1,boleto,1,46.01
"943035d73ee455c651564e940e946391",1,boleto,1,57.50
ceacfc79fb663f8a32139c94f5850d23,1,credit_card,2,122.84
"4eefdd4c3ea96c1f7ac1bac3a9485072",1,credit_card,5,395.44
"98a7b32414a076898c3312acac6f80e0",1,credit_card,2,257.75
"24c6c83e90a996ebc2ef245089006910",1,credit_card,1,82.11
c997b91dc02adbde398d66a919a15a81,1,credit_card,3,73.27
"91dacce5950705b07fe767cc9fa118ed",1,credit_card,4,173.53
f79644ec98219489ae16ee7aabac4ebb,1,credit_card,1,36.32
bb55de21f945bdaf699aec35f7bf63aa,1,credit_card,3,102.64
"928d6bcb24344911f6d0003585b91dab",1,credit_card,1,63.09
"90a6c3a55e9c9cf3db4bd490b9ab44c7",1,credit_card,2,184.45
"7f13340e916ed8270e11c9e840317f98",1,credit_card,2,118.03
e3b81e11591d22a361bd292adad69ca7,1,boleto,1,32.38
"8d4159350057e7ebf61c0083d75c8712",1,credit_card,1,73.34
"387d33b2be3d1d8dd063941d1b57d3fb",1,credit_card,2,39.62
ec07c952b2e699cd885db38a3c9362f9,2,voucher,1,102.39
"2da17c10595f4473acf4564e3bd57ce2",1,credit_card,3,78.78
e0abc00799a9dd05b315c62dd2573724,1,boleto,1,42.92
"323dc5a41f87be5d3e726a2cd303e6ea",1,credit_card,1,40.97
"57638520434d4c12b81d532ad9bf2f1f",1,credit_card,3,181.42
"534ea80843e1a5eb1ccebfea5d52258e",1,credit_card,1,69.03
b917f95342573a0732028ba916ea92ab,1,boleto,1,33.94
"005997dca4c1fc45066d0a03d54a6469",1,credit_card,6,133.75
"08e5962f7b156426e52078f8504e9b9e",1,credit_card,3,326.94
"7e033da6e10e6a9866ae65fb7e9bc379",1,credit_card,10,414.06
e121d5d3ae614bc7cbd5eddba13b16fc,1,credit_card,5,119.80
"14a9489fd3842fb90ea7d555122e3dd3",1,credit_card,5,61.75
"827a09bfc4897fbe516f911c82365ede",1,credit_card,2,76.77
"6631941f15912a0be1a1951cfbfaf3f3",1,credit_card,4,49.14
b2987cdfb6847c50318e4c268aa8d7c8,1,boleto,1,420.38
"724d164fcba4e6b5fdcffe2ef8d3bb9a",2,voucher,1,43.85
dfa48852c93427261c98fb2e01f33bea,1,boleto,1,67.23
"061aa244b31dd240e079ad7a7ce3f32f",1,credit_card,2,151.98
"8c5fa1a922cfa46db8478221148d7bfd",1,credit_card,1,46.05
d4575d5b52616538e99ffe90f8931f81,1,credit_card,2,204.29
"986dfd5411cb5a65f3fe024bdb0d0745",1,debit_card,1,151.61
d8efc4afe919de73af09d4319b503f08,1,credit_card,8,206.91
"7bf074a71da84423b09ada4ec2932bf1",1,credit_card,2,24.71
"7a1616110b24cfd12bdec238b385ec42",1,boleto,1,58.00
a9a682eb2347718eaae4a75d99f205d2,1,boleto,1,69.90
"14cdf6b0e28c9bea424092db68bd3847",1,credit_card,6,153.01
bf57d88907afc221e0eeb3e12da03657,1,credit_card,4,142.05
"043e7f7cfe1fdc68f4ba3dc83504db83",1,credit_card,2,140.03
e71fb9d75d9348bd9a1cd5abeb2187ee,1,boleto,1,51.66
"99f7ab7ea1001d0e2b6ac00be98444c8",1,credit_card,1,5.57
"8d99d2f6f573a9d674fd19d2c0f9a70c",1,credit_card,1,94.14
"9d18163cf9d35e24677b08a21030866d",2,voucher,1,54.36
"9a644b0665b05efe4a2f28604a10df23",1,credit_card,2,315.68
"725d5b45e6010a8d3da5106833e22bd0",1,credit_card,1,354.45
"48ae7afdc684e9aff52a26bb84bce016",1,credit_card,5,60.55
"44bd336071da72ddd62aa5fc210c6e1c",1,credit_card,1,156.63
c0ebe7b377d69896b580f578b99cfc98,1,credit_card,3,32.86
"60ad53dedac42939d7f388d9533d29ed",1,credit_card,5,50.46
d9188a09f83fb2125c314edc1c7c933a,1,credit_card,2,54.67
"2c885b285dce307562d7f4caae89c6dc",1,credit_card,8,2039.44
fb393211459aac00af932cd7ab4fa2cc,1,credit_card,1,106.95
aafd24ce72f716e644f9d4012e1afcda,1,credit_card,3,165.64
"3dcba6a4791ca82b9de4b0590404b27c",1,credit_card,1,38.09
"342cf69b4246df3d10f217d51f73d01d",1,credit_card,1,58.20
c78ef951d29d8e1af5f1f807a64af309,1,credit_card,1,48.24
"39b9820979b360fd55967934e0bc3f80",1,credit_card,8,105.87
af280fa42594012b761cf6fae7981e53,1,debit_card,1,32.09
e468907336f429e8433655cfcd02aca3,1,credit_card,1,30.10
"07f18be24ff2d6a39b166d2fce1bc2b3",1,credit_card,1,149.59
"3a6b881cda9bb84b58ca91c630b9793a",1,credit_card,8,185.84
"127c7c3952c417b3957fee6db67a1a8b",1,credit_card,3,90.99
"31b2fdf38a3bfdf9a67d997242c65ed8",1,credit_card,1,72.15
e2bd28bec2c4b78b6b39dd0cda08c177,1,credit_card,8,187.75
"5854e79825b6bb53dcf1afdf5568a404",1,credit_card,8,414.11
"17ad74507f8e8c0aa3de8b25e167e287",1,credit_card,9,450.53
"9f4ce573c6972d238421b71f926abfa1",1,credit_card,1,71.14
a24ea9c91abcc9f575f813eec32ef41e,1,boleto,1,176.16
"50cf0f713c1a9c9c9bdfbbf31b00eb48",1,credit_card,1,73.87
b5f0d49a8f5804130b25b7a6ccade2b3,1,credit_card,3,80.05
"0f1ad3e736d40f6157b993abb098f7f5",1,credit_card,3,245.57
f4ee4273538924bda6212f5948e80fde,1,credit_card,3,200.45
a3efa89d25b51667d526208e03ec60a8,1,credit_card,2,127.02
abaf92b4832d365e4314a162aecdb2cc,1,credit_card,1,208.04
"587359e7534c6f6cb987a31070b3171d",1,credit_card,5,413.81
"3f94b9825f195a7fced6313b41626237",1,credit_card,10,688.24
"439ef6a75b6c80e6d36b5c660dffc1bd",1,credit_card,4,116.85
d2e35b4e5cffc778521aa3b668c29bcf,1,boleto,1,229.91
"6a7509b21939697564bb0b5aac2c8187",1,credit_card,4,111.02
"4e285df63acf5fe19cbb76253626fe8d",1,credit_card,7,78.44
"7f5d123edea7962b20bf26e29262f9e5",2,voucher,1,100.00
"8d16656866ce7d67f81d49a9707ab76e",1,credit_card,2,108.20
a944939844cbf212ca7f7a3eb4a8d5ed,1,credit_card,1,44.24
"053245dc8f6f668c40923c3aedcd384e",1,credit_card,10,110.90
"86c1a1c5de6b99e0aed1e7f053862ff9",1,boleto,1,44.59
"012b3f6ab7776a8ab3443a4ad7bef2e6",1,credit_card,6,107.80
cc5e67fa8185e51d52282cabf20dd8ba,1,credit_card,5,248.83
"45522a6bce54dc165a36fb047fbdc12f",1,credit_card,2,112.22
f0296e2322376fd2e7922b8deca72695,1,boleto,1,45.61
"32fdf0a2dd2215ae2db0580d82e792dd",1,credit_card,3,70.63
"53649523b54a1a986fe35c9cbb2bd082",1,credit_card,5,57.68
"3d9db74ebd029e82a9faec705ec2dab6",1,credit_card,2,104.12
"5ec380985852821300051ef687ab6254",1,boleto,1,80.49
"69d7b0fd0e1539d95821f334b42cdfe7",1,credit_card,1,50.93
"053180cf4b0cf3f7a300e2e42ff01da9",1,credit_card,2,144.86
"780a9cc080b68de71009118d45602439",1,credit_card,4,278.91
"33a03fef07e3bdb46a7ca7fded715d53",1,credit_card,6,67.13
"2de5b68f713b073b77fda04cb4868443",1,boleto,1,59.99
"3d356b012ee1e4e469b7b56910afdb6e",1,credit_card,1,81.51
e494900a6693d977c31d920fc2b37583,1,credit_card,3,93.97
cb3de7d61844179c7014160319550eb1,1,credit_card,3,133.76
e9a04e230494b2b61ebb85529c4f9269,1,credit_card,1,134.34
"04c0dac88714e8ee1ca2c0254cab2a22",1,boleto,1,40.19
"682cfbaff9203b12d90db121371a67c3",1,boleto,1,204.54
a4f1baba644a021e811a8fd82e838984,1,credit_card,3,56.37
"2cf35c553f356f26bf01262d9a4880fe",1,credit_card,10,828.08
b02682757340133856bfb99145dd61cd,1,credit_card,3,92.76
b2345f8f3b34a4c0c28296057f032fb9,1,credit_card,1,81.88
"1ade03eb2f7f3a76f964ee98e1a66529",1,credit_card,4,241.80
a579c53c4adee6e93a6e48c8af61076d,1,boleto,1,165.96
aaefff6521e66b3e5c88bb2c93b9bc72,1,credit_card,1,19.21
d85d798c30de34a10899fc8df46b330a,1,boleto,1,302.79
"20cebe1097b0f1c09cc5f22570566d1a",1,credit_card,9,479.77
edfe3bc4d2b074eedb26e934a171f2f6,1,debit_card,1,68.13
"78f804c76174954a76f38e6f3a326275",1,credit_card,2,73.13
"2519026edcd7320570b0aa09727ed70f",1,boleto,1,138.60
"7d2a9b5d033ed3eb9cdfe92ba882a621",1,debit_card,1,83.05
e1deab080b7d765ab23ffbbeaf062466,1,credit_card,3,197.51
f53e84fa60220aea229c7a70f02e0320,1,credit_card,3,37.37
"35917730026d50562c5945c14f98318a",1,credit_card,1,142.27
"4bca7dd89e0714cc90c42803a348f085",1,credit_card,6,114.44
"686401a87720135448e51dc4547c8144",1,credit_card,6,145.57
"1d5d115e7464f3ec6686c8b290973878",1,boleto,1,83.50
"7eb37fd32e87d3ea061605da756f0572",1,credit_card,2,200.82
c350b8020e56f5b4d3438f5daaddef70,1,credit_card,1,371.54
"48340ddd156767e80ea7a05abc8a0af4",1,credit_card,3,157.68
"8a9be36ffd78382f9ac518945e909636",1,credit_card,4,96.43
ac7a92560a9e99f0a0ab4988102f491b,1,credit_card,6,107.87
"21733cca729d55bc70908258a2e90984",1,boleto,1,212.38
e0be387e4482cc1e135c5ffe3d896885,1,credit_card,2,126.54
"8e3b10ce93deae6a8e8739b7a41b86d5",1,boleto,1,110.09
d17cef1f461b1a777ffe306534d10b02,1,credit_card,1,52.26
e910cff0c2911f3ca876a47602557c45,1,credit_card,6,373.50
"9a19e859f5bd7a0bb22d64d35fa8b979",1,credit_card,1,9.78
"18559e87fe804301f0a0571a740d3611",1,boleto,1,125.42
"4e8c19bde0793e367a90575bb84cd956",1,credit_card,8,314.13
e11acf37c1371426d8e6ff3c89f952f8,1,credit_card,1,38.17
ec16a756476054ae786f87878df0e047,1,credit_card,4,319.37
"4d107edcce9acf824db9d203dcf9fecf",1,boleto,1,32.69
"94dff3caa170068fc7d100943d21a8c8",1,boleto,1,73.77
"1b2a8a35effe3c031684be53784ac90c",1,credit_card,1,503.86
"5c19d00272c18f09c4f60adb930a7a38",1,credit_card,12,987.98
fceb38f42fbf13b53a6253648c8d47cf,1,credit_card,2,77.57
a60241fca336b3f14485dff30a172cab,1,credit_card,2,176.50
a9686c0571545415d88bd292ad5ea792,1,credit_card,5,661.26
"7e47dbecc85ae7f45a4645b97b180157",1,credit_card,1,26.85
"9d22a4e7760c64525433b46cd0cefe47",1,boleto,1,38.12
fa859e78da068661b096bfb4466ded18,1,credit_card,2,145.58
"4233067932385b2d8b301e18e1b75958",1,credit_card,3,87.38
"181b10d008567cbac5bed22ff54e0299",1,credit_card,2,230.70
"8d4f2bc3695c3c45f37da3245b22a491",1,credit_card,4,647.54
a12196b6febf252a10f39f6d76ac0a8d,1,credit_card,5,145.79
"23e3e258cb0914459e129f704d04733f",1,credit_card,1,124.14
"94e9d4fb987019517b0aac56db0ae735",1,boleto,1,65.24
"582fcbf6c15d85c705d101b4a3b6c25f",1,credit_card,1,67.50
"62c4fd481d60fc62e465737c7f09ee92",1,credit_card,1,35.68
bf7911236fc09a55304ec17e869b1a1e,1,boleto,1,29.42
"2f9d791088532b218b41f892cc16073b",1,boleto,1,18.62
"67652712ccb6d4a88f063a50b60a1073",1,credit_card,2,150.93
"036b2855a4c92b30f0bd1f3fc0f46e48",1,credit_card,1,67.53
"89cb4134e0fefa08caaca5c92dce938a",1,credit_card,8,634.83
c2dd3125d2c742a487adbbd0704b4775,1,credit_card,8,164.54
e74f2f5d0d5b389e7ec83948628a2b9c,1,credit_card,1,77.51
"5eff8994dd7178d8d878ea3d8f8b195a",1,credit_card,3,164.16
"16e4c23dc1892082c649911189c18f27",1,credit_card,4,142.96
"0546ac640227025eb2df422b1f613f66",1,credit_card,8,153.01
"124a5e6f7c72aba661c2457900abcc54",1,credit_card,1,104.37
"7dd7b30b33fdaeb2b55c29b92286627a",1,credit_card,2,111.89
e98f62f167c0c56e1d6e2c852bf04adf,1,credit_card,3,89.46
dcd8484814a9e470eaaa19a1d7657284,1,boleto,1,88.08
"7479602087995e8c012bedfc514562fa",1,credit_card,1,189.56
b48cb919226eab68275c008f1c5057b8,1,debit_card,1,92.97
aa29fcf45dcd013f2668ede0eaf806ac,1,credit_card,10,858.65
dba86c0ca2d44138a882ae12b4a12d63,1,boleto,1,53.61
dfe1a1cff6291723d37ed8f60e12d5c9,1,credit_card,5,158.28
"7e28e4a5d04102555a032a3d0fa1a4dc",1,credit_card,2,310.81
"06e83e2884ecfcff09067ddaef752b49",1,credit_card,5,126.92
"7b3f806a3a00dc7b0c3ab0dd548842ee",1,boleto,1,171.61
"40789dad22231468ebb1cc58cc892d6b",1,credit_card,9,98.22
"1578453b93b542fbde0dd65c46a7dbf7",1,credit_card,4,149.69
"67a3664e806dcb942fb6d07d36c9ff8d",1,credit_card,1,51.76
"4fe6e6eee2e643359d66860e9954cb84",1,credit_card,10,2190.40
db91d0e8b2bc88fce8298c0331cf37ef,1,credit_card,4,546.87
"9f1cbfd860863f340881bcfef13fc3eb",1,boleto,1,305.57
"9269ba26ae05fd992bfd357dc3c52e53",1,credit_card,3,88.62
"771a3c809e079dc89392a34a5d797651",1,credit_card,2,144.99
fe2c0c8f40ab6263806c513fe424fa44,1,credit_card,4,127.38
b7d04f39e98c5fc85abf2652d719385c,1,credit_card,5,53.39
"9b1648c7cc0c6b1ff9b380903bb559be",1,credit_card,1,53.52
"92719473371fb9439b386d53d12470a8",1,credit_card,3,70.15
"38191a080c6c22b7c4268a2d51a8ac60",1,boleto,1,65.00
"0d55a4ad122b3601a52796338c4779b9",1,credit_card,3,354.81
"02e15a348e5f7ae74cd23e7904095aee",1,credit_card,3,347.84
c6e58a4e75b2a0b6fa62f0547a3cc759,1,boleto,1,210.03
"9ba0521c38be94b8c0028f57a8ec1625",1,boleto,1,84.23
e15a6ce2cdb4246161836a1dde5e57d4,1,credit_card,1,81.11
"0020a222f55eb79a372d0efee3cca688",1,credit_card,4,45.09
a994ff8265aed38e21cb63b2d8402b09,1,credit_card,8,991.74
"385183082e6bcd8f81769fe274d3654a",1,credit_card,1,21.04
"13a244719c4545551ba9e65d3649168f",1,boleto,1,128.05
a470178a33b34c1e9a3f2eaafff55763,1,credit_card,1,67.89
"1eeb6d55147169da97608b38ece2b761",1,boleto,1,343.50
"10ade03150da4c3a784807bae033f361",1,credit_card,1,63.33
"0b372cdcdd4134fc5f7695426339ce84",1,credit_card,3,157.46
b1bbf1459cd5cbb3c23aad7656250ced,1,credit_card,10,869.09
"7eee039d49ee815e69350a021cae95fc",1,boleto,1,234.00
e7b5bbd928c9dcaa3466502cd99b4907,1,credit_card,1,69.22
a2ee8d70903c5b8b814aebf086ebcc11,1,boleto,1,151.15
"74d9e9683c40581c6efb5d3ef994c902",1,boleto,1,38.36
"0718c5bbf159e96715ef033576c56316",1,boleto,1,129.17
a1244e1c9ad5fe2e15f97c9136ef70ab,1,boleto,1,44.34
"231f0baccdba5c1d4ec4dd711da58b1e",1,credit_card,1,164.64
"22c7d5e040008a3a92511cde8f592f06",1,credit_card,1,135.89
c083067a0c4c5dc8446fb1a11b345cb4,1,boleto,1,77.84
"02855eb3e469890c3b741adb0fd64f71",1,boleto,1,104.37
de9b643d6a5e2c0aebb7526ffae6ae87,1,credit_card,2,116.63
f014dfdae1ca2bda29bd1c98870ccd49,2,voucher,1,100.00
"4347279deb067c6731c1c97237921d18",2,voucher,1,100.00
"46f3c8f0f9ca12fb198779b7f99a0e0a",1,credit_card,1,58.28
"89ad3e3edbff23042463f6b6adc8eead",1,credit_card,1,58.62
b2f633218c7a89e314ade77e1486c7b9,1,credit_card,10,2027.23
"79ad173ce97ec1e564c9819eff96628e",1,credit_card,1,43.75
"172589c3df7261dca954a6c662c38acc",1,boleto,1,82.98
"243e51c6daa403a763ee38c31ebdb883",1,credit_card,1,27.80
"7e1c037b1854670dd27cda995f9b11e2",1,debit_card,1,393.47
"4e2a846769fc8af3af8b7826b058fe4f",1,credit_card,1,76.76
"4aa2c369fa1e9993bdf69bc12ee57abb",1,credit_card,1,64.00
eb6fa782d366bcf155b957687a9d602b,1,credit_card,3,62.21
adb251e4a198e6d934082144c31f07fb,1,credit_card,1,87.64
"414ff80d3a01febf4150fbec6d223205",1,boleto,1,123.06
de4b205a30d85c902a79bf99f8c77c21,1,credit_card,1,150.96
e76486ae393e8df3d75bf770d3fc6407,1,boleto,1,138.60
"0e4947dbfc032a9054b0526c61d37d1f",1,boleto,1,77.57
"9317022d5ffa1f322c79fb62a5871291",1,credit_card,1,33.62
"4ca31d816ef051b337c5b2ecdbd58b77",1,credit_card,1,46.20
"6d1941372f0503efc3953bd3b24bb512",1,credit_card,3,175.72
"8ad1b8de29d062bae836bc7d2cedc391",1,credit_card,3,182.59
"9a182d60eae452454100b4604c567d31",1,credit_card,3,438.22
"2fe10d4ed06c8a5a632ed06bb5f33dc0",1,credit_card,2,254.77
"4cd5aded458b2bb658108cfe0f705ab5",1,credit_card,3,236.84
"51bf8106a8d1c81d402b04fe983b9b0c",1,credit_card,1,87.66
"5fe2df2e3a6df134feba908c1ae1a63d",1,credit_card,1,147.64
"11a684a126660a21fecde8c48a1cfebd",1,boleto,1,165.38
"17524778aa49be21fc28936461d0c5ff",1,credit_card,6,94.23
"740878f3c8a802a2617e3879ea2d4f86",1,credit_card,5,120.93
"6c2cca976997714885ca36d89144280f",1,credit_card,1,27.19
"4505acb3759da6b9c7d79a80d29ab3bb",1,boleto,1,42.50
"6400b91130cf50009f20f333a4bc39a6",1,credit_card,1,42.68
d1ec61b50c7780944fab32ad8b873c85,1,credit_card,1,53.24
"55471a53555cb61d9cd2ff895a278033",1,boleto,1,53.92
a467b6e02187433dde3d9827e8561a9b,1,credit_card,8,87.36
fcb5c3253dca0627badc4dc2d5a9c988,1,credit_card,7,371.79
c64c5f793e7b69138252d7c2fb45a3cb,1,credit_card,8,173.88
"070b9bc7d401021bcb0d4d7413bb233a",1,credit_card,6,165.97
"2ae3e844eeb857e448fe36e4f0dca9ef",2,voucher,1,85.86
eff124e4c7161cdbc3ecd912e716715e,1,credit_card,1,14.78
c614a7bb512bf1ddf2571743587c8cad,1,credit_card,4,58.59
"0770d6621e5900694909ea4a6236da14",1,credit_card,1,136.29
d3f44296d90a42d3ec4b52b18654e87a,1,voucher,1,1.62
"05d885b852158b0280c4abe2cd5108b4",2,credit_card,4,400.00
"2df952b27ecdf708ef92658a4adf881b",1,credit_card,1,89.73
f47660d3918724652c1d5a32c5724147,1,boleto,1,84.94
"794c69999774820e22c161f6dc4fef91",1,boleto,1,2794.50
"1638195b2d78db679e9469a879279212",1,credit_card,4,42.75
b0ea6041ac66a83e6a8508f3954edf91,1,credit_card,4,111.10
"752855fec9c8baf507e885780d74c273",1,credit_card,3,82.60
"43ba017334e710b763eefbbd09f9ebe8",1,credit_card,3,132.00
b997ce40f469fbcd2e163e6a2df04de8,1,credit_card,3,32.10
c6a3d2b7b077946b1b0134dd45d28f98,1,credit_card,8,157.06
"873950bfe2dcc227baea5f82f8f2a438",1,credit_card,3,85.80
"2f80f814bc64931dfec546e11216cbef",1,boleto,1,120.68
"4b4df75ffa0116b870e32361c2c9f154",1,boleto,1,130.56
c639d319e7a759b47c407201b57d5522,1,boleto,1,194.39
"17ccd767f82739a919e20ae38fb692d8",1,credit_card,1,67.50
ec7d41a108fc32e99d2826b74617bfcf,1,credit_card,1,113.62
"8e4614fbf9caf0cbe6bb3d1ac53d4f82",1,credit_card,2,106.96
"9565cc0d085fdd4b53d39d15811ec913",1,credit_card,5,357.28
c0e9ca196d5699995f7b3987a8931ebf,1,credit_card,2,45.10
"4b594c50ed0279e3677e9580c4cfcfdb",1,credit_card,2,77.57
ed3b269b4badaf0126050c9d4f7b854c,1,credit_card,1,55.96
d36b13fdc087b62c490a9db5c0e0a913,1,credit_card,2,96.80
fedc85bb24209961b595782f2c259c4a,1,debit_card,1,131.58
cb82043e13f8881ba28bd6586112e3f5,1,credit_card,1,116.05
"90594e2a39ba4a93cae555437837e9a0",1,credit_card,8,140.63
e9d200068a4ce740a45a51198b50c355,1,credit_card,1,17.56
a1031a3fcd990edb954ba03274a2c39d,1,credit_card,4,568.61
eec4699eb4ec4511a25aead6ed4e6c9b,1,credit_card,4,118.26
"93d3f82c12e9b949a4aaa4ebe4602fd0",2,voucher,1,169.23
"766604e12d26178b47d6f8cb51784f54",1,credit_card,10,163.21
"5598c9279a720364f3f77991903482eb",1,credit_card,4,44.09
"9dc960f739dffe11a498162d0d26c103",1,boleto,1,44.34
af15b02bd22fa4485130964ab9c97f4d,1,boleto,1,187.47
b940725ea70c2e68d9e76841eaeebee4,1,boleto,1,106.87
"1aa297bbbaf5713012d3a1431645b2b4",1,credit_card,9,385.63
"441cc7b0d0e6268a3d544d7ac4f1fae9",1,boleto,1,68.96
a7e30722ecb34ffbeb0fb198ff547677,1,credit_card,3,163.06
acc0f8df9ebef09c7aeb9191e65dcf9d,1,credit_card,1,58.62
"4041bc9d1b1fce0b58abecb8060fab29",1,credit_card,2,201.84
"81fffc4a57c371d20f822517c9e4f9ae",1,boleto,1,52.13
a8db6b84057a7a3a8a38968f10853069,1,credit_card,2,146.52
f8f47214bc000a1f31116b5bd44f3d98,1,credit_card,1,285.21
"6b7de2635479caf94e86f987e12644da",1,credit_card,5,116.45
"309de5faf9baa8961fd068f3f4e44dcd",1,credit_card,4,44.09
"84cedab09d15fbd3bb87956434d61573",2,voucher,1,12.36
"0eb4df6bfdca047c300acf9d25b04391",1,credit_card,2,87.76
c575d4ac51a449488b640e19092ab952,1,credit_card,1,44.35
"95287574a39117622fd74f06cadf5eae",1,credit_card,7,78.19
f6586a410980be02b8a408eb2d0a5c21,1,boleto,1,297.42
cfba3ca25a049f8bdf836baa3b8be493,1,boleto,1,57.10
"40f1d14481f5e228f099414befcddb1a",1,credit_card,5,54.09
"880d0b678864b60cb1a087a3a0a896f0",1,boleto,1,355.97
"88a82da4cb2eb4723c9965285fe826c9",1,credit_card,1,15.28
"374e0b8ea6151d5eb1c3a6b4936b2953",1,boleto,1,353.67
"9e4732bc7d87af92e840a4427c41a5d9",1,credit_card,3,128.65
dbb320039cf47fdcb45445cfb453689d,1,credit_card,4,205.74
"62556744f37b7cf57d9128e264b4b733",1,credit_card,1,117.14
"06f0522e3c0dd8f8ea7a738176844f04",1,credit_card,1,73.62
"26e66858735be44e0f1875beba05fa56",1,credit_card,1,1.40
"58be617c22afd358984d890ce826e0c9",1,credit_card,4,94.30
"57e15c1ad29a85e248eeefad05d29453",1,credit_card,10,972.71
"241ed1aad96c4cc788ee6f8ab96242ef",1,boleto,1,703.73
"12d833b5570676e6df1febcd8fe007b6",1,credit_card,8,534.46
e0232e690d8db08e0abc81a3a744f9b7,1,boleto,1,162.95
"272e6f76eb38eeae926978ca915c5758",1,credit_card,4,115.73
"0599833bed37a5f88c9ade7cf219fd6b",1,credit_card,1,113.62
"5f9f4bf8ef5d9068d9753c5964f5b50c",1,credit_card,1,117.76
"41a0bc525912e2ff3cc9edddcfa89007",1,credit_card,4,79.70
"9d525e537711d24dba959b750dd6fbbc",1,credit_card,1,267.00
"90dc9cc4800643816ac1387b5c9d0fed",1,credit_card,2,349.56
"7c0659561e8e95e839b8a4f9f4b6fab9",1,credit_card,5,128.50
eb504f547e9f4d8c739ddcf0d8efc9a7,1,boleto,1,41.09
"2a1ea1abb383ce92d9806ad031fec425",1,credit_card,2,135.49
"3749ffb24b4dec6d0cab14cb31e4fa94",1,credit_card,10,213.70
"85194cc4465ab41c762612c2d288ce8e",1,credit_card,7,220.24
f7699c5eaa4b797013ef7a7e48cf42b7,1,credit_card,1,72.06
e6973efb7531da53045bc278f46665f8,1,credit_card,6,245.27
b9f824a81d19d3d8139194f093db9d19,1,credit_card,1,43.76
"0807e3831ca17d1d980903674c61d019",1,credit_card,8,274.71
d9fee3504f55226ed8e155bdc0a36a06,1,credit_card,5,197.60
"2f346d92b11fcc7c342b3392b174cf3b",1,credit_card,1,74.70
"68fb895df51e234a55fbf5c30c873fd2",1,credit_card,7,128.25
"1166ac5af4262300b61e079c496223c6",1,credit_card,3,164.12
"00143d0f86d6fbd9f9b38ab440ac16f5",1,credit_card,1,109.29
ae9da8a9447f05b1310ecf197fca8bb5,1,credit_card,1,630.06
"1f1a992f7bcd9a5c79b08bbf2a0d076d",1,credit_card,1,57.51
a8f1a0a4af9a038ba340364a741a602a,1,credit_card,2,45.00
"2545a371c2d78cb0967db6cea045029f",1,boleto,1,78.52
"42418c42293aca63852695004c162627",1,boleto,1,78.14
ee0c5c649e17808bc4a363d3a80ebf85,1,voucher,1,53.20
"86f0bcd9b426a2c1022ae317c7f27be6",1,credit_card,5,177.59
eea28d6b80e09bfb00dc1f0640d2de47,1,debit_card,1,2512.53
a9029e5bd9332bbe973f3680152fb397,1,credit_card,1,100.67
"92692f8437b5bc1db9cc256b4a4cff74",1,credit_card,3,122.50
"95dccb26fb812f3ef2dcb2ea92b5541a",1,credit_card,8,383.50
"18c3417287d1c86d7176f72fe1110be3",1,credit_card,1,29.47
"8eb23149ea2c92f5180a0f5e5753e1b3",1,credit_card,4,191.99
"7144e3464cff785210679dc9bf9b30ef",1,credit_card,12,136.38
"781b27c3e9635454e0c656d3d53e570f",1,credit_card,10,359.60
"2e3d2ade3d9a549848f6a576ae8f9da2",1,boleto,1,201.04
db0335818a0e49d9d5bbe1ce0a99310e,1,credit_card,1,516.10
"793df0d4fd68cb0530ca5b533e3f1b84",1,credit_card,8,309.12
"7f4990a3cadc07c4c72c6a2b5026732b",2,voucher,1,100.00
"67ca959c49356f3b0b6ec2b340cabccf",1,boleto,1,74.05
aa62e67d7dbefd7e1331d5975f61a404,1,credit_card,1,162.96
"16b1ca4005cd15dce41f3431902ba314",1,credit_card,1,7.53
a24330f9f979dd041f57f4c8f937c9ad,1,boleto,1,47.50
"80a4a10c7eb09d49ba31fc55d4efa53c",1,credit_card,3,161.96
"41e4e97a46cf14b6cfef187c00668efd",1,credit_card,1,86.73
"0f2b1624ef122caced1b114a3cfd68a6",1,boleto,1,30.00
"15e097de1b936c739e7815d50edbb994",1,credit_card,6,168.29
"70102042893558dbf834b15a4b4fcbcb",1,credit_card,3,162.62
d2adf5300d2ee5f376ae9bdd68f7723f,1,credit_card,1,31.83
"61e0716d18d338f3eba2c3071e982f18",1,credit_card,1,40.25
b5620c351108ed4667886da53f3f8599,1,credit_card,4,444.92
"5c284ea765f41493a972351bb356a00b",1,boleto,1,45.01
"68350de28c940e619bfce38aa0001ef2",1,credit_card,3,68.10
"4ae2046be802b9779c96bbe988ff709c",1,credit_card,10,266.55
"34eb84795617859f326a6615f0fff940",1,boleto,1,88.67
fcd173d025d9960fde973eb391a98e0b,1,voucher,1,141.75
b0a7ddfbe7525d29957d05b71bb977ca,1,credit_card,2,185.55
"882aa4c49d639884a5be99b208d13fe8",1,credit_card,1,203.31
db5f0d2b31255bbf42582d67727f1588,1,credit_card,1,140.65
"843b65458f7033a466c06769dcfd9ff0",1,credit_card,1,63.64
cde3f389a60c48bf85f49e8daf2144f9,1,boleto,1,101.14
"4fece39f33bf2496da17ef4392c6288d",1,credit_card,4,182.52
bf905b0bfd5f17ff77b5eb80fb90dafa,1,credit_card,4,48.29
"6fbd65f0ae756ffd1692f812a7b411a4",1,credit_card,1,69.90
"37ddd5dd20d5259555dc5c1801039b7d",1,credit_card,10,149.09
"34f3cd394e3eb4075ed95224164e017c",1,credit_card,1,57.68
daa41ee15e241169ca681b61b93bae77,1,credit_card,1,415.76
"9436e03932021844bcaa6fb20dfc4968",1,credit_card,10,140.34
a07355f9fa72ba9605c5e87a93ceac0c,1,credit_card,1,77.57
"14b7e39120c1668b13c4a3c11f983585",1,credit_card,10,215.80
"1011743f27a84fef8503f748cb1d951e",1,credit_card,2,138.14
"58c590867885881a4b3b8c14bea24125",1,credit_card,10,115.90
"9cb1a5b9af2fa27ca6a510f64245f869",2,voucher,1,184.68
af7f48cf036eff2a82e44332f7d36f2b,1,credit_card,4,89.08
"7dbfdea1e79e8d8b6d378f9e07416e74",1,credit_card,2,165.60
fe5d1d5631625db883840eb3624f7a22,1,credit_card,5,88.64
f7d546d5833e27f1f2815dc05d94b4c0,1,credit_card,1,156.58
"55d03c0ad1a4743f9845da6d9444beaa",1,credit_card,2,84.70
e689f14f838f1f7eceb75090e3c6cddd,1,credit_card,3,37.00
acf63fc70f653d6bd063dafc3701eafe,1,credit_card,5,169.92
"54ff026266225c4598536539a9648c88",1,boleto,1,39.28
"6f3772f092a98dfbb37265f3186ba374",1,boleto,1,46.28
d7d0eb9fb2a389917e37fc5411078df4,1,credit_card,8,92.28
"63b4ddd9c1ce2ec164408c8520c2b287",1,credit_card,8,111.69
e5d4d06531c0f91fef9b87eb7d3b98dd,2,voucher,1,71.98
"4c5fb984844ad48dc34f8acf42eb0eda",1,credit_card,4,237.81
d79151b701d6eba29bef6aceabc6ada9,1,credit_card,1,33.92
"19c0af454c941dda72860095edd2639e",1,credit_card,4,46.69
"288ed410bf6e7ce609f9d3147fc21ef2",1,credit_card,8,241.93
d839772496ba5c5962003617c00e695d,1,credit_card,7,76.08
"20726d9c26a08e996331e14b78f0d032",1,credit_card,1,20.16
d21d7411b251f35ead1b210dc946ca70,5,voucher,1,50.00
bfaefe509209a9477bd599fb0658f4ec,1,credit_card,3,41.11
"6a75f9aed5e4fd6946ec8e3984c77e9f",1,credit_card,5,50.34
e699db09ff2550edf641974c32caab55,1,debit_card,1,274.08
"53ec23d3e71b749fd840c22675065007",1,credit_card,6,614.63
"895ab968e7bb0d5659d16cd74cd1650c",19,voucher,1,0.24
f6a273cbe3f0dc8916053b129c00efca,1,boleto,1,82.88
"85f03a6957d64b16acc3b422c31875f4",1,credit_card,1,98.79
c2e858dea271d5346de79ab8859bc5d2,1,credit_card,2,116.90
"4e9326cf30a794635ef805fca2801aaf",1,credit_card,6,356.88
"11a239a4801f822c98f826b625fc9baa",1,credit_card,2,117.85
"96d4ceb5b0712cdd069256b87084f728",1,credit_card,2,322.19
b7f9c9109dcd289ae63ca77bfade44f7,1,credit_card,1,28.22
"4908ec7da1a1ce47b9b5da8de4192f4c",1,boleto,1,117.37
b71eb454059e662d34619ccf0237a652,1,credit_card,2,116.85
ebf58142d429fa41ece5f8e0308d8908,1,credit_card,5,101.63
e134db9b2f9178ed55725a25b33e48c4,1,credit_card,1,1644.36
"3c964e5625c2d5b6ace8c0b038a03460",1,credit_card,1,28.75
c5effd8bae9508c0e96b2e32b5dc66d8,1,credit_card,1,18.87
"1fac4d3f34c72501c48ff0db90773dda",1,boleto,1,67.50
ef14069256aa13ccc53f945fd0aa70ff,1,credit_card,1,55.96
b34369ee8397436dd7ceb8bb7783671d,1,credit_card,1,16.88
"13fba1a42e51558ae3e8a86e0bbd9dd3",1,boleto,1,74.65
dec9866b0879f08278292fdf8ba51b62,1,credit_card,1,81.24
"6f1a557c6045fc877a74713dd8a7399e",1,credit_card,3,33.51
"6b41b0ad480f638d9639dddbf940c43b",1,credit_card,10,343.87
d286e7a7639e71eb3d8bd4c37264ec1c,1,boleto,1,162.04
d0fa5573398a294b08b8c525a9786b3f,1,credit_card,6,315.76
"62ba4fa6bee7a583369ff4aa2dc3131e",1,boleto,1,120.89
b83760bff972adc010a180e5219f90f5,1,credit_card,2,91.68
"077abb7d4f87719b0a5cce22295eb775",1,credit_card,2,61.01
caa881436bb7c0b6363644399398232b,1,credit_card,3,187.53
"0a9d793da20eb89ec326c840c46d7a9b",1,credit_card,1,37.77
f43469e5bae88c9d9e6ce0132e05c8cb,1,credit_card,1,47.42
"01e662008f03009eb9b97f9333fcd6b4",1,credit_card,3,37.82
f4cf82130999a9a2f355fbe489c9f548,1,credit_card,3,74.03
"92d16bd458db6ad7e89154817101087f",1,boleto,1,87.64
"928e8e158d1096bf9bad69d9e927b6b0",1,credit_card,3,458.34
"5e126b0990d319279bcc8e8e8e5ba03c",1,credit_card,2,101.78
"8206925809548e33715f60acff73aff8",1,credit_card,8,200.04
bfaa65d09b9fd34aa36a23ad90fa7db3,1,credit_card,2,58.95
a4d50b937362e8e372a220a53489d59f,1,credit_card,5,279.92
"7ecfa19903fa2693cf01e180885b6235",1,boleto,1,619.93
"64ed08a8d552c869c508c5fb48663ece",1,credit_card,3,123.25
e4d06000ac16498e7b6b7614cf7a4b09,1,credit_card,8,83.54
"23b757203bd90a6deafcd069bdcb1fde",1,boleto,1,1040.52
"23a801ab5586a70d6f7a4cd5885d3060",1,credit_card,7,74.97
"32d29d9903eaaae11d418d087f442fbd",1,credit_card,8,192.66
e778abcc21ac8c885cf25e865e3ac49b,1,credit_card,1,36.78
"874315445af6a82710d4b4bc4ed0dd4e",1,credit_card,1,49.34
"849c91eae9d79b010c5dbba0d30e42fe",1,credit_card,10,154.72
c27714731c13899240db6b32949a7d70,1,credit_card,2,113.72
"7526e6e32c9eb710b8afc4c01dd785d4",1,boleto,1,93.01
"69c57a5417fc7d21a4eefc51ccb864c0",1,credit_card,2,105.01
"6370f4288632ef7c6da3672d12f5ba40",1,boleto,1,116.99
a0563252fd4da955a4bff4e622f4d81f,1,boleto,1,220.43
"050f9344068b604a9df9c01b12ded455",1,boleto,1,123.01
"333e7a046c4e6cc445f3178043b57039",1,credit_card,1,37.53
ff5afb773cc74f8424fc4e5c2f57570a,1,credit_card,4,199.21
aa4634ff761133d98df37cc039021823,3,voucher,1,1.20
e8c31684699efc784688d7ab3396b77f,1,credit_card,1,36.01
"498c950b1765883c2a104b8dd227ea90",2,credit_card,3,70.06
cc82a53fe1a3af9541b2ae5c8290262a,1,credit_card,1,56.68
c48b937c24e7b161a3685f1a8bc963b7,1,credit_card,2,108.59
c873d67cdcc79e51c21b47d8c69ada68,1,boleto,1,137.93
e7a494d4b7aa999d59f8f2e6809a5270,1,credit_card,3,75.23
"21f09bf30ca7f813ec079b4774e485ea",1,boleto,1,21.43
"853e771895ed7d34e8b9ace34f0c13db",1,credit_card,1,137.74
"743f0286b8d819a10c071fdf2c1e2f5f",1,boleto,1,76.15
"695c3388d5a2f10415110b5c099fa4f6",1,credit_card,5,54.00
"7a8643660eadb0c1328937510e072773",1,credit_card,6,436.59
"0c9548a509e778d5edf0db66b7dd22d4",1,credit_card,2,221.35
ab92a98bb35621bd312084351fb238f1,1,credit_card,1,49.22
"48761cfd8309604ddb00a812ae7d9473",1,debit_card,1,123.10
ac2aafdd31bb2367504474de8b1191f3,1,credit_card,1,97.50
"79f7d697719bb0bd65cf1a1c5fc67348",1,credit_card,2,124.61
"26b5d26aa210d44b8a3f2310d32643f6",1,boleto,1,100.64
ee9ca989fc93ba09a6eddc250ce01742,17,voucher,1,7.19
e9adbbfe62f8fc9d144a614576ac5ee3,1,boleto,1,32.78
"1539409c01ad8a5e32a2574668ad975e",1,credit_card,1,47.68
a5fc3fd8cb616492cc41918cb96a5fe2,1,credit_card,1,62.74
"9630c683d2abb010ae3d4c70fdc7225f",1,credit_card,8,160.57
c67c325777b78917b4b2a84c917d3f0e,1,credit_card,1,32.69
eea4bc8cadd431cb46a8349ae705a2f3,1,credit_card,6,130.18
"79ce453b9e3dc21f91d306eb1df8bb2a",1,credit_card,3,115.94
e69ef8c934605e67c1ecde95ad2a1b46,1,credit_card,7,700.89
bc14e28998f2436b7a9adbaad226703a,1,boleto,1,102.26
"5e0a798e395c3be05f7b2cc9f7ceb6b4",1,boleto,1,36.72
bef797897a2dddfbb08f9dff9c5ef7b7,1,credit_card,1,25.49
"38110151a2fef136e15a5b60117c22a3",1,boleto,1,160.77
"7161510ad30cb748bbb32851c67da87c",1,credit_card,1,21.48
"6affe3f16752393cba3cabe7d1731a2e",1,credit_card,1,133.04
f864cbdd90b9140661a4c7e3807a86fc,1,credit_card,1,41.66
"8891e0949adc833bce664e7af1e0ea6c",1,credit_card,6,358.29
"105d4ac9ed6fbd646d5d6188edc000ab",1,credit_card,1,143.26
b3656ff96573b07910d0f54a4505454b,1,credit_card,4,43.89
e9127430dbed91fff9f8be5b50f3c808,1,credit_card,8,177.34
f50a129ed971ecf763627e2b2a94be73,1,credit_card,1,29.77
"8557dabbdacec1a9e250f5e70afe1eab",1,boleto,1,60.65
ae64355e3524b8b5b283edd205cddf6b,1,credit_card,2,77.57
"70e1e65e23050b71f1357ebf72506b73",1,credit_card,1,201.74
"82fd1196a459f594fb1d66e667fc74c4",1,voucher,1,59.36
"731f1b5ebfacba1715ccc2efb20d50b0",1,credit_card,6,328.17
c49be9a11fd13933307cc6a19b03a895,1,boleto,1,928.68
aef19c7ffbe816963b54aa3bd8777f1b,1,credit_card,10,1063.75
cd02db25220d623f419da3b1fa2921ff,1,credit_card,1,80.98
"68b37c61acb057cd5047ff23bfeb540b",1,credit_card,2,118.04
f409f5ae35c08a9135d9e5d15ec6ab67,1,credit_card,1,132.64
b6cc0551cb569413dd9b470a5d485bf1,1,credit_card,4,87.13
db74facc22b984a0e9f3fedac9196d9d,1,credit_card,1,25.29
bbbaa059721d8a17be92ed10c61d2a59,1,credit_card,7,73.76
f297a4839c7100e94430c5d42f555bab,1,credit_card,2,103.55
"4c9765e8d244352198202cf29ffee005",1,credit_card,3,760.91
f9a5ad74c3deced30894f938bb3ffd31,1,credit_card,1,73.22
f54d24153f5e05580fcdc548bc1d1e89,1,credit_card,1,73.51
c24779f7bd7454db6631b1320d0bac1f,1,credit_card,1,65.01
c6f821236b635a442caa06bbe3c7e109,1,boleto,1,54.62
"9dc716765847e0436278efdb22248d1a",1,credit_card,8,923.26
"40ea731f6fa10cf721b503b64f3b178e",1,credit_card,2,21.91
a589a29e4907819c966a0c4840b41ccc,1,credit_card,1,125.70
"181ba9a81073ea2d653d9a7338f4cf98",1,credit_card,2,164.54
"9b027054a981a89fca1af6a5341e81e2",1,credit_card,1,210.14
ee971d64c174b5362587678fd24650fe,1,credit_card,3,226.47
"1c45c55e5f8cc9e68b699930b8a4d8dc",1,credit_card,2,41.05
e2861ca80cc6969b2aa1e179dd7ca698,1,credit_card,5,126.51
"75687059537f4b53423dc1d645c6822f",1,credit_card,2,218.45
"2a1826a678534f6229f4d60aedbdbb94",1,voucher,1,91.89
"4c7061e57405537a32f8c9dd0a194d68",1,credit_card,4,1058.10
"99c68c77790ea4f61df77b5a84cfa80d",1,credit_card,3,364.78
f495e955026183e7f6bbb3dac79b88e6,1,credit_card,3,338.48
b9f23a5c0cbae81d8a326804b0c7513d,1,boleto,1,65.10
fd63edd3e877295ad1dbe1d2b76b640c,1,credit_card,1,35.86
"85514951847547917a4f611d605a9085",1,credit_card,10,1272.67
"2623ed35158b345e208f55f03565c1b9",1,credit_card,1,62.59
"1cbcd6f5fd482df88073ad0e5a411b39",1,credit_card,1,39.42
"19d7044958c12e06f37926d4801eb2da",1,credit_card,1,64.18
c1808aaca844e2210da16bb46767586c,1,credit_card,1,606.87
"5bb903913b74e92c0fc1cde7dc26bb66",1,credit_card,1,87.96
"9f2da077d2d1eb6e8abcacef8776e941",1,credit_card,2,54.00
"833fc6ff01b52b440d9aff75caf2caf7",1,credit_card,2,116.24
affafacc73679585996d33a95ee90afd,1,credit_card,2,119.66
"8e8fcb8fffd60bb3f6fbd647c6149286",1,credit_card,6,715.17
b2bf9b5f46f77b57138a5d545fe10402,1,boleto,1,198.37
aa5ec03eb12e2017cc575a2fcd0ceba3,1,credit_card,1,5.89
"046ce63db7db8b9160b6231429c8ea66",1,credit_card,3,149.61
ba57df46d6c7801e304a57084265bd86,1,credit_card,1,126.44
"8095c4dbcc3855535d22f18f284c624d",1,credit_card,2,180.98
aad3ac94a8e516354a47dffbf53576c9,1,credit_card,1,104.73
"3dc05c1c3ad454112c2ba597457029ed",1,credit_card,3,59.62
ac0716aa90541fcb9f100e8a7b38e2bf,1,credit_card,7,73.76
"9520fa1ce7825b83dec466f4f0d8b6b7",1,credit_card,4,198.40
de1be6069a58eca5fcaa104e419e6946,1,credit_card,2,46.85
c3ac4b19799a35a01102113da6feb6bc,1,credit_card,3,61.63
d16f9a68b1aa5e1e872a86a474930835,1,credit_card,1,29.86
bb50a28145ecd1a42277631daa877711,1,boleto,1,132.04
"60d7d8686099e4682199966963c66ae2",1,boleto,1,105.85
e733891de1c5b78d0d7f77863402659b,1,credit_card,4,73.10
"3189cf8674c0de19050957fe2fbdf671",1,boleto,1,338.77
"90fe9b961eeb1a29da7dd853622d187b",1,credit_card,8,212.24
b2e54b3ccbc9c423893aa9dbe19dcd73,1,credit_card,3,219.89
"566d1e57b2fc70ca4a32dadbd0bbd0a1",1,credit_card,2,40.00
"923b32346120d8512fe32b6842bad3c1",1,credit_card,1,165.80
ea4e089556ade3cbdc7c70010163b723,1,credit_card,2,44.54
fa65dad1b0e818e3ccc5cb0e39231352,6,voucher,1,5.02
"4b87a2c8b410e2e61c12c83790810587",1,boleto,1,69.49
"23879ed885740016a16a4cfc5420c80d",1,credit_card,1,98.97
"7f877edba51577b9054e7490ab7469e9",1,boleto,1,35.13
"5a528ee290cb0fa6e22acf467ea33c09",1,credit_card,6,63.52
"7916e8283be68b0f8c475ec68cf0f333",1,boleto,1,53.34
"4d534c410387ea8b416873bd900d1b40",1,credit_card,5,159.71
b80fc187408e5b39dc58457b7db2b4b1,1,credit_card,5,141.70
"264838181624ad76b573c373a9862598",1,credit_card,3,243.33
"396cf83a5c0a10f81804e755cae565ab",1,credit_card,5,364.05
c367f22647d3051bba338f9026973607,1,credit_card,3,172.25
"1f3f3b71c956fb0d0bc10544681884e5",1,credit_card,1,60.96
"50aeaf212cea852ab2cdc5034085851f",1,credit_card,6,198.12
a013a9692edd311c7cd46675f807ab24,1,credit_card,8,178.69
"4908721d56a113679fe934dfce599add",1,voucher,1,81.04
"0baf7e063341d21b649aa73045ce5395",1,credit_card,9,179.35
"05e28a6a1994b77257df51a5e304b6ab",1,credit_card,4,40.89
ef161f48adcaeede5920308df1c280b6,1,credit_card,4,198.51
"063250ed406abc1e7730639c79d16a0b",1,credit_card,3,357.03
d6e32818428593eefe8ffd7e15acb83e,1,boleto,1,69.02
"1aa6cb753e28c675560a88d1f9c80e86",1,credit_card,1,115.45
c05fc3fc944af4da60133785126e8458,1,credit_card,4,41.11
befe8fab6c34f5861b73a3645ce38e24,2,voucher,1,73.94
d94486278633cac5f50e370851d24de6,1,credit_card,3,66.71
"7f4419f7c94db80e542d82717e3c6528",1,credit_card,2,130.56
d225169bf3bcbe1def3db868a96d69b4,1,boleto,1,279.91
b48c1dd4cb4c98e4dceeb753c952c961,1,credit_card,8,262.42
"1be21009011f8032ec2932d23966bbd2",1,credit_card,1,48.23
c47922259d4b3e4ebabff76d8dbf3f31,1,credit_card,1,128.04
b3b4fa618f64e34ba2f7279eceb646e8,1,boleto,1,47.11
"052957b74548fe2ce95f70d3623e6eb3",1,boleto,1,28.41
d51b2f84d150215cc2dedd0b60308876,1,credit_card,1,136.60
"1eecd2bcaafb81b8fa1c0c28d3de1f32",1,credit_card,5,154.28
"11642b906362f0d80a1228e1fa45a18e",1,credit_card,1,75.60
f2c623a58d325d304d567e2271dda299,1,credit_card,5,125.38
"8435b228083742b605b95a6c3e9c9534",1,credit_card,1,88.20
"3756637ed2fc243af380469a2aa5384c",1,credit_card,3,35.72
c9e55382f594e06306eb0f4c3b3d0418,1,credit_card,2,48.21
c0e6383da11ccfdd84ac4e5bc6cec73f,1,boleto,1,84.16
"8dc88c2e364c9253fef2d8348a638d82",1,credit_card,6,135.88
"2d5fcae67cd267649c54367612ede338",1,credit_card,4,236.12
"6c28a6a98f83b0405d2bfc4ba655e15b",1,boleto,1,46.00
"6687e41328c2c088bbef1bf4967d14db",1,credit_card,6,168.31
"04cb4d9e4f236cd2d6d42de8f1eea4ae",1,credit_card,3,517.15
"4895f8a5926847fbac7dd72661f60dd0",1,debit_card,1,56.59
"787ac1a9069f42d0d1133eb74cadfa4e",1,credit_card,3,33.00
"2313fc14bc3187d0691674f1016242d9",1,credit_card,1,44.86
cc19fa48ab62aa94cc6e54f9c56f53e3,1,credit_card,1,81.00
"1116eef143ff0ec32867729b83df8530",2,voucher,1,50.00
"0749c820395dd586556efd230c9d1bb9",1,credit_card,4,101.80
"061f31c732cb84a989d5b62660212ecc",1,credit_card,3,87.76
"6c041b8ad01f470b60c65c7d424fa0ae",1,credit_card,3,83.23
"2fc58fd97ab3288872ad6b35bbd712c3",1,credit_card,1,58.25
"2385d136c16c57565bf3b41bc45e6551",1,credit_card,1,38.86
"8c88168ecddc30a5a4a4b899720a9d66",1,credit_card,6,224.09
"3a667f6f00042dac8b2259c2b2c78869",1,credit_card,4,45.78
ab9cecc2d664f4544a42672bdf9ce1fe,1,credit_card,2,76.08
"6affe3f16752393cba3cabe7d1731a2e",2,voucher,1,100.00
d978adcd421de6a71e9974afe4414e4f,1,credit_card,2,31.03
"008d9bf350ff02ed444b3452cf3f57e0",1,credit_card,1,50.44
bbbc7b0788315eba0f24a27be06e0538,1,boleto,1,33.84
"0828f00051736863b477ea7277ddda6f",1,credit_card,4,86.56
e81032820ec46f233a5cb7e835274872,1,boleto,1,61.83
"8252e59e05b6732810b98460f67571a0",1,credit_card,1,186.84
"6a5504144883c3de1333210ad6c6ff28",1,boleto,1,31.38
"4b5376c296cd9a73648c2910d5370cce",1,boleto,1,83.41
e393acae9e64be5b2a7d48ef2ae87710,2,credit_card,1,5.43
"99e1d586758dee362e01030739d3d87a",2,voucher,1,15.86
"74d59459f88ddcdcda3e557af55ec4bc",1,credit_card,3,31.00
ad810b94c2f3992f8c9ffd408af1e2c3,1,credit_card,2,20.77
"9587bc545d7f5e1b8687a14fb3d2f6a9",1,boleto,1,162.65
"6e39e72b584a0a07924d364bf5f36941",1,credit_card,5,238.69
"9d0cec155db79a9147a0d80e5c7927c0",1,credit_card,5,347.36
"6c18e8919d8c368f2074946445b35dce",1,credit_card,1,50.45
"66eebf0e266f975af04450e28dcadbf1",1,boleto,1,188.66
b747a0c744a7eebf585965a27879a49f,1,credit_card,3,156.52
"23f912e63532618fa04e0f945350c85f",1,boleto,1,540.08
"61ef5e0982e79d6bdb7d3734b7ed8df7",1,credit_card,3,132.95
"1af34c470eee707920eb7508e1e8efdf",1,credit_card,10,401.09
bbcdbcca11edb13b2755983593cd7b5b,1,credit_card,8,156.63
a59f95cd4c82c338e8ec01fd9af753f1,1,credit_card,10,1349.16
"71f9826cc06707008c91a2192b11728e",1,credit_card,2,24.38
fec1d349e48ee1bf9ca3fb0ffa9c8051,1,credit_card,1,123.98
d42ae55fee4d8a4b11a86804fbfc0e34,1,boleto,1,101.36
a12fbb9545baf2f0bb9c70de9f075aba,1,boleto,1,42.39
afc091f97bfa9985b6ab413ad1a9891b,2,voucher,1,29.44
"48f30fbf8d879b0216be9be4a1fca6e4",1,credit_card,6,65.89
f94b36edd3bdf9e9f9696ac9c8cfe2e3,1,credit_card,5,249.41
"928292f8c5111a3b8bbe94e6cfc7900f",1,credit_card,1,43.48
"130d0e27289efce0e9d8d74c3c1d43b8",1,boleto,1,283.05
"21139f7690512f960e095144356dbaa1",1,credit_card,4,216.18
"92ade7cf39eb31a8f81a75277c14f9d6",1,credit_card,10,838.32
"3457b7151b16352dca4c597fb8b9bba3",1,boleto,1,71.82
e09dd765041e9934d762d51ccb26adee,1,credit_card,1,109.40
eb77e9c6dc499d31e05de046f8467052,1,credit_card,2,45.69
bb2333fb2f478ee47fffef086d24da16,1,voucher,1,31.09
"19361ecbebb52b787fc148e67ea73494",1,credit_card,8,238.69
da6c1b5c9a1106ebca4a15148d062c0f,1,boleto,1,244.74
f20d2065cf43144b10631f85002fe6ca,1,credit_card,2,76.72
"859b8b69ff63d94b4c45df72adb387b2",1,boleto,1,227.38
"14def5e6b6021ae117c181c039258033",1,credit_card,8,180.46
"0332002e367c17e6c4111ae2dd8a6aaf",1,boleto,1,368.87
b0a8cc8421eab80e4bc4bc3a92cdefad,1,credit_card,1,180.85
"3a842bbb29174bb6dbd2c2f364e8eb15",1,credit_card,2,106.96
"0a4c05d2e1ae812a342af2f5c9a34b36",1,boleto,1,171.09
"3b7620f0a3652abfdf6bc1b145b9117c",1,credit_card,10,148.20
"9dfcb922e1243614936a4e9514ce45bc",1,boleto,1,44.50
"183d37c4e4e642bb223c42532298c6f0",1,credit_card,2,48.55
d1b2c9f55fd006b37fc9502454713a97,1,credit_card,2,218.63
c21a68b298ad2f57646d554dcb49fed8,1,credit_card,1,149.32
"9b951f6f81b73f9ee291b9735e6fe993",1,boleto,1,262.12
"8eeaa67e826a9308e63f4436bf00a8f2",1,credit_card,1,54.05
"52077492551466732827ca46228dcc1e",1,credit_card,1,44.30
"6b33f86e78800877d42365c81cdaf0cf",1,credit_card,6,139.55
f7fa5cf8386e51037856df1add3e1228,1,credit_card,3,91.28
"70824d82746ebb9193cceee2e1bc99d8",1,credit_card,6,309.25
faf914d3d1ca3436b58cc0140842310e,1,credit_card,4,202.62
"8e7c39692005bd922dd07d56bd036e87",1,credit_card,3,34.00
b68158eed8887928a1dea62a3d9fc407,1,boleto,1,151.53
"816fe8936e5c28c98b057320b5725fbb",1,credit_card,5,181.51
"855f884557e71149b525fa5fd8bf8a30",1,credit_card,2,116.94
"5cc475c7c03290048eb2e742cd64cb5e",1,boleto,1,82.69
"6b5c76c2c9615b42e0c2b7efb11b60d7",1,credit_card,2,140.53
"2acb8c7bef9b70c1fdcf3925c04bedd1",1,credit_card,10,132.13
"3139254607a08295dbd11e787d816506",1,voucher,1,20.00
"96d3715ccba9f1142b73c862c1c9c322",1,credit_card,1,20.80
"5ebc45d58a177164134dc9fd38f05d93",1,credit_card,4,286.56
"6ec1c5688688bee3df9dd2202ac41a7e",1,credit_card,12,156.84
"8bbfd0be5d89a92d4bf214baac246fea",1,credit_card,1,42.06
"0c2cbbfae44e4f2bd7c747a2c2b05bbe",1,credit_card,1,37.37
"9f8d175d959554b7edef8908797f42bc",1,credit_card,2,155.14
aee18d60fc803049a82d81af5f2a75ab,1,credit_card,2,77.80
fd86c80924b4be8fb7f58c4ecc680dae,3,voucher,1,44.87
d5ab426a149bfee66ff88db9c6a8836a,1,credit_card,5,89.19
"7c2074d65188839dfee681e7bb264365",1,credit_card,1,57.77
"27c40c2ef2f757ec0f8253c65e5b9abc",1,credit_card,1,116.45
dc7be13b2ee660f092e641982b4dfb69,1,credit_card,4,59.33
ad9671d9fd8a26cd77fb4addb38f7463,1,debit_card,1,134.59
d76ae02361b19ee1c7a277bf4740a64f,3,voucher,1,181.04
"6e7e891760708803a2f4203981f2d69d",1,credit_card,1,148.98
"0c4d07bcd65a6ce95cbe8e8e228a98cf",1,boleto,1,44.52
"4a4802e33f88a8787ccc4cb998f416ac",1,credit_card,1,46.10
"6f532d76ec46fda0beae1633997d1409",1,boleto,1,102.84
d51f97f3f8d01fd8500e1a113a7f13b6,1,credit_card,8,148.89
f5646e8203a36be7abc9ebb188926c39,1,credit_card,1,96.88
a5286db4d5cd7fc8c7d997f24a7fe85a,1,boleto,1,206.29
b2e34c92ddedf5ecaa982b0736bffd56,1,credit_card,4,73.40
c3fa9a8b61bb26e672905e64b107be13,1,boleto,1,53.68
f88aa9b677553d2e3f0e77b495066619,1,boleto,1,60.41
"4c6f9b20086e811c15722d15f8becee1",1,credit_card,1,52.84
"1fae70ae3787a15588ca2231b0689dce",1,credit_card,2,63.23
cdf36cd4632fe33085adec5cf3d6b306,3,voucher,1,91.13
"89ee90f89627e3f3d3fa700921a80197",1,credit_card,1,120.74
"8b0128d6fee114eb818400897a13c6e7",1,credit_card,1,37.72
"6a28a5e505dfe81886f90148b240b98e",1,credit_card,1,115.31
c2424b5cd017dc43ffd92e663d7b5dc3,1,credit_card,3,35.77
d6b77bc6a9aaaf549d60d3f5ae45fef7,1,credit_card,1,39.72
"3db52c1df4d52ab19d7e7365d647f6fc",1,credit_card,8,205.31
"769cad60df1d40dccfd5ec163be24654",1,credit_card,4,324.32
e2efd05161881ff66ece867b9221e6df,1,credit_card,3,175.60
"1a611328643ae11146ba09a4425d2e12",4,voucher,1,6.34
"9df586b8ab146a451addcd354a27a3ae",1,credit_card,2,147.15
"6fed53de64adae1f81c93f80f62a7e90",1,boleto,1,37.09
e58b8168894c93cf61d36c90775acd85,1,credit_card,4,87.04
"103e18e9325ee41d8cfa4902f8abc16f",1,credit_card,5,204.25
"84d965c9482e83de042bcb2ed7330012",1,boleto,1,202.87
fbb52c7559fb594470b3add7c7980f6b,1,credit_card,2,87.71
"581b6c8cdb4576b82d9066c29e9d2e9c",1,boleto,1,198.13
"6334bc047d9d52c079c55aa36e1ea593",1,credit_card,1,48.30
e4992b3b826ff19edba39e9a4d9dae26,1,credit_card,6,1500.19
"3e9bba03e932414fa3ebd2ae83a0cffa",2,voucher,1,11.04
"1055cb7f0f2cfc6ec8a445b1034c2546",1,credit_card,3,33.54
"2140193e2b0829d9e294a5b08560a497",1,credit_card,1,63.31
"42718c52ec1850e375a3249237f13b9e",1,credit_card,10,139.09
da822a9c701ddfc1e11802d3c2545964,1,credit_card,4,48.72
c78002d8d0b24765aab06e16d2830d34,1,credit_card,10,293.36
deefddac1368fc8231f1db9657f5d69d,1,credit_card,3,188.01
"894f6cd6c690b0d8d94011c8461f25f4",1,credit_card,2,28.75
"452724506999f9dc003d6b9ea7dcba41",1,credit_card,2,99.80
"6ebc7d36b08fd168bebefb07e6170be9",1,credit_card,5,257.18
"0209ef2fa3cce5eb798c98f5b6142849",1,credit_card,2,20.45
d2029f1813972cb83dd49c3c27fcd304,1,credit_card,8,1222.15
"4e184878c2c61e669ffa5918c089c73f",1,boleto,1,49.16
bed71d1aad24e424ae97151ef6cc296c,1,credit_card,2,160.45
bee70b1bdf09a04f13d64f908f9bce29,1,boleto,1,70.72
"8cf7aec82620bc52e22e4cdcc76d0436",1,credit_card,2,79.98
d475063859317702a25c3f60c5cfd824,1,credit_card,1,142.77
"1a96dbd0041decf9c11c051b4f13d676",1,credit_card,10,109.13
"0ecce757e49491027052d532cc6335f0",1,credit_card,2,146.68
b27d51cc8af8e7572e42389489c8f748,1,credit_card,4,227.94
"4f5dafaf09552e7aa5747ae0cb84ffc6",1,boleto,1,43.10
"8fc75fa394f1ce5c0fd2775a4ae94c2c",1,credit_card,1,54.62
b3786fe1fdaf726bc9e7a5a9138f4cb6,1,credit_card,1,51.00
"150fb6d066c66925d51a48782deafdfe",1,credit_card,3,72.34
"9e67c3e636eba026d3e123d0c8466d4b",1,credit_card,3,386.24
"43337ecfe7c181f34129b75c7c96a557",1,credit_card,2,34.00
ba2821b49c92e278db491d3e19fa0556,1,credit_card,11,110.30
bf77be9e5c844064520fc976a02eba7f,1,credit_card,2,87.64
e372925efa5e2bebc75122fe5ecf11ab,1,credit_card,1,70.72
"24c2e52b9738bce69d1af469a641d97c",1,credit_card,1,261.96
"9855d762d535fda66aa7f273116aa77d",2,voucher,1,72.40
"96521e809c9baf75bf1a6881d39e0d8e",1,credit_card,10,574.54
"791de4d00367a315bd14eb6ea519adef",1,boleto,1,98.72
f5c779fe97ca0728706f50c0de89a2d6,1,voucher,1,23.29
"9e9d4673d9d0f8c0d68a48c13638c606",1,boleto,1,90.28
"9a1868b5b95ed88747fa160701bf6d8f",1,credit_card,6,123.75
a5e316a920122ee655d3a9fa01582514,1,credit_card,4,207.10
"66953b497ee497a9823fab9b0addc8b6",1,credit_card,1,67.50
"2af130bb551b499de50516b1cd687d0c",1,credit_card,2,78.19
e0751bde470ca1e50b59a49b0d3d8fb6,1,credit_card,5,262.10
"12ca562090f2708ccd57fbbec8f8d975",1,credit_card,1,28.72
"4324f32177ce15c52c8e1c570c259dc0",1,credit_card,12,138.31
a24c341da692fe0a57ba6140bf33e1a5,1,credit_card,1,115.45
b092f855f854296456449a63d86e1766,1,credit_card,3,177.59
"737ecd48032c3cedf3facac4baf28bf3",1,credit_card,1,64.50
"7d5dabfc11c26a559185a38245fafda9",1,boleto,1,76.14
"07b1682544dc5cbc0eb87fb56e1374b5",1,credit_card,2,108.43
e1cd00d644b9a24a7689ae42fde293c1,1,credit_card,10,163.81
"860c765342eaa4f946dfc210c1898072",1,credit_card,3,39.10
ba3a51757fdcfef1274e42c81786e4ff,1,credit_card,3,98.79
"005059edee63c8c708ba61910793b31b",1,credit_card,8,219.78
"6d9f6e79f1664d6ff8e74dd03f8a5b43",1,credit_card,2,52.16
c1c4e2a7fb7eb8066b69234d0b3fd446,1,credit_card,5,65.37
"8a28dccdc145b6bf1826f46b5e1add96",1,boleto,1,86.43
f09ab6762312942497f5c45240901ead,1,credit_card,2,195.91
"861135e965db93780ab935ee79c6a68a",1,boleto,1,193.46
"359352820ef7acbc4def738b048f2d6c",2,credit_card,10,253.89
"47e8f8fc6c6d0bdeb784394a599459a3",1,credit_card,1,53.00
b91df8a50223b91c469a891832f929c8,1,credit_card,7,78.47
e6802927f05b68de2a6b3c2079fcd830,1,boleto,1,141.40
"958064d074b8767d4e9a988f63c1633f",1,boleto,1,98.98
db7db7cb0958ac50a74b93178394e6a3,1,credit_card,2,159.14
bee6725f139fe39335cd3462ac55ffd8,1,boleto,1,65.60
"06adc78b559bb5077b7748618fb45c17",1,credit_card,1,120.48
"911c50978b038ad56c7d3cdbfa169122",1,boleto,1,38.13
"61c89d7dc798716af59ae91e97643681",1,credit_card,5,130.06
"861c9fbad462917e9c57742085a3e2dc",1,credit_card,2,62.01
"3af3547c5f6433e64110be073e271fe5",1,credit_card,2,116.34
"876c93b0a50c1fd2ad77f265d32de95e",1,credit_card,8,369.22
"2cd381926f90886df1f35f7002745c9b",1,credit_card,1,42.09
ab5628545011511727a47e013585705d,1,credit_card,1,38.36
"95087a791500e383c039460bbd6bcb57",1,credit_card,1,83.56
"86dc88ddd65ce09259b6fa9817363312",1,credit_card,7,193.50
cf60237e0bdc9a72ab4563e4b11783bf,2,voucher,1,8.42
"5b5e27caef5edb9446df0a7c106285dd",1,credit_card,8,246.53
"929a697354ed9cd384aadaaa0721ac4c",1,credit_card,4,42.09
eb3b5ecbc980ff057c188ea3b3eaf722,1,credit_card,3,94.77
a1ea1bd909502b5214a0b425746fca5c,1,credit_card,3,159.39
"41dd783cbf5ec4b60c957ee73e88f82c",1,boleto,1,275.47
"4bfcba9e084f46c8e3cb49b0fa6e6159",8,voucher,1,50.00
"831b5d6b49354f211585641a51a48ec2",1,credit_card,4,180.51
"1ec6a22830cd894e36c04b72a905dd43",1,boleto,1,40.01
"9d5cb46eb8b0851d32e0a86b6dea782c",1,credit_card,3,98.94
"83473068577d922cfe5ce5b7f409519d",1,credit_card,3,134.52
"55f48d94df188b3d4f74c9db5396b6db",1,credit_card,3,176.77
"03ba8f07686d0661b011f3701eab3edd",1,credit_card,2,119.16
"7c09108767582a44ca405d37360379c0",1,boleto,1,369.22
"3727244af1446bbfc36da7351cde0ed4",1,voucher,1,45.78
"97c355606053225f1b4e5eae2636acac",1,boleto,1,62.69
"4a8c411435966af42c48f7de7714c2f6",1,credit_card,1,186.92
"19c0c76962278b152cc44fc63ffd5e48",1,credit_card,1,67.05
"3a572776650593b33c1a7bb4e7f8f650",1,debit_card,1,65.35
a44f35f58ca5ab5e5cf7fe66ffe9097a,1,credit_card,1,175.82
"40fd7796808d1a802284c3f91ed4feb0",2,voucher,1,7.16
"0e48ca107de4291a6f7536b4f5cf512e",1,debit_card,1,80.37
"18259cce830d6f0f67331bafa6cbe93d",1,credit_card,3,69.31
"680aa2f14fb3e872e9d09bc057a1ac78",1,credit_card,4,128.83
"0d8431891873947fe9dc5b7e980cbf39",1,credit_card,1,32.44
a409968a19f09aaa2d44cebcef64ff53,1,credit_card,3,160.03
c76d2d304f60e2fd258910e47c8dc5f8,2,credit_card,6,249.97
"0ab29b3ae0c49bff1cfb0b0137c20da5",1,credit_card,5,56.69
"5d36971a31667ce7f86f81d277490e9a",1,credit_card,2,84.79
ee04737d79939a0ff52a84c34c430093,1,boleto,1,128.54
"01237c761ffb72594a466ed514518af0",1,credit_card,2,126.46
d1ca0c1c5f78ecd17ab721d805629eb7,1,boleto,1,310.98
"8e0236224be5c6d6b07eb06b9f5e0139",1,boleto,1,40.00
e73484c0c2a3c82b81f0e333e68d471d,1,credit_card,3,34.39
"0eb6c6aa0923d0a671134710c31319f7",1,credit_card,2,132.83
fd7f1e5cb7d88c786df9b8026d733572,1,credit_card,1,24.00
bc8866dda1be8cd6c2c25531c5e5a9d1,1,credit_card,2,85.99
"356b492aba2d1a7da886e54e0b6212b7",1,credit_card,4,267.49
"3341f48b8cd985f52c4cf432a582efe1",1,credit_card,2,82.47
"8d47ca771c5f1f48f545ecf4a7c85f82",1,credit_card,4,40.00
b190ee7e167e9e3a721577353fdeea4c,1,boleto,1,129.79
"81fd4d3b4acc4fcaee13b2e9bc62bfd5",1,credit_card,10,149.09
"26887eda6470e8f186f3155b2b3116c8",1,credit_card,2,70.97
"7cf4d6735272dc5678263c8d9c1144d4",1,credit_card,3,62.74
"728eca74bf1bda84f1f1c4df86551bd3",1,credit_card,1,75.25
ee972a8714e62c729101427fc247d37e,1,credit_card,3,154.36
"91a5fad6dc3c119cb3dcbc59f22b9f80",1,credit_card,8,455.36
f7b36c01be1079bc109e367668456ea9,1,credit_card,4,168.20
"75102f3276e78ab1bcf13aef73b4ab37",1,credit_card,2,164.80
"4c5d80480b7c923ec02b8dee8c00a846",1,boleto,1,31.60
"46cede2272077facfeb5aa257851d0c3",1,credit_card,1,46.77
"4e74f6c3c70d626486d9b6b36f15c595",1,credit_card,5,55.48
a847a76b53f87abded416131b362f00b,1,boleto,1,133.39
"9a79820753183f9ae199a37da007e914",1,credit_card,2,91.15
e5c543adb388da035a48a7b7fd057f5a,1,credit_card,2,130.10
bd0b62b8a0ca7bb988f6873cf9c4c4cf,1,credit_card,1,82.19
"42d03e2a1dc9ce4e956fab39eea3af92",1,credit_card,1,72.78
dc54f7ab58e8feced89cf7f0bb97fc77,1,credit_card,3,68.35
"457e6ef20b5dfa0a75041c5a200080b3",1,credit_card,4,358.72
ca2e903694060ebba7122c9c4c7087db,2,voucher,1,51.59
dced94fca9ee52e79241961c0e5a3d0d,2,voucher,1,151.11
d6de1a325f87726ee52e1ffe80c35a1a,1,boleto,1,45.13
f4a8cf5dcabdbe8dd7e65e1674db3015,1,boleto,1,158.30
de8d4b40800d2483074fe491bd25aed4,1,credit_card,10,121.55
"0df84fd499d4271993b678c5509f3779",1,credit_card,3,168.24
dad151e92378667093156fc66f981742,2,voucher,1,50.00
e9bf6a3daf9c2966192eaa98b5afb617,1,credit_card,5,1137.11
"92c6a0e7135d80a425089fdd95362c22",1,credit_card,4,44.28
e6772dda9bdadd4f57d177aff05c59e0,1,credit_card,3,45.70
"1b70309f9d8c8068c52cab917fb26379",1,boleto,1,283.86
"19d7b8e60189f7bf1e3be29ec3aef2ad",1,boleto,1,66.63
ef79852572532629bfd78b06d07055c5,1,credit_card,4,83.95
a87a5ed1e5a7211124791f4ee820ddfe,1,boleto,1,341.88
b14ae2aa6b78c0919c5199b5f6cd3b05,1,boleto,1,77.32
"82ffe097d8ddbf319a523b9bbe7725d5",1,voucher,1,25.00
"10fd0add9c8dd2fc964bbd79ce10343b",1,credit_card,1,20.75
aa5ec03eb12e2017cc575a2fcd0ceba3,2,voucher,1,14.00
"50b564817ab0fefea06f362f54944b80",1,credit_card,8,263.65
"85588475c4907049ee50b41446b5cb90",1,credit_card,1,85.05
"5b5043f6dc2ed04c3956162d98ee4005",1,boleto,1,247.04
"1d671f4aa75c57086215073b775c7f41",2,voucher,1,74.66
"5b3e420db4439e252b47a3841bd5f6c3",1,boleto,1,203.63
"2b016617466b3d768cebf616e68a3983",1,credit_card,1,74.74
"19f9ab36cda8d833cc1ea61fa046030d",1,credit_card,2,940.78
"27bd0e32b42b06dfeb902f485bd89788",1,credit_card,4,59.34
a56500b8683714e5010696513abcd267,1,credit_card,1,30.56
ea2b2e907341618980eb6f87436f1c4a,1,credit_card,1,57.36
d7746bb26fc8c125b8f286378c23049d,1,credit_card,3,125.52
fa4012abcfd54cf5e677975e80f5c3c0,1,credit_card,3,83.41
"06caf4b0e55d9bc015a91fa77432a1cb",1,voucher,1,40.65
"93567daac4d60b87eba6258bf1f7708f",1,boleto,1,114.44
bd948f34444b602f314108a393c1f49e,1,credit_card,8,178.27
b5b51b2363f2372af3e36828b9e25b97,1,credit_card,2,169.92
f15b71255e897ae70dac621e18ebea09,1,boleto,1,145.79
"3e12e60631dc37f47e3e3b6d866758e6",1,credit_card,6,129.19
"5c046e4039e459e61961dce13fdf1d7b",1,credit_card,2,134.48
"9c282d27e99fdd862f146b2a7a097b58",2,voucher,1,10.05
a841f631323b344289173ff816576be6,1,credit_card,3,69.77
"4620d9ef6b668ab50248cec23ba52f89",1,credit_card,2,172.74
"67d83bd36ec2c7fb557742fb58837659",11,voucher,1,4.00
"5eee483d18d84faaef4bea7e8b4579df",1,credit_card,3,164.36
"84efa035e6e5705e9a028f381e668b62",1,credit_card,6,346.60
"7ce665a17cd6cb68137dc2816937a8a5",1,credit_card,5,113.93
"68b333c4526357221cb49747a5a78d06",1,boleto,1,63.12
a72d0db4daa2d7a8a1a4a8e499cc2ae5,1,credit_card,5,105.28
"825b974f88e72b86b69342568dafe286",1,credit_card,1,76.29
"25005bc2e7ea41ec988bdd233a251703",1,boleto,1,124.50
"989349701595e3faf7560eed7aabc830",1,credit_card,2,514.60
dd8c2ff157394afacbcc50a161e1af4e,1,credit_card,10,272.02
"1171e6b0edcd799330be154f3dc4d93b",1,credit_card,10,359.19
"95d5f038a551666d46a7729a67a1b414",1,credit_card,1,136.60
"65509bf904f3e4f8179f6abdf50fc37e",1,credit_card,4,227.62
db1a3b6bc463c229abf2699244173f49,1,credit_card,1,65.46
bdd42e997b3dafd18ddcc233ad9c5195,1,boleto,1,161.62
"74ef6fad7ff108e20c28937b7e1b7c3c",1,boleto,1,120.73
"386e1d515c86ae0c848135e34e109c6d",1,credit_card,1,72.57
"25755fc654451b06940f9b66bbc7c890",2,voucher,1,121.18
"4806c15e687faabdb46ca2643cfcfa6e",1,credit_card,5,708.48
"2e22dc2fce65e5b9d73a11d717f41724",1,credit_card,3,81.63
"5bf1e6094b4bf3d73daa1bf1c22a0eda",1,credit_card,6,158.22
"959c17b26a28614c8e8bc4758dea8952",1,credit_card,2,118.47
"10cb203e7598cb11350267c0600fc00d",1,credit_card,8,365.98
ddf16d77e858a32f36e10c289a28ef61,1,credit_card,1,3.52
"9f5abaa01d419a15e448f089b1cf4b94",1,credit_card,10,2467.33
c4669e882068cc0ade2697ed2169326e,1,credit_card,8,394.52
"23628e1dadb5e31443d876fdd2e2893c",1,credit_card,5,136.37
"97a8e78c9b29af3ed3a454d82a5ed310",1,voucher,1,55.13
"18b7254a8929c73f21d6f0387bbe9de5",1,credit_card,6,139.24
"47cbcb015b97b14c5d1e74f2deb831b6",1,credit_card,1,105.28
c3256d0b41fca9e8892884ca21306c59,1,debit_card,1,93.62
e1f61651871c0898a323bbbd154555c0,1,credit_card,1,104.93
"30e0a586733725ef792f50d33720b961",1,credit_card,1,68.01
"67a2acb0fc862ad9d5ad0d2548966d5f",1,boleto,1,212.03
"260e68c397224107df7f6156ee6397b9",1,credit_card,5,385.86
"2ae74f27a662e60bf2efb26a4b8d81fd",1,credit_card,2,346.66
c8c0e74f5426e74b812efe05eaab11a6,1,credit_card,4,432.34
cc95bee5397d2c44e076ccffd9dd766c,1,credit_card,3,86.90
e418ef83856cd1b69aa83b6992142361,1,credit_card,2,95.67
"6340bf3e650dce76f15cc110f8135191",1,credit_card,12,199.79
"63df4a3d0425e3dbe076e565dccb76b0",1,boleto,1,86.64
"521bbed0033539e0f0a361abacccc71e",1,credit_card,7,234.46
"6a4d031d68d8f41c14ee7cd194023800",2,voucher,1,86.41
"7694252f454aa20f5bc63f72363c3167",1,boleto,1,51.78
b82e88806764fc45d4553f13d41b1b01,1,credit_card,2,142.10
"70263f30f6180c7ca277e4dc6c4c19c8",1,credit_card,3,99.38
ff7140ba310a4717112d39c0cd0b4062,1,credit_card,3,86.93
e337cdc735f7a8764df34f678640c7dd,1,credit_card,2,127.91
db851b28d3dbaa9b1b467dad083ff8fd,1,credit_card,2,60.00
aff48f2bfd2432bf92264b9308c424c3,3,voucher,1,27.39
e9b51b55b60f8de82106bf9f1470c801,1,credit_card,1,184.83
a72a09d3c6862bd7535300edd0e6a932,1,credit_card,1,45.25
"3879246672dcc4cf13a523fcd4354e32",1,credit_card,1,28.20
"050c32bac1e923fa3406fdedf75feb89",1,credit_card,10,215.64
"650a7c15686558f3805202b20b140fab",1,credit_card,3,60.27
a0e0ab62ae4f2dad1ca6f19103dba9a6,1,boleto,1,114.77
ae6d0f3cc69623d6826ea64fa05a0158,1,credit_card,1,90.39
"3d2c6a6debb7264f52777cc9912a3b7c",1,credit_card,2,152.16
b417d44c131fe6470b3226c7b59f6a8f,1,credit_card,1,75.08
"7088b5b4d20474ffa19951ece4248621",1,boleto,1,41.78
e5337992995ebaef1a0c59a2fb22c287,1,credit_card,2,38.24
"6113734f28c4dd1490de62945a9adf43",1,credit_card,2,178.49
"2d691a21ecbf955fc28064fbf5073db7",1,boleto,1,208.97
"5dec6c7bf0e703f21f033724925a62db",1,boleto,1,122.87
a69dad4842fde907809ea35902495cc2,1,credit_card,3,66.39
"3783e0b4f1ef0985e0d9aca4629f756b",1,debit_card,1,162.04
ce32a1ef7b8affd937675b5aa005d877,1,credit_card,1,129.11
e0cffe000300808a979b9f9eb9f6f60b,1,credit_card,1,43.75
f5c6b02fe83de0441786b7fd0f361870,1,credit_card,1,87.55
a0f2abd22194d771e11728852ff988bd,2,voucher,1,77.97
ddaacb72e21c68c2863a84aa4b3e281d,1,credit_card,2,60.36
"985db56d4cabd2577d0960194dd2cd5a",1,credit_card,8,154.29
"0b685cd6f272b410ca1a0cd1fbf0a548",1,credit_card,2,88.19
"6f91268a084c516d7ad2ede51294e10e",1,boleto,1,95.83
c2575ff905b5b189ccda375084be2de2,1,credit_card,2,113.48
"72adf8902a7ccd9b21ba70c84f2d53c4",1,boleto,1,138.62
b17838c714aef16bc099010feb2261ba,1,credit_card,8,340.47
"2a873cd8f2f02ea9bf84a5ae74970e20",1,credit_card,9,187.96
"2017c51dd36023cb764747debc340314",1,boleto,1,42.12
"4d91816c61cb9557eb207bcbf0929f44",1,credit_card,2,58.71
"6a30e349ceba14fcd64f13c3fd62aed3",1,credit_card,1,276.99
b296d036b48495bce7720844aeb3fc8d,1,boleto,1,120.78
"0b895f68e42306770949736e0210d0cb",1,credit_card,1,65.87
cf734e2b8185ef2de852ed26103b43b2,1,credit_card,4,117.85
bca1fabb8aee7868626d2d9eaa6940e6,1,credit_card,2,156.51
"8a7db04d95da0710527731c9945b4d34",1,credit_card,10,260.12
d2d9a9f4efeff626820a90df02843879,1,credit_card,1,148.18
fd0bc348f5162c5aa0fa41a9fef61c3b,1,credit_card,2,159.02
"7a5133e37b23788a1c14302332ad39a1",1,credit_card,1,34.39
"9a0fd0d61c564bcbdfcfa980c35f3f91",1,credit_card,4,284.42
"399b46458951afe483b41ead035ed9d6",1,credit_card,1,186.84
"474f2b1387a07ea0159ca7a996dd09e8",1,credit_card,1,34.82
c76a6443089b04febab166dd0156c5f0,1,credit_card,2,144.99
"17a97fd237c6bc89cb832bd70369745e",1,credit_card,8,170.98
"23bab630b11eed4b31aaa2edd31ba773",1,credit_card,3,44.88
"92b025d6e3f58997660214d172a8aacd",1,credit_card,4,44.09
"50089a9784f34a308dc31a939b4b6b1b",1,credit_card,3,76.71
f6284b20e702b2576ee9a3531fde571d,2,voucher,1,50.00
e41e7842fa15d821ce598a8b80915cd8,1,credit_card,2,100.86
"33c2860be7125d5f79547239ef5a8721",1,credit_card,1,39.10
dd11631d8b02780b78bd97ec44a1ca8c,1,credit_card,10,338.46
"6df212c57a455b3e79feb0739f1ebecc",1,voucher,1,94.31
"1ee14212cb207ed5474b41f501133c11",1,boleto,1,180.75
f3e4f61152aed686fbbb83e794cc246d,1,credit_card,1,63.78
eaa96511c925f79170baaff57cd261ec,1,boleto,1,35.00
e0f407a849b857359cf7e72ed6348298,1,credit_card,1,27.75
"5711d8a02451fd508dc8911ee1fb4ac9",1,credit_card,2,217.10
dbcf37e35ce87b02f0707de96a6b99db,1,credit_card,1,46.01
"8375044308874af1c50719ecaee3786d",1,boleto,1,70.79
"336b52cd186d8ef3e54daf969943e0da",1,credit_card,10,227.93
dd95d0db9c5b772bb855486678dc8a87,1,credit_card,2,63.27
"58d90a8e6350bfd47d94056f4e47d190",1,credit_card,1,56.69
"5e4c3ad24632f5a0a597858f3d008967",1,credit_card,1,65.10
"4213713318b5b2f35bb219d5883c7de3",1,boleto,1,893.12
ef8e8348ba291917542268f900fac505,3,voucher,1,9.45
"37d928cc42067f69b394747c5c71a260",1,credit_card,1,147.02
"8c2229deafefb723ff789527ab51be01",1,credit_card,10,397.96
af9ac1503ae0c4a7c6480a7f07d1b9ac,1,credit_card,3,62.08
aad1aadc97a6cf012005f7a069df5005,1,credit_card,3,62.78
"9196f9de64c5c6b2229e9ffe2572d328",1,boleto,1,73.06
f124bd0275e05b559aee8d1271442d1b,1,credit_card,2,124.42
"69aca49c98f05af05bec6fa1f87a3059",1,credit_card,2,147.59
"0170fdd7ac7c7bbad5308207bd25a679",1,credit_card,1,42.77
"87da4e556d02332032278169c291d571",1,credit_card,9,98.62
"2d28016c67e1923035d4b20124818a84",1,credit_card,4,80.15
a6d9d0948d753769812866b1404903ee,1,credit_card,1,40.64
"95d3fed955a6724308700ab281998533",1,boleto,1,173.96
"4035ceaa65684a20c0e957436e500818",1,credit_card,2,74.07
"676d57931a49b30825cd3d0f17f7be61",1,credit_card,1,61.93
d4b4b8d55b203dc85ccad823014fbb34,1,credit_card,2,262.90
c972da56dd3849df6cfb9e1322aee6b5,1,credit_card,6,75.73
f611b669f06123c801cb15f4af16ac14,1,boleto,1,92.11
"8185a97f66edcfa0f558a3c6623fd8a0",1,credit_card,4,370.29
"50d6f8533f3af9e65b8f22694ecd96c5",1,boleto,1,66.60
"1449769412dea5d16183085a97ba3bca",2,voucher,1,79.97
"4d9398d65f7b55527d3e69ad7ff3622b",1,credit_card,5,58.23
"8333db5c98fd7edd209091180ed9ca44",1,credit_card,1,22.46
"32a8de5ba7f744d3a361fa1ebe7f4b6b",1,debit_card,1,73.34
"633f58f88ccc534bb2b5bde5459217bf",1,credit_card,1,37.37
"8b6ed0131b6379b73b0dc313d55eb377",1,boleto,1,37.84
"0b17b204a1785111272edfadb2aa9e94",1,credit_card,2,110.32
fbffb0b287b62d10b5a1c24a29ae16ea,1,credit_card,10,187.70
e945c3f59acc1ba64d8c876ba137c938,1,credit_card,4,174.84
"415f2ac1a1d977ad1f20427eec4c62ce",1,boleto,1,209.82
d85d09e4eda085d59170079ffc203fd9,1,credit_card,10,242.59
"5b004e91449a77cd4ad0a10e8fdac668",1,credit_card,1,336.98
afa18fe18903345a7bd38e285f0bca70,1,credit_card,1,42.86
"82ffe097d8ddbf319a523b9bbe7725d5",4,voucher,1,18.49
b888a76fea30e300ec8c6c53d8033583,1,voucher,1,49.24
a57d4debabea8a2d143b3d78e224d774,1,credit_card,1,30.06
b321496a8a79d3afa95938149a1fcaa5,1,boleto,1,106.23
"571ae93d1696ee933348dd3de7a44efb",1,credit_card,7,77.57
"94cb2dc75a318daa6b70375697c4d3ed",1,credit_card,6,135.49
f0865a20899e4f5c8c93070b298ed6a3,1,credit_card,8,221.31
"32e34fe202c1776f1f6670feb9a28a73",1,credit_card,2,58.01
"890e7120b669f8e79df87610b80b3b91",1,credit_card,1,32.81
"59d926a10c7bbe3763d2ed1fe40afdd1",1,boleto,1,157.99
"4adbb023fd0ab6d84373f8f2f20a9ef5",1,credit_card,5,153.26
"648eaf43449457fe1ebea319e2fbb2a0",1,boleto,1,208.42
"4f2478354c7836ea575c7e2f38dd1d1d",1,credit_card,6,416.56
"39f8aaf58db880948c0d55e578166fc3",1,credit_card,1,30.00
"1cbf88b2aa2bdeff779e6afe29620c25",1,debit_card,1,67.02
"488f659efac45e9067e284ded2bf7daa",1,credit_card,5,69.84
"9ffcc2769ec031186dfb75d39b5f4125",1,credit_card,3,124.21
"31a2886d02ad2127bfec204da2e93b66",1,credit_card,1,27.20
"0071ee2429bc1efdc43aa3e073a5290e",2,voucher,1,92.44
"0e4160cbbf3110c620fe17602e306360",1,credit_card,2,49.80
"3ec5435a1c3bff282e994441ee5ee69d",1,credit_card,4,159.68
c6492b842ac190db807c15aff21a7dd6,4,voucher,1,23.15
f57c8a776138b35f3f50d2d2e6caa7f2,1,credit_card,3,193.76
"8e7ef380ad5ae407dffbe2f0826cae73",1,boleto,1,47.42
"92ee8a7ca1333a436b9d734e896c6aaa",1,credit_card,1,39.09
ba3260d70e1adafdc761bc92754d55aa,1,credit_card,1,45.86
cc0ee746e44b018d18115fbcea7547e2,1,credit_card,4,601.49
"22085be04a775c3ed4245c35bd9f822f",1,credit_card,4,43.66
"9725871b2a067d972355980be11e7d1d",1,credit_card,2,132.03
"1d99187d9f0f50da550071fbba6d50c2",1,credit_card,2,112.70
a733d8fae1088107bd126d4afc3b4118,1,credit_card,6,66.60
b5ba129c3461e787bf826b827b5a03ab,1,credit_card,1,127.43
"014ffbfe2df4c96a2b063d084583978f",1,credit_card,2,94.30
"92ef3140d9d92187a04b1bd643f32dc1",1,credit_card,4,69.33
"474541d7d0b44098a9cd7167a8d1306e",1,credit_card,1,46.39
"700070e69858b585d65a370ed6204d3e",1,credit_card,8,609.43
"66dbc9ec3eb2119ce225357587599804",1,credit_card,1,55.85
"44d48877c193df24fccfd55feefe7521",1,credit_card,1,22.38
c359ea677d56a4dc741b767e413a23f8,1,credit_card,3,34.09
"7a9436be8022293777e4f2619c171b17",1,credit_card,7,73.86
a77cca7194eb954b66731eb2541cfd9f,1,credit_card,6,61.59
"0745201fea5d6f4aabd42e92a7d3b3b6",1,credit_card,4,197.50
"29bfedddd3697cd54c2388547b1864b5",1,credit_card,2,165.72
"1674cd4deb921f97a794a8401ce9017b",1,credit_card,3,228.78
"282c9fe1ed7aba574f1c0e75ca7fff30",1,credit_card,3,175.95
"796e3c109c8740eea3d4321a8ad5ca5c",1,credit_card,1,111.58
"9cd3b6a2b07667e425975a219b4fc382",1,credit_card,3,88.22
"6da61def5ee2d55fc6b9dfbc43efca0b",1,boleto,1,65.03
"4320677b3638816c46bb7ecdf9533fd0",1,credit_card,5,226.57
"162dfc51ca1b437a56f199501bc7fbda",1,boleto,1,67.36
"74a93edfa68b687b0e3697b4e20e4b80",1,credit_card,7,71.79
"3a5e6cf8d29afbbc312762c88b4a7fb9",1,boleto,1,121.88
cee43113ca0a71b50e899098ec4c5911,1,credit_card,1,34.14
"91d7fb75f83fd7b4b4cc8759b690e88c",1,credit_card,1,139.07
"996205a42aa5c733caed84046b376508",1,boleto,1,228.50
"38bb5f9d2356ae738afe613b8e723645",1,credit_card,1,73.34
"83a9c18344682fcbc57696019ff1ff2a",1,credit_card,6,67.60
"6150df8ab9ea72d5c3eff1c320ae43a8",1,credit_card,1,39.23
"6852fa728e2ac8e2cf24b939d7d9908d",1,credit_card,1,75.08
"5f19271c1eb0a8eb0a1efed995df752b",1,boleto,1,279.57
"4e88622fff810dd27f43c1663684bcf7",1,credit_card,10,103.26
"6c06ec42ff43ae8f164a1403c0ed264f",1,credit_card,3,35.86
"46a82de7cb247602021cb71731323fd4",1,credit_card,3,286.17
d83c0f39f97da394609c05ada10110a8,1,boleto,1,31.38
d054a3b4ad29e6dfbf833d1be8ac3779,1,credit_card,9,190.89
c776b1fbd42cf8f17dc6d29515fb3955,1,credit_card,5,55.10
e5c5696c3d5677d8344d887b87836487,1,credit_card,2,153.20
"05ce7829fca9c640cd884ba446956158",1,credit_card,10,622.64
"9cb4f8b17250c5cf99d923b8a66c0f33",1,credit_card,2,106.29
f1254ee692815f607bd748f1b50423db,1,credit_card,2,116.94
"5e62e50d9a6f7899a6d806fc809d99c8",1,credit_card,2,175.64
"75e005e5bcbda5404c4c3f5dcb16f7ae",1,boleto,1,48.01
"01bbfee76e5e3f96f008c781c2c17bcf",1,credit_card,1,36.15
ab95c133fa91c2393fa23e00e0cbd444,1,boleto,1,41.04
f6dd1aa8fa3044414e22a55d943ab7b1,1,boleto,1,27.78
"9cde7398ead60380bf2289455b2d8dec",1,credit_card,4,98.30
"73df5d6adbeea12c8ae03df93f346e86",2,voucher,1,14.01
"774039c8407ab307e575f7adce8e99cb",1,boleto,1,42.48
dbcb6cca18be698dc8022a2c700f84c0,1,credit_card,7,143.66
a8c151e54e03b53004b0e1c8e7bc033d,1,credit_card,1,22.39
"958c6a70e60365b576dd696ad29bbca2",4,voucher,1,15.48
"2ba7606d460463236bcf10ed3f6510d6",1,boleto,1,63.59
"1d96a7c14a9528634756937849d8467d",1,boleto,1,55.00
bc22fea220f805df6f4e021a709e668d,1,voucher,1,166.86
"636f73118014a54ac2fff02765918f12",1,credit_card,10,241.18
af04ffb35720e2b0ba3e0ff0265d18ac,1,credit_card,4,65.34
"490291524fddde2b31c2e6bec3d9e6da",1,debit_card,1,44.47
e512a1c0f56b158f913abc3cd64933d4,1,credit_card,5,294.18
"4c09b402a17b72a4a9338d51a8759b4a",1,credit_card,10,107.78
"6974b0dd5a23c544aa4e67c7fd711ca2",1,credit_card,1,119.90
"5c0cc9b87566505f6f3d3a3de406c7e7",1,boleto,1,87.62
bc4df405798e78b26965a4b62efdebb7,1,credit_card,2,68.22
fa13371966ea8d560a9f52d266d68a63,1,credit_card,5,118.10
"243d739824982fcf38760767a16aa453",1,boleto,1,169.37
"1233c2a7be696e62a9196419365b5be8",1,credit_card,10,991.52
fb43fd15582708b731c65d9ffe35a5f0,1,credit_card,2,50.83
"3d8ed993d912b6305a7e18299ee3f9b9",1,credit_card,1,52.68
"152c657cdbdb6b803884cb4f691d17e9",1,credit_card,5,826.42
c3e965d28e37d80bb60217301e01f67b,1,credit_card,4,56.23
"678e948d6ef6324c0891d0c714d23946",1,credit_card,3,292.37
ea500d2d546dac2099f6ab0531823025,1,credit_card,4,177.39
"36afb06434ab81a7645257e4cf980c2c",1,credit_card,1,21.75
"5a871bae2099baa240120ca7f19cc530",1,boleto,1,719.96
"917ca364b9fb9460dee6ea613ee2a5ab",1,credit_card,2,491.36
"5d86dc1cd453634d7deca975d23fe39b",1,credit_card,1,48.75
a9bcf1a7fe9234ce388f78f3902dfcae,1,credit_card,3,44.66
"2bd9bddf117b28b0736de5b81eea032c",1,credit_card,1,236.64
"7652086d66b18b3e2f19c1a28d6cc670",1,credit_card,10,101.25
e804ad37d90d9c32dc3ae61e90a06345,1,credit_card,2,60.74
a549c8b114c27a1e0f6d723f9d48e5c5,1,boleto,1,163.25
f95e68e0a929684e9e406ad28d6604a3,1,credit_card,1,157.22
"45daa18f4e3e34c727128f6a775fff95",1,credit_card,5,75.36
"53a9030f4c378093408080aa3809e214",1,credit_card,8,285.63
a6d7ec86cdee674d7af1adaf72f05cb3,1,boleto,1,31.75
"816ccd9d21435796e8ffa9802b2a782f",3,voucher,1,111.67
e06a1ec7a71b079fca2cd43d67dbed30,1,boleto,1,136.60
abcf5984d3741238d9c49184b7fa5941,1,credit_card,5,145.01
ad7d812f43f6308a7105fecab91fe3c1,1,boleto,1,861.26
"821e765f0bcdbdc5e6769985ddc5875b",1,credit_card,4,41.42
ca843d205ec288c96c0133bc678c44e8,1,credit_card,1,56.66
"7888cdac405b09671099be62efb2de3d",1,credit_card,1,57.50
"1b15974a0141d54e36626dca3fdc731a",1,boleto,1,2202.40
cdd077f14d312b2490a97e9b1fc0caab,1,credit_card,10,513.22
dced68d765c92476f957de16fe116ecc,1,credit_card,1,86.58
"48f3a0cfae19477fb7c023ef6e092dd1",1,credit_card,10,211.71
"71ffc719d4d2f2dd4f358a699fe72fac",1,credit_card,2,173.27
"337a9f67f1a66c4e9a9734911c1bf2ee",1,credit_card,8,614.40
d269e3209c8a86e588a93e573cb97002,1,boleto,1,304.59
"7842147864c0425541edd55923f3c0f1",2,voucher,1,50.00
"8145677825a046ef68ff103a47a8be48",1,boleto,1,37.61
d3181d89d5d30eb7e7ebbc78b4a0ae0f,1,boleto,1,113.59
fb975e889b11a08705d3b2734b626916,1,credit_card,1,47.02
"325aaded48f3d27932d49793acc90b9b",1,credit_card,1,31.53
e29908a97f47e204d0782ecc9ca903e6,1,credit_card,3,75.37
f199cd14cb3f15b4b30dd5b94dcb7cc1,1,credit_card,5,241.93
"58f9ab98b542d84139dda631d9e257d5",1,credit_card,4,158.07
"9ff240b0d6016a232a320dfb5ee5f7ac",1,credit_card,2,112.71
d51e56e6a1d66d3b91bf2334a386cd69,1,credit_card,8,157.25
ab021e4a57f9a5590977fb19b619b6f6,1,credit_card,4,48.74
"1f6405caa14a2debb88594b0471ed340",1,boleto,1,148.68
"087f3b4c583de715fda96594b3a03b65",1,credit_card,8,96.80
f2f162457ceb32f4b3e294792b7aad5a,1,credit_card,1,267.53
d704a9711f8054198d01cb7bc07ec101,1,credit_card,2,26.15
bdc50bb13e6d041fb5d868ec076072b6,1,boleto,1,65.09
"0286e258217733541e80588e29c208c1",1,credit_card,5,81.63
f8dd8cacd0d33fb0f421b3d5afd46dad,1,boleto,1,58.37
c849168aa8c91a3346f9a62fff05da71,1,credit_card,2,61.11
"4aaa7913ae2e01354746761242815566",1,boleto,1,165.80
"23f55194f215ebf6254bc34d267f7d9e",2,voucher,1,20.00
daa31883279538aaa2097f19342c2b90,1,boleto,1,37.77
"762a9cdd2e3fd387578659ea47e850b6",1,credit_card,6,68.02
"923bd0dbdf3223a889b7548f25d973fc",1,credit_card,2,118.85
"23713e469663e0ccff987496dbdf6428",1,credit_card,10,215.31
fe46aba4a014e5b994e190a8b8ca18e7,1,boleto,1,78.96
"58ee901dc817aa7f36518d079340b80f",1,credit_card,5,107.59
e21f5c7662bfd911118d391867417f49,1,credit_card,4,157.54
"4edad09fd434060fc566a802260c544a",1,boleto,1,183.91
"50aa38855e4ae4229ff0897c6ce7511d",1,boleto,1,155.70
"7d39dfbe41d0fcf4a1bf8a09cfd50a31",1,credit_card,1,155.73
ad45318f69f5c8613267854b52b2996e,1,credit_card,2,43.69
"5d952c5bc80b046c423373cd126ceb00",1,credit_card,1,55.10
"3d9b5cf13225583103d0ce6b29cad9c4",1,boleto,1,78.91
"29bb5aa6d14cbab0801064aa1657b538",1,credit_card,3,131.81
a0ec2470862d2c4a1e6a4059cf80e330,1,credit_card,2,39.17
b48b62e1c4a6ba9d0590ea31dc623235,1,credit_card,1,66.53
b7d161c2d8850a5c429ef63f992193d2,1,credit_card,7,78.80
faa54bc5aa33bf46cfeb7574c19ee20f,1,boleto,1,38.53
"94559fe2283a8ce81e14d3fee1d4e928",1,credit_card,1,194.48
a3a3b0aaa23eddcb93f63fad71f13391,1,credit_card,3,73.79
c42fdc1266a0ebdb032e6afaf8320b6a,1,credit_card,4,167.70
"29446d5a7212cd18dec57e1ba28c2dee",1,credit_card,1,48.41
f4bcc27cc1e629c8ea22ae96ab8751ae,1,credit_card,1,121.58
c6d2aab4e1535440ff3edc93bd70cff7,1,credit_card,5,52.67
fe7d49cdcf690228d8d476caf24ef2d5,1,boleto,1,82.98
"94d1e075b6cad085871799dedd2b7e3d",1,credit_card,1,114.31
"76d297b7eeb8abdaeb5d573e33336449",1,credit_card,5,56.52
"7200817edfaf24464cd06cc29bc40827",1,boleto,1,237.77
"92ea21bbb9c9b6f286602dc4c563d087",1,credit_card,4,386.76
eeee6bb6362f699fcaf86a54fe701c7d,2,credit_card,8,124.25
a8b287712f97be514752ebf62271b2a2,1,credit_card,4,276.57
e80607d735f571309e8438fb2ca4f594,1,voucher,1,31.26
"89b9dca459730f82d38425daf378b9e0",1,credit_card,1,19.33
bddbf3e2e05b552cf012d0d967e75de9,1,credit_card,10,230.90
d4c7d646f06e6b9cd7435413052a24db,1,credit_card,3,118.17
"893dc49276696129a9bf6f2a9fe23e57",1,credit_card,5,169.23
e1e7bf45ba3cdff55983f9c1741384a0,1,credit_card,3,136.93
b05922c45fc699ae9049a2c5add3e02a,1,credit_card,7,73.48
"0b93ee12012954d6b2a2c9a69ce4fd24",1,credit_card,2,85.24
fe4ee6f5250415b2264eac9693949e2f,1,boleto,1,52.38
a6325795dfacc6b956a81ab35de34506,1,debit_card,1,35.85
f70949d16657f92be440c72a0094053a,1,credit_card,7,703.63
"9dbdb4ec80d02c90c7e93c786592629c",1,credit_card,6,127.01
"7cf30c7e9430432cba6c3f562818e29b",1,credit_card,6,181.55
"6e6636cab2d96091d69a657c2c4a0890",1,credit_card,7,150.60
"31c97b9baf5fa7ec99a32d2e0f000937",1,credit_card,8,241.89
"584fa640e7dbb97b52206a50abfa4d0a",1,credit_card,2,148.15
"50d9186d77acd4105e6dc1098ed0a28c",1,credit_card,10,385.75
e3352388edfd888eea554ed3c10eaef0,1,credit_card,1,25.77
"9fb81511dfc1d6959ed1052930efd8a6",1,credit_card,8,511.43
"2939b6d48c2488e276205bc547c56aac",1,boleto,1,195.36
"9d0e743a98942852dc5092952b91b470",1,credit_card,4,106.38
f9ae6383e4dfb7b5d309593d052000d6,2,voucher,1,74.71
"8e19df6c7ac6230b4c0c82b9d8a3dc46",1,boleto,1,128.15
"74bd06b5f9e79f8761e2b924e65cdfde",5,voucher,1,20.00
"3f42893ac4bf0ff60f79ff701a65d0fe",1,credit_card,6,62.59
"43150008aa4569cfef4be756bd7dbdd3",1,credit_card,1,122.22
"642286231b99c682c417463cbdc00b8f",1,credit_card,1,33.99
"92af6caa17b88fab18c4c443739e1f13",1,credit_card,2,133.25
f104033beebfd7e8f12217531c2275f9,1,credit_card,3,157.20
"462f9cc53b515876d85050cb79dabf3c",1,credit_card,6,244.47
"2ffc70ec1398e16897e15c034ea5812c",1,credit_card,2,167.40
"79e324907160caea526fd8b94389dbbc",1,credit_card,2,25.29
"865877542f1840626ccdfc88e0b74684",1,credit_card,2,100.34
a0f2abd22194d771e11728852ff988bd,1,credit_card,1,0.76
"604ed3ff72a9c67c6fcf940e6ba3bec0",1,credit_card,5,54.10
"940732b8dc54f854975ffb339263bcd6",1,credit_card,2,31.75
"084ded1a75b230fac5331c786694ab7f",1,boleto,1,82.98
abcb42831f6165cda2570c76e90cda5d,1,boleto,1,72.57
"7904ad4690e52067be7de5f91f2ad3b3",1,credit_card,4,59.10
"1ffb9dc91fdfd3d86671c5dc2a94dab1",1,credit_card,9,198.47
c932ba6d8ed80935ea754bb0bf682024,1,credit_card,1,55.69
"64f475afc29a44f71955d00897cbeac5",1,credit_card,6,127.92
"1aae876e8a8dcd3f41f6ec9aae3de9e3",2,voucher,1,47.82
"0fe9c7ad9288ff24bb738af81a27ef4d",1,credit_card,2,44.24
"7a36cd04e45972a421517cb7c8a813f3",1,boleto,1,130.50
cea5e0855983d7dea24b0b20fae2008a,1,credit_card,4,49.77
"5ae7a6fa175ab7b180b6c0142e5466e9",1,credit_card,2,105.14
"920b7ed9f8f073005d0fcea7fe293bd7",1,credit_card,10,182.37
"58b87ea5983b516a65c22435901c83a5",1,credit_card,10,165.40
"24f686e03e134195c83dc3e2b6bf4cd0",1,credit_card,1,44.10
ef208a54d9b685d3a803b28bcfd72f3a,1,boleto,1,142.48
"53bf51495103abe64e330f5360456ca0",1,credit_card,1,51.09
c9a9cfcae27293ffcf7a40ce1e34f18f,1,credit_card,1,67.14
"5f77c667e359b2c0f82926620943feb0",1,boleto,1,67.30
ce42a8b69a1f006400c700bb5616f736,1,credit_card,1,61.86
"5809615d50c0de0f3750359fb6bb1df3",1,credit_card,8,120.24
b7f82499548a3de02968030aa7d011f8,1,credit_card,2,147.36
ad18be9bebe6d2b6b02b38f8da9e08d3,1,boleto,1,174.56
"3c20f6cdfc62556d4c0ee421cbff6d76",1,credit_card,3,127.22
"110ac0768c3e3a78e2937b1cb1ea3395",1,credit_card,3,40.60
"403ed75cff50b04645c2414360fff7b6",1,boleto,1,55.10
"24040647efd179bd506acacbbbabd838",1,boleto,1,137.50
"49c256b6db84e08634e7b665e0b6f63a",1,credit_card,2,94.87
b48681f5e795989ee7e78953269720e2,1,credit_card,3,39.09
"60829fc61d953ee429eba3f03c9b252d",1,credit_card,1,134.59
"43836bb9e5c73e492e6361c1c5af52f0",1,credit_card,10,121.69
b30a6793df66beef3870b532c09dee15,1,credit_card,5,174.39
e6ab8245f96b5c84ade5edfb8e0c2753,1,boleto,1,542.66
edeae57fd6bee25e030ac14863a6ae0f,1,credit_card,1,14.92
"11553350b61a44e1a53b118b920e2e3c",1,credit_card,5,50.86
"07adb4d17fca01935d0590d775e9569f",1,boleto,1,89.63
dc3adcbd8f32f4353540fc05d067ff4c,1,credit_card,6,66.95
"9ac146c59c6dae84516a85362fdbbebf",1,credit_card,1,38.36
a206b5b5949384fc699e072ced43192d,1,credit_card,6,368.12
"689338a5ff7fc20c596ee2695dfac8c3",1,credit_card,6,63.27
"0580802ab0d4809dc16b4c9002c01a27",1,credit_card,4,156.00
c3dccfbe66b74ceabbf7dccf02e1a56a,1,boleto,1,190.01
d028930433677c26ca42772687789041,1,credit_card,2,157.43
"503a416fb4261893e74138567c7138a5",1,credit_card,4,177.21
f34e0df97c804d04e00ec61cd77cf9da,1,credit_card,1,1084.71
dbf13fbeffe18a8079ff256049421669,1,credit_card,4,47.61
"4978579248016c3a09d6dc043bbc4ae0",1,voucher,1,103.99
baec85e7fa005a17b89b8bf93300cb5f,1,voucher,1,16.95
fcbde30c46201f8fb244724e710ccd57,1,boleto,1,515.70
ed7020a10eed1ef7a4895ad933baa211,1,credit_card,8,115.39
db55d12cb2a29fdf6814668f79a90b1c,1,credit_card,1,20.75
f6b803d15fa58d6e0409ce0cda40121b,1,credit_card,2,53.99
a74fafc20413a7a0f1035a1b9d22d687,1,credit_card,1,33.12
"1dcb1b82de3a13d219b6c84a8ca45b8c",1,boleto,1,55.10
f83b35bc0a9c439bc1a4a6597f425432,1,credit_card,1,22.77
"639b5d8bf7e249da69911af69ff9ec37",1,credit_card,1,34.22
"53bae42113a177b31d3aa02c73e0d3cd",1,boleto,1,49.22
cc4dea61bd3aaacb0780ccbc6ad94eaa,1,credit_card,6,120.59
"0f343854453911b5614ee51d9532c619",1,boleto,1,199.93
"1c92d119b3e5c714c4265d02746a8dad",1,credit_card,8,377.39
c2fc2e36ac235bd9043a50b1af5466fd,1,credit_card,2,135.71
b3656ff96573b07910d0f54a4505454b,3,voucher,1,28.28
"8d04cc6c75bba21874268deda821055d",1,boleto,1,216.67
ffa378a0d8e871367fbe51bdd9e12a1f,1,credit_card,2,58.80
"02d3254501ce969c22c38d060166bf68",1,credit_card,6,123.68
"16547d000ee8f177f45827613e2a17f3",1,credit_card,7,70.08
"785b7455ab5bec2f5e04de3cf829209d",1,credit_card,4,43.09
"6108337404ca19622b994a70db91126e",1,boleto,1,114.26
"051b95df471b0bc57ac737b9d3057954",1,credit_card,2,70.27
c7e6c5f6d269f68287d1d2471d70bf9f,1,credit_card,3,65.10
c5aaa563ef4b0fd289de861d637f5a37,1,boleto,1,84.65
"363424d26d96395e168488b25d4b9efc",1,credit_card,1,36.75
"2e2439a5475026018c3062e54f16f56e",1,credit_card,6,139.98
"61224c4690fa8613b56e0469cea9415c",1,credit_card,1,42.56
"94c2953e576ce67919379eef0d351816",1,credit_card,7,79.53
"0eddcb4ff71cbdcd60daa73534248d92",1,boleto,1,98.30
ee3392ed69b3aa71906d6890c571cf81,1,credit_card,7,79.60
cd068e0974cffc5007e3b5dcb416da26,2,voucher,1,50.00
e15fc1d42ce26a4f976cbe33878fd4d9,1,credit_card,3,155.85
"22aaa02adda54ed16ee8d3eed7cb23f9",1,credit_card,2,110.20
"7f57cfd0b88f36f8d013446482df54ff",1,credit_card,4,45.00
ffb73c3b138a51d4c3a2b7f60c5f5de7,1,credit_card,4,85.23
b58d52e3a578620cf3e4cd9b2b5a0516,1,credit_card,3,68.75
"6b0c1e4a670229bb6ad952718c3f7b10",1,credit_card,6,95.02
a2a53e824841856d25e9fe22467e4209,2,credit_card,8,413.58
"498df1cd2e70db2732f74f8c673e733f",1,credit_card,1,67.50
a028a53499d56225d417f0561ea2c1a8,1,credit_card,2,172.04
b06fc03b191f5e9941e47a486b766d35,1,credit_card,1,34.60
"33eefd3aa85eebe6a110e9fcd67e8be7",1,credit_card,1,93.30
b68ddeb97ddf4e9a2aae5ca84590a596,1,credit_card,2,232.96
fae3bd74427278464a08777366ab3f66,1,boleto,1,69.48
d639926cce88a791b1e17e02611688d2,1,credit_card,4,41.75
c41d21819a5e971c0402f04c9c747eae,1,credit_card,4,198.68
"9506bf16f764e91707db1ffebc90b494",1,boleto,1,77.47
a110dc76d143226dd697dedf9f513f14,1,credit_card,2,97.27
"0e76c1f1cc3a0d46923197991617cef8",1,credit_card,2,60.00
b4d84c94b807c15d5499ce40b6122efd,1,credit_card,10,360.26
"85d957400258b718b1fcaa00249b3041",1,credit_card,5,57.68
f331aa0f00901e6fac9d24f48343d282,1,credit_card,1,94.35
"3522f6da18c89c3dfc0ddb540afac391",1,boleto,1,55.65
"73ac25417f920bd2a20e770b8a37ebc4",1,credit_card,2,28.78
ac3ae8fc5dff10d6c86e54f2ee4ccb21,1,credit_card,1,45.48
"9c8b7e134959999ac945ed2b29537c8b",1,credit_card,4,86.76
"175a79065991e40569812e90232dc38d",1,credit_card,9,880.80
"4c405d4709e91c1a881d8e70a74d9dbe",1,credit_card,2,189.39
"498a0b00b1c51a95e61baebf6379d76b",1,credit_card,3,192.03
d5f00152185286db9711864486393e32,1,credit_card,1,118.90
d5b9e35b93a4d8e6fcdac2a40528772c,1,credit_card,5,171.61
d79458e753af6edec4b2c73e07ddf01b,1,credit_card,1,25.50
"8b0c41cf775bc5fd52a29c39f9a40537",1,credit_card,1,145.66
"0d34e6a3adf3e9167496b8fa889d5ccc",1,boleto,1,55.00
"7a35319beabf36472c45cc9ba67f0745",1,credit_card,10,1086.08
"3d48d7055649a7d98f6a19f781314830",1,credit_card,4,84.76
"0fc8b7fbf6a7c5ab753e2e3d0ae70d8f",1,credit_card,6,114.91
"09f541f117ac3f665dc3aad6d3bb8fc9",1,credit_card,2,190.91
a7ee1f8963042a28d8482aeebeb24c4d,1,boleto,1,93.30
"326fa4ef13e06290f3b142da7663d4af",2,voucher,1,64.82
"35f4b9d2da608b31899564a51dbabd35",1,credit_card,1,144.47
"1864e41539736858aa1100d27cf3f34c",1,credit_card,4,186.96
c74bd07279ff9071da02e33f07e77bed,1,credit_card,3,39.42
"39b264b9ada30f099e6584c09c902745",1,credit_card,10,128.00
"9b17125defce8ecb669a929fce9bb7c8",1,credit_card,5,119.52
e05c5dd39353fdd625c7896938767124,1,credit_card,4,826.29
"32c28df30cefeb8eb92d79d4adba2e1e",1,boleto,1,57.61
d209a096437820f2ae09fdb0e5637474,1,credit_card,4,621.76
e2f49525c9c3c8cd854d01239a6726d7,1,credit_card,2,198.12
fa57a38d61b5762b8f0b36342adc7157,1,credit_card,3,157.51
"056349f85a73d794119c4286c95a52de",1,credit_card,2,27.04
"45e5d1e609ed1cbc67ab89e5f817849c",1,credit_card,4,528.22
"3faaf3fd5977e5b69227092accef04bd",1,credit_card,10,161.86
edcaded448abfc7302a12be6f10cbdec,1,credit_card,1,63.10
"43e917b2a146846aca9fd484d407e819",1,credit_card,2,26.13
ac83b3a9b2e0357ab064f35cc0a2a557,1,credit_card,1,55.09
"59a6a4f84e0e583a39c2f395343d27af",1,boleto,1,45.09
d76b164e4e70f560ba7c2d4f155b09d7,1,boleto,1,148.54
df9a83542974f3a48afb63552d2f4bc5,1,credit_card,2,76.58
dd1341091b6a6b619079944b4aa45eb7,1,boleto,1,33.68
"6c5ded71cfa7471ced232b2cee03ff8c",1,credit_card,3,44.08
"519a63cb3ea1d2c4b1364552eacb6b29",1,credit_card,2,148.22
ffa4d45e1a7f3bab8004bd703f52a65a,1,credit_card,1,25.88
cf4f9b14dc732f5f824b66bc35c3cf69,1,credit_card,2,33.00
"76507bbf7372c5261e9cecab5d23c252",1,credit_card,1,196.01
"88fb107c0a2468a43a4c093490ac14cb",1,credit_card,2,51.83
e5719cfaa683987b3ac4bdcc0c5c6a46,2,credit_card,3,48.07
"4cca40adc01e2bfb94dc9ec45658e661",1,credit_card,1,45.32
c46eb22210707fb554e033849d39b24c,1,boleto,1,141.81
"9e02d72f347640b319a659ea810f90b9",1,credit_card,5,58.36
"109e073454b94ec80ff968765bb1bffe",1,credit_card,3,33.72
"424e1ceb3de9ad0df2ae67ce62d75bce",1,credit_card,1,209.11
"4c8649cbc5b80495a3d6df0ef599072c",1,credit_card,2,85.75
c96e52fd91fc51921c9ed964b468d9e3,1,boleto,1,62.50
"6c49d31e69b107dfcd20d06bf4141749",1,credit_card,1,38.01
"4ea17d0c90f37e942470706403d14a7b",1,credit_card,8,206.41
"46a9fa5d713a569777fb30562505588f",1,credit_card,2,145.58
"0402c01cc0985160e52a67f202177b78",1,boleto,1,70.72
"6c1c16fa159e9636157531a51b40d473",1,credit_card,3,56.22
ce8f5eddac46e002a057f440c9bde458,1,credit_card,1,40.70
"40e4b27fe658a1c1e627e503b29ef734",1,credit_card,8,95.37
"5f5b21953fb3ca7d0ecdb72d5625d59b",1,credit_card,3,30.17
b8ca5c17e73529b3e763b42b5e1ad575,1,credit_card,1,42.44
a96dc2c8b069bb0b45b539cc316a9aa4,1,boleto,1,96.65
"46936461f0c4e3c80b9289ce5fc1682a",1,credit_card,1,150.89
"1f7909465078f50556e6885d980da7fa",1,boleto,1,95.01
"2791f136b9474da2f7f56a8366675b0e",1,credit_card,8,662.85
"2db1b946263ea358e693eb2aea38f157",1,credit_card,2,104.19
"38d33a629bb89c609344e7ef727bed13",1,boleto,1,82.33
"772014e90d68acfafda19b12094adfc8",1,credit_card,7,76.86
"4bb910ec56715c3ecf032012fa3f8bbf",1,credit_card,3,116.94
a9325e83ab42d94638f515a534e5b25b,1,credit_card,5,644.54
"3a0ad73a22a4ca1af66f3f7ee5c6c3fd",1,credit_card,10,184.69
"966035ca31422485dcb5d5a70af4080f",1,credit_card,2,116.85
"82f4c933483d577ca9f00f49b1203155",1,boleto,1,23.78
"8e60a511ac30aacb9ded963801a906af",1,credit_card,3,198.38
"4d3d516722fec1acb74876f71b18eaea",1,credit_card,7,214.54
"5939f36dbe12649adeba478ae3c7e636",1,boleto,1,59.66
dc9c5e38f7f39900731ed6c79a2c4849,1,credit_card,1,147.15
"2482a3ac21e8d1e6528ac010fe8c4c4e",1,credit_card,9,107.78
"251f0a3981c4a8cb853a9cc9d6ba49ad",3,voucher,1,38.17
"09b8d47d2f753e1c1ee4da43e4429ff5",1,credit_card,1,463.71
"1a949e19da7e100bd8220d2b47db7eec",1,credit_card,7,159.75
"6fb61aa0a0b7b2095b397d85d36693c5",1,credit_card,8,551.32
"3a18acaa3bee904f8de00e2dad0f6878",1,credit_card,5,55.10
"743358c2870aaee3175044cd2552410e",1,credit_card,2,193.39
fb7f4f9f554fcd3ae98197ab5e81bb53,1,credit_card,1,97.78
"4c64f4f7a59f7092060cce91b033d7a9",1,boleto,1,382.74
a548567638d3920647c0dc39b8be4daf,1,credit_card,7,144.13
"1a08b06cb8b9b557453b70b83fdc69cb",1,credit_card,2,83.41
f962d2edc594dccae522feb6446d2104,1,credit_card,1,1123.86
"02d63a39dc1b1a296141b46d3db19415",1,credit_card,3,145.79
d9423f55c7be4e211b72f44048af2e85,1,credit_card,10,284.90
c32be5fee22d2715636baa8d0f2a4801,1,credit_card,1,58.54
d190601c7afe54080287732ad2b95941,1,credit_card,1,39.23
a12de642288c88d6a5aec20f46a12fa6,1,credit_card,1,57.11
"4579adc6cf97f147f82693e0b25e3cec",1,credit_card,3,158.69
"5c092582307d1169e1a475648c90003f",1,credit_card,3,74.38
f875abf3cc68933b94d08b4ca51726d0,1,credit_card,1,67.13
c16b2f87363358424fc62869aa07cb97,1,credit_card,10,147.57
"82492ccd735c628d8a98d08d7ffbe501",1,boleto,1,68.53
"49d85b61244a54a41fd61ce06cca96d4",1,boleto,1,130.13
"15812af232ebe0d344d123c18fde51eb",1,boleto,1,27.49
"2767b7408c48c599a9a6c170ca651252",1,credit_card,3,36.42
ae60d8ce9aa713ec6cc02a1b15e6759e,1,credit_card,1,120.49
f90202d14e468090464aeb4b1f0372ab,1,credit_card,1,102.56
"0d23171e8f59317b049b93ff11bf3cb7",1,boleto,1,195.56
c20a9485bdb520396c83079ef63bc71f,1,credit_card,1,70.72
"1bafdeda7fddba2882f1fd3279fab46e",1,credit_card,8,159.80
"316de33d2305716d16f6fba75d609f9e",1,boleto,1,251.36
"287aa7d50180e13427b4063f9f13e611",1,credit_card,2,312.64
d97c11eb9b8f2f16f9b40432c070c8d3,1,credit_card,1,27.48
dc7b936d5f26f7506fc2242764d07424,1,credit_card,7,153.90
"867f0c4784f36732024bc696739e400d",1,credit_card,2,123.49
e8b1491dfcdee1fdc21ca1f8100308f7,1,credit_card,5,385.36
bb713fd5cb7b02db84e82bee9c98304e,1,credit_card,2,56.09
"150dc175b7b194d73dcf47f08fba98c1",1,credit_card,3,35.00
"9cbbfeb4725fc1144efeb735c4444b91",1,credit_card,20,225.06
"4feb155d6d4d8b2ba3191d90655f3b99",1,credit_card,3,39.09
"736d9580e48fa6a156f60f5341acd2da",1,credit_card,3,88.54
"3aa7ede1b23edf1284d91439d5ccaadc",1,credit_card,2,213.64
cdd2bd78457525991f04c54ebf835027,1,credit_card,4,213.76
b0f57536fcde0c4422cea71a465326a5,1,boleto,1,285.63
"05580ea6005bac590a3f143473c9b296",1,credit_card,4,211.72
ee987bbabed0cc87dc5354eb2b661740,1,boleto,1,600.83
"40a5bd91abf23d336d1f3584101d860d",1,credit_card,5,171.24
"9e929678356c7476ba7a7f94d9715062",1,credit_card,4,214.11
bda2f04a41788a693faa650bac613441,1,credit_card,1,27.67
c1d124970fcaa7b1b9cabc82418f7fb0,1,credit_card,2,136.08
"7d4101163410b1380268da3933e691f1",1,credit_card,4,213.94
"1347acf3fe05018c48139ce35aca77a6",1,boleto,1,191.40
"3b81c43a73c516855c1f690e280e3466",1,credit_card,2,83.88
bc1a9933d400e03035913b81f0481158,1,credit_card,2,50.00
b3a88e8c72e5e7747aae1dfac838de6d,1,credit_card,1,42.69
"36b29d751a3c14a1b9be3bf8321412ff",1,credit_card,3,87.66
"01dd7b32b57e2e5633984f61e456b046",1,credit_card,1,23.87
"4735d69a263ba04fa00533b8f3d317b1",1,credit_card,1,115.48
"0fcddd81b836920211d255a9bd25ae50",1,credit_card,3,107.84
eac76692452422620996fe5e1a7f8bb0,1,credit_card,3,169.23
fc512d4792550a29d6b7941c38ab612e,1,credit_card,8,234.95
b5e7a885c4a373e5aef1caffa539d967,1,credit_card,1,148.15
fb7d6ea70e823cfb1afca3524282cbf9,1,boleto,1,376.25
"5adb752a21287f421571ba1688dafa2a",1,credit_card,10,585.70
fc2dd41f06d775c7fd26ecf8a529ae0a,1,credit_card,3,152.58
"95c6db0572aa00cdfc22e3419805ffc0",1,credit_card,1,254.90
"11cc652169638a4d794c1d0d040ae120",1,credit_card,2,173.86
"849e25f377587e96a7c12453f32f7fb2",1,credit_card,6,161.91
"4ac2b21645a33938ab26a37096fcd16e",1,credit_card,1,49.29
"32744f120083b73a94a86096a61ca1c8",1,boleto,1,136.59
"12f0d35d150a1645900980264e766cc6",1,credit_card,5,115.88
"7d5a1a738b20a4220f8673e0ee63bafc",1,credit_card,2,38.64
"9b30bcabc00edde5c8117aea83c1c11d",1,credit_card,4,153.72
"3fce76a41d913dedb8f211a38fa0a8b8",1,credit_card,6,124.10
c93e4c73cba512f76817291e0de8bec4,1,credit_card,7,301.19
"1166c0cee90e165a1b3cf275339be6cc",1,boleto,1,108.88
"4327d6afdb4f716533cefc4929796d14",1,boleto,1,101.28
"5d7d786de9467c8066634d0e7a4a0961",1,credit_card,1,82.38
df162f4770df5501980a87aa661b5dd1,1,credit_card,1,228.37
"3ea264e36baf2f2275cdcfbd1b96a4aa",1,credit_card,3,73.27
"5718be47d367f91087182c0b796f77fb",1,credit_card,5,243.57
ca9a1d0ebf8bb6cf2e90199c3a936410,1,credit_card,6,165.37
e6a1e246119f970eea939974b1ea7651,1,boleto,1,44.42
c9af6b168a81fd8a714317ee3d7daca1,1,credit_card,1,183.53
b5f0cef68cd2c42cf22c53f76adde01c,1,credit_card,8,192.66
c5f2fc1736e716e61d88a8b5b6425603,1,credit_card,4,146.15
"43a220d7f0c5992e41c8402d1bb96caa",1,credit_card,1,141.08
f9f9db702438563b3248048f436bf2a0,1,credit_card,4,284.49
"89fa4e94189a9acfa88b8d22f4513035",1,credit_card,1,54.13
d7e46fa6ab3491ceca084b0552086f93,1,credit_card,8,276.50
"7e81615ea78ee199445fca4f2b1e760a",1,credit_card,1,273.63
b0b5259c58e77b7f9d586707946ce3cc,1,credit_card,3,125.78
"440e9f47085a2b746335a1dc25b8bba8",1,credit_card,3,332.70
"38bfa8770aab7482945c44803221107e",1,credit_card,3,203.67
"287ea13612e32e59331f254bb4f15f91",1,boleto,1,377.25
b27b73e4dc66dd3733d11cd49b3474be,1,credit_card,2,48.62
fdca429f65581d898afc2df41740f716,1,credit_card,6,1623.94
"69a156caae0c7a948c64e7eacb64d29b",1,credit_card,2,117.17
f9427374480e37251d5c279ebc41a3ab,1,boleto,1,43.90
"06cc571b0a86a28fa19139270e4d3aea",1,credit_card,1,31.88
"32fa6763db15359ea4f0f07ae6021ee0",1,credit_card,2,56.78
"42ccc07cc09ff8b0c392b43f125ae1d7",7,voucher,1,20.00
"8644d20fc1d990622fd19bd143ea7abd",1,credit_card,3,92.19
a56a7f475df6154f6e6ad0311578f697,1,boleto,1,97.34
"846e3d199aae8a67c1d6a2ca48889bdf",1,credit_card,1,26.54
d8e243ce9c93a72de3d0edb7dfeae971,1,credit_card,6,61.05
"08f20d527e3a4331f254f4063920c6e4",1,credit_card,3,71.81
"6f28feea2823c775f5b8110ccf4fe754",1,credit_card,4,45.05
ad9259e8a14df6ee75201925f28d4a8f,1,boleto,1,86.02
"16d3e6e8282d9f56a862a812e88ff366",1,credit_card,7,73.50
"84eb86f5f4ba017cd1644c27f6140424",1,credit_card,4,49.03
"964c6b3ee27c9fc1f196358f7065e774",1,credit_card,10,254.44
"14411076011e5f39931cf4fcae79af6c",1,credit_card,10,617.84
"0a1e9a535a370a7613939cdf2196c089",1,boleto,1,25.96
"5188cf1701fceace6ec6f14b40773f97",1,credit_card,6,604.62
acb597dfe15a4beb04578cbe48a6772a,1,credit_card,1,58.10
e1cefbb06b22dd8349b9f4797a338b58,1,voucher,1,86.74
b5d3fcdf8ca84d9d3cc1fa3dd244320b,1,credit_card,2,181.55
"03720fdc92032ee4abd471d172006ab0",1,credit_card,1,143.49
"9edb4a65f2f453139e9dba567889dc0e",2,voucher,1,38.20
"94acd425f088b17d675c6f8801f9dcfb",1,boleto,1,56.01
"2135bd317d81294f58211b548a783ca1",1,credit_card,5,194.91
"7fc039785030ccbe08aab72a58254c42",1,boleto,1,101.14
d347a4ddae83c0b8a9438522ecb7dfb6,1,credit_card,1,36.69
f05771c7b5cadd4177b82165484ac8da,1,credit_card,1,79.22
"8104760d9724e09916d654322f583de8",1,credit_card,7,77.72
dc1c38562bafbecca9a27dd77d6bdf5a,1,boleto,1,212.32
"1d8e763e8c1932624e855ff0c5240d02",1,credit_card,2,113.65
"156f6f0ed73a57da184aecc81303bf9d",1,boleto,1,31.28
"88b24cb0678cf5b316584a332f724969",1,credit_card,8,1168.71
c9a4b618ad5f1fe5fff967c85d43d110,1,credit_card,3,138.26
fa2fd666118d799e8d1872a146839d77,1,credit_card,3,140.68
"2c9015a3c9e7ded7dc344a1536b2c72f",2,voucher,1,104.98
"96192a86ceeb753de81aacdd955288f8",1,credit_card,2,88.72
"9b17ed1512fbdda27807b8f2f5de6584",1,boleto,1,117.46
"2772cb7ffe44f20a3bcb6fc52a9c3370",1,credit_card,2,185.84
"21577126c19bf11a0b91592e5844ba78",7,voucher,1,4.65
a09b9e1d3f95afbb8d9e0f8f87ab520b,1,credit_card,3,199.53
"403b97836b0c04a622354cf531062e5f",1,credit_card,10,1376.45
f1462e755e6dad34d26392c0715bfdab,1,credit_card,1,58.13
d95dc7171d00d08c5e2c57e693161db7,1,boleto,1,165.70
d6352e09945d985e2d2ef82baed4cec0,1,credit_card,3,98.49
ebf144597fc5b016fb405d0fea5c9e2d,1,credit_card,1,34.92
"23259ed6c735fe1c3e748d9400ff4a79",1,boleto,1,75.17
"7416b68f6acd9fa1b73d37eafcf94975",1,boleto,1,35.00
"2dcb16f827ccfc7bff5be2a6deb28bce",2,voucher,1,100.00
"7845d9a1a3d511b756a5c2c2352ba770",1,credit_card,3,35.84
f8164ab157d2fa8835750d2249e9b1cb,1,boleto,1,348.24
"4ced9870d4ae74e72958ff7d640fe303",1,credit_card,10,567.52
abb71252913999175f6eee9cc4ea672a,1,debit_card,1,121.72
"37864e339894159b890ecddc8f7cc55c",1,boleto,1,77.37
e3dc8fab0cf7aaea9a75decd180dcd8f,1,credit_card,1,38.00
e2fcf0dc80d06ac324b2169b7c1c46dd,1,credit_card,5,274.01
b5b535cb3c28e55f5013375fce94e054,1,boleto,1,100.36
"7f810862fa59153634479bde94a7dd01",1,credit_card,3,70.14
"9f6ddc9b8460329accba6276a10f635c",1,credit_card,1,45.29
"736a8a3d8b9cde5dd9b1f985fc523c0e",1,credit_card,3,161.25
"3f41fd6ddaad5817115c0d99360ad3e6",1,boleto,1,193.99
"56f7baee2d1568fbd2dac0ba1a77418e",1,credit_card,10,153.39
a9d21182da34ce17091420d35f22834a,1,credit_card,10,309.54
"5f992dcdb0beb547af4960c5a19e5d71",1,credit_card,3,81.63
c5a468ae781ffb0ec6d36ae89fe512b0,1,credit_card,10,123.25
e1a3568b83270103ac2d1ffd0e598a0f,1,credit_card,3,87.30
"2bb3ab4d835c05bf0567c0d74ad1d95a",1,credit_card,3,106.29
e92f3505810692cd4a0350b19e2d9045,1,credit_card,2,52.92
"844826697082ff384c2cbc98384dd70e",1,boleto,1,67.13
ab0c3c453c2467ddddf00d7c3b1cfdef,1,credit_card,1,108.31
"09c10d01ea598b37493ee93aa01cb066",1,debit_card,1,25.13
"7b7e3ed4365b8e1e3f9ad98617b4b64f",1,credit_card,5,346.39
"68553e9e7b2c06807226ff348142d3ba",1,credit_card,3,137.17
"941b2fd26e5b95866e364344706f66c0",1,boleto,1,97.87
"20f89728b6ca06def7c53881c9b2e502",1,credit_card,1,42.94
"34cafed7dd8f5b67bf8411c7fda78f49",1,credit_card,1,146.02
c7f036825b3a87b42323205cee8a693c,1,credit_card,3,87.51
"7a7ca02c6fd9b1c25e9452a6f56c018a",1,credit_card,1,107.29
"18d4a0c2996047bfa18e3f637f4ad763",1,credit_card,1,339.64
"3b1c5a036e0412d8c9dda3d6df67782a",1,credit_card,10,204.08
f967a36beb9cc4a1c8899db2d4adfacb,2,voucher,1,32.62
"13f68da1f137146006b4c0c34b6824e8",1,credit_card,10,741.18
b5590da0e1ed55750c6f09988b5935a2,1,boleto,1,51.82
"7433cbcc783205509d66a5260da5b574",1,credit_card,1,122.47
"8bd98fd451da26c29d29a56507b168a4",1,credit_card,5,124.69
"53f8daea6e8c8d787695830a448a3e67",1,credit_card,10,216.14
"1972a123466d40a62224630f7d0de530",1,credit_card,3,165.43
"87fcaa805e96b64e38168bbb1852225b",2,voucher,1,50.00
"03d5b9a74ff46435640f8bd737ac2237",1,credit_card,4,146.43
b3ba9e96f5d04c8c20e37e9ffd2e79a8,1,credit_card,4,96.80
"1b62de526ac8804be889b4b51c7dbef5",1,debit_card,1,84.72
b722a4d724bb8dc8c8f69f6239797c4a,1,boleto,1,94.99
dbb0da1abcce904dc52dd60ae31d5c12,8,voucher,1,5.51
"5b71035c88f2a3897eb7f0f73edb3f33",1,credit_card,5,791.76
e4a664fb766c91a75ec091362183c42f,1,credit_card,2,56.78
"1e09b85a1e6ef1c95b4c08e874ef7ff0",1,credit_card,3,71.00
"18d28a9e760a03f78cd4801507a48398",1,credit_card,2,116.45
"30f9be7f907cf245717f939654504bb2",1,credit_card,4,125.34
"94a475eca54dd55d7b506fa56a0e1695",1,credit_card,1,55.69
bbf6061c4bcfffe5fa5c22006d9a231c,1,boleto,1,200.71
ae7b08afee9ee717c25cbd511dc5f548,1,credit_card,1,63.60
"08d27643b4ade2434f167dc1ba237b4b",1,credit_card,4,94.31
f0d81c4925aa9ea96bc87f15da53c0f0,1,credit_card,3,116.94
"6bc46484a5da408562e929b630a3e950",1,credit_card,1,68.66
"86cb9332fe84110d1025f91049fdfede",1,credit_card,2,61.00
"6b10bcc45d0801d7ceaabf248641a3a1",1,boleto,1,71.72
"644a46554c6d9ad03b6b8c47553ff97b",1,credit_card,3,154.74
"9fc10bcc93ad640d50e93cf996487104",1,credit_card,5,77.44
"94b036e9c8d7275cda2d1a19c6fe11de",1,boleto,1,65.00
"29fa86aa1da2b73d79e91729062e5af8",1,credit_card,1,129.23
d24d442123cc3d36a0be0d75bf90689b,1,boleto,1,34.64
"200adc2205bc2cf8f4cdfc575012b2d0",1,credit_card,5,226.86
"7d7bf3ee337c36ce012762da5f28f53a",1,credit_card,1,170.30
"9aa39c76674f9f645b97303b4c2e3cc4",1,credit_card,1,45.60
"9d4ddf2928a6c8e0f4cb2e816c361fb5",1,credit_card,2,73.08
"04e86e883a36a0775ecb4f34f581770d",1,credit_card,1,35.11
c27941f0a7135ca5f13f3c07ea6b1d28,1,boleto,1,34.53
ff386915a251d61bc728a414a25ecb88,1,credit_card,4,201.65
"98fc1e61ed8365390681dd6e6a346133",1,credit_card,5,60.18
"62a0e822dd605871a747ee39a9131574",1,credit_card,1,89.58
f67ad055c8a64745e26ca8d2f7a70b7b,1,credit_card,1,82.80
e398c7c31ed330a71788d15ed2fce3c1,1,credit_card,4,46.00
"8a52017e0f9d904528367d756eb6d4f9",2,voucher,1,33.63
"08119452a05228b9c7e379abf9622dab",1,credit_card,1,174.81
cfaa877f09b4f4bc73fc768bf5817df7,1,credit_card,5,113.14
"6dfff7cc7906e05c66834b6562dd8e9e",2,voucher,1,230.00
"0438652a8cef245640be57b30610a4fb",1,boleto,1,972.48
"6e8e9748010ab5cc3d63563f8ac5b784",1,credit_card,7,106.38
"5ce67f8655ea16aca378fdb87e3a8665",1,credit_card,1,93.10
"71588428f9341618a05bf69e1aba5128",1,credit_card,1,196.34
"99379b2e7a8197520ce4c04865544bab",1,credit_card,5,248.36
b0caa968184329b15d148bfa24d205e9,1,credit_card,3,106.17
"88b59e460a4c71c9cb07132bc7546161",1,credit_card,4,40.53
ebdda80942c80aa56b15e26ebf8211ed,1,credit_card,1,97.09
"950bb159eea525ff8947b92c93b02f8e",1,boleto,1,185.57
fe05d1b3e709ca154c9f1377c91f6b05,1,credit_card,1,110.92
"4c29d54811a81ce9d302617b04f7800b",1,credit_card,6,60.42
"47106caf7707ccc0552581877874349f",1,credit_card,3,37.33
"983ee8a15c6bc4fab3c4f5503259ed37",1,credit_card,1,90.78
e3ea7db75c57be6a3779176cfa7802c3,2,voucher,1,69.19
"0006ec9db01a64e59a68b2c340bf65a7",1,credit_card,4,97.32
c14ecd7b2fd9b06640b5ef67f195ee36,1,credit_card,5,103.91
"7c7fe53f2fdb00627f75d98690d753bf",1,credit_card,3,377.50
a13e70df735fff3fc1285803f494777b,1,credit_card,1,104.02
"6054a8f23a3a1509607a206e7b6f6e1c",1,credit_card,2,93.64
"999634d5935f33d0547e877223e04a63",1,credit_card,3,114.81
"40e6624f975fba72e2ca10754a14e078",2,voucher,1,244.00
"5762393dbc8a827e3c4e95b9f2252329",1,credit_card,3,165.03
"733e030acd7fb0584a2e64f9a981e9fc",1,credit_card,6,194.37
"396513d397289140cf00910157e8a715",1,credit_card,12,174.88
ecacec879cf5892cc982fa6415e60371,1,credit_card,6,476.44
a48ae75aa612f90baba858aec925314b,1,credit_card,2,83.34
d45738e3173a63ac6deeaa1b2168314f,1,boleto,1,83.90
"020bc32fbdded2a43147c70a5eb3ec21",1,credit_card,5,116.74
f62f42fbbc35ac4b000282839c369f9a,1,boleto,1,56.88
aaca5270899bdea4df5cb9c8d6c23180,1,voucher,1,49.00
cb162de51da6fe9c49b238971804a224,1,credit_card,2,72.14
"0e7a11a73554ebd7fa1de70d50b75285",1,credit_card,1,27.53
b545ad53e8d904631211fb300ae92de8,1,boleto,1,212.73
b5b411510c27795418ac5808a30054e0,1,credit_card,6,186.62
"5af817dcc7682f13101dbdef134be4e0",1,credit_card,1,11.58
c4c8026516207b8ad1e841c44bd630d5,1,credit_card,4,104.62
b132b4c680aad57c36a5686db90d88d5,1,credit_card,5,142.10
"7c97900442dd98ddd06bab55a03c8564",1,boleto,1,109.98
"5de90d869cce729c83723d147018c2f7",1,credit_card,3,162.44
"72ac9b27dfe6809898729ee40dd3e353",1,credit_card,1,114.27
ba930d713b7bf3dca12e701703ff8eb5,1,credit_card,4,234.50
e8be4ed828717563c5a78ad96ba1bc7b,1,credit_card,5,57.50
"2c3a7da8d1c6190209fd4c1a9e3d79c7",1,boleto,1,167.80
"7911b64405b6667c48cb3f1334f85432",1,credit_card,1,49.00
f86672be5bf85864e88a08f231b43c2d,1,boleto,1,352.63
"92403e7845bd4b2d3d51719fcdde71ca",1,credit_card,1,79.17
"33677835cbfd6206b10d3ee75b6142ef",2,voucher,1,23.06
"8dd9758206f8d9c23baf77b965e1c6dc",2,voucher,1,82.63
"0fa7d9917a1ee1293fb2207496213d1e",1,credit_card,1,147.16
a26383dbdfc796db53fab96b099d15ba,1,credit_card,1,63.27
f7fa198627aefca94731f4ec2464271e,1,credit_card,1,46.09
"6df2358a0a6ced8137f94676eca46d88",1,boleto,1,199.44
"6d3387429df1d01b1fd17ffe1b631d31",1,credit_card,4,383.83
"81197e2ef0c78f09e8ffd8a87efaf57b",1,credit_card,4,249.76
"12c49270845b0006a7036adda4045c74",1,credit_card,1,78.20
"3b91f44850c174b8360b51fc60460cf9",1,credit_card,2,143.75
b7ada522cfb63d2f443ab987bd38c885,1,boleto,1,123.40
c262a5f352a22159735734b273a4b888,1,boleto,1,349.87
"4ce809baf1b96894592348ee63179754",1,credit_card,1,23.92
"1b83b0cc5c4f25371dc567405ff773c1",1,credit_card,1,9.08
"8a3086454aae1719e85d336d067a66e1",1,credit_card,1,126.74
d92197e1617b69200451debc2626c333,1,credit_card,3,314.95
"9072e2cde2e421bafb3a41d3f01c7dda",1,credit_card,2,221.38
ade0863d75391c3ca83985f0b3c681e9,1,boleto,1,183.12
"4f183da167de562d253b5bb596f17516",1,credit_card,1,280.12
"029a092ea19290f774d21c51fd7ac45f",1,boleto,1,117.01
"2e77e95ff07f298805637dfde7da4b4a",1,credit_card,1,298.73
"366f322ad95ebd9a14346c9f8425a68b",1,credit_card,2,179.99
ac02ae4f8159f7bc6f0b5320dd7d5f7e,1,credit_card,1,175.90
"36df29e4671cdc14371883d209fed7dc",1,credit_card,1,25.29
"44d2850802286aba47ac68220a075bb3",1,boleto,1,79.05
"5a2c5c05a81bd6f430409c33079b43b1",1,credit_card,1,98.13
"5852550cf22fcb9c36345a0b65992ff5",1,boleto,1,62.35
"719ff9684dee150a72b969c2d0853af5",1,credit_card,1,89.36
fd85f9c9bfe9cc5b55c648a96a4f2598,1,boleto,1,78.68
e85a5feeff7fbda800ceecfd2fb221e1,1,credit_card,3,144.28
"9950ec4daabde8b94541d6e0fc19f702",1,credit_card,6,65.09
"1dc8e25fc6d06a7d72086374e54600e5",1,credit_card,1,150.17
"34fdc362961364d3ff08986ccff2212d",1,credit_card,4,257.45
f313336cf2b038a3ef433d8e48aec4d5,1,boleto,1,117.96
"165bda414fc1fd79eb721e1938ff198a",1,credit_card,2,210.08
"35642e42741af129914f2cd0ab468289",1,boleto,1,135.92
d86e34fb55dbe6507acb469ef5d50906,1,credit_card,1,52.68
"6b4691b98b476dcd37e1dbade28ab62c",2,voucher,1,16.81
c9d89b0c3d42591ac04fa956aef8fd14,1,boleto,1,83.41
"6e23f1780ea332cff417e817aea1336d",1,credit_card,1,138.17
ba3d396e10bb9cca83f450f0ff8c8dca,1,credit_card,2,142.48
bcfb752924c7ba8161720a345e940d23,1,credit_card,2,78.71
"6906bd8a0a797598110b2144ee1122bc",1,credit_card,1,135.62
"572c8f79a589e5ab2a0d8eec910deec1",1,credit_card,1,40.23
"4307e89df5cb485b0b67e0f91025703f",1,credit_card,1,40.10
"60f0f4f310904e1d0c7d41224fcb45d6",2,voucher,1,14.85
"1e6f350c900ca357945126e20117d293",2,voucher,1,13.14
"6826d5740591909e368433e2a5ec75fb",1,credit_card,2,23.35
"7359dc1b2795acbc7d4410fc336236ab",2,voucher,1,19.38
"8e210b98003eece014e3e650fc111c72",1,boleto,1,135.00
"34c2e5cfc0bbfadbe4ed3e527e38e17e",1,credit_card,1,58.29
"510e8baa207d989f72b11146c37f3411",1,credit_card,3,64.62
"2f715a4ad1e86b20a19e070acf516b38",1,boleto,1,62.34
c594dcc4076734aead2277d898c2d187,1,credit_card,1,40.07
"375bb4357db0f08e163905aa4bbd5d7d",1,credit_card,4,119.18
"7ec371e6b9ff628bcd34eb8bc60730ee",1,credit_card,2,120.49
"7686c8e556ad063dbfec8224d665c37d",1,credit_card,5,114.36
"086336eee2f5956e2a6a18369abd023d",1,credit_card,9,190.58
c6e024e14773d2ff5afd6daeaaa9239c,1,boleto,1,137.53
"727c518f08e50c90816678d404111db2",1,credit_card,10,632.48
b157fc555fff3a1fbb596921333cff16,1,credit_card,3,107.94
"05c44e3898cc7d836584bfaaa36d0017",1,credit_card,1,79.73
"53525abf5054043e8c142bcb76170605",1,credit_card,3,223.36
d3595dfd1c2d8bdbfd8d2f3bb98a5cc5,1,boleto,1,121.92
"802a4ce6a0333eb94effff686abc8f27",2,voucher,1,47.73
"02db3eec8ec9d3a35e2afe15367f21b8",1,boleto,1,72.48
e97af7fcb2f185b68e1ef48e5c5ebb8c,1,boleto,1,80.59
"181a57ecc4c8bfa112c048f609e257bf",1,credit_card,8,396.35
"3abd3ea64f72772ebe7fb7fdb73b8991",1,boleto,1,77.60
d87739e1a489341831ec68b0876174f0,1,credit_card,4,59.18
"73ee84a7d8f0130ae61412d7b1364020",1,credit_card,2,56.78
"4209568bdd63e8210d5697d19daa273a",1,credit_card,1,116.25
ca3b8093576a51bea61c9782c7771f62,1,credit_card,6,60.95
f35ff8b8e2e627ad2a1ae6b89b4806e7,1,credit_card,4,75.38
"3bd1df775df3958fa5a42deddb92d151",1,boleto,1,130.56
"88fe4d922d314b99b95d77628dc7d0a0",1,credit_card,5,62.44
"8759d467df07f1bc2c4593e411959c84",1,credit_card,10,355.43
fd4a7190606c77ffa23d74c44119d191,1,credit_card,3,167.55
"4809cd2c1bf682210c70023118f90090",1,boleto,1,84.38
"61a2a23b9b85cf80af8eec1db5136db2",1,boleto,1,1462.65
e27da7442d05c49f4fa6388704a81663,1,credit_card,2,184.85
"40237bfdaa849b45bb6dc75be63c3abf",1,credit_card,1,57.59
"32b75a504adac9e56f590b0561a5fcc6",1,credit_card,3,260.19
"7ea79c5a0a141e742e9369fba0899043",1,credit_card,5,141.32
e4c35e0087c99d3416b1d90566f28e3f,1,credit_card,2,52.78
"10a2d53148bb79d540a6a2e7cb706cea",1,boleto,1,124.96
"6b65667bbce24262a05f9272420c2dce",1,boleto,1,97.31
"561bf26c30573110a8a2d484985b3419",1,credit_card,4,45.21
"0d702aba7840fe6e6942e419648d9e0e",1,credit_card,1,85.91
"02a54d22a5cd81b89c0a40bf9a75d9a4",1,credit_card,2,55.04
"32cf225a72e589313cd8d967203effc6",1,credit_card,2,47.27
d6027c4f8b46f61d7d4a2782b56e603d,1,credit_card,10,105.37
e9dd0af9909bd6872aaf792aeabad0d8,1,credit_card,1,80.51
b724c12024f2ddd6151b0d8dc88a5823,1,credit_card,1,98.26
"2e0b1f8402c862aceda3851490482211",1,credit_card,1,87.64
"6275720be53df0d94e7d7109f4f02ad2",1,boleto,1,23.49
"58d2daf589cf891698126d1b77ed5860",1,credit_card,2,93.65
"47501eba9eeaaa3c12fa168efce7aae3",1,credit_card,3,143.10
"8ccfb0246b9f4b1f0c279f530fa35fcc",1,credit_card,3,35.00
f9fcece01e53f6127dfe56deebac3329,1,credit_card,2,103.04
"18d436f1bd867f1869bc3a16103a4b75",2,credit_card,2,150.00
"1871eea34c05e21129b1a6a25e0ec985",1,credit_card,4,41.68
f7a0004aac8ff2eedd8dc760c4b605b1,1,credit_card,6,69.40
"7d42eb0f5a0a60cb5b96a044a3fb4668",1,credit_card,1,37.25
b4436efe3712c1bbce803adc1dc032d8,1,credit_card,10,290.32
a7076e7aba13de8b66d95a55811290ed,1,boleto,1,51.79
"2e5e827b80515bc21c042a5181e32ec5",1,credit_card,1,42.58
ce9c29eef68b7ebc6a4bc1014618bb4b,1,credit_card,5,143.55
da2b5ed33ae5068005e9d2c43e7a3de1,1,debit_card,1,187.83
"91d593443c46df640b0aed417f114374",1,boleto,1,107.46
b7790d729c085173e21678723b6e5381,1,credit_card,2,108.93
"0013503b13da1eac686219390b7d641b",1,boleto,1,137.22
aec6c9f96db18be9eaa8730d376a916d,1,credit_card,1,82.60
"41e295cfdf4ee0ab87e83df56f9935ef",1,boleto,1,75.65
"09c6a742ab99ba6516e8acebf60127b4",1,boleto,1,132.44
"41d988f5ce84da983c265612abf2400a",2,voucher,1,30.00
b1321fb5bfd83cdb2ee746991c919284,1,credit_card,1,29.77
"4ef36d7c9950e291544d3a68d123992c",1,credit_card,1,127.23
d2f6f1bd3f3261623c3a807d0945bbd9,1,credit_card,8,81.89
f8e373563d5e03306b7080b3c467f0ac,1,boleto,1,21.94
"78a2585efc5ce6a204caf53a19ee4599",1,credit_card,2,156.99
f75e6a734202bffa09de11b88087fc9c,1,credit_card,3,32.11
"563374a910b848445e9d0d50a0d65bc7",1,credit_card,1,45.13
"1eed3691b23af50a487c4f8828287734",1,voucher,1,19.99
"2ab2159c05ced98c935040d34ba5840c",1,credit_card,1,134.66
"8455db911d020aad3cc78b9fad423695",1,boleto,1,40.00
"0e3b58fbb4c7e525bdf7bcdde27a2881",1,credit_card,2,49.59
"9857f54859b9fdd422603774883d90ae",1,credit_card,4,212.80
"39c1a4a89678bf3fbbcaa3719ba937dc",1,credit_card,1,20.03
"15b321aed302d3b17d9686dcc784e10b",1,credit_card,1,71.13
cf9d149b8f8e534901d64f8b10320133,4,voucher,1,14.33
"38606eb20bdd1b2f56309287e809510d",1,boleto,1,45.22
fd714cf385fe329f52a369941eb2d7f6,1,boleto,1,52.18
"20bc33ea85750fd7d20d7b72c5c4b36d",1,credit_card,10,573.00
"4722880b47a0cc081c878a5a1ba8fc21",1,credit_card,1,1.93
"071f0c6c7702218addddcbef0d46f76a",1,credit_card,1,63.61
e33f532fabfd63c8b0e637d99e3dfdbc,1,credit_card,1,101.82
d39e9ca8b53fe40e2f41cad1e5f09066,1,credit_card,1,118.96
dc1b86dca769213b0db63c4922bd6a73,1,credit_card,1,5.18
bd809a829bd4588fed061fedaaad437c,1,credit_card,4,44.35
"0a8f35ef46160ef897c27ba8c423d823",1,boleto,1,59.42
"9081eb59066e15ca372cbdf65b67c57e",1,credit_card,4,734.14
a5293a76739d88fa86bc8c30b6d38e04,1,credit_card,1,26.44
"8748f09f5b3de56a89acecb0b56618ae",1,credit_card,1,48.53
"2dc82d1bd19ac194b91db9b17adc5a62",1,credit_card,10,245.19
f3e6ac6fd3a4db946a2820323b58ab3d,1,credit_card,2,101.05
"701ddcb0eab1d32958b3638a5e8c4e97",6,voucher,1,4.88
c91097d5f017e8117c4930db4bc51c66,1,credit_card,4,217.92
"08bdbdeaf1626720051193300f93806e",2,voucher,1,199.44
af24a3faab712b73932f3a71d003212b,1,credit_card,1,27.39
"6e0f05728107157ca451dd9047a4eebf",1,credit_card,4,209.46
"6ae81f46190acfedd354db1a69ecfb03",1,credit_card,1,183.62
"034e643b615bc5da33b1ede13e2ae803",1,credit_card,8,185.05
cceecfd4fd8a5cdfc10a03fb86e1d5b9,1,credit_card,5,259.92
bbdb54ce076f1e0d4e8eb55711b40d4e,1,credit_card,2,48.00
"858d458b39082890e96fbb1fed8c2a52",1,credit_card,3,73.56
"035ab6fc3b7f9d16f714a337ee63b7be",1,credit_card,1,7.91
"71c5d16c2149894838dfbb922947cafd",1,boleto,1,165.57
"36889515282d4ef83999a8332ef9f4cb",1,credit_card,1,96.80
"67009d1f213f762960c97b4f8629159c",1,credit_card,4,216.83
"2297a47ed15e99116ac68cdb390cd700",5,voucher,1,15.03
c4e980a1d822db426982878b3cfdda6e,1,credit_card,10,674.33
d2e18fcf7ecfd667af457a9e7034c86a,5,voucher,1,20.45
"2251c2ae48921e06fee59a7779d9bd47",1,credit_card,1,3.86
"74ee76f41c91df1fd8473a1fc19f362a",1,boleto,1,206.09
"98fdc814528eaae23bbb4515bdd34764",1,credit_card,1,71.54
"882c447d8edd3d32db6a03ff2fc74f8f",1,credit_card,4,48.22
"2ceb986b3043c2f73ab7577c6a41830e",1,credit_card,4,192.49
"6bda68469cce9437d05014ddb8d915fd",1,credit_card,4,86.15
"509cbbb4be7bf37477a52cd2204b30ff",1,credit_card,2,127.46
c7037ea6603ae90fc227e950bfc047ef,1,credit_card,2,302.55
"71ccac4998b863217b4480c50294b465",1,boleto,1,52.49
"59629349b860bb43899ea07bf4ec9633",1,credit_card,1,9.12
"79eb12da9830f52ecee0bfda719fbefe",1,credit_card,4,177.36
"4130baec40bb0cf5872d8c322e6383d5",1,credit_card,1,133.75
"714f94b6231908bda17ea75f8f9e7c11",1,boleto,1,204.38
"9cc3ede215e132a6d2314d0986e070bb",1,credit_card,6,76.63
a8a42525a528f4f3b6c343d8cfa0a374,1,credit_card,8,198.13
"9e675daa2924f26d76059123b4b3b20f",1,credit_card,6,153.40
"922acd93e452539fe6833fd485296ffe",1,boleto,1,67.50
"0229e66693fbbd736e5022221fc8148b",1,credit_card,3,62.98
"35f4c21fc613b36a1a2e893f424280bc",1,boleto,1,106.68
bc877ab9e18f1ce0fda75eab87a0ca8a,1,boleto,1,93.48
"23538663b36489215fd49765baa4ba8f",1,debit_card,1,125.64
"3186a30019c9df27f9af586386ac5734",1,boleto,1,14.62
"040f214f2ec8be892fee452b52a96f1f",1,credit_card,10,217.64
b49298f3f28ff2194633444aa6b08cb4,1,credit_card,8,380.22
"22cee08cd372f903b380852fdf75a1eb",1,credit_card,6,91.89
fbf7da560930fa17715f1fa8e0b4ac81,1,credit_card,1,2.81
afc5c2d338fbbfa4e162a76236fe8ead,1,credit_card,4,40.09
"7c9524b31589e9c6c9d84d17bc07a966",1,credit_card,1,45.87
"961cb4ae528f3707251cede6d513f8e8",1,credit_card,8,432.36
e8d766b30a09fa62922aec00c6fecc85,1,credit_card,1,99.14
d3f58dcb7705f30c2257940517740287,1,credit_card,5,208.35
c4406c3911b19657e6304e5c7c61a069,1,credit_card,2,117.94
fc0933f59ece039ad7fd014c0464b77e,1,boleto,1,258.44
e88b6796c87cd2719ff0c038a8997d54,1,voucher,1,53.99
"8a8bd4a338e17ace44431e99a2add1d2",2,voucher,1,20.00
d02a27af33a8164ec42eeddf27c5ad59,1,credit_card,1,127.50
"11355704acdff0fa62bd66796b8dcc88",1,credit_card,3,73.27
f019a5199ecd85292da1320f0389a05f,1,credit_card,1,108.39
f9114a9615fd4c8a09fa0768afb4a8f6,1,boleto,1,216.68
"28e418b320f6b759b6aea79734f165e5",1,credit_card,6,970.00
bca5de0cd7c36e900e23525477c2a446,1,credit_card,6,80.20
"5fe3dbcaf7a5fd778212b6dcf650db26",1,credit_card,2,62.59
"6740c73dc204155d7ea39a1c893b48c2",1,credit_card,15,350.09
b009bb39092cf13a92060169b3d8bfc5,1,credit_card,3,34.00
"4689b1816de42507a7d63a4617383c59",10,voucher,1,42.31
"367d3cae768c0b4e7a9aad6ba7bd31db",1,credit_card,5,57.80
"2235b8528768ef6863fd3f90a50521a9",1,credit_card,3,119.25
a2621d414c9c28d85816bbc9f2e8980d,1,credit_card,9,90.26
"283ab9feb81c894d77b6f7d9b3dcb32a",1,credit_card,4,139.00
"1c6df404972aaa1832eabdde60936615",1,credit_card,1,130.04
"7a8642ee90484b296acc07b910c2c44d",1,credit_card,10,139.17
b2bb8748a32f28c50d00be2461dd3e8d,1,credit_card,1,80.20
f3ef05764ab33b7cd322aa7edd599de7,1,credit_card,2,121.09
"001daeb0eddc45b999bad0801ad9d273",1,boleto,1,55.12
"881dc2026f05e74a417c90317f896090",1,credit_card,4,228.41
"50affbf242adb2cf23efc823a471d621",1,boleto,1,50.53
"82a6000ca5f9b57a52b48fa2c92373ff",1,credit_card,3,69.71
"041829597c49c92cb66b0e5813936286",1,credit_card,1,135.51
f0af7cfe83fc294d7ad7326b4974a59e,1,boleto,1,187.94
"32ab3bc68fa79c6d5d0066af3b91932f",1,credit_card,8,186.44
"0c74c49e467222c92f1811d3c087b950",1,credit_card,5,180.52
"186ab35ad2c07d4b35781c8bb314cbd9",1,credit_card,1,88.49
"093a8c168710da385a8c59d3149ea380",1,boleto,1,55.13
"324cf506bc49ac084606d586928ed389",1,credit_card,1,65.99
f9fef5fa980995355cc7c22692af5289,1,credit_card,3,169.73
"6ad06dae8c55ae30d1fcfa46008fba6e",1,boleto,1,57.28
ca99d0db69566c10a85c187406e20b76,2,voucher,1,31.67
"25748e98d2de92b6a05bfc40fc2deb9c",1,credit_card,1,23.38
"4ff9dbb3b682b9c1a8f93e22dce70106",1,credit_card,1,38.05
"9c290246355e5c4ece97651b258c9d06",1,credit_card,1,45.09
a0155cdb8a6185bec753ace7d2a7453a,1,voucher,1,101.73
d07179898f582cd4b62f9f5328698baf,1,credit_card,1,95.56
"76c943bbe1ddef57ebe9e810f1c108e6",1,credit_card,10,142.67
"11ecea021072c62767879235a840565c",1,credit_card,6,197.50
"0eb7be028002e3ece83dc67396d6568b",1,boleto,1,90.56
be3447fe3a05a18c778da31eed242c6f,1,boleto,1,105.37
"1544c3a5e5f00c3c65b8a7d5b83d7b04",1,credit_card,1,93.36
e53550183258c1680dd24b5923d44e7e,1,credit_card,5,52.26
"28c64e857ee676bae6e88191ad4fc730",1,boleto,1,227.27
"92cab9b20b9256633a1face403664670",1,credit_card,1,52.77
"490a106aa6e43aef35bf3ea7d14bd87f",1,credit_card,3,146.02
"2be55396cc21a15c826362a670a8a844",1,credit_card,2,121.69
fcaf5f5131e3480217cfa4c664cc8875,1,credit_card,10,135.00
"660a6fbde01967fda369dc69c3d4b50a",1,boleto,1,161.96
d9fa42dd4d9ba1b1ff2b371a141c8b82,1,credit_card,4,302.62
"8ffd7451dcd8c7f8dad79450d7f4708b",1,boleto,1,113.26
e3b0455644fb8ac73c848e9f744c5e06,1,credit_card,2,135.24
eee3e81a1085cef3ebf94c6f7999bd94,1,boleto,1,29.75
ae8b5df90eaf220f63f5ed4865cd222c,1,credit_card,10,1525.78
"493e8e1cbab42239778580dfb102b213",1,credit_card,1,27.29
ccafe6201982b2369baac3ad28c67188,1,credit_card,3,261.28
"54220fcc516cabe9ec84b210c0765ef2",8,voucher,1,10.82
"413f4326b6acbad986db3984844f8a0e",1,credit_card,1,166.68
ecf7e61d0f5617017f9105bf07f390f6,1,credit_card,1,32.72
"1bf7f449437a3070f6446c58db2061f0",1,credit_card,3,39.00
eb2a4cb05eada646f0b3fecc33a89f7e,1,credit_card,3,81.46
"6ac81ce742f436d1d7de699cb7355a81",1,credit_card,6,62.44
"0a703303bdedfaa80afd4eb17280f2d1",1,credit_card,6,654.80
"8ae8b33f63d9924a2db9ec6c1e98fd35",1,boleto,1,2111.57
ea4e52779bff23beea7f77532659a30b,1,credit_card,2,95.77
"75d1c72933a62884ff7ead0752bdde06",1,credit_card,4,151.97
f1631176a5776079ef8293f9c66f1a90,1,credit_card,2,29.41
a767765cf25c6fcfd8307499da9205d2,1,credit_card,2,53.10
a5274036a39a838ac50a4efaf8d0d66d,1,credit_card,2,75.11
"50ecc825e3d7123a626c7d466eacb616",1,credit_card,5,68.35
"59a7ff272ffc5a0a705f006f9b2db1b9",2,voucher,1,50.00
d34e950d8952f0edfb48e7be2634ff91,1,credit_card,7,74.58
"16f391bc8fc37407de41720cd92f6266",1,credit_card,1,59.12
a5c8f3a11dcb9bd9b0acdfb8101dfdc8,1,boleto,1,138.72
"57cf4d744c7a883ddf948f733a52da42",1,credit_card,3,74.74
"6c9b54dfc2bd3e8b9dc0ac5032502cf1",1,credit_card,5,52.85
"810233b1d86cfaff1b46b1458f7d0a41",1,credit_card,5,212.03
fce05609044e53ac3adaa8ecc88301e0,1,credit_card,4,40.00
a866b07e589705b11b38db08e93e6f5b,1,credit_card,2,76.17
c4f4ae572252215f366edb6f851c166f,1,boleto,1,201.77
adedc5c6c400a03abc3701e0bb8015d7,1,credit_card,2,27.77
"17f7971d77f3b781ed3a2846c5d41946",1,boleto,1,51.22
"4ab8b7a8e23908984157974ae4ad6436",1,credit_card,1,58.78
e0ffd1287f544946a6a6a2dca083e37f,1,credit_card,8,259.46
"524ce46da48efa23b92e2efe62168f87",1,credit_card,4,88.72
dee9aa5c49815ac54d9348b7e4899efb,1,credit_card,1,60.75
a115b098eac626c6386372cbe094acd9,1,credit_card,3,31.75
"114e0ad5d9cd8931d7541e1331bdb503",1,credit_card,4,84.12
db60e394992598875152973b766b89b0,1,credit_card,5,81.23
"4824fef8a9f66256c9eb0c7682363932",1,credit_card,8,184.15
a2fb9f237dfb7fb67d835e6507514943,1,boleto,1,230.60
b6ec749459197dc03576375a5b65f5a4,1,boleto,1,147.14
"99040bfab9f5595ad65fbe6185957d96",1,credit_card,1,87.64
e41c6da781772f030e857c2b427a917a,1,debit_card,1,340.07
eb89fab6743f52417dec1e885261e10a,1,boleto,1,154.89
"8da3063f18b30c590bab1b8d083b03fd",1,credit_card,1,76.65
cf8c5625d28a00a4d93cb05f30a0eead,1,credit_card,1,302.33
a045563f9a4d45a3c8669ad71edc16c7,1,credit_card,7,138.39
"0af07373c6e0f41a0660087bf63d7c64",1,credit_card,2,44.17
"48c35042cb072a8ed4da07c418f0b125",1,credit_card,2,110.08
"4f465645306f7ff736f2b87d32ed65a3",1,credit_card,1,45.86
"3dae6feef971cab19fbe93fb8d14eb13",1,credit_card,3,77.57
fd5bd3708628df1f0104d49b995f87d7,1,debit_card,1,33.22
ed0b1b983f9bd6988b9865f7e774b885,1,credit_card,1,35.48
"4c48c455b847c7a5d291a519e1e42d28",1,credit_card,2,32.66
"4d5fca22363528ec48be05c22fdbf690",1,credit_card,2,138.48
d8ca4d3c24aed1ff86900cc75f3b6016,1,boleto,1,33.65
db5be41fbd2f5f305ddc8ca9c3dc473e,1,credit_card,1,39.53
e6ce16cb79ec1d90b1da9085a6118aeb,1,credit_card,1,259.06
"03c968d10d8c63bd2388245d02579fde",1,credit_card,5,73.28
"1919a9eacb9ae555e3125f1ce713fe1a",1,debit_card,1,62.78
"4e3cc1c522e0aef1e726d2f9eaeb8807",1,credit_card,3,78.52
"10e2410205407d25bc85d047ca583cdc",1,credit_card,1,42.29
"5244b9f2f8bc60aa503830f2847082f1",1,credit_card,3,101.68
"79ad637a926169cb9163785096512c03",1,credit_card,1,28.76
"2a30390f1b957c7120f80795b9f97316",1,credit_card,2,130.56
"9db5b1ba7f04533533e400a1f2589d66",1,credit_card,3,70.15
ceb435f46d86d2fb2890334c4862315a,1,credit_card,3,48.21
"4a1f80ceda1b97b97de2f26670316ab8",1,credit_card,1,67.82
ca836e631fd3b9408c19cf18ee331e08,1,boleto,1,194.08
eb91c7ed6338d0cbeb9c25bdf152de4f,1,boleto,1,56.85
cc02601c19d68cb1a4cde5a11aec694e,1,credit_card,8,414.81
d3f44296d90a42d3ec4b52b18654e87a,6,voucher,1,4.65
"77715dc96ea49747370a3a70f405f66c",1,credit_card,1,211.18
"1ba5b9882a75bc185bc0c7fbb909b697",1,debit_card,1,38.14
"9ad89864a2f76f00c0d73d78e7a6aa1e",1,credit_card,5,189.70
f99f378d18912c456349267972a22691,1,credit_card,3,254.14
fecda210da4a36546b91948ee43af90d,1,credit_card,4,44.58
"702c1e398b49275935f9d3a6e344083d",1,voucher,1,47.60
"1239c47cd51a11ce6c5b16e84517626f",1,boleto,1,223.27
"742a36775534b588ed2a62ba4c2d9cd7",1,boleto,1,54.94
"550a0a633eaf0af78258105794106c1c",1,credit_card,2,71.14
"16aa7d10b833ccd4307a1159ba08d071",1,credit_card,12,323.89
"3bc77ce8be27211bac313c2daa402d1a",1,credit_card,1,66.98
be352bbad6d37a556d8ed5fc593bf248,1,boleto,1,487.27
d53fe820dc149e739012c03f9409f67a,1,credit_card,1,38.36
"8b8a8342831ee11cc7c4ae17d1e36c91",1,boleto,1,147.78
d8bf77c1506e2e7d360d527098156a30,1,credit_card,5,414.18
"1086086dc8f1556f2238eb1d973e3ac7",1,boleto,1,135.14
bfad36ec8c862bac39b68d9490a76052,1,credit_card,1,161.77
"30acc4fc5f485f20a89c9af9b0b67481",1,credit_card,1,146.66
"74bbb7eea3f17308c17374bf5f572b65",1,credit_card,3,102.75
"3e8b14802154e650128119d2b60c045d",1,credit_card,2,31.27
"659931410d19a914a52ca0a46bc7992a",1,credit_card,10,181.39
"4c93b283893b057fe314b13138f01119",1,credit_card,6,62.98
"8de50bbc56062ea401a2c61c36f46585",1,credit_card,5,2115.79
"2c64bb2895f857898d7f2d5bef545e96",1,credit_card,1,52.22
"89561bab2f540ec47002eb8e0fbec2a8",1,credit_card,1,71.27
"483ad8e78dc16136316aded1f0602031",1,boleto,1,216.87
"3950ce59ecfeb14516007ec93453b8d6",1,credit_card,3,192.47
"67384817c871ae183b24f9a0a6eb9bbc",1,credit_card,8,554.96
"83b5fc912b2862c5046555ded1483ae9",1,credit_card,2,214.13
"3700f4a21c1a400182d57c40e110ab2a",1,credit_card,4,45.86
"46984ee8227e1926e055327b55ad576c",1,boleto,1,254.01
bb58d2adc1241af1c36272f66ab7a771,1,credit_card,3,207.94
"0fb130991a0a1c824371ba3df52881f3",1,credit_card,6,143.15
a5bee526a0ca9f2a66f3704b82ad7833,1,debit_card,1,26.24
"785c89d4e249aa8f0ec838dded807fd1",1,credit_card,3,65.43
"644c9c6187a3cad1f1102c0c6715b094",1,credit_card,10,327.31
"82d1cc65b6ffc4c9eec8803be7132040",1,credit_card,3,128.04
db5439de7f77d9b66eb4f4de0d9b922c,1,boleto,1,44.00
"3feb799ce0a45e25a33828bff05ae553",1,credit_card,2,983.64
dddc39f5e5e0fa66470e4fd815a31c5d,1,credit_card,1,112.34
"3517c4c24184e3c518a1c8319dc60765",1,credit_card,5,141.23
de6743691fe06b0d7ed439f7cea17278,1,credit_card,1,149.02
"1df35a8f4e554dd3a4752f22e3c15a63",1,credit_card,1,155.77
"39d1ca6f8d9875325e5f1491ee9af7e5",1,credit_card,10,959.96
"1032cdde705c24776a43441b77855fe6",1,credit_card,3,146.30
d608286ecbddb598aeb024ef39d0a834,1,credit_card,1,125.56
"6540a36b3dd6a4a0922d5f57d493d9d6",1,boleto,1,40.10
"99c0ec36ad63cb20a6ad29041d537e85",1,credit_card,2,176.97
f1dee8f6b8d42d98d0f48b711a6a6d35,1,credit_card,2,117.95
"622313cbbf2c6fb616025bc038e3bba6",1,credit_card,2,979.45
"248526cd316de31c949ea70859c1a229",1,boleto,1,104.69
d6c897633f14d2c71e22c530ae9f0a11,1,credit_card,1,53.95
"2f4cad919c61a60ad1652a1355d3fdae",1,credit_card,1,142.92
d2e6941d5f639394550cee8291b1ecef,1,boleto,1,211.75
"8dc880cb89385d6213c7ea6fb637b0d4",1,credit_card,2,66.01
"78d7bf360bb60d0dd4bd37663c126524",1,credit_card,5,188.89
ee42c12c15a059baf7ed413b090b2bc1,1,credit_card,1,35.72
fce708f65c465d38118d98590c99b530,1,credit_card,2,183.03
"953501839cfe2990297454e7e7bf158d",1,credit_card,5,66.67
"1cda18d2a64c5cbb986e64a2d8030dec",1,debit_card,1,217.72
"4cecffb90b6d7da8034c59c80ac60086",1,credit_card,1,42.42
be7ef653148b80c79b5d9b8500c47949,3,voucher,1,32.06
dd246c04c51f928314cb10f842d04532,1,credit_card,2,63.10
d0fb62f913d61e8c15e80cd65c741b91,1,credit_card,3,62.78
"70607d8252a17da1eece85cc656be12f",1,credit_card,3,157.21
"528d7f1b0be23f9c70baba6be75d8a26",1,boleto,1,296.19
b41b68092121772821fcdd6f7fb1594c,1,credit_card,2,176.87
ab2e18197d676ace96bcaab0aeb2a820,1,credit_card,8,1172.26
"84a2a019c5e35c1b7930e967601312b7",1,boleto,1,106.67
"8339b608be0d84fca9d8da68b58332c3",1,credit_card,6,765.84
"23fbbf4e70a72006ecb1a4bdd72a5d0f",1,boleto,1,63.49
"9e02ee1512cfa46417768f83ae22c98b",1,boleto,1,137.67
"55ac02b6b194b6cebf53799310fb63bb",1,credit_card,2,61.36
"8371302dbc6d728923e1cb35d318565f",1,credit_card,10,181.99
"8ebbdbcc79e51da16021583a29f2ee21",1,credit_card,1,171.83
b9dcd29b81f45fd68a5489a381a5a3fc,1,credit_card,10,456.64
"9e7a3686660a2b85282c9b3e2111602e",1,credit_card,1,96.10
"7a11da7177850c642520f68efae51bf1",1,boleto,1,348.89
b70b7c8ce83925f3477f223f0997f0fd,1,credit_card,5,168.65
"3611dc9bf1ef8467179a69e2c97f24c6",1,credit_card,4,201.34
"9520c99fe31b7946785fe4f7c693aa86",1,credit_card,1,175.32
d4148052141383039b68bbb6bd525f3b,1,credit_card,8,1245.09
"2648fe7249648d37eb43410849940f20",1,credit_card,2,99.33
ce46087fc2b4d09a468f6599e33dafd0,1,credit_card,6,65.76
"2326391ae5a49ca43aec4e487b6a2d38",1,credit_card,1,33.99
ed1ebc0780061795a30c800423075f78,1,credit_card,1,66.63
ef492dce2e07e7ca0f54bb9fb1aabda2,1,boleto,1,19.77
b287d35d6e864f28c166376e6c02c9a1,1,credit_card,2,105.31
"0d0134057a1e1269759c85b8a1696966",1,credit_card,3,63.09
"17fa9c64619b1cf287c13c5249dd6b0c",1,debit_card,1,169.99
"57ee82f12deff0a89b3429c8fc1b4bb0",1,credit_card,4,383.72
fd83958bf029de1ca6903c3d8d9a9227,1,boleto,1,64.14
"4a544fe98dde76d5f78dde8a2a1986e7",1,boleto,1,85.62
a437b04047ac97f23b5baf153991372b,1,boleto,1,176.53
a9d12173450be22cabf7f56bfebc2565,1,credit_card,5,196.26
dbc097913df341f30b9f9e92f459cee2,1,voucher,1,50.00
"3d7c4455b009850d0c83c70fae3df22b",1,boleto,1,47.00
ae4a905f158c49a81cd20d36a52ccc4b,1,credit_card,2,86.73
"1c8ea3262201c0562eccbcefff3da202",1,credit_card,7,165.14
fddb99cde66af279ab48d2dd5d987dd9,1,boleto,1,38.01
"05c852fbe20c108caf9f479633cbe088",1,debit_card,1,2345.03
d18cf3749b7ca5680afdc5f0eb881f09,1,credit_card,1,98.34
ec252f08021dea98d64f0ae822846768,1,credit_card,8,141.23
"41fda9edc88497c311e7ef6d4f79f934",1,credit_card,4,101.34
f656da44d1ac2f2be9875b2cc4ce7a94,1,boleto,1,37.69
"3d0ad2666f5de49d63ad8ed0af80d3bc",1,credit_card,2,163.12
a74869096437cef33d04006e8480e0db,1,credit_card,1,30.40
"97d3d89c5b932c10e6d3d4d8c2ba7dd3",1,credit_card,3,137.85
"5e7960ca1956b257f72a16a05c127cdc",1,credit_card,10,210.64
e57b0e7770a5b0018b9825dd05fd48c7,1,credit_card,4,49.42
"1187f5498f05e7604440a54cc0c9aa92",1,credit_card,4,130.20
"014872cb0c4fc7695c70484966baa65c",1,boleto,1,312.84
"8bbaf58bf6dba86510e280b874e88425",1,credit_card,1,100.35
ebc45391c3d191ea75a52f6e2201d311,1,credit_card,2,53.58
"7f7459900662af489ef7c24c730e4dde",1,credit_card,1,54.52
"119d0d8c0ce562f9cacc40d06c57e76c",1,credit_card,1,68.32
"4b707ea4e7c08fa1180bf92bede67da0",2,credit_card,1,91.70
"815c1f60c4896764d6d70b7fea63863b",1,debit_card,1,27.68
"98e94d121fb6444de93e426ceeb1e0e0",2,voucher,1,50.00
"8db53c9ad7debeabb7cc7136cd7c6786",1,credit_card,2,223.14
c75e8aabb43c6485091e0ed9b88ed5d9,1,credit_card,5,53.30
"8ed7cc81e4cdc0a5504230aabfaed110",1,voucher,1,103.86
"2fab8b6042a5dc17a01cbca94aa6e055",1,debit_card,1,82.65
"753c946b8e6608e274c63dacb53fb67f",1,boleto,1,280.65
"0ad0daff42cf44b50d0bac4c64722e4f",1,credit_card,10,419.37
"455f0e2655475e2d69c91c45490550a5",1,credit_card,6,64.10
e382242987ad58b7b31cabfa549b2cf4,1,credit_card,4,70.07
f1a1f8c4672ddef8f8562981ca2d0596,1,credit_card,2,346.38
"462ac93c107f9de96346db36168256c1",1,credit_card,1,212.02
fc473b8de8c0167920c1a693670d4c41,1,credit_card,10,239.32
a66765fe402323e56c6304674dea53ec,1,credit_card,1,55.69
"9a1d12fbdb2aa498f08b214188f80b57",1,boleto,1,72.05
"6651400020b5bc201756cad655783aa1",1,credit_card,1,65.09
"2a0c9271a9b5e2f5932bdcc2a0b89200",1,credit_card,1,35.38
"6c0c8452f4e021b56ee9a49c4ceb075a",1,credit_card,2,116.94
d598cf8c9a25d482dcf98cadd21713e3,1,credit_card,1,33.22
a4e589b74835bc3afcbd2f9e8c5f7fd5,1,boleto,1,53.85
ab6c966d2edc2a1f9b49337511fdc87c,1,boleto,1,131.42
"951c9001e1a85a1a91441b1830726ce6",1,credit_card,3,205.57
"6ec2d80504cd921f6d34b998ceeab690",1,credit_card,1,56.75
ec24df57adb2447e6ca1ba83cd5be42d,1,credit_card,3,93.13
b86c4834a1f80bb5f808842b4624a2cc,1,credit_card,1,134.28
"9a910d6ba29d7c6a50b791a7819ad3bf",1,credit_card,10,226.79
"9075ecab41fdbe2edaae75cfb6cb09b2",1,credit_card,1,55.92
"3ffd7375839be4547d1c419c90403c27",1,credit_card,5,59.50
"135522b6d0ac3390e1386b74d48f957c",1,credit_card,2,45.50
"285c2e15bebd4ac83635ccc563dc71f4",11,voucher,1,1.03
"50149964ce90871c2acee62879f37774",1,credit_card,2,207.43
"0640b06b89343b8b664b6ddef40ba020",1,credit_card,1,66.01
"45ce8dda01ccf2cc620de1c68ea95bdb",1,boleto,1,368.11
b65162879a74ce2aeca593f3ca44cc82,1,credit_card,1,24.67
"463f34a9bee899d2d1f5f08af0c86d06",1,credit_card,3,251.07
a7cb67859df47f610cabbe09d29bbb99,1,credit_card,3,33.84
"21ff4faf5460988340a9675233bd0d1b",2,voucher,1,50.00
"42df71f66e653cbe9e87913834e59873",1,boleto,1,50.27
"84eda024589384c414522637e6a3d313",1,credit_card,3,64.72
bfce66de4bbac659ab1d0763b8796a58,1,credit_card,4,76.08
"076e07cd8d9c8b47dfc2fbb22c58e895",1,credit_card,10,856.95
"56a80792281d114fba8f25d20fb087e4",1,credit_card,2,300.00
bbe5ef975154a7473c4c595fa3385edc,3,voucher,1,15.40
bd81ae8a9c5a8e0ec03a3415f1540921,1,credit_card,2,122.57
"02bee300cb834a5d334ae42fdc325e7a",1,credit_card,8,204.53
"7019458b7daa836337aa0601b272dffa",1,boleto,1,65.48
"0f3fa3a2cb34840acd1e3d0fc1b95382",1,boleto,1,315.84
bf1291114442efae296ac5f7bfb3d195,1,credit_card,6,185.89
f5fb033cb83c2cd5df7b7fea30ae0cbd,2,voucher,1,68.52
b6d9bbae927316b9d3ee6c571e0e2b29,1,credit_card,10,161.77
"12b2eb7fee1eb7a195452bf2eff4028f",1,boleto,1,181.37
"89295af77ed4ae2952f65f4f432f53c5",1,boleto,1,961.49
e1d052f0519179744d19f35c1d848ff5,1,credit_card,1,65.10
"26bafe5b8b70950ebe6c386b3aad1fe7",1,debit_card,1,62.91
"246840373d06acdce224acc218f73c66",1,credit_card,5,55.86
bd7a1572f0c329c9fa884396b3ac374b,1,credit_card,2,67.57
"2a2fededb2ec978309f383a4133aa0c5",1,credit_card,8,172.44
"0aa3e276c40ae025d8ef6651de2fdf32",1,credit_card,10,181.69
"1a868fc0d0328d0e1415957b16f8a63a",1,credit_card,6,151.16
c64bba38c488c2f4362e11cf93ebbed4,1,boleto,1,47.45
"9f33a39fe21aa7e49c58d5c16da393a0",1,credit_card,5,54.42
"41e327a61eeb27d89afc2b2f39caad7e",1,credit_card,3,37.03
b8702f50a689621ab21ef200b55a5b8d,1,credit_card,1,42.52
"856450615438e29ecc334651df96e7f6",1,credit_card,8,554.32
"30b0ea32347476f4b427daf62e09a5bb",1,credit_card,5,213.06
"63a3eb68025b31c84a0bfca8a8b27ec3",1,credit_card,7,446.18
fc302964719b32d2f8512770e87ff7fd,1,boleto,1,106.87
"8e5d0c2169e3d73e73ad4591d43481a1",1,credit_card,7,364.95
dffe39ab35d34d2dc19f4969b4db43e1,1,credit_card,1,114.79
d0bd537e7e77a73e81af9b780f6a4c17,1,credit_card,1,48.62
"71c62b09517904ad3d421858168363ac",1,debit_card,1,149.78
"2889d7816934298a0f5a4a30ef3ffbc7",1,credit_card,1,162.79
"5b16a0b742790fb2d2d775808a9d54a5",1,credit_card,1,84.56
"5187083897017a7ef1f9992070d898ba",1,boleto,1,154.56
"342eb2ed8a3ee22f8d57f5ebcc5a4878",1,credit_card,5,50.65
fea86937707c29983d56d5ae7511a417,1,credit_card,3,168.20
ab668aaea7f0e48e485474b11f44c582,1,credit_card,4,189.26
"82684397b8f36fa2cb233b1c0bbf2298",1,boleto,1,155.73
"260db02d1a8b410b7d61ee150ced5caa",1,boleto,1,58.65
"8bbbef97d763f4dcf2e12cc5b5e0cee6",1,credit_card,3,154.70
"589c3ab133743b5ef0cf1bf4e3e72db3",1,credit_card,1,22.61
"1c08c2e119666d04a13e375e3156ad5f",1,boleto,1,155.49
"2f9aec8b96e05c0c40e49b20214b89bb",1,credit_card,1,99.05
"9aa3197e4887919fde0307fc23601d7a",1,credit_card,3,34.62
cda286fbc87f2e1358e2804b1d77ca0f,2,voucher,1,131.62
f567f02b20d72fd018320dc1d3a9d597,1,credit_card,4,78.65
"377f567515463777ac90f1bf75084eed",1,credit_card,3,191.83
"1cc07f959bdafc731990c4852c9a33a7",1,boleto,1,96.80
bdcf9c2f3ef0c55dc1273dd2c507b0f8,1,credit_card,1,61.83
f7d960d092a081a1124e6f27cdeb2130,1,boleto,1,65.27
e80e2664d9e641d53ecead2bda1c5879,1,credit_card,3,34.01
"30cb9807736cf9827533cf34b10969d8",1,credit_card,1,1698.56
"8a49984afb76dae66f3810e1b7093ec4",1,boleto,1,116.34
f5ec8fa19f01a0d2c106bddda5f5aa7f,1,credit_card,2,40.85
"76a34d13a444dc9e514d59482291ba07",1,credit_card,10,1530.50
"329daaca8f5a3ab07c97b99a0fe5f23c",1,credit_card,1,27.68
eaf654ecfd0270019b5a997aad141e80,1,voucher,1,29.10
"20887fa4e0df7ed8c8d252ec5e9d4551",1,credit_card,4,250.76
"6d39aecae27ed2210d0855310a3ca180",1,credit_card,4,48.22
a8a08e0fd728b330f66a352aa4c9a1cd,1,credit_card,2,160.76
cfd2fa043913decbf8554ea5ce59d723,1,credit_card,2,117.85
a92cb0dfef8b722e7edb2b8945fd8baf,1,credit_card,8,173.46
c8cfb4925dd910cb0cf8c67761fdbe5d,1,credit_card,3,108.00
"2c3723bb7d16a32dea44d6431d55ac68",1,credit_card,4,98.59
"283750dc507f662a3e9cf4fbfff68030",1,boleto,1,253.02
"192162688f179d526243e303ed01abe6",1,credit_card,10,1075.56
"1f7b5e833440aeaa3910ce10e03351f5",1,boleto,1,189.37
cbc6cfe0c05e471513a443490a332128,1,credit_card,1,112.95
a7f8e3b5e7e9f480a27e2f410e560e16,1,credit_card,6,69.97
ed6b29fe01737a1e042a05988daf31db,1,credit_card,10,206.08
"3452a7eb3fb50ae56f54d64d6ce7ddbd",1,credit_card,1,94.86
d0de72392c1a034c264637f605c1311a,1,credit_card,1,27.77
c34a43c027fa7de5cb6c02735ada2ffd,1,credit_card,5,123.68
"2ee6a55f531c6d9e507e1b4c7bb0156c",1,credit_card,8,84.36
"7e3fefb35b0b1d765a343618ca5d454c",1,credit_card,8,303.53
"922d3b9f79fc080553f7a7e877c86bf2",1,credit_card,3,101.84
"65ac269bbcdab3f78e9365f37aa89626",1,credit_card,2,117.81
"957b63dfa485e69821fcd7cc5320c064",1,credit_card,2,138.72
"7f57d3b8d573e0fd1e3e11c931f8992b",1,credit_card,3,75.53
"71853944ebfe6bd5f5de0302cba14354",1,voucher,1,23.80
"28bfa0968ea8dceb17513700ddfc0745",2,voucher,1,117.90
"2f4ed6d6a154e53f5593682472f8e6ea",1,credit_card,1,63.49
"6224dcb4ac2d679b4c0739fc060fa3f1",1,boleto,1,124.35
"67feea73c5369c0921af9d3c2d566edc",1,credit_card,1,210.01
"9b87b416a8eafa9023a1ade52ae320a2",1,credit_card,2,239.85
cb0bac4d77dd88efafddb7a974286b27,1,boleto,1,241.21
"30b949a0f71893bbe321509b0d32bcc6",1,credit_card,1,47.84
"0ab83b3fdbca202530950e8f1896412a",1,debit_card,1,49.53
f2e503ec5863ccf71c41fbe188c1879f,1,credit_card,1,66.74
f2a9a390ab5775c0fddbb8e49ae95614,1,credit_card,1,151.97
bc79181375f4587d5d412ecafddcbf61,1,boleto,1,117.83
"1a549ed2db2a9933e6c9a780064db2d9",1,boleto,1,26.22
"1a6106220209223cef1d0e09d629c677",1,credit_card,4,40.79
"36b33af016121e29d4fa1c46c492f656",1,credit_card,5,226.31
"36a654dce46c360c165a2c3e8f54a42a",1,credit_card,2,168.72
"4a57c473825a49217f1360b23fce6e65",1,credit_card,1,125.42
"6297b306b33b7a9028dfaa203b9742a3",1,credit_card,8,82.67
"44ed09232a24ad29cf2457b2780e806b",1,credit_card,10,273.62
"2c82f906ef852620997996a6e3d66be0",1,boleto,1,124.84
"4ea4adb15a999165cec29a243622d209",1,boleto,1,22.23
"62b0c2f88f7706f4873ef50d621f3a70",1,credit_card,2,110.00
"9b7fd5b0ef330dcbbb6397e5971faeec",1,credit_card,1,54.10
cd05a1fc2781f43f5e459c285751e26a,2,voucher,1,50.00
"64afc403cfab22312fa1fac557a7cf20",1,credit_card,4,257.52
"4a91ab50eb21ac9d39b0a581487fb252",1,boleto,1,219.49
"452994e9759d6496b4b9667faf1c7af4",1,credit_card,1,92.57
"30e934394c047a409bb861a9ecbcff43",1,credit_card,4,350.00
b3112ca67f3afd4e20cf2ee91fc4f804,1,credit_card,9,239.50
"4bfa32127f9cbdeb864796d1132b1c0c",1,boleto,1,81.05
cb383b52e0b0fc081bddb3bd8a5c5373,1,credit_card,1,68.73
f69843916f3825d8be14b5e45ee2df33,1,credit_card,2,130.15
ac5daeb29c4fe812e7e48753b886f6f1,1,credit_card,3,220.04
"03a4aaab0b783a1be23b30e360c067d4",1,credit_card,1,101.71
"0665734cec5349770a82280c326abc2b",1,credit_card,5,51.63
f04bfdbef5359607d39e66fccc9cc0de,1,credit_card,1,998.49
"068d6b1cc2388cb0c5dcff8815760818",1,boleto,1,31.13
ab3bd9f18dd9f2de792a4bc122f64d1d,1,credit_card,2,44.00
"2bcb4add2a785006005bcea7b61559aa",1,voucher,1,17.51
"90558ff73a60e332ae75a7eef8d36b83",1,credit_card,4,154.72
f29d4e0699641d77c17eec1fa30099b6,1,credit_card,1,90.76
c39a72135411c01196b59720b6c0979f,1,boleto,1,101.65
"6e90d9d1208b1fd1a03e262aa7d54115",1,credit_card,3,67.02
"0bcaf262925111aa4be36f35bcb92fdd",7,voucher,1,7.09
"3dbaee49e261c2196c0b7be676957e0e",1,credit_card,1,65.14
"72bee274b97b852ee7741bfa0b924105",1,credit_card,2,132.60
"24bec12ba7b3031b71b87a14bdc19e60",1,credit_card,1,618.85
"8000f59ee550d96d1bea2af205da4cd9",1,credit_card,1,29.06
ec9a45db197262577280e38de1889f3f,1,boleto,1,189.33
fb797aee19d1e438385938cd482027bb,1,credit_card,8,165.70
c393997142861148ab156520bb0ed1fb,1,credit_card,3,168.96
c1ba2eff47cfb7e4dc93b12ee08f21ed,1,credit_card,3,216.50
"4b936f52e9d0886cbe8ab2c15fa0a71f",1,credit_card,4,129.32
b82f05ed1c1a8045489ff9ee86415c9c,1,credit_card,2,83.05
f5510156179c05fec1dd3898b39c565a,1,credit_card,2,126.64
"9547ca89ef82598d7ae329e2cc2cf3ad",1,credit_card,4,283.32
"392e29240c299001aa7052bf0dd61133",1,boleto,1,46.82
e40815dcb739e03cb2c06547ef7c3092,1,credit_card,7,507.90
"574a5f31f28e74854179a095e600e96c",1,boleto,1,29.10
"80509330a373b52445d3c8622c3fb9b6",1,boleto,1,111.02
"20de77e28f73070461781b0eb6228f6f",1,credit_card,1,32.62
"54e52a2c76449b9a634705a5ae9684a9",5,voucher,1,81.34
"9f699ce7bafc4a8b7bfbaf5308eda3f5",1,credit_card,2,296.73
"5c738a35c11d2bc6e99d39e84dd7102a",1,credit_card,1,163.68
e5882de2409ffb5a26782367e95b91ba,1,credit_card,10,1384.73
"89ad9301604c76e365ba9b9db109bcaa",1,credit_card,2,145.72
"6f5fff0c1ce75356fb269909f4120482",1,credit_card,2,163.96
bb2f21010cd5289802f3b79c1bcdface,1,voucher,1,249.99
e4d96e6ad34780ade40c4b6dc2745a04,1,credit_card,2,244.74
c79a917805a59a652684b80b61a94840,1,credit_card,5,103.98
df91fb38017b42722551a94382cb829a,1,credit_card,1,172.13
d62385e2db54ce23f101afa3bb205b3f,1,credit_card,4,96.80
dd6ce2ca4b4f2f7b5698be76252d4c8e,1,credit_card,1,11.71
e2f6cc7f7084110fd5473cfdae918307,1,credit_card,7,76.65
"0030d783f979fbc5981e75613b057344",1,credit_card,7,78.27
"4fa07e91d7b4f8b191e3a6ab40f14f54",1,credit_card,1,79.62
"985dbac2172bbf6b32bcca35da50d7a0",3,voucher,1,20.00
"7540eaa703ba0f9ab8cfb6ce7291a83b",1,voucher,1,194.42
"2ec8ddbfe88a339d911208a26f6a8ad5",2,voucher,1,20.00
da0abbc0c93081d27e4ad10ffc4a631f,1,credit_card,1,42.40
d61195546c8c9629c764caa807cda4b3,1,credit_card,1,8.83
"761d27773b89e0a86484468a0079a7d5",1,boleto,1,56.12
b89637ecd51070eb364f10bd952c2a79,1,credit_card,3,107.10
"403ee67b92b2fc4c2c2ece77d61b168c",1,credit_card,1,25.13
d29833e31d88e77ae815681619836ae6,1,boleto,1,54.09
"9b9aa5db72804ef29d7a80d931b6acc4",1,credit_card,2,67.75
"9edaabce3c4beef5432b6327ade4109b",1,credit_card,5,218.30
"52fec00ad00debf3f8b2c11cc51da506",1,voucher,1,225.71
"3d47a5fa407e06b318a0ddbfe165dcd5",1,credit_card,1,34.09
f78bc33515cdbf29e0e8c8d86ae6f219,1,credit_card,1,116.45
"34b04c30d0f21489e3871bb9083582f6",1,credit_card,10,230.10
"574e7fa647bceaebe16109cf9380cb2b",1,credit_card,1,61.72
"6c07e27e694dcf18f9171b1fc5c85fca",1,debit_card,1,114.44
c771032d318005136655d3e3bf60bf54,1,credit_card,2,194.91
fb8cd2cc79fae6c14f712f782471896f,1,boleto,1,38.90
"286a461fcd1b94e24227817fa93f8a57",1,credit_card,1,45.22
"75690508c66a165f03197c26708cd23b",1,credit_card,1,128.60
"451fbdf4d10b8d3d4da3f5d226bc5ae9",1,credit_card,2,30.00
"8a9424899aac432d80d8e580932b5ee9",1,credit_card,1,6.79
"2142bac418a228e6086f5294a8fa88db",1,credit_card,1,9.02
"502b66ddeae1875100eae9074f5d189a",1,credit_card,1,190.67
c58280939363439540f5e35a91a5e296,1,credit_card,8,437.33
"289a45b09606de7a3d7003baa2b650d0",1,credit_card,10,1370.26
e52f58b44b46886bcfbaecf6e66ba026,1,boleto,1,153.39
"04778abaab7b4bdfb0abb1110f1eba52",1,boleto,1,43.22
"78413cdeaf9f8c1b3eedb014ef477976",1,credit_card,2,60.06
c441a9a0fbf9ceb54037aed741d95e8a,1,voucher,1,28.13
"3a2b0d4a2b00020fddcc9d625553a114",1,debit_card,1,37.46
b8a939e0425262884b50cbd95032f71b,1,credit_card,3,287.38
"6a414822703d8a6aacb01ee832683011",1,credit_card,3,73.15
"60229238a1d7386617d6f8352e246cbf",1,credit_card,10,194.00
a5bb475db1b4bcf9aa10cda733fcda10,1,credit_card,1,45.46
"5dacb51b4933fe7d6cf500c8e576e333",1,credit_card,3,138.84
b7633aa5145342cd219d1488b70ef2a6,1,credit_card,10,336.60
a94b9255b3c3ebd206b09a5625e39ea2,1,credit_card,10,695.99
"57e89dc6246f64c869d73f264a6e505b",1,boleto,1,26.71
"92cacd3fd45c2c93413de4c2acf69ddd",1,credit_card,5,319.89
"2ec0b57f8588d1cc98ac3aee116d2023",1,credit_card,1,29.56
a9451e0c97199724d8edfc301ea8ca65,1,credit_card,1,255.69
"4ce01eeaa0d476f2aebfe6caae88d946",1,boleto,1,105.03
b9d42d3c4b0b357f92488c43be786520,1,credit_card,4,163.25
"5989079da95b40f4c4ce2d34e4aaed39",1,boleto,1,57.70
"324a951e8ca7c94fc8aef5cde703441a",1,credit_card,1,46.78
a5513b009a0b7d07504788dc524a70f5,1,credit_card,4,40.01
"00f2c876aa08fbba04199823952e96c1",1,boleto,1,86.22
ea9b4bd2f02654a60504474278dc2325,1,credit_card,2,38.27
"710a55479936de44ffc31ad83de75285",1,credit_card,1,51.82
"6981dcb7b07826f29c65ec408f8aaf05",1,credit_card,1,30.69
"5b8b33803c5664fe93c1dcdb169de0ca",1,credit_card,7,143.10
f37a7291679f74e07ce56bd863b9d6f7,1,credit_card,2,112.71
b54d41998c16a54f3d93eda0940d1cb8,1,credit_card,3,103.20
c32cfe30ac8d846c41d6695f9967bd04,2,credit_card,4,70.45
a97107c0b3df262ab4454ad8c3a91d0b,1,credit_card,1,81.89
cf9b4a50fa5f421075dbe48dc3a1e30f,1,credit_card,5,145.50
f01de19516748496ecf55ffc821fad6f,1,credit_card,1,82.52
"7dc8379a32999985a71e0653836c7f91",1,credit_card,3,86.55
"6a25b525e1179f856694f3e632dd829b",1,boleto,1,148.79
"5eb8cab859a459c603cf3e90204e6ec7",1,credit_card,10,101.15
"3a7763a8b66b496ef5253606f9a09110",1,credit_card,8,1391.35
"76de219e02a69e67c85ab229f27eee44",1,credit_card,1,52.34
c3d1e51f7136b5a8d3f075ddacc80b7a,1,credit_card,1,56.94
dd3f89a5330b29871785935cab37fcbc,1,credit_card,1,153.43
"2dd1b3fcb05d15852bfc51a0a8405381",2,credit_card,4,77.00
"416947793fcfcfdb8304c26bc40fcb67",1,credit_card,2,23.88
aa55555c927df6a9f421ab6fab013656,1,credit_card,2,59.42
fa3ed89c3b607653c3e70eaa8b2fd792,1,credit_card,1,29.09
b7abd082ee6dd79ee1e8b2eba07d86b3,1,credit_card,5,117.77
"378cd0e3d827f4072ec92db9f0afeaf9",1,credit_card,5,118.28
bb1e5e5a7e290c28d800a04c53720095,1,credit_card,8,126.43
d3074ed095ad4d03c5f6c3573a25fca0,1,credit_card,7,154.77
b6d9ea292226815b57dc2034dcc70a91,2,voucher,1,49.22
"07357a6641ec997dc95d17a571f9ce5f",1,credit_card,2,46.78
"92dae1db0e45a5e5b08be2406e81eea3",1,credit_card,10,668.26
"5c0b275c61d766ad137bc3a1627ce777",1,credit_card,7,155.82
"3ad2e13d56e3d1d5078077f694885efd",1,credit_card,2,209.36
"203b4c4ffae20ac2c0e84994938927aa",1,credit_card,3,174.07
cbc0f78d9e0d7cd99582cd7552cfd64f,1,credit_card,2,282.46
"36138672074a247040d772897526e427",1,boleto,1,125.44
"17389ecc18ada2b3cc49b0fbc2100079",1,credit_card,2,187.17
aae35f8d7c5a9806060218e572d8370d,1,credit_card,1,28.87
"17e6cc1eacf9ee440e45af8b99785845",1,credit_card,1,59.37
"02f4ae2225612fe9e42562a8e1f466b3",1,credit_card,1,42.29
b52d00911bca95129c6468a48c807de2,1,boleto,1,108.42
"4b69fe6557f0b4574967a8ccf31628f5",1,credit_card,3,163.71
c9645496b715730a1a5d07eb97a6bf6b,1,boleto,1,141.48
ef8fadadf0fa0193e9b455abf08484ce,1,credit_card,4,112.76
"759e09770aa64cad53817b9925e381d8",1,credit_card,4,99.90
adb029a9e8ea33a3451d05c43f495905,1,credit_card,1,52.38
"56de1b48f06188bcdf68b7cfdc0da360",1,credit_card,4,42.58
"139896d70810e6830d07fa89403ac91e",1,boleto,1,163.26
a3b3d9aba2b69c5764cfa5168ac9f58e,1,debit_card,1,59.00
"3a387dc3695f56c6398029754d6d3ce6",1,credit_card,1,157.72
"69a236fbbc4a603ebfa4468a3bdcb140",1,boleto,1,33.77
"1f2b13f5168b0700a870188e1e72fb1f",1,credit_card,6,66.89
"3a213fcdfe7d98be74ea0dc05a8b31ae",1,boleto,1,1482.24
"41d29c3ada71413bc68d0452a9f4e902",1,credit_card,9,185.19
ceceaa52ae02dc05d0ce987ed6f6f7f9,1,credit_card,1,14.06
"9f10c0ea65a77a1a730fee1bd83c6ace",1,credit_card,2,387.27
a75aad2fd41164a516a1257b45670f4d,1,boleto,1,91.18
"99ad48402644a3968f2481defdc57947",1,credit_card,8,386.93
cf96b38269fbc8916e7a53ad9011f42d,1,boleto,1,162.04
b819d4bf7ee713f4efbbf5328a3eeeaa,1,debit_card,1,149.68
ff1b05d81637f0904e3dd85ca4e50180,1,credit_card,1,99.90
"8c552a81cd185f54e557a0c955602a75",1,boleto,1,133.95
"666ede5bf7b6eebd0d2f61795ee14149",1,credit_card,1,94.04
"52a3cfb8a44b79a2e8d6e52ea5ff5b13",1,credit_card,1,29.69
"168bda17add369de7d250129f41c6fb2",1,credit_card,10,415.32
"4e67f143b0c25b22aeab8e13b0dfba81",1,credit_card,1,87.36
"1c4b050b03674a68df8780c156a1e117",1,credit_card,5,73.40
"088a5d99caf7f8345f08892b9c900bee",1,credit_card,5,317.32
"75b71f40b3c71469d12c7e4dc2ce0794",1,boleto,1,187.43
"5a4761b64c03fa0c4663d7ebba05bc33",1,credit_card,1,40.00
"3751a8bfb64bf6096a8a42a76e4d9aaf",1,credit_card,6,208.51
"6d46be495109b4798339bb7ac0bfaa9e",1,boleto,1,58.10
a42f5a19988bcb397ae627a3a72eb735,1,credit_card,1,36.34
"4f737bc2a795169102fc6d5b5aa31e27",1,credit_card,3,112.35
"34215cc5cb67e2f9336c1246166da912",1,credit_card,3,125.66
"08a2bc9386ffb58b6637add8a8e7d4fc",1,credit_card,1,36.34
"94f400290d0a1008d5799712f1abcbea",1,credit_card,6,61.75
"793c97a0188117b9b0aad84f6cc8883e",1,credit_card,1,222.90
"3ed807f1c16170de6ddaf2c254ae2ba2",1,credit_card,3,511.75
d249d420eb15829afbff9cc458eddcbd,1,credit_card,3,305.34
"6c601e45c13b22fa58a1e290b4b14d8f",1,voucher,1,25.00
"334decd7ef04da2ca241d7d049383f5c",1,boleto,1,61.01
"848b99752538e17e5a48212d76416846",1,boleto,1,51.84
a24fa323cfbec085a10c18369c980b1e,1,credit_card,6,674.87
ed807db880719907eed75f32829ba5be,1,credit_card,4,171.32
afbe79b5d924f62c10998a3c046ba7a7,1,credit_card,2,178.90
"8057c793245dec5326e574b4c692e82b",1,credit_card,4,186.85
ac305427188e9565c90c55a300d21206,1,credit_card,1,49.10
d66019cee9362dc5fb477e354c7cedf2,1,credit_card,1,32.79
"8ba3f3a9292fbc22a8b7dff752bbcd37",2,voucher,1,20.00
"3010634b05f5caa199440db6b0b32da4",1,credit_card,7,188.52
a0141c1141d9406b48466fe4d1492bf4,1,debit_card,1,91.95
"5278efafa60c7005d03202b122eaea55",1,credit_card,1,91.66
c5edb2bc00fb701345fbe2bd9aedaba4,1,credit_card,1,79.29
"0bbb3f7791a87d0307555e57da3a1ff1",3,voucher,1,2.39
c84ef2a01e44394c9dfef910a4c70df5,1,credit_card,1,146.25
ba637aace31b817e0f186405ae78ccca,1,credit_card,1,55.69
"3b45662833aa40143c9b91554adf7a0e",1,credit_card,2,93.00
"57403600149411ebe00580622d55a65c",1,credit_card,1,48.01
f9ccaff7267fd0cf076e795b1fae8b69,1,credit_card,1,18.23
"1e6f7a3666909b73be23bb1937571c27",1,boleto,1,198.13
f47f217e6978ad1f6991ec7d9444b0eb,1,boleto,1,138.90
b1526359b93e19d491c0eaa5b2c053ec,1,credit_card,10,682.14
"1017e188d93cee2c3292c71a98dbec38",2,credit_card,5,97.46
"81fc6e842f84e86ce89b0f2e120e04cb",1,credit_card,2,106.15
"29a2fc94d071b51922d95462458c6c7f",1,credit_card,2,69.43
b6a50dc1cfeb4ad7219d3577ab9a2454,1,boleto,1,70.60
b2287ec8635a3c45b2c14d7b10cb1a69,1,credit_card,1,118.47
"201183426051cfc62c56f2414b2480e3",1,boleto,1,403.26
"18ed848509774f56cc8c1c0a1903ad7f",1,credit_card,1,65.09
"65e0e5b714d6228729c256106d12abd4",1,boleto,1,151.77
a014ab9c0e9c112b791293dc9ec38320,1,credit_card,3,78.51
d2c0ceb948cf7025d520cbd2c88ba435,1,credit_card,6,132.51
"2e01a346da3f76c4a30e7ed7b3aa0d9a",1,boleto,1,13.78
aee899bef70c38166f036221fb190744,1,credit_card,3,96.29
"16c8f9fcd71cc027920cc259a7b1b604",1,credit_card,1,61.84
c632f9a8a1b942e306b0335429bdb142,1,credit_card,10,724.21
"47b6cc93a89600d942bc5dec4978e6a3",1,credit_card,3,191.17
"660a8ca012d4806b05c2a9b705570f62",1,boleto,1,292.88
a9119eb77d6200811953803a7b6539e1,1,credit_card,1,0.81
"8a01f46a3c2541b03ba737f3c83a7bd1",1,credit_card,10,115.68
"8683ae8607ec5fd83805116545a82385",1,credit_card,1,59.22
"6d6f16813fbb3448a034fc242a2603c6",3,voucher,1,15.82
d5bd26cb62e49fde71c09ef5039cf2f6,1,credit_card,10,777.24
c9dbbf55ed1dfc04a2f9339a0887d765,1,boleto,1,82.90
ace7896e72991cf2be628e8e4c451b17,1,credit_card,6,135.59
"21f76c9cee317278663cbec02a2fb2f4",1,credit_card,1,0.66
d3a5c7e2fbe9a935e6a4a7454d4b8869,1,credit_card,2,52.16
"97fe31438f653dfaeb8cb39c933a22dd",1,credit_card,2,139.55
"22c930d93c85657de22b7cf482ed42bc",1,credit_card,1,93.48
"31148380343ee0a6d9c87f7e80e574ec",1,credit_card,10,144.68
b1a8f60830ea890c9e1ec75df6275626,1,credit_card,6,148.35
"74ee0534d7473bc5eb71392e31b7bdd5",1,credit_card,1,60.54
"2b7e3239c2257eb4a6cc95f73285b970",1,credit_card,10,542.66
"3ea1e7f7f7d0b7a56b20aaa1baebc19e",1,credit_card,2,113.62
"076d991923ee938761994a4255f5c5da",1,credit_card,3,94.69
"2e180902a7c09965877711c287097421",1,credit_card,1,123.00
f7b67c9f24f5c2da0dad8c1de5e29e40,1,credit_card,3,310.20
"1341100f857d5c84b5f9e101bd5de0b3",1,credit_card,1,44.09
f895460919953cca1c737af25d8faf3c,1,credit_card,1,86.37
"7eb21cb5cc11e7dfa780480f4f6606df",1,credit_card,1,167.36
f399b61f3b5a3c117d985eb619fa164a,1,credit_card,1,33.73
"5667f52833bc78e17073dbcd870b6586",1,credit_card,1,145.68
"92bdfe9e203d9d027f9c26b8b39f6ec8",1,credit_card,1,31.75
c131acb8c30ee5b5d6063dac2470d95d,2,voucher,1,3.41
"0282e83acfe3e7aaf60c871a4a9aca61",1,credit_card,6,163.45
"7b1dc739a78d04563a4fd62f5a6b454f",2,voucher,1,16.00
a400b16a97414ec974f5a6910c28dbe5,1,credit_card,10,218.19
"372e98d371f1e5e9d60496c1b57e64c0",1,credit_card,3,45.25
"26110592bfcb0c6d20245c860b05f8ee",1,credit_card,1,50.19
eb73628992e7d5099384b8016d82e775,1,credit_card,1,65.05
"3927ccce3a002f3ee410b40acac817b4",1,boleto,1,137.56
"83e32d204b3e92d83909d99925731162",1,credit_card,3,113.44
"369d4391cc475b184da61af43967f197",1,credit_card,2,236.79
"67b963609580980a2d4dd86c6509b849",1,credit_card,2,188.91
de2ab566764e5148ccab8476d2cf1806,1,credit_card,5,329.87
"6f6c5cbdcafc5ad54df95e75d0ce07fc",1,credit_card,3,164.63
e4cb234bf724fa255f0ecd4d95f72a9f,1,debit_card,1,141.97
f161009fa560294248d76cf02ea7443f,1,boleto,1,55.18
"2db84a082bda455eb1da10727e7ca621",1,credit_card,1,19.78
e563afc47cb5fafb2ed8869e9e822e38,1,credit_card,6,93.70
ca2da77928f874f22b190d791d8fc780,1,credit_card,3,30.84
"9d64f8c659b3ac3490cbe4dbdbf522b0",1,credit_card,1,69.12
"90fdc874aae30f20d38d3cf1cd9161fb",1,credit_card,3,65.09
"26262a08c620d910b93d309db0e16725",1,credit_card,3,31.77
"1e89e2312f1a1fd948c615602f200480",1,boleto,1,83.06
"285c2e15bebd4ac83635ccc563dc71f4",16,voucher,1,1.96
"9660767a8d96cb12bf8bd94b3797bb75",1,credit_card,5,141.73
"4d7a365119241cbd17c7afb5b39bb9a0",1,credit_card,10,327.90
"696b70b07c6fd1bed3a148051e31c42d",1,credit_card,1,30.06
aafc22fae6cdfbcaba01670f0e4cb3d6,1,credit_card,1,33.37
"581e402f36b377643fce426a28dc17e4",1,credit_card,1,148.45
f96c24233b2160cbda61f76e59f81412,1,credit_card,7,71.74
"9645ec392b0691767c5d0e2fabca23d7",1,credit_card,1,64.22
"0f750136a7458e323a95eb451e1d47cc",1,credit_card,4,122.50
"17220c71a949903772f1ed32292ee69f",1,credit_card,1,35.23
e0f440a717f42eab01c2bfdfdf890273,1,credit_card,2,195.00
"5dedf97d50ce7b64e7270e21a30fc97d",1,credit_card,1,30.00
"0ad81e043e6a8e37686407afb25710a1",1,credit_card,7,225.67
fa1ad0a29c6a88101f0eb2e1504eb9ba,1,credit_card,2,116.36
a8f1479dc87463da50972116b62b6cfd,1,boleto,1,225.15
"2beb7e011571a837462a006a779881e8",1,credit_card,3,78.18
"20ffa1dd114d05854717ad7de094930c",1,credit_card,5,155.57
"1ff23d1405f944c169b55b9fd3cffe88",1,credit_card,8,288.46
"232efaeba12fd576e70a88f09d6583b6",1,credit_card,10,101.25
cf014dc8804713618176fc95af41b221,1,credit_card,1,24.17
"3430c87a970630a0cfdae2dfe4936d82",1,credit_card,6,159.62
"9a3492f3f18d2b5cf77e8ce369f84d80",1,credit_card,3,31.11
"65c28faddc1bdb2d3d5de4f713de3f9a",1,boleto,1,62.06
"2950c71359ad6e41415903d763381882",1,credit_card,18,183.93
"1a78996243d1d136ceede8be7f031356",1,credit_card,1,122.50
f16c08511de51e22a800aa456ce47135,1,credit_card,8,183.40
"22a6648d2137a11e2a8f0073763adb71",1,debit_card,1,58.18
fbcebc9f75750f9fe8253af3add1ac83,1,credit_card,2,87.70
d2cc55640566b7af90b034a218806337,1,credit_card,6,66.63
d9107994bd1bf31404591bce06a547f8,1,boleto,1,417.55
"905b8129167452d5eb4b1bc006bb3bf6",1,credit_card,5,51.32
b63d5080c2de46861754004d25ae9362,1,credit_card,3,30.49
eb11baac49ba71da35079fcbf17517a4,1,credit_card,1,99.90
"7ebd7a655bddf4875b34b13845a779af",1,credit_card,3,53.42
"00b44ba3d7c4a5e9a9ebafef9150781d",1,credit_card,1,67.58
"66573bb355bdba7b6df55fba794b800d",1,credit_card,1,141.14
"78275af5c9a2f3d0e1d19f9f4bc62922",1,credit_card,3,89.30
afaaf57cbf11dfab11d3c74671837e10,1,credit_card,2,161.86
"0d831c5aa932379c1cf5b0b1b40b214b",1,credit_card,1,151.17
c019ee5ff9da7953b6fd6143529dad22,1,credit_card,1,40.87
"1a48457d74e555ecee7280368ee20123",1,credit_card,6,167.48
"1f440e230578d73badf5afd8bb78c632",1,credit_card,8,327.58
"5da51b8b5965a7fba98bd18c5ef4c27e",1,boleto,1,188.71
b3e6486207807fc3780f9c802e5bbbc2,1,credit_card,5,147.78
"71551c2db02730406edd5839f5e2a53b",1,credit_card,2,223.88
"7534ce179e1751acc26f743ab22ace56",1,boleto,1,162.86
"8892341ba39887f2133640516707066b",1,credit_card,4,124.69
"6a4b7874ba286fe298add408d85ffc11",1,boleto,1,171.00
"90c4d2e0d4fb3de2f573adb5140483e2",1,credit_card,7,77.89
"434efe1043f4e3879eb40b7887c7e785",1,credit_card,1,60.85
d24b287420a2c9f6fcbe91cc11d788c3,1,credit_card,8,770.24
"454f02c2698ee870f2ebc3741d64540e",1,credit_card,8,282.80
e72fc60ec647819bf469466c94d296a9,1,credit_card,1,40.63
f88037e9ca23f94718a8360aa4840734,1,boleto,1,224.60
"9282799a57b0de94393be10a4bcf120b",1,credit_card,1,76.57
"4cf7b60ee5bf3891424ddb434b261cd5",1,credit_card,6,1733.34
dabb5a87a6d9cc1388abf76cdcf76e5b,1,credit_card,2,197.27
"3f8a96afbeffac6a35f3c1cb2d9eb2e2",1,credit_card,8,173.46
"586992f50ed97898737b07970376d19c",1,credit_card,1,3016.01
"3ea85b54f4c54ccc998b38bebf6c2c15",1,credit_card,10,421.37
"1f039c377ad805f38658f64f2102c992",1,credit_card,1,15.58
"4820438862b5615d0c4b3d7c2ae30855",1,credit_card,1,57.03
f063fd7dd487e7fbaa3dae8d260b2ec6,1,credit_card,1,47.00
"75badba50a0589b5831dcf59c25638d2",1,credit_card,3,72.76
"810b5ff0a01a71a907e3d4f35362c88a",1,credit_card,2,26.77
"0c1c40ddebf6bcde950f7932248b2529",1,credit_card,5,141.17
"9702b284912de5c57518af9f8220246c",1,credit_card,4,56.95
f690cb26ababaf40550a4623359c3298,1,credit_card,2,42.78
"96c7286c112b061fdad0b6f9aa012af9",1,credit_card,3,72.14
"0647c4896cbb3bcfe3a48f652dd058ca",1,credit_card,1,284.63
ce6f76eb40949df0b5b6ef6936848d9b,1,credit_card,8,182.11
"1462351d309cbd208cb0013abb4611e6",1,credit_card,4,208.48
c9fec30469cd7bb3784574c3200b828f,1,credit_card,10,1068.50
"2369c5b46de8023f54b0ffda76b5b033",1,credit_card,1,50.29
"986eb0e0707439d7852369091e0fa8d9",1,credit_card,1,72.76
"7af48c3262020f1e61fed763bbe80920",1,credit_card,4,392.02
"38e0e9763bb6c91f55550e6d8555c78b",1,credit_card,5,149.13
"173426e15a3e72e3bc27ec26ebd8b526",1,credit_card,5,228.78
"25e7a9bc97827149a1de2b94ecdc21ef",1,credit_card,3,155.58
"47177614899397fe8f3f95ee78904220",1,boleto,1,204.53
"1cbd4699bdc656606f114d4710bf87bd",1,credit_card,8,312.07
"4a9535cd904e916ca0286823298d30ed",1,credit_card,10,358.04
"304137040eac6e7582eb945e3f347120",2,voucher,1,135.46
"55538582ef35a95e5ed4047c6bf04695",1,credit_card,1,147.15
db93355c53b6e6a6119012d4880abd94,1,credit_card,3,83.23
eee368ec94b69377549076404e92eede,1,boleto,1,30.28
"631865c63a1d2240a67c708d4b166f14",1,credit_card,4,272.99
"6f54535f38d19e0833f980e4604081a3",1,credit_card,10,609.24
"859fe3a0d22aa42768493bb4a9572ad6",1,boleto,1,30.78
"4091c3d8c6357f7a8b14001559887fb7",1,credit_card,1,47.69
"409e065598ea4a9dba359d894ab0cab9",1,boleto,1,204.00
"501f63846d45f483acca1c6e89398610",1,credit_card,7,75.49
"2ba8e97c85cad12aa29c88686dc08792",1,boleto,1,68.02
ec56d96c2ee83fd3641863f6e7b66d41,1,credit_card,1,61.85
"9400d8dac20b5beae1c2833bf7dc440f",1,credit_card,5,53.70
"0aa3718b7db60c5ebec88b485cb975db",1,boleto,1,41.36
"21a3f15754b759c91fff4535aaeb3486",2,credit_card,6,700.00
"6ee0abe7b83e046f6ca20743a8c6e7c7",1,debit_card,1,444.59
"66baffa0f3497a9c772b66a607bd8c11",1,credit_card,1,7.69
"0eedbfca467b1eca111793663c125e30",1,credit_card,5,85.74
fd2abbf4e0f632ba709f0059c02da633,1,boleto,1,36.45
"6b0eaae462243e328c81413a0b1968ed",1,boleto,1,58.64
"2ce205c58fef8abc5963b6da38e4b2fe",1,credit_card,2,184.30
"731adfc56466bffeb31938efd036b0c6",1,credit_card,10,229.34
"14db1d0a0c68e65f2a097d76be8feb71",1,credit_card,1,60.22
"9d6467a1178784a5748e266e3425c170",1,boleto,1,289.86
b560c6ec87e95f7414ff53cb57b58a12,1,credit_card,2,156.16
fb6601cf3e1e52f7cf4ce42b7242cd95,1,boleto,1,242.98
e9ab3fdd8251492add1d9ccc054c8b4a,1,credit_card,8,87.64
"064895b0b58ab3f84d9d3b0a2b800205",1,boleto,1,76.17
"7b2a882eef1edda20fe63ae4422c981a",1,credit_card,5,284.90
"044d4643b22cf71e768701acd9fc55ef",1,boleto,1,114.84
"162b56a349cbc23e6ff66357119607d1",1,boleto,1,58.09
aaa63c36d6b3e5379a0839588ccd8c01,1,credit_card,1,98.70
ed3b1288663333783b30c22397f44b36,1,credit_card,1,143.43
"68d8b4fcc77dcd06eecb59b08dc28d15",2,voucher,1,29.93
"17aa9a5c5b88ebd15ca795d8058eccad",1,credit_card,6,111.02
"2fbdcda31c80ac239b8a4b7192416b25",1,credit_card,9,237.66
"558266bfba11bf9a23f7634ee0657f43",1,credit_card,1,46.48
"65c96731ae030b052acda14e142e2a3f",1,credit_card,2,153.20
"852caeafa74327cfaf00268125425cef",1,credit_card,2,72.18
a8097c0d6367263ed08ac7fa6b864235,1,boleto,1,75.72
"827e39f2fbd0101d81c2168ab6699f7c",1,credit_card,10,321.51
b365b927da19a3d58a252e1c5695c86c,1,credit_card,1,101.73
"05f4c59e4404655a57c7bb10ff944d3d",1,credit_card,3,279.24
e347e50c95a9f11701dfa070189e7e57,1,credit_card,5,140.08
fe67d9fbc13fc8b281cfab9b09f60607,1,credit_card,1,214.57
"12b63c9981f087f01de97adb7f885540",1,credit_card,1,69.33
"626b349f722088587417d2c277329c5c",1,credit_card,10,122.01
caf07fcb4e0d35fb5e9f6e3eeb294ada,1,credit_card,10,119.48
"0c699835432f5ca06e878ed73f893b05",1,credit_card,3,147.15
"20dfda225b7d53569028f68044478eb0",1,boleto,1,163.24
"2be6e5724bc6705448e72ac1b13141c4",1,credit_card,10,1996.32
"8384cc8291fa3f9512995c77446cf25b",1,credit_card,1,113.99
"5115b5f8076ff01f14782576bbfafb16",1,credit_card,3,53.49
"6ed1103fd0fa6171c6ecfb3622fef9d2",1,credit_card,3,38.17
fe6fc04c1126046e3f641fee9303d4cf,1,credit_card,10,141.99
dc92d883dd189c16557a2d1cea609de3,1,credit_card,1,56.87
"37e32b54f25d2472acbc642f7e539a36",1,credit_card,4,99.33
ba00aa276bce1031f0e144282affad55,1,credit_card,4,44.37
"45e12e19713820e099be97aaeb65b4d4",2,credit_card,3,329.39
f3a1afc2437c5eb6c3ef3d974cf47d08,1,credit_card,8,186.39
"4e2684a10a34219d0106d1623609652c",1,credit_card,5,86.80
dc2d6dd2c769970b0b1ecc92378641d2,1,boleto,1,89.87
"7a52ab63cda983a2713878fc7e994277",1,credit_card,2,220.27
"4a72b4694f239008b7f61c843bac4bdc",1,credit_card,4,41.22
b76e1e63723d846f3382683973908122,1,boleto,1,147.00
e744792a1abc89d92d36e086697eaf97,1,boleto,1,465.88
e01da7de6a8e16f140e7ffae14973d16,1,credit_card,2,236.81
"565c6c5797c586709ed3a67c9abc0223",1,boleto,1,105.32
"0af3a5d2e6e65075837ef5ceb5c167ab",1,credit_card,1,65.32
"3126b9be3d5939e25084a4d9661652e9",1,credit_card,1,92.06
"3eeeed9128175465db94d6c2406b5b39",1,debit_card,1,82.51
aa58a30c8b573ee19140cd6d185534d1,1,boleto,1,36.94
"2aaec06a05dcae79035bc3b85c53d817",1,credit_card,5,60.34
e6db6e9529fecbe14cd05dd349816656,1,credit_card,1,124.84
"3e84398caa2b0be876731343bab75b06",1,credit_card,1,39.96
ec5762f3473496f1c03e6c970c46518b,1,credit_card,2,96.50
"6d8d35fe33dba5876a6748e641de5058",1,boleto,1,41.84
"145e208aa1770c67fd155eb6b4084372",1,credit_card,10,229.28
e38573f7a3dc73addbbd97817bd0369e,1,credit_card,1,63.42
"3b397f64a95c43a2f51b2b75b1f0ad53",1,credit_card,2,100.31
"57ecffc3a29fb1db005184b46b5f655d",1,credit_card,1,79.13
"74e284cea771553e1c5b513d44ac6b51",1,credit_card,5,56.79
"61907c80953898abbc85d0df266308b8",1,credit_card,8,123.18
dcb29bfbbef4b1df25a15c4e182e8dd4,1,credit_card,10,162.62
"9a69279cb759e9f04faa0813fdc145ba",1,credit_card,10,216.29
"58563954fff8aefe4f7ca6827885a5f6",1,credit_card,1,42.78
"7fc163ae2a200d57c1118812221bcf8e",1,credit_card,3,38.95
d12e769a4e50f157d2c6cdf423dd73c4,1,boleto,1,255.74
"5f07fda0de6271f38a81a1dd718c7a82",1,credit_card,2,207.78
cc0a676b66d4a6615ad8125548b44d12,1,credit_card,7,491.68
"6865bb37aeb4f5407ad3257436dff43b",1,credit_card,3,41.83
a316eee6dacbc0393c28dff3568a67ee,1,credit_card,3,123.39
"21fc32f9f93b4d88f2c7763c29de4911",1,boleto,1,50.00
"0323ff12c1df8a359930ac6b84a32653",1,boleto,1,114.67
"0ccc4bf75e4ae3839f210bd0381c964a",1,credit_card,4,455.39
"2ddcc2305498e7f001b65b9c28b48072",1,boleto,1,116.46
df86f734aa38ba760f6b627af3870974,1,credit_card,1,31.68
"1d11d88a12def23535f1299d26d8ebda",1,credit_card,1,42.18
d704531521342cc30fbd72ab1c5eb9da,1,boleto,1,48.10
"486189e06030d36779e10e55b6220d87",1,credit_card,3,150.29
"3c55e82098814e81a8a9314b9ebd0be4",1,credit_card,1,28.79
"6f4eebb5dd7d532cd45474ce133dc60a",2,voucher,1,73.86
"001dbc16dc51075e987543d23a0507c7",1,credit_card,1,87.90
"1774ba82c4fe803da714e3f5c48cbcdc",1,credit_card,10,193.69
"3f64a17e87d0fed4d084e352409882ba",1,credit_card,10,1312.67
"58ae1d454a356757c2e45298bcd0c9bf",1,credit_card,2,60.22
"7371767ee0b71bfe6d023e7525f3cdec",1,credit_card,6,628.22
"482ef538799136578c9ae6ffc2d93252",1,credit_card,1,27.39
"56173a7cc04c8e7350ec2fc647c912cf",1,boleto,1,108.05
"7f2401dd864cb66d12840ebff7581231",1,boleto,1,133.80
"856602c4185777967161034778407d21",1,credit_card,7,305.68
"236923fe36df7c931b0fb65f493e39e4",1,credit_card,10,154.92
c50c2e8e1b1c816c419c308b30e0420c,1,credit_card,10,675.03
"22107f4fc133c3bfb9784d3e264f61a3",1,boleto,1,60.14
b4dc25e49f1f3eee3262f45a26a91c27,1,credit_card,2,211.85
"6846e1d90448721938d666c3a9e66bdd",1,credit_card,1,36.78
"873e00f0d09131c528f460aab0f488fb",1,credit_card,1,162.89
f3e0072b748ae50d569e3cd2c1e3ea38,1,credit_card,7,145.69
aa5b3183bf6d537dc1685ea84df0aed6,1,boleto,1,175.43
"2bfb6645f99e561b82bbdd84c98da7e1",1,credit_card,1,29.34
f21cd4bd6f6e9d39426b98c64f73e041,1,credit_card,4,59.59
"689c31bf388c7456f38a36f18f20f735",1,credit_card,1,26.87
"7b368eab51e8752cd22b7a851e8be248",1,voucher,1,18.75
"2da52e987f62fa65e50c6fd5dd8994d1",1,credit_card,6,132.08
"3c5aee0b13a653e1b45178d5239dcbc3",1,credit_card,1,1147.55
"833915009f90346b046a4f6cc9df0497",1,credit_card,4,1373.19
"08adcddad19d3acf37d1fa01cb9ded1e",1,credit_card,6,166.09
da2dfdd5a61a829e74408cc8de93aea2,1,credit_card,1,93.54
"9ccfe5d0484872e6df585a289fc12206",1,credit_card,2,165.57
"22014e568766c4f4d4faf4f8ee12c606",1,boleto,1,45.45
"629a311d2d78caf11bd453dd536c6da2",1,credit_card,3,95.10
"8cefcd4d626074f8b6fa9c501659da8e",1,credit_card,5,468.63
"2d84a50c6a3aaae840d7a0dbdde2df45",1,debit_card,1,32.33
"4f4648dfa78caa119b66bd224242c826",1,credit_card,1,47.25
a1eeaeeab9533845a43b2c7cf8bc79dd,1,boleto,1,81.63
d079d177011efd6ff72760b1e5caf50f,1,credit_card,1,53.90
c11770b0aaeeaf11800205df9b333d78,1,credit_card,1,31.11
"9900cb70a170fc8270433a79b6cca56e",1,credit_card,4,196.72
"6681163e3dab91c549952b2845b20281",1,credit_card,2,29.00
"3f4d4de8598b31eee79eca23f927f676",1,credit_card,6,124.42
fece1a5c7d5e72767ad76c233788b414,1,credit_card,1,134.08
"091119d8eee03ee2736786df622f1e81",1,credit_card,3,39.22
"5a0a7e550cfceddb8e835ae54a3d0961",1,credit_card,4,85.21
d350e7341937f0fa42f1714f59a91a78,1,credit_card,4,193.56
"130afe1134371f8c69afe4999fc8d671",1,credit_card,2,22.37
"206f333916267029d74feda364a2e31a",1,credit_card,3,194.48
"9569fe56b2cec2f82be5be811b498266",1,credit_card,1,49.05
a7e1d929900de316ec364240ad348947,1,credit_card,1,42.68
f44bbaf60b84b0a7fd51994bb8dfc090,1,boleto,1,106.16
"59af26972d088bedece0eddac136ccd5",1,credit_card,4,234.46
"698718954b64ad9f11e9ef210e72d100",2,voucher,1,10.60
de3205739b43c0284c856d5bd725dc55,1,credit_card,5,55.24
"46c719474f16c03e64e590fa4d1a2ff7",1,boleto,1,219.43
fe89167e2ec9e9b03d0a6f28a2987381,1,credit_card,2,623.59
"9e9fa777a621d6cf7611de7eb6a4df00",1,credit_card,5,76.64
"593dcbc6068648f021eb48b2d55ae96c",2,voucher,1,14.78
d93a680cc497c0df20ea2023a89dc68e,1,credit_card,6,102.28
c22857ca01052cca0c4dea70902c5a92,1,credit_card,3,45.09
e89fc3dc889628e2e8ff060c38ae7781,1,credit_card,2,55.00
b5953008351e4cbdc01dbc0e9c05c2ac,1,credit_card,1,64.17
"127db093fee728a76262a027b66556aa",1,credit_card,3,143.58
e096a43b2e81fa2c359be74375d5ac7f,1,credit_card,5,115.15
acc3d23f43622a2ad8db0ee9d65003cf,1,boleto,1,65.71
c614e300e4fa56844ccf198d05fc3da8,1,credit_card,5,92.57
"8e5a8b1f6cf7513edaf3bf7c5573ebf4",1,credit_card,10,120.39
b4c254669bc6861dd75db0886ad8bf97,1,debit_card,1,43.80
"5b44c6f9e0661260464c004450816622",1,boleto,1,157.80
e5cc27d75a954127a43ba4588677c697,1,credit_card,1,163.06
c33af7b181d4da454737cbdb08450735,1,credit_card,1,123.13
"271d4e7bb763fdd2d4975ca1421ff1cd",1,credit_card,4,76.08
edb858219a0b7155ce5b977c044ef9f9,1,boleto,1,213.73
"11b2c36a481a4272681684f4b09ffabe",1,boleto,1,78.73
e1d90e4b5616214b451c589d55a6914c,1,credit_card,1,186.71
ceb30531e11e250d849ef8e10eab9b81,1,credit_card,3,262.83
a4058b92f127efc4a6eaa3d11d0b1432,1,boleto,1,57.99
c9b0a65b5794db7ced550ecc9ba178ca,1,credit_card,2,177.49
"28a90e83ad0833466ffd4c3fd14379aa",1,credit_card,1,69.48
"6007f653ed368c140327fb6e59aa523c",1,credit_card,4,102.28
"1c0be101dfa673500b49e9b07b1b26e5",1,boleto,1,83.71
bae0685618c3c445fd4b477c9e265727,1,boleto,1,18.19
eca3ad869826b027ef93cf88ec6c0e44,1,credit_card,5,322.55
"97c400db1c80dfef436580bfdb07a181",1,credit_card,1,55.06
"5978c23150e32abac4af3b0a9cc2637d",1,boleto,1,65.24
da1b656d5535a2420f9010ab910d1fa5,1,credit_card,15,324.66
"8c96e8114dc36ac1a6e1524a8ad514de",1,boleto,1,28.75
"84100b23fba8756e8a776f96e110c04d",1,boleto,1,64.00
"7c40c1fdc6c80fb91892fa1cd0b79d82",1,debit_card,1,39.72
"313e46c49954ab094294fc88b099b570",1,credit_card,10,247.23
"925ee1f93e14abe8dc23965bf65f6c0d",1,credit_card,2,28.33
"63114fe7881be901a26ef97cbd3b47a8",1,debit_card,1,66.66
"23faa587ac06ba5f8c60fd65dd9ca88a",1,credit_card,2,105.77
"5bcde4ca8f0878aab60dc18cc310fa4d",1,credit_card,1,63.42
"365a29772a912d0662071fa7572fdebe",1,credit_card,9,91.66
"8e0167d93d1c6bdf4595ee876ac8a842",1,credit_card,5,54.00
f398d472792fc7b60641d2811adbd93a,1,credit_card,3,169.61
f144d2196005dc7f715ac8e51a03ff3a,1,credit_card,3,88.75
d3b4696e5703c926ee140816dd2a5e37,1,boleto,1,51.73
"19018a1b097164d2fadb3018902f3221",2,voucher,1,151.75
e138a14b6a413d7a17ff420a130b2759,1,credit_card,2,408.90
"17ab3523ccdc39226b04bbdd9bbceaad",1,credit_card,1,30.10
f80896ddec0878ff2475719a8784d53c,1,credit_card,10,1789.02
"8ad90551f6c31bd81ee660c78c7250ca",1,credit_card,1,131.06
"9423ec5aa2843d66ab1e34407ecb9b74",1,credit_card,4,58.61
"7340c729fde93acb80c6932a5b883d73",1,credit_card,1,119.50
"0d3e9a1db3f3e32d92a74cf84605172d",1,boleto,1,122.92
"571397819bd6b9fb6c481779d2159854",1,credit_card,3,50.13
f47934b85de99a093567443e2eada0ef,1,credit_card,1,27.53
"9c8b8ff59ab268b976e66d35464ac79b",1,credit_card,4,150.75
"8d0e3776d347eaa9972bc7d4d37eafe9",1,credit_card,2,144.83
"40507eefcbacbd41a411bc1f99177286",1,credit_card,8,420.86
b985389048e8bbb41d4993f4bd86f47f,1,credit_card,8,451.34
"64c43896c03b8f6f3ee2a5927ff67d7b",1,credit_card,10,151.83
"8026c598dd1215d12c3c326458788d7d",1,boleto,1,76.62
"2c529e48633e1c206e07f886dc2ad423",1,debit_card,1,56.85
"3417aa576662236ea66ef37b0558d6fd",1,credit_card,1,124.39
db7f983ea878a7a976b84460bfb45ff7,1,credit_card,6,577.58
"2475c5c954f98701b93b7ceb0f5bb669",1,boleto,1,76.08
"04f7a2c35c535b543c6042ee73b125f0",1,boleto,1,142.21
d7cd987e2097ac5faff39ff244b5e784,1,credit_card,1,157.42
"84e6078e0615be2c230b32c857152bfd",1,credit_card,2,57.51
"1883a089d3c8c6c4068e31b8802672bc",1,credit_card,3,35.01
"32e1c00df175ddbee2fff12f3bb01eed",1,credit_card,8,214.46
f39c23bb826de695dcc005dbb467f7e2,1,boleto,1,117.94
ac1f8bc6b3c078bfffea1d665ab682c8,1,boleto,1,63.11
"06d4759251d186697714a0c1a3fccb0c",1,credit_card,4,220.66
ba3dfe274b92578ad6af3b17d141033c,1,credit_card,1,89.85
"64ee68a4358c84c40eb6b5c911e4ee5c",1,debit_card,1,348.48
fa643944a0153ff767c0df7baeedb902,1,credit_card,3,71.77
"17ba08ab21ccbb0c886139aa8557ca7a",1,credit_card,1,229.78
"75a9ffb4a9abf77fae3bf11aff5fedc8",1,credit_card,2,108.31
"12661e88e7fb495c59a6db6050546e4d",1,credit_card,3,675.01
"27f3ee911b46e671b6393093afebc222",1,credit_card,2,24.42
"22c8ac26992112755df2e1542f2d1cfd",1,credit_card,1,42.78
ab7247404a9215230d6977f0e1dfe5fb,1,credit_card,2,45.79
"9c9caabac80e005ba36cb7c06afc0fe3",1,boleto,1,168.23
"8db0f0edb7e7b18d50df712eb5b1a1b4",1,credit_card,1,72.75
"84630355d3f0a8006b528d597b29e854",1,credit_card,2,310.21
eece85052fc6375fadd08a9369558119,1,credit_card,3,85.24
"0e7a95096a126bd49633059c546f38c6",1,credit_card,10,105.74
bac2b1fb4eb632cd04d6c26f47b61ff9,1,credit_card,1,44.95
d19f9c665eb2f26335e4e69e5965a84f,1,credit_card,2,191.50
"325012120130bcfcd0623ac922d59c38",1,credit_card,1,86.64
f5a1d7fb9cd502618f942b1295676f1b,1,credit_card,6,90.88
"4e374e4dfd548826be217c8b81aeb432",1,credit_card,2,92.21
"7b1ac4e60f6fa1bcc21cbd258f6ea1bd",1,credit_card,6,120.69
"0f1e7409f75f39dd6de647d802dd1094",1,credit_card,1,58.16
afed09b5bb55a88be1b4d56a082fe1ad,1,boleto,1,117.79
f7a5aaacd33d456c519fe9934602f152,1,credit_card,1,75.08
dc920c44a8f3925e7fc295890563d2c5,1,credit_card,3,127.38
"534c285356eb06898b7ea7edbb14476b",1,credit_card,5,279.10
"211899bcbbeda5f1f5d057442dabb91a",1,credit_card,4,300.48
dafd881e3f2e32e13a60a0bad4547004,1,credit_card,4,174.26
"7743f1958c77de9ebc175860fd1773a6",1,credit_card,1,143.39
"3364be119eff03652aef3e3abf764889",1,credit_card,8,80.38
"8917eb3cbb0f98de06a1e478b13c7bab",1,credit_card,1,144.96
bec18cf4e07d7c422cbbeca1ba9573f2,1,boleto,1,63.83
"2cdb36d9bc19f7932741062731fa9371",1,boleto,1,67.36
be4c0eb384232a183463d7d7604842d3,1,credit_card,2,85.14
a8d14f53fd00bf5759c0e56f2a0a2d31,1,credit_card,3,100.33
d36a4e2b3b3896998031588f13c260d5,1,credit_card,6,126.40
e57d3ed114cc6c8892c6ad047ecb7c99,1,credit_card,3,111.89
"93720f5a467d2edd5e84e209e8a9a4f6",1,credit_card,1,92.46
"919baca007d9525b6668c18f79a33197",2,credit_card,8,163.82
dab23a46abb860b6b4816df41eacd610,1,credit_card,2,83.79
"19135c945c554eebfd7576c733d5ebdd",1,boleto,1,43.14
a51878c7b567d6bb29abf33bbbd80c24,1,boleto,1,927.63
"5137d2621656ff029745600e991f1835",1,boleto,1,133.34
"762accd1f919295f51f3b39e314cee12",1,credit_card,7,154.73
eb3496e5ea096b0366a2e552fd7ab470,1,credit_card,5,55.53
"7ac1ea2931e42e7c924c13f413ad8fdf",1,boleto,1,54.32
"6f7bb8ed3fa820411a624a11677ddd9c",1,credit_card,3,62.01
d93de78534604415426f7206d1b8f641,1,credit_card,4,44.09
"1f46960aa3ffd141df0ca069e617b4a2",1,boleto,1,35.36
"0886f12bc4f3770e8660c836cd58abbd",1,credit_card,7,236.21
"7deab6cbf9343cb7de4da33281737c34",1,credit_card,5,72.14
f3824e1120311a6dd631dc92334fb0da,1,boleto,1,128.35
"7bcacfd812c9d8194d414b83d7e28153",1,credit_card,2,118.71
d84ce4acc4a19690d7a7b6f5df4d3023,1,credit_card,1,204.06
"7b80eb102c74259844e5a4fc17cc7c26",1,credit_card,10,228.79
a795d23a5dda16a79cabe752ef263cf7,1,boleto,1,74.63
"509a52223ecac6d67fb765b3b37c6974",1,credit_card,2,65.70
c89faf2acf424fe14db2131b5b6ae379,1,credit_card,5,146.82
d134a745dbca5e4a22709d57e23d4f8d,1,credit_card,4,190.34
e17c1dcc7717b07a0613f26fd235b0a4,1,boleto,1,116.84
a244dfc2d80e0857a17cfd3b58ee9321,1,credit_card,10,272.79
"1e06944a511e346128c1174c18d597ec",1,credit_card,10,194.70
"4c965a6b51f418eb66abfe9e102e98b3",1,credit_card,1,38.10
"91ad6a8d591e94d9e1ca998185243e2d",1,credit_card,6,144.86
"43b0f3918e48dcebe9582038c9d4d466",1,credit_card,10,216.31
eb5ec5c3f7af64b7651a774a219a899c,1,credit_card,2,86.12
cdaf88f241736cd97fe9081c04c55c80,1,credit_card,4,133.18
e75fa6144e2d8bfb834bba12ac534788,1,credit_card,1,71.96
"6df963d6ce20c72cb119e8090f27c011",1,boleto,1,62.80
"6c8b765ca02b8c8f1bdc3e8491d8c079",1,credit_card,3,148.98
"209e0537fe66ae1176cef2bc7953aef9",1,credit_card,3,30.15
b077f14ebe1b28627ac1c9551b1ac974,1,credit_card,1,47.17
"5a43a71d1ddc76ba951f292c1b4c66c2",1,credit_card,4,105.38
a8da750ead7290b859a6b05d62c9522f,1,credit_card,8,435.45
"7a3dbfe3daed55f0b5f34c4f9e73940a",1,credit_card,1,39.01
f3c99890a23a7a4c9998c133ab700a10,1,credit_card,5,102.96
fe472d7abb29893ba6f762e80b1e1eee,1,credit_card,1,88.23
"5c9662fcebe9b346457f1a2b7465e1e6",1,credit_card,1,32.77
"324e2258a783f37df70a31a89860114e",1,credit_card,2,60.10
fa511a915dea9b19df81ec0424400176,1,credit_card,6,66.24
e69e0e370bc1f3ab3df04b1394c6b06b,1,credit_card,2,59.90
"4a8850f69928d666a410ca68a461f867",1,credit_card,1,75.07
"4c907885e2378d72e669a15367eddd7e",1,credit_card,1,56.78
"6bb75b523d42e4354aa183cdfe82bf43",1,credit_card,7,75.07
"21b8b46679ea6482cbf911d960490048",1,credit_card,1,1.68
c84590a1df6ea0f368982305cc668c46,1,credit_card,4,762.23
"7999733d1c4a42be3b4e5ee369697591",2,voucher,1,50.00
a3a243e267c153d4acf4c49c2c6b68d6,1,credit_card,3,39.59
"736b93bbe948337faa55abda812ce249",1,credit_card,6,1133.62
e46c1a835d11d387ba01a130d8aa7c12,1,credit_card,2,273.18
"205b109336cc8efa4ff08f231919f4bc",1,boleto,1,246.36
ef37b19ea1b715580fb6394e75311fb8,1,credit_card,1,73.34
"31c5b1c46eed53925a1f2feb3493ba31",1,credit_card,10,675.01
cbea2c5a36ffbfc6447172746e0d9da2,1,boleto,1,150.74
e6b58e9e71a0a471d128bd8325857f0f,1,credit_card,3,67.68
"3c39f4ac4b4520bfaaba2cee448cd823",1,credit_card,1,23.23
"60b8a11deea4c6884ae1c301e145f695",1,credit_card,8,85.14
"1c64f41d5e7033dc330721ce0b229d78",1,credit_card,6,74.17
"9e7cfc823ef88f92ca66fd57db258c51",1,credit_card,1,189.37
"793313d521603b9c7030e6bc60f6c692",1,boleto,1,113.05
"840d7cc10efae8ba460cc8ea84f1b6db",1,credit_card,4,606.48
"7307b10c1d2a536f3f07f18be33d9de7",1,credit_card,3,289.04
d2875d0fcdf781a26064f20e778831b7,1,credit_card,1,71.14
"7f54ad19b476573fb7bf3beb2faa6c55",1,boleto,1,133.64
"9c6585136c83fd43fc233e6cec52044c",1,credit_card,2,143.49
c3228fb3eec33bd6bdb6259cda52759d,1,credit_card,1,128.11
"29049da83627b9d57b5f4f9bf861378c",1,credit_card,1,96.02
"74f5ef24910641ee05e708ad84525bb7",1,credit_card,3,116.94
"94af94e55976f5fdd5048f5166123639",1,credit_card,2,108.20
"72c98b53f4f357890d8107a06f895d4b",1,credit_card,2,110.31
"009ac365164f8e06f59d18a08045f6c4",4,voucher,1,5.45
ad5f36b2517f60b9ec2f04f80503566d,1,credit_card,3,96.65
"9b0736df64a320c985e2aa02453ce16f",1,boleto,1,88.71
f12da9db3adbe761c69fc8ea15272fff,1,boleto,1,72.43
"9c3186381b733d4304e2e416afc6bbc1",1,credit_card,1,210.08
"052ef5dcbed8fd1d4d01ba597103168e",1,credit_card,1,336.48
e917a7cb4d175976dd50e47989af2077,1,credit_card,4,107.90
d7343b3b63fe9f2256b9508ea75c5cc5,1,boleto,1,125.29
"6fa1bcac9237ac279a8658d2a16ace23",1,credit_card,3,101.78
a7172161f4280142285eebbe70b8c8fa,1,boleto,1,65.95
"4d7f4e1a1e39afe66a974da416849477",1,credit_card,8,90.17
ef1f56ac534b1aa1a5b6dc346d269f3e,1,credit_card,2,156.72
"0b7260709eb6a2884329b5ec9ef2b2a6",1,credit_card,1,32.29
"328f5537e4f2b1aa64670a89b0169076",1,credit_card,1,178.34
a45d988c5f5764f548ae6fa14a8ee773,1,credit_card,6,1223.70
f10e24c61a6f5a05a00ffc06c213b51e,1,debit_card,1,149.72
"1ecec0de52507f72af7280ffcd0a8fb8",2,voucher,1,67.35
ff71192864ceab61b9a0c677ba7f409b,1,credit_card,1,39.34
"4e19d5224178c861043985f3f63fed27",1,credit_card,8,181.26
"3ea0c27406751dd56d4c57b342aa3b38",1,credit_card,1,98.61
"576882ceaf82e014aa28d9909f9d1636",1,boleto,1,40.86
"95d8c6b4c0b7c33f86f75fa4e0a74594",1,credit_card,3,322.89
"5dff03e0fcebcf12872e1996a31c8bde",1,boleto,1,64.44
acce8dc7c037773682b18bef8769e12e,1,boleto,1,36.75
"81ec112622b72e497169430ffa735f61",1,voucher,1,276.85
afdb9767a3f9ec80e34ce37c5f47aa63,1,credit_card,1,43.04
"96430a36fecfa20f1eace66e1a99709d",1,boleto,1,195.03
"0a2798cd0ba9166659c07e35ef5eb817",1,credit_card,1,134.76
"9cc8449aff35ffa0d977428fd75a127f",1,credit_card,5,139.09
"5d9aa8310b11548297163fbfa1f78184",1,credit_card,6,67.22
"92a6e33b636545263917ab59e3169882",1,credit_card,5,98.70
aa663832fcd96bcd11acac2483a47a34,1,boleto,1,97.22
"01db310c16db46c62c3d4e0857990f32",1,boleto,1,141.28
ca03bab92d64981b404602a7450b784c,2,credit_card,1,48.64
fc10c2bcfb34da9f78f483c17714eef0,1,credit_card,1,98.80
"4aca787fd52bf4435536ed117d9ef3b5",1,credit_card,3,145.85
"51e284ce71f96710652ab6d5da30fc09",1,credit_card,5,223.14
a07190c439d2e3c83b6a6952ae53ce6e,1,credit_card,1,153.74
f32b6e419ad4d1e6b79e4ec5a00ec04b,1,credit_card,2,124.98
"6dc6e99a01bde217886fd6fba71f91c8",1,boleto,1,222.16
af533a27d10b603c1d46186437ed4896,1,credit_card,3,85.60
d6f81c5ff8389221e5c1d73ba937d7f9,1,boleto,1,27.30
ef340fd20274f4bc0181f8d9b8ae9748,1,boleto,1,55.00
"0324ca9d12ff99bc4d2421530c376ba4",1,credit_card,1,217.64
aca87568f6ded0187314b892e500debd,1,credit_card,6,309.73
"21d31703cd5df37e311206bf328b022d",1,credit_card,8,286.84
"2179922b1506749061ded19fb85a12d6",1,credit_card,3,122.92
"9ea0fa63c2d7cfeb3bee5a9e4940c5ee",1,credit_card,3,31.72
c05223a5f3e8d1dac89df5bfdcb58661,1,boleto,1,435.57
ad6245e3de2fc9824e89ff26e5274afd,1,credit_card,2,72.14
"2c05e86354de83162d3ef5a185cb5822",1,credit_card,1,70.91
c49df0876643772fc41aa1bd470fe6e5,1,credit_card,2,105.01
e8a7d3a84c7c313494dde4ab9d4d944f,1,credit_card,4,224.71
"38f93719aef944cdcf2fbb212432be91",1,credit_card,4,126.80
"49bce2844ff52cac06a8478eb58e7159",1,credit_card,6,510.69
"56dc7f1b8195b7fbdd6479f055a203bb",1,credit_card,3,38.22
e8e3e98f7dda7c869998846e5cbb9da9,1,credit_card,1,52.84
a859e7f761d60eec7984cab567f9e80d,1,credit_card,4,158.28
"358062b4847c9e2ce76ba4895d0f6625",1,boleto,1,140.62
e742713350aa1d4a7a0c80ed2f3ad4d5,1,credit_card,1,53.72
"1001fec33bc88a484d7431bec2147348",1,boleto,1,92.95
dba741d70126a95feb85435175370edc,1,credit_card,1,86.83
"6070ab7b5e87d4ed488918683d044bfa",1,credit_card,2,117.85
b8cca6dbde564f578882fcbda8e6df2e,1,boleto,1,135.49
c0a1f5741cc59aa9709c497f176d6dc5,1,credit_card,1,92.69
a73a38a5eeac4ab94ef2bcbd90f92e43,1,credit_card,1,29.20
"420937423f0cb3d3fe689330b5d385a9",1,boleto,1,111.64
"053774f3c674d850192a31b9c1a8ab3a",1,credit_card,2,157.85
cf8c042aa438ebb1b961dac5a8b0b164,1,credit_card,3,38.79
"77384bc4848f77dc178f176c736ad7d8",1,credit_card,6,395.05
"1a62946a1ba2a18532e900bc385e972f",1,boleto,1,35.00
"18f1f69eead979dddab0c5fda4df6a16",1,voucher,1,41.18
"7644fdc557b95c452791b3c1791efc08",1,boleto,1,121.30
"2a6a114fe2292f31891a707ff4731e25",1,credit_card,8,914.11
"018fb228a3dd1a16349e73d2e41b239d",1,credit_card,2,208.00
"3802047602d091427dee04863e71fe21",1,boleto,1,88.90
"392b29c08332cc1f57af36e3e094c276",1,boleto,1,706.84
d454cb4d38b256a9431bf8224f239960,1,voucher,1,36.35
"35df0cf1d7650c5c0ad88837c4dfde89",1,boleto,1,123.34
a53804de1ac644981653f01c6f34a876,1,credit_card,10,257.15
"86cafb8794cb99a9b1b77fc8e48fbbbb",1,credit_card,4,46.19
"6a13786d6992a094c95cc09bcd4527fc",1,credit_card,1,56.39
"20ed2a2a62a766cbb3f2636a85ce3eab",1,credit_card,1,104.70
eab0944c40c304c769e5c24309caa8cc,1,credit_card,3,48.62
a79bd7af35a4fffee2b23fded963b4ea,1,credit_card,1,41.04
"44b20f5d6219004069d1abcb71428560",1,credit_card,3,159.12
"69340678ddc4f528cc879efbebd9b4e2",1,credit_card,6,142.98
"79b5579acdaecb745610365f3f181fce",1,credit_card,1,77.63
"241592e5920372dd08fcb5c8c6fbac75",1,boleto,1,82.32
c05b9a60de6b80604843d2f4d40c8a67,1,credit_card,1,34.00
"648c8fc147248b2db527bd25821f67af",1,credit_card,4,219.63
"530368768e371e6f8068c3209e1157d9",1,boleto,1,66.58
df4823465132ba0a127c5734847a3a3f,1,credit_card,10,168.82
d6935883de7964fcdc68585bac9166a7,1,credit_card,3,345.05
"3d5eced976da12ad3c2f05314fa911ba",1,boleto,1,248.82
"73907e5b1a70acbad15cc31c03637032",1,credit_card,5,136.26
"186efcd656d8ac4332156f594df02572",1,credit_card,10,353.13
f833b6f8e6abdffba74178aceab06280,1,boleto,1,190.37
b1f901eee62050346f7f33fff6e6055d,1,credit_card,1,42.68
fd89a255572d435093d5e644dee61960,1,credit_card,4,48.30
b4facfa718232252607f49c3614e85cf,1,credit_card,1,89.88
df01064b1830e79d98304217aaccbac0,1,boleto,1,114.45
"5001ef7f5cc08023f39a4f6b7c09b5f5",1,credit_card,2,95.01
"9be1be195202b44bbdfb04466c070e76",1,credit_card,1,89.48
"4f7dbee2068ee41007872df9d2532dfa",1,credit_card,1,65.35
"3a72e0086b573f6aae986707a645e8e6",1,boleto,1,107.90
"9767627258a1be01a6ce44c9ab46f2bc",1,credit_card,1,109.22
dd24afdeaec4b19f1252b69021aa4ab8,1,credit_card,1,37.53
"882b68d1f14f22a2658e0de1ab4b0785",1,credit_card,8,213.60
eec7e98395df9643250ff81c7dd06443,1,credit_card,1,50.50
"08d862895d238cb8405dffe9b981df25",1,credit_card,3,128.31
f3f075558b483bc41012c816ef977100,1,credit_card,4,305.63
"3f4b0ddd513d7769508eb4277f029bbf",1,boleto,1,218.93
bef6908876c633575a196a310d1b5d77,1,credit_card,5,118.03
"92d14247bec036e6b052ba1331bd2add",1,credit_card,1,50.71
"39b9c680e3da898246a39142b4ffc1ac",1,credit_card,5,98.45
e2c37260c7a927c7d9808341dbe2924c,1,boleto,1,39.10
"5d0d28b0a5db80fe44a0ac53bdb979dc",1,credit_card,1,32.61
"512ba2efae3409f37660ce26199b32aa",1,credit_card,3,236.92
d1e51d46442dbad6b79b800dc7293869,1,boleto,1,35.40
"5029ba60b47d5397fdfe41f9923b7b8b",1,credit_card,1,52.49
"38bf75e72a61924fb0633cd63820f018",1,credit_card,10,198.12
e25807c302f12f78b5475f30d0367561,1,boleto,1,152.72
"7b3941f8995431ebc6cd41e97f10ba30",1,credit_card,2,96.80
"9b26ae9a477137076f8b0e8bec71fed9",1,credit_card,4,117.57
ffde92ba447b33a47d1c04d203f10f41,1,credit_card,10,304.70
c2cbad19d26c3e399c065fb573a6611c,1,credit_card,1,69.73
"02b57c07010db3ded50936152756a6e8",1,credit_card,1,116.85
"10c320f977c6a18f91b2d14be13128c6",1,credit_card,3,132.26
"7529dd1778a9d75bcd367a8ddc1e9d14",1,credit_card,2,77.57
fae7ec9e7beff1d7e8ba7161738e557f,1,boleto,1,131.75
"4c4e46efe9ab903ef5c07c9ed3f1e8a5",1,debit_card,1,29.38
"675b1c40d6b0d4397714c1087eeafb01",1,credit_card,1,22.51
abc7bf320a2a81a63b1567171b3f4482,1,credit_card,1,32.68
d09ffbeb0a9095250893b3da1ce411e6,1,credit_card,8,383.03
"310abfc7bfd9ed2e2a2ffd77256c284f",1,boleto,1,85.14
"26ba0c1bad97bbfdcc4419e3ca40d9a8",2,voucher,1,41.49
"265bb549f8bbcaeaa66023404ec02db5",1,credit_card,3,78.21
"132e2cd17bdaa2f84fc9cea118197634",1,voucher,1,68.61
"6574317cd3327f737e39fd9a77969ef2",1,credit_card,8,345.42
c14c3f7884d25f88ef34bc018d3accc6,1,credit_card,4,44.09
"54f781d2329c48177911be9fe3f7d7f8",1,credit_card,8,148.51
"4ea3508e2de6e58640c0efe3ef758829",1,credit_card,4,80.89
f2ff1987cab900201f9a73b9c64ec840,1,credit_card,1,44.09
"67f3b828f1f998df84200e854c3119e1",1,credit_card,6,630.09
"256aa0d2a3a5be766036105a251aac9b",1,credit_card,4,121.63
"66de0095e3cd190938887b524433e56e",1,credit_card,1,92.50
c3641f55c10bcfacf7fa7b8f677e1d5c,2,voucher,1,121.38
c900c2a8fb7c9834925f3110fd7ed231,1,boleto,1,77.69
d7c3bde68818e4f4c44f0641f25c0092,2,voucher,1,24.31
"39bed80f240ec8f46e7ab30e6dcd343c",1,credit_card,5,53.10
"4fb76fa13b108a0d0478483421b0992c",12,voucher,1,8.23
c1ec0ee0375e8c46ed793b079d1b31b4,1,boleto,1,75.50
b687f81e0e59c1153eaa197ad1c1d043,1,boleto,1,200.91
b080474e9c0057bcc274eb9e087aaa09,1,credit_card,1,85.63
d437feefd975db4a8882cc7408b51033,1,credit_card,3,61.75
f2ef7d612e69efa8075800e031d9880a,1,credit_card,1,76.52
cd63595a31d3717ff7ea9a0b041104a9,1,credit_card,1,78.84
b1829b9fc61d2f28d8668cd5bde29e3f,1,debit_card,1,28.57
"2e71a5c523cd61c4d906ebc8203ef215",1,credit_card,3,86.02
"236dc705223e6458673e808d1024d671",1,credit_card,4,43.83
"236e6ec6171c1870d4bcf4ccfad87f49",1,voucher,1,107.13
"8ef9b1e6158c40ee1a00338ed432d6f4",1,credit_card,1,181.68
b8fa6b76d00678e1781c0ff1ed4b55dd,1,credit_card,2,104.05
ea3e22446f2bda3a8433d3147b5486fc,1,credit_card,9,102.87
d6eaa14b089c4b3a1a97f905d9836018,1,credit_card,7,77.57
"38c4ead64825466cd4d3e073d46d5105",1,credit_card,8,313.40
"6f1922674b5f09c6cf23965e47b9b675",1,credit_card,1,40.38
"517361059b3e86b99853e7d7c7e7c954",1,credit_card,2,52.68
"29e2bbe8a5ae911930d4212767050067",1,credit_card,8,191.75
"20f98e86c9187ac61473d4637f5b0c1f",1,credit_card,1,61.99
aafb4f98c5f3caf0728c00f0c5e79899,1,boleto,1,97.43
cf1f2bf558188a7db5faf52865b4e210,1,credit_card,6,387.14
d00d6712bb15e2f5c4c1766b9f60f43a,1,credit_card,3,48.30
"877ea935e0ce1786032071a571b40cf3",1,credit_card,1,64.10
f230041025cb889113e0999362dc2ad1,1,credit_card,2,107.19
"97d5aa85110fb7e998b5754af19b95c4",1,credit_card,5,626.48
"22167b7870f3c3b844087c5cbafac521",1,boleto,1,187.41
"47f353bb28503360d9e3c39a7004a12e",1,credit_card,3,43.22
ee941f6c41c8ec03c25b856432b50153,1,credit_card,2,221.56
"850d4ef35655e814bf267b10bbd03b3a",1,credit_card,1,171.34
c9df3da7ad0c96f09355e11504f68d55,1,credit_card,8,306.10
d534afd63735145130e0a58d2a5f302e,1,credit_card,3,173.26
"87673b5ccb20de0a91c28cc461105d76",1,credit_card,8,278.67
a8ec1617f5a54bdcd54535a5674db902,1,credit_card,4,168.06
"4139faf4f621fe4b49e3e0d71bce665c",1,credit_card,5,93.92
"06ba77893723a9357f7e681bf336fb2c",1,credit_card,1,64.22
"2a793a414091e9c1721f07d59a3b7c39",1,credit_card,3,72.45
c02e19b57ca332a2dd2e61ff8b2f07ca,1,boleto,1,100.48
ad1a49519124023cdc78cbbc0461de96,1,credit_card,2,45.68
"0bf0591471117549d48c64d47aa33e60",1,credit_card,1,48.71
"506537a590a8f111389ca1f2a4963847",1,credit_card,6,200.92
"38c61d1bbf5143a8c347ebaa490e234b",1,voucher,1,25.00
"41a1702de429a9f03364932da1ff1986",2,voucher,1,44.70
"40d61096a3c7681e431d0224b2eb6aab",1,credit_card,3,39.60
fe61d39dc8fd87c57829284f6e254e7a,1,credit_card,4,42.77
"58e6526f1ade5070dcfbc31f7eacfe50",1,credit_card,10,115.90
e55a9d669bfd16074230197d17e39034,1,credit_card,2,24.29
"7ef8671acf9060d60ac3eb8616a99627",1,credit_card,8,289.59
"0b4526b3cce3a48ec0506b923481cdfc",1,boleto,1,35.04
"911fba382ab724c847ae5577e47949d4",1,credit_card,6,177.58
"5e1d55263f67d8c2b166ec2f5cce1062",1,credit_card,4,43.97
d858d63e625f2b1e5273f8e9312802a4,1,credit_card,3,136.29
"2140d49aa405c7c344212e78351fef98",1,credit_card,1,23.99
"1fc5c0bd6efc980c66dac929f708ab00",1,credit_card,10,156.73
b42647c500cf637710473a668b0ff934,1,credit_card,1,236.34
"4553e6bea248714596b270fa8e67e0a0",1,credit_card,1,93.09
"592673ab37fe8fa9e3a4844d067682dd",1,credit_card,1,113.14
"38cfc106ae21ad50379975e828f5863e",1,boleto,1,106.78
b9a528ec4ad891d009b3dc50588218f1,1,credit_card,1,74.94
"7054ca2781439efaa9544a3a00c2ade7",1,credit_card,1,33.23
"25e4af6ebff2dfb6213c8cc7e36ecbed",2,voucher,1,25.63
bea1d77e861b4f44276f02d599d25705,1,voucher,1,96.02
a80b9e4d406b12636bb0f6792cd1862d,1,boleto,1,44.24
"4570fa83dbb31a563e06db0a554b951e",1,credit_card,6,322.17
"537be38441cb6b55c59979427abe99ef",1,boleto,1,96.59
"29d99fdabd0cb6b4e9d82f2f38c04a5a",1,credit_card,3,113.86
"4ef685e6dcade551ce14cb3783ca664d",1,credit_card,3,215.05
f9144beb4a52ad3ca5337e1f9409a3f4,1,credit_card,1,119.79
"2625837a3a5e1335d606929a3cf154a8",1,credit_card,1,45.48
"63d924357f70228a8bb5713b68d3b656",1,boleto,1,166.29
"54a906c3e69c5c9196b82c2722bf40c4",1,credit_card,1,118.88
"16765dc16804d7fd055e9fd68b14da71",1,credit_card,1,67.53
dd5440d0c678a3437186c8b73d4e195d,1,credit_card,1,241.25
"04d93c61c57f9d6d4886adce5a64a9b0",1,credit_card,1,147.06
"68233f255c4f267082b2fc19f6449977",1,boleto,1,295.93
cdf2839409d0f62e2b2e61b62b72dc16,1,boleto,1,80.21
d029fdde9d52a038f0de4e9ac1f7c9ad,1,credit_card,2,135.16
f9604c62f4691fd43013cd1e6489e332,1,credit_card,1,51.75
c04beb0786efb4f86b8222cd3d3d84fd,1,credit_card,3,63.00
"7c89d1b99dac4362bf2513afd0b14edd",1,boleto,1,132.92
e0ee14b660378f233bb2e93a868cffb6,1,credit_card,1,102.12
"41a002779a1684abe7ad8652958f5355",1,credit_card,2,438.26
"3b7800a3b0523ee2ecef278097a83f1b",1,credit_card,1,115.45
"075a544c5f4ed4bb75f82b160465fe76",1,credit_card,1,220.02
"8b06c6beb946868da80b3d6c18d20917",1,credit_card,2,219.77
f9207b5726780645ebba8401ccc336c6,1,credit_card,10,100.62
"6e15b44afc42ba31c4eb67e967a3bf4b",1,boleto,1,190.25
"264f3762919b6ad2a8cae65fd1202106",1,credit_card,1,74.94
"49b409b37fa9e707bd2bfc59a49ab7cd",1,credit_card,3,208.20
"279e00e0fbb287131056b0612f84ab6d",1,credit_card,6,300.36
"8cee1e77f3ff782a0f7fc304065941b6",1,boleto,1,109.41
dce21447fc49b97ea255257c2bdf4d22,1,credit_card,1,342.88
"7ca4d763a39831d8ba826af943d73ef2",1,credit_card,5,273.88
"866ec84f10b8bb9f0cbc1f4ef5ae69dc",1,credit_card,1,64.90
c0d8c763cce5b3b4c2fecafbcd779012,1,credit_card,2,238.00
"5128188ca97d5ec2767217149eb8df4f",1,boleto,1,185.96
"9f34e578816993ab6665797c08919c90",1,credit_card,3,118.09
f1f053637dd55791fa3a8ae1df1f3605,1,credit_card,6,221.23
"4653095ef7d71a9c9514e55131538126",1,boleto,1,65.01
bede49402c31f79ae1ea5fea8e67593f,1,credit_card,1,32.86
"996936689b68af80b51ef3c429a4f386",1,boleto,1,36.95
e1f0272dec25a81bbba4b92a50e83cba,1,credit_card,4,178.59
a5a83c95ed669b7ba0ddce1d761c191f,2,credit_card,1,67.52
d946899ce911ebb570750e694994f812,1,credit_card,3,74.08
"5dd2b7d78f1a564bc459f3aeb9b47bcb",1,credit_card,3,162.24
c29713133e5e33937af1a6e1e1370552,1,credit_card,8,103.04
"386a88e490a4759d81f9ecf8942a1150",1,boleto,1,37.95
"4379c802ba499c2c871ee501a835c33c",1,boleto,1,54.00
b4646db3266d2dcfe81b59aed062d3d7,1,boleto,1,63.10
"460281d0eeab1990c9fd04ac4705d3ed",1,credit_card,5,50.08
"39fa60081010d638c00e98a2acf219fc",1,boleto,1,184.84
"31a8766241a787028fc15329259dd644",1,credit_card,8,228.18
"5d6f7de589fed3156a711dfd607e7f50",1,credit_card,6,202.95
"36712c988ad3e0ce061946fffbdbbe2b",1,credit_card,1,56.78
fc699344c004d1635c1e3a27f707c8b6,1,credit_card,1,22.69
"593b6eefb72afdf364b30dedb1294414",1,credit_card,2,150.05
"55529dc7cb99d0befad66b19ad9adc8d",1,boleto,1,57.06
d3ebfb013e1078eaff4a664df869315a,1,credit_card,3,209.96
"81b1fd6b50d083d07912773bb6c8095c",1,credit_card,1,38.89
f85b47957bb21d303dabed9052490610,1,boleto,1,86.68
"45881387721786e660460cd8bfcb2010",1,credit_card,3,127.31
fba0d18dccd0e4e88943d84a0f5aa448,1,credit_card,3,124.78
"022ba76c6e0c4336514521a8cd4b8fbb",1,credit_card,1,120.82
"5d90c606cb92f1bd781a311d5ab61a75",2,voucher,1,789.89
"823384842bb58973b0c88e31c6f94da9",1,credit_card,6,67.68
"245edde3bd6cdd0590cdfba00d88234f",1,credit_card,1,72.66
"4024e82961bfcec0a71869767cf923e9",1,credit_card,5,170.86
b81dc96814c73196e795524a469a2c35,1,credit_card,3,42.77
d7b5d2ab1f5ac54aebca769d1d8f8a44,1,credit_card,1,59.25
"34fc07c730847e0b63265acd9b7be198",1,boleto,1,150.21
f5e2da86d5da6b3c66ec9f76a8c91bb3,1,credit_card,8,312.37
"592c655cc28e7b2331c58a5db83c2793",1,credit_card,2,42.58
"39f72b79ba5e9b6b512b7fc2ba46a4a5",1,credit_card,9,96.31
b3b2e969016ca4d8afc0421f0d63b864,1,credit_card,2,107.80
"5479f014d5015a0feaf35483c4bb73b3",1,credit_card,3,237.16
"45b888816ea926cda441a7e65e7c1b9f",1,boleto,1,271.35
bd5232c968db4fe262e6df58cd3b5e86,1,credit_card,1,56.78
b1ccda4a09098702b17f54b190200b52,1,credit_card,1,200.21
"892e04325197686b3f5a32eb5fb38177",1,boleto,1,37.34
c23cb80af0f010fd4115ad42f91c7822,1,boleto,1,88.72
"83454c8207f5c2102d2789a7ded17190",1,voucher,1,247.85
d7c320185a2f9b32f5e2370ff3f8bd64,4,voucher,1,0.20
"0c53c83ddb6fc0f6d915cda471c0aee5",1,credit_card,8,334.46
f764bb28725fea66368cbd0a799ac39f,1,credit_card,2,246.85
"24c8ffda64e11b98ff0fc9fca38bec50",1,credit_card,3,114.44
"0d8d74c25da3888411cba598d37dac61",1,credit_card,1,73.15
e96e01f8670b7127f79534c069c3cd20,1,credit_card,4,159.20
"06eda05597492635e3b91e00aa434332",1,boleto,1,216.14
"9964fcee18c49b70f81f947eb85ac611",1,boleto,1,57.53
"7201d0a0748fe3378ccb9ee146a4d0ed",1,credit_card,1,42.58
"544d54b3dc0d2262b5dfe130d16800b3",1,credit_card,1,35.00
"638407085366c5781b3cf8140fce7423",1,boleto,1,234.20
"982477fb4aaaa4ce97851852d2a28e90",1,credit_card,4,135.08
"68ad0ebee3a67c4fac46dd25a0008850",1,credit_card,1,75.08
"4b8e7be134dcdd11881a5e7de6c88627",2,voucher,1,34.95
"68442190a6c60659698fde46bcaf0e9e",1,credit_card,1,77.57
"9baa5b4e68d86c9f1694e1598b543a93",2,voucher,1,200.00
"702ec26902de328ad2830835af529b0b",1,credit_card,10,491.69
"9d1cb025d19b5ad3a5bbd1fd6bda4aa5",1,credit_card,1,180.30
aed8416bdc381185e18b6461d92b7456,1,credit_card,3,227.10
b66fd6a341d01f4aa177f68794414e6a,1,credit_card,1,368.28
e18b4a84f64ce180b70885a19068e6fa,1,credit_card,10,102.03
"5420abaef4ca382f6916df704a0d54b0",1,credit_card,5,267.99
eeacc2219efa996957aa46ab696afbde,1,boleto,1,100.92
"0536f0244395bde3fde4212b3f4d64c8",1,boleto,1,84.66
cb9dc2a38a77d7bc14a8a39841c4a542,1,credit_card,1,45.61
"28ccc6df03d720b1c01c91ce78025016",1,credit_card,3,104.72
"659862bc91d0c543aa9a3ecd268792c5",1,boleto,1,43.10
b3a70e33f30ddbe86271d2a7e75b62e2,1,credit_card,6,129.20
cfa852b36d4337ce761694088ba477d8,1,boleto,1,171.00
be73d4698f2f4939662dd7788cf3dad3,1,credit_card,1,45.00
"3cf9e0e6567aaa4e7698c34679d269de",1,credit_card,4,223.44
f43d93234718239094d891aca09e73b0,1,credit_card,1,86.85
d73b26310b53b3e3958a2aac75ad8e6c,1,credit_card,6,60.46
"787ae1110521f3a8bc19a7ac93b8c914",1,credit_card,2,25.03
c5bdd8ef3c0ec420232e668302179113,1,boleto,1,54.20
ff92b9f4c3333e0e977c4530a2e8d9cb,1,credit_card,1,98.65
"843b7dada8b84daa895c7978c62f9e43",1,credit_card,3,139.22
"828a705e0645673b538e803ca75a29b6",1,credit_card,1,115.45
"5ca57aaa41a5c6f09fb5e21506809d3b",1,credit_card,2,76.19
"0ddfbabc1c05f7dbef2c054efed7902f",1,credit_card,1,41.75
d2f67144a4e6d027140260ae9ed6b648,1,credit_card,9,624.24
"94f23feb252cda8e4bf2380428a1c42f",1,credit_card,3,31.77
cb303e4e397e2a02fdaca20eabe8dba9,1,credit_card,1,127.92
ccf804e764ed5650cd8759557269dc13,26,voucher,1,23.10
"8a93f4f9e595aba3253cd1896fc4dc36",1,credit_card,9,91.68
"55ab9db2aba357eaf4c98300f85b2189",1,credit_card,5,264.48
fedcd9f7ccdc8cba3a18defedd1a5547,13,voucher,1,5.84
b290e4dd94ec1715d29cc7d82dcf4d2f,1,boleto,1,78.10
"7c666dfeba44ed20c9ad3f4b3d7c5e8c",1,credit_card,3,153.90
"897b5491a20140b265bdfc2fc760e84e",1,credit_card,1,57.53
"77be5fd20b7a094653fc11f969c22eea",1,boleto,1,183.51
"7290f24ffc8f84166426d8727c15af13",4,voucher,1,92.20
"5e119c2064983e3218e5a34c5b54b2a3",1,credit_card,9,95.78
"2b500c112e920c97340e29545b8968bb",1,credit_card,8,239.77
a65a939c8b27182743b47a4e02b1e992,1,credit_card,1,31.43
d710a78f61cc62d2aeb7ebde38ee7738,1,credit_card,4,256.16
"84d27863cf4593bdc358f6b17240a3c5",1,boleto,1,99.33
"8fd30f29e6d6c705f1f0e25868416d1f",1,credit_card,5,252.09
"96b0f7debb763d6546823ac47d15e739",1,credit_card,3,114.69
"135d10c8c1fb10e298bb58356509e2c7",1,credit_card,1,56.39
"83c7e450050581ef4de4b03199ccc1f1",5,voucher,1,19.00
"6b52fde341db3472b2e4c787887abc7e",1,credit_card,1,51.41
"4e724c7d98c212ac0bbca82b6d274f76",1,credit_card,2,87.55
c02d29676287677de34ae218da13f8d1,1,credit_card,7,101.24
"63cd6c93d785b3b54d7955bc5fd74c3d",1,boleto,1,35.00
"0e1bac945331ee7ac2676eaec01b8fc4",1,credit_card,1,220.74
da84a8216703f542bc03d93c9394d9b1,1,credit_card,10,158.71
"89b4bfa9a1ad1b38674571113d47d4b2",1,credit_card,1,163.13
b846fa269a96d935cbd973f6ba217a6a,1,credit_card,2,234.84
f0ac9fdc189bce470ca4268f7dbb9037,1,credit_card,3,87.58
"92758826a22a6b5a7f78b076a3c7f164",1,credit_card,4,99.75
d2367d3ad2d3cf4378982734fa4060e9,1,credit_card,1,22.78
d1872a759d4c1e5437aa708d64ff592c,1,credit_card,2,44.38
ba35aab992c4504d63730c89ccc35613,1,boleto,1,257.46
"5bb7a11eb58ffba1a56c37d59dc1f1ec",1,boleto,1,191.67
d3a2b8f995e212546123698dc1624548,1,credit_card,1,65.39
a94dbde6685583673685c6ee9a80359e,1,credit_card,1,27.20
"3d46adb746f95277b8567c00b7bbfc22",1,credit_card,3,35.19
fd28bd7a604fde40a52ee6716b971139,1,credit_card,2,23.17
"944b3e66113a84e8e19010f5bf2701c4",1,credit_card,3,108.81
"33cd2b3de2ec32a78518fd9a66c98641",1,credit_card,1,27.68
"5f5ef03caf7e16f975b0fbd9ac1d3db0",1,credit_card,1,50.00
"713d7af76abcabc59c683aeccee0d493",1,credit_card,2,110.01
d92a8706984271de71ada4185b112dcf,1,credit_card,2,112.03
"0cc64cf0340c6a2e2a2157f49454b639",1,credit_card,1,62.37
"9b21d7e7e61740911f0008fc81681e63",1,boleto,1,124.93
"4103cb8c02ddae6eff9f233ba22ae0ad",1,credit_card,1,25.09
af0e2fb7a59adcdd21cf571e4ef18ca8,1,credit_card,3,228.69
d03db25190f9915dd3f9df74b394f63f,1,boleto,1,106.51
"90375c2818679d0acd512c173b31a0fa",1,credit_card,3,83.41
d0e215fdf1bf6d103e4b0c309767afc3,1,credit_card,3,154.10
bbd8e564f8a7baebca36f716fa4ae247,1,boleto,1,44.66
"33e70b1305003580be0b34472acce620",3,voucher,1,12.33
d465c10f1f89099cfd6c57cd84249f6f,1,credit_card,3,35.77
"41f781868928a7895f5ca4595af616e1",1,credit_card,1,106.78
"9e47bdda0d32604c18e587c151278314",1,credit_card,1,39.75
"0c92ac263657a43f18927cc6392e3816",1,credit_card,2,96.10
"7be32d3b5331e7aa64f9e557b59ea32e",1,credit_card,4,98.62
cb7adcbe8f1cc9dfa83f5bd41d81ec8c,1,credit_card,1,71.53
"0b710815eacb6ac13165d4cf70dbd5cf",1,credit_card,1,67.63
f77a966a5b4d9d5e7bbf4f70d3d57a65,1,boleto,1,363.05
cf2dbfa7d6c75d12986db276131ec3e3,1,credit_card,3,102.70
"5f81f8debb479300dc3ae13616afb823",1,boleto,1,122.98
bc8446f693e6c406e28d5cee739dc4cd,1,boleto,1,51.64
"97f4b655ca8dc69d90d799601c94c3f1",1,credit_card,1,55.00
cd8d629b349458e7b1d5e13e5aa54a7a,1,credit_card,3,148.02
"9725a1c59138f30c5dba936ca3a2de34",1,credit_card,8,107.99
c6efa28cb2f5d8167ce942fc7f5e6a4d,1,boleto,1,89.85
"60e8b42fc95ec83d1e3bc2c7f7b4350d",1,boleto,1,148.06
"888cd47e6e7e16e596224b8217f725d9",1,credit_card,1,42.54
"050c064324e4ea0fd891e928b776a24a",1,credit_card,8,92.55
"1d9a9731b9c10fc9cba74e6f74782e8b",4,voucher,1,5.16
"5039c86e0392fa512d40a377555e64c3",1,boleto,1,49.86
"6dab6db52d5bc33fff997ca478ef2f5c",1,boleto,1,86.79
"2b1d82acc9561318937048bf5ea0a990",1,credit_card,3,85.16
"755a429b14b766d9804739faa9ff4783",1,boleto,1,227.61
a139ecd5f1989a8f5d829cc03aa1a046,1,credit_card,8,82.97
ee8901b336ba6d83efea88efc3aeca49,1,credit_card,2,132.08
"67edec8e43c1b29a3121679657069073",1,credit_card,2,40.29
e23eaa3bc8275c392145e736dbdea275,1,credit_card,10,2026.54
"3937dd4b1499f638732d32d8c8f0720d",1,credit_card,5,464.98
"31030688bc36fe767e310ec81b02c80d",1,credit_card,1,434.73
a732b8bd0437cccab9e945143ad0a775,1,boleto,1,79.24
eb0b86031f7ecc48bdea37fedd25166c,1,credit_card,3,130.25
"5e9539c329818fcbcf5579c92a58501d",1,credit_card,1,67.44
b5f0cb5b67b735c6b00f7f9b92e0e59f,1,credit_card,2,156.63
eb3def506468a28e922792bce17156b0,1,credit_card,1,68.53
"70e107ed69e098ab3f97556b2b56b47c",1,boleto,1,64.18
"105a70f8a707fdd43b003271860132bd",1,credit_card,8,83.57
"3d85885db63d8328e4dbaa59804ad1ee",1,boleto,1,208.07
"2a717d97f9d41948b82901d96fb388ff",1,credit_card,2,207.12
a42283397a151200700834c740a51a37,1,credit_card,1,41.64
"21f76c9cee317278663cbec02a2fb2f4",2,voucher,1,49.83
"19f05b5a76e0e3f1df1ebaeef9bd2f8d",1,credit_card,10,1951.95
bc60b588a732fb42a8145a501c6a61d2,1,credit_card,6,107.79
"65b7f928b236039112ed2441d2237a11",1,credit_card,3,105.38
"73627dfa9a67ee111fb528be6f9d4b02",1,voucher,1,72.03
"343289ff41523c04e591262e4af6a288",1,credit_card,1,113.29
be617734b5af69d1f5af08af4a1ac32d,1,credit_card,1,90.00
e9376d90b28f9cdea83d4d850e4bb1a7,1,credit_card,4,139.62
d28f2bc60aaf4da8d97ff1319fdffab4,1,credit_card,1,82.33
"5451dcf8797facb072201af54921f04a",1,credit_card,9,96.88
"667193ac90447ff11c01fa504f18a4b1",1,boleto,1,138.15
"34a114524c5f794047b202c0c85f3a17",1,credit_card,1,85.11
"7430885c75f59ac3b7526e69a5a21e98",1,credit_card,1,45.09
"03e7fbb471b77e2baedac2662bd76db8",1,credit_card,1,257.21
"8edaa376e19d08bc84ab8845682216b4",1,credit_card,1,219.27
c714dc1b4064a670401d208c1f67e7e1,1,credit_card,1,47.69
"35b5262480e3a45052ad1b8070395e36",1,credit_card,2,68.82
"29e12a2232dff5d6c78392998b660f42",1,credit_card,6,86.73
c1790253dbc3ea071a2405222e2fe8e4,1,credit_card,1,50.62
"363f71c17d9b18f15c891f495e6fe713",1,credit_card,3,63.22
eedd2c731f831901b30f93fdc7416ec2,1,credit_card,4,43.22
"5b19e6d8d588e5f729477c3df4552051",1,boleto,1,177.76
"6c7a96d309d8664e67c6c88cb02f49dd",1,boleto,1,43.22
"924d24dd7c6de024d96e25d4812d65bd",1,credit_card,1,89.39
"973acb049a8228a556877e26fb30c06a",1,credit_card,10,1293.26
d32f7844e64842d07dba6964b3494ada,1,debit_card,1,57.51
"6ece1db0bcaf312af8d04af0cecb15e6",1,credit_card,4,73.74
"75107c0791f328a77ef65ab69646594e",1,credit_card,1,137.99
aa22c8b8e14d747a83a7a8876837fc82,1,credit_card,3,104.37
a223cabf8961911bec789b0f31c66592,1,credit_card,4,335.47
"2a7dcb1d34aa5213ba51c0997b843fc3",1,credit_card,3,83.41
"9782739e52d8ca75167c63bcfd4db9bd",1,credit_card,1,90.88
f0ea34d58a86eb887f6a0dc005d6d80b,1,boleto,1,53.62
"3198796f14214053998f8f2eca1c9c59",1,credit_card,12,199.75
"6e8c8d566d0f92d9ac1a6e72bba1a34d",1,credit_card,5,59.31
"60d3a610dc0f2e4967d8d1fc1d5313c8",1,credit_card,1,47.03
"594be2ebade43b59e6b9a29886de1de2",1,credit_card,3,165.13
fa65dad1b0e818e3ccc5cb0e39231352,11,voucher,1,4.03
"7e0b0f0b356dbf2c684fd6bbad4c1911",1,credit_card,6,100.35
dd8b90a226aafeea68fd6144f173f2d7,1,boleto,1,26.38
b3dd5b90145b576a279167630eef9def,1,credit_card,8,85.54
"356447440f7c0f7fc6bd04c27ed18216",1,credit_card,2,85.73
e1902035c4c195dff5edda08708c4050,1,credit_card,7,424.26
"1b7e84be9e271a4dde8983c8da30ee72",1,credit_card,10,101.60
"484041967269ab057b79f27c33a68f52",1,credit_card,1,38.09
"9751ad9e269564b0b79cc17a82fe06c4",1,boleto,1,75.85
d1f23373fcc8819b0168ed403939600f,1,credit_card,1,58.27
"08a5a57f90304e3e736623cdd8eb0166",1,credit_card,2,67.16
"458f5a6d4163d5b6de33cda5ec82ef10",2,voucher,1,218.72
fa8b91d8aacb92e77cd50059ac39c474,1,credit_card,10,140.49
"69a67f0ee0c09223e7bbd96233f1d322",1,credit_card,1,123.34
a452f232f2844160f507c536f84d9ffe,1,credit_card,1,40.63
"8f677798a3e80c02adf52911bf8d145d",1,credit_card,2,63.52
b601ce5415b4d58823d60e0e8e32ea12,1,credit_card,1,128.84
"35ea8c2abca283eff2f0d5c1168bf31c",1,credit_card,2,46.00
"17241db677e74dd094059c24370fb785",1,credit_card,1,102.92
"50cc713127f0c3035445fd5fc64460f9",1,credit_card,1,66.07
"92fe548282ee3cbd8eb925bdf97cac9a",1,credit_card,10,188.45
bde70300820015633b5e34e0bda10360,1,credit_card,2,106.16
"90c76ed1638b6bf4f87d58e19b3d1349",1,credit_card,6,82.33
"91004f0959e3066dc81fbb1c82ef2de7",1,credit_card,2,44.26
"987b7884b5b6e23a2b4d35d8213815a2",1,credit_card,20,488.58
"7c90d586e963f486acac5a2731869a5d",1,boleto,1,44.23
"4d8011977de9e1331ef6353d1ef622ef",1,credit_card,2,153.10
"5b8c60dba179499a7eba13bcd9131415",1,credit_card,2,29.69
"477f4b85adba162dd1e74def115aefd1",1,credit_card,2,270.54
"504358b70394ff9d17adc66f55192d5c",1,credit_card,1,8.10
afecb6cd077fed8f38144c9a1676493d,1,credit_card,1,186.62
"1fb395f38b15b8e1e14824c7d95e9a92",1,voucher,1,35.59
"1d251ab94983c4adb11e4b168abb1439",3,voucher,1,53.89
"6e1199a328a9d52a7f04542ee9092ff1",1,boleto,1,42.79
cfde948cbe426f37ac61e0f04215a5f3,1,voucher,1,26.80
"955b3eccb8e0c21820f39caeb0309789",1,credit_card,3,30.79
ff4935343715e7a6dae3e550f73a6459,1,boleto,1,633.50
"46a1ac51daefad9fbb8e65caacd43539",1,boleto,1,141.26
"659a4b8e5c9540667f4d4d5607bc8f79",1,credit_card,2,140.38
"3e272c0e88b4c65c4480ef4d2ca44b92",1,credit_card,1,24.77
"66582c0b6f09819676df894a431275fb",1,credit_card,1,94.63
"30ed55219f6cfed61bd93856516e44d8",1,credit_card,5,109.81
"4fa9d0878410252bb7108bfba1b99ac8",1,credit_card,1,104.37
"7cbc58346dce935abff14a7c5a0488f5",1,credit_card,6,137.67
"505cb622926ab5187cf06b104414215a",1,credit_card,1,91.29
"973bd34d8572bd529ef5b959c1429973",1,credit_card,7,514.11
"03ba490d83feaba677aede829ff79db1",1,credit_card,1,52.75
"9c7495bbff3f9fdbd9320ba46b827a2f",1,credit_card,4,175.88
e2e62108a0daf44573986d823484239a,1,credit_card,4,48.06
"1de55e56e0ba3d045955e0336a3fab7d",1,credit_card,4,99.22
"54ba74414bed49a8b13864b3e8666f57",3,voucher,1,20.00
"8eaa57692984fa5db36b0fdeaf44b66a",1,credit_card,3,166.47
c23e5dd6ab3f916d4f92f9890ae859eb,1,credit_card,1,44.13
"1a71051dfe3a0641e6feafe991adbdab",1,credit_card,3,238.78
"6b84d210abf237ef478dd4f1b0f4c10b",1,credit_card,6,63.22
"0aa240e0cbbe794b5470e659a22b614b",1,boleto,1,82.88
f59727f72b472d9e3863e4b4b277e1a9,1,credit_card,1,100.95
f95d91071966bc70023eae0e1750c1fc,2,voucher,1,91.65
"181728774174bd10684323a6cd0759b1",1,boleto,1,102.64
"8fc923d372690f0c1bfe010787d3400e",1,credit_card,3,185.93
a48ee55f767e23ac20a70709cc399915,1,credit_card,2,64.44
"6fd84385eb8cc236a04124b75069108b",1,debit_card,1,61.40
"123bf681d8f2bbf410339ccef14d9c42",1,credit_card,5,135.92
ca290a06ee0945b956f79c93b5191633,1,credit_card,1,175.10
ae579b8fbd291ba511e1f6fa5109d2f0,1,credit_card,8,195.88
"05147da86ae779803eaa2a5480010af9",1,debit_card,1,17.29
c9e24a111a89474ce28ed0bd70b94eb7,1,credit_card,1,36.09
"2d4f87cbbe8820ed575c631218efb06d",1,credit_card,5,177.25
"89cbb94d35366b1135a03af71cdaa3ff",1,boleto,1,53.01
f0a795dac0e5cf6a6f98cdcab173ffb8,1,credit_card,2,110.37
"46b3e34b2fe9e7cb16d75fca93aaa180",3,voucher,1,25.00
"18493260806e807d314bd6fcfc32e2b8",1,credit_card,1,63.91
c762b7683314cc1cf880475f78aa3821,1,credit_card,2,140.49
c4f3f1fa5eadd2ee5d28be9bb77361bf,1,credit_card,1,37.72
c6c0485c02e45b1f484c318d540257a1,1,boleto,1,77.79
"959505aeccc35d003ab580410022f433",2,voucher,1,51.49
d2a1c1e78726b6c25a324476d86f57ed,1,credit_card,3,196.50
"3fcef6f64992de28b33bffa27537d868",1,credit_card,1,116.94
d140e3b2c8717b000f1ea33c496480e8,1,credit_card,1,35.84
b6dd6ea76331ce0249dae4167d1ca9d9,1,boleto,1,42.80
"05f215a71e36c6985cb764b530d1e45c",1,credit_card,1,35.80
"9dd9eb1d7c035198b06f1775e0711a59",1,credit_card,4,80.78
c61e31d4cd0672fe89449ab560602519,1,credit_card,5,62.01
"79b3ba7b7296b5c683e4ec7b173e4020",1,boleto,1,97.87
"8c39f8c248ad24b41345fbdc827861d1",1,credit_card,6,142.10
"99777bf515a44dca96a60ac384e333d9",1,credit_card,3,37.37
"2b104b4033a0f544dd3ec21ceedf5849",1,credit_card,4,55.60
beabca800e15404a84eddcf4f176eddb,1,credit_card,1,77.81
"7311b63eb976756358a62bb49eac4c30",1,credit_card,6,66.67
a512634a0377a863c1f77f2ad31506e0,1,credit_card,3,89.96
"6deb828ed16ff2bd22abbd97663de110",1,credit_card,10,117.44
ebd36ae6078da11e32ede1d950819ed8,1,credit_card,4,244.52
"800041272b068eed258fd7c9120a26f4",1,credit_card,5,175.79
"4493e45e7ca1084efcd38ddebf174dda",1,boleto,1,254.75
"04d545b51bf8586200b03f1e22db97e2",1,boleto,1,50.02
c00716d35eb52dd20ebf014740db8d26,1,debit_card,1,844.98
a367cb36e03523fd763a8782ad9ba177,1,credit_card,2,101.14
"7f86cca3de139cdba174aa276ec11612",1,boleto,1,157.81
"4b796163426fd59eb29d85f487d695b2",1,credit_card,4,103.86
"4fcd41f1365d2b6852c34568499584b8",1,boleto,1,155.62
"48fbeebc9d59b8f5b8c06d87af9626f2",1,credit_card,2,52.58
"68a6bc33c20d0ac617d2ebc6bba91b60",2,voucher,1,119.99
acb77b31022128308393bdbc66e3e5bd,1,credit_card,2,61.05
"8dbf95d9c5478e672a3de4e316ab4d9a",1,credit_card,5,168.74
"7598147ec12a15c62a1350443e7ad42f",1,boleto,1,76.58
"736401dfe860545394d24b098b2728eb",1,credit_card,4,46.04
"0c9c4433b5b33bcc077a814c9dd7dc3b",1,credit_card,4,142.45
d379106e33d9ce768889ef816526d215,1,credit_card,5,100.54
"0dde32a7d38a8fd9a7e5b383271a5eea",1,credit_card,1,72.00
"7758efb652718b8224924d2ada0ad50c",1,credit_card,10,103.37
"69dc26f8dbfc5022922470b70d452dc3",1,credit_card,1,63.17
"1f59665af8c7408a7c633f9541644854",1,credit_card,10,152.09
"15ae5aa73080f369ab385e40f2fd7957",1,credit_card,1,87.70
"7189222fd475388e5619a2bcc20352f5",1,boleto,1,99.43
"3d6024a65d547d75ce7c38da01993565",1,credit_card,3,67.15
c876d6fb9e48f2d2e622c9e3a716a8d7,1,credit_card,4,132.17
"415e206741f6c13328e16559b1b85b54",1,credit_card,2,159.21
"656a18a8006d264fcc120edf67a4e98c",1,boleto,1,102.93
"698856ebb1ed71af56a153fffb47b0a7",1,credit_card,5,83.73
"6e68db908b8a2902c4f8309e1c1cbe3f",1,credit_card,8,514.70
"284e6746559a13cf16f5941bc6872c4a",1,credit_card,1,59.34
c44b3f142eb33ac2b018b105dff8692d,1,boleto,1,247.65
a848ecb46fe108b35dd5bd7bf4fdddca,1,credit_card,5,197.07
df06f0bb9d267877652ac465e661b120,1,credit_card,2,249.41
d9612f4021d391b5430703c339d62b26,1,credit_card,1,183.53
"0ec1e92bb5190cb24b2b414151894032",1,credit_card,7,224.10
"83d47a55a238c75386e31ef70f5d8b45",1,credit_card,2,63.73
eeb07aa24e72e434c3a2617822832059,1,credit_card,6,64.10
ed12c1acf2aa565658a1353aa0443768,1,credit_card,4,203.79
"1fce119897499a117beb9f48ac6cff5c",1,credit_card,4,92.57
a4e60f26b5298171b4a850402c2ae5e9,2,voucher,1,50.00
"533ca098906e55ed14be6385223b86d1",1,credit_card,3,223.77
"9c2d1fc16f35a46132271707af17d902",1,boleto,1,138.08
"31a5a68f9d077c999f8b5b3dc297989c",1,boleto,1,28.40
"4fc7fe1bc9c28e87c8d77a28aefb97f4",1,credit_card,3,164.66
"9c54a1816e487456bb7eb5082b9823ff",8,voucher,1,8.57
"5e24ecfdf90a8dfceb3cd8ed37db5c26",1,credit_card,4,59.30
d4113b34b5912aa49875798a65d88613,1,boleto,1,144.58
"06e30282882c8f52575603b55ed877ce",1,credit_card,1,99.43
"159071a1852cacb075d31e4ae77aa7a3",1,credit_card,4,1303.50
bfdfa2b4742c41cf4853fd72cf7c9815,1,credit_card,2,127.98
"37ac92a80fc763601ead868bb23af05a",1,credit_card,2,60.01
dacd9ea86285f197d0b7495e8af14781,3,voucher,1,12.34
"583d26399c28234b68343e4ec352842a",1,credit_card,5,59.82
"9d4be303e6a9cebfccda2d29624ca472",1,credit_card,2,114.45
d2f3c6bc866e8739ed6b470f1c13cc44,1,credit_card,4,43.83
efd8d1b981913fbc82d5cb85e7e0373f,1,credit_card,2,123.10
"8cfccf55774b9fea28d9d85e30b2745e",1,credit_card,1,211.93
"8a6bf1083cc2efc062e037e474622de6",1,credit_card,4,164.40
"51bba23b6fd5b430636450f273aadd8a",1,credit_card,3,160.12
"4836de5d09ae58d55773d2e0179dccba",1,boleto,1,50.38
"439e088d80f64c9fb6491a96e37d7ed7",1,credit_card,8,550.03
b8465ebdeb16d7b97b28e61f894afb70,1,credit_card,4,92.28
"2882e815bbb59314e58194adf2fe61e3",5,voucher,1,5.95
"5d60fb004df189c63dde348d81c6b4f7",1,credit_card,3,147.78
ce92e21e5a1332b68afdf06370bc6657,1,credit_card,1,54.76
a0187e7c7bf053267a1187e27e16e58a,1,credit_card,3,184.20
eb4f7af52d42fb1b1051cd5457074b9b,1,credit_card,4,217.01
"412e22f7bfca70106c77569bbe81ed1a",1,credit_card,4,46.61
d9bf43027ddbeee4ced772f175c2dc40,1,credit_card,6,62.91
"53cbb231b2386587ee92b4d0d2fe7641",1,credit_card,3,45.00
"96c284fea37bf65abad9c4c8847a869c",1,boleto,1,90.05
"30c81e4049d16861db007699a31d9a5e",1,credit_card,1,76.89
"2452a055c236acef27397590cf35f737",1,boleto,1,123.07
b6b375071cc968750ab3deded827b864,1,credit_card,10,119.48
"9ce475d5a0f449a5b6f9c86c7e98e331",1,boleto,1,300.36
"87362ced3e155e82485e17f95f7f79c6",1,boleto,1,106.76
"7c2442a9fcc83aece6cfdc4665bba387",1,credit_card,1,428.02
"012f29911fcd2f1209d937741a6bbc6f",1,credit_card,4,42.07
"67713bd0ca39cfc934fcec04d0fa476a",1,credit_card,1,163.04
e1ccac2f83d9ae0c22cd16e9573c3f5c,1,credit_card,6,164.79
"464cd296e96f72dc09a9601842cc0893",2,voucher,1,50.00
e3e81ec82803ad01f1d0569485ea0b75,1,credit_card,2,169.56
"3a88a0ff2f9fa0ef19d7cff072c2f84e",1,credit_card,1,112.54
"8814f631c904625a3d275d23f5e3c45f",1,credit_card,1,64.13
"545876d1d457c5b38d5f02aacfe12b32",1,credit_card,1,30.86
"6a146f011803fde4127315fd933cc48a",1,credit_card,4,129.53
"4ecd4654955a39a165e7cde49b3ec0fb",1,credit_card,3,180.25
dd6080fd238b70c9ebb44a038b77c410,1,boleto,1,142.89
a56289834f2dafadf7c571cc16d3249b,1,credit_card,1,19.33
dfdf713f169a1ba9bbfd41f67179e07a,1,credit_card,1,25.31
dbb786f88b6d4e52fe3cb5d771b979d6,1,credit_card,8,161.97
"9b95554e4a79777fcb0168932c4a9522",1,boleto,1,1641.51
"92b48ee2f99d597171a30fc4a45e81ad",1,credit_card,3,181.64
"2f731cfbee2fecc19b83992498f23c25",2,voucher,1,43.42
b6631d81e07bf69a61192f31dfd41cf8,1,boleto,1,256.11
"31ad4814ceda6fbaf80287df5e35073c",1,credit_card,3,175.82
c3547ff2a0fb9751d7b6aa7f7346695f,1,credit_card,1,29.51
"222c6bc1698aec767223c052bf66327d",1,credit_card,3,88.29
aa834e164d26bde6b0890bb9e70fbf9d,1,credit_card,1,80.22
"07926fd3755c862341b7c7a15ef40b30",1,credit_card,1,44.42
e0bd62e007e5e88656338ab10a5c0f42,4,voucher,1,0.48
"06a1cb50e0911f3b04b4f43fc7beb5a7",1,boleto,1,59.09
"9fc1a6e2f46820824fa91641b996bba0",1,credit_card,2,90.23
ce5cbf2f45858052b9bc0af3690399cc,1,credit_card,5,102.68
e77070db7fd22ebeaba41a390fe93a53,1,boleto,1,46.64
a10055536fe311de2b76c8b7040cac85,1,credit_card,3,121.62
c5222412ad9d123721c453c7c21a6cfa,2,voucher,1,15.19
"96c9598c25e152e093aedcc8cf89ab0d",1,voucher,1,14.20
fb6d9f2b63d335de19b9df4b1c4a6f51,1,credit_card,4,123.69
"479730a1200cfbbf8c4fa301820e5d1c",1,credit_card,3,98.88
"9b050477d0faef8e239f8ab69bac935a",1,credit_card,1,86.08
"11ea58a620fd9de597a9f914ee52d9c9",1,credit_card,2,100.04
"7a2dc95ee0da0f352df3379029aef42f",1,credit_card,2,199.07
db52cc46b34b6c79d06569a1f7163d7b,1,credit_card,10,590.05
"7292d6e02e9cf2ad86b9688e67487750",1,credit_card,2,138.72
"4274c629dbb28e0ca783cf3a7673acb4",1,credit_card,1,61.02
"440fd902b617080eeb9463a65ffae07a",1,credit_card,3,266.18
"4b5706ed2d547df22ce04c0356b9cb99",1,credit_card,2,85.79
b8f6c1f24bcd15ca5eb715c85b0abc29,1,credit_card,8,545.24
"0faccee831e15bfa7b6b1bef3eeba735",1,credit_card,4,42.85
"2cc3c6f1d89338c78360e079513f99d2",1,credit_card,2,145.00
"60d9639e8367addbb73c0c57bc29153e",1,credit_card,2,128.19
"6b7f286d1c41eb87f19bc62c31043740",1,credit_card,1,60.00
"2d1532a0e5de7237f34903019cf8f3d3",1,credit_card,1,37.50
"12bab4379a646f08ae89ed0561f5481e",1,boleto,1,85.15
"072d14a6096a0b4e29e3e2d6f11f58fa",1,credit_card,3,37.45
"5b21b46782ed9faaaa055f0c4eb0cac0",1,credit_card,3,107.90
"8adafb3466daa5395694d3a906ff9d40",1,credit_card,4,218.00
"46e5628ac4a223fe4ecb24dab9d6b26a",1,credit_card,1,44.53
"3a026b1e98a953d5e0e675d1593ad4af",2,voucher,1,69.41
c40c5d575c4ace5fdeaa53f94c039aa3,1,credit_card,2,43.93
f6062f2fd7a79226266b4cdaded643ec,1,credit_card,3,211.91
"8f7176f38b6ac3f5e924b9b05716440c",1,credit_card,6,307.68
"8d522f62d3cf573581ad306fd7f5179d",1,credit_card,1,31.69
be19acb358fd31051b54dc45f59bb7b9,1,credit_card,1,27.75
"5d0c8f7d2215114ca6c95a8af1ad7a00",1,credit_card,1,87.13
e444d35248c6b1c8b408719cf0cdae3d,1,credit_card,1,13.17
"3b5b84c98dba2f787fafb6b071389e2b",1,credit_card,3,166.60
ce943243f0c85ae46078241f00eb17ac,1,credit_card,1,69.58
"829e9bcb88d163d9d6b6da8e8c396bbd",1,boleto,1,84.80
ea6a496329b06f8ef26ff21eb61998f9,1,credit_card,4,120.84
c73c7b94754de2363ea55ba35902321d,1,boleto,1,36.35
b662bdadd70714c6b51d0d66049c6afb,1,boleto,1,160.57
"20f00da0cbd9a5f5d8caaa7f5a5e438c",1,credit_card,5,423.47
cfea2c141cacb975b65831b7ffd6d194,1,credit_card,4,45.53
bcb83032ff3fe35a0f6df11c771069da,1,credit_card,2,157.79
bbca89624572b1532cc19840d3ad81c8,1,credit_card,1,37.93
"5e4c444119f9dde26396d882d2f351d5",1,credit_card,1,35.09
cec3185bcfe3a9c60e73df2ae9bfa4ac,3,voucher,1,63.45
b102a55650928a816173fab1295e4759,1,boleto,1,60.11
"4427e7da064254d8af538aca447a560c",1,boleto,1,102.87
"186d3cd768be1890d832106f914ba37c",1,credit_card,4,53.01
da6286f6b9d805439991572bf84782e8,1,credit_card,3,150.14
e28c201fc8fc0d81e0a72ba68683a5a0,1,boleto,1,91.97
a9cd6a8565b10d36007e7a68f48af097,1,credit_card,1,57.39
"87e5688122b4c8765d4abc62af2c9ade",1,boleto,1,212.02
"60f6dd1c9030b6132080d65599736d7f",1,credit_card,2,43.87
"905295157bd28424f6c3139dcde920aa",1,credit_card,4,106.16
b40a211d71d4ae25b0be4be0e539fe25,1,credit_card,1,62.71
"44579d02e209aa42e391a4af78ec74fe",1,credit_card,4,78.60
"92690e980fa355ce415cdeb21196e518",1,credit_card,2,86.45
"34080c138f92d6ea70448a0403b25d00",1,credit_card,10,131.25
"38d4786d1c7b6dae14470fdfb8616bb0",5,voucher,1,26.73
"50bab6ddd523b8b8b4bda6a45f4f6b53",1,credit_card,8,166.98
"9dfd3a56fdb17e1806b96edf77f39fef",1,credit_card,8,102.64
cd26f38f85079dc481e75845b1043af2,1,credit_card,6,62.71
"40235386473717246bb2eb10fe48037a",1,boleto,1,35.00
f1a85c57bbe9845da9ee357e3e4088aa,1,boleto,1,59.90
"2d9e3c3c7f0f3ba8a8fa3db2f1211ceb",1,credit_card,5,676.92
"3a98a62b1abeae3d84a504e048ee12b2",1,credit_card,4,46.66
"109f6898323e99a194948043ea99cdd8",2,voucher,1,29.11
f38e0a45ef125f0214a3edaa9ea48098,1,boleto,1,105.78
"3290f39297b8a329b033a77a8ed856b2",1,credit_card,1,134.20
"5948fbee097af38b1319f4cd4040c2cd",1,credit_card,5,66.59
"17e8b55480433d174982a3eea0454a8b",2,voucher,1,301.75
"941eccbab1cd0aec1888e669e608e5bd",1,credit_card,2,186.79
"4682ccc1cc6188dda05e841ad72bc5e8",1,boleto,1,76.08
"697190b1b46c11294879f6bc10364865",1,credit_card,1,108.50
e1c161cec46262db2bdd7b36d9ee2450,1,credit_card,1,462.07
df90c41800b8805c3a9a8c5139d0c83b,1,boleto,1,70.84
"9b189f6cf2ef734a7dd0419ed3c64d99",1,credit_card,6,200.45
"0911bde30c594a8d02279916da2ece61",1,credit_card,1,80.19
bb4bfc8351c7a9340b9fadd09e26be8d,1,credit_card,2,44.45
cc798828f930d073a9b9592d56bd167c,1,credit_card,3,117.23
a3928d42c137a3c6fcd9c61712ad678f,1,credit_card,10,114.56
c2346355ba8062d8c308b0a82854206e,1,credit_card,5,50.01
fe78b46c19e9737d82d7dc5d7ea6ee77,1,credit_card,5,115.02
"898a25f87470b8e064878de16c52f6bc",1,credit_card,2,126.08
"3941ca6fee43030b3a030be440e4ead7",1,credit_card,5,113.84
eb71a8bb87819d656f272861f49e3477,1,boleto,1,85.94
"62c16e40e8cd43ca10fef5eadfc2d11f",1,credit_card,1,200.76
a3fb3b6bb8e09643668fa1ed2591b149,1,credit_card,2,44.10
"11302d4542ca6da5b505416f9e04f0a8",1,credit_card,5,57.59
"686541986ecfb7d9296eb67719973bf0",1,credit_card,1,39.99
cb9988b1ddad2cfaf954e9ce3fec266b,1,credit_card,8,106.78
"7b6b4f3f9ceec2248dad997d2f53650e",1,credit_card,4,360.03
"9d33c379ff2539cb31da19fefc2c1d23",1,credit_card,1,104.60
"087a471c766adfaa11fd61670213b4c3",1,credit_card,6,132.13
"0f4f07de4a8aaaa5b16fef24f10b1d1d",1,credit_card,1,45.53
e0e878e7eefd915b86e8b5714374642f,1,credit_card,8,83.06
"58a1e508f021717acbcf12f9f328f497",1,credit_card,5,55.09
"5a65b91aff9c0fb03e7971823e104163",1,boleto,1,76.78
a7b06f5455e9b377522cc7e8e41551a3,1,credit_card,7,136.19
"8982c5a29644a98312ad54cac13d513e",1,boleto,1,41.05
caadb6f85ad7ef6bc72a66e1724c1313,1,credit_card,2,80.60
"387ca56ee49ac7729110f669eeb9e3cf",1,credit_card,4,114.79
"2739713764165279791b394484947e2d",1,credit_card,8,81.11
f55f2ceef609960024f449621f6f478b,1,credit_card,2,109.59
ae5006e8bc74e1aba0f5f41bd117cdaa,1,credit_card,1,107.30
"6c1d2589bb92157989da84b6f7ac8ef6",1,boleto,1,864.98
a15cf0c6907f5a98ca4fb8cc66731f06,1,credit_card,5,242.02
"35b69c976146412e632585ca8260da83",1,credit_card,6,342.15
"1d4207bd950cb794e52660cc79cecf5b",1,credit_card,2,58.37
d44d3aabe5fd82754ca3b4696cdc90e7,2,credit_card,8,462.14
"4d34da0824213ee7962a5c5ed32b3f51",1,credit_card,3,36.78
b6e0e6fd530fd4d992e4e29014fbf251,1,boleto,1,79.38
"1fa78500e37879853df6bf65220a3994",1,credit_card,1,55.85
"696428244100d1ab711bc608f832e5ef",1,credit_card,7,205.85
e84f18bf4ee058607a5dfa5ac98e0317,1,credit_card,1,81.24
a9539f1fbe0e0a9eed2c492f6ac40852,1,credit_card,8,82.98
"3e68d0953d76c816cb9b580357cf65a1",1,credit_card,5,59.00
"18fc9f8587ebe1c7f604cb74c9364dfa",1,credit_card,2,42.87
"39fe0331a8d6ca0adba8a1436dc1e8e3",1,credit_card,8,400.93
"5a19541418a06483600ae1e9a751d61a",1,credit_card,3,167.13
"0963c313de5db3a47d2b1d051e92a299",1,credit_card,2,128.06
"6e07f46972023a8c972489cd0278592f",1,credit_card,1,37.38
"2bb59df7f849a0d5f1563876236ccc5e",1,boleto,1,75.29
"190cce77a8a1f436ff7bb2e684906449",1,credit_card,1,75.44
"3999a126b43090c600e16c9044722e1c",1,credit_card,1,37.77
"5c54f727a59912aa9d995d04a4fa2e83",1,credit_card,3,37.38
dcbec508f4fc195063833b2054995d32,1,credit_card,2,49.23
"334b9822c2bb533789cb5cd89f1257b0",1,credit_card,7,140.00
"22268b58e6b35e218f4cf7928de636e4",1,credit_card,4,122.36
"3c69501ebecddb728391d2803da61bc9",1,boleto,1,34.00
ea4286567e0283e5437a80dafadc9a4d,1,credit_card,1,153.12
"089b6875058f8f72ecbe2f5afe317910",1,credit_card,1,87.32
"320aa533182a4c39740380e4cf887c83",1,credit_card,1,33.75
"3eda68d81b3be569f9e35651a18c8215",1,boleto,1,39.62
"00d0ff2017f9ea13dd7eec7470ca473a",1,boleto,1,74.69
"0f22023f3788f79238d089fb4277f82e",1,credit_card,4,210.56
ee72cc3828a08dc0672d88d212db3452,1,credit_card,5,66.28
bdc8dbe2398cc2b77b8628177c7719ad,1,credit_card,3,100.57
"40235388677ff26c877371597c5fd116",1,credit_card,1,19.86
"4200e64fc68666999e2a696dfb2661a1",1,boleto,1,126.54
"91d8044f5ac4a788b325fe556f47c480",1,credit_card,1,98.03
a6ecc069c60805396f6a256b7b8e0883,1,credit_card,2,172.14
"9a6fd2478f561404120cecc289ea20a0",1,credit_card,3,186.19
c3a5f9a1e22066b7cb175e1efa5b28bf,1,boleto,1,89.88
"275950acf4956dfc3d23514eb61f1d9b",1,credit_card,2,80.51
ed4bb81d1c09ad5eb9d421a2447387ce,1,boleto,1,35.84
"063f19fae1eadbb92dc30d00b7cc870c",1,credit_card,4,215.31
b2d30dfaf7114de8ab3f737d062032fe,1,boleto,1,40.10
"0f1fbabf04ee04bc44fb07f93fc478c6",1,credit_card,1,117.45
"374bf858fdba6e44eed4fe7871a61dfe",1,credit_card,3,101.10
"37069a22c82db05d43b447a96abf4af0",1,credit_card,1,55.00
"1ae12b6aeac8467444bd1b07ab3c793a",1,credit_card,1,72.67
"2956c3060085d849e6c81602a6e99eff",1,credit_card,3,84.56
"195362ade532294f73fff8ff4f138c3f",1,credit_card,6,189.32
"2eadaf71d4f29fd92a626c6a068ff74d",1,credit_card,3,228.26
ff27e1834865dc01e39567836980d12f,1,credit_card,2,171.12
"54ac5ed66a8b2c74a3878d90d805f367",1,credit_card,1,54.42
c8c474f20a667ba003a1f6e929fc3a44,1,credit_card,1,65.79
"68986e4324f6a21481df4e6e89abcf01",11,voucher,1,15.75
"2c922479dfa54e17760a70063a369e8a",1,boleto,1,55.13
f17168721437c520f0336574d898eacb,1,credit_card,2,21.76
"62298ce96fd87a8c6dbd04c4b2a16d41",1,credit_card,1,50.68
"49243d0f8a5479df0f4f41f8c41fdc19",1,credit_card,1,79.68
afb288542740b18ca4e5dbf1544db413,1,credit_card,5,133.57
ddad987b1ab585281640b4b7e7261ede,1,credit_card,6,113.77
"18137b5db086c8612160066abecac8a7",1,credit_card,7,231.88
"47ea7a7404f3a2bd852026254b803f48",1,credit_card,8,107.78
"26ce29b4d5e6092d390ba9937321346e",1,boleto,1,123.25
"08ccf73c206d15fd2668cdb6f32b5e04",1,credit_card,1,35.69
"4969cddf1cd3a57ea95fe8c3b89a7018",1,credit_card,10,143.83
"23656d2d2cc437bb9aa69984ee84d980",1,credit_card,1,18.77
"51a794671126e0829276fe7de804043e",1,boleto,1,153.38
c5e44ccca834721d269f1227236ae8be,1,credit_card,1,39.04
"89dcc8e6ba6b8f472cea330e77e1d155",1,credit_card,2,123.34
b0f913cb83681e8a8563b96b641b3e1b,4,voucher,1,32.00
"75e6b640cd630f2a1b0250fadc68da12",1,credit_card,1,61.33
f01bca7e8e6bedab1bbcee4ccddca238,1,credit_card,2,176.26
"863211f4868ae3a9ed08ffcf86768db3",1,credit_card,10,485.02
ec3352dd1b10d126a76972b35d676210,1,credit_card,10,310.90
"3a5ed4ec9fee02e629a8909af01459a7",1,credit_card,6,66.73
"296dcb26190e9bfc5bb480b367c93840",1,boleto,1,90.44
"5e7dc712b9b97639cbac22ffe7701945",1,credit_card,3,145.47
"928cc774345b405181cc07ab2497e930",1,credit_card,4,49.60
dd4fd02da4171046f038fc4dc782ef24,1,credit_card,4,214.44
a57c6259d5cafde1c31730d942b2d5de,1,boleto,1,742.93
"592d9737afc6c5aa5016cbd3ccd549c5",1,credit_card,4,246.26
b5e461698d26f74f0316a419ee853f39,1,credit_card,2,125.01
"19530a2973e25dffb52a39210f27ebb0",1,credit_card,1,106.77
"6b1506319e933481532aba2b6de29d12",1,credit_card,1,4.45
"626d1cc366da566023f1b3d8e202d568",1,credit_card,2,112.42
"5ddffd82198ca5fd512883316c2c865b",1,credit_card,6,188.55
"77959eeab7515802d0b17bd97ca522b7",1,credit_card,2,75.53
a9f11c56bcbe844bc11934ac128d5b82,1,credit_card,5,242.37
"1bf4871c57b8284ca1dfa1a02ad278c6",1,credit_card,1,93.57
"61e4862419474babad164172a0d6b7af",1,credit_card,1,79.24
"610550e46b3a0a7f45723db57f2170f3",1,credit_card,7,76.65
e3cc61bbc1cfe072879400a8d82f10a2,1,boleto,1,183.92
"768a46b77a2e365b60de87041473343c",1,boleto,1,63.14
ffa39020fe7c8a3e907320e1bec4b985,1,credit_card,1,7.13
"7af0cdfa3882b66c59014380a20ef7b6",1,boleto,1,357.90
cb5d26cc320462a7e5d9e14a9a6b0dfb,1,boleto,1,36.69
"257a853e3afe9bee83a67f4798e6db79",1,credit_card,2,128.64
a7cea68c8e5f1086a3267d2972a50646,1,boleto,1,93.90
b19cbdc71dc9913fc6eda58071709aae,1,credit_card,2,29.34
e4a4be9057b0723c5014f56c6d4ba6ca,1,credit_card,4,44.71
"4e658409c66959a88af17ef4048b9997",1,credit_card,1,72.85
e66b6216dfb711466b7edd3d16861edb,1,boleto,1,93.48
"305521e597cd32f946da81d3649d31b9",1,boleto,1,45.38
"55d74dbd18c5f5e386303d8ec5b70a65",1,credit_card,6,148.15
"2dd788ca81b01065600706161793b829",1,credit_card,1,121.70
"71303d7e93b399f5bcd537d124c0bcfa",1,credit_card,1,109.34
"125512e7d74d27bce62323fed7c24ed5",1,credit_card,1,51.14
c6492b842ac190db807c15aff21a7dd6,10,voucher,1,73.76
"10a6476d4339a6b5f323db3d2357de52",1,credit_card,4,94.73
b75a6018e7dd4580ea41116341ec362f,1,credit_card,1,37.53
"514b4450547a198b2000fe570c522277",1,credit_card,6,229.66
d9b690be37895a83c71501e629e0c2ec,1,credit_card,2,135.04
"79ee6745e164245e776acc4bb4e37e3a",1,credit_card,1,57.11
"1515cf99add38d4baa19a14346e25b31",1,credit_card,1,137.60
"058e0a8627dc25b49eae4ce6ca658cb8",1,credit_card,3,1152.62
aaabb4935fd6db331104e2cf134d60d8,1,credit_card,1,97.80
f319682858b7521e6b6ed7979bef72a8,1,credit_card,1,27.26
"7f3329c837ba8107a556fc154276a04e",1,credit_card,2,150.39
"15d2b3dbcf33db614663846c65954138",1,credit_card,8,108.37
"1dbe2e0c5594a384eac781a7e46c6011",1,credit_card,7,72.08
c9850ddef84ecbf5cbe2c3f4aef7ab6b,1,credit_card,1,107.81
"87da0bebd85724d8dc20289da550ce1b",1,credit_card,1,55.01
afa4a5eb55c10c299c13478f1f092dc1,1,credit_card,2,113.77
"0166ae6ff6d450bbac3eb4ed2885c0f8",1,credit_card,1,89.75
d05cac15bc1000a8d38860c44fc4af09,1,credit_card,6,73.62
d8a7de021e5dfac3c36636fc6ef861c9,1,credit_card,3,101.14
"323ebc5450e01beac5ad45e926ecf923",1,credit_card,4,80.56
"87386e2485df1ab61a6d060a092e4d6f",1,credit_card,3,53.82
"6b492e90666acecd3f5d1fd3fab7afbf",1,credit_card,2,114.96
bcc8085a0288cf3353fea3d79ae6b9a0,1,boleto,1,27.78
"0f6c56738e9a7a30c78b735a231d3f56",1,credit_card,4,350.18
"6feb1191d85c6196e2dde76966fdb45a",1,boleto,1,147.31
"8572e18216437c86715d1e5a52321408",1,credit_card,2,92.64
"5e17018ebbf73082329fdcbb34b791ff",1,voucher,1,161.67
a9726615eb24e9b1fa84fe7f8c9a5b54,3,voucher,1,2.98
"6dc3421585b287648465d942e8d0c0d1",1,boleto,1,124.27
f610e3e4a9ad8742b67f429e2772ee72,1,credit_card,1,33.05
"4998304ddcd450f9750a4de8f7933296",1,credit_card,1,82.61
"6ee89dd6efe32b77d0f988f6d641af71",1,credit_card,5,59.24
"702c1e398b49275935f9d3a6e344083d",2,voucher,1,7.38
"0923b9182325b77894f97a1a532c7102",1,credit_card,8,250.09
d9009d1d046dfcfcdc8deb608482e570,1,boleto,1,127.10
"4f9a5e34b38f10ef71c5753cc953be3a",2,voucher,1,20.00
"6a868efa34dccad934e939877994dafe",2,voucher,1,68.93
"5899e054139c0623eb7e33c47f32b68a",1,credit_card,8,80.96
"52ed4ea43ae701531f7a3a18b16783f8",1,credit_card,2,27.68
d838f9be69c8307b383f766fb85ce761,1,credit_card,4,85.08
"54130db48a3d7ee5636ba18659ab73a8",2,voucher,1,111.94
d0160c63f4290593b0d35f6e2045e693,1,credit_card,1,124.52
"9e9d1406a904f8e28018211f22403b69",1,credit_card,8,214.77
"09d062f6e1122b61b5ebf287cfd6be11",1,boleto,1,79.19
"4b41b73ec809497c577cc1f085ad38a3",1,credit_card,3,48.24
"00024acbcdf0a6daa1e931b038114c75",1,credit_card,2,25.78
"2da5750fca320dddda4ce9b8c7e08f42",1,credit_card,10,1662.02
"9a39823cabf87305e23b619a5636920d",1,credit_card,1,31.13
"2f1142c1bd6a656c18928bd51215565d",2,voucher,1,100.00
e4ce7e9f0b81f2de2415e30494021d2c,1,credit_card,1,143.49
"3e525509a51c670ba1386ba88ac9ab6a",1,credit_card,1,57.70
"1e61c2d93012f7a32fe86de9bafc3a1f",1,credit_card,1,65.43
"834bdbe2274206828a57e58fef7f4935",1,credit_card,1,79.64
"2013e60377e57344d89d5e4a5b3f2a9c",1,credit_card,4,122.02
"5ca64dbf0d6d6aec2ad73e74b918de04",1,credit_card,3,92.41
"69ffbfbfbabf0d4360c4deb0632b6f1a",1,credit_card,1,51.59
"077a77e315e3b317121a0af9962e122b",1,credit_card,1,19.64
ca4d9163f73c29c767a726571e8baf23,1,credit_card,1,59.00
"91ecb8522096ff10be2144645c994c6f",1,credit_card,4,86.15
"95b1d0b73b19c6fff384a9036a89e484",1,boleto,1,124.93
d379476af4ac3bc71f0f857e9f2827ef,1,credit_card,2,128.10
"8d17ba5695db76a5fc7fed0645778642",1,boleto,1,135.72
"988c4ae9761f28359668d76b84b977fc",1,credit_card,1,1.14
"6703ec8f95d980d0f4b7ca9a61f0d0c4",1,credit_card,2,82.12
"3218f86426ff23f35e98c882849d47a9",1,credit_card,6,160.54
"7b50d6c8484155685a9780c8a85a48fc",1,credit_card,4,87.71
"0371bb519b3c4b04bed0460608ce6c59",1,credit_card,2,31.80
"0e8b07d6fde25fe5cd3d67ad93943b4e",1,credit_card,5,378.50
ecbfdf489fbd7cfdb3598186d8891670,1,credit_card,2,97.33
"08c7ad853a45735072fee2be62052da3",1,credit_card,1,132.34
c1c8d8758860faab6badb186e10cfbb2,1,credit_card,5,215.05
"6b428be6c3dfedfc0e199b46fb7e2d48",1,boleto,1,172.81
"19ad2d72d688eca2dc11bf19bc9ffcf2",1,credit_card,1,51.69
"102b81e48c621d25f4c7ccb27af0ffc6",1,credit_card,3,90.63
ab1197da15cbff2ec70e2d58824ebaf9,1,credit_card,6,75.07
"48ff0f8a939349e708998008053afbc7",1,credit_card,2,67.98
"2b817ffe275f53457e3a7ad80ee2abb6",1,boleto,1,31.84
"8672bdfa7cfd0d340791c247562d9bd6",1,credit_card,3,99.22
"76d1d5d9e614ab4fc54310fda49855b2",1,credit_card,1,73.15
eeb2b8a01182310bf1707f3a2260aba0,1,credit_card,3,182.91
"8e4f9161e403e220dee5b8eb22f0a3c2",1,credit_card,5,279.29
"3601e0c7b50fe6de74f3dfd5dc76b122",1,credit_card,1,16.29
"16bd7305ef0477841c92abb93ddf72c4",1,credit_card,3,112.49
"6d501a59eec532012c8ef9f9f6f5240f",1,credit_card,8,201.61
abb6ee8df76cd626afdcf19cec0d62bf,1,credit_card,8,205.34
d2e18fcf7ecfd667af457a9e7034c86a,7,voucher,1,20.45
"1c961234d514101345679cb6028102fa",1,credit_card,3,76.08
a7bf43f042e3cbaa32238547ec22b6ed,1,boleto,1,209.54
"169bbd065798362db04a47a4f8abf551",1,credit_card,1,0.15
"78e9bbe6fc21f7945284233b6be94154",1,credit_card,8,218.64
"573600261fe10e782f51bcb25b99febe",1,credit_card,3,61.11
e4ee5415a0143c9daddc7d4bc0fa0389,1,boleto,1,50.01
f0ab33ceba10623b929d52fe23fff27b,1,credit_card,8,208.05
dbeb15c52e114604b6f96141f354fbc6,1,credit_card,4,89.19
d974773494a37afcdf96ac5a0e86b557,1,credit_card,1,42.35
"5d111a2da7b316aa34aadd1fb06b483a",1,credit_card,5,175.98
"5349e2710de7e91456348b102a890e1d",1,credit_card,2,229.72
fa752aebeda0a3f9a2626bc507550c3f,1,credit_card,10,2267.28
"9f42ba3ab7f23f1ce0a717cfc841a9ab",1,credit_card,2,41.09
f45cca2ab70bbb7fee0728559468cceb,1,credit_card,2,79.23
dcc529ac8f2824f74ffa4a42dcec638c,1,boleto,1,67.91
e4d61351ce186ccc134b684f991a3abd,1,credit_card,3,102.74
f965447beec09309bb42c89aec32404d,1,boleto,1,100.33
b26536936ae16f2e91301cb742fce1bd,1,credit_card,2,62.76
"00611822267e76e0055c25c18506f06e",1,credit_card,3,180.21
a82c64a9f378c8c3c0872bff2591a41e,1,credit_card,3,182.91
"9cb00de5b638536df59a274ce43e811d",1,credit_card,8,88.41
"7081dc8aacd1f126eacaf66497364578",1,boleto,1,38.86
"4dee0af7a42637f58cde016b73d93216",1,credit_card,2,232.94
c306eca42d32507b970739b5b6a5a33a,1,voucher,1,122.07
"6d098fe9c328d8dbe615f82bf930ee93",1,credit_card,3,275.91
b5b362ec945720b946181f08eb7bdd04,1,credit_card,4,56.86
fe9ee959acb4aa3fd81440e75ccbe0cf,1,credit_card,2,139.74
"52a17b4eb2b183eebabe108b91962001",1,credit_card,1,58.74
c7ee7ffd26d4d81d53dcd9d612631b2b,1,boleto,1,194.02
"9e5fb230df649a8014388ee2cba9d347",1,boleto,1,177.90
"568e71250d146ee4bf4b6f85617c6843",1,credit_card,1,3.13
a9a71d9344772c405bfeb378bc587215,1,credit_card,6,92.80
e11ac0d86982b86bcde829263d5a38ec,1,credit_card,1,75.29
"6a9b40f0d032cca800165b175b0c6ea0",1,credit_card,3,37.79
"14475bfb58d520ab74383d026390abfa",1,credit_card,3,38.27
"29fe4737eeefc4e09a905f66b9b8989c",1,boleto,1,78.38
"6a106cdfc412587379e3e65b27091e50",1,credit_card,3,81.73
"7b097f892b3cba2de93590049d8875c0",1,boleto,1,85.62
"773e520cc5e67e4d6f8af15926317a36",1,boleto,1,68.13
"8654b9ba7d0240807fe0ecdab1f54d5c",1,credit_card,5,75.53
"06aa0aa8c22027ebb953d501c4238512",1,credit_card,2,78.78
"47e7c69b3f435b43a16da911cf937369",1,boleto,1,47.31
"8ff8823e264549c3798b021e9bdc3e6a",1,boleto,1,24.33
"77c885e668bc660993cbf7789930675a",1,credit_card,10,106.80
a9226b72b35dcadd237ea0c46e5ca31b,1,credit_card,1,178.59
"335ae7f3583e6d3fd006643ffe9d41de",1,credit_card,1,22.38
a8b89a642249efed782ce25e1798925c,1,credit_card,1,57.51
da1614839066b897fd837a7898bd26e0,1,credit_card,1,188.74
"72729c533aa3957ddd96bcbc9237a49b",1,credit_card,2,137.75
"8b9563eca3fcbc37caa2455d0dadc3bb",1,boleto,1,65.92
"3389e2333066b728a245423a73f3f82c",1,boleto,1,55.10
"2e3d25ae760b48fda536f1be145cab46",1,credit_card,5,169.05
d643210fc3ba60faf761d5a9c9e3f8b8,1,credit_card,10,614.68
"41d85a7a138b7205e32211537623eed3",1,credit_card,1,39.83
"5c1daa9abdfcc8ffc4ae2439d37f331a",1,credit_card,9,461.77
"9c023f649696f2561725807e212a584d",1,credit_card,3,123.18
c228d309379c3ae545cc6ca2d5aae1b2,1,credit_card,1,48.83
"590bf22b132e188810d97f542a58f3e7",1,credit_card,1,221.70
"1a0a36c1032d171afbfdb82012107bf6",1,credit_card,5,372.19
f67ff07d5c1841e866008c1475182efd,1,credit_card,3,37.13
"73fa09600b87d64333b03f2fe849e096",1,credit_card,2,21.10
c86cd0844d36479f7e7adb1edd5e59d3,1,boleto,1,123.21
"85c1a7c9e1adc5b30ea61eebbcf07ea2",1,credit_card,1,108.42
"4795545b89143ebe101963b017599aae",1,debit_card,1,20.61
c9b4d99b4e9c827fbf0a40d2aec43d89,1,credit_card,4,148.32
"288ec48ad5ea4c98afe99ea53d523b78",1,boleto,1,54.38
"9f80c79b3c2260ac4352d49fea965897",1,credit_card,3,148.02
"2f508dcfe7fed8d13639afe310df65ab",1,credit_card,2,116.62
"0bda83aa61608436c3403ca200bf12d5",1,boleto,1,103.14
aad0caf83fc9dd12e8f3f87eb37b5b6b,1,credit_card,4,102.03
ab6d1b0b8360c208b62852f53726f0e6,1,boleto,1,160.37
"10077b08b85e7134302b875ffed3366b",1,credit_card,1,39.13
bde8c7ae87400615f77bc90cfe254f38,1,credit_card,2,174.63
e6111c89e3438595ea3370509994a3a5,1,credit_card,10,117.74
"7f6945b2c635db3bce1cfb585ba82d33",1,credit_card,1,53.54
"70009c6d985dfa16754461cff33c10dc",4,voucher,1,9.92
d237eb0a6caf6cc0d9cf5ba7a815c077,1,credit_card,4,654.41
"3087da82d2601b8b5d7eb062012632b3",1,boleto,1,94.98
"95164a281f8f12427079265d1a0e2e21",1,credit_card,4,215.14
dd13617f642718bd4cdc450d197960f9,1,credit_card,8,98.08
"62bb0ef3edb4e30a1481daa8f0e91f3f",3,voucher,1,22.74
cb5e5871967a2d2ff1594d2a652fa290,1,credit_card,8,192.56
"60e2a7b97548f877f76232cd2bf807e7",1,credit_card,1,2.03
"1f7db95b8fd2c7432d59242430cb2163",1,credit_card,1,90.88
b1866dace5f7daf46e4ef10ed7c3a5e9,1,credit_card,2,79.56
f192fe5e9b2eea0553f09566de94b5b6,1,credit_card,10,260.50
dc1bfd548330a38be6064d8857ab359a,1,credit_card,8,190.33
e876096220cbb869c0fc1b88d1ed0fc2,1,boleto,1,53.58
cefe2d9b76da44f395498c94f7f516c7,1,credit_card,2,201.53
bc1b17c4df3e09a8dd95e9db2ddd1772,1,credit_card,2,113.42
"499779bd7b24368c556437767a73189c",1,credit_card,5,54.33
"5b167c32a8669a3c04fdd22e5764e867",1,boleto,1,103.63
"13c0912d87323337b72e40da4eea8e7a",1,boleto,1,794.18
"4cfd544260e7e5a3f69c95e9156f5f12",1,boleto,1,64.10
"0e947809a364825d9cd3af9fe3197074",1,credit_card,3,124.54
"14a031b045ef8ce4a2b6e08d1fc5623b",3,voucher,1,20.00
eba1872af76af0cd06f3a63bdef90a37,1,boleto,1,85.27
"49123f75e5d9507cec9455b2ed989913",1,credit_card,6,67.16
d7a77baab69330a11a384b31591498b3,1,credit_card,10,858.65
d94353ea4014f1fc7b6eaadcc9c90fe7,1,credit_card,1,40.99
"1bc003426b11b20491aa5b7810c9cbf2",1,credit_card,3,39.27
"53bf54ff6a143b00070ba1dd2c571465",1,credit_card,4,221.71
"2e84df8fa5a2f0d5eab815d6c157b1f3",1,credit_card,8,303.40
f57f7dbab452c458aa02f002370f6501,1,boleto,1,69.03
"5b14a3d13762f195f8bcefc1c2eb767d",1,credit_card,3,94.49
b6b5fb0fbf0d0f55fc382e3857520a1c,1,credit_card,1,165.66
ec8e9794cc2de09054361b036773b543,1,credit_card,10,174.85
"9045c310fc95c955a99b9a9298366a64",1,debit_card,1,76.61
"90ff5f0766504f304ace97af9b321c78",1,credit_card,1,97.85
"891789fb3e59a4855409c304a13ab7ac",1,credit_card,1,30.23
"4bc05b9413beec5d8360baac48258100",2,voucher,1,100.00
b4dc5c3ea28c7836755af87d3d253d68,1,credit_card,10,246.87
"19512a70f62306416782f963d55c8b26",1,credit_card,7,782.34
"8832a55faa17956aab37de69db1f357e",1,credit_card,6,86.64
a70ff61f0d853a260f33d7a6cda42e8e,1,credit_card,2,110.03
"0011d82c4b53e22e84023405fb467e57",1,credit_card,2,315.33
c32fc9ccb03292ac2e7a2c2f027394ff,1,credit_card,4,64.44
a1abe44712c1781003be14dfbafdc284,1,credit_card,9,158.52
"6f893071ef9c8c6854e6e83921d2135e",1,credit_card,3,50.63
"2d26f440845a3b31ac584864e2d1a82e",1,boleto,1,69.03
"91da0c6e7a09dfed94e7cdd19982467b",1,boleto,1,81.78
"0f02ea56e4c9e7d30adb19a0c3e07b02",1,boleto,1,86.02
"6b3c0661b32905af6722a962d2fac779",1,credit_card,1,96.74
"5c1bb17af6206762f786319af540cd0a",1,credit_card,10,317.30
ea9070e0203001391550a543c3c33d3b,1,credit_card,3,54.34
"82f8b4e6a57d8d34d6982d5ee946e521",1,credit_card,3,148.02
"4b65b4aaa4c4e07d50727f0c87c0e9a1",1,credit_card,5,251.85
"41ec1c3e85fe3ec775c90dc99e697991",1,credit_card,10,137.99
c91838d7476ccfd6cf843c084ab5c61e,1,credit_card,1,223.82
e801a93b3904ca9e8350f176a037047b,1,credit_card,4,44.10
"0f2702e23f0f00f3b22b30cd6526c3c1",1,credit_card,3,62.39
b519435b8a999cbefb70936aed23af56,1,credit_card,3,32.47
"0803296b40e2392a6d35771832ca1d7a",1,debit_card,1,56.52
"866f5476165c062d96e0db0aed03c96a",1,credit_card,4,352.18
a7b3902a1a640e1f0d4f861d468c588a,1,boleto,1,114.45
"3e10da3f366b635d6a1e0d380b32da95",1,credit_card,2,104.17
dadc23575c27fa7a66ce0310807865ba,1,credit_card,1,51.96
"030e558867da892772c999f60d09e854",1,credit_card,3,159.21
aa7de25bfe161881a47a6e8b62ee4dcd,1,credit_card,3,460.61
"90a2585a7f96989dbc875ae664f8a983",1,credit_card,10,568.50
"35ee767c6d8dd29df4b683ac20d34c9b",1,credit_card,1,41.01
"6c1254286aa56d3190235f7319a47136",1,credit_card,3,167.86
"2b124ad880bc7d6eb045e056c3e68449",2,voucher,1,21.98
b12b92b6a6b42a691ca688b4d7225153,1,credit_card,3,163.80
"51ec41884835ac1d486fd3f6b4b4bf0a",1,credit_card,9,90.17
"6e150190fbe04c642a9cf0b80d83ee16",1,credit_card,2,55.79
da19f73a444dea9507b737d32d8eef61,1,credit_card,4,258.30
adb8748f912cfee84bd47f072681ba5e,2,voucher,1,108.57
"0c469ff5fde3323c2a8b99387f46bb19",1,credit_card,7,105.28
e1fdc6e9d1ca132377e862593a7c0bd4,1,credit_card,7,591.40
"2b20baf94a095e002981091891209751",1,voucher,1,26.87
"2df3629aa299e4d981055ac3f6be5817",1,boleto,1,105.67
"6a4ce4b6c9db497b72fc7446e987ffb7",1,credit_card,5,108.92
"35a85be2e5f884a5672a0971158df8c3",1,credit_card,2,25.77
"6e63da4fe4b91fb176f19e6830dbd5e5",1,credit_card,3,188.32
dc71fadaf0eef0d0e2a297673099ab5b,1,credit_card,9,98.72
"0c83ca3fc3a83bd059a1834a8ffeb917",1,credit_card,1,121.61
"61169b5b065635c60de8c284ff59474f",1,credit_card,2,184.59
"3ab37da4c3d273ccd8635987b4a6003e",1,credit_card,1,115.07
edc13c926d0553c5c63666905a3adb6b,1,credit_card,5,120.28
"27b102abaa3085c3b20a4610c892d795",1,credit_card,1,47.29
b8dfacf934c56b331427b3ac153e3dbf,1,credit_card,1,113.44
f38a6dc0f541c9dff3f0c72009f2976d,1,credit_card,2,59.18
"372ef34f0b6bc2c938f6e3029fae3223",1,credit_card,1,31.38
ff6b6db3d3c1548c9b511a5320ee27d2,1,credit_card,2,85.62
"17318780f22a9e85b5173c75768b4db1",1,credit_card,7,70.14
a43bf41cb94b07041262735892521605,2,voucher,1,125.67
bc8f3d379c349098bbcd8b6f41883e59,1,credit_card,1,369.66
"4f5dbf6461099742aada5e5960f721c4",1,credit_card,1,43.62
"1ebb46fa1c7a6bddbd0362271a096e89",1,credit_card,1,44.72
ce385b0dc002b5dc50eb3e5faf0350b2,1,credit_card,2,173.82
ca3d75df70f40faa8b83505b242d83f1,1,credit_card,1,45.11
"226975521c585d7bb98996f83ccdde59",2,voucher,1,33.61
"33cfab47136079a808c8d12d7f61730b",1,credit_card,1,42.40
"0dba8cb0559eb37cc0217a28496b5f07",1,boleto,1,72.85
fe0f62fd99cb34355fb8706ce0faf6c6,1,credit_card,2,52.34
"196d07f4360358baef663fa6bbba95b0",5,voucher,1,24.18
"2609c6729fdff11b1686733d0852c7ed",1,credit_card,5,175.36
e2ba84b9fda1f36c6b2ae25097ef72e0,1,credit_card,3,174.40
b72f2809724c9676ae9bc68a12d9626d,1,credit_card,2,514.15
"0efd0bc268d34da3f01f4ff25a6d4335",1,credit_card,3,64.40
"77fc7da5ef4df2c48276ae832072dcf1",1,credit_card,1,121.87
f20d2bec2f06bc0397b0ef50170a39e6,1,credit_card,1,62.59
"6b313b07f096e0b9354fd4f097abaed6",1,credit_card,10,227.27
a11f86f65cf0246aa8d08f7a6b60973d,1,credit_card,6,137.52
"9e8886e41052169460274de999ba954c",1,credit_card,8,457.83
"0a1ff79efed81178cd6303f7704e96da",1,credit_card,1,160.55
c96a303a722b89bc14a23b7a2f0e68e4,2,voucher,1,35.75
b36a19a1d044f4328c2b659fea4d8dbf,1,boleto,1,82.56
"771596702a2e0245fb67b093182acb03",1,credit_card,10,243.07
e5fc50f8d64012ac844e3ac50b40fae5,1,credit_card,1,64.03
"6649a190e9151aac8d553a45875d4b5e",1,credit_card,7,75.65
"325ec8a88062bc88aa724f174358df01",1,boleto,1,91.39
"61409da3655a093963f861bd9a96c600",1,credit_card,2,123.42
e0e5807a5f4aac90220ad176d501cd7a,1,credit_card,2,128.06
cba45d3fa18d26bd7c6935fca4449feb,1,credit_card,2,90.50
"53a9c421cf0e7129393a754a4d15b935",1,credit_card,3,35.14
"45046e1ecaba60bb78aab9cee0da08f5",1,credit_card,1,64.99
"0c92cd0095b2e1f57c013f2094f4e434",1,credit_card,3,151.94
"1a64643317da0457d3f145fab8734b22",1,boleto,1,79.80
a44e2259c6908814d76871d497766ae9,1,credit_card,1,94.22
"225563d7314189cce48116ae11188371",1,boleto,1,51.09
"30a1f7a69f9dc03ac7bfd48df243ccef",1,boleto,1,32.00
"0ed4f86f537498adc199e28f682e2946",1,credit_card,6,61.61
b8ba908a9b1931ca2008a76e2efbb62d,1,credit_card,6,129.54
e517f71dc88296f054e8c386ddce3069,1,credit_card,2,116.94
aee8fb0d2cbf82e20b904b3c5b6e1430,1,credit_card,3,182.91
ac3af18d419f856bb7346664d8bc6438,1,credit_card,1,41.29
"0110688c40ff035d672af3aac1f38f10",1,credit_card,7,458.94
c32b4d70241f1ac1d8802908cfc85f03,1,credit_card,3,138.73
"134b66d457b6eb43c7fa8519fa0f8870",1,debit_card,1,56.13
fb95aa20d91cfc568a3bd223c03e9eff,1,credit_card,3,98.30
c4f78575643f2f35c117ade8521fc9bf,1,credit_card,1,92.78
e1e06d229be4515568fce133c60e6089,1,credit_card,2,119.48
"16cc0fe71527d13426bdbe29205b2053",1,credit_card,4,101.12
a574fbd4ec3b7064ac9a3817ee71c044,1,credit_card,4,126.28
"044c27c9fb6d9b51bba0efa1fd726c97",1,boleto,1,103.00
"445cd7658594f062d61dc8a61d87e602",1,credit_card,1,100.00
a1dadce0e5cbb1b1205017166f6ce7ce,1,credit_card,2,44.10
"5fa0fac3ee78bb5d81f63f4e1b2f581e",1,credit_card,1,84.14
"1ab3bd545139c5b34144d589593b6755",1,credit_card,1,23.77
e8fe7a9b7a9155171dbcc7e3728950b9,1,boleto,1,87.05
"81e5f25cdc0610fbdf2d8fd215b45e0a",1,credit_card,10,158.71
"669ce1216b1f4bb933050232c202be73",1,credit_card,1,31.75
"8fb95e274c827ed766c4833f1376e400",1,credit_card,1,145.47
"2e9d8685e015feaba98d02e5544583f6",1,credit_card,4,1240.85
"661e075fa45fa4a73a79dd6972bce18b",1,credit_card,8,235.71
a28ce0c52557b5cb81dac197086d476b,1,credit_card,5,230.73
"39036e9122762c9b45c239ddbc452651",1,boleto,1,164.26
"5985847295d7e0472fe475cbc0672ee7",1,credit_card,2,123.49
"7d6b60a740c816534aba4faf2dad0752",1,credit_card,10,184.56
eb855beb3ac99461f7a076b4c3652472,1,credit_card,4,43.52
e6be529ac8d87744b406d4e03a8fe2be,1,credit_card,1,85.62
"9f48c669743b865ba006b1f2a9a0ce79",1,credit_card,2,78.58
f1e52bae5718b3a66d02799d6de63027,1,credit_card,3,179.38
"5468ed226abcf74527e93b11988e4a3e",1,credit_card,6,253.34
d1092f5c7d5bd489e3fe4c7d0746c2aa,1,credit_card,4,148.14
b3be0e1f9679fcd94718c69fa5f585fd,1,credit_card,10,206.17
"135d65ad3e989409c7acf6ec3a27bd33",1,boleto,1,127.41
e17520d47c20264779c7c12601388aba,1,credit_card,3,59.80
"41c291a561e0257e25d6a75037e5a6a1",1,credit_card,1,52.50
"87f5e3ce6dc0d86137ed70772c870463",1,credit_card,1,69.18
"1c2dcebc8729b58ef305048ff12b1540",1,credit_card,2,66.12
"5190f963681eb5a3db66961c4fa05a66",1,credit_card,4,163.91
cd94dbdc801da0cd93b0c8f33663973d,1,credit_card,1,81.51
c0a0e85637a11f4f6c0e90520b2eccaa,1,boleto,1,73.34
df638e8bbe2b487525b22f5c7a5c9231,1,credit_card,3,295.70
"82c997b659ae33d1e56c30e028bd7591",1,credit_card,2,36.15
df4b824bd4343d1cb124a2a17a87be00,1,credit_card,4,197.70
"60c6581ec5ed9187370902a251501b8c",1,credit_card,8,105.71
"3153bab115709bfda1319a48a1690344",2,credit_card,5,102.05
"771a363b396b10de7dd9984f3204a7a5",1,credit_card,4,45.00
"4b887b761d172d69c3e9f5b51936d646",1,boleto,1,63.22
"5e5b80a664dfaad7f64dafff8e8d018a",1,credit_card,5,749.44
b706f79f3b510ac701bf4a111adbce3b,1,credit_card,1,49.31
b800afd0307bcea5536222116e3d7a4b,1,credit_card,3,862.10
"69dd35d1bce2181b2f3a56d5f4159831",1,credit_card,10,421.15
"8d8f38e4ae1cf25848c0570ff236958b",1,credit_card,2,193.30
c8f6b2cfd4ae525f62e7f2af94f529d7,1,credit_card,1,83.15
cd7af87d109a2d47a87bdfc23a259052,1,debit_card,1,116.94
"11a9b7e0a0da34849647a487b13ef821",1,credit_card,2,67.02
"2f52c0a535c5748713a7639b1c798786",2,voucher,1,28.67
"1b50601ff6fbdeff70999a4a988c1eca",1,credit_card,2,509.20
e67f76501c34f4adb5587ee50a6474c6,1,credit_card,1,85.85
a41147091da0a907ca54accc4bf5b231,1,credit_card,8,719.65
d682106fb1b9944e800954febfa1a0e1,1,boleto,1,54.17
"7758cf0b4302587a9628d90b58d56dd8",1,boleto,1,23.93
b8bbc0cd7d3fd77fba9ddba23261efc8,1,credit_card,1,116.13
"6719ad7e3fe40d976c5db31f716bb5ec",1,credit_card,2,49.39
"065d4f458013cd9c9e716f8be1ca00d1",1,boleto,1,68.17
ef9ea4b4cada599cd536834c525d980b,1,boleto,1,323.68
"7fb13f3c0c951e4748c6962b0261a580",1,boleto,1,120.09
"1bd5cd406d71988a9ea81d022fc161ba",1,credit_card,1,85.27
c4abf2eb2ea936ee6fc6e630b152fb77,1,credit_card,2,127.41
"42325f18762da22d5f98e4db3cbc464c",1,credit_card,10,233.46
ee4f8c845714cc804ba574f357113590,1,credit_card,1,45.21
f4776a61a23801c349ab69bd0fd774e2,1,boleto,1,32.09
"010ff1cfe12f3094577e72b7bcecdf98",1,credit_card,1,262.24
"0c65b0adb51e15670674ed805d0f4b7b",1,credit_card,4,117.85
"3f74987a2030cff1cd1829b3c4b8149a",1,credit_card,15,553.00
"3dc3b1441a6356bd23b21ac507bd38d6",1,credit_card,3,46.71
"01825d0debce07b6502f4aff38a00e69",1,credit_card,10,212.25
"50501e525eae308e75363c0606adb973",4,voucher,1,23.70
"9b305f3b1cd4ea12832c2b90372b961e",1,credit_card,1,58.97
db8f21db0519c6ab351e3bbf641439ca,1,credit_card,2,52.69
"719fa622ffdccd736b29beb1b22712d6",1,credit_card,1,59.00
"4c5217fb6ab39cfb5403395d85f26311",1,boleto,1,106.30
"65eb69791cdbfbd7bfee2c5f706af25d",1,credit_card,3,233.09
bce3cd4522f8795ee9c0321c4954fccc,1,credit_card,1,159.94
bf810a0d3b86bd83b11f6a426aedd339,1,boleto,1,68.04
"3463c5474c21c4b02543cb5e9607f4e3",1,credit_card,5,148.16
b1b25c32832c6654e6cd3f949355a561,1,boleto,1,94.63
e0babb29f62b941d1b6c1f2f6659973d,1,credit_card,5,95.43
"3970917d62089188ce154d4cf796babc",1,credit_card,3,117.94
"415a141f4a7002a9415cdb40ded310a8",1,credit_card,4,74.16
"4edca0186e467f58fe99ab648f604ce8",1,voucher,1,128.86
"091deda616c370d63f0bf9a3f525fb34",1,credit_card,3,95.80
a3fc2463aca2385a6ca276ee9d42e0bd,1,boleto,1,126.90
c83dc126a7ee10b227493835cb8370e4,1,credit_card,3,38.06
a8dd3db8266dac551c7fe1da54c8d415,1,credit_card,1,174.36
da653ab16948a67d437ce755a30a7b0c,1,credit_card,1,37.38
ef39e8a01edeec8664b6fa8ebc5f3b9f,1,credit_card,1,61.43
"22481cdbb6f8a97cee4e2ba46d59c024",1,credit_card,1,82.19
"78e56715d38f43fe67193581b89e616c",1,voucher,1,57.99
"20c122b304189bf992c45a91a1b88726",1,boleto,1,63.27
"76c8089e946c8fd0cea2f819f1aa6d78",1,boleto,1,58.31
"3df3e2f4fbd2392902fe60e7a5819a2a",1,credit_card,3,191.68
"98567268fada7e240bf12be972e03a19",1,credit_card,2,22.95
"27d3cb85b133351c7a9e5d8d4e5f994a",1,credit_card,4,83.57
"16691e34c4f0624880bacf33ccd1b9f9",1,credit_card,1,45.01
"964d4bd2b27e0b6dd3363e2d17485342",1,credit_card,3,116.84
"20f124e5fc78bf859173b67e02ae2671",1,credit_card,1,82.73
"0dd723c6398f43e82b3916b7f2cc8e59",1,boleto,1,153.32
"4ed7c2d75d3cc4d2c1c0d941388640d7",1,credit_card,1,109.02
e5500d517e53a1e40c556dea51c7a2fa,1,credit_card,4,91.76
"28b2ab76328cbe5369a5717a90b26830",1,credit_card,8,398.63
f61d0a25c102875f482d4ead106e18b1,1,credit_card,10,169.67
"7b0b61ecb9fcc703df7c0e82844ca4a3",1,credit_card,3,112.24
"4d41f2b0d7100876dcef7b92b955fabc",1,credit_card,1,89.55
fde6349f293c21ee47453726cc800c04,1,credit_card,4,99.53
caa18d06d1387d719412906fd4cb2063,1,credit_card,5,83.97
"4cad7da3634c4f5d4bb0c35b4c056f73",1,credit_card,10,256.90
"41c98cbb87767859d6ccfc3fde762d4f",1,boleto,1,28.24
e52c9dfec957c503bed5d050a39c740f,1,credit_card,2,149.15
faaebc7c108d02eb661c909dea827370,1,credit_card,2,121.50
d98c5ae5ced12b3d997f7b614a8f1bb7,1,credit_card,1,211.40
"396b08e638fbc9a9d6747df738dbd29c",1,credit_card,3,270.88
a190e742e89ce74773221a6d4cba6f10,1,debit_card,1,82.48
e15220c597e20a77d293f05d69bd506e,1,boleto,1,27.68
"0948bd714f9f0ca68d9e70af5090d3f6",1,credit_card,5,71.82
"55d40b74667b0d1f5331a4724b9efd69",1,boleto,1,37.77
dabc3532f4548867a4095bb24ad1f66e,1,credit_card,8,1555.23
b6dd40db8e1ba8bce1971d81598330e8,1,credit_card,1,274.98
"1078d496cc6ab9a8e6f2be77abf5091b",1,credit_card,1,96.33
"19c4ca2f9ed38cdc930ad4d520efa2bb",1,credit_card,10,386.66
"83a022cc4e851507e14012a90fedcd0e",1,credit_card,8,1325.44
"00584d79015452d19fd3d044ba3abdc0",1,credit_card,3,122.17
f325b35e41a32e923f723a5689176149,1,boleto,1,110.02
"633c2a967fccd6310a2cc20c2e696060",1,credit_card,3,177.14
"08d8f90d77d9280c2e00ee3d749c22ae",1,credit_card,1,76.29
"2fa486d029393f1935691163d018a843",1,credit_card,7,77.57
f423569a17449da1163fa5de4414338c,1,boleto,1,44.41
"25897fea02375384a97507a86d846923",1,credit_card,1,208.58
cf44876bfd55ae8410f52472df9007fb,1,credit_card,10,128.06
"4bafa54db6b060da198f23f810835969",2,voucher,1,49.32
"10216a8fe4be87320fb696c8752ad08f",1,credit_card,6,136.71
"1ecfa320a6763da8b71ad1fbd4df6550",1,boleto,1,42.87
"4be80534fe74f207dfb35e7b895a91c5",2,voucher,1,207.72
b0d58ac3e50ea081a58d56cc538f15cd,1,credit_card,1,106.68
"6c2d7d5f598317a20719a7e5f5487ece",1,credit_card,1,106.14
"7fd3cf60e6c81a64f2adc0e09d2dfdac",1,credit_card,1,55.19
"081f94ba9d60353dcfa2200cf9bf42cc",1,credit_card,4,141.23
"9979adea9a6e9beb05f965201bfe6e5b",1,credit_card,1,550.53
"96f4518c66e9055a0107a8c7e44ef6c4",1,credit_card,1,255.83
"562f919143bd6544eaad5f3f17ba3da2",1,boleto,1,179.00
"3951193545025398d0fa18b7e2f836be",3,voucher,1,29.73
"61c7ca53c85ddf347b33ff60118893c4",1,credit_card,1,45.28
"6e3b262fc2ba819e9cfcd9e9bad5b7de",1,credit_card,6,111.17
cc80e8ed42d1d4ac3dbe8e800672d01c,1,credit_card,4,81.16
"124c799bcc4126cdb5cca8c5889533b7",2,voucher,1,6.46
"9dc0a33bcfa9c6bfa29e7434029a8631",1,credit_card,1,13.15
"0bfb3ca2ac0d1d45fff422a646f5c1b5",1,credit_card,11,116.24
"8a88cd510147b16da3ff773025a39430",1,credit_card,2,103.00
"6eac1dab00b500f0d065b243b657d0b0",1,credit_card,10,615.85
f99981d9ac419b6da3ddfe6084646198,1,credit_card,1,66.71
"1b28920b3083a7e83efa240c1a6044c8",1,credit_card,1,26.45
"158745a153fbab78119f6c57c38c5306",1,credit_card,1,46.86
"4483bebac87f089540f2e5be0a6589f6",1,credit_card,2,32.79
fb95626ab41e31a7d219e7c626daf211,1,voucher,1,136.37
a7b2dea846384ba7e7e9577dc8c5bd54,1,credit_card,3,73.03
a2fa22a393056c36e59fc9059b443433,1,credit_card,1,230.34
"4569b648054760495d7fd67996def81c",1,credit_card,1,56.17
"232a2ccad012f3cb2ebe4ea479e0b1af",1,boleto,1,34.09
"885f4f4ae28b4914c99d01be5bf570bc",1,credit_card,1,32.77
fc15e290afaa09174a26e6ee704a9219,1,boleto,1,72.73
df6b027b8ccc733f264b64dd4f6de13a,1,credit_card,1,22.48
"676932c5bc4092decfc9c84b4cb34055",1,credit_card,5,101.34
bf4f668d122d55a591b4b205aa25d13c,1,credit_card,8,107.78
"8d96631a10824fcfc4c8c0a0f73bfc27",1,credit_card,3,60.10
a7b7fffe0b7b5cd970eac0f5cf96f824,1,boleto,1,134.34
"9e4b90eef41ed5a85e2e2f8bef415075",1,credit_card,1,21.04
"28b4f52edd10d5e33bec326cf2cd2b2b",1,credit_card,7,125.63
bcdd99725db7d4c2fd9468f0fcf3cfa1,1,credit_card,8,148.06
bc01ea4b0d29f66c3b84774cedea3667,1,credit_card,5,175.08
cc03f6907e3230fc27f728ed4e977534,1,credit_card,4,219.20
e236416fb32f25eb00a7da9097cf36a4,1,credit_card,4,115.05
"79f04f286db371d16fa7bb23b3ca8b5f",1,boleto,1,170.64
a795405baf7d9a63ecd5d22978476c08,1,credit_card,6,65.85
"4f1eeea688bd0014cf7f81a1f23bb8c4",1,credit_card,2,366.65
"58a4c696515fef3e9c865e1a70b950d1",1,credit_card,6,163.79
"0e696093d25ba307ef78cf0d208bf500",1,credit_card,3,66.11
"41c284ffd871324eadf06fc989583619",1,credit_card,5,59.32
acbe08c609ccb7901159882c5a558cfa,1,credit_card,2,36.78
"2cdbf599e49aa956ed5da592301daadd",1,credit_card,10,362.13
"7badee5c2f143381b7002bfbba9037b8",1,boleto,1,67.50
"31157b4bc58dc4cb53fb5b390b4a0934",1,credit_card,9,187.43
c94380d457c5b733057185e23d14b4ed,1,boleto,1,85.80
c3ca08e9565423d33c78e028dbb1ab65,1,credit_card,3,38.48
"5c9ef82c5db4b1a72d24609ec6779955",1,credit_card,5,238.69
"2d33f101d4220c7eff9e64679870dd44",1,credit_card,2,45.61
"98b59311f54a330a4abb1037b2a1449e",1,credit_card,2,60.46
"7f5251463f48903ab101223e0021afc6",1,credit_card,3,80.90
"58a905d84e652e79a19de830f2209bd3",1,credit_card,1,102.20
ac05edf13466f6c474516cccd781bbd7,1,credit_card,1,48.99
a651dd7999c6a879cc25638f0cc36c54,1,credit_card,3,39.25
"80a2b0dcabefef6a83477204433b2482",1,credit_card,5,491.93
"23922a8d5cf1517d181d87c134bdb162",1,credit_card,3,232.06
"6d3f615ed5f5521c748aa7a71308a880",1,credit_card,10,106.73
f2a3d556c40ae141f8633033d5589bc5,1,credit_card,4,47.19
"0d88db9608d798b5d604f668ca3c9bb6",1,credit_card,3,198.48
"2823892eb5b11e8006c23b01b51ea5e9",1,credit_card,6,137.20
"8d2bf5a428d30fa82c85d57bea01159e",1,credit_card,3,281.26
"2e7b2330e3d679e08be10dc1ad695e94",1,credit_card,1,150.17
"25727c3a1c2ebe88d357a3ad2450c1ef",1,credit_card,3,153.10
"5ab13e692a7cbeb7e036c8d11e0d7e33",1,credit_card,5,891.34
"53c9a0d2bf333276fee812b2f2bcec0a",1,boleto,1,38.82
"2c70f2b99096bd1c7b05eede8e860fc8",1,credit_card,2,66.11
"9274ee9bcaf62df44b458bb765015331",1,boleto,1,53.50
"465bf2bd806ec5b47ff89a62e4c44071",1,boleto,1,129.83
"803b11f9f2ca75d45d2274b06fbbc71f",1,credit_card,10,130.53
c2eaa6cab239c2145886f8311deb6249,1,credit_card,12,126.86
"0d5286ba45f14f5c1d188ccfe21a79c4",1,boleto,1,324.35
"782d2a64a6133bc3512a372661880972",1,credit_card,2,36.35
fe0f1672afc3d22359c77f44d5c1e5b1,1,boleto,1,38.13
ad818323f40e1a353eb3a3874d138c51,1,credit_card,2,191.40
b3972553659428ed5bedf02023057ada,1,credit_card,8,573.45
fb43ba30432ed7ccec662861d4959252,1,boleto,1,27.68
a8eed0db5f225dedde3f0edcdf9ee3ed,1,boleto,1,84.08
"52628d72feaca84428e9d902d3985605",1,credit_card,3,96.67
"8c10a70852b8d854532e8f283062d56b",1,boleto,1,53.95
"6c068d7c483fb0d3386092cb50b4efcb",1,credit_card,1,61.59
fec5a30841300e1ebf3aa37f9023f345,1,credit_card,3,39.60
da33789924d00b4f90906b4b94e70fe4,1,credit_card,1,301.67
d0359a27da2f3d0cec9b39779d622b95,1,credit_card,2,206.96
"7e89342f1c29435e98fb7a1c2e5aa945",1,credit_card,4,216.27
c2ec803408a0dc72513227acaf96ab43,1,credit_card,1,93.32
"6a2bb0f0f146e59e7b2669959798670e",1,credit_card,3,74.21
ef65b956d32f49ca2de73231303e80b3,1,credit_card,8,82.78
"82e9cdd567caae62a6d0e4e9bbf28901",1,credit_card,1,283.56
f8ebdc391ba2950e41dfd4a8385418ae,1,credit_card,3,32.68
bd7311457afeb962da1655881b558a1e,1,credit_card,2,131.84
"97352341e218f0089a070b1be89f47bf",1,debit_card,1,71.46
"3c75e106ed38695c5bbf7fe5ab77a851",1,credit_card,1,71.68
"7ec6021176941588f1d92734b1b35cce",1,credit_card,10,356.03
"0e83ca298ee53c0b92b5d46350262470",1,credit_card,10,102.58
f633c884a99eb63866600655356d973e,1,credit_card,7,619.90
"758c123811f3da2280246ba25f4938d1",1,credit_card,1,14.52
ffbae9b91be0cb7c3cc9a38a35c29210,1,credit_card,1,60.09
"16c9dc0ba34547f2eb228bcb2971815f",2,voucher,1,1.86
"954992d55d1d6251c24b9ccc3121ac1d",1,boleto,1,153.32
ae83ac701e482df677985b4dfe2960dc,1,credit_card,1,30.26
a2ec9e724d3526894d9d1a8868623e9b,1,credit_card,1,179.78
a1c4ab09bfeec2b1739a1a7c2e4c4634,1,boleto,1,149.90
"0547acbb31f582333f75c3fca2652969",1,credit_card,3,39.84
"507f91afedbd57681c60c5d8c447716f",1,credit_card,5,53.73
"892fe89649cc60aa530437d9f856a7ad",1,credit_card,3,32.77
"4e11f2c19781a078792e270995343e17",1,credit_card,5,106.66
ae237f55b03395beb370fa960c98dcf0,1,debit_card,1,152.02
"91dfad2e79a07e06a4b6d53c206cef28",1,credit_card,2,88.48
"66e4a36ff490014773971a6ee0b6a0e4",1,credit_card,10,310.90
"820349ed7a25bbfa196bb4f9a28442f2",2,voucher,1,100.00
"82e4be23c247d0fe56f0fb757a26ccd4",1,credit_card,1,64.44
d9e76f277d933820125baad40dfbb9d1,1,credit_card,1,26.27
"0fdb712fc648aa524966c0a442999bf7",1,credit_card,1,30.02
"60c6e004c97f71ef213a3e080068e790",1,voucher,1,88.08
"7e057dac0629fd5a4b43f092df2adb86",1,credit_card,1,175.77
fa347fa4c2178db364a55330081ae2d1,1,boleto,1,74.34
"8d4249f9c4a5ab7d9977eb143455ecc5",1,credit_card,2,162.83
e570b7a982fdedf52878701b861610bb,1,boleto,1,250.73
"5372c7c1ae934292748159d8d0f0d6bf",1,debit_card,1,91.69
cbe171f29dd9a2c2e2aa929bd4cb2646,1,credit_card,2,192.82
"8aec3a066f732dd927ec8fef1752415b",1,credit_card,3,32.01
f01cc1e4fe1833e42f696b0dcb0d77ef,1,credit_card,3,238.79
"9aef5cb54685c53c5dd0b28727ff1203",1,credit_card,3,116.94
"395e54e708db966770b5dcc0ad2d93d4",1,credit_card,3,186.08
"3c3c6b986a4d292ad99cabd0f60a482c",1,credit_card,2,72.37
"616e6d0ca11adb3e6d834612726f67f0",1,credit_card,1,112.40
"2d62a673525d6861e6f5f7ea6969c96c",1,credit_card,1,78.80
"7af818e6d3ff877a6fd091e86a17a285",1,boleto,1,53.15
d1b4fc9a8c1207433519a8ec52e2d03f,1,credit_card,8,87.16
"793a100cf28df6888d0a77ae91032263",1,credit_card,4,123.85
"020d1063c6e7cb975472aedbfe0e25ea",1,credit_card,1,157.65
"22ee91c7febb94838b3468761b7dd72c",1,credit_card,2,23.46
"5278f92718cd6d3de89da59a99515b34",1,credit_card,3,175.98
"8fcc357da7ca48e86ae2423b5e95bffe",1,credit_card,1,23.68
d1c6877db9eb405a3ff09fca7c637f3a,1,credit_card,1,89.11
beb19a07c97b17bc12756b493b5d59c0,1,credit_card,7,86.15
"22a0f64560b6a90eb7175a87387a1aa1",1,credit_card,1,33.23
ee789d8c9f580179177f5445b0e92a1f,1,credit_card,2,119.12
"1067b1fed93022ff928077f4db144386",1,credit_card,1,98.35
"486970ef07e7ed3cce9ac167bc49e245",1,credit_card,1,46.13
"8e0596076e4dd8dfc010e2cf60af9fab",1,credit_card,3,179.89
c44883fc2529b4aa03ca90e7e09d95b6,1,credit_card,6,66.72
"7af39c02428c4dfc3c4addfe65198837",1,boleto,1,111.02
e51c3cf4bfd09ebd8f6d0174af3ed628,1,boleto,1,60.86
e06ff711ddcab05c3651a9b1bb003950,2,voucher,1,46.04
e2bacfc6a86c742ba0f3a6e1f9df13dd,1,boleto,1,46.85
"92580e7039e427da2884d35809a95996",1,credit_card,2,105.74
"177536550949ab384987dfa5e898b1cc",1,credit_card,4,171.04
dbd51aaa65a18413d5c1a97a0bc41bf4,1,credit_card,5,111.42
aa1370235ef192d1702585435015b9b8,1,boleto,1,65.79
"6e5f1d377726554b0f65e0efce15e195",1,debit_card,1,173.85
"0ef649628b81b1b6562026090e37b98b",1,credit_card,1,19.26
"8a1e1fb0ef7e9f8fd6a0378ece8a4472",1,credit_card,1,25.38
d21ea1f0cfac8642b1a98b71ac53e32f,1,credit_card,5,73.34
b86237ab8ac8a32159a965fced9e9948,1,boleto,1,94.52
"68d26fb6265ab404953d918e97319c5c",1,credit_card,4,124.84
"019c4b64cf3d733807ef5bc8bcf6d123",1,credit_card,4,267.99
"4243bef9583d689a9c8fe6f055cef332",6,voucher,1,25.05
"08ea06da9974b971f8fad4929380e24b",1,credit_card,6,266.96
"84b178ef93e0b367f901d4263bee2a3a",1,boleto,1,129.38
"1f2da380054dd73bcc225a43d6a31e7e",1,credit_card,2,189.37
fba4247532c63f175d51681367210ab6,1,debit_card,1,44.52
"4ae00507ab69f40106a7c87aa6a1531f",1,credit_card,3,248.70
"8365144952c18f57c7a84e62d664d2d9",1,boleto,1,187.98
"9d53eb1894b55d3730b9291fb6a8886f",1,credit_card,5,271.94
"317e190ae75e8e5cd40dbc82c4ba2d73",1,credit_card,1,205.50
f03c75c7842d1d7b641dcfa746784c85,2,credit_card,1,6.48
"62349b58976446f1566cb58228d37715",1,credit_card,2,121.48
afc652a59f20b96fbf7c8e5bb1a6c1f1,1,credit_card,1,77.18
"27fee5c620c806ed4f239ed553fca699",1,credit_card,8,95.57
b7f4c683de2480a46706baaf3dd167e7,1,credit_card,4,173.65
d20d521427100e96eb0298afc19d97f6,1,credit_card,3,159.39
"85ce1acca4841a84144a947b8fa4d5f1",1,boleto,1,116.94
"30170ab8df1e61d04bcd55c3cab7f4ad",1,credit_card,1,112.92
"094df781ddda90e70dd08ad95476b181",1,credit_card,5,53.05
dab084025124fbf71af416639b3c93bc,1,credit_card,1,76.33
"207b5f2c209a833062538391be4a04a9",1,credit_card,8,304.05
ad1958db0db2e99c3c93a66955396d7f,1,boleto,1,109.67
"5f14e4f5d9265dd3e65767518f7ee63f",1,credit_card,2,118.07
b34e632947c7a44b7afd9eaee92f7dbb,1,credit_card,5,243.57
bc4a4f7bac3e6d96ea9f3d282e621806,1,boleto,1,77.29
afb0a9ca2d10fcfae200f36535c3f94a,1,credit_card,1,53.69
"5a1162244090096d45dbdd8c9037a720",1,credit_card,4,158.99
e7c5ccfc34c262f8f9240ade57e01ed7,1,credit_card,3,113.76
"69b12121d8945a3eb37c23bfd3a9d0c9",1,credit_card,2,139.62
"553e31affcb8c69f75f7fa6d7978be44",1,credit_card,6,116.58
"5577cb7e0293ba6a71ae4a7bea29c5f9",1,boleto,1,50.23
"26d795767ec2fca00042e8f7cdbe3fdf",1,credit_card,6,64.42
dd9934c610c4363619b6b0f850365725,2,voucher,1,2.23
"287b045cfe9ba0ed08308efc06c366ae",1,credit_card,5,251.68
"02058d1c3b825765a4ec45968b8a1c97",1,boleto,1,1826.34
"3f6722bfec2a8821209030cdc7ae23cd",1,credit_card,4,98.24
cfdc6f2061897ed3b3f1a9ac3437c6f9,1,credit_card,7,149.46
"47321cd41efe54fcdf12635bb2b59437",1,credit_card,1,31.51
ac7026f501e7c7a2190493cef09bd5f7,1,credit_card,1,139.96
"70e51d3f5d7998b5e5dc66bf35d31425",1,credit_card,6,78.44
a913ec1db6048950ba773ec6b408eeba,1,boleto,1,114.79
bbe9cd550cedc72e9c9ea15fe13bb91b,1,credit_card,1,31.99
c3a1f7b3c574d1e8417bead437baadaf,1,credit_card,2,103.46
"52cf629e5ef49959ced57da932b097e1",1,credit_card,2,72.05
aa1f345bb394d4b91fea04c459da45c4,1,credit_card,1,74.64
"6e463148b6be7828c383cfb68124dc0e",1,credit_card,2,109.68
"86f93f534bde58b65acb4aa52a45c8eb",1,credit_card,3,148.49
ba0a733b734db384f6753b0d9b4e9185,1,credit_card,5,75.65
b17d1971fecd03b2f511cbf6cfab681e,1,credit_card,6,198.79
"826e1b7aa6166bdd99e1a6873b3e0c6e",1,boleto,1,34.23
e96a8e16dcbfb70e75e54d34c6e832c4,1,boleto,1,43.27
"866968d6a38b907a312ffddbe6287d8e",1,voucher,1,37.74
f244880fcf6548e9e5f1c2dccc19ed8f,1,boleto,1,148.86
"752829804c0080d1b395f5c9e8801e39",1,credit_card,3,37.85
"49697e029f5fc97fd048a69e06fd508f",1,credit_card,1,86.64
"3da480f0b570c286f15f34efa2cbb2d5",1,credit_card,8,87.64
d2553946a905ea785bc3d4910cb10c4e,1,credit_card,5,269.12
"228df0c2e8c23cc26e2a14eeb701fba7",1,credit_card,1,42.77
"7e0b49133404be992e9cca3788b195c7",1,credit_card,1,103.80
d57e15fb07fd180f06ab3926b39edcd2,1,boleto,1,134.38
"6436250baf46915dc740c392fcfc5c1b",1,boleto,1,55.37
"2e32dea8a4d1ae5499a67674b387bc6a",1,credit_card,1,51.94
"942c437934a994c52629e74e23787f26",1,credit_card,6,391.83
bcd65d5c97ac448bb3efc90b759909fd,1,credit_card,2,69.16
"501b6d9a20b143063d1711970953fcb0",1,credit_card,1,67.43
"9be002bcd1377fbea7bbc30136885a64",1,credit_card,1,83.61
"9ef693d3c552d0bdf6d57085e5e14b66",1,credit_card,1,26.77
"43e1469a7223634749c63daf05d5553a",1,credit_card,10,128.09
"2e167a5acbb1c31fd50faac2ac3986d4",1,boleto,1,101.00
b394c91714441e1146cc0091a94f99bd,1,credit_card,2,144.18
"758c8ff64cc233c51b12159bea040efc",1,credit_card,1,302.35
add60b533a3e4c356398fde8b7987eac,1,credit_card,5,93.39
"96842863fc0b9e724387f412679beae2",1,boleto,1,121.70
"68887b90a91e3d256872f6a54a90cfda",1,credit_card,4,174.75
a9240539eed71e70690ea5a026f9f419,1,credit_card,1,35.79
"189c034bd0ef4966a8f86ed7b5df5797",1,credit_card,4,40.55
"6275a054b07c80fe5b7abe07dda2b366",1,credit_card,1,197.07
"98fdd250e01c66e91a1a2632a6445039",1,credit_card,1,63.74
c03d00add5dc4b9abb8e3cf45991da96,1,credit_card,4,411.69
"19cb995d1cf31c1a9c3d00b9f9e7e5e3",1,credit_card,1,70.89
"3bfd703ce884b8a0a65e63f2d4db6393",1,credit_card,3,270.00
"461a022953c6f3a8573e4e6a38a4d88d",1,credit_card,10,425.20
"1985dcd0eb8cb683615c1d2b8f324572",1,credit_card,4,822.78
aa57296ceb0b170f4823d71a06a43037,1,boleto,1,66.44
"3c75044db750a89606612ed286713eb8",2,voucher,1,100.00
"1206cfbf9d0e7ea298926c2603a06821",1,credit_card,1,31.11
"934b7f6dbf65d976b415011a2e286581",2,voucher,1,26.95
b2e0314790dc44ec6a7d96a62c221a5c,1,credit_card,1,41.78
"4c6f9679175cfb7119be763dd898c8a1",1,boleto,1,109.50
"37f6cceb272b1ae10ed4bd8cc0d4a98a",1,credit_card,1,65.48
a2a91e0cab81f50fd109a557ee1d92c8,1,boleto,1,32.41
"56203d7ad8ce86a53281778d2dd2c9b7",1,credit_card,8,283.66
"8d771479430ddcc5431d2ef4aa207204",1,credit_card,8,86.15
"53fbedbd16ccffa3a54c400edbb3fecb",1,boleto,1,52.10
a61d8c257ea0d176a22ac408689385f1,1,boleto,1,749.99
"50f6dc29061cc84a0517e8c487314855",1,boleto,1,147.15
fe19b9548cc24e156387100515c5534b,1,credit_card,1,95.34
"78135b03c6d7a39f10996624b9baf92a",1,credit_card,15,165.90
c21e59c9c618133611b4c96a9eefca19,1,credit_card,2,77.38
"8a060d4d621f570de2264a68ad8b901c",1,credit_card,1,35.69
"71b9f09ef6a6f0957d9a0bceeaf7d97d",1,credit_card,1,63.73
b2b34605d25df88c45e5330a376dc8b3,1,credit_card,1,85.25
"39e3311579afb8c467eac9a76b7e8561",1,credit_card,1,451.28
"5b1f569ced504719f147f0f25808358d",1,credit_card,6,322.80
fffb2ef8874127f75b52b643880fd7e0,1,boleto,1,39.96
"8e99a2cfed539d7ef02eabb5551d98d2",1,credit_card,2,123.09
"2499ab8c0f7060efb2d80d1870716aeb",1,credit_card,1,148.48
cf68d1708492cb14a50e5aeb9b7abe1e,1,credit_card,1,133.76
"020c01e41104519842f8a15605af646c",1,credit_card,1,51.81
"9f7b07e872a431807e81c38d6328502a",1,boleto,1,232.07
d569be24f2e104e3cc83b5a3b1b0a585,1,credit_card,1,45.09
"4d47d3a70d758db37a0cfd7fcc946ffd",1,credit_card,3,181.81
"4550b64fee9966c0a5d7b0b9f7606f10",1,credit_card,4,174.04
"1efe916e0147732877ae7c2ae6a245ba",1,credit_card,1,856.89
"3343de372beb853bffdaa61da97a22aa",1,credit_card,4,219.44
"7f922477f06db4ab69f6f173f439088e",1,credit_card,1,43.28
f6fb987bc7494802dc112987999e04fe,1,credit_card,10,150.45
dda3f9f30f216722d8012c30ba016663,1,credit_card,4,229.58
"119060af27b04f5fae8b2b0e27eef7f9",1,credit_card,1,84.66
"9ae9b5ec8468df37992bd720ed4683f0",1,credit_card,10,263.80
"29150127e6685892b6eab3eec79f59c7",1,credit_card,8,335.48
"3a10bf307a2af842e384180678f26104",1,credit_card,2,59.78
a539f2112c00901f99400581d41ae0eb,1,credit_card,1,122.21
cf511b6f35ecd9bc09d2c35ae9d0cfc7,1,credit_card,1,144.23
"6dc5cd36ae0ca772e70e387e25f032e9",1,credit_card,7,146.00
"21fba9f048e9bc341bb296a44d7e5b2e",1,credit_card,4,68.80
"9d3c48c87bfb7e8b574b4d375f882841",1,credit_card,1,188.40
"926e667aed4b5a389872a0777bceb8c5",1,credit_card,2,106.23
ee2019ddac943d402d6c59d8c39d4465,1,boleto,1,212.02
"029e3b4c8e64bea4ba22e456cd1930a3",1,credit_card,1,87.64
"97a0c3698151724b828f425d511d224c",1,credit_card,5,158.43
"90f4238d4a0d8f6371e4fbb18af5df64",1,credit_card,4,47.19
"7dca0f77833367de0b5f00ffdd73f382",1,credit_card,6,480.31
"2c648e5080cc33426153580987a3494c",1,credit_card,10,420.47
decd71d55b8127d489aa78bbe87efe5e,1,credit_card,2,167.51
c0110f04e66e7426bdc005f555bcdc40,1,credit_card,10,124.40
"0eb9c33251284f7417deb0b30e4f1109",1,credit_card,6,225.99
fd1272ba40a94a5fbc6e9548a8486867,1,boleto,1,74.59
"8afe2929db4833bd7bc32d18fe3bf502",2,credit_card,1,6.58
e89758a5808e87c5f5b88b1020ff193b,1,credit_card,6,160.03
"7298d065d597a754a13120239a26f458",1,credit_card,4,370.02
d8fdddcd258b88c4919c52ce44756a39,1,credit_card,1,44.00
"3b2cb40cbb8ba2ab366c42e890ec4d4b",1,credit_card,2,214.56
"3f0f3c811e704a2423f25301eaedf047",1,credit_card,1,81.89
"223cd404de0ec7eabc319bed69fa1079",1,credit_card,1,95.22
c5d8c0127b949963015b2bb461c29dff,1,credit_card,1,51.63
"1ea86cb67ac980ba54aa42725a5fcdf4",1,credit_card,2,108.98
a81ac812819d3c3e98ff62b3a8e4e75d,1,credit_card,2,416.69
d6ca1bec2f56a21f948613de255ac819,1,credit_card,2,121.39
"3ce72b2994e828da3646bf9f0cd92ff8",1,credit_card,2,165.80
c5f2970caae1ee84ffc4c7eeca287fbf,1,credit_card,1,62.18
b7742f2170d58633568ed9f864fa1220,1,credit_card,2,27.13
"3349d5fc8a511315de279fcce11049f6",2,voucher,1,11.98
"4a81bd2160d16f8b9323ad482891284d",1,credit_card,4,171.79
b88bd20c39bb3b635715d1dbd01044ba,1,credit_card,6,136.07
"121e0f10f4428cad6b8e0c2f584c822f",1,credit_card,3,326.53
"328b85959fc0ec5703ffab3ce8703c26",1,boleto,1,556.83
"6bb9879bb3cae417e534baf8c84cf26e",1,credit_card,1,66.64
"714fb133a6730ab81fa1d3c1b2007291",1,credit_card,4,96.01
"0070092bb6004faafa287e5fc35971e9",1,credit_card,2,163.06
d5369a7117efa440cea9df1c1c18362f,1,boleto,1,86.15
bd894349358da79873bd34c1a65386d4,2,voucher,1,30.00
"06ffc260a153bba52d82a18f91e8f760",1,credit_card,3,165.80
e731304a0fda25d2138155bbfe558bd7,1,credit_card,2,65.23
"3223fda0de8d832b8e1224f6add1245d",1,credit_card,1,99.90
"5d40262c2593865bc7041b8b6c67ed91",1,credit_card,1,73.34
"5e41372dfed214a973d082c2ba36e9a1",1,boleto,1,63.88
"2e4950942a89079792a52127600284e5",1,credit_card,1,88.07
a1b4a9a7a29abaef91be9fc53831d32c,1,boleto,1,144.89
"3dfb50022bb703d781966370133ed7a5",2,voucher,1,100.00
c66c3d7b42dbd139f921139df1eeb31c,1,credit_card,3,98.51
a07cb89bbb737eb48261a20b68766c5a,1,boleto,1,113.40
"320663ce04c21d3c2df2e5097f90695a",1,credit_card,5,261.72
fba1d12a47dc097a456f2aeff9191f87,1,credit_card,2,20.75
e2d97f385b79fa2f33a37c2c77965aec,1,credit_card,5,178.27
"3c4ef06a14ef470e73ea05eb315ff841",1,boleto,1,191.46
"453c644fedbe45275213438c93f3d0ce",1,credit_card,5,54.38
f16df3ab38440d905b5b78fe89972f69,1,credit_card,4,42.77
"600f8e805d1ed7fb72f4f33e3ea812fe",1,credit_card,18,180.76
"287c56aa824d8d1ea40246ad12013f62",1,credit_card,1,83.05
cb459c6af32347f6dd511553117bd080,1,credit_card,7,96.14
"21fee944dcb6831cf34d4e387e32f3a0",1,credit_card,4,88.71
dde27525b15a17fe5d8b8503e60143c5,1,credit_card,1,722.76
"7fc6b41c76dec78e234e571474948a6d",1,voucher,1,52.13
"9b60f439beee2ca1fceaefc864222934",1,credit_card,2,126.40
"399dc322c208425b2153b18060a25701",1,boleto,1,129.82
"49c0586d77735f8fdc96c83dd76ac808",1,credit_card,2,41.62
"96bce1588131f7637bffaa5c25414b33",1,credit_card,5,701.22
"43df363e546c5d4be691fee79394213d",1,boleto,1,27.77
"04bd525b12a75a2a6fafd26414588301",1,credit_card,3,85.14
"6ddbe0f503c2940cf5d24e1d8efee655",1,credit_card,10,811.29
"59b67c775c6a905fc4faac69ca74b5cb",1,credit_card,10,677.40
"7437b218b9af11255c89b0043905192e",1,boleto,1,57.73
"137e75aa875379eb16854b280dc2aab9",1,credit_card,2,137.99
f66696cb1765edf51ab4e07f41687f9e,1,credit_card,4,239.77
bd9f09d40404c0c0ede7616a04051f66,1,credit_card,5,359.24
"05393e8d9957461611ec8c8d55b13c02",1,credit_card,10,122.86
c7c8deaa5fca16ea52f981110df2537e,1,boleto,1,245.35
"5f34442510676049d6fb07c99a32db56",1,boleto,1,94.40
"6c1b56e12310e446624917427d430c95",1,credit_card,1,21.38
"3e33843f7f12a11466eaa521cad5f864",1,debit_card,1,77.99
"85d868c1adad7faa7378efd85048d0fe",1,boleto,1,48.27
a0d699e2e7598ef4a849c8089f3c1277,1,credit_card,10,619.34
"1250f8fc1f64f9c63ea3cd35c0a36a85",1,credit_card,2,158.30
e39fab126fb47dd2f1a47b2af6422bc5,1,credit_card,1,34.09
"7a1cfb8ab21a6a46e9b7d41c0e922eb4",1,credit_card,1,46.14
"097c6926697b318e2e49c0d92843211a",1,boleto,1,220.20
"175f436110df7b451689d7d969ec64f5",1,credit_card,1,127.53
"522eec5aa38ae3153b1c1a94e013947e",1,boleto,1,63.41
"1ee0a17c69232d18d8fe9d63045bd6f5",1,boleto,1,112.64
c37564a174d094e685810303fd46b582,1,boleto,1,135.53
bd4937d306741b31e9a738f0ad9da78f,1,credit_card,1,43.23
"2ec63bd84c4e873ee8bf8786f4942673",1,credit_card,8,189.90
"5db63df16698f20500f49faaee15c3d0",1,credit_card,1,96.33
"62686dac3e596036e72fe0beb571e45e",1,credit_card,6,312.02
"6f1fd45a62a1568370bee476108eaa18",1,credit_card,3,39.42
"724cdea7dfe5a52ad3c931f0c0f6f1bc",1,boleto,1,134.23
"2daeb63be09fd5dc894a806f32559eef",1,credit_card,5,160.51
"7a506b988de5fc1e95e780a6d3282a73",1,credit_card,10,480.12
a4e716425319a6fefa5bf8c58eeccfcd,1,credit_card,1,131.16
fb1418494ba4e6ced8a7ae840dd9fbfc,1,credit_card,1,53.00
"10cba0be7bc27288b512d87a719b97e5",1,credit_card,1,0.22
"9f6db5df970e4f6210f284243da63804",1,credit_card,3,96.71
"334ab6dc70bc9a09b01827959aee65ba",1,credit_card,9,92.16
cda07ad4f2f777317f2d6b2e3621a5cd,1,boleto,1,50.48
"7fe55ddc45e39704cbd15147aba7b23f",2,voucher,1,68.33
"41bc5a3d34a8e4ef91b2e7d9500694cf",1,credit_card,1,94.66
"42479ac38bbf5cd9ae3c7925876075d9",1,credit_card,1,162.15
f93c4c6491ecf4b1f3980d36ed6dd943,1,credit_card,5,296.71
"6ab1e9ffa5914f8b0f2c4f4eb98e5a2f",1,credit_card,5,398.42
"3994000090be4a77b35eb6ec555a881e",1,credit_card,1,28.00
"02546acbfd2949a1f63c44ad04978ea1",1,credit_card,4,85.81
ac14a1a3d8c2b071a150eb2990b5ecd8,6,voucher,1,10.93
"8ecb444bd33d4670ddbec85cc7b141f0",1,credit_card,10,125.44
a31d01c5e7788d70334ff10309791055,1,credit_card,1,134.10
ec9e84c39657229cb100e43cff1e533f,1,boleto,1,55.62
e40e39fb1358884be5aba158fc7beac5,1,boleto,1,79.31
cfec583bec70f00c3a46676a88937f22,1,boleto,1,136.75
ffbcbeeac5c9c9495cd729f896bc1d5f,1,credit_card,9,97.69
"4a46aca9ae0f89326ddb4bd7dfd041a1",1,credit_card,8,194.17
ac5c875d7fbcc1765c32e13b8ee888cb,1,credit_card,2,77.51
ed6104a0027e6a269ce0269f21c67f0c,1,credit_card,4,115.81
"893f29ed01af82b34853c1deffe0117f",1,credit_card,5,380.85
ce5ac3d77cca9ee37ace392eb33cee3f,1,credit_card,6,66.10
c284a43b72cd107402733c5bfe5678bf,1,credit_card,5,163.39
e39e5c5582fe3b14f62bfdf4f721b40f,1,boleto,1,144.99
ced1aea35f3b1e1474390a452a02d750,1,credit_card,1,76.58
cc3c90e62ab9247ab75856083c0c8c96,1,credit_card,2,84.15
"51a204a8b06b2f485e8e9de1e6741618",1,credit_card,1,99.75
"3012c36a0f6377ec543f931bf33923d9",1,boleto,1,164.26
"34a0606eca141f2c9ccb352883ee3fbe",1,credit_card,6,195.00
"3c3360c269e1a6ac43d1bd512056e1f8",1,credit_card,2,119.95
"51ad0046ea33a9c6f8835234fc73b8c3",1,credit_card,4,115.45
"799236014ffd7f07bb4ab4172f2f9a56",1,credit_card,1,112.71
"1d91296bc62c8df68ebaddb299a5a5da",1,credit_card,1,238.69
"2efef48118e6846607240cd8910e05d0",1,credit_card,4,239.95
"38ead2ac61ab32ce96209301f9d365f6",1,credit_card,1,41.20
"469dba1d869ad7ac257e09c9f8947b4e",1,credit_card,2,129.10
"8a815ef04af4a8e91fd908912074ac5c",1,credit_card,10,262.76
"2c70c146dab57932ffc2ffe38cd57d8d",1,boleto,1,157.21
"9d3da528dc19e8ac4ad42ed097e8d065",1,credit_card,3,98.65
"1dae4ac9e374d9eba3736f7f8616266b",1,credit_card,2,112.61
"45ed6e85398a87c253db47c2d9f48216",1,voucher,1,21.13
"7489466aa2aad065d81a6b70e516a562",1,credit_card,1,40.23
"84f7c41e924ddb24205d30d9c0d18ef3",1,credit_card,2,76.65
b1d6b79bb981ccf6f6d824232cfc3884,1,credit_card,1,32.94
d14319b7a9ffe116c1ba706238d3cd27,1,boleto,1,183.92
d326dcaaf349108b952ba7aba78eaa9d,1,credit_card,1,91.41
f6cf807a05566571a2781deb6a223094,1,credit_card,4,99.56
d4903bea07e89ed0f2bd8320a65ec482,1,credit_card,3,125.42
d7cfea82cf5f7148d0a6f7e5a45be7bd,1,boleto,1,149.10
"61527d1d8e32b98b5c185fd4f23a7876",1,credit_card,5,189.39
"60c03a80ee95e6f0b2be392657ba6c1c",1,credit_card,1,63.37
"77e08d0d687052633b1762f099173ae8",1,boleto,1,256.33
d181b55979f2c800ff80a62c71731826,1,boleto,1,33.60
"5124343628b2cd43d0980ccc67353226",1,credit_card,10,864.60
d7dea38a19ada84d1329581a16b14f63,1,credit_card,4,132.02
"40c5777021bd392cddf6bf40a341651b",1,credit_card,2,171.22
ea838dd2eadc7dfdb6fff969d14ed4f2,1,credit_card,3,77.03
"8df2feeda535c3b57a1e8fd9bbb9e95c",1,credit_card,3,39.09
"6e09feab9f3c4379d88725b9efc9f0f3",1,credit_card,1,745.30
"1c0b35b038ee803f39a777029e93e417",1,credit_card,3,49.24
df5b1e6edf6451c6cd99e167739d9d56,1,credit_card,1,43.22
"2b859a50927381b5e99fbf88aea9d1df",1,credit_card,5,136.30
f8306c39b861b2b3879c573003a666b3,1,credit_card,4,194.48
ccd6897360ebcf9ce2afc0406f25c49d,1,credit_card,1,79.81
dec7cf966ad64aa289ee5f574b0b0463,1,credit_card,1,400.83
"61c43e2be518cd9179a53918b43fba4e",1,credit_card,3,53.72
e1cbc1e8c3204aaecc891d1392f7b4d7,1,credit_card,5,416.54
d1e0a6cc55d1db3058bb6803fc08ccc3,1,credit_card,1,69.73
c03ece81b9b15ca2f4fae4b061076d49,1,boleto,1,114.03
c528c7334f28e47ccdd517a9288a5113,1,credit_card,4,234.57
"74c1ccaaf1d9e3db6f82ed04fc985989",1,credit_card,6,255.16
"91663de20f19686d62e4dbc0087fcf62",1,credit_card,4,104.28
e69ea0f5ba6fda2442f0889a6754242e,1,credit_card,3,206.22
b0a793772ff8d61844c0b654b342321c,1,credit_card,1,110.82
b8c503a5f3008e2e698409cfd9b51538,1,credit_card,5,56.01
a2253f696c9e2cba89d15e599caf280e,1,credit_card,5,107.85
"6ee6c06bb9e001463d8eba71bdfc86a7",1,credit_card,4,162.75
"03b89e8b0ef3ba18cc903dbaa7aff107",1,credit_card,4,47.20
f53c55d69ec100514da4915a8a3d72b2,1,boleto,1,55.24
"040b98b117606d34ba51c4d274a15e2d",1,boleto,1,913.70
"477f748c749a6106d2abdcc7de0be7d5",1,boleto,1,69.91
"8dcd08ba1ddd245791d0fe2a764d7c0c",1,boleto,1,39.15
"6bf022e11f38687e2771eba0a762b911",1,boleto,1,111.42
"8f629e5e6b53ef4c1a6fecd77dea0b27",1,boleto,1,308.42
dbe8ecd957db3aaa6a15609223afe9a6,1,boleto,1,166.41
"5b7ffb8d013b6d0b4ae7a8f454fa9bd7",1,credit_card,3,93.52
ce22c7595bc4d3ca9b15ea08412a6b94,1,credit_card,1,13.69
"317fa0bbb4e4778148c67db78acaff49",1,credit_card,4,47.29
a3a1b4761bb6da969fa862b89382e855,1,credit_card,2,63.82
"85837cf1f1abc43e038a12c0a1d41ab7",1,credit_card,2,112.81
"90f94ceb94e0651a95abaccfaf7d8fc5",1,boleto,1,20.59
"1ed0026cd10a75c686a9caab448154d3",1,voucher,1,11.31
c95faff6a7398b926ba8b0f23c9b2ea9,1,credit_card,3,274.38
e26a9355696cba36e197aa6d82141af2,1,boleto,1,384.81
"953b30095a07fb4b4f3b90f84fe843eb",1,credit_card,1,171.44
de06e436fbb3dd6e10bafb5f24ed5530,4,voucher,1,8.49
b5d9197eb2402184f5661ee98acf0271,1,boleto,1,50.13
"64108ebb55ecc7f1a9a4477c5b0624f4",1,boleto,1,42.11
"152caeaa0e795b4b0def4ce51a118dda",1,credit_card,3,186.85
a0a2b9cdb28eba192410c480bdacc4fb,1,credit_card,8,258.51
"36cd43f05ca6b099b88bcc0c8e08491e",1,boleto,1,73.34
eedf5956f97dac89154e3dcf9775e23a,1,credit_card,1,60.70
"6b36356269703cbfe87cb8c95c815aae",1,credit_card,2,144.65
"8ce19cd80af40e6cb55f3e3abdc5a5cd",1,credit_card,4,155.10
"41d2688e10edaa4f87b2dad7aada4865",1,credit_card,1,56.78
"4a08e5f6aea1c1f9b89d50c87a5f3d7a",1,credit_card,3,94.55
cd408efeda0fdd3fe5f27134bd065001,1,credit_card,4,139.00
"91079b156c39889cadb92d6465aeb0fe",1,credit_card,3,42.22
"96b0bbaa7c919540b78e7c4f1223cd0d",1,credit_card,1,90.75
"61cbfd453bec6d149c4607df0632496f",1,credit_card,2,154.80
e7a0d968e1490c9d5c075df5f3e751ce,1,credit_card,1,94.74
e46bdf3f103d892b73cd32d13062efc5,1,credit_card,4,210.89
"0ff35367e334d813e6430388f6769dc3",1,boleto,1,33.28
d2404c15c71863f869f71c9fb72c2af6,1,credit_card,6,127.24
"242efbf997dcc144609030002b91446e",3,voucher,1,2.24
"47c65e2da8bf586e8d74fd1f0cfe7a68",1,credit_card,2,55.40
d280ffa94ba8d94d4fc416ee85612a52,1,boleto,1,136.28
ccc5790acbda1b1992f4d1c46204238d,1,credit_card,3,68.13
"2518ab54f9eb6abe9cc565781285ddc2",1,credit_card,4,45.78
"249e497dd267cc393437ed057a09386d",1,credit_card,10,255.85
f6e3e88cce05228735d1d123916961a8,1,credit_card,1,50.10
da6ff5aa71571cace6a438da4aff0326,1,boleto,1,39.60
"5ea87cd245f8b1b4948bda755b188b98",1,credit_card,5,55.09
"8d994f4a7b065361eaddea05bd528909",1,boleto,1,42.18
"05ddc7eac5c1d01a5412368354426943",1,credit_card,10,111.90
"5d77e951a4327143b2844fb532e7ac82",1,credit_card,4,195.35
"5a644da87ff0e3010f70d585f486e115",1,credit_card,1,82.98
a831481fe241b8d8bc08c53fc98012b9,1,credit_card,1,59.21
"713ab5cfa6f7bc9064c48297201793f3",1,credit_card,2,113.04
"08b46ab06eaf71cf043929ebf277e280",1,credit_card,8,115.20
e15ef863e09f10a538fddcac088f04b2,1,credit_card,1,85.24
"04492e6b1fcee5317506f927e0e89eb2",1,credit_card,7,130.01
"2662b5b8405b56ac3b36ed2b4e9c50c7",1,credit_card,6,321.58
"68cc65e4e8c5d7c8590c6d9d7aedba0c",1,boleto,1,36.35
b11b5fa23629054214fa15a68c0cfe73,1,credit_card,6,308.13
"83ca3ab77b87118d0a71a84ddfc9e31e",1,credit_card,1,55.18
"65d304f392228e0b497f19d67ac76d90",2,voucher,1,22.23
"749990ae992d496bb8ad6972705298f3",2,voucher,1,77.42
a0f980e432c8f9394766734266ed753d,1,credit_card,2,136.14
"7774c3eec02b65eb352e0847cca6b9d5",1,credit_card,3,65.71
cb33ba59f7f3b3d1f5caf3e8176551ea,1,boleto,1,64.00
e9da851726e9f0353b030a99d5e62a10,1,boleto,1,69.12
"0eccc15fe0cf8638062ecf10382350f1",1,boleto,1,177.39
"3cce272fa362fe558667d1ae4a48d16c",1,boleto,1,77.29
dc66d02aa72baeed7ea19e8d5bf9531c,1,credit_card,1,164.54
"35d8c6d5e060ad24271ffda186312ef8",1,credit_card,3,192.56
"2abed06af11ab7e3bc833f1b1535ba25",1,credit_card,2,117.06
"242bcea719638feb8c102d38e67a4977",3,voucher,1,12.53
"4e71292813192531d46de4a94b8ba881",1,credit_card,1,85.36
"86e806df199739693f45c9cd596771ea",1,credit_card,4,77.57
"805eeb3298b184f196431dd54519edf4",1,boleto,1,64.34
d2aa63ac411996ad85fc0099c47db2df,1,debit_card,1,135.24
"96b58ad037abdd4b7ca509a3009cbbe7",1,credit_card,7,72.38
d891fcff7f5720b6a87ecd0a3dbf0c27,1,credit_card,8,105.29
"6203b82391cd0a3daf1c4dbe763a318f",1,credit_card,4,122.21
b886aff8576c2f1f035c507ba7fd6a9c,1,boleto,1,99.43
d7a903a05d84644e6e872b9c626d7fc6,1,credit_card,5,164.46
"1b69321f3b6236fe424fdbcdc21ca148",1,boleto,1,211.89
"47206fff1e56391bf30b5acbe7f5f7a2",1,credit_card,1,21.04
"8840abe0158f5b148bae2172f8c24423",1,credit_card,9,193.82
"18e1040478d9e22d2f785cd537be7220",1,credit_card,3,35.09
b4f893e0215b50346c1efd59f3a8962e,1,credit_card,8,87.81
c0d74e15535e242afea299f2edb23394,1,credit_card,1,152.73
a25d43b087190f76ed13ac240693ded6,1,credit_card,8,329.95
"200e97c3760ae66937859b03653ccabd",1,boleto,1,55.38
"09efb7cd51fbc54c89edb7aff4a3f637",1,credit_card,3,115.45
ba9db9fb21617fd062fee898664e4996,1,credit_card,2,110.00
aa8f6d56fec7ed94ca4797b24e3ae66b,1,credit_card,2,41.36
c40cbf2797c3b0187b41ea072dcac55f,1,credit_card,5,1003.42
afa40d3f2980e13e3f7df71f881074e6,1,credit_card,4,69.50
"982f1dba4ba6a565f56a2f51e6a68740",1,voucher,1,25.00
"9f4dc9b14ebdb349537c57ed4e469c28",1,credit_card,2,610.92
"7748ff99ce730984ae58e28b2573feb3",1,credit_card,3,71.56
"5446e615a50f372158d92b957361fecb",1,credit_card,8,349.70
"528d1ebb9f5a8601f7c1d21e05412b2f",1,credit_card,4,45.70
"497d0bf310db54cf903becf62f8ac606",1,credit_card,6,309.57
"95eb75ec817b7c9813cb7c12c8f51651",1,credit_card,1,73.54
"443ea0d00a4dd357d8b2c193cfd8a17c",1,credit_card,6,64.86
"1057bf6391c17f9b6960dd996029e1dc",3,voucher,1,29.43
"68709f86fb9eba39721082ba8fcb7047",1,credit_card,10,159.35
"2e59385ec33f6734c6e53346083771aa",1,credit_card,3,77.57
a1fa8465f15178a62e2429d53c230d99,1,credit_card,3,127.48
"6c90fc612a10cf8c7c74570e1db07aa0",1,credit_card,10,542.66
f6283491927c2351151a06cf8c22f7d5,1,credit_card,8,124.42
"30dfb5b33bf44683be3e2f7df4bdd769",1,credit_card,1,52.13
"036bbb637f99f662c928d303d461ffe1",1,credit_card,4,220.37
e775e2a68408d7fa3fc0297268f1abf4,1,credit_card,1,298.18
b2c2d4d3b4f7a9fa42e60649bd8a9855,1,credit_card,7,384.04
bb27293f7b2e1c705bf345fd57ecd0dd,1,credit_card,1,199.42
"7db9af6a773040b8776d2c4ab7f7b7ef",1,credit_card,3,30.51
"0b8223a2d582ee50740baba714b65256",1,credit_card,5,386.13
"42f62f6ce3beb21a0599ef18df6e8f8a",1,credit_card,6,71.24
"9486c11941b06fdf44a70c74c0d03ed3",1,credit_card,1,57.73
b1c868aa288ab0e4006db84876398e68,1,credit_card,6,222.62
f9de1c701fad751fa78834d2eeefe251,1,credit_card,3,157.21
"4fd47db0e1bb9f59384ff16f8d533f80",1,credit_card,10,227.38
"564252847a480a1317340b48e2001bc0",1,credit_card,1,73.15
fa86f95c2bce5958b1d9236da9f96926,1,credit_card,1,37.80
e24482f15e14b7c0adfe34b1c0542e43,1,credit_card,1,32.00
"3e191ce3f3742cbcfedc1d60b15254d2",1,credit_card,3,39.10
a5b17618d38c5f58f124097a79a2a230,1,credit_card,5,224.71
d2816e182d8750e410a4288b16a9ecd6,1,credit_card,6,194.30
"33c7fbae8a82787f5f5524eaf5d8097f",1,boleto,1,67.36
"08a4c77d9546c8928c3dd4b20da1b773",1,credit_card,1,89.36
"62fc42cf39543a45aa577931a1665228",1,voucher,1,75.87
b1daed3ca434922570bdde4d05004753,1,boleto,1,43.69
"6543c9fd7bfbf8a31d844a1523b6f04d",1,credit_card,2,61.01
fbd9022ebf9271e1952ca884a972d1bd,1,credit_card,1,119.60
"960f19e6582d2068f7e443036d3a48db",1,credit_card,1,85.60
b7e27e42f8977f361d7a169003a0bd51,1,credit_card,7,82.20
"8451987578eed983c36e639e9753c917",1,voucher,1,200.61
"19af64f6a5b2b246709859143e3c5c16",1,credit_card,3,98.34
f9df206bb22d417017b52ddef1c2795e,1,credit_card,3,205.92
"270700b8be5da026cd758478b3ad2577",1,boleto,1,168.85
"0045f5225a96ef46630701167528fdcb",1,boleto,1,110.41
"4d288f2f1f3b59a97c364a2bf728b912",1,credit_card,4,108.34
"333fd556e66dcdb07b2081f258f42ece",1,credit_card,2,223.58
"59ee425a0f0cd825c79aafe5990b7bac",1,credit_card,3,76.17
"7e5a1d0e245d9956f8919244b11a1da1",1,credit_card,8,643.90
"5ddfffa95cf4bfa61a2ffa97f3dab85f",1,credit_card,3,37.77
f8a8d05d951ce7e359dfd0c67f1de017,4,voucher,1,0.34
"2b8983e40075bd6bd01ddafb90f62415",1,credit_card,2,138.98
eae87b24ee716eaeed2b3b67eab5e244,1,credit_card,1,58.13
"53a9eabccdba4f6107845a78004e5844",1,credit_card,10,264.54
"1a8d422cb8cdae5221a5a8eb371c49cd",1,boleto,1,49.48
"8e69421c91f6d0c452894b190de0d321",1,boleto,1,25.70
bb3463b1de5e29d8d574a1e422777763,1,credit_card,5,311.10
ee9f3d0f79a91c7ea3153483af83ac3d,1,credit_card,6,61.01
c35c0040e09990a95e79c617fafe8c10,1,credit_card,4,79.62
"40d9b709b3b6a77fcd309165705f58d7",1,credit_card,1,142.27
"1d5cf40416bcb8a9d98d2f759f9f1839",1,credit_card,5,128.60
"2a2400e345f56a8e879743f0b45b6b09",1,credit_card,5,76.78
"1189683a982566d32678589bafad61c8",1,credit_card,1,82.98
"95c8b1ac4c3ea101526fad88a579bc7e",1,boleto,1,43.09
"4ef04edb491b8cc23eabe782ced6715c",1,credit_card,1,84.24
f78922eabf7ec2e30c6448d7965ddb9d,1,boleto,1,120.49
e77eb7578799cc588feca0f6cf56a49e,2,voucher,1,5.23
f6557fb0a00716c9af72d15943e20704,1,credit_card,2,72.68
b32226e3b83849c23551e39452d562cd,1,voucher,1,106.55
"5e5fbf8badb59c577f84c7f7448704dd",2,voucher,1,86.89
"3cb7837e1a9c1bffae26ac626bc51b54",1,credit_card,4,125.12
"8260ced16669ee5a61ca903988b3e0b0",1,credit_card,2,48.21
fa4dbdc2240b30eb41532f7a04684661,1,credit_card,2,69.64
a2940f1b67316eac4f302e29554392aa,1,credit_card,6,61.75
bee402360958bd68274013f8b3ecb4f0,1,credit_card,10,376.56
fe20c1f331dc2b7bbc86836d6b6259db,1,credit_card,1,168.28
"4d515dca9e06667e6ab68acc478df5d6",1,boleto,1,105.96
"6fc329fc5cf04756f90764baf31daa17",1,credit_card,3,71.14
e99f27b73c1fb9070310e00d081d3c96,1,credit_card,5,95.40
"07883af69dfb22686ef985505006f9af",1,boleto,1,104.59
"9457f83b9faf36f40019d656cb5679f1",1,credit_card,6,121.76
b3c0d30328473d54c9e53a0e9aa04aca,1,credit_card,5,79.81
"3757a57cc9b1a53aef763138d192f7d4",1,credit_card,3,191.34
ac44d431499dd1f572a4dc7408581e7f,1,credit_card,1,172.96
"57963763b600cf44a5b4c9da5fb4c3f7",1,credit_card,8,541.23
"02870408b4c4492b036a48140f2092ed",1,credit_card,3,102.74
"54124d9826c024b4b20d530b6bf4d6ee",1,credit_card,1,68.13
"9b1c817fd98473c0a0dab2a95b5979a6",1,credit_card,2,56.83
fec76d3c7d37a989bdd3a22911340c75,1,credit_card,10,471.84
"620f88e1cad4c60e7f3cc29d682e7eb9",1,credit_card,1,109.33
"8f7c88fa60b5aa1c1c2cff8a775bc4c0",1,credit_card,1,19.97
a1e393fb70c2916de4f93974682521a0,1,credit_card,7,72.07
ba018a9729b7d844420ab92e6e38d508,1,credit_card,10,180.64
"66ae643a6c0830c098026b35febfa2e4",1,credit_card,2,62.08
"8d9c408abef22868d40547ecd87d327b",1,boleto,1,88.91
"401485117f5375fd119981d95deb2303",1,credit_card,1,80.20
"8023039e9b07973c9aea60155b52e41a",1,credit_card,1,150.54
"4d65b53f48c951380c38eb2aadc99138",1,credit_card,1,93.72
f01446f8957b17a489cea2b2b77c1e97,1,credit_card,2,50.32
"7a977daeefe13a57132b21579049d020",1,credit_card,4,192.85
"37050b29f1b62a5025ae49d6a51e5d4b",1,credit_card,1,84.48
"513b6592fe9a0b61ad5be337680b84d0",1,boleto,1,96.22
"22d041eb8aacc1c62569f7e903a64f52",1,debit_card,1,125.68
"7902ef4dbb5973b8426b4c66f2488d3d",2,voucher,1,150.00
"5af817dcc7682f13101dbdef134be4e0",2,voucher,1,33.84
cd2c2d1c98e51894f2266c5140d14c29,2,voucher,1,20.53
"01f216b447564f9ea791b521db577ccb",1,credit_card,2,74.49
"772bb5d1c259f2731fb87d079c3808f0",1,boleto,1,45.53
"6639717557f610a34aec7003122f7c33",1,boleto,1,369.60
"4fe73718f01ee4a8a5edb8f5c72d1994",1,credit_card,1,47.62
b87ca4e0ff52f4243bebeb16504f48e5,2,voucher,1,4.86
d1f5b7a6c6490911a99e25f6d27d459a,1,credit_card,1,53.38
e571dfc21abcbe1ae8795d4a8a6b057a,2,voucher,1,50.00
"2baa8f1505935ad18a9409ec365c1988",1,boleto,1,268.99
d26e5113b124c2bf24274139cf339a8b,1,credit_card,3,48.11
deb556fbebd4343315d9ab970392674c,1,boleto,1,256.24
"710bbdae402cc011c47087b64a5f9c1a",1,boleto,1,152.71
d63fe1f1621db3763f40ec20a4a8b338,1,credit_card,3,34.51
"7e52365eb2fa03f8f4ed8a69da1e7fc4",1,credit_card,3,462.26
"8ac2728285fd4228f35d907768b5288a",2,credit_card,6,495.78
"1777854e00599d581f88f45af1432949",1,credit_card,10,136.20
"3859aef969659dcc5439967f8ffbbc07",1,credit_card,3,114.95
"60d5550b63e87542c2708c249a2d5c99",1,voucher,1,39.09
bdef1c734c8b9acb8b68c7ca2e608a63,1,credit_card,8,418.75
"138231385802e09f83a82cf35bc5f4aa",2,credit_card,5,459.25
f2d87ed38676765184a73e871a9e3ece,1,credit_card,10,111.58
"39de11394d8ad384d7b05c4b579cc811",1,credit_card,3,77.57
"6613fb221c62895c22ca8a2958d32156",1,credit_card,1,243.11
"458fd3c506b852c0ceeb6e7c195ea437",1,credit_card,1,62.43
"18ca340d8c5cef7fba3c9c18efce43e9",1,boleto,1,33.42
"0e42d2ebc62a8ba6900096d9af8565a9",1,credit_card,3,164.79
"4b87488fb6269f8321508923b95da4d6",1,credit_card,3,38.47
c8d402ad1a675e158653f4e470c7d42c,1,credit_card,10,126.00
"197eebbd778d2ac6ee1ca48441bcd80f",1,credit_card,3,93.65
"35cd360339571c02b1d4974ac1807d9c",1,credit_card,8,86.58
"13293961429976917597dafca90e49d3",1,boleto,1,62.17
"565a27fae0aca550060e0f90a54495ef",1,credit_card,8,190.33
e6e2049ec5847e14fd9898496125c8b9,1,credit_card,10,156.14
bc14a141bbb47b18a33d0a1747cab119,1,boleto,1,150.12
"25b66d9cb3dd45d25788fdb3e226c5b9",1,credit_card,2,129.11
"017b11be3048fdfb58e63edc5fc8f4b8",1,credit_card,4,40.27
"3789e9b1be0db55442c1ae8b24ab51ec",1,credit_card,7,383.30
"086e718f4bcff72026c18edaf8d572c5",1,credit_card,1,200.09
df2d910b8b5e5f461f67043489f9569d,2,voucher,1,20.00
ef88a4803cc4e345dc4aa9634783bba6,1,credit_card,3,252.42
dcda492b42b10ec0db05f713cbd11b60,1,credit_card,10,138.72
bc99558709784e3ae0b9f8dbff8c06f0,1,credit_card,1,27.77
"8aad27637248090b933a0697be57c443",1,credit_card,1,250.74
"0b252b879dbab76b4730df79aeb1778f",1,credit_card,3,33.40
"68e6025320f22a05b32dd8e3fb061fc0",1,credit_card,7,158.30
dc9a03dbf9afa19253012ac1391cc00f,1,credit_card,1,54.00
"8aa9548fa899cb3509257727e76fbfad",1,credit_card,2,317.97
"3b45c3fa7862deec90565c3dbf6e9e8c",1,credit_card,1,13.25
"2d53cf390b252a89d9c7fdd57036d7b2",1,credit_card,10,108.79
"6db52864e566d8d4dd332974496a3c67",1,credit_card,1,29.94
bc2c6eda20ba0146eb5d4420734b21ff,1,boleto,1,177.99
"9858ff80b8f867c868a4c476eda9122b",1,credit_card,5,50.09
f6315cf6215547825532e27ff0be9401,1,credit_card,1,101.64
"89c880f756709e7f7825b4ae6fe7a2f9",1,boleto,1,118.74
"70e6517f1dbbc45684b77b43123539be",1,credit_card,1,54.00
a77391cdf600460b495855e76f6938c8,1,credit_card,5,63.33
f668e8674ac35dcc80c2c00708daa430,1,credit_card,6,184.00
cfe75b350e0f6cd144578e60bd77da82,1,credit_card,1,38.13
"11433594967d07f9ed0b30827fd35385",2,credit_card,4,205.00
"34fa4dce8775b3b4accea9779a4a6562",1,debit_card,1,47.43
"0a2d80bb09b766e032d077eb834788e4",1,credit_card,1,22.75
c4d634f71b69d24d203a3c63edb87e06,1,credit_card,1,90.18
"206fb6b6ca61077c62e2c6bc2f649a9b",1,boleto,1,204.97
"89898719573722b59b173f76fb213501",1,credit_card,2,47.83
da30a0f292c1564f3957b348353eb52b,1,credit_card,5,51.09
"3f3913e8c7fd221ac82a34ffa20b93ee",1,credit_card,1,55.56
aa67be2025a314e506fb322c51d01d65,2,voucher,1,121.09
"2565582c3ffde36251dbe19595831796",1,credit_card,5,161.37
"0e44c0c94c728c1ff7a501f705dd0e24",1,credit_card,5,122.98
a8dc8c635d3334b958a92779bd056666,1,voucher,1,43.22
adb3a0386f6e1f65d5fa85ecfc0f64a2,1,credit_card,5,125.42
d2965251c0a29e28f3cecd7cf54d455a,1,boleto,1,136.56
"842e1880e0859a810c436d8576aab76b",1,credit_card,1,47.43
"0ed9d0447248a2cdfab50c897e1d61bc",1,credit_card,2,354.45
"554e817082f5eed68d7ec5d035e3549e",1,credit_card,4,213.81
d41f1036712e18ee525939d08b7a1c98,2,voucher,1,17.14
"3ebbf40c93199bd38c2b821855ab1800",1,boleto,1,38.26
fe54e84941ef8a88e6cca905d8246c6f,1,credit_card,4,47.22
bf1451bab7a54578f219c009aa286263,1,credit_card,1,153.13
"36e97c52eeec93d43615f58da623c33c",1,credit_card,1,18.38
"533e69dda70ac7671a0bda8bb5fc08db",1,credit_card,2,187.83
c7fbf4fec3e516001a347b5b186d804a,1,credit_card,2,193.45
"64b81667bcaa20ee36e42ba4997349f5",1,credit_card,2,87.73
b59eaa8e4e60d7bb5f7dc3ead40dbb52,1,boleto,1,201.10
"32659d759ee706f5c1937fe60a1b00d1",1,debit_card,1,41.39
"7b41dd01e9782f30bce07161d2780740",1,credit_card,2,62.27
"09951c1a8c91dc28f008c3ccc634f1fe",1,credit_card,8,86.15
"9c9471a2e1b2cb608b22437f51cbe184",1,credit_card,1,47.68
"3bd820484fb08cbd09f9d3f378fae1a4",1,credit_card,10,870.11
d3e20e12dd625bc8aa36a78636912b0f,1,credit_card,10,2487.24
"4f4f01b70590d58246cdcf1c675738bb",1,credit_card,1,118.38
"94072af7dce5862d93084c2494df0a38",1,credit_card,8,99.90
"8944b1716ec63423c8a83c20bc194476",1,credit_card,8,94.66
"6e1d72c49d6aa8e6a4c5670c6ae13c72",1,credit_card,1,38.27
"360ea8da05d9705bd651981c6cfc9a22",1,credit_card,6,142.01
"8b669c19c5b4dda001b9c7e14c8b0ce7",1,boleto,1,160.28
"1f8d7d0c0affce811c7d6f2abf71a7b5",1,credit_card,2,62.27
"47892e2502f689c00844f192c73a4d0d",1,credit_card,4,1437.10
"2d2bd0487565c23b4bcc0b29a41da55a",1,boleto,1,121.99
"34460fd86afdbe00b34351b5187d1519",1,credit_card,4,83.23
"2c9dc867f2d293b85037bafd60ef3c27",1,credit_card,10,274.87
"39dafb020b5e77c237041b88569db7b0",1,credit_card,1,138.22
"0870ee292ce510fc7bf1ccd86a6d28c7",1,credit_card,8,84.05
"96caea89f911608c4d05f012e3c4efa9",1,credit_card,1,369.60
fa3475ba2bc8960e12e2421b5883c340,1,credit_card,1,57.16
"42769a5163a34297f4458dbccf206b36",1,credit_card,8,125.53
"3a3ccc870f8a3d5e624f3349f23cd2ba",1,credit_card,1,71.82
"79740c687f8732e1b4e5464d41457103",1,credit_card,1,21.69
e5ca14277889553a80cd3b8379bb9389,1,credit_card,3,120.87
"5c4c16f0db1537d3ef9e718f12dde7c4",1,credit_card,4,52.21
"6ac9d94329142fa9ed71e07690e9249c",1,credit_card,4,113.03
"166e8da2582560e757c1c41e4a4148c7",1,credit_card,1,62.19
"3bffa7b0b14b8da97ced87564e8cae11",1,credit_card,1,112.45
"246e0ec5d427eaa6bd4569ac799d4f37",1,credit_card,5,129.47
"0c5229491f40a024f07dacd49b445b64",1,credit_card,1,200.84
"1fe59b7c4d7a5015c3c73464f4d2e719",1,credit_card,2,39.10
"5f149cfaf9ec98e580e5cf5e000b5aaa",1,credit_card,6,68.37
"794d8552a259e61b5e8a46a573c77b41",1,credit_card,5,161.34
f30cdd89599d62694b4926d9e38ea3e7,1,credit_card,5,54.13
d35a77135cb96df5bdc938dcdbd2d85e,1,boleto,1,307.90
dc29f6e951801aef32e47bfb534d0c39,1,credit_card,1,55.00
"38e9133ce29f6bbe35aed9c3863dce01",1,boleto,1,48.75
bcbca462c055855afe0cb0df7b6a09f9,1,credit_card,1,35.96
"045b9114be21f880246ba6d749f577af",1,credit_card,6,61.29
"1f7d0a7602cffab1da326530589809f2",1,credit_card,7,73.20
b31ea01e4109e29d10d43b5aa917f65d,1,credit_card,1,74.42
"0b47f5e9432bd433f8c5cf64e60e6e5f",2,voucher,1,20.00
c25915645324f8ebbfa289b765eb6e8b,1,boleto,1,41.59
e2160872fa8ab465258bfebfa962c6bf,1,credit_card,3,183.93
b15c7e972c74684414fb2e659fce916a,1,boleto,1,3666.42
db26bf0c66e8320dd106b9b39ca56fec,1,credit_card,1,53.90
e742341b8b6bf5a833c52f7c607f6b69,1,credit_card,2,154.05
b6c20a50ef99ee1b25f4fa64c5f1939d,1,credit_card,1,82.32
"5f2e2fd04b4cc06cc8a3e8ceddfb67a5",1,boleto,1,165.44
e53186db1e0e7ec88e99350b0202decf,1,credit_card,1,57.77
a3b07c74088a5acc85d1ddc7cc525b5f,1,credit_card,10,261.13
efb6d19e3c56fa371d59421e45e53a49,1,credit_card,3,110.08
"9c52d66642ca34c532ad03fe4295bfe7",1,credit_card,10,367.19
"14c981a2e9e98dbc3eedc6084803ef1b",1,credit_card,2,72.92
"66388e4c9a0fc7c863a36fcbabbd2565",1,credit_card,5,124.09
"183c26d5b5da5d721efce979e918d1ff",1,voucher,1,83.23
"8151a29068abf0cf775f916b52473877",1,credit_card,2,40.10
"05deb664157a8c5022b440fc420bb397",1,credit_card,8,83.79
"336b91e412a5efd643eadc7e393192c1",1,credit_card,2,154.55
e849e2829de302019ae8bd9924055171,1,boleto,1,606.46
"98757611a90a81b5d191e3e5c78ceca8",1,boleto,1,68.61
b810ef1d201da0f2a60f1f79675f9d3a,1,boleto,1,214.61
c4142556a994ea3382c0b8d954c0acdb,1,credit_card,2,70.46
"2baebe65c04491d526afff8c7b67703c",1,credit_card,3,393.07
f58228001d45c09c8447ef1f2fa6a2df,2,voucher,1,47.74
"0d5e83d654308d73e110119ef237b375",1,credit_card,1,112.20
"0893d3e08dffcc94ba62238512c798b6",1,boleto,1,74.03
a482b7aa67b778d023b1907f6d755134,1,boleto,1,141.69
"33586701609eca570b2be2c053dcba78",1,credit_card,4,130.01
"6ef5dc1efc95e43b6418e91ebc700210",1,credit_card,8,419.04
a89c7ca4e54f3cad7dbdb78b5e33c4f7,2,voucher,1,34.27
"5ccf62709f079c27307f316fdc2e794a",1,credit_card,5,264.87
"665739753f7fecfe16152f5be05500df",1,credit_card,1,83.16
"42c58d1a5434d2675b7835a9e8a26dda",1,credit_card,3,61.12
"5985f136ead106b6ca5c2bf3f76b5874",1,credit_card,2,143.02
"837227f97fa1b842e41273e07cf3e350",1,credit_card,1,27.75
"5124d1910fba5bcf45b9372eb874fe2d",1,debit_card,1,28.13
"669d4be1c2a2cab7e5ec040bf54c5d91",2,voucher,1,131.05
a016702972f9a03256db6aecb30ba538,1,boleto,1,288.51
e91130c6fc7b9ad7646ba8260477bd66,1,credit_card,2,107.44
"2d27fa8465e2c54b168794e916caf16a",1,credit_card,1,116.20
ca7af64c0e6b1a6fc563832581a7c544,3,voucher,1,53.34
f697830f52a6a751ee9469385da12bf4,1,credit_card,3,146.36
"1c1edc51639298654e55f2408a244f29",1,credit_card,7,168.56
e8bbe1e50121557f66b60660a6b62289,1,boleto,1,142.50
"8db35cfa7522e6f03c9c0965ab39517a",1,credit_card,8,333.42
"0e4ec64e6128e64544f0c316b5f5657a",1,credit_card,1,70.72
"480b3512a26cbc632bd11abaf0fcb43e",2,voucher,1,102.33
aaeb62cc323c2669aa1d7f2b7bf0b02a,1,boleto,1,117.85
c4b0818ccad06843a0ea1e2c13ea8584,1,credit_card,10,372.54
"96b313e094ee31cef7c8a4ffd3b36395",1,credit_card,1,97.38
c2acb9513a47b95007e5cd45e3516765,1,boleto,1,119.76
"0d4705a6e6fc84a31808604039a41807",1,credit_card,1,231.27
"22f1399a4c5b23e40453c44942c04100",1,credit_card,3,73.42
"45f317168a53e2f24b57f004b6200f39",1,credit_card,10,216.14
b3294cf5c413e45a9f56014be323601c,1,credit_card,2,114.20
c65663c54cab532e8fe1f805471cfa60,1,credit_card,1,35.13
"10475e2c60a553298676870162a6bed5",1,boleto,1,39.15
cc2a815c27056f7c5770b6a14d422863,1,boleto,1,86.25
"1ae3abfcd12459a836834a171af03e2e",1,credit_card,3,34.23
"27819e1adc36766f4de3e79fa3b8c04d",1,credit_card,2,133.34
"6d73ecf533649a9f6e32b3c803c76e57",1,boleto,1,97.51
"4fb03ddd24b3d883bf20f5f196c53890",1,credit_card,3,42.58
"68a08e0bf6b9dd35f0bb977acd0f1358",1,credit_card,3,192.80
"3b3b6175b659824c5da94b4de2e32be2",1,boleto,1,132.17
de6db4f3c511147d4ab0a44149a38960,1,credit_card,1,63.70
beb82936199adb4cf410d9dc9554e674,1,boleto,1,45.53
c1dfbe8a3ce81f3fd38d2d5f50e84be6,1,boleto,1,65.03
"79b49127db2c9bc718a161183671505c",1,credit_card,1,17.05
"8c6e16dc21c114e69bdf0d21386241eb",1,boleto,1,294.90
"94aba2a37911fff127097b56d60fd1b5",1,credit_card,4,278.19
"79f88e060632989f23cae0e00e7381ef",1,credit_card,1,37.38
d43c0241a5f6a832183448eb8dbe18e6,1,boleto,1,101.34
"53d87cd7f6e019f2691e10d60fb10932",1,credit_card,6,108.20
aceb1960c578f181bef6f5981235eb3f,1,credit_card,1,168.80
"628b831e2fdf2322f2aab4ab14fc9cbb",1,credit_card,1,75.17
"0256530d814cde05587fcd8e1b992bc8",1,credit_card,8,343.71
"2b57a0c3167cad0a95b15e00b748d5ca",1,credit_card,10,184.52
a38aeb63e6290170677c4cf2ab4c0f7f,1,credit_card,6,163.79
ae2b8a343037817d18f1aa252696f08f,1,credit_card,1,57.50
b10818512d51945f6498d36b8de77c68,1,credit_card,6,61.72
"99be4182146d779870a657ca6ca5700a",1,credit_card,1,160.80
db4ce50c00a40c05fc3ad1b73abb3189,1,credit_card,1,33.48
"3d4f72b7f014eaf7b6d68f504feef55c",1,credit_card,1,114.42
b963c12b1ff920123b6b5de4ce5e4a19,1,credit_card,1,127.15
"1917bf5f0515555c75e933ad9ff2fff4",1,credit_card,3,93.58
"086928951ba74a6682919fc942c458d0",1,boleto,1,213.90
"4b4a19bd8b1065ce9a4f227eff142150",1,credit_card,6,130.56
"09357f9fdde223052006f3bae0367a29",1,credit_card,1,32.24
"53c33e360f83136bc4328eda17c360fd",1,credit_card,1,206.98
"39ad0c5033f19e6afaf54885158b5aeb",1,credit_card,6,506.84
d905ef2a3ee51aff370cf4ca43eb5e8d,1,credit_card,3,38.13
ae938042ee33a2f3048cb2e4d25f9bb8,2,voucher,1,47.53
a3115f34be015286911b92beba41be5f,1,credit_card,4,300.31
"3d7376c0f2e3ca72f4bd82000af41d7d",1,credit_card,1,51.66
"846b560326bf3574c22964443fe7c5f1",1,credit_card,8,1528.03
"5f739b9d416fe64eaaca0f74c6a96239",1,credit_card,1,116.24
"06ef1c484cc535575da1724b5c6b913a",1,credit_card,1,36.68
"36581e1238aa28c3d912c1574ba976fd",1,credit_card,2,224.96
fdd86f104c7f379d881d8bf34c6838ce,1,boleto,1,43.09
eda1d5c35a11575cffaa3e0fa9d0cd5e,1,credit_card,2,125.38
"7cb5fd41ca3412b19772e1cbfd716952",1,credit_card,6,68.13
"53170b475d08133ec3081a6e41410b57",1,credit_card,1,53.82
"5486a5d84a1d6dcc94887f6f2821a4be",1,credit_card,3,101.68
"70e4a7d6c5ca0ca7bd543955b1d9c056",1,credit_card,2,145.66
"1135fd6920dbadb0eff2071674ab2808",2,voucher,1,64.89
eb31615d4fb1db2f9a185385df563762,1,boleto,1,162.04
cca0fdbe32d86d386a95c02433412640,1,credit_card,1,171.97
"295a37d27898b26b2a3768bcff6f5dac",1,boleto,1,114.44
abd354c184e0394672290b846384b3b3,1,boleto,1,81.72
af1ffd059ac0a5f3996b4fe6c2863116,1,credit_card,4,446.94
"3ed559dec69ab96d9074fedaf18650eb",1,credit_card,1,97.49
d9971834a50b8fc323aa7f527978169d,1,credit_card,10,108.72
"20efd9f000215e0bbefcf087e8cf3d61",1,credit_card,4,74.19
ed7550f3266dfb079a3460745ff50ebb,1,credit_card,4,251.10
"37424b4c8096e0738986a1d6fffc6da2",1,credit_card,1,53.37
"05a71c571d4602a72418b73366543cd9",1,credit_card,2,107.78
"827c335f35a0906e59bf916172a0ee83",1,credit_card,2,25.09
d9c5d64c3fa1b1abf251ddf4cb2683ee,1,boleto,1,85.08
"94852b0703b31b852e6c4f73896aa247",1,credit_card,6,315.73
"0d1b16176c5cba495de3f14a538f5ec1",1,credit_card,1,51.77
ca7d7c95b0f170aae8a2ee59e2f24f66,2,voucher,1,3.02
a9491b6c990bc3b79967c5f058e46d8f,1,credit_card,1,138.85
"6647dee3862547714250f0c6e40b51a0",1,credit_card,10,171.44
a224640d67f0bb8360d291fbbf4491c3,1,credit_card,6,174.97
"78878e13ac39d33f3ef0e3aff752ccae",1,boleto,1,232.54
b6df8ec45b7a0b36bae45fcac237f298,1,boleto,1,96.96
"1a2f4aabfa214fe68709e19867d2456e",1,credit_card,1,29.10
"757b85709c71afdd65579b82b1f5401c",1,credit_card,2,243.24
"51e3f832063f79a142e48f488f4e880b",1,credit_card,2,125.93
"15d8198b8e9c97e5e6a5007b0bb1550f",1,credit_card,1,46.05
f1c179e3b024edd6b12fa92fb91590a6,2,voucher,1,146.31
"9d007ac7c623e7e78d49d44d67152788",1,boleto,1,68.13
c8cc1b9b063cd184da9dd5293346a11a,1,credit_card,1,83.50
d6b1ebeabc4c48c6b619228bc124a7db,1,credit_card,3,204.78
"250f85876f80760c95d050486f8b8fe9",2,voucher,1,72.77
"2e34b63e02ca9057558368f63f08b3c6",1,credit_card,1,35.00
f9785aac2c09a1713d8a8901598807a2,1,credit_card,2,206.54
"0a87254b512c79f0943355540a189d77",1,credit_card,4,201.12
"3d2d939521e7bcf1be4b407ff2690e5f",1,credit_card,2,109.23
"8e1a937cfce33628e91656ee96f340fa",1,credit_card,10,147.34
ccd9c560145e965fc5c037e0cc1160b8,1,credit_card,4,43.05
"628208ac37365620cce723ba58775d8d",1,credit_card,9,95.30
"93f9ec7dbcda565025da885db90ce158",1,boleto,1,86.86
a0b5b18e1a88382e88da5352bb3dcc3d,1,credit_card,8,136.83
abf8d2c3cc9ffa42db0103106b061889,1,credit_card,1,48.28
a7236413cd736310eb6cba19e4f4c3d8,1,credit_card,6,356.12
b80623966e8021f8f60984a3646abe70,1,boleto,1,148.15
"528bb4626c94487b57c3d56f0d16eb2e",1,credit_card,2,347.76
ed13c5b7c83748412c1331493e28e36e,1,boleto,1,54.00
dd3f154e8c5ad253511759c5abb14797,1,boleto,1,54.13
"911bdca18557d7d16cfd3964cd603460",1,credit_card,10,516.42
"057c13c6bd8799710c70ad3c7b2087ca",1,credit_card,3,61.05
"66bc92ed85c6ab828e10ff0cd1c5d026",1,credit_card,4,102.29
"0e6fbe6b74c3fbd8ae67a714d0960334",1,credit_card,1,99.92
c203a56a635b990cad279bae08bb2988,1,credit_card,1,748.27
"60a28eb91eb313b6113313511e38a87d",1,boleto,1,135.08
fe2d73eb11a3d7eeea4e897f8ce8eb59,1,credit_card,1,80.73
e28fe1201ebd15ccbbe9d7e18db98c31,1,credit_card,8,208.88
"14a915a594225cec76a7c3628517a64a",1,credit_card,6,342.39
c99bf9bf2c26094ff4786e6bf919d14c,1,credit_card,10,978.60
"63a82c6ebb8ce1c3327cf686be3c4a6e",1,credit_card,2,43.04
"72fac1240f2dbf9cb8947475f525d588",1,credit_card,6,62.28
d40b517fa96d195400e9b446117a13ab,1,credit_card,6,237.40
"0f70e4c5d553dddd723cb3ebe01cf6be",1,boleto,1,136.46
"47d62434b47743d5c247a683f40fe56c",1,credit_card,5,166.16
"9029ce944e85e8fd1f64bd03d9a36b9f",1,credit_card,1,78.51
"2e13edafaac2c078f2cdbfa481171fd0",1,boleto,1,282.07
"8d6793a90c7ed801dbea86d6271e3bfe",1,boleto,1,212.97
"609bcd7c044347e6a61d3b1ad38a2838",1,credit_card,10,152.16
"58700fd516967486aee98fbae1357e8e",1,credit_card,1,67.83
fa7c7045419850f12653d3ab75810322,1,credit_card,3,73.34
"09bd279b1d189a59de559c5f558ca857",1,boleto,1,36.95
ba57eec47403f7ec083e0283b0dbf50c,1,boleto,1,28.69
"91fbb4bf79cbb5c19eb018248c0fe683",2,credit_card,2,25.13
ec4c612592a61abdf6ef3d26a135ab28,1,credit_card,8,82.50
aa53cdd4b9b5ab0136113cecc7c18f93,1,credit_card,3,78.78
"2ed5305b914f9e070f396f7d29287aff",1,credit_card,1,51.93
"91ce0f04ca8d482871b98215199592f7",1,credit_card,1,121.64
df7133582058755527a65a8395403d26,1,credit_card,1,69.07
"11b99e821d37f36ac4b10aff65eee3d6",1,credit_card,3,71.35
e153a31382aa25c9890638d33b7c7c59,1,credit_card,1,230.36
"126b56e36148dafa96b5705c766ab2c0",1,credit_card,10,1284.25
"02c8a77069dc7fd1cf273312c3a6e499",1,credit_card,7,295.54
"86f81c004682148df5165e2730148b07",1,credit_card,1,56.69
"947bb98f6734ec8fdb3b0a222f19c454",1,credit_card,6,146.34
e148d34dad8db4dc18a911c2a74413d7,1,credit_card,3,161.46
"03c1fddd11851ddf712a2c28bd3df54a",1,debit_card,1,78.30
"423ded96e7e73e3a75048e458e70bc2a",1,credit_card,1,322.38
"1b7d6a3703a98513b60768df8d6c30b7",1,boleto,1,166.16
fade3e37b5640d2582de9aacb77f9758,1,credit_card,2,106.88
"360b09c5650c8afc1ade7ab08cfd0409",1,credit_card,2,108.21
"7e41bd90616fbe90fba3dd8989d91af4",2,voucher,1,100.00
a31fbd130ab869e3edde0fa6549993de,1,credit_card,1,85.34
"2beb8dc5dc4936b846fb058ecad3bfc2",1,credit_card,3,69.85
"2d15f5afd65b730a72135678ea3487d2",1,credit_card,4,871.04
"2f4b5984b0c48fc5bf385ed7f51051ca",1,credit_card,2,93.04
"84fe96b51754d901f25f63d9613266b7",1,credit_card,3,32.78
cba5e2a02a8613805d4478be468a9a7a,1,credit_card,1,249.67
"5af80546b286dc85189a2fddf63733a8",1,credit_card,2,82.73
"6d4616de4341417e17978fe57aec1c46",2,credit_card,2,28.28
"53bc886b1ad60443b3169542b7947f3b",1,boleto,1,45.78
ed6901dee965e2c8a7706a9e18b84689,1,credit_card,1,96.80
"82171257a2cb92f1a042bbca64864a08",1,credit_card,3,115.91
"2ffa8cf8f2e683a7e91cb89a0d2c2328",1,credit_card,1,73.14
e0043b9e113bdc5f84b14893d62e00ac,1,boleto,1,171.32
"36826a38055b8ac7c996807317982824",1,credit_card,5,58.53
"931f767ebd374809fb9cd373fb7939ad",1,credit_card,2,85.94
"55c5ffea3ddcde9c94cf5218e02be4cc",1,credit_card,1,184.37
"9ea0ebee145dfb3f4790d6637345db21",1,credit_card,1,106.87
"4245512813e76dedfec361b0da793222",1,boleto,1,186.56
ddb0d201c7d2c8ce0e966d98128d16e9,1,credit_card,3,41.72
"34be06fa6e60f24cfb03b4b2303d9861",1,credit_card,4,53.79
"8f7d470b019f3b33a814cf048df30370",1,credit_card,1,454.34
a65d4ac927fef29da1b58e60ebdbb1d7,1,boleto,1,412.12
"4218242a28cc771a5fbcd7f4e56dd02d",1,boleto,1,233.97
e1a818b056b700bd7b25f1089d897239,1,credit_card,2,122.74
"9553913bb01853f78a265724d13eda3a",1,credit_card,3,188.38
"4fabd930204fbf8fd7e7f510a4bc6a2f",1,boleto,1,32.62
c3ce4348607876c449622d8803771aa8,1,credit_card,1,46.68
"1c3a07f6d5470538c2bbed1275e785b3",1,credit_card,12,172.09
"672dabc5c0363afbe1ef39abf10ad92e",1,credit_card,4,219.54
c5c82d0544e75ee9ca884b6f458dfaba,1,credit_card,1,57.68
"6b086fea124485708ba5b82b44b76119",1,credit_card,1,62.38
"5c80991e5e2ad44946bea8bc2526c81a",1,credit_card,6,65.10
"68ba0b1bfcbf8d877ba255499b0853cb",1,credit_card,6,172.43
a0b93e564f7ce12ef5c0768f38aed1ba,1,credit_card,4,153.70
b830f1009892772f1ef2dafa14f4d937,1,credit_card,1,187.35
"86a8dda933d2f5ead748b61f816fd181",1,boleto,1,99.65
"736e1922ae60d0d6a89247b851902527",1,boleto,1,7274.88
"41b77be2144c06162d34e0a18f8f15ce",1,credit_card,1,25.67
"2e931584519b7ebc7b1a445a4f7cd8f1",1,credit_card,2,175.79
"2c953e7c7611317da6160774e2129d64",1,credit_card,3,53.15
"4c3499a7df623b40778ee01a90811a2f",1,boleto,1,168.14
"747674a4b8b96ff3a901d54e528c9059",1,credit_card,3,112.10
"6b6291ce14ed6c6cd2df883635e6c704",1,credit_card,1,159.90
cf101c3abd3c061ca9f78c1bbb1125af,8,voucher,1,8.46
e213b5e8d4900ec6176f5489d057e5a7,1,credit_card,10,816.01
"11660e2c0590a8f36299b868f3e95bed",1,voucher,1,25.09
"248ff7b41bfa395f5ee828720889e664",1,credit_card,1,41.69
"241368f4774e5c6f4a5a15a612970316",1,credit_card,1,1.42
"6a07987ebcaf841bbb554ee257052acf",1,boleto,1,527.33
"6aaac39c745e3f8bc6391b775041cd93",1,credit_card,2,125.06
d06755faae98d8d12f395a11570f10ec,1,credit_card,4,99.65
b38b59f8e68e516569507e83c2d55c58,1,credit_card,1,59.22
c88935c0144ef18368420018e18f177a,1,credit_card,2,48.11
f67f944d6c66a9daae0cc1e8da4432d0,1,boleto,1,87.64
"3372b84d17cb731396d87c183d50bdb0",1,credit_card,2,117.88
e701302a71c93540976fdf3ce3a149bd,1,credit_card,1,130.88
"65d94fd101d96f0d048472f89b348703",1,credit_card,2,124.69
e53182bbd948b07916ff86a2b55978d7,1,credit_card,1,28.75
"6a0ac163171ef70a5386eae45e6a799e",1,boleto,1,110.02
"70be4f36c3ba5f5c95734da20d4c34a7",1,credit_card,2,230.04
"09e1adca3506ecf15eefdb37196f2515",1,credit_card,1,32.90
"2d6514f6bd302c94ecb00d6781f938af",1,credit_card,10,225.04
"4015f31ddb21f7ae83d72e00ef0bce97",1,credit_card,5,206.68
c3ccbb768cf5b9a900ca06d9031c3cf7,1,boleto,1,90.77
bab59d9bb6cdeea66847c7025fe6ca57,1,credit_card,2,64.07
"2359b971147acb269d1cdd25c07c704d",1,credit_card,3,161.42
"4827c3856326655e2cce531312851390",1,boleto,1,77.64
"2c52a346156e0b2ae61c3642e9cc9d91",1,credit_card,5,125.08
a7255b91d9eb85148e57c8238cc67214,1,credit_card,4,65.00
"12d34cd89b0be0896cfecdbd41f5e952",1,credit_card,1,7.92
abbfc7ae64d171744f8143a68e3cbe1a,1,credit_card,10,419.92
e269b2472c0546324acf4d09dd7acfab,1,credit_card,1,206.92
"15b00f1a7877ceb1dbcfde56e50359f5",1,credit_card,1,106.87
"911c0c489bf4354f38fc64491075e8ba",1,credit_card,4,279.86
e2b2feccda2c913e120d23c72b550cca,1,boleto,1,73.13
f9a3dd7361484de6c71fedbc1d6a74ba,1,credit_card,10,124.84
"9820cf94f2ea4678a6f6b7aa8042f20c",1,credit_card,1,47.68
"9b9db79c99db350f6f1acf1359e9abc2",1,credit_card,1,20.78
"880ba0831c3fe181b5096a98d3c755e4",1,credit_card,1,30.13
e6c64e2ecfcd5ab01c9e7df01884c9d1,1,credit_card,2,66.71
b9a970bee0ad1aab9d4f291280670f78,1,credit_card,3,69.22
"7fcbbecf54e494a7d5a39799686b289a",1,credit_card,3,94.78
d2f7f741c41b156c60f31e9d119dd22e,1,credit_card,2,57.80
fa5068e804fdde545390fadb461df438,1,credit_card,4,837.39
d3a543aebcdb10da36e411d1b65a7493,1,credit_card,4,197.19
"0e71d62394f9b03218e1138af6b664e9",1,credit_card,6,302.64
b5729b91377f445769c8fc2d063e6235,1,credit_card,4,186.86
ff40f38705c95a8eceea1a0db29bff66,1,credit_card,1,209.97
"487b0b7a323d6f88a2ef4e194cdfd287",1,credit_card,1,40.17
"86f353da4086de44a6acd7faf109e47d",4,voucher,1,25.00
"69efe1aee14d4093c8627e94343a359e",1,credit_card,3,82.50
cf0fd312197c09391d0d85e878758e82,1,boleto,1,53.56
"503d1a98081c7307e6e875ba8af189e6",1,boleto,1,238.49
"7b67cd7f92c4838c293a4c498f7fe7cc",1,boleto,1,443.57
cfcdaec7ddcaf0a8ff1ef398575d9917,1,credit_card,6,166.23
"4fb7f20700ef54b2bad00ee038997999",1,credit_card,1,44.13
"61b1a739fc2fb8f8efc10539082c16a1",1,voucher,1,406.60
e528f5fb562c9053119f71d32acb91ba,1,credit_card,7,79.90
"36df1ef65b497a01a02122e94735f13d",1,credit_card,1,31.38
"3c53899514519d3513da33f9173febc2",1,credit_card,7,72.14
f778c08595fa3873bb689febdda2c509,1,credit_card,10,108.84
a979479c1af57af858b45dfd2d67ee04,1,voucher,1,52.59
"6216ac14dd3412edfaecc261269cd07f",1,credit_card,10,121.09
be67d695978287b15a519b4d73c6898e,1,credit_card,2,133.94
d374e958c5246d608c3baeca9ddccb16,1,credit_card,5,56.78
d589713c55157332c231aee13c4a9120,1,credit_card,3,79.20
fcc69f39fe215a8ad61a1d1b1868d88d,1,credit_card,8,415.51
"776013dc5bae5b16f29f4b98e694cae4",1,boleto,1,60.85
"5a854278109ac48d0a19b5a30590af27",1,credit_card,1,160.86
"1685d74489a94f21cae1b0ea3fff8f21",1,boleto,1,615.44
"314232aa66620ef1a3b49d362d3e0866",1,boleto,1,56.35
"57b9732578915dbda7e17cb35b48966c",1,boleto,1,137.60
b79c105a20e7d6c5354e50f16dc2baec,1,credit_card,7,205.81
e327b0b5a08cf398b21ebfd6a36b38c8,1,credit_card,1,56.60
a76c1d70a00186ece4d82eba5f387f0a,1,credit_card,6,66.64
edf0c87086ae34eca8a6f72c8b31eeae,1,credit_card,2,114.11
"6bbd90ca863235a9127bcc432f30af08",1,credit_card,1,13.29
"0849eaf857ddbba0d7a97887503f9795",1,credit_card,1,106.43
"90c8bde12aa6f80aa197224f08645a34",1,credit_card,1,42.51
"20d74f313f0dccb9b27b7865951126fe",1,boleto,1,99.43
db73b0bf183667da81ff755fd5ab1228,1,credit_card,5,59.84
e690e2452d8716a474fd8e85dbf365e9,1,credit_card,1,129.65
"931ca162115da049cd8d7872b3667163",1,credit_card,1,82.06
"5b800317354eb792a46abe15d89f7e80",1,credit_card,3,68.12
"1aa06061f2abdc063d3ab58ff9e86cde",1,credit_card,1,48.84
e2c4cc7267755f2cbec6faa646f80a0d,1,credit_card,3,30.18
"59c9ef4cc5672739658022aedd2e01dc",1,credit_card,1,36.65
e361c4944dfff94c4945477329b87616,1,credit_card,1,18.38
d566543182412210d24ad79aa1b4330d,1,credit_card,2,116.45
"508f1058f7c9037c12fa29baf78dc417",1,credit_card,3,207.25
d2d134bb44882b886b6e6a2c0af66e6e,1,credit_card,1,64.14
e2ae0065226927a2f9a53f2f05b12c72,1,boleto,1,88.59
ae5176160fcc23563149dd28b4137b6d,1,credit_card,1,1435.58
dd1bd072c709a5e654fd047560eba5aa,2,voucher,1,25.00
"0d123aa33c3954b2685ef6807ffc9bc0",1,credit_card,3,174.26
e09476e56fe4f78109f7c347f0061f9b,1,boleto,1,817.61
"288edb42bc749855816a5e66e39d342a",1,credit_card,4,115.13
"89ab5609dfc901cc9824e0a62cbefe59",1,credit_card,4,248.85
cd09c24e7f20280427dd7bf69a9d21db,1,credit_card,10,1342.63
"043d31a14bff24ead2b38f6b84a10437",1,credit_card,6,393.76
b27e6ded1257b2ab223eeec083d9874b,1,boleto,1,74.72
a56e37d8a5dac95d919eaff11259c597,1,credit_card,5,155.50
"103333c1fad5bfda8e9b1c84615fae2f",1,credit_card,5,287.56
"376c03b8851464f42300b1a04881d739",1,credit_card,5,186.82
"6500414804835661998007480dff5709",1,credit_card,1,20.29
"4b7c1bc59d4ec725d8530c19ec09b06f",1,boleto,1,114.77
"903886b8e51bd659e2826a72c3eb5c5d",1,credit_card,3,148.01
dc1c0ba115f5ef217d19fc726f376b36,1,credit_card,2,91.89
"4e5eab0ade6de202ed67104e84e9636d",1,boleto,1,47.81
c7e751031488310638a5952834dadf4d,1,credit_card,2,61.79
"830f6ac44e90f0d692444fc8f861fd1a",1,credit_card,2,130.00
eaa10b1bfc8e98b22d99dc4e96ef6a83,2,voucher,1,100.00
"7edc2a6bd5f0956a989660138adfba50",1,credit_card,1,96.47
"80b77c666e1dab43571417e42bc149e5",1,credit_card,1,55.09
d4e770b405f1a265106474eaf37ded74,1,credit_card,3,111.48
a0cedd10b5dd769809832f5b1cfddeaa,1,credit_card,1,177.44
"73e675969b9e5495c9d1c8d4b3b21e1e",1,credit_card,6,136.50
a8666b29dbc635b3a029b1ed84fa8df5,2,voucher,1,133.78
"386e5a0d245db263a8feb241916a4e4c",1,credit_card,8,106.69
c2c2218cf6b63e953f3901f9d838003f,1,credit_card,6,64.20
"0f9e79a42b9e6e14a8d7f913b4da0239",1,credit_card,3,80.68
b49c3cb97e24ce87687679ced9c9134a,1,boleto,1,32.42
"54d590c80154b4cd2008ed42260cf1ef",1,credit_card,2,144.87
"3c5133a035fd70adf2f7023fafd01d8a",1,credit_card,1,86.83
a87ef9e0075f9e9636d1b1f3162aff06,1,boleto,1,109.81
cb43135710027c5812dd0fe65691c636,1,credit_card,1,27.29
"06fa245bf2ac2f602be83224fc55ae39",1,credit_card,1,82.12
"6106af2a0590979c9d7c7918f6eae6ae",1,credit_card,2,70.03
"4888d985060eb4760da7373673343df2",1,credit_card,10,131.50
f6dc27f458238a8916cdac32d9275d66,2,voucher,1,9.95
"89d409eb62cdbeaf1aff4260e523b0c1",1,boleto,1,69.90
"0a10c45a73c3213a1499c3989973849b",1,boleto,1,102.23
"00275bce676303c3bfd7292aefdfa223",1,boleto,1,293.36
"82f5146f4cbd867e3dbd244cef22f2e0",1,boleto,1,117.61
f8f13f6d3692fb485fc728d915cb26d1,1,credit_card,2,91.39
a5469a655af5c94c8a3724543bc8f73d,1,credit_card,3,62.65
"07ae1be141672315e599bc7ebf23c5f5",1,credit_card,8,249.16
"10bce195e3966122a3dd0e2aa676f761",1,credit_card,2,120.74
b1fcaac6e8a89bb18db51bcb62c4a4e6,1,boleto,1,303.77
fd076cf6644d84dfecebce0088006304,1,boleto,1,74.16
eb3fabeabbe68b3abea891b6751aa77f,1,boleto,1,388.74
"6cda04e989dcb90b7a42f11b3638d824",1,boleto,1,31.40
"95169e040d35061fb85e797d1c163573",1,credit_card,2,91.69
"7a4380b2d852be9f98a57d31d6a9c51b",1,boleto,1,65.11
"5fb62412231e7d147e00141ae5aa520d",1,credit_card,3,67.59
"3c58bffb70dcf45f12bdf66a3c215905",9,voucher,1,7.94
abb73303c54ebbdc9aa8eedc2e709572,1,credit_card,1,66.23
c14d11b92dcd430bb0e414bff63825b0,1,credit_card,10,139.16
"3d256d368580c4cc0dc2b5fc606f1e57",1,credit_card,3,74.48
b84394f64014d2bc61ef7e890cf10a0a,1,credit_card,1,82.13
"7aec7711c4f60453a59bf2f85d18187f",1,boleto,1,234.29
"8f1379d8dae370a771036f31d6b19560",1,credit_card,6,185.25
"8b1a244fd71d5bc234197998cd5bc59a",1,boleto,1,73.34
f22f7c2224c7f287948c77b0fa6da857,1,boleto,1,230.52
"69d4b792fad7f4acff2e38e426f5e3ea",1,credit_card,10,594.69
e306885612f169ec1b85ae71834e0e05,1,credit_card,4,95.31
"903bf628219e968e070f205a97500735",1,credit_card,1,138.91
b03d24bc2c3c00492bf0488341fac11d,1,credit_card,1,47.32
bb8efe90a4b9dc65b0b365ca7a94db25,1,credit_card,2,36.13
"6b1506319e933481532aba2b6de29d12",2,voucher,1,57.34
"419158f0fcd3a19edca60d45d531849e",1,boleto,1,123.61
"2cad1cf90acc3870d982eafa58b9a657",1,credit_card,2,187.04
ec7271618387fbc4779b6de5654cfb57,1,boleto,1,51.23
e359056f7d7b5f57f57e4d8f61b5659d,1,credit_card,1,316.76
ecd05a067963a5b65651b89dcfda9995,1,boleto,1,182.52
"79f972ddba6969e1903a32a2bbc78886",1,boleto,1,149.82
"6b7c8bd6aa5cfe7f791eb8caa3da1701",1,credit_card,2,208.09
dc34d57cbf1eea4b808d8611e51e8eaf,1,credit_card,2,157.79
"736eb87a85959d07f8b5cdc5f8e7187f",1,credit_card,1,40.78
d9f732bbd3289880267ad9b54d466ec3,1,credit_card,1,48.78
"1d46e675ce9d3f5116766812e0a00777",1,credit_card,10,366.08
"35d2e9d7381058ab6ecbb845bb1dec37",1,credit_card,1,105.22
bc659b259306be889d0321cb368b7cdc,1,credit_card,8,639.60
"54bc2449fbe0368b74470e4280fe494e",1,credit_card,2,132.40
ea88261735a14be9a4c541e30342fb95,1,credit_card,1,177.87
"2955100a3a62bfef50d22b0cbe150f0d",1,credit_card,2,209.20
"40037fd9de94c4d8a594844dd35b52c2",1,boleto,1,32.15
d301e4651c2fb09b847fce76b3f73885,1,credit_card,5,149.04
"99439b0756d8f30273d1a49e1ad02baa",1,boleto,1,67.50
"1642e31bb76f2a24c290180af7199534",1,boleto,1,286.64
"8b648f3b8380162bf589d5ea0d49f5b2",1,credit_card,10,183.64
"70fd326c5cd0a2e95b8f8a457d62ee8c",1,credit_card,4,45.25
ed869c0c89353ad056e1e883e4be35bd,1,credit_card,1,96.98
"47aa1d8d4f3edcd905a4ec406c3b5ab8",1,boleto,1,65.22
c91379786e27968d49f8c216a94f7321,1,credit_card,4,122.50
"00bd50cdd31bd22e9081e6e2d5b3577b",1,credit_card,1,4.88
"0739104e30e20de6c0956c0889a9b9dc",1,credit_card,8,394.31
"285ab9426d6982034523a855f55a885e",1,credit_card,10,457.65
e9f5a7b6ba6d2c2d62ba0ad5109453f8,1,credit_card,2,167.51
bfaea68f958681ec9d22aa2114b45721,1,credit_card,1,100.51
"9edf763ce028bf85b1902693c252bdff",1,credit_card,8,82.23
"95c61e46c5be0715a4302d2aa335f6c8",1,boleto,1,205.51
"1d0ec3f28fc4f0dfe429d70f0f2acf7f",1,boleto,1,95.65
b158e6d2495bf87d530c40053f666e21,1,credit_card,1,51.64
dd68ef67523952a95a744e87a90375b9,1,boleto,1,571.85
"3967044b1f033a8b079e050cf79b2586",1,boleto,1,42.33
"794716f9607ee04ab236761fa34073a3",1,credit_card,4,93.19
"9c7420176504e0322420860db10766e4",1,boleto,1,117.85
"974fd219891927f0d01b357f4400a622",1,credit_card,8,219.18
"023e55afed85f9778758fba7752a9215",1,credit_card,1,113.05
d1bf35d75370a60c682bef1964a52443,1,credit_card,2,128.25
cdbf4152d2857c30e94f8e15e0dc9914,1,credit_card,3,83.56
e3a83a19707a6f27e4fde8d6b13d43f4,1,boleto,1,177.36
"2ff5a9a440a7153c1eb3651f16f631c4",1,credit_card,5,58.59
"8dab252811afef5ef25d5cf29263f9fb",1,credit_card,1,30.49
"00c95282163553a982f38481f9488481",4,voucher,1,20.00
"155b201ebf7d8510e7cba0659dc01ecb",1,credit_card,1,157.24
c5f4d1c5cbf9d72770da8631e122d7a4,1,credit_card,8,206.92
b6fa3751148ad8ba139779f6543951d9,1,credit_card,4,47.84
"33feb9bd131e2e8e85cc143ad2bddc85",1,credit_card,1,66.81
"2dd6562d54546b910b4177b0c2dc447a",1,credit_card,1,50.86
c42fc2236969fb19c13d8ca77e1d4133,1,credit_card,5,220.27
"64c233aafb76618a84c4a3af54e79bb9",1,boleto,1,237.54
d8f68e0ae10289264edb3f3bf8cac054,1,credit_card,4,192.09
c9d9195d49623398b66ac6322f971d5c,1,credit_card,10,269.75
bfbf45695ada6f6c2b2bbf14d224aeb1,1,boleto,1,60.85
"74f9ee0e66467cc93728042775469e4e",1,credit_card,2,39.78
f271cf9a7c9265ad2b7f53c6a8d5708b,1,credit_card,3,92.90
"32c9341f8db9bec4c2ff5bbb038c0656",1,credit_card,2,86.81
"21996e7c744554c7c4fac8896bbdf0ea",1,boleto,1,143.06
b86ec88f5bffbf1f61fb5daed332e355,1,boleto,1,60.72
b8dbf67f537e4897a9d5d6569fd7ea01,1,credit_card,5,224.54
"4e01efb248c52ca8e83181032cf0bdab",1,credit_card,2,174.16
e6f9e405ce45b165458e7f5e14398ee5,1,credit_card,1,65.63
"1c8e780f8b1bf3054b7f2be02ea4bce4",1,credit_card,2,193.99
"371108e902be11a7d9b8ce66a1893241",1,credit_card,1,131.44
"6640f4ae940f8fe977395633d7dd05f8",1,credit_card,3,133.93
aa12e7b2813e3bd684267ce9053298a7,1,credit_card,3,190.53
"9d8698c08be0d1824923f62270dd0d3f",1,boleto,1,45.52
"79c294f3f4e5a5957b8a02e8a7c8cf17",1,credit_card,4,385.37
"3c7aa341aa20519a2530c8ea5763f265",1,credit_card,1,3.16
"331839482e221dce28b19df7d740fcfa",1,credit_card,1,66.33
b9a3648dcf60f6b902216e563c539244,1,credit_card,4,149.19
a0d503b20274a7c654eab441adac695c,1,credit_card,1,90.76
c3e544a509d5603803d4f6eaedcaf0b8,1,credit_card,2,75.08
ae9c433acd3649acfb7c7bf169b307da,1,credit_card,1,45.22
"836f9b5adb4fe06d8980fb71fa06b691",1,credit_card,8,1222.46
cfe5cfa623b5e9cd32abf47ac65b3776,1,debit_card,1,44.72
"115f2ca39e45b0ae938c0fbde15c145b",1,credit_card,1,76.51
"4c1274c724f3a08787a97b452004ff86",1,credit_card,1,75.25
"8f0057f230f19e9f7ad1a5566ef6a980",1,credit_card,8,838.83
cd408e86c9fe1cc69f5a38cc5be773bd,1,credit_card,8,128.86
"5fb33bff8f41b3adeec3852d10c5f9fb",1,boleto,1,91.66
"466956eafdf33e09b80a44e188ceb5b9",5,voucher,1,9.46
"0b4bb296de7b6b5d24103fdd585b1241",1,credit_card,8,113.62
"3e65f930729bc14824ce41dc1e8084d1",1,credit_card,5,225.67
"7736c8ef4b333cfc51d14b8a0c133627",1,credit_card,5,65.71
a9b1a16d2ca6e795f2f0eae75bf622b0,1,boleto,1,73.28
"9d10088c30388865cc0ea9b722e5d775",1,credit_card,4,45.37
b580df301116ea504e6a5c6fd555e871,1,credit_card,5,113.96
c83c4d494968f8fecab063e6ef841d78,1,boleto,1,279.27
a0df4863fc2e5209b03e9c603b6009ae,1,credit_card,3,37.22
d9d3adfb459cf80f45139992eb4283e5,1,credit_card,2,119.16
"4d1192ac6ee23ec6a3f1fd439ebec659",1,credit_card,1,74.16
"09ab8a3234b24017600673c296756fdf",1,credit_card,8,323.54
c6a9c77bb8c5622e8ce686a274dbf281,1,credit_card,1,36.45
bbc7d177c97f61d86a7486d86ed7a8b2,4,voucher,1,2.96
"8d63ca46a0e069de89f99f9957fbe517",1,credit_card,6,356.54
b6f5e3bc6360fbc485ff34695b7b3fdc,1,boleto,1,92.96
b843151eecb19cae9ac31f9b64245df9,1,credit_card,6,62.03
"19ee088b8cb4afa401a748f8437135d1",1,voucher,1,65.77
"79ab5b6fc395da7c651361c30e2f829f",1,credit_card,4,253.68
"0625530241d6fc5812c0062962c29a7e",1,credit_card,7,167.14
"9380357951a13ec61acdce81018dcdaa",1,credit_card,1,0.34
bee08350422327a5173380c04d5e9fbd,1,credit_card,4,239.94
"08748bafebfe3d00f17771505f3df1e4",1,boleto,1,58.13
"82ba09cde004c6bcefd36545670ac5de",1,credit_card,1,105.30
"90e6c18b53175478f9663465aa3b6f6e",1,boleto,1,52.58
"92e569b96881cdc062cc199bc7465002",1,credit_card,1,116.96
c562f2bc6c997a43b59465ebec4e8d9d,1,credit_card,1,41.29
"86efd7c29e904b20b31e862644db7ece",1,credit_card,2,413.02
"9f0b93157ce9331253cad4298ce6af61",1,boleto,1,169.78
fb6ba131bbeb30fd6db9c8900b5c5b92,1,credit_card,7,77.03
"02f6d9982a52e44cf5a2be82598d078d",1,credit_card,4,231.74
"3a6cbf7c8d48ea3b2f5594779dc6d23d",1,credit_card,3,408.64
"1dc6b058a15ea2fd8d58612bba662ab5",1,credit_card,1,86.24
"009e11afa25aa95ae78e60a793995c9b",1,credit_card,1,65.14
"3f705be88be989c7560bc8dfd5d79dcc",1,credit_card,3,163.68
f5e9edb4041a4f6ddaac3851ae7992ee,1,debit_card,1,33.37
"66992d85a03399bdd59dde2b786c8e31",1,credit_card,2,30.00
"2fb18b13a1be48e919574ffb28831cc8",1,voucher,1,309.90
"0a4717812af08b022a25c46f110d881d",1,boleto,1,43.98
e001ff2589d23a48871d224d2a54e187,1,credit_card,1,20.69
b6f81d8751504e5385c2785d615c8f67,1,credit_card,1,58.16
"400a23ca82e66aa5fb9d5017c381f27d",1,credit_card,1,160.79
f8cb4efdea8763488b96468162ab5e93,1,credit_card,2,40.23
"1c03b97f7acb4f04662663e0d1b58e17",1,boleto,1,94.99
dec3400e8c6d58f72b67b5cc12706458,1,boleto,1,51.24
"70af5c624ad6c3daf236b9acb1ada8d0",1,boleto,1,73.15
"17ae98e755b32ae8ec73470952de4de2",2,voucher,1,75.00
cd8658f10db66a4b712a7a0dce0d1bb5,1,credit_card,5,56.50
"529de011939a17a088e8df57b4356585",1,boleto,1,44.34
"22170faea0e48a083b8216ce465df183",2,voucher,1,25.06
"5dd871f6fd1166d54fd30dc6c68368ed",1,credit_card,2,99.71
"53f691559a46605daffc49da7f178bee",1,credit_card,1,51.79
"2c990009034e1fc83904584b26b5fd25",1,credit_card,1,2234.70
"642bb05feac1a0177c93210d0553e8e4",1,credit_card,4,41.88
"8f8667e94ac7adf9edca104f92c97bcd",1,credit_card,2,182.14
"91073b9465875bcedff77d6df7b681a1",1,voucher,1,148.14
e04f952af9764d87d5a0ac5e7cf48cca,1,credit_card,15,312.70
"2b32434b3f10a1b43c3e150614a63934",1,boleto,1,73.34
"5a369b11eae91cf552807c13a44a8878",1,credit_card,3,89.45
"5dc70acab84ac4fd4ffb73d38c63cc94",1,boleto,1,66.05
"34ece4e04b8152221159d0a86ed3a0ee",1,credit_card,2,200.98
e5dad7f6c0e2ddd8daee42d61d7063fb,1,credit_card,2,156.37
"1f039c377ad805f38658f64f2102c992",2,voucher,1,74.19
"2dd5bcfb8c66b22a80ffe45078eb2a99",1,credit_card,1,43.94
"8de5c10ac1599e2a0d202521d0a2cddf",1,credit_card,1,35.61
"4ed418ef4e45eb8f9b22aee4366e9541",3,voucher,1,15.43
f99b507d95cd5bfaee408ab6cd51070d,1,boleto,1,97.61
"9447715ad192d3c877e9dd56205c66dd",1,boleto,1,31.75
"24f0c9ab155a9acb341bd5ad8aec7c12",1,boleto,1,65.00
"64c546d3105803846cfcca109d5bef43",1,credit_card,1,63.97
a9bfa8db74ad27be5debb246e95a5ea1,1,credit_card,2,317.10
"516f5de9225a8f51acf38a5d5057bdd7",1,credit_card,1,65.67
"6dac2e713f40b14ce9f85b719fb91a2a",1,boleto,1,78.64
"00921e4911895b93c7b4fc0d80c0815e",1,credit_card,1,96.62
"5615daf9549b14da3330183be93a47ba",1,credit_card,5,57.50
fad3596ad757484b111f9f9377fe7dc4,1,credit_card,3,38.39
ad9e5e00d6f4a3d4226893dde85d40f7,1,boleto,1,76.74
"351ddc87c9428b377765b7f1d3e478a9",1,boleto,1,43.72
"4b3b5fc7398939e35a47fe5a8c0be5cb",1,credit_card,1,30.27
ebc613372bc147f1df63ad340e4b9bf5,1,credit_card,5,196.37
"7dfdd7eb79e2cc6f2fd2e5c400050a84",1,credit_card,5,145.29
"72356c7f42069d35de8cdab7e6ec6b6f",1,credit_card,1,36.15
"75cc0defdf90cda65066ce0ac171e2ab",1,credit_card,2,186.95
"870335b5a5bfbeaf4c307deb62e63ef5",1,credit_card,2,98.24
"87a3056e3a34f6089763de4cbe685aca",1,credit_card,10,482.38
"2552ad5f4b7eb7bc0650f3e1a4a1d678",1,credit_card,3,173.16
b84a7eeb925e2c96bd6cd7796394ece5,1,credit_card,1,99.74
"090c44686a2c4ac5320b757784023c4b",1,credit_card,1,119.25
a8cf8e962c524adf2aaedc5a876d0ab6,1,credit_card,2,167.77
"6853ae5670c85a2bff0f46a53ab4c966",1,credit_card,2,118.70
"4576179bf61955429e5ddf487e7dbad7",1,credit_card,2,115.35
"845faa625ef6a2b4549edd96a4bb7308",1,credit_card,6,73.54
"2a45f09e63c6b3aadad03e534d9c5a1e",1,credit_card,1,165.34
"5b16a76486ec63a9f3e0460bebc4f63e",1,credit_card,3,35.13
bd6c3e07e22039cf9560d3369ea396ee,1,credit_card,1,29.41
"701497f084be73caaae3efa1dad2422a",1,credit_card,2,160.93
bbb45005fd322e2f3349b9b764a34d50,1,credit_card,2,21.17
a8f2de0bd364d148696276ada61777f7,2,voucher,1,100.00
a4aa1f375705ffd3e164feb2d98f1a77,1,credit_card,1,143.92
"83924c36ceb82b354fa3408e645cb699",1,credit_card,2,61.75
"86c0740485510bc8dd381cc668a616e7",1,credit_card,5,54.82
"01422b2c3c27fa3bc464e72eaed9676b",1,credit_card,1,46.72
"2244971aed08bfbb95048f08fbb5076a",1,credit_card,6,355.48
"78585e48819bf50518947925be68ab86",1,credit_card,2,210.11
"984174bcd02edf2e6d81d8505a6f69d3",1,credit_card,1,92.61
"061abe3150d5be34c25d2d6055a88575",1,credit_card,9,189.42
"18e91442199add8db6ce7be9b2c51760",1,credit_card,4,137.60
ddcc7bc75d833f11bb5c8a7c1eda0c17,1,credit_card,5,145.52
"4a366e6974586cb4b230d85c8ca77186",1,credit_card,1,156.95
"06f4b63a078dd3d2ca46e379c2ab419e",1,credit_card,2,58.17
"6363b59d2e7f542672e0f11910c0c708",2,voucher,1,194.98
"15f87e8764a5e47beae5ebd7eb815397",1,boleto,1,57.68
f1ee3463a2c0ddd328a63ac9db6af746,1,boleto,1,95.43
"0d69c10d22ba2087acfc11cfd4395669",1,credit_card,3,39.09
"16a734cfaa6c702038169458cbe82e8d",1,credit_card,1,22.86
da53145615b1d679fc6a9f3121d8bd85,1,credit_card,1,27.99
"8b2eaf2b5f115edbb32a2578b1dcb70f",1,credit_card,1,39.01
f679a32d796c71a12390e0f05fbba42d,1,boleto,1,124.40
"1f8d2442829de7b25f179e4128b7ed8f",1,boleto,1,65.87
efa916a75b5d88fd21c5e217c691e81b,3,voucher,1,53.81
ad9703dda0e19971bf6e878b552bf117,1,credit_card,10,170.71
d395475d71e6042e654407cef55e3c47,1,voucher,1,34.27
"13134fe6dc043430a875ece99381223b",1,credit_card,1,88.58
b2ad7cad7381ae63e968c60fa8f7f7a2,1,credit_card,1,17.78
b243fa91a6213ff97cc5ebdfb8e30a65,1,credit_card,5,60.62
"3c40fc70c7a1287e9616fb5dce615df1",1,credit_card,5,116.94
"85d1148753005c76a785628b87effc27",1,boleto,1,117.94
"4f32c93f66aadbd682294f5cedde7c18",1,credit_card,8,237.08
c25e9bf813225380ada966afae6d6b95,1,credit_card,4,258.99
e3b5fc6a21524bb02af5c5ae8934c216,1,credit_card,1,43.93
ec2382bdadbb1cac6a7e7ec1aec2a667,1,credit_card,1,63.10
afa2c425be2efd14c19b4a0aa62f9b59,1,credit_card,4,248.76
"176047e99b8d67f011ec8cf606497f41",1,credit_card,1,188.36
ed9b8c42cfb80e03b2218426b8ba0cab,1,credit_card,3,108.21
"653fb84a9e7359c05777a5332a48a876",1,boleto,1,84.23
"97b0c95e889716655b08810a8832ad5e",1,credit_card,2,50.00
"5a29fd07d4a1b1523a932159e4648b28",1,boleto,1,426.08
"7cdb98b018309556c5994e4a200213c0",1,boleto,1,116.92
ed5bd6f24de0e026bc9991f1bdc38bd4,1,credit_card,2,79.56
"36ca3c87ca7562cf9be42d80a0abe097",1,boleto,1,65.01
"9b2e00ce6088a0c1811bf51b01f2b034",1,credit_card,4,110.46
"8a6687e2edd62edc2b9c1de51234bd98",1,credit_card,2,196.92
"3cd7db83ec0d0241ff01cd50c1571acb",1,credit_card,8,385.74
"9a9b66a3afe31a34ceed0cf919660632",1,boleto,1,55.69
c7c6a739a8443d84f8be2528afc84d43,1,credit_card,8,344.32
"165a2e916fc69271b37274d45032b3cb",1,boleto,1,86.92
dadfdcd24f54c8c6e8aff011390e5a08,1,credit_card,1,14.95
"0e6601766fd993333199b539b66f215a",1,credit_card,1,90.88
a6415b99aa04b9eef071655317c75cfe,1,boleto,1,119.32
"2850b44a6ac24793c4c0dc86095ff024",1,credit_card,1,158.52
a38e4cbdd87e8c456ad46a0c668a5c19,1,credit_card,1,48.13
d4c58595bdf85c5e0faf0800e4ef4b94,1,credit_card,1,243.00
"6eb550fffe44d869e8985452540345ff",1,credit_card,8,126.35
"44d404776504ffd7bb6d7b36723f8295",1,credit_card,1,103.55
"7a48f02683e86599fc3570c293fe4ca8",1,credit_card,1,107.78
"28261c529e96c64f072a17b839812d63",1,credit_card,1,78.77
"9c6091fbefbb76532f8a51939765c532",1,credit_card,10,344.64
c4277c0bb265f5f6e13a10ee49dd0e9c,1,credit_card,3,163.95
"2baefcba89167375b680182633028792",1,credit_card,6,137.16
"826221f0c1a1915308dccb83b841eb2f",1,credit_card,1,23.88
"40f486f48285528ce9da6577b086c451",1,voucher,1,72.66
e5ecfcbdbc07f8edf7ec0df1504a74a6,1,debit_card,1,108.60
"489c4ff5e823eea8d6652bfc3dc1b544",1,boleto,1,49.51
"51712e0d3d1de647e512d95dccbe5a93",1,credit_card,1,84.57
"265ce9ee4cd51d2ebe4933dd49490f64",1,credit_card,10,110.18
"6826d3cfe92e5af877d3d2088f03d8c5",1,credit_card,4,338.58
b25640291e5a59b69aa7a1e7096925bf,1,credit_card,3,89.61
"61f50b841a813bd9adcd56c13a33c255",1,credit_card,8,185.08
d72d470d3183857c15873b43a50fa314,1,credit_card,10,234.67
"500cfc698f743e9b498d6c12bbf65eb5",1,credit_card,8,164.72
"4b7d638196bd6a0a5a0915a8f893225a",1,credit_card,2,68.18
"1b2d35912f9c5a605c93adf4b3b74839",2,voucher,1,24.31
"5b139baf2eee4dee89f9d990dcc4636c",1,credit_card,1,122.22
f1d9bf2ed3273bf0d6bc69ed89d67701,1,credit_card,10,117.24
"4fe844d80625f6be3adc06cdfedc1108",1,credit_card,5,335.47
"852f05d982b898131361f787c7d787fe",1,credit_card,4,208.44
b97ca4dfeb3b285bbbd1e7a528beba92,1,credit_card,3,70.37
c55052f6b044dc3d948eb0346015e10b,1,credit_card,1,54.33
"7a8107927fd13f239a62ba070873fe45",1,credit_card,1,27.46
ad56333a7f58e14fd80c621db8f6e89a,1,credit_card,4,41.62
"8e9739a379cb2d138f351acfb693eaba",1,credit_card,4,233.88
dffc2ca357a1292fde6d4e71ece7178a,1,debit_card,1,43.55
"61f92d1f21e1f4687f3f6c88ca36fdec",1,credit_card,9,186.57
"2dee7cc9b658d444f8b66a9da62f8868",1,credit_card,2,137.27
aaff827d79b2aca52ee986179a052077,2,credit_card,2,26.47
c0d51e9a78ec5b240836342d1ada7d1c,1,credit_card,1,105.97
"6c578cefe8f43f6e1394ded9f6f537c5",3,voucher,1,106.43
"1b46c5cd349b4c1e7bda383bb8d64731",1,credit_card,1,1253.86
d0b61531bc87dd7b8815c8ce1682ec0c,1,credit_card,3,110.14
e861307609af3dd1a985ad0972fb9c16,1,credit_card,15,1014.61
"4febe1be4f45c27a03af55f77bcffbbe",1,credit_card,10,371.18
"527ef7d428c7f5edbd92451ba0b7ce70",1,credit_card,1,53.79
ce4cd882c938dbabdfdb5637c78cc088,1,credit_card,1,188.52
"32a5bc9d3f2a71d05c275cfb8d2adccf",1,credit_card,3,155.14
bacacd90ea03f7aceb09acaab257d094,1,credit_card,1,2.94
ec95bda03fcd25491f6e0142ef318ee8,1,credit_card,10,293.20
a9b311c40f94f95a3986f19da32f2fea,1,credit_card,1,57.99
"3877e5bf296cc5b88537eab728ede326",1,credit_card,1,130.26
"969d3f02f498a3db8037e194ed29cb4c",1,credit_card,6,367.27
"4ab03c392cee35c50b2bb0c1190618de",1,credit_card,1,73.34
"1889186724ca4001eccd1dab24cae9bf",1,credit_card,4,81.71
"7db778f8eb61d8961d57f8437eb9f68d",1,boleto,1,274.12
e5dfa353d229de8b9a6e25cda9b03130,1,credit_card,2,220.59
aa6bd33ba1853d846d3085a88ae37083,1,credit_card,1,25.14
"06fef7fd666bfeff415e544f1648a7de",1,boleto,1,44.09
"5bfd0cddafa5fbbaa95429ed5577be6c",1,boleto,1,79.29
"8c508242545bc8cf2538f84662742224",1,credit_card,4,229.07
ae6bb3767e72eb4b280e50c3d46ed9ba,1,credit_card,1,68.43
a1b442b97cb70e7207abe3f32a01e3d0,1,credit_card,1,35.03
f8a9c0be5071e2ca36f561ad567b1800,2,voucher,1,20.00
"122c0857cda2681ca041cded5e95741a",1,boleto,1,103.75
fa7d72fd5ce0a155a608f0981ef23c91,1,credit_card,1,30.06
"431d455c1221ca2a6d50dcc4da83246a",1,boleto,1,114.88
"9ebfcd2bc9b6535e4bd2f4a199ccb665",1,credit_card,5,56.09
ae84411ef203ed6a3cdc4e239536b958,1,credit_card,4,44.10
"367d9f6d184cf1d060d92bdc71810d2e",2,voucher,1,100.00
ec2fd784a6bc14996f88cf0c9155e65a,1,credit_card,3,300.74
"499798fd04e5748ac54b4456d1b7995c",4,voucher,1,20.00
"042cfa84b1415cdcea821bcbc1bb8f4c",1,credit_card,3,62.27
e2ae500f28aab47adcb9f215fac99b5b,1,credit_card,5,96.65
"89a52f9735ee199f8c4583cd8d77de4c",1,boleto,1,57.34
f22592e01ddc0711e6794f900fa5e787,1,credit_card,2,117.86
e115da7a49ec2acf622e1f31da65cfb9,1,credit_card,6,306.63
"646e62df54f3e236eb6d5ff3b31429b8",1,credit_card,2,196.29
a7737f6d9208dd56ea498a322ed3c37f,1,credit_card,1,68.00
"6d2a30c9b7dcee3ed507dc9a601f99e7",1,credit_card,6,175.05
d7af03d172cfda274c7a7083bbaca11a,1,voucher,1,174.35
"31282ee0054022835d9fcedb4efaee01",1,credit_card,10,272.33
f9e3402be5a5ea63344347582ca9f45f,1,boleto,1,164.70
"60e2e89624c1d0711e325baf34fe2327",1,credit_card,1,90.19
"6a35ef78926f1554520fce289fd49517",1,credit_card,4,67.50
"5a8cbc60b032f344459aae65f0c01d26",1,credit_card,10,114.36
"72a29a34308d7f62487412864e45db51",1,credit_card,3,162.47
"73cbd9a357e885c9034b3df9d50482bb",1,credit_card,7,1427.25
"0edf80f575c9d85881267c428cbbd208",1,credit_card,6,67.94
"747af114bbea56ac1e6841d66553b0bc",1,credit_card,2,43.00
"2a7829351028a2cb2ef2af86148cec49",1,credit_card,2,266.77
"458d8f9336efffc85b1efa5dd18aa86f",1,credit_card,1,95.02
cd2c7e05ab02cbe86aeeeb18648be1a7,1,credit_card,3,101.82
"3ab5bdee7463665002059afbc68144b3",1,boleto,1,52.37
"9a2e51589ecc5ce80f0403a55a8f789c",4,voucher,1,12.34
aa98da01257ceee830845e76cd9ef683,1,credit_card,8,128.88
"589a75d918fe423a0cef1540688e2705",1,credit_card,2,112.89
"534100b99398bfa0b9ffbf40fc8c7757",1,boleto,1,79.24
a3fffd40f08c6e4ea8a775049b285222,1,boleto,1,134.59
c06c0d95b042ae403f799cf2027cd54f,1,credit_card,5,188.58
"459bd994d763c947704bdade13eab6f9",1,boleto,1,92.46
"0e520b5aa77bac2965d232c9a023229d",1,debit_card,1,288.68
bd5c96897aa0d348c89df8ebc8f13c3d,1,credit_card,3,240.76
"8349a1bfa0cb940e2505005041c3fede",1,credit_card,1,168.08
aff7b4ae67c914f9555ed558c34e9a81,1,credit_card,1,259.14
a3b7e3c4940b7170e55211a9c4e32b0d,1,credit_card,1,89.27
dfaba9e54da21d5c9ca002e103b5496a,1,credit_card,2,185.61
"34ce7ddc1fbf9185fc40a6b30fdace6c",1,credit_card,10,308.79
"6e3ff590b497a3de669506cfaed55b4a",1,credit_card,10,314.84
"3731eefa80338e5d69ddd2128dd45fb2",1,credit_card,1,468.26
"4258b5bedf2331953c0b974849dd7b24",1,boleto,1,98.82
"38d4786d1c7b6dae14470fdfb8616bb0",6,voucher,1,31.72
"4dc7e4499db06c25a94a1b3cbdd9c8df",1,voucher,1,30.32
"31f67bef2180ffdf0dbf11db4b0a4380",2,voucher,1,50.00
"0ec373cccbb9d0a08243467c9d81a0c5",1,boleto,1,117.91
"3101c208f7e41c66b3929266928afa56",1,credit_card,3,69.92
ba4ff7bab012df64eed239c402ba6a0d,1,credit_card,3,86.15
"3a23294a91e71ba11196b90c9e51d44d",1,credit_card,3,60.50
"187d43c69480f7f8d6fa58d4aacea5ee",1,credit_card,1,77.57
"710f0ad82f53b85ba2348698d18c89db",1,credit_card,2,127.92
"39f4de18c3b28bba19ed3eeac7b9ee33",1,boleto,1,101.12
"46b39d2dce11278e24c0f17526d0f21c",1,credit_card,1,50.85
"6e924d48f1cd0e231543fef06a3a99ac",1,boleto,1,105.30
"90214a4751f75ee8783bed5037f9b0db",1,credit_card,4,45.62
"3eaf0488f419dab6c6d582b1d28ab37e",1,credit_card,5,499.64
"4e8eac5f839b87a8cdbd9847f4fe442d",1,credit_card,8,229.60
"91a0d7adb3b93c79268628e82ae33c2d",1,boleto,1,51.63
"7d8e7ba5542031bcf18157a07e42459a",1,credit_card,2,55.90
"3a328e1340a59982235a158a25133cba",1,credit_card,1,121.04
b1498d9178bbadef1684ec3c4413cd31,1,credit_card,6,69.52
b5f56117710e9df5dce93947115ad4c7,1,credit_card,1,27.68
"897da32e9712dafcf2fb6615aeb3318c",1,credit_card,1,48.98
"474e0b51c3e67e7861cf33ce9aff3f92",1,credit_card,8,415.54
b02fd360342e2520c0361b430c150a92,1,credit_card,3,31.75
a5c2a3264abb412912756339fbd24c0c,1,credit_card,4,285.45
fc619e7ba8b2f9ef5e03cb4782a4e121,1,credit_card,1,142.64
a4569e83b396f45f5bad001bce729da0,1,voucher,1,22.14
"856370edb6a779071858ac53fbce9aeb",1,credit_card,2,43.69
ba1f6216a5c2428edf225c23708fb2a3,1,credit_card,3,119.79
"4308e12e9ffac5a442e69838bb90872d",1,credit_card,4,101.46
"9711d75c7f14daa7b898759d42b9af64",1,boleto,1,86.24
"3470f42b0d1926ac00e22576799ba066",1,credit_card,4,44.18
cd01c1252b19226f4fec023234aaa41d,1,credit_card,1,127.60
"610a42c3d738d3a80c0f95b8cde6db91",1,credit_card,4,117.94
"70009c6d985dfa16754461cff33c10dc",2,voucher,1,39.70
"8ddbee86a9602f49e8e932c46cfd751e",1,credit_card,4,210.48
aacbfdfa9a7a0e3d3c94909b7637b492,1,credit_card,2,84.15
"248c46bb0e95b62198fe84442400b7f4",1,credit_card,4,168.85
"7f8345ecf528aa9b47423c9cc5ab3986",2,voucher,1,250.00
"89ae9eea43fd5c68102875e05af1c2da",1,credit_card,3,35.00
b062c88d0db22ff6a4e37c2df0f85333,1,credit_card,8,148.22
"8f4350670751e101afb4d732a2ec8ac8",1,boleto,1,28.73
"031494323fa558eee8dd1bd06fc34713",1,credit_card,1,28.75
d0ea854aa5d2827dc112df0048f817b2,1,credit_card,6,76.86
"113a61c584df74eef5d2f6e449d2890e",1,credit_card,1,34.00
"2fc7fe2e06e84beba127768beb2f705e",1,credit_card,1,236.70
f046f702f9cb0684a1c673664440bb22,1,credit_card,2,57.75
"68e4d20e5dcfc99ff04c7fc1ddc60c65",1,credit_card,4,164.64
c001b13ba85884577bf33d95926dee34,1,boleto,1,318.01
b56499883923b712fb275ca6ee73bcbe,1,credit_card,8,150.92
d1329f2d9a7c9c972b1ab5c6b7c8d3a5,2,debit_card,1,164.80
"8b684bf930252b4bf12586346b4ebbba",1,credit_card,2,109.38
ceb3c39e59f9912e923667e9fa91a144,1,credit_card,5,117.13
dfc5c1ae34c30f42aba88ae3a51f97c6,2,voucher,1,24.08
"58cf622bf997fe1ad8875b0fef33fd77",1,credit_card,6,138.31
"3317db84e285d6115f358daa9351a4ba",1,credit_card,2,101.13
"80c20223fb6b10d7e541a3cf6c5bf673",1,credit_card,1,75.75
"2b7737f7accfb9e2ee360963a202eaf3",1,boleto,1,89.03
"7806407a20e7d38caef6b35ea7757142",1,credit_card,8,258.00
d96b7c2964abbbf7ed9c2765fd25c8f3,1,credit_card,2,291.37
"20c9d2f6600c9b7f73d9d5f5c6314c06",1,boleto,1,55.60
"36e980f3cbdf9a14bd099f32b2e46ee7",1,credit_card,3,110.77
d5902cac4c3d618b3565811476e06ea4,1,credit_card,1,5.65
"8f91b7a70604c68b017c9f0f74149c1c",1,credit_card,1,54.22
"8d3815553beb9e0a66908d8df19e7ffb",2,voucher,1,15.00
"4a514eb755fe5187e79bb4765ba82d51",1,credit_card,2,279.12
e86d50789574a28a92e27efcdc90bd8e,1,credit_card,7,195.93
"0028de0ca693a1bb26448916a81105cc",1,boleto,1,45.30
df258d3d30d51b9991fe71bb0e4f126c,1,credit_card,10,124.74
"4e873733a6b30b14fa37d7fa9d38a213",1,credit_card,1,159.76
"45920ad3d9899cb3c75de086024c18c8",1,credit_card,2,94.30
bc8040ec215e524e30722602d813a804,1,credit_card,6,144.54
"30c6565276e0294593392b8f18be62c4",1,credit_card,8,85.24
"40f3b86bf26d578cbe4fc74c6c3a18f3",1,credit_card,1,25.45
fe8019fe8dd1f1af8ba5c0ffdb113a74,1,credit_card,10,2153.35
de1b36816c8787f530a0c336e2598c12,1,credit_card,6,360.99
"033d674880f1edbb660161a0c672e9d3",1,credit_card,1,63.10
"64397307c6954ae1ad2ad8e791ad8a31",1,credit_card,2,167.32
b0bad9219303b3fcea179db39243f615,1,boleto,1,100.34
"82f4132e89e21a9294ff6bee8e6a9a3a",1,boleto,1,35.80
f82bf77eee094dd4e9b9e44b9f7bc246,1,voucher,1,98.46
eb45ce36240dbf895bef98be0d1a85d3,1,boleto,1,53.30
"7b5b2437395186ef1d461d39bdee1621",1,credit_card,1,130.25
"59855c078a7519d73930b2c2ca624688",1,credit_card,8,186.87
f1ce104562bd756dd17eecf2a55766bd,1,boleto,1,33.00
"6d5e1e480d92f1bde5e9eb187fa388d5",1,credit_card,2,86.44
"04b7bd5687bbcc2087d9af68fe7302b3",1,boleto,1,92.28
f8d19a0283152c2a14277f39a74da971,1,credit_card,7,72.14
"329865201ab68a53f3b26fb4f4fd43e4",1,boleto,1,47.13
"5fd51001358a7987c0e38d1d74a610ea",1,credit_card,1,66.82
"6a411c43a42ddb752d87534a423d043a",1,credit_card,10,1936.99
c8e0d72c6ab615e05977b79e02110d41,1,credit_card,7,147.90
"27f4eecc66d136a3781f422342dfd424",1,boleto,1,161.30
"8f1946021a4dc73534475dba23e2a5fd",1,boleto,1,150.09
"90a9fea4de623b810e0b0c5226e21884",1,credit_card,10,961.96
"7bd985354ccd17973f86e73806cda364",1,voucher,1,72.14
"285a3c7a6402c8e223408f249e3a8017",1,credit_card,8,252.35
"0af905b4a536b95528b4eb5dd2c192da",1,credit_card,4,222.90
"5f910336c1739df9cd23f555a50f5914",1,credit_card,6,125.52
"6b1524b569b3782bcdd845635117ef81",1,credit_card,5,149.26
"1bd6a77bf698ca2116db6f4731046425",1,boleto,1,88.90
"5b4ac3ed0dfae10196fb525f4227ccf8",1,credit_card,4,91.67
"424f49a13ecd3d85a37831b62e6a1d70",1,credit_card,4,106.38
"0e8d721c4684c9d5ea89f2815bafc708",1,credit_card,1,111.66
"36f66ebfbd144aa6fb39338bd87b0bf9",1,boleto,1,63.01
"89db4ab2c03e2a83b490e5dc7302c5a7",1,credit_card,1,51.79
fe5fdaa8ac452f9ef81b55b329d3b087,1,boleto,1,159.85
"8ee2011c5153b4e8805e40ce05214166",1,credit_card,2,218.62
"5631abbdf043a1a011622843c076cec1",1,credit_card,9,464.98
"0a87de586a94b42f2294c207845674ab",1,credit_card,5,113.44
d432a2eab9f386c43387aa3105877c50,1,credit_card,10,251.69
"70a186c8d58272cd86453ce487362fc2",1,credit_card,1,35.00
"956fa289d4963732b9c806fcc3eb3d57",1,boleto,1,327.37
"7298f7a474d54998fe1d4c98f0779eff",1,credit_card,1,86.64
"71cc257b20c7f9b439b625fa41c3fb36",1,credit_card,1,154.75
"6baa74b5e9e0e10bd29d85347ff1c226",1,credit_card,1,40.00
"0cf34928cb98d81a295f478ebf553c84",1,credit_card,2,56.78
"69a8b09c27431364c37629468a6e156a",1,boleto,1,84.56
"78f08da30e84bed8ec2f91fa7566d314",1,credit_card,2,111.43
"046735e8e55ac5d5eee44e008b9e9720",1,credit_card,1,88.90
"938e24f88fdcd624734b6ba10ffdde6a",1,credit_card,4,265.21
b7a81940965effd79fef25a444debdbd,1,credit_card,8,221.79
ba58944fed9eea8a43f9fc3b2cdca75f,1,credit_card,1,163.77
"3d80d12c0beadfcdcf2b4df407112f3f",1,credit_card,6,79.51
"51f15a10614267de8d770ec0ec09febd",1,credit_card,10,206.43
"6c06950ffc1acaa875164203a8334192",1,credit_card,3,156.16
"707c7403d5d131e75e3d557bdd0646c4",1,credit_card,1,30.50
"9ce8edfd64ca03e850463ed0b3d73de0",1,credit_card,6,157.02
"1f470619dfff4da277b0dcd34e47329c",1,credit_card,8,282.94
dc3f947c4795561fca218d2ae362a4ef,1,credit_card,8,282.52
ea1a388e3dfe8c2f47be2bc881a6669b,1,boleto,1,134.45
"714139cb1b46c8e5aee546ebdb5aeb4d",1,credit_card,8,309.28
"479374e6d18c89bd20eb4c80cc291fc6",1,credit_card,2,93.53
c701c8464f3e67c08ab16e0e972f303e,1,voucher,1,68.89
"066772e2164fd7dbdff9ded585851352",1,credit_card,1,95.10
db67f190728e6864bcd380d96236677f,1,credit_card,2,196.52
"9dc2f5ffe1031614a3db70c07d9bd36c",1,boleto,1,69.14
e4b35ca9f1267c27309ebb5b2afc0587,1,credit_card,1,48.69
a6e12986cb485690d7bd8c97809e76f9,1,credit_card,2,99.43
c78c4581ef415a62752949676aee4b2c,1,credit_card,2,65.22
"8aed297dafaae7e8244ea765fd3592a3",1,credit_card,2,55.58
"3029ae44ec91ac6c793566e668db93cd",1,credit_card,4,136.14
fa145f6e474f19a183553a249dc5a73b,1,credit_card,4,112.61
"9e0129e16582f12822d2b9bd92c8d6d9",1,credit_card,1,30.95
e65fac6043c523489698c681bde0985d,1,credit_card,3,68.22
"1053f48dab84166419bcecff0003c7b9",1,credit_card,2,69.28
"309b8f761fc683dcad0b537f02da25c2",1,credit_card,6,114.33
"8f1a2266f747c7d0e62d992a6b411c60",1,debit_card,1,70.07
c261c57774808b333866f1957d4f8ebd,1,credit_card,1,76.78
"9d9f7fce2886a9587f0a42a1366a1392",1,voucher,1,33.77
"1d455a95262f0f58fadece96d61cf0db",1,boleto,1,124.44
"67e9ef421e7b550f69b5a5c2676a7a07",1,credit_card,1,71.05
"6a93cbb588894c2518200e99a8fc2c2d",1,boleto,1,65.00
"575c5e709dbf9b5b4672e38d7972e728",1,credit_card,4,134.84
"00054e8431b9d7675808bcb819fb4a32",1,credit_card,1,31.75
"1fda06c4d014e1f00378d6f6e1d46cd1",1,boleto,1,183.73
cab13114944552c84f29e6f12aeeba5a,1,boleto,1,34.09
"4ef17302794696ffb96bbce3b81d3030",1,credit_card,1,96.22
"5cb8558cbb7c0c2f00f43468579d3e3c",1,boleto,1,40.15
"4d387befd269a77ed5ebf7274fac2751",1,credit_card,2,28.42
"2cedb157302d27f18d5648e77f92d56d",1,credit_card,1,196.92
ffce02d92a959d8894c8568d7a0f6435,1,boleto,1,67.02
"3b2e77967d37d34b88bd2bca3d2ec4a0",1,boleto,1,179.76
"30125d2cf4cec0bf9e4840def6c4e7b1",1,credit_card,8,373.22
"58b198357d2b68044f885a370a585ff3",1,credit_card,2,112.08
"9ba2e8784e3e43f617fd0faa356d309d",1,boleto,1,33.72
"03b70c61372aebf257ccfacc6ca0aa58",1,credit_card,10,876.82
b9dd50946ccb67dc7d9720f5c1cf41f9,1,debit_card,1,223.44
e129e9f89489497f919cd582bf75a0e7,1,credit_card,7,74.46
acf4b337d94686e3ff709ce923bc2e47,1,credit_card,4,52.38
"002834535f7a609a5c68266f173fa59e",1,boleto,1,57.17
"0a558295652f98bafe12e259c4d3fa26",1,credit_card,1,0.99
"3bece71a0ce79d5d8945d9d665e5164e",1,credit_card,3,466.90
e9dfc83e3a97891266e996cc26a388b0,1,credit_card,3,94.74
e11db3584a81dec055a64991fa65e9db,1,voucher,1,78.08
"8737b567a657802c6dd1761fdf3c256f",1,credit_card,3,262.16
"560ad6968b170544b8533cfba50e8bfa",1,credit_card,1,82.61
"54e988b8e764a9967caeacfd27f8942b",1,credit_card,4,57.50
"93ddc164704b957c3c891cc9d2c20b21",1,boleto,1,137.85
"67f2c83aa137c06c89e1dc2a057d0140",1,credit_card,1,160.24
c6a9e39db5f61068d017ee903b277478,1,credit_card,1,102.12
abfcea2fcceafacc40dd9edf35aa1f5d,1,boleto,1,459.05
f245b1d57bf493d0db1e6118927db48f,1,credit_card,3,66.05
"54ac92ea720b2574ecf18f372f41ea71",2,voucher,1,22.33
f5eda0ded77c1293b04c953138c8331d,1,credit_card,1,143.83
db46ef9887e9ac7aec3ad2f66978d632,1,credit_card,4,137.60
e16e5b4572640ddc3de053a9b0f6432b,1,credit_card,6,230.44
c7b090b5048ef4f18fe02ef328421afd,1,credit_card,10,200.06
"42a774d85db214c9b8e062c034545288",1,boleto,1,151.11
e5cc1da4553871faa7c23e0f4b4844b2,1,debit_card,1,190.35
"6ac4c573549ec4d968907f982c4be7a5",1,credit_card,10,518.38
a1a26b76e9a6beff902a07dfc8b8737f,1,credit_card,1,27.36
e5d931ebd7214cd492fff71fb6a2aeff,1,boleto,1,222.70
"4db2efafa3ef7a9bb740073addef3f85",1,credit_card,6,153.77
"93d7e1f0c5415c1a0679635187700f1d",1,credit_card,8,216.58
"1cd147d1c0fe18f3b742a353396c44a7",1,credit_card,6,103.99
aa2827fbde8f383ae9baf1184f74db87,1,credit_card,3,111.88
"93551f1b5b26ad94ad36349d4a4ef81d",1,credit_card,1,28.59
"2c6909e9d8d1f642b6c8126f985146d0",1,credit_card,3,149.56
"502f9fab8b6ef318e23a5700a237ef1b",1,credit_card,1,94.43
f7a7ff7ed71be9695fcaa57975abe814,1,voucher,1,85.95
e45d7080e7473acc3193715209b095c4,1,credit_card,2,121.22
"4de53bbf0a2a3bae777eb829a3145c9c",1,voucher,1,213.74
"8a7382cca716904aa1a6bf3b364c116b",1,voucher,1,101.84
"1f3508f1f78349b8223d5de8501b2518",1,credit_card,3,67.36
f79a31ab5cdfb67808fb8e27005ffa52,1,boleto,1,101.51
"1a2f6c0996af3c2c4aa6eb3e3d536e0b",1,credit_card,1,69.04
"9d513821c0477231fc7c1bfd684d13d8",1,credit_card,1,192.14
"49afe75c3c09b9e94e1456ffa5e67ff4",1,credit_card,1,30.44
"936a199847ccb47438d3ae454d5e18d1",1,credit_card,4,45.09
"0c2c52fb29b2957f1e4a1e055bcfb5f5",1,credit_card,8,387.00
d43ec367e36ab5844465e6127f159862,1,boleto,1,77.57
"8ef7f8c19a00b45667841442d36ad903",1,credit_card,7,157.30
"7ad0fb12f6d6b5d498db0bbfde6038bd",1,credit_card,1,4.12
"2328df85ce27982b435b1e7fb55dd209",1,credit_card,3,369.22
bbeea8dfee8c14c1cf2d53c17971b6c6,1,credit_card,10,329.32
"2e92b6acae58342ffb8861708b8c8270",1,boleto,1,29.02
"7f9bdca299c6f4c8f906bf2d9df27ae0",1,boleto,1,109.01
"0b87d8d6c28694778a03498aefa389c9",1,credit_card,3,34.78
"74de5414be822d0c843d1c6d9efffe34",1,credit_card,1,71.26
ac4cac02127ebb55852c9b87cf67d58d,1,credit_card,1,62.41
e3f9bc8fd9bd8878c7c112e6dfa97db8,1,credit_card,1,56.20
"0c73b283fdefcef04be55400a4f6ccd1",1,boleto,1,62.25
bfca24132f0ab4923cdb7225b4caca3c,1,credit_card,5,117.57
"123b4246f6a16b1f17b9807bb7d42fd5",1,credit_card,4,117.85
"460673777918e7a42a262293341ae7d5",1,credit_card,5,59.85
e2384e27d52c798743c71c9f2c57763a,1,credit_card,3,109.69
de5c0320a3acd9bb7b5acc242d51d54d,1,boleto,1,76.08
"6842899c332d7e8bac002e5de94ab24d",1,boleto,1,168.20
"00975e709cd12c34d3bd44e4a7f7a876",1,credit_card,2,94.66
"1ddb535efd93e4ceeb5b311eba6bf1b7",1,boleto,1,102.20
"552c8124ce312cfc961d6ea0ca4387e2",1,credit_card,1,453.13
"9b52c70d4fbddc36fa8c5e4c94c66501",1,credit_card,2,72.27
cac2c6b6297e3743dc2caecac71350c1,1,credit_card,8,94.92
"1db212a53e1922f5a77f524426250b8b",1,voucher,1,173.53
c9e3ce22e44e7fcdb3bbd8acff17c3a6,1,boleto,1,55.13
"270e9c5bf02290f6b29494d0f3e075be",1,credit_card,1,143.68
c81d8c64bac8003aa77329e1e4f078bb,1,credit_card,1,85.54
ff4118746eaaed0d632211903070df50,1,credit_card,5,235.70
"4135f93d45b6c1d4f676885da7568a16",1,credit_card,4,58.22
aca60cec1bc8f1050c9e956312201026,1,credit_card,10,840.48
e81a8cb665767198e8d2e17dcd39af87,1,boleto,1,95.21
"7f5a0ffdfa3894a89b8436bb48f66719",1,credit_card,4,57.24
b4b9e15f3787253b781c561f2d8f7eb7,1,credit_card,4,41.09
"572060f1be47253575daf3b88019195d",1,credit_card,2,24.17
"2ab305b81b2baf1a5f6031e36b0e4044",1,boleto,1,117.94
"77af7c6e42549e58f42977d5be538d0d",1,boleto,1,128.55
af524958ddebae54e99bf50866e0bc29,1,boleto,1,135.92
ca3e0f1e4ed59d1d4462cc278dbc3130,1,credit_card,1,135.86
"22186fa7212dbcf34309042f929b7c00",1,credit_card,7,275.69
"2d4128c16198542b771a2487095657c3",1,boleto,1,77.90
"0d6bfb2c384abf1053a600d79eb2dcfd",1,credit_card,10,157.72
d505b1d74b4f7e22869e627c8331338e,1,credit_card,2,363.22
"5c81ecc71f66f9a6aef23cc998bc47bf",1,credit_card,3,168.80
"07f400658513d45866ee381bace93793",1,credit_card,1,8.37
ddea5624735479277afba6faccdcc28c,1,credit_card,1,64.09
"3bfe23e972fbcc9388dac1afaa11eebd",1,boleto,1,556.42
f79d2206d0301d47bc2a623636ea53d1,1,credit_card,1,105.29
fbe1661023a94e53d4ec2c938e38c8f2,1,credit_card,2,28.50
"1776f9cc0f976e7aa0e8372a5325c41a",1,credit_card,8,82.14
"60f9a8bb9a63c3a3a0a57eedd90f1536",1,boleto,1,71.26
"1df2775799eecdf9dd85024255c611b7",1,credit_card,2,53.05
"0b0809b2b64511c62fb745fb8b465cc9",1,credit_card,10,280.80
fa48ce5f6c4499293eecc423fde54476,1,credit_card,4,113.56
e1d91f5481b7e7a48c0ceefd3feb4ba5,1,credit_card,10,235.22
"40b844d9eccc85cdb1d2ccef1efbeb40",1,boleto,1,207.49
"080353b05fa842120b49deabe1613a37",1,credit_card,10,217.82
"46ca5520b760899050553edaf87845fe",1,credit_card,1,82.33
aa3a8549b44bdf1c12309c0f439f9964,1,credit_card,3,35.00
"986033635480f0a529bc90e2dfa1c168",1,credit_card,2,189.37
"39b1f85275dd200066b0ec1a4b5e09c3",1,boleto,1,55.06
e6af93ea6ff2947b8760af3dc581f50b,1,credit_card,8,87.14
"5ef8f0f9c9d95604cd61fd97ab176835",1,boleto,1,726.84
ab3dffe6fdcd9b7b7896d000abeefc4d,1,credit_card,4,144.01
b520da4895f8ce53c41d6be41bbd17c5,1,boleto,1,314.71
"42ccc07cc09ff8b0c392b43f125ae1d7",5,voucher,1,20.00
"5d681b5588723aa46f699b097a563a60",1,credit_card,1,17.38
"96f51ec3fb1b8781a86bfaf4a4c94494",1,credit_card,8,305.57
e88bd747b9aaa829eac8fcf95461862e,1,credit_card,1,58.76
"78d2db6fea6e971731e4b1b858f4435c",1,credit_card,10,287.62
a0f9594b2c2253769e88d55a77a469c6,1,credit_card,4,58.95
"02542d42d329f6514533eef3af91edf9",1,credit_card,2,158.52
"5067e58e7d7a2e2f96c222a0335df18a",1,credit_card,5,102.87
cd765bd17903ea30da9a83f9c0532d16,1,credit_card,1,66.78
"366e36538aace156a4d280994494b604",1,boleto,1,46.78
"807d374126669a84b2391ebcda50821e",1,credit_card,1,80.83
b9d63f11f4b5207d094ab26ba17ab0b2,1,credit_card,1,93.30
cb42f190850b7635860e5c9570d841cc,1,credit_card,4,130.00
fb265b2dc558a56445dfc48f8224e201,2,voucher,1,22.52
"32c37ffb30a6db200041e5603d1c23d5",1,credit_card,1,42.49
"93be45ffc4c8eaecb1eaf7654308acc1",1,credit_card,2,138.21
f510fda0bfc99dc2ea6e0354a36c3f80,1,credit_card,2,225.71
b712ecb07ab1acacb5f247a01198e6b8,1,credit_card,8,168.75
"4c22be46e1fe5c05c6ced534449f7432",1,credit_card,3,169.89
c27c10569c789ec6293df7ef9f4caaa1,1,credit_card,7,116.09
"3d25ea8a710032b1b66683b23027c0a6",1,credit_card,1,58.78
ac4987e64619cf021a4e8fbb9758cc96,1,credit_card,1,51.69
"6eb2a690131ac9952365adf622793a1e",1,credit_card,5,398.88
"697dd6059b52ae362ff66b900faebc21",1,boleto,1,88.61
"090c0cc3d47ff02fedac32aa0a7cab97",1,boleto,1,159.12
"13d5066bb747cafa23f1bb6d1838eee4",1,credit_card,1,11.87
e23c9dcc304042fa90d538be679fa68d,1,credit_card,2,101.27
"5cfe218ef53f58dbe18f7a105fc51209",1,boleto,1,34.23
"64f1dbc00645c1bd7e70f69b19f95976",1,credit_card,3,308.30
c50c0ae5e7fcdb752cc2d1c9e357c82b,1,boleto,1,37.91
"677cebcf344bca22b07250e7548bd8bc",1,credit_card,3,34.30
b52d0fe87048b38e93f47e65fcf63fdd,2,voucher,1,84.37
"47deff0f69fd02d0085bd77d6c9c0181",1,boleto,1,141.94
"330a5c6006c3128d1a4345251ccd3ddf",1,credit_card,3,214.28
"7aee6dc90a20749566f77e5c34a9c8e9",1,credit_card,4,141.94
"90d2bbc31356e711e2fe7b0b78181687",1,boleto,1,30.86
"41ed8506413669db4dc723ccad490421",1,credit_card,8,368.60
"2d20b2e2272e869dbdc7f194d98e76a9",1,debit_card,1,115.34
"5dcc65f0f55ef1d3cfe2d7c90349e23c",1,boleto,1,40.08
"0420dbc50fc554e303e4b2d6b39063f6",2,voucher,1,193.73
"0fe7baa563ee6fb8c28c9ae1468c7d43",1,credit_card,1,56.78
a7ceb2c5f4181d15cd8566927f5180ae,1,credit_card,2,135.00
"717422da33a6dfea9fe02c801b3a708c",1,credit_card,1,86.93
fe6c4a42298295647106b42549a98eea,1,debit_card,1,74.98
e32cb2b7845ddbc8322b670ff7604fb3,1,credit_card,8,166.62
f7521cadeda40e1f36018dcf7d082101,1,credit_card,10,186.30
d742edc736f4fa6a173ee4a049322e45,1,credit_card,1,173.84
cc6888dae9988bd99a2a190a7aa98431,1,credit_card,2,116.66
"29062384ce4975f78aeba6a496510386",1,credit_card,1,249.08
a37f5cc83000aea21c4efde29a20449b,1,credit_card,6,113.77
"84e407da1f6a0299466bfa129b7311c3",1,boleto,1,206.93
"750d41eea698eb46b84a70de18de2a5f",1,credit_card,4,86.10
"2beec023bba6f27c7b59dacf9f3afda1",1,credit_card,1,155.66
f8470371533c258e0a16d3406dd43859,1,credit_card,3,208.07
"22b1de291afc457a072d35bf6749b18a",1,credit_card,8,138.50
"8b972989b530858d6513197f41817297",1,credit_card,1,86.02
"801ce4e79b26aa1738dc18b0d1edef5d",1,credit_card,10,337.18
"42d15019c60a46495bef1e6d0e9b7ae8",1,boleto,1,63.15
"8db13b5ac7b555d8b6bc0062763ae387",1,credit_card,8,86.71
"22c129d6b11c5113aafece4670d8719d",1,credit_card,3,56.92
"507920861be390ea5beb588607e4b0ab",1,credit_card,1,154.66
"9fa4a4aa87aaf6ac40f2e59527d91436",2,credit_card,3,33.91
"6b6634917b74d4db4d32cf09754c061d",1,credit_card,3,193.84
"1f80ad89393a17282085bcd14644e45a",1,credit_card,1,140.00
"33a87700d69548a4c5e19b95ac6f7612",1,credit_card,1,194.18
"654d83ca191e00d3fa5258cf9ee21543",1,boleto,1,85.20
"076d1555fb53a89b0ef4d529e527a0f6",1,boleto,1,2713.36
"884dd22244240995c8a18169c32be54d",2,voucher,1,26.49
"21515908d570049ddc9f08416524b09b",1,credit_card,6,66.60
"1ad61c926dff6777c28e962510cc2c71",1,credit_card,1,91.66
a35cd49972d7afbd0822f2da96d94d62,1,credit_card,1,133.25
"5a7e3486fb94e316c6926e1d6d52749b",1,credit_card,4,272.04
"1222dd8e203987d55f99c5552d41746e",1,credit_card,4,166.87
f96b5be713a2dc433abc88d692ace652,1,boleto,1,87.16
a97a20383c7664aca72d666d1858be2a,1,credit_card,1,98.15
"9f5452841a5075ac35f12e8854c793cb",1,credit_card,3,203.67
"80503508be2a3417d594a5d158c22ec1",1,boleto,1,40.67
b81af501c9ae710ed9968a6018400a09,1,credit_card,1,35.00
"02b09d03f22e1da491e4d578a0bc3f90",1,credit_card,3,43.10
"25ea76c2e1524d813d0a0c15bba57426",1,credit_card,2,84.01
e031b115c17b49bdf313c9150d4cfdb0,1,credit_card,2,79.38
"9b86b1c24ecef19a6dec20a8750341f9",1,credit_card,1,55.69
"4f11b193b0377b0fca026337ebdbe130",1,credit_card,8,355.08
b03db53a37db1313505cb24d4fe05052,1,boleto,1,25.09
a77a982ca1692469b8cb436e570f3ea4,1,credit_card,1,81.11
d58ee8a6ff29ae9de6d1c8037e0576fe,1,credit_card,1,113.14
"905f7a43f18905597465564ae6deb958",1,boleto,1,227.60
"145795196f6224e4557aeca5cad2863f",1,credit_card,6,359.24
"214f01607529c68623e62bcf73e8397f",1,boleto,1,403.27
a0b6cfb8b86687ef318ba596e2a1ed5a,1,credit_card,10,122.47
"340f19321c9eaa5865ffcd8f90e7530d",1,credit_card,1,75.53
"08632fe0bc1f85190f242268f3410561",1,credit_card,10,229.81
"9dcc4e7d4978e71c0c8c8562a72935fd",1,credit_card,1,308.79
b048658d074ad2c4863ea7021ddfe990,1,credit_card,10,206.93
ee2fac75aa66d8457b22c46fd08a47f3,1,credit_card,2,69.16
"0fefd780aced50487fedea40b67318b5",1,credit_card,1,73.34
"2c9edac668d691947b1107b0b68a1adc",1,credit_card,10,108.88
b4144d953b8c6d7162a57684476ef5d1,1,credit_card,1,49.09
ce4a4ff7ae292d2a9b3f36c017a82914,1,credit_card,1,152.17
"6574995f241f25d2de43c86d1031680a",1,credit_card,1,5.70
e9dc230425f2e6480a1ff929cd2582d5,2,voucher,1,197.24
b8aaeda740b17cf925d3f2a13dcd1d7f,1,credit_card,1,98.20
a7c06c01fe6ddeff25b3c60459b5fcb4,1,credit_card,1,73.50
"06de165212eea16e848d38f4392d5c11",2,voucher,1,21.88
"1cdc67161aa715aed86ab60be5ca8fef",1,credit_card,6,137.90
fceed72ef6fde5b43c8bcefbdb223edc,1,credit_card,2,193.72
"617b88590cdd5883e40eedd5ecc48026",2,voucher,1,19.74
bc6e64a497c7dfd9468e41c742b09c6a,1,credit_card,1,41.96
bde94455174baa3590e64c3d37e79e19,1,debit_card,1,215.49
c0c2ece9e641c6fc11690ceafbc7469e,1,boleto,1,216.32
be049b6fa688493e1676db5fafc0bbb3,1,credit_card,1,66.26
"1486436c20fbfcb9dbce0d90820b86a1",1,credit_card,2,24.66
c26d8022e70e332fc205684fbc850c12,1,credit_card,5,129.20
"3b7d1e0e59ead2c1080ad04f835423b9",1,credit_card,3,175.54
b45218774c4d91e22ffd4165c0cbcc38,1,credit_card,1,184.96
b9f50d8e5298bbe57002cb91320c720c,1,boleto,1,138.08
"11747955e7a8b046f04598f2ad8e337c",1,credit_card,2,113.13
"129bcf7c8ac0deab5d5830dab42b51b0",1,boleto,1,132.05
d44253469972c4d7c1dc643b5daa3d64,1,credit_card,5,51.24
a6917b5d71e0e9bc434e9228db8daeb2,2,voucher,1,499.72
"949d5b44dbf5de918fe9c16f97b45f8a",1,credit_card,1,72.20
a5f93aa1c000c4e41196ec88fb378954,1,credit_card,1,29.00
"3dfb50022bb703d781966370133ed7a5",1,credit_card,1,15.78
"5a3b92a2c03f3b83b187d713f47ebe8e",1,boleto,1,27.68
d23bad02674f52678ad46e2ada237286,1,credit_card,5,511.76
c071755e071e5e8819f78265639b102e,1,credit_card,2,138.60
d47221803d32f8f54b53694c19f0a368,1,credit_card,2,415.94
"6fe5843a99f74c2eb252cdeb09aafd06",1,credit_card,4,58.99
"8346e642eb8d376b57cddc53b6118a3a",1,credit_card,4,77.08
"2bef1137ad13dce586ff456d72e62549",1,credit_card,9,176.74
"25ef86388b24574c83d13632fb8f9203",1,credit_card,8,221.79
"37394e732421fbc2891f359531eae716",1,credit_card,5,125.42
"03053b1cb20006c7f8160754d56f4f6f",1,credit_card,1,54.01
"4989085cad96697e77c016d0e856b166",1,credit_card,6,388.38
"449f3475482b3e2a83e3d08eaa99d77c",1,boleto,1,121.37
"6f838eed4f03f8be45723049df0a91a3",1,boleto,1,141.48
d59f1caeb15c7889dc992ee9b7ef9393,1,boleto,1,243.92
bb6a7f8cd819560d278d618a0673dd4b,1,credit_card,1,102.96
"95573e80e3966d4340d792f4f6c865b7",1,boleto,1,155.33
c15509fbb2f63d140e9f78220c6163e6,1,credit_card,2,107.78
"678c60c6679ddcf17629ba109f4d1249",2,voucher,1,96.75
f551ed5f4c40a33b4922f6d2bd276941,1,credit_card,1,86.15
"8bd792653995ae5a2e101887d982b39a",1,credit_card,1,162.55
"29c5f9828f58dd08c018601e91da6759",1,credit_card,2,204.99
"7e88ca8e11c4e67c107b7cbc62b70f5e",1,credit_card,6,142.70
e469c917c3a56975087c1bcae9391a54,1,credit_card,6,352.55
"764bcaebe1a019d6c12165f67656db9b",1,credit_card,3,415.45
b3b9c134c866906502560d298369a253,1,credit_card,1,64.11
"918715562ea26f3f229b7b9e7293d3d2",1,credit_card,8,229.24
"4639a7b40270fb97291d74d41ba89a6d",1,credit_card,1,37.80
"739d6562c43ddba4b4c1036113206abd",1,credit_card,18,321.20
"05606ddf8218cebe483228af6f9031ba",1,boleto,1,69.84
a820e4b8830258a148d161ba6d8bf419,1,credit_card,2,42.11
"4d4626c2702b9593578cca934d41a295",1,credit_card,8,83.50
a53b8f424d034f0f84f2c4d46352721c,1,boleto,1,1109.30
"1f26d6dc18f5315e3177b291a579b492",1,credit_card,1,34.65
"7032fb16c3a9d982c9aa86f47cefdd3e",1,boleto,1,47.88
d6559cf575d2b2a2ca5f8c1932094e70,1,credit_card,1,37.37
d6b0e562cdddbc5bae4f671aa1c72d14,1,credit_card,1,152.58
"8a51c10a8154eec6b0f5bcdf52de2556",1,credit_card,11,110.43
b0cb5e1b222437d8ee177f463fbcf464,1,credit_card,10,111.18
"8a73d5c259820a920b0a1bdd8dbaa6af",1,credit_card,3,48.22
"445cd794c7ff61866803ea314dabe645",1,credit_card,3,54.87
c40a16cd4a407b063160e518ca11f9d8,1,credit_card,1,50.09
cafaa2f3a1466caa4be0de187d9a228a,1,credit_card,2,194.64
"6eec967cffa8ad455dbdf0d5b797f912",1,credit_card,1,102.70
"61a029ab4f9a513d4ed1c5b3a5d4f125",1,credit_card,1,51.83
"40cc087704cdc9456b35cb98bbd6c8fe",1,credit_card,5,287.27
"1dbf0806fc07152b9dc46b352e62c8b8",1,credit_card,10,600.13
"4d8d0b4795fe858361a2b29c14556e83",1,credit_card,4,85.16
b6c73ab7a7655c4782eafca08b51ba55,1,boleto,1,211.67
d9faf6f49d2c7b35db2ee149350d371a,1,credit_card,1,153.02
fb19e93bf66262ee2d56d98609f48868,1,credit_card,2,221.88
ed4bfa707956ab491448f8f28a48f6c6,1,credit_card,10,295.98
"3b68e7d1f8cbedb79ef05647835dcd6c",1,credit_card,3,83.23
"6b7eb46185e1e6f0df3c97ed2b16a563",1,credit_card,10,515.94
c93147c4c4e627feb6483c04a7111bff,2,voucher,1,69.31
"92719f3b4fbd484515110bfc47e8a808",2,voucher,1,31.36
f0f7dc2419ca55c30f76a386584b9980,1,credit_card,1,49.74
"30fe274ae9909568c501af6539d4306f",1,credit_card,1,23.19
e785d10e3015fc46666c06b2e0f057dd,1,credit_card,2,100.43
"2d17c499d9ed8dbdfb97368c0f322dc0",1,credit_card,1,82.74
"22cf8f48bb76ab9ba483d585d5fbf098",1,credit_card,4,174.61
b6a9a9bf76b62a0f4cd266998d553b11,1,credit_card,4,95.08
"326f416d415768d0e54d232732f51fd8",1,credit_card,6,65.71
"0974bbaa486709066c644587a5cb6623",1,boleto,1,64.14
"328d5a04b6412a52e3fb8f5da4997e38",1,credit_card,1,19.39
"1e098529b9705a78dba4c6b24ee2ef35",1,credit_card,1,76.78
e210ce645469e7eb44209cb28f6bf097,1,credit_card,4,107.95
a29bd6557706ccbbd2ef759fd491a67e,1,credit_card,1,153.80
"18566c7a35287580c5ae220d2e5c84f4",1,credit_card,1,274.89
"0c2be278c997477b9910904d12e520a2",1,credit_card,1,85.11
"83b8d224a811027e71f40747004831bd",1,credit_card,1,97.52
"4a39a614e7c288237aa03883c20965db",1,credit_card,6,61.99
"52b1b3d6e18f1bf504f285c0a8f0d276",1,credit_card,2,62.22
"156242b49774cc67b7917c512bc128dd",1,credit_card,10,135.00
"2ba9a0408f6084acab89be7aa689e5b4",1,boleto,1,75.07
"2b2cd8cb814ca7d224ce37837a8ed5c8",1,credit_card,2,200.82
a4319b6643948acd1eb9e4e0c8b0d473,1,boleto,1,48.63
"25f7cfff1655b5febaab715d36d2cee8",1,credit_card,1,83.38
b776d14b6ced11d944e2a04f0fb06376,1,credit_card,3,87.01
"78b0df67ddee0b34012114100c7a549d",1,credit_card,1,31.86
"5366d1bcf7e5ea4eee3743562bb39aa4",1,boleto,1,32.10
"585bd8282700b362b4023d8fed406190",1,credit_card,1,51.39
ca929fa6d3db41b0d698c716875ccd26,2,voucher,1,7.66
ffea406a848c8afe4dec22bf6290ba00,1,boleto,1,162.10
bba8e34d12ba008b7eb35407029a9ef2,1,credit_card,8,142.14
dbc59da30205f3f5f7b3b0259e89b622,1,credit_card,4,161.46
"21030293cc104b1a83a93d3fbba3bd6a",1,boleto,1,72.57
efe60d212780b2f8cd25004bc101244f,1,credit_card,4,235.61
"010f223ddbec749e95ef3f5414f9c4ee",1,credit_card,4,97.43
"7a66067b9e10d4702dd4acd8c3def707",1,credit_card,4,97.51
a548910a1c6147796b98fdf73dbeba33,1,credit_card,1,88.09
"7ad9577a964cfb13c1f4875c1fd025ff",1,boleto,1,27.15
"11abc6f4bd19a0153ae77beb0177ba1e",1,credit_card,8,82.98
"286799f6e867edeb5b42441294e8ce90",1,boleto,1,51.55
"408bba49e507e2efa9fbb77966ca4697",1,credit_card,6,178.78
b4600c38e204525370a517e69341d3c4,1,credit_card,8,137.12
"77b3eaf9da4cd4bce3eaad2547ffda7e",1,credit_card,4,173.86
d56e037617638a36e0f7c40837bbca86,1,credit_card,1,21.38
"8375e62ff082f229096ecda5cbc957ea",2,voucher,1,326.81
"62529dde2b3d81415417822b4bc91581",1,credit_card,5,51.04
fcdd373db44c238886a0ecf5ec332b95,1,credit_card,4,235.48
"73130e7702a070351d67c7859ed9e12a",1,credit_card,2,60.43
"329954a78d93c0af4e24aad8677ba9bb",1,credit_card,1,83.41
d5327cd12ff03acd894459da5fdd2511,1,boleto,1,116.24
"2faa51e1d770110c3f415c9b0a957156",2,voucher,1,142.75
"30eeb34e0eedff2e265d8e144a3b8c51",1,credit_card,4,118.26
"56ccc1571462d48192dc45fba66fb7d5",1,credit_card,2,50.69
"31b92cb404ea069fb4d978f3c8c6aa95",1,boleto,1,173.95
"70a7add6c9655bfb7721ca9623070b7c",1,boleto,1,126.81
"3218aff04047889f8c6eaafbbcb4ea4e",1,credit_card,3,37.00
ab010289ce552581dd007c7276d4e276,1,credit_card,2,46.23
"109ff01cec6b68a8e70ed431552b9be0",1,credit_card,4,263.24
dc6a29077e547f5fe4377f251fd1c5d0,1,boleto,1,95.01
"4d5e865e4b64c8b33f8a81fd14731344",1,credit_card,1,62.25
f8e3202e9cd8c0fa7214e81340786b36,1,credit_card,10,313.29
ebb764cf2623a3a2d00b4d06978f16bf,1,credit_card,3,45.53
"30ab609acdb1c2d3756dc46d1e7d93f9",1,credit_card,10,192.44
"9dbf98463571bd46e501a18aa7c2899a",1,boleto,1,107.85
"68db1e9c4b7bb26ce60fc4749d8b904d",1,credit_card,3,156.09
b7d7c101ddd012e7c338fa7d78602a95,1,credit_card,3,35.04
"4bbdafbc757c7f5a88e6fea3d982fe90",1,debit_card,1,64.15
"511629b91fcfb73e2e7ee747102a9ffd",1,credit_card,3,170.01
"92841cc24435590294fb25f6938e295e",1,credit_card,1,150.05
"5f92ad7a8f00f12846cf6f654966adc4",1,credit_card,1,76.76
c4d21595038e045af516cfd9f1496c2d,1,credit_card,10,619.44
da412f433b02b51c714944e4bdb8f723,1,credit_card,2,128.20
"3c0b25021f8a09b27020c445b8c9036a",1,credit_card,1,54.27
"4ec2eea90506ad5dd1284a1a7e4cafee",1,credit_card,1,41.13
"6ed990b44c245abc401519dfc68b4af7",1,credit_card,10,1006.34
ac80289f28f597052345117f4d4720ea,1,credit_card,4,45.09
"1d843e22f87fd9181266898d32d23a63",1,credit_card,1,78.42
"0ea948e1fe88f71d0724adcdf03f3a1a",1,credit_card,6,146.13
c22f4f00d48f26a217d8f07c7653b588,1,credit_card,6,138.50
cdff64a3d91c04db0d85fc966fbef30f,1,credit_card,5,217.80
"53e2d02e35bbcf2deb23911e2d791dbb",1,boleto,1,288.86
"0ed2b1a137a41fc9a7cba420e71a0a9e",1,credit_card,3,179.72
"52cafd5349b83c44cef90c267012a0d2",1,credit_card,10,230.90
"338d51c0465ed6b6de1c296960745fd9",1,credit_card,1,38.01
"546f8ad06a534934fdf15a5b1b10b9f6",1,credit_card,8,1173.71
"3584a4511f8aa783607bd52ff517b73c",1,debit_card,1,174.04
"89fb8b371b28dcc037a9c1f798eacc81",1,credit_card,3,75.80
de727a3ecd5c174c519d64573cc0064b,1,credit_card,2,77.57
"658028ee7633b50e656cea96a31274b1",1,credit_card,5,135.84
"61d9b48d85b81cc207e948c13dbd633b",1,credit_card,1,27.79
"00482f2670787292280e0a8153d82467",1,boleto,1,18.56
ba58afe54c3a57545b5f30a8f3a83d1c,1,credit_card,5,57.23
d3920d21fca6f163bb21d3fbf37270a7,1,credit_card,1,44.58
be6eea060429ae021a46df0a1990365c,1,credit_card,4,59.85
d3cff80fc89ebb26ca5d11beea4f3744,1,credit_card,7,153.17
"2a236d408cbbdc06f6019be47dbab042",1,boleto,1,127.33
"2928aa9673f513fc88b34511dcc6e005",1,credit_card,1,104.87
"0760c994a2f88f9ba4f19c5622906609",1,credit_card,3,127.69
fde57015e8a551f04dac99621c01678b,1,credit_card,8,398.26
"9cb72ea4aed538b235a9936b84656974",1,credit_card,8,280.72
"840609035f6daa3db6277e7a033b3edf",1,credit_card,2,41.69
"2c065390b0d9a4daae8b736170a3e9b8",1,boleto,1,72.15
e59dbfb7d81fd513f1ffa941fe849c57,1,credit_card,1,117.97
"91744dee3192bc28caf20eaa3c2251ef",3,voucher,1,20.00
ee9ca989fc93ba09a6eddc250ce01742,3,voucher,1,12.49
"278863630df775393788c491633cd3e3",1,boleto,1,186.95
a20cc916845a71844957398db346f279,1,credit_card,3,77.57
a9e82e27071377dd0aeea6b3f4352cd1,1,boleto,1,216.63
e3fcb3845afed436e7e07959cd3f0fdd,1,boleto,1,121.87
"6f6fb5a1685d21efac70b753fd9f70a3",1,credit_card,1,57.68
f1212e6a9a3c4bb982fa155936732fc4,1,credit_card,1,149.89
a967dc63ea8966470a83bd0cb2d7d749,1,credit_card,6,124.52
f1beb4a73d643e796b824e6f680528f9,1,credit_card,8,452.98
"2f99eb7c20846f2cfab5cf7c257370ab",1,credit_card,10,193.44
"304bf410920449182fb3294bc7405597",2,voucher,1,167.97
e750c043ac98c8eb957cb52789f126b0,1,credit_card,4,144.00
"89aa5a1ef8d3384037aafd0237d6bfed",1,credit_card,5,56.00
bfc653d1beeb620b62d4cee364228609,1,credit_card,10,101.45
"66d55d4156f12c0517474cdbf5589c56",1,credit_card,1,122.18
"9b2d3a2e24dbac479d430298eb8905a6",1,credit_card,8,238.82
"10c651c81fd0bec26524dab0e94090a5",1,credit_card,2,126.11
"17e474ff1065f1a6ae77b42169d8c451",1,boleto,1,174.36
"660aaf581bff579657fa00152ba11a7a",1,credit_card,2,133.63
"38f4048a89f04d7f0d74027b61128102",1,credit_card,1,131.44
"41baff5b293e1068640c4fd004b40972",1,boleto,1,199.57
ab879558e02a4aec8e7aa594146fd38c,1,credit_card,3,239.49
"06f157e2c7fe91f2e7ae8d344c6fd456",1,credit_card,1,193.27
"8a0feccfa6830618c4b985d3c49840eb",1,credit_card,2,63.11
"0168a7f186c1f066748d15d8c51f489a",1,boleto,1,158.20
"9bbaeca96f9c4a3be4aa32aefcd1cd11",1,credit_card,1,58.28
"4a51f8e9dff86ab803142a930f7866cc",1,credit_card,4,49.23
"5d2d954e72e7ec31baa0a784aa82a1d6",1,boleto,1,77.08
"6aaa7d9d6982325a6d29592aa3aaa7c9",1,credit_card,1,29.10
c9501c00fae501ebb1ac842b94bbf192,1,boleto,1,122.99
b2a3423735119b088bc62dd62cf053a8,1,credit_card,1,158.21
"73fc7af87114b39712e6da79b0a377eb",1,credit_card,8,397.26
"2fc1313d91489f3f305f00305b493ec5",1,credit_card,5,104.28
"83018ec114eee8641c97e08f7b4e926f",2,voucher,1,62.15
"51d0bfb610b182db85302e4f68eedc7c",1,credit_card,1,133.76
"80aa2135c5b3fe41dc3d30aa45bffc92",1,credit_card,8,625.18
"87dbf189fd5e4ff0a6846675d7fe9d0e",1,credit_card,1,119.45
"4ef6df7bbf4c593389204a817cd590da",1,credit_card,3,153.09
c7c6ca7db4f3b52d2fd70aeeb13d8e69,1,credit_card,3,218.72
"518a8da3b54c804945688f06fa29ee97",1,boleto,1,31.69
b7f12e29e55ecae289d444db518400ed,1,credit_card,1,14.33
fc4de496aefe84390ddbb5471ace9a8c,1,credit_card,1,224.12
f11cc2cb015566e4f853920015ae8cf0,1,credit_card,2,162.44
"6a8074244958b34abe3e949b948bb9f9",1,credit_card,1,119.77
"916c4f6b4d3cf3e78ebbf5c6b7e20dbd",1,credit_card,2,77.57
a7e92306fa96254682b3081d01ef6ba3,1,credit_card,2,73.71
e4406088398131aed8c21c5a4ec3442b,1,credit_card,4,109.55
fa6ae95493388e7d79e8da2b87087a95,1,credit_card,1,85.60
e1c82eeb4f8d5ace4c023bfb4c1d7ac9,1,credit_card,5,137.99
"91e29e944ec4772168d915912b251455",1,credit_card,1,77.22
"4d4aac37e91472a2cbb36ee91d35866f",1,credit_card,6,75.44
f8ce8242387e2e8b654ae2de173eae5c,1,credit_card,1,125.23
c92a9fd680f588dcff7ff22fce0abbcc,1,credit_card,4,152.27
d2945e686c883978378a10e49be7fb24,1,credit_card,1,99.23
"00bd2cb7e9076e1ccc9f766fc01a4cfd",1,credit_card,2,112.62
f1b1b5d6b3ec1564b2c5ac226d0d62c2,1,credit_card,2,56.78
f72289715f4416fb6e9a289031977b6d,1,credit_card,10,756.49
"5b3bc5b8d24159d46b9d4a9ff4383f8f",1,credit_card,10,455.82
"445e35406984b81b3f9109de8994e197",1,credit_card,3,102.84
"707b1eade17fb8a0c67c686946879f54",1,boleto,1,63.13
b8b632a58abdbcc69a744281a630ecd8,1,boleto,1,180.74
"98069064f6eef0a9910742e89aefd0b5",1,credit_card,1,102.03
fe62bcdcf8ce8da3e223a41f588abdce,1,credit_card,1,47.37
ab4f963cf3f826eda5b1b000a7af4de8,1,credit_card,8,133.07
"295b0d5e43bcba38d1f33206d5a40594",1,credit_card,2,63.33
"404056a6129e2c8e668b8ea4d5a98297",1,credit_card,10,319.44
eb785b1fc66ac703e6801aef45d2397b,1,credit_card,1,42.40
"31b7c794ac6847e341414fbd8eaa35b2",1,credit_card,1,37.19
"3e6f2b32accad480bf1508660cc2e609",1,credit_card,8,425.62
de83643596b6203d717e77769482e476,1,credit_card,1,83.55
"2ee77ee9cd8288db14b7af33ba98c163",1,credit_card,1,31.77
"19f97beaab0d2b8ba54f9a458629f5d6",1,credit_card,1,70.93
d877555d54e7b6c523dce69ff6eed257,1,credit_card,1,116.36
feb856bfe5b756097c5d2ff2773f5ed3,1,credit_card,3,33.84
"795b0bc608229d7cb45e79030bfa7d4b",1,credit_card,5,154.74
"74b718d85b8c1c2071fb5f4e7c7a1114",1,credit_card,3,220.88
f7541ffd5bcc27d83193554028f9127c,1,credit_card,2,288.06
a2d927607d821f3655717e2aa7eaa3f2,1,credit_card,1,51.38
"9d00e5dd1d0a6dc258a09e9c90854357",1,boleto,1,16.62
"86ed2440255dfb35605f2d01dc0a545a",1,credit_card,4,68.89
e2172f6d6406600e974895aa52e47b45,1,credit_card,9,92.05
"5320fb6f684caacf933c7f9597454391",1,boleto,1,156.73
"92e84486f579af569ada10423502d997",1,boleto,1,64.44
"35168c4d0ad93a212d42d3fea68932e2",1,credit_card,2,217.27
"129f71206f00d7fa856e19aa56618068",1,boleto,1,134.81
"5178acb217f7a75ee85a3dd00eacdad7",1,credit_card,1,68.13
"0715dfcf2383aa72c181d8b47f6cb589",1,credit_card,3,97.02
"5ac68a35d9480fc7de1f9b16df5d7847",1,credit_card,1,58.94
"829f21ada22c20b2a15c75f8b63a0533",1,credit_card,10,295.67
"6bf16500099d133a8d085444083a6c90",1,boleto,1,71.96
b7867c80a94b0b3e95293f637d913dbd,1,boleto,1,189.56
"80ae2209916afe530e522f74fc68339d",1,credit_card,6,61.39
"83ff9791592c2639213863eb5f08b1bb",1,credit_card,3,30.00
bc2aaf9052c275755277fc017f9a496e,1,boleto,1,49.34
d0edee3bcedfcfd101b0c1a59c2fdad3,1,credit_card,1,42.69
"6f31debad3e2a2d5613bd6deb3a6ebbd",1,boleto,1,51.28
"40c0445d738d244eae8975a8bbd2aefc",1,boleto,1,171.00
c719df673fd4a8bbb45e7ecc78269d89,1,credit_card,2,70.47
"660e589af9553d75506968867c922d91",1,credit_card,1,368.69
"7837962c3d0968b066e6e54738c2f307",2,voucher,1,350.00
"1dc515b4707d902bf791694a88e51d83",1,credit_card,2,173.84
"1204cdb049baac2f6aad4233ce740cd8",1,credit_card,9,93.01
e5e002b62cfa5c3917cd18d862778916,1,credit_card,3,578.38
"803fb022a1abcf6fa24b70fee9c7ac7d",1,credit_card,1,30.04
bbcdf6eade27ba117835cb683a80ce09,1,credit_card,1,151.78
ebdaf57f968f138db2203c944dafd49a,1,boleto,1,35.00
"6505566db69a6882dfdde71d55151eff",1,credit_card,10,175.19
eb3453fe7cce2e88a56d3621c7cc2d7d,1,credit_card,2,31.09
"1524aaded819ee3c06b4058825107362",1,boleto,1,98.79
c14e0917a7e78c27cc4af1053e2d77f8,1,credit_card,1,52.10
"5193dd91fa48d25115ad8e6c93067e47",1,credit_card,1,72.14
"59682ddba24feb11071cee1f0ed1ecd9",1,boleto,1,41.62
"63778352553a1b42b2990ec27ef28f9d",1,boleto,1,74.96
c2fd626797fb5ca566e69305eebca31a,1,boleto,1,39.85
c0926505809f1295c7ca6902c2c4d932,1,boleto,1,159.45
"2cd4d457a1de3adcdb9d8237cb975c6d",1,credit_card,10,1605.14
"5b57099bf3651259b4a02043406b15ce",1,credit_card,5,148.44
"99ecc26c0bd07bc0cbf2bc4fd1c6e3bc",1,credit_card,1,77.02
"1e28e69f84e592969c53f666961fb156",1,voucher,1,103.99
"61f3f649c1807a50b9bc39838901a844",1,boleto,1,86.03
"11bc84df322a800171eefbc060d1b69f",1,credit_card,1,209.23
"22dc3b0b3af4edea06fb011a04ee20b5",1,credit_card,2,113.75
d1a0874a41563f4f1cb865d11acec8e2,1,boleto,1,69.90
"1d047c7ee1b2d2bdb743f1abdcd4ffaf",1,credit_card,5,148.03
"348baece82005425558464257810b493",1,credit_card,1,170.53
"2d3e339e7fe1aec59de04ff2c3525a69",1,credit_card,1,91.50
"6a4c99d30fea593a981e1ab8e2605313",1,credit_card,10,137.48
"753f7035904112b0a9a575ed27f1da2c",1,boleto,1,383.03
d8f560d2563965001d1f853e74c82b0c,1,boleto,1,91.07
"2b0b75a2e7ebb3fa4a95e3b6ab121e86",1,credit_card,1,70.72
acf5ccf66bf3f5feb826e01d3766e474,1,credit_card,2,68.16
dc28b4fe4b9aee6d106b4fdb21e6c894,1,credit_card,1,280.65
"8a3d5a19acc2106e0567b04a904c8726",1,credit_card,2,76.85
"2f8691a66c1a37780996a2479e8bea62",1,credit_card,5,160.09
dd6c515ece101a11e169c82b0196880f,1,credit_card,2,132.30
"2cbb35d23159c9f44b1e6ee4735181d2",1,credit_card,2,142.92
"2f7ba623f95dc3038a0a6ffd1ff0ee05",1,credit_card,5,227.81
da5c3335442be11fa1a96ef5bb834a47,1,boleto,1,105.28
"1cb44c843df038496648b84a904aafa6",1,credit_card,1,12.06
"6e496cc6275d951e01ba4a1e527d6d69",1,boleto,1,169.30
"3a98a62b1abeae3d84a504e048ee12b2",2,credit_card,4,114.30
b9736e54fde9fad85e20740dc05bcf6a,1,credit_card,2,123.39
"1e6f350c900ca357945126e20117d293",3,voucher,1,21.23
c1fbcfc3ec3d235395988c3cdd61a2a1,1,credit_card,3,158.13
"126db85298f060d1b6fb6d032fd2dc06",1,credit_card,1,5.81
"19dfd69e0181a3b819c8de433823ee61",1,credit_card,8,336.46
"428b0c23ea7abb869b72f5a6d12ec4d5",1,credit_card,2,114.53
d56d253bb8a09c81d1ab1cfb6a03813a,1,boleto,1,114.26
"8c889ab361bbfe14ea5ebfb5ef7053b4",1,credit_card,1,172.00
daf525cd8a634a1b49dc7b09d332d85d,1,credit_card,1,54.42
"13ff6c4c055b81a28af3b21f157f4255",1,credit_card,2,65.71
a9d8070e7b21efa5414c183c918eb4d3,1,voucher,1,39.49
"50ef0803caecc37cffe206f09dbc70b3",1,voucher,1,85.58
c38813ffe793f98e9c552fdd4f0a21ee,1,credit_card,1,70.12
"2c13ece9c2af7270ebcba9ee8a33afc1",1,credit_card,7,734.09
b4d23e6126fce26562cf8bb6b5ae876f,1,credit_card,8,106.08
ca8446e47a754f1f72ae3acf393d0eb0,5,voucher,1,10.45
"6ba315d3028622e6e19fdb72e50b8ece",1,credit_card,1,38.42
"178358411049ad27f877b8964564528a",2,voucher,1,12.00
"8007ea147c63f8912e750ada3665086d",1,credit_card,3,172.44
"9b6105fa4cb14f57b7a7581fc23327a2",1,credit_card,3,100.23
"2e557b5d820cbc4f2f0e25b3867f8033",1,credit_card,10,538.04
a5376eacc65c47eeceb1e796b6c2600d,1,credit_card,1,102.46
"5074540fc1b349291fc4c4b11dea71de",1,credit_card,4,45.38
"746de2565dea8d35a273e6b7db1764b9",1,credit_card,5,262.75
"79286de1c26bd9ff41852780758aeb89",1,credit_card,3,68.12
"518a5aecdc43fc3f991f9d7241078534",1,credit_card,5,59.60
dacf07b003ccc1ffbf3d890a402329f8,1,credit_card,1,176.39
cedda2f47a1fb16e47db3dc393770701,1,credit_card,1,57.88
a4da095fd83534c9f86f28e6f7eea0e5,1,credit_card,1,164.66
bafb907417d324de4bc43390ccf3fbed,1,credit_card,6,104.12
"68bcf82ac966d850468884d06de1d41e",1,credit_card,3,155.14
"9d6fce663840af4f0e35863644f6c031",1,credit_card,1,2.76
"17588fcdde2c3aa1d7a184519728364c",1,boleto,1,65.00
"102b790156f60813474ed025355a59d5",1,credit_card,1,96.54
"5c66f20dd109b39605119d5627d6ccff",1,credit_card,5,97.78
"17b33c457230992a193f0e7179fbf104",1,credit_card,2,153.09
"208fd0f311f3bedefc7658b648736b8e",1,credit_card,8,217.15
e1dce34866435728863bd0fb8930d737,1,boleto,1,67.56
"94d319613cd8c3813cf10449f6049e18",1,credit_card,10,361.20
fd743a30d9c92e9f0b93a8733cd2039c,1,boleto,1,65.00
"68a3f6a339f98376fcc5983976802006",1,credit_card,1,86.67
"51c3d845b7fdb7a31412d12f4c5a12e4",1,credit_card,1,42.00
ef4927f51923ddcf7b75fb84f51126b7,1,credit_card,4,62.78
"2290b45124e2773329685c8dd7458e68",1,credit_card,1,83.63
"92e0a2b039d9ce627cbcc94ecf879f87",1,credit_card,10,111.70
f015cd11f6ab9d3d6834ee99ad9bc7b3,1,credit_card,3,163.25
"30f757bf1610a35332de6044caf5fd2a",1,credit_card,10,139.61
"45623f1421557207f2d93ca576418a4e",1,credit_card,5,54.04
"09b8c1e504ab1fce7031c710bd8558d6",1,credit_card,3,77.72
"2bcd39973a8dfd7a288abc83193497bd",1,boleto,1,338.68
b7f44ef7fe56341d2d0d0703d65a429b,1,credit_card,6,211.09
e69a5e21c8b1ef4923a65be7357b67f5,1,credit_card,1,56.86
e5454c2facaa42d8fcf1a1c5ab585666,1,boleto,1,116.25
bb05bd3bbacf1e3c6026b43b44a6631c,1,boleto,1,31.18
deecb63e53b1551c384f3b95913c1396,1,credit_card,4,48.70
"17de20f7c434b4c8c3a089b5bd72101d",1,credit_card,1,95.48
"5136243abaa9e62eafe37f8a7e985930",1,boleto,1,57.17
c3e01b655f3df3687080c7972d4a7114,1,credit_card,3,86.93
"8ec3dc58218022294d63f307fb8adaba",1,boleto,1,31.38
"2e9f87abd0b9cb4737c51a8ed7a4097d",1,credit_card,3,213.97
"60a7df16f9a8d8f38bd974b8a873167d",1,credit_card,8,198.96
"0480beb27028f701542a144a9882a0f4",1,credit_card,5,185.93
b5946695c1837e21323da65699b4e187,1,credit_card,2,65.29
d3244b7027fc12dbc070c6994d29ad50,1,credit_card,1,92.80
"86309254ed4a0698cf9b97e5d28637df",1,credit_card,10,276.47
b19b783be83450d0c4d0b92c5343a528,1,credit_card,3,30.27
"76b5cf2989344419461ec7b13b23fd3b",1,credit_card,2,304.81
"616fa7d4871b87832197b2a137a115d2",1,voucher,1,80.38
"2e0f8d9b7a9374b8fe5ab2d24a44364a",1,credit_card,1,93.56
"2aa70a3997b199cbaa277cdbdd11bd84",1,credit_card,3,76.66
c297e25bd82cc7de06d7cb843e1c599f,1,credit_card,10,260.91
ac4c31fcb560d160001849fc155285c3,2,voucher,1,38.75
"0193517cd10a54473b6fd8392b58313f",1,credit_card,6,267.93
"8003335035c9770dd19bb3906577ae60",1,credit_card,7,158.00
e1df7b6d5a2462a2b2e02725a97ffda2,1,boleto,1,160.51
"4ca7c5fc206f2f243a5cdfd1e32a614c",2,voucher,1,23.40
c0e1586eda89047d683b2bc7d902037c,1,credit_card,7,89.56
"2ce78bb2c1b4f43ed4cbdb05d6c87907",1,credit_card,4,46.29
"41d047e77cc83775301117a02c15b4ca",1,credit_card,1,75.62
"4ac0414dab9b48f0b168bb305b85df12",1,credit_card,9,114.07
"3db332b439966561ec7ce3123bfccefb",1,credit_card,2,167.76
"440210629ba4e9e0358429778cefe8b0",1,boleto,1,1415.66
"3d777cc1e8cdc96f0ab058c715cb369b",1,voucher,1,24.00
d29389c3c21bb08880e15429748e5ff4,1,credit_card,1,104.08
"4cd513ff3d4f0c420dca1f9f0b98163f",1,credit_card,1,30.62
d34f898378d4f1f59f6a5aa731ecc983,1,voucher,1,53.35
d4c47f44b9e6605aade474a5df5cc56c,1,credit_card,4,307.56
c7bd88346e0420ae1062da6b374e99e8,1,boleto,1,33.22
fedcd9f7ccdc8cba3a18defedd1a5547,19,voucher,1,8.42
"3e2c9148e8b9cca0ec6d480ee316ecb8",1,boleto,1,56.61
cf851a3ce6ce940823fdfb5b0a8eb337,1,boleto,1,171.51
cf893eae56a00ef5d7a02f3db19dd687,1,credit_card,2,76.85
b41c58f1cdb089998bf02e8fae313c90,1,voucher,1,200.00
"18eeebaf3c1d7f3bd775b5a8d36bb635",1,credit_card,1,91.79
"0bfe55f7a11b408e6519d50eb874b331",1,credit_card,2,260.24
"5ed3ad68a6b539929adf6d324f01ff01",1,credit_card,3,382.14
d744783ed2ace06cac647a9e64dcbcfd,8,voucher,1,1.47
"01719300f9ca182b8361556a3873d8ed",1,boleto,1,103.75
"4682cd5d4e927965b48164b36492ce1d",1,credit_card,6,77.57
"746894acbab13a8cb17e369fdee65152",1,credit_card,3,79.01
e90d8a867960fe909ecb460cb3a9e4d1,1,credit_card,3,88.15
"5e7ac1d3afa3583411b284bebd5dcdcb",1,credit_card,4,173.85
c471a28c25283860362c67c0a1cd1694,1,credit_card,1,123.42
"48ae288b318fe1497a1039b1eea9e330",1,credit_card,10,665.88
"34c1a691fc965ffffd792dbd8e7ac087",1,credit_card,1,110.72
"5145b58a90c0dfab75617173b511a9db",1,credit_card,8,370.33
"2b0a897dec5e098d39a6aad719ed97a9",1,credit_card,4,97.74
"9b5038dbc6702b00b24b9d493c82c371",1,credit_card,1,69.05
"5046ecbc1ce636485cc146ddd706a55b",1,credit_card,3,71.48
"5ab6f6a805ee9808c3f55b95e83c3184",1,boleto,1,117.51
"75b807e20fa82b17f1c29a7e140e88a3",1,credit_card,1,313.53
a380e6e7800d5e6d6fb008fe587e4202,1,credit_card,2,25.86
"3e8258e4c2c32ceee7edf19e88a5e013",1,boleto,1,152.77
e29d6e9ee9068425cc712d11435411b5,1,credit_card,5,152.61
b1594ffba16780b2a49a52748aa09236,1,credit_card,1,49.22
"9d37f81251d833e6328fe07745bfc2d0",1,boleto,1,39.09
a251945eec0cc0482667c716eab7c09c,1,credit_card,2,125.99
"00750f68bb64537034e93554c64b41b5",1,credit_card,4,137.16
b6fbeeba8ce77342619aa0311aff42d3,1,credit_card,1,54.15
c6c99f96854560866a50760e74aca378,5,voucher,1,20.00
"3ed44f394dcafefbeb7377f0450ba269",1,boleto,1,44.60
f1708e42407809453b1cd03f25c055e5,2,credit_card,1,51.66
cf44ae3babec65aa61511ec1730bac11,1,credit_card,1,42.06
"5d9b1cf79cdb606d15a2fe3dda0b38af",1,boleto,1,48.22
"4c0b506d42a6b9fe0951c6cc05419141",1,credit_card,5,109.59
"4a59e2d39100c040ae4b76d2e18cbc10",1,credit_card,1,92.57
"8ec29b681fd22a8225b16acff79330a0",1,boleto,1,193.09
e65d919c8e10d902b34ae4c8aeb57ae9,1,credit_card,1,177.87
e140deee5e833b2f83a5ef0dcc602db9,1,boleto,1,116.82
ba6fe5e92a31200b06b69c99171eacf8,1,credit_card,3,82.68
"1e6c83f252357f4c9ae0df874887ef7e",1,credit_card,1,30.66
b474873efc88629c172f639f9b47138d,1,credit_card,2,22.84
ad8f6641cb556bea52f1b3f0d08f1fca,1,credit_card,2,133.86
be19c89e952b0753ede2df15da96351d,1,credit_card,3,155.14
c4dea722964c1f4d4a32417dd68947b2,1,boleto,1,87.80
"32b65057542330adb6513a62849221be",1,credit_card,3,35.09
"9555e91e7977061b2d8bcc8820fc40c4",1,credit_card,3,265.75
"7df7653547bf44ffc3ac4a10375672cc",1,credit_card,6,266.07
"29a2fc94d071b51922d95462458c6c7f",2,voucher,1,34.69
bb4412024038d07d6662179fe273519c,1,credit_card,3,347.67
"17ed1321e070162865d53d1cbb1f08bd",1,credit_card,1,49.95
f54fc4773a70856861f06fd47df664aa,1,credit_card,4,151.27
"227ccb58caaeac742a273c01856d523a",1,credit_card,4,88.44
fd10d31bdfb91ffa20c8b037fb9bdaf0,1,credit_card,1,32.33
"558bd4996eeddc5e4e29295bcec08e32",1,credit_card,1,39.15
f15a1e73acaf52cc00304cd1c2b5f09d,1,credit_card,5,137.99
"6593a7ca55b089cc240f79d582e3300a",1,boleto,1,53.90
a36b30ffa314719ec4905208a46387cb,1,credit_card,6,179.90
add6fca600991376414a6352a0bf85dc,1,credit_card,1,98.09
"6b6e94314b51fb34f0f7724250d70914",1,credit_card,4,183.25
"9f18c993eae62038ac5401de4f757054",1,credit_card,2,135.06
f46d498479ef20f7cbe0d471d9ca0bcd,1,credit_card,5,272.64
"6174441865ff6d9fd4ef874995201e9e",1,credit_card,4,64.22
"01d48ed99667ce49eaeaa7980a31b987",1,credit_card,1,31.88
c806951ed2556522be8fbace2f4d36cb,1,credit_card,1,49.49
a2e13e9b62a2a53c4f78d2af3707155e,1,boleto,1,227.27
"0f7384f686835a44a5051256f65b5b8e",1,boleto,1,35.62
a7b5335df0e4011b78171b889fc52a2f,1,credit_card,2,44.20
"4159bafe6c17fd0be809be0840a1c2c0",1,boleto,1,76.89
"524802fb3df670ef6612573f2d434b10",1,credit_card,2,226.57
"171d3263754e4e5227db940932f6a97f",1,credit_card,1,26.49
d04d69f547962363d9ddba414975a8cf,1,boleto,1,216.63
"3be5256ae9320c0c96853f3832dbd122",1,credit_card,1,31.38
"544f1ebc2ee31c6f923a4feba2e0677e",1,credit_card,5,88.68
"97173f6b3efbc425e8b288645489e57b",1,credit_card,2,111.32
"35a86fbb7ece0e99565ee0213d06c860",1,boleto,1,263.87
"7e232ee2936aa0eb7a2092603d163c03",2,voucher,1,29.92
cfce0ad0c924cecbe5fde10535420084,1,credit_card,2,403.36
"64fd78c83d0cab22a8284559075fbfb9",1,credit_card,9,92.85
eaee2825724ee0ccf396e0d0e61321df,1,boleto,1,33.51
"779c5a7c2cd3e729d3195fce1837445c",1,credit_card,5,70.38
"2ffc1bd0212c5ba712e1da786b4328c2",1,boleto,1,74.16
a3eb93cccf2b5bc0c2f0efcd29d0b412,1,credit_card,6,69.61
"058af2b14bd6831bf3350cc96b0f4822",1,boleto,1,95.80
d888f4591d9dd27281a58331a6a9db93,1,credit_card,2,101.70
"49a4ac17405a0e93eacd89de7e081904",1,credit_card,1,27.80
"396c9aae0975f1a701dc7ab136a676c5",1,credit_card,8,88.36
"420279d8b0ac26f42d2e3a4e8dd959b5",1,credit_card,1,106.29
b37fc42b9b16ca9e092edcf0c06bd1f5,1,credit_card,4,180.53
"20109f40b1a81ce4ec90a30f1e625046",1,credit_card,1,5.19
"60807512895403580c67fa1fade73bda",1,credit_card,2,162.60
"92be217451e443e50d816ab21286d00d",1,credit_card,4,77.22
"45863486f903e4fbfe9a18dd7aebb8d3",1,credit_card,9,91.68
"7c9454e9734bcf938b5b50af50269688",1,credit_card,2,27.29
"34b1401adf2ab260c3adcf2c2be847dd",1,credit_card,3,300.38
"311354a710a3326281f5ce1ff0149d09",1,credit_card,5,178.27
"388de25316d9a1c7eb4ffe3f7d73814d",1,credit_card,1,15.10
"03ce210a1614bb5a5bd3f4e3296840a1",1,credit_card,4,558.16
"313f25a83d55c705aebc12f1296f5059",1,credit_card,3,52.73
"9f8cafb0bdf2f13c7d2406c36296592b",1,credit_card,3,127.32
"5685548b79358ab0ae555e21ef9cb4ea",1,credit_card,6,234.33
"54e18621b0dcda1233f2d5bda4effa58",1,boleto,1,119.84
beaa9a04baa88f8e5bbf8dc2f28a1c54,1,credit_card,4,216.82
"55b5a2fb966c36bed46f082ad6062914",1,voucher,1,16.84
ef445757c25db3525a25a2b9641ef288,1,credit_card,1,50.95
"0167c361757c75999575cfdd8f8695f5",1,boleto,1,162.55
"17e73283864f2c7bbdb6856a2b7bc13e",1,credit_card,5,196.11
"1aefa599718889d91d33240e5b8eb62e",1,credit_card,6,202.56
"2353193a857232c5eb9a7604fc505089",1,credit_card,3,291.57
"315f7759c3f6557f50e47798ccd673a3",1,credit_card,1,45.95
d9eabc69f974b3d088e991cb7a7f08cd,1,credit_card,1,101.64
bfcf79aaae774aa4030a0d2e2046c525,1,credit_card,2,48.10
"52aec34b3aedb6f8fd1196c22af30834",1,credit_card,8,308.70
c54c4dcd2ad83fe552007e32abd35af7,1,credit_card,10,416.43
e17d3302a2923d0185757dfca4243419,1,boleto,1,57.31
"19179eded4e54ba2c63655b3708f4fc0",1,credit_card,4,137.30
"851edd7bad3021e86dd7fa72e9a5688a",1,debit_card,1,165.48
"0608b2d283db5e818a5056e8afc122b5",1,credit_card,2,53.39
"1ab14cf1dddb5af11ba2016a5368c210",1,credit_card,3,284.33
d85efeeca6be7949e59458c5d26169db,1,credit_card,1,82.12
fca48763ac254b18f48de642701d7b48,1,credit_card,10,309.94
"7db64bdccb109046ffe4247078409ceb",1,credit_card,10,522.89
"28598ad2a5574e7033f5b0e51c30f6d3",1,credit_card,5,285.36
"3d31c5a5ea3e7ac09d26b11660a7e9ee",1,credit_card,2,128.10
"8bee87d19d77da4782190d630e85e980",1,credit_card,10,377.03
"6e2ad17eed7ed4d65a36f2441c7fbf9a",1,credit_card,1,83.23
adf6c7a4c57ba5caa49483326f12cd3f,1,credit_card,5,229.74
"14d296847a335160b30c1e6afe4d011b",1,credit_card,3,136.97
"334bdd786e5d50231aac545ecdc7e291",1,credit_card,7,77.94
d046c8b9f07a115ce6faaa802666cea3,1,credit_card,2,53.19
"056f1217c54403f6300ea6b50f6716d5",1,credit_card,1,70.05
bd22679f67e770fe1a872d8d1b85f985,1,credit_card,2,72.78
"86f9158c646801ca3b16b26373ba78da",1,credit_card,4,92.32
ea5a4621227b0158f41da12e948e6267,1,credit_card,1,19.33
"61fa8d2ee24cc80feecf24ec94c68e8f",1,boleto,1,487.64
"1a02b5e9d03ba5e359d175f5185555b3",1,boleto,1,78.51
c92d9519d152fad30fdcaa7bcbdbc30c,1,credit_card,4,126.11
ae89f3c648838ad99ed4616f05b2662a,1,boleto,1,117.15
a35a89e3ad801a6af8bdc4ecf67e0611,1,credit_card,1,98.14
b37380488594eee7d40572dfe9218120,1,credit_card,1,90.38
"975762e8331635cb22c551ef99427867",1,credit_card,2,166.29
"70398b900647b9a57f8ff2886f0cc942",1,credit_card,1,104.87
ef65ec5bddd94d2fbadc2b861827ab04,1,credit_card,5,228.69
dc70e9ac18df7e49a5a51fb2ec9a5b02,1,credit_card,3,39.09
"901db8b5147279a8318455a65fcd653e",1,boleto,1,29.10
"8b86d33f9f1ddd6dd357b35d1670bc29",1,credit_card,4,44.41
adb1748adc3299b13377d760724388f8,2,voucher,1,3.57
"4d9f516707478b41c5932a3a3fcfb733",1,boleto,1,81.14
f4f42b3e966b1ca5c443c6ce12dd6032,1,credit_card,1,24.64
fdf7396bbd1e126f45ba0fc3896360a7,1,boleto,1,1043.46
"098e78dea9fc1a1e1e49c220f27dcea4",1,credit_card,4,317.00
"4e6998b16cea0eaa364e4e20c31ea5a5",1,credit_card,1,173.61
"27ad3cde457631774a337c7d7bad4285",1,credit_card,1,58.16
"453d23c01dc7a572130a7bd307202429",1,boleto,1,208.74
fee65893d04eea449ea85e69ddef8e1a,1,credit_card,5,53.24
a71763b37d5723556f170c6b45f540ed,1,boleto,1,33.23
"7a91897e9a963e01419698c8927c4a31",1,credit_card,4,106.07
"9c047f1058da1c399c10a1526f528855",1,credit_card,1,70.89
"4a71c671955d20b872ceb6758387a3e5",1,credit_card,2,312.88
"045fdf416ed4db7ae710009397448586",1,credit_card,6,186.52
"2e2cbb3249517eed43f1192508daa71a",1,credit_card,8,1052.49
"9142a3c29501af1e90aa7eea2a6949b3",1,credit_card,1,133.90
ea5a5e11ad8f97f731325b326cc2f3e5,1,boleto,1,65.71
"73641b2238d71494b912033b7fddf8c2",1,voucher,1,105.28
"189622f157848ba3ed54191c7538e07e",1,voucher,1,144.75
"7ed7752bf9dd6de1da9e4dced0e6e120",1,credit_card,3,162.03
"9c3580e890d4e5c7a6f8ca754b9aff45",1,boleto,1,157.29
"186e07e37d4253c4aaab5f2aa0cf4136",1,credit_card,5,65.27
"4ab2f2ac4c50d1a98dab6d9541a633ee",1,credit_card,4,88.28
d22b9cdf085b4c46374d974de5b98296,1,boleto,1,29.59
"824f7b83ad5c2c56384f4e6e8a8f2750",1,boleto,1,36.24
"4e6a80e9e0629461dbf8735ef09cf392",1,credit_card,12,142.06
"29f5eee55471690bb64be28bdbb7f11e",1,credit_card,2,66.69
"9174fca54bbd6e4bef29bd8cebea449a",1,credit_card,8,848.61
"2f124d00fd77d40d0847e9c97db27ce0",1,credit_card,1,19.14
"715cf0bf4a5b1cfaaf01d77a000d4c8e",1,credit_card,4,137.08
"893898b048df9dfeafedf2c86eb5037c",1,credit_card,3,134.09
b2645c2a65c62e9c18bf2a83d10203b6,1,credit_card,8,307.42
a78b0514381a2ddd033d250ffcdacc13,1,credit_card,9,130.84
"388d1145ac72ea94751f572092f5287c",1,credit_card,1,38.01
f9161376e0d004c0b545db4e4bfb4e57,1,credit_card,4,70.14
"91c506e966d7f684b4fa307b02341fcc",1,credit_card,2,211.60
"9d104772bdce3edf86e439b682078c3d",1,credit_card,4,131.38
"3f35998ab9e335d4bbce362585565265",2,voucher,1,99.89
"741fd1b80f015f170a7f458cf86769b8",1,credit_card,1,106.38
"2e3d78ca3205d0f465ee058d803f4b4f",1,credit_card,1,66.63
d1f31783129ddeede87b72ab701d0e8a,1,credit_card,8,170.23
"349021a1c38809e4b11418c2f8586c97",1,credit_card,10,132.57
"36b746722f243c380682b35477411750",1,credit_card,1,64.23
f198341e6128bab227040b4a8a587b29,1,credit_card,1,138.53
"5381727270fcf411f98509c7462ea3e6",1,credit_card,5,309.48
"5fdc1bf5ee308d53a4d93be57828c888",1,credit_card,3,298.38
"220f16b082fb12df459a193b4bbf9dbf",1,credit_card,6,135.94
"4183a895b0b1ecb44aacb723661eec8d",1,boleto,1,90.89
"06661c686ea79767c8ab8b8ffa3e62fd",1,credit_card,4,53.27
"3cd4d6461c966c84e6547503dc04df2a",1,credit_card,9,729.70
e2d0923acc7f5586db9f45b5adaa91c8,1,credit_card,10,217.82
"839603976328ab364c4ff2b4d806de8f",1,credit_card,1,47.62
a52afc640f675ddcbf056eb1e7967bc0,1,credit_card,8,179.51
c586249094ad18825980782ff1b7d730,1,credit_card,2,187.47
"54d6ae8b557cebe3a01965a54c4e4106",1,credit_card,5,105.00
"35216574e06418622f9a9ece821b8c8a",1,boleto,1,169.64
"79b7eb93349ff756b079e5cb0195cd1f",1,credit_card,1,437.75
"81a57f43681d0997118092af56f37ce5",1,boleto,1,35.96
fd8ab59feb3c7d481d9bb6be532f8b11,1,credit_card,3,165.92
"27c49d4a7b5ffac7a824721909617820",1,boleto,1,116.74
a62816c471ac76e802a3abdfad00b5af,1,credit_card,5,88.48
fd22e91229997472d843aed4e2be8965,1,credit_card,5,57.99
dfa136dd7fea189934b6e9585e61d3ed,1,credit_card,2,106.33
a7765f04ecc5f2e0683f08a97ee8174e,1,credit_card,2,82.90
"6df6c9c9af6ef75b4f06f8a7b9f47e9c",1,boleto,1,28.10
"4f709a231b1d99a9e12f4f86f458dbcb",1,credit_card,8,368.11
cfcb538b0e3d703532d8676f72674a66,1,credit_card,1,87.64
"8a0c45c3a220380c7e82eb944150e5e1",1,credit_card,6,332.12
d1a9489720f6071530979a98e14b2772,1,boleto,1,81.89
afa7ff555249234a1316e4b88f5f5aa3,1,credit_card,1,43.99
dd38bb2616d4486d83368c43f16e04eb,1,boleto,1,48.52
d2f8ef9dd1714fcac7de9f0aef13d21a,1,credit_card,5,247.51
"8000f59ee550d96d1bea2af205da4cd9",2,voucher,1,59.66
a0c1ac2d2b7ee099ba14b612a76b6187,1,credit_card,3,94.30
"2372d0c3ea71f023b269f1c1ba34f675",1,credit_card,3,105.70
cad8ab3b1083311bd57b8ea9aa7c1c85,1,credit_card,6,143.46
bcacde1646a9bcd27d5e0fc25ee685ec,1,credit_card,3,471.60
"422beef43d75298fcfe50fea1a6556d8",1,boleto,1,335.31
"3d5ac3886057103d59fc294cef2677e6",1,credit_card,3,37.60
"68986e4324f6a21481df4e6e89abcf01",8,voucher,1,56.15
"139be8870b91e71fd70bb366305c8cde",1,credit_card,5,142.46
ea1104bc82d4e7144bb17b3d7853a930,1,credit_card,4,91.06
a9eee8decd3e1383ae72091607768f03,1,debit_card,1,142.27
"9d3accee31f94310856759efbff805f0",1,credit_card,8,230.73
"7678a9ec36abfc35527725816936da8e",1,credit_card,10,100.26
"5a082b558a3798d3e36d93bfa8ca1eae",1,credit_card,1,24.23
c2c532396648bb54b975a3f2f7845884,1,boleto,1,43.27
"0e5c4fff98e1b7885f4ce7e7e13e37f1",1,boleto,1,102.72
"54797a712266c03924f8da87ff635b14",1,credit_card,1,64.38
cb821fdd07b85eba7459df8a7859c65e,1,credit_card,1,40.38
"627bcc1ede93534cd39bf82a8357f0a8",1,credit_card,1,59.68
fe49401155e0ef1f8ff4e1fa13ebb38b,1,credit_card,3,231.79
"67d1681c8bb9f9eb28f2a9beb44b8636",1,credit_card,1,14.04
"6139511ae07bf8fb7011174557ce663d",1,credit_card,5,107.78
d6a1328be8ee25bcec02c6c659e41618,1,credit_card,3,39.28
ccf572d63a735cf61e606a64d665fe95,1,credit_card,3,197.35
c09e8c8ef923378f60d8ab37827eb58d,1,credit_card,8,192.56
"3aefaf9d41208dba8b2c336def99b00f",1,debit_card,1,56.01
"7fd5523638d14a53e83d0a9557082002",1,credit_card,3,131.37
"18b0e5ee71617b58ca825b6ea8d94255",1,boleto,1,68.73
"697c9a80085fcb5f4532d540fbf73e43",1,credit_card,2,237.63
"1fed99a98b731643b3b81a56f08b4bfa",1,boleto,1,203.30
ea55dd40acfb6206bdf910b5e903ff77,1,credit_card,3,130.56
b59976950624cdf5b8be6b9fddcb2460,1,credit_card,1,53.61
"41d0cc817d720d7f3860716b335a3cb7",1,credit_card,2,131.89
a5f48911613f243e89209587f3d37aff,1,credit_card,3,115.05
"08921fc98ee1dc54454ae8af90493c44",1,credit_card,1,82.33
"9b5852495fdc959c8d7d069b3c328502",1,debit_card,1,258.50
d4de2f5093e11fecfa11da7ea4a09a21,1,boleto,1,251.54
"5df41d8270624e3bcd155e2803cd3fea",1,boleto,1,178.12
b196564f2fd79a80ab1b31dd8ba4e4fb,1,credit_card,8,274.56
e1b535bf997fc6ff4e8ef4de0b0f3f6c,1,credit_card,2,87.80
"0aeae2c3fa49561fa9d2147d8f99d7c2",1,credit_card,6,60.00
cfc8693f5a72369e0b4cd8d2f4f01ff1,1,credit_card,10,739.79
d4e497fbb372f7fa8565a310a7243b53,1,credit_card,8,403.00
add4f182072426430ee6c993eab97efe,1,boleto,1,380.68
"7ed08db0f0302d934302bda48741ea6a",1,credit_card,8,189.07
"7c9b7626c3fcc8aa638ece47810323b2",1,boleto,1,40.84
bef5d5c7e0fa907f3aefa9d3873c4f90,1,boleto,1,235.69
"7983542b1539fd0eb5c18d062ee04e34",1,credit_card,10,122.34
"7a36f62bdb082d4acdfb07a8e0c7f0ee",1,boleto,1,23.82
ddd9c425db13b8b55a6dc676634ea208,1,boleto,1,159.40
"685eef0e70bd850df886871cc0917e81",1,credit_card,6,337.56
bd414233109bf4490d08e418ca8b3226,1,credit_card,1,55.01
e478568cc3d592abd0ea9dde224012af,1,credit_card,4,261.36
cc45933a00838616a60b830294189038,1,debit_card,1,37.61
"495f50370bfcd6d6d0b950516842799e",1,credit_card,1,32.13
ccb8ee5d95fda81582a5b5075517026b,1,credit_card,1,84.84
"4ed127b02fb1ebdaf9a0e4be8ca000f9",2,voucher,1,148.94
"56f46fb5630f80cde51dfe4f07de78bb",1,credit_card,7,79.56
"8a3ec851fda600089ac1c69ca40215c0",1,credit_card,2,56.29
"85bb0aae7a51f1e5e6541dded1f89a86",1,boleto,1,266.40
b533dea24ada4dc5c1a9041d25d7c812,1,boleto,1,30.42
"4c4590c53b8582812e4bf510d3e55e58",1,credit_card,4,77.60
ea72009e972388b2881aee7fd39a094a,1,credit_card,2,152.61
c118358030a8414b5f5f8429c4f368e0,1,credit_card,2,219.21
bd80a1b56163c6fcce585462d490ab36,1,credit_card,1,16.28
d1292690e5d721165cfcbc331e8c46ca,1,credit_card,1,151.22
"0dd7345135d5cbc4c660b3eb4085e19e",1,credit_card,3,33.84
ae8fa27148ecbda49deeaf25014dd775,1,credit_card,10,191.54
"737a2768fd261ef8391251a0ccbf150a",1,credit_card,7,75.79
"538d5b9c472ee5e0f766651adc2e016d",2,voucher,1,14.41
d8873bf094241e89baf8a0c73abe55d8,1,credit_card,1,157.13
d304c1d37685ed533e5e16e8e74ff2c1,1,credit_card,5,262.30
a826cc67324e880829ebd6954f6ed5e3,1,credit_card,2,142.18
fb0eb3f76da8e00ae19795115ec51d47,1,credit_card,3,148.38
d1ac63aca67ffb34f4c1b57391e596ce,1,credit_card,1,26.73
"3c885cdc499dd0042129083823a88e7d",1,credit_card,8,241.02
c745e617482a01d21b32bca11a598621,1,credit_card,1,66.19
"094dbecbb0ab054a620f21c04e82df03",1,credit_card,4,41.71
a0e5e8a92adebf62f063487d7af24fb1,1,boleto,1,41.72
"80606b26965c5ed21e85a085e0667b63",1,credit_card,4,178.11
"7b068ded011750b422766fb0dbf020bb",1,voucher,1,207.20
"24c5d6cc9734ba1c383389ced0ea2ca7",1,credit_card,1,165.80
"01ccc64a2b38fdb87c25cb1944934670",1,credit_card,3,212.12
"092ae6b690ac68b7ced1f67eaf5e37ff",1,credit_card,10,186.59
"8e76f4ac6aee1d6013e40279de68a7cf",1,credit_card,10,110.56
d59cc61c2dae8aad29577564430a4e6b,1,credit_card,8,83.88
c239d27bdaa2e41d739d0497a59900a9,1,credit_card,1,36.46
b88679bb25b44b2557f14eb76eb80054,1,credit_card,4,185.03
c05084e1e3018ade16fd6ef5b23e3857,1,credit_card,10,470.73
e747b099854432937d27178c640102bf,1,boleto,1,36.78
eb6b32a82d2459d0ce7f2089f9eba0f2,2,voucher,1,10.40
"116916cf522fb4386293fb7cfa886e7e",1,credit_card,4,485.59
"54e52a2c76449b9a634705a5ae9684a9",3,voucher,1,81.34
"3b2639c14a48df0a716ce3bb0c9c6735",1,debit_card,1,302.37
"97bfa91db4bea5977d7f4d5802d186b1",1,credit_card,10,317.15
"9cbcdb9b66b405fad4ce66814cf634d3",1,credit_card,3,115.35
b52571bcd79c8d0e16272c548228a5a4,1,credit_card,5,523.98
"0573f0fe44a09808d06e716ae1a478ed",1,credit_card,1,137.52
b934d5a120aad44cdd919ef7252f9b0f,1,credit_card,8,179.12
a531f18d52ebc430be165b4ea5a7bf5b,1,credit_card,8,176.99
"0014ae671de39511f7575066200733b7",1,boleto,1,30.60
b9a7b23fbd0e02128fe7dd7a9dc7b486,1,boleto,1,35.13
afa610ea863dee3d85954aa87a22ba6f,1,credit_card,2,35.84
aa5604bf192f6ee61a0ef7b63fed898c,1,credit_card,1,229.00
"5a758a59824aea6222170f9aab45fb0c",1,credit_card,1,77.57
"5cebbdc79fff7c3b78bfffdf98c939ea",1,credit_card,2,247.83
"5c5e60b90539d3fdf6ea923f19567ee5",1,boleto,1,28.68
"4478be65e69dff16ebd5739137d33057",1,credit_card,2,26.77
d4005327f11da579bc626fa9c21518f3,1,boleto,1,66.85
"4bafda97f5402269975aa9d45b82b9b2",1,credit_card,2,139.38
"8583257b3c36c8ea0b9b0644b21567a8",1,credit_card,1,105.78
"3367d93673eeafe8986194cfce4f2770",1,voucher,1,64.10
e80bb64fc4adf8e66ad79b258eb329da,1,credit_card,7,145.46
da0b8ba8e2730558871c2f9eb672e787,2,voucher,1,55.47
ce6ff4543efa5c36ab4ee967236674db,1,credit_card,4,91.28
"3eb107cde8cec14d216034ea9fad2866",1,credit_card,1,102.03
"6963678ab394ef16d2dbed6ee6d07c44",3,voucher,1,78.89
"04e289ce03d58b279959796d73dee219",1,credit_card,1,47.00
"1629176e313470cd1d1bc811b4695065",1,credit_card,1,36.78
"66eb8c748be99c3107d318f370cd9aa2",1,credit_card,1,134.27
"69fe44146033a055ffc2ac0b670c4b11",1,debit_card,1,19.89
"062e658558167913d261c1089bf9357c",1,credit_card,4,153.24
"1f69e4870ffb8313df2fef3df0af2718",1,credit_card,5,415.83
