"order_id","payment_sequential","payment_type","payment_installments","payment_value"
ada8de3a9486cea2fce7f4b00319cf3c,1,boleto,1,123.75
cceef4fb6d7807d091651d4f6bd0502e,1,boleto,1,96.72
"915e2d730ef38d45a41bad2a89f88950",1,credit_card,1,6.16
"81e2f3f9f9ab4dea091b20c7a652290e",1,credit_card,8,307.31
"66cd3a1c2edd13d9da86b50aca9e3d32",1,boleto,1,37.93
"524e1be52afa977f77d263a35041c19f",1,credit_card,1,102.92
"0e8488c62611eb99cdf174e019bf9d8a",1,credit_card,5,313.55
a10ec5461868aff48d5eaf7c81df51a2,1,credit_card,1,45.09
"9734c61e70431951ceea6da4c1c2a063",1,credit_card,5,333.44
"6a98fdd0da4868008ed2b97194165cb7",1,boleto,1,50.56
"0341b60065c49221a27293793f11b117",1,credit_card,4,125.33
"5ceeb4a88fc37f44a87467ff7d05d23a",1,credit_card,10,329.30
"13f2f496cc080f4443dc54b93b75a968",1,credit_card,2,133.62
"46119d4ee7d3833acd9807e510fd9790",1,boleto,1,148.58
"40a1b377583e234ad0cb70b2a7f3ea30",1,credit_card,1,518.93
"178dc9ffc66f1968787b253a9318cc29",1,credit_card,4,241.51
"4e8df4f2ecd486fc4854a0c424593079",1,credit_card,1,150.37
"1400d6665ba7f18ed06ea15ab083203f",1,credit_card,3,45.40
"3b8b089bc022c76fdc8a31a7db000bb0",1,boleto,1,65.22
"10f70d48b35870bdaaafca92fe51a573",1,credit_card,1,93.01
"08a8e10798c6955302701d17eb84fdc0",1,credit_card,1,164.45
f34cb8566ce1b66fc30926aaed89a2de,1,credit_card,4,106.87
"6c636e8cee90bf0aac0ec71c90f873e3",1,credit_card,1,73.13
"2fa565240e8353e7a1ad78347f8608fa",1,credit_card,2,101.92
"9eb625cb452456dcf60ac5b2ce2ed445",1,credit_card,2,100.25
"8a6927284335d25c41814675321cf9f4",1,credit_card,2,114.77
"675c52d8dfa16aa7a3b12b6ad7466fbb",1,credit_card,1,72.14
"63e9e738932324be5afdf33f891e4848",1,credit_card,1,88.00
"055b09c841dc52097e688df51b163310",1,credit_card,3,202.08
bb5c56055a2362690b31944465465f8b,1,boleto,1,72.33
ae8f17ccd841c2dcd9c8149a2ac7ae65,1,credit_card,1,46.97
"6f14ef9e1c67a1ca8e572a477c1b58b1",1,credit_card,1,264.06
e4c9031df14928b20f99e53c11d6e1d4,1,credit_card,1,35.84
"0dab9a07f01db0bee87c3affed50eccd",1,credit_card,6,232.97
"6c42e7be04d9ebf21c409e265ef01c5d",1,credit_card,2,119.39
"9110751e359ba8d080caf6eaa34e7e8c",1,boleto,1,203.90
"0a275b76a325d0ea648f62a087597d85",1,credit_card,4,208.60
d44913f6177d1b8a369a477ab2823aa2,1,credit_card,4,236.56
"668cc6e441f0a986cf09c787ff80463d",1,credit_card,4,120.16
"5181858c29858ceca3dd9e548a42b2b5",1,credit_card,1,114.42
eb5ece07af1767cf4ef1f4a8eeed991a,1,boleto,1,23.42
"9dda75f3a1a15b58eadee893d4d4263a",1,credit_card,8,167.29
cc22c1079310623da121859201a35682,1,credit_card,6,68.05
"6e821c1f2504ac8ae2e154ab1e4f933e",1,boleto,1,90.88
"6e0773d1bf763019a9e1bfc1703f1aa8",1,credit_card,1,185.85
"92ebaccb732e2b347a19dbc3245fcb27",1,credit_card,3,38.59
"9d77978d536fd7c6ca5ec414b63e1459",1,credit_card,2,87.23
ffecd5a79a0084f6a592288c67e3c298,1,credit_card,1,113.07
"71afd4d3202442d362d5e52112ffe080",1,credit_card,6,218.49
"2261b9c8d492c061b64df8558ae4543f",1,credit_card,4,55.00
"45d02e8b6979040aea7168cd283aaa7d",1,credit_card,8,269.41
e9f01d29281098ee776a7954eae03dda,1,credit_card,3,102.74
"21387c13929b880edc728f519f72f0ae",1,boleto,1,81.89
d2733958b49450e568a7cda310ac055b,1,credit_card,10,1014.99
efb61fe94b0b5ebe0926dcf8228e29a4,1,credit_card,10,207.32
"80d73004530edf9f79654ad0cc012f0d",1,credit_card,1,130.55
"7e41af71933a120d6d0fcf9249f19a85",1,credit_card,1,34.71
f83a0ce66c457dfdf564dafa364ae1d4,1,credit_card,1,66.26
"4bd13580e951063d19e99e60bc4d1492",2,voucher,1,267.52
"7daacf43d9593e9a2959cc753578ce09",1,credit_card,3,67.03
c6068d7bd43960fb4924a456c897d52a,1,credit_card,1,27.77
"28572ca6264628bbdcd513eb363d6b3a",1,credit_card,4,110.00
e6cc57f923c4dab2222b8c9aa8742eea,1,credit_card,1,128.54
"89df20c6ed881fc9d841a717c76a212b",1,credit_card,4,40.01
"3ce5f19b0313072214db579286e3734c",1,credit_card,2,175.65
d2d2c59f5bbcae1692a65207383dfac7,1,credit_card,10,131.73
"421b4ffa3b5162cfda443317c902f866",2,voucher,1,187.75
"54d4c91139989884004cead3291a4a32",1,credit_card,6,63.59
"1d0eb66672e5eff7b487f906f5a619ac",1,boleto,1,83.48
fda1a539f5eb9cb47272718d3b833f79,1,credit_card,1,107.08
"98e54035aaf4e7a4b0464f9e6066febf",1,credit_card,6,146.00
d74872a40866989344f6470c6527edb5,1,boleto,1,44.00
ab532e8d49a6cd8848ec641843b39b93,1,boleto,1,45.64
"13580847458b662c5919901d5d9eae94",1,credit_card,4,172.81
"77964238e13406d5f49ae1602c93b5bd",1,credit_card,5,155.14
"3deef99fb2f658d2cc80673c81fe9195",1,credit_card,8,226.12
d0269d8e6e340202e519f59cefeb094d,1,credit_card,5,125.88
efcecbba5f4753891d53ad200a60e81f,1,credit_card,1,81.50
"171a55934d8bc5775c30ce0537f5e4cb",1,boleto,1,59.01
"1924c6aa8ef1e715f7593d5b36bc596f",1,credit_card,8,354.24
"3150d4c4bf87c7bfeef194d2514990ff",1,credit_card,1,57.55
"1887d0f6362cc8dd05b9c7764fe627b7",1,voucher,1,20.00
fe563d119bfc3fde7ce511e31594507c,1,credit_card,3,193.37
fa42976ec498a7a192277e10b1706a5f,1,boleto,1,34.09
"2a3d1cc4337b1cc9157560f6b1ca5802",1,credit_card,4,41.70
"64fe1a032e48385440b54e5892d778be",1,credit_card,1,34.13
"883781be689361196e762b3dbeed6cce",1,credit_card,5,215.14
f78fd0f1675d338dbd4702e59c15222e,1,boleto,1,30.47
"84d2098c97827c6327ed4d7be95e1fc8",1,credit_card,24,286.78
"46f294819f56193f9e3566a3cc3ac123",1,credit_card,7,76.20
"60c46973a2a9ad727ea9c45695b2b312",1,credit_card,1,404.28
e995849d624de031646bce4313b6d2fd,1,voucher,1,55.37
"3891ed2dfed1d43066ed7d9f188ad89e",1,credit_card,4,219.30
"2d03316beff80dbbbe594433f865b7d9",1,credit_card,3,311.10
"33711ce52ccf7b8dcb0deaf37f573d32",1,credit_card,4,121.07
"1ed30df5fa6886743c4509f8bd1a3241",1,credit_card,4,42.07
b49d5f43da21654579db97f4ffc29e5b,1,credit_card,10,280.00
da519f69b691b1cf01a0bc3d23c3e887,1,boleto,1,89.25
b837d07aca063bfa379766bb6740fdf9,1,credit_card,2,105.08
"86795953649e4ff4f2edada496f38e6c",1,credit_card,1,106.72
c39fdd3fcd0af98b287d3c9732a7eb38,1,credit_card,3,38.09
d34bae2145edd5228bf4d92832988284,1,boleto,1,61.59
"1cdeb72a3ac42cd76c1fad6af0b4b317",1,credit_card,4,614.38
"804e5ddab73def7d5e86b8ae6f27e83b",1,boleto,1,156.18
"3c3b5a515dbd753a7d18c009be59f57c",1,credit_card,5,50.24
"617a1be8a890f200080c6a798674e06a",1,credit_card,1,90.73
f0cb299a9702d7db4e501895d61d2baf,1,credit_card,3,122.89
"25dae1a0efc5bba5a14622eaf552ad78",1,boleto,1,128.09
eb36186e43652c37fe13774f77e7271c,1,credit_card,2,59.04
"177e389651ef6cd6620a3355c1000999",1,credit_card,1,173.27
"10b21177ed3e0f82c350c7f5961d1e1c",1,credit_card,12,141.57
e259b06c4b796ae03f30c37990b5e126,1,credit_card,3,185.63
"6d21ed7585cca6643688d729d0cdfce6",1,credit_card,2,144.28
e20e66069c6d2f4cd62ea63b48bbaf4d,1,credit_card,2,62.01
"5a85ba245a3a3bcb21334e761e0ef1a2",1,credit_card,6,62.23
"2ebae2ed985f7f0a3beb4fcb70fefa19",1,credit_card,4,303.72
"7a59243f18518dcfe516671c305121c9",1,boleto,1,62.79
f05e32e2cc67748c34a77da2ff68841c,1,credit_card,5,56.65
"38eb06edd481856d589bd3beacced42e",1,debit_card,1,219.21
b4262fe5b2e37af43a440bcfbf4737b6,1,credit_card,1,88.27
f02e9da25eaf6d8b85952d339283e40e,1,credit_card,8,85.14
a6d934d331efb68761bccb25bc87d170,1,credit_card,7,165.67
ab9261f874afc9c9ec44d1b5b7c0dae8,1,credit_card,1,71.92
c7993b9c3400e607391a4927068193a3,2,voucher,1,74.98
b4a76a0c23607e9bd7bcb48e899297c8,1,boleto,1,161.55
"3457d1d203987e3898c4516a101b5d36",3,voucher,1,30.00
"1bc5841ae612527adc7d41b80412295e",1,debit_card,1,52.58
"8c499d28f56a1a121c303a65350537f6",1,credit_card,3,66.60
b706ae4c6c85939c824f9ce25ae11884,1,credit_card,4,144.90
"99e75261f759faecb77b7f78e8822ebc",1,credit_card,1,74.40
a47c6e02b84d8dea0ec21748a611293e,1,boleto,1,107.90
"6c5cccf873a409e565ece5d56bf5a49a",1,credit_card,10,859.71
"315ee1669de8cbcaca403bb9c0f2e228",1,credit_card,8,215.27
c0341f028a07cb3196e3bf4e850066bb,1,credit_card,8,88.09
e337b8ea5137b4759a1261a1599d122b,1,credit_card,6,170.12
"80f124338f01e6f18cf0bd64261e0db5",1,boleto,1,162.15
dcd05d9cb9629d8ee695cc3f2e030bf0,1,credit_card,3,121.09
"142c07328adba2427b3029a2b5a1f503",1,credit_card,5,563.64
"390e5f12e01c2af04027580e4cdde515",1,credit_card,7,209.01
"7e44fbbef1ef258486c161d0f53f2c19",1,credit_card,7,255.44
"0ceeef56025eee22241c8d510ada51a7",1,credit_card,6,67.50
e05baad10996981eaa39afb7caa38517,1,credit_card,5,92.44
"71bcd4c93050ae4b9814ed49894c2a8d",1,credit_card,2,96.26
"9d4f40b767fac576ddb5e71af7db166c",1,credit_card,10,169.99
b7bc5ba43aa844539fff0500e51b0010,1,credit_card,2,61.01
b9978fd04acfedd507165e3f7ec97b05,1,credit_card,3,97.71
"54b56f2389dee113344da742da7890c9",1,credit_card,1,37.68
a586da019f92d63ea627fb32eba2b776,1,boleto,1,234.50
"2c96c827c0d1b349e1d4f1c3a4040f49",1,boleto,1,168.36
"075434afaadfb0809ecf3f095a372340",1,boleto,1,52.33
a63792bf510613cc7d8182ece331499e,1,credit_card,3,185.55
"95026e2a6e774fdf2bb59a5eab661b15",1,credit_card,1,28.22
b744841b6a754e51042b8abcab208ffe,1,credit_card,3,133.26
f1fbc76b5a7cfbf5170cba46cbc93c24,1,boleto,1,163.92
"4f2126447b4bee203db80dfd57fa50cc",1,credit_card,7,71.72
"8e239d4b3f8da8e910f2ebf1e6aae337",1,credit_card,5,90.17
b484611f9ad9c46b51c31beb40598bfe,1,credit_card,2,75.07
"182e6edb8cb190cada2690d7c7d78e76",2,voucher,1,14.25
"2b9f8ad9f32e83a7cc84270f04858de6",1,credit_card,1,67.89
"7d968bc979aa1c9884fb1cd6e4e76f64",1,boleto,1,23.43
"4f4aeb2e42b27f98c78a2adb81030b3b",1,credit_card,1,32.77
"72be45eab146087612b9ee932e825574",1,credit_card,6,128.55
ff765ff5d0f040e643453390b1ed6573,1,credit_card,1,128.97
"05cb96d379b1a3df48333ecaa572bf26",1,credit_card,1,64.45
"822430c455b49b1714466db2a15f4322",1,credit_card,10,991.20
"21ca56b276a6b8d082a1261f33786085",1,credit_card,4,44.80
"7fee7d4412f1c3a36d5c873789b75a4e",1,credit_card,2,125.85
"0350e1e5b7265e23e84b1e467e0b6b82",1,credit_card,3,37.76
"1eec0efabea726c266e947674306621a",1,credit_card,5,112.49
"9a3a5d9f44aaf3084676e57886d5c660",1,credit_card,3,157.28
f20ad794a21ea34c982e74ec18f7aaec,1,credit_card,2,75.17
afd3ecb0ccf63283c24d25097146a9f4,1,boleto,1,70.72
"265a8ba29224f47c0476cfcfa6986f77",1,credit_card,1,52.26
"832a1a932cc75d80eed688d84730c5b8",1,credit_card,1,39.61
"75d1b089800a77f3c4b653e297632423",1,credit_card,2,41.26
"4d59cc2a2e7bb6c0a851725f5888a9b5",1,voucher,1,69.46
f4c47c5163aecbdc7ce04fa55857b332,1,credit_card,3,38.00
c6c99f96854560866a50760e74aca378,3,voucher,1,0.23
"89e84cfb3387746e060d4a9146511c9e",1,credit_card,2,96.71
ab85079cf6e3ab3495bdb5dc789f8b63,1,credit_card,2,146.46
ba9bd6945bfd574bc44edb1a6276a198,1,credit_card,1,66.81
"742aea07dd8f1cc25098f44089301a0c",1,credit_card,1,48.28
"2740f9d58dd09ee632344af519b499ac",1,credit_card,10,1426.81
ab1a06760db3f8bd369582042ab2cf03,1,credit_card,1,132.02
"84253562834802051b3ee018d7daecb4",1,credit_card,3,36.69
"0dcfff35f1d2e0fb46301c92143663f9",1,credit_card,8,84.75
"6992111da90e1d0b60209bcfe296f214",1,credit_card,2,155.59
"3cd02e6bd648bb14fb1f20e140ee4e15",2,credit_card,5,104.49
cabfe1219e952ead9a914adde40efc42,1,boleto,1,139.52
"4db12ae1b5826c465cb48c30426fe425",1,voucher,1,298.81
b5cfa6f99f4b2a76614484c0dfc6bcd5,1,credit_card,3,40.79
"84c8463c1a2278e211ebf4472126d92a",1,credit_card,1,140.07
bf9d705db9fe15b5bd6a0a35c3e3365f,1,credit_card,1,131.35
d88817e778e1757d6b7ea060be13a7f3,1,boleto,1,65.00
f51339f4db08f6b1db5913caa8ef5821,1,voucher,1,139.18
"93be3c680089cedbd7306a23dba47168",1,voucher,1,20.09
"244e91c4c416908e17829094e3eb7aa6",1,boleto,1,42.46
ab194c51be87821af6822d75c47a7efd,1,credit_card,1,51.01
"06f66faa834248ccd67fa52058285d27",1,credit_card,4,48.21
"2a15d40da6accb25c550b694fdf84478",1,credit_card,1,38.28
ca4cdcd5dd22d5e149f43c6a7bc647b8,1,credit_card,3,151.83
"3ddc60b196555a5b9632e7b59f655dc4",1,credit_card,2,22.31
ebcefe69d0a823b45706b43bde0e0d77,1,credit_card,7,74.67
"0eae0f41c21b51e8e0cac72a9548c7fe",1,boleto,1,79.64
"3a812c83660a31b9ff0abc06416a678e",1,credit_card,3,50.05
"100a49c427277ff7294eee9c133f718d",1,credit_card,5,62.27
"3a1ce8f7e9dfdcc0446a9f29f1457f52",1,credit_card,1,224.74
"8b571b2408e46eda138c7d9f1761ba43",1,credit_card,1,66.39
"42f7bf917a01e9df984da60684443525",1,boleto,1,48.00
"4b3be677878505d6696458ae4b209876",1,credit_card,4,218.64
"2de2c041ea1582bf4ddb539484e4ab0d",1,credit_card,4,739.49
"14be0a96bf13d58196fd144c4b086fe4",1,boleto,1,32.61
da8eefd7ee5ebac9e6163fec64141557,1,credit_card,4,49.10
f580d204eb45ac888b6150ab3869fd98,1,credit_card,3,77.47
"396af24f9fbfbbb946c61236fa1cf895",1,credit_card,2,264.83
a372a7d11ca9ccad9fae880a4a79cbfc,1,credit_card,2,58.28
b5117b798b05270121d510721a774801,1,debit_card,1,115.60
e53249d8b27242c64053f94e2af2b2ba,1,credit_card,1,67.58
"3e01fe3c29238179f003bf1c3445bc34",1,credit_card,5,173.26
"70f2dbf6303969f4c5f6764ab2e778fc",1,credit_card,2,210.90
"89126186f0b78662f15170c9e65ee9bb",1,credit_card,1,139.38
d6a6d6c3e46448b6189d13089ab4cee8,1,boleto,1,184.93
ace64c0c1402369a3073d086ec6ee306,1,credit_card,8,417.16
fdde45331586a2e1145f846f3787feef,1,credit_card,1,365.26
"45bff70fb7b99a5a33bc8ccb3786e170",1,credit_card,2,76.47
"973d0da651ae6607b18859b36ed1d6ad",1,credit_card,1,417.55
"5e17b70632f7a50b36f6601b955c9091",1,credit_card,1,28.84
d7a2c0c1ff66b314f3bf166fb4157fd4,1,credit_card,10,3184.55
"4fd1eaa23a51a767193af5013ae6dbff",1,boleto,1,64.77
"469ebbc645e0d5bdfc7e2dc9c5a25f75",1,boleto,1,285.45
df93ef458b1b9c8a6776d6ffec19af83,1,credit_card,1,94.72
c432f9c7affd083765cdda588b7ea625,1,credit_card,5,499.46
"03611c1be392917d9b0ca62977763baf",1,credit_card,10,497.10
"701ddcb0eab1d32958b3638a5e8c4e97",5,voucher,1,7.17
bd61a1bf4bb521167f6718320f9f5508,1,credit_card,8,389.12
"3dc9c05311ae7af444e03d31455642a7",1,boleto,1,69.73
"2d15f5afd65b730a72135678ea3487d2",2,voucher,1,50.00
"975d1705d55439b69ab5bdbe5195624c",1,credit_card,10,117.94
"6813f213a0d422a84a0e231bffc5fda8",1,credit_card,5,51.10
bbe5ef975154a7473c4c595fa3385edc,5,voucher,1,15.40
"0a631e92a5097a6cd94c5b7002778938",1,credit_card,1,89.31
aaf067f5adccd2b8fdf1a9f651a9148a,1,credit_card,4,240.53
"1bc1ac5e4876ad4e4459fe6aa516ddc5",1,credit_card,2,107.78
adff7b867a7bd97bcf42ddec332f246d,1,credit_card,2,43.29
"770a3663e1ccbc4789fbf366a49529c8",1,credit_card,10,117.85
aa7793d3985f9a2e8ba25eb1907fc587,1,boleto,1,30.13
"08a5453387460507541a8dc95bd67856",1,boleto,1,286.15
"66ad5fe73a0c03a1d689ebd75dd74ebd",1,credit_card,3,110.42
dc3006aa87f57332aaff74c57a5e094d,1,credit_card,1,64.10
"5c8559daea91c2b9b7e8d8aaa73d640c",1,credit_card,1,134.12
ebdce44e563c1a59677857998ca312c0,1,boleto,1,102.97
f8ea2b5a1c8d2d8eafa5710c3d50d0c8,1,boleto,1,181.05
"0103878b7ed86b6ec873cfae01379472",1,credit_card,1,265.36
"47c93dc8a83b7fcf68ce05de387fa24a",1,credit_card,1,47.68
"3a80a334a6f31719b180d46fb8f00c5e",1,credit_card,1,96.88
"1b0b1c71db83d610e4cb483d0481a6eb",1,credit_card,10,168.25
dde8fc032fcad6d3247ce0f0e99472d0,1,boleto,1,140.29
"89a7352733b3aeb0fc18bb034b52cc5d",1,credit_card,1,90.84
dba140d12592fdc150bbeed0f7f1a32e,1,boleto,1,65.11
b399bf8460a4972b832cc6916c415454,1,credit_card,4,206.50
"1968bd026e715a070f442cc2bf5f2ccb",1,credit_card,2,458.56
f731b243c311f0d8e1dc406d1d5eb1e4,1,boleto,1,123.25
aa380313c19905dd1651bd21e75f09bd,1,credit_card,2,115.94
"70a25f8b804c7e220927839f1b869626",1,credit_card,2,150.36
"6f88df04acbbbb0f5c98ef28271d27ea",1,credit_card,3,64.22
"80e2ed9ee8878458ac2191eb469cb0fb",2,credit_card,4,52.13
aea98a9d19779475e8dd3302d7eb5ff3,1,boleto,1,71.29
"60864257be0835f1fc4225706a92cc00",1,credit_card,10,730.08
"20793c7d8b2f96312e51e2aa27204159",1,credit_card,1,21.86
bf5026cff67c23ae27d65510d8ddf30e,1,credit_card,1,103.55
e5269b1523b5dfd5eb71102c6fd3d8d9,1,credit_card,1,131.24
b89b697cf1384ba59f3ce56bc8d28cc6,1,credit_card,2,48.21
"5b0cbe028ba75896dcef147e3cfaae1b",1,credit_card,3,52.59
abfa62484a4c1688f4f78421626be291,1,boleto,1,86.15
"64600db8a4995fc16ae799da1eace4be",1,credit_card,3,139.99
"65d304f392228e0b497f19d67ac76d90",3,voucher,1,14.41
d725835898fee2ec8063d4aa035bf2dc,1,boleto,1,74.64
"7a5472f7c8cecc2e1cf43d12271e4eca",2,voucher,1,62.87
"4de273e695a489841193c7a5bd6911cd",1,credit_card,1,39.94
"6684a2469619cc89b92f6065a0fdccb8",1,credit_card,1,2.70
"62db325bc32b729554e4fd9c793ab850",1,credit_card,1,75.40
"988f7742af86089855baaff514b6e4e0",1,credit_card,6,104.84
"98887ed2917a8ed8181ea225dc24318d",1,credit_card,1,45.59
"8c7ce1cb243949650a70251b5a6d5f4c",1,credit_card,1,47.84
"379fed4a1ab7b5a3e8126fe0b76b9ebe",1,credit_card,1,62.65
b82334e399ad815225d7d781a906714b,1,credit_card,2,116.79
"51b3d3b824ebde9c8e8d84d17e98d88b",1,credit_card,2,148.15
"7a0d4292964e6d5c0fe0fd4238ee6500",1,credit_card,2,115.00
ee7f4e0a5223e51719a98941129bbc24,1,credit_card,1,35.51
e75d059453904de3d7f754515669b3e7,1,credit_card,1,70.28
e9376e0fd65f7e856a08d32426f523ef,1,credit_card,1,167.70
f2e62e5ce667ba626a17ef195d775796,1,credit_card,3,38.13
"63154c299d1199262f60527437e156a5",1,credit_card,10,942.78
"45435ca6ad009bf6d0b66e2c375a21d6",1,credit_card,2,56.60
"05bf4fdb30932b7910144b4359ea9f69",1,credit_card,3,50.73
"7d3b6596123fe1a1b6b736200bcb50b1",1,boleto,1,67.63
a2e7ee5b65839d1ba92e67c6f3f50269,1,credit_card,1,101.54
"3a0bae7f6e06392212474608b9093e00",1,boleto,1,86.73
"7d95b7b7b3b608ce023db6ed122d47d7",1,boleto,1,73.49
fe752108fc4e35deba17eca323635246,1,credit_card,5,417.83
d9f2ee12d57f465026b7dd57c016c8bf,1,credit_card,3,165.29
"04dbc8d27bc4a29787bbaf068607aa76",1,credit_card,4,115.08
"70319d04aa0c847be6f9a23326f7bb6c",1,credit_card,3,105.47
"7c2a808149a46c168db73bc877f73cb8",1,credit_card,1,9.77
fdf128b3630c21adc9ca4fb8a51b68ec,1,debit_card,1,46.20
"70c06583df3a26d0a632b3205baee66a",1,boleto,1,180.51
fa489b941eb1d4ccba665793c2dec608,1,debit_card,1,48.84
dfc5bd74d2e77292cdd66e032ac3cae2,1,credit_card,8,102.35
"3f4e043996f17e6354c1f004c1ea3fe8",1,boleto,1,63.10
"25b5b0ea53b7d5a2d5712a0d9d0b3649",3,voucher,1,20.00
"3e9fee97691551e4a1444f095899d5f9",1,credit_card,2,101.74
cd746016263cf0a8ac68de73ee79506d,1,credit_card,10,346.88
"1db33e72df6ceae6380551c0b6022079",1,credit_card,5,151.74
b8ddc399e43d44b438e323ca1cd368c0,1,credit_card,2,132.33
"82d92bb4cb757bd10c5a06e13c7ebcab",1,credit_card,10,210.09
c502981c13af31e66327c143bc885a2d,1,boleto,1,137.23
c98c0d54162f552567aae1af36d539b4,1,credit_card,1,153.10
"45ccc16a94688d4edb709ff6eba966d5",1,credit_card,1,31.13
"34f054dbc6acae464a192cbf2083cf72",1,boleto,1,82.35
"24452cdc2a280a9404d38722fa017002",1,credit_card,10,153.32
f41ef35b2b93249c5239c5df242e8b28,1,credit_card,3,163.95
b8664a67156f7d886752140cd2e2e089,1,credit_card,3,63.15
a70705507f1747c0201350acad9d1408,1,credit_card,4,43.71
"11ff2af78a9ec50c26f9cbbc62a10d38",1,boleto,1,247.04
"852f03ee94e792bd908883a245f246a1",1,boleto,1,24.78
"11c71300049cd2c9896b0be33f04d574",1,credit_card,9,188.45
"7922fc267fee367d631d58c09d8bdfdf",2,voucher,1,48.62
e2562a436f07f681c4074d4337918677,1,credit_card,1,46.16
"5a117521edf7b0ba502be754df6aac63",1,credit_card,5,77.80
ca674a7cd949c98c9e02bc4c5922836d,1,credit_card,2,21.09
"85485db1f11cb496d2fbd2def0d397a3",2,voucher,1,30.00
"66dbc9ec3eb2119ce225357587599804",2,voucher,1,50.00
f4dd7fe0a280db5ce3ad8d200ab0e93c,1,credit_card,2,64.01
"5005f0fff3706e3297c1015ed5e41d18",1,credit_card,8,383.89
b844add966de00013e16ef47fcad17c5,1,credit_card,1,44.00
"35aa2c55c4f28de4a5fba10c0952561d",1,credit_card,2,122.27
"519969ff2784ef6b51d1a89f1534c23f",1,credit_card,2,196.02
ba063008dcde6cd0ecb0c72f82a4542d,1,credit_card,3,228.35
eb6c9fafc446a2e85663c76915b796dc,1,credit_card,1,30.42
"6e0a631dd4ced6d6f1bb087e0f9a648b",1,boleto,1,27.79
f0f32c83bd4335d68622f39d68724658,1,credit_card,1,14.78
"8e1e84cffb2c5174a4d5d9026c0a5013",1,credit_card,5,51.50
"2474ce847af8cf0b009c669d1896837a",1,boleto,1,114.52
"29afb9bd764e2f5be034429f3d6811cf",1,boleto,1,201.65
a6414c6610d79fef8ecb35e54989d566,1,credit_card,4,258.90
"1aabc8c7c8525b6ada34a6a07d88e26d",1,credit_card,2,303.46
"73a8ed1078e1d475d2b1fb7216a52e1a",1,boleto,1,197.55
"1ccd1537ab2eaa0587bf7495f32473a8",1,credit_card,3,72.98
"9e89b029e7fb38004f9e2d3b4055610e",1,credit_card,3,149.14
"66bc1623ea6b06835dc37b5ec1c95a75",1,credit_card,4,218.72
"96a2b5167187b3cfde60cd245d421132",1,boleto,1,48.22
a037c35b691ecad7720b1d5cf7f14bc8,1,credit_card,2,96.99
"652ae40b48d62a6682c9f4a674f83621",1,credit_card,1,87.32
c7b9761071cad0c921090525b7f5fbae,1,credit_card,5,60.85
"614c0b4b5169af9eb895bc8aefe5a418",1,credit_card,1,33.71
"09df1b5edd28f22201dd19d1acccd5f3",1,credit_card,4,45.93
"496879e6aacb9458a76bff96eed3c201",1,credit_card,10,165.04
"44b87222a39cf1f615e23599913b099d",1,boleto,1,102.93
fb5aea6237c4ec04f70112e1bcf93b99,1,credit_card,2,151.96
c405f957a0a4870d31e629acc3975889,1,credit_card,1,66.39
"003822434f91204da0a51fe4cf2aba18",1,boleto,1,175.16
"2c049735a0947b4e13924963336e5b3c",1,credit_card,2,134.59
"3aa0bcd95f24f4a91c0ca3f0a160ec9f",1,boleto,1,31.84
"115a5def49198c358d372dccac79ce54",1,credit_card,6,155.42
c67116229cd448d051b19b4999e2fffe,1,debit_card,1,76.57
f8e1b50625c5fd41815f3af6e9dca501,1,credit_card,2,117.35
"3bae0297ddeacb52eb9b17d9616dcf1c",1,credit_card,1,38.75
d06632a45bfed8725d59741e45820839,1,credit_card,8,249.52
d0836b3ff071bfc93b8a3c5acd8b63a6,1,credit_card,2,183.69
"171c9f9a5667b0bea55d8b78c27bc5bd",1,credit_card,9,95.22
"135873f19ffdd8c0841b7e7b7c45220c",1,credit_card,1,35.36
"2b05d12915aef151cf97bb4e2a5ca58d",2,voucher,1,16.65
"9f392510db2297f0446b6bb17719333c",1,voucher,1,216.54
"115778b69ef3f8bece387ae594bcecba",1,credit_card,4,111.19
dab1208f2886c43e8bd155b40523d343,2,voucher,1,678.19
"7de7f006c92939fa56c701362b611030",1,credit_card,8,428.49
"97439bb2f0cd4c9f36612b0ed0288417",1,credit_card,8,117.85
c7294da9166f3247b27e6f18c9213431,1,credit_card,3,32.78
"1f8fd5fe13ced0df2d9b93995534e59e",1,credit_card,5,136.95
bd12688625f6f378f5892c777f735b1d,1,boleto,1,105.28
"698b8ecdaf8c15fe44343352cff74210",1,credit_card,1,81.81
c139edcf8b223915f78d5a487a6b5500,1,credit_card,2,115.02
f4f6ec218c3835f1f37fd926a6f6124b,1,credit_card,4,80.90
"013bc77d3ca5fba084a241fdcb307393",1,voucher,1,19.37
e30b9cda599826e24ad3f5eddf966583,1,credit_card,7,75.24
"0cf9e3fb10440c4f24991613c58587ca",1,credit_card,1,147.29
"7af19e6546276fa1499ff63f7a0e9c38",1,credit_card,10,416.54
"7eba0b6b5cb480d65416e26e2528d250",1,boleto,1,235.05
"6aaf3fa8e1458b642085c8aa3d7b275a",1,credit_card,1,47.69
cac853d40d32850dba1ccff2c9f17269,1,boleto,1,307.79
"39c5fa1323927c658f09038a61cca654",1,boleto,1,91.71
"1e0472c015f18d557d20db713af0f356",1,boleto,1,185.34
d307290675e59c844ebde65696377750,1,boleto,1,425.25
f9ce64033c2858881268310928221d1d,1,credit_card,1,811.51
"80f0181edc2f4a5bd3384a3c39a83cee",1,credit_card,1,61.19
b84be81e27ac56e4160716dc5aa7950c,1,credit_card,2,150.83
"2112c4e4b32f421f701b405f05242c3b",1,boleto,1,94.52
"3b877853212414d83731fdd45a6297d6",1,credit_card,1,102.64
cf24aa38581b80bec680b5ceb9fb3085,1,boleto,1,179.84
"6a20f514a1f78b69741f2bddaf832c75",3,voucher,1,20.00
"931873d5376eea7fc2c35b2d4724abb7",1,credit_card,4,103.67
d6f1fd48e3b9fbaa5ed2794838559afb,1,credit_card,2,128.10
ec38e40a750810e337a528576f0090e7,1,credit_card,2,102.81
"4c7e4677d9f5435660f9dcb903e709fd",1,credit_card,6,142.08
"741bffa3ccd9486d8050c172ea085d43",1,credit_card,5,283.53
be0c74fbf10fa0f9ff71d978fdc49fe5,1,credit_card,1,78.70
"3c108bf0b4c9a78ebb9a049d90a9ceaf",1,boleto,1,89.07
dfa2cb8b0da3113c54e5a2109f76f7d8,1,credit_card,5,83.97
"9c2e92a11614b3b94ef257a4eb8540d7",1,credit_card,2,53.00
d1450bdadbdc63d63930446c31eb91e2,1,credit_card,1,74.57
"91d95fd4dd24e83041031228370438b9",1,boleto,1,52.92
c925170f41b84e071f6fe928f4c16643,1,credit_card,7,76.05
"74af727a6c0d520a3943330d3cf93b42",1,credit_card,3,50.29
"7905d74aefff427d164bf8a4b274fc9c",1,credit_card,5,298.50
ed6fa5e51bb096344440db276aedc37b,1,boleto,1,197.82
b64694f8da34c98dc8734f15ad74ba86,1,credit_card,3,155.14
ac5205087679bac005ed56ed3345ce0e,1,credit_card,10,171.44
"2799a10e833b3292c509a981e273c4ef",1,boleto,1,133.02
"7b186487147f406839316cb0a719d4b1",1,boleto,1,368.94
acadc00c2b280644767e83d013d3f47c,1,credit_card,3,91.74
"10fe810a22f64e933bcaa6fe6fccda13",1,credit_card,10,1474.42
"46dc14e76e68252f0c7883545008ca1a",1,credit_card,10,357.91
a9c7a298f4d31996b9a505ec79fcbae9,1,credit_card,1,135.00
ab8f1ef255154fa7b14908195c1a0a3e,1,credit_card,6,67.82
"98d7e0d168a393093a391519c1ee1e8e",1,boleto,1,163.46
a3edebd7492a607266af222e43e6cbc2,1,boleto,1,168.20
"5ebce795f868b14058961eb09ebf1cbc",1,boleto,1,103.33
"5abb6c1ea24afdc6e26076bfaa7539cb",1,credit_card,1,90.05
"8b888647a2115442e3a034d649699df7",1,credit_card,3,96.80
"1257e20a360aff14dfaa811bc8e50e09",1,credit_card,4,48.30
"042167409734e42b253083768c865409",1,credit_card,2,64.17
"6b34444470c3f9256eb504e61edcd608",1,boleto,1,28.91
"6ae532533e1496cc176aa74fee5aa9bf",1,credit_card,9,95.21
de9e0f42dd4a42ac4a00c027dc44eea9,1,credit_card,6,100.46
"1b640919f98cb92c70a328ca7625c3db",1,credit_card,2,93.95
"637c53efeb8436b5bb339182ab5d03d0",1,boleto,1,335.61
ff96d596c25445650eee60b94fa62244,1,credit_card,10,456.55
ded9b5ad95de67a5c760e7941c8309c1,1,boleto,1,850.00
a279cafcc7359382fdd603518130fd1b,1,credit_card,5,159.31
"9d96a9e98c3d858bd5671f4063710829",1,credit_card,2,202.87
"8780697430377d453d0cf3f29848a515",1,credit_card,4,120.15
"6c3135486d8821b2877a0f8d92095a6d",1,boleto,1,36.77
fbf3da6fe82010412982890b0c57e532,1,credit_card,2,303.87
"26fc240b5fd33abb402b5ccef557ec7a",1,credit_card,8,119.04
a28afc1326ae005c8fe230354d0aee19,1,credit_card,1,77.57
"8c65d56ff533ea4260692ba747aebc7b",1,credit_card,5,107.09
"9ebce80553b159623a9ee681dc7b0c2a",1,credit_card,2,140.62
f97ce00d14a023fd79a2db6216c031db,1,boleto,1,76.07
"68d30b64daa2ee72a7f61b86717c20f4",1,credit_card,2,105.28
"609891a2ed5547ff8096ccb06022a826",1,credit_card,2,165.71
"6d58638e32674bebee793a47ac4cbadc",1,voucher,1,12.53
"5647d0b595dc6c674c8a8024e0cc51ff",1,boleto,1,88.05
bfdda01969e3428f5b74096b3d6081d9,1,credit_card,6,68.13
"7fa5b1b5da2ccccc6d0543b07d0c70b9",1,credit_card,1,68.17
"2c909dcd674aa5bc39eb0841b7b8484b",1,credit_card,4,154.19
"79bcc8051d22d7df6b06a2043627ff5a",1,credit_card,8,727.10
"18edd05059b88de37d5667ff54a192bd",1,credit_card,5,77.90
"02ce7f70a5c7a6b04c29a98b061d68b7",1,credit_card,4,387.49
"14a660c68eba46744faaf9b97ee7bfbc",1,boleto,1,49.40
"16102df665809d8700f73d91e4886abb",1,credit_card,1,63.33
be51420a71e667d8e3f3268ad81e3033,1,boleto,1,60.47
"66fbfbe9598df1bb7b5950b19e839697",1,credit_card,12,379.73
"22d17396ac4c177e0ea83929cd4f845d",1,credit_card,10,217.78
"1c5e5f8876d71c023da34d2abd4c9f26",1,credit_card,1,100.23
a5cc6e06b050a57254b2286502402043,1,credit_card,1,57.10
"882554ccc6f6b9d99fcab37ef645ed14",1,credit_card,4,529.76
c22f6ba7f27b03c0882d2c2ce2a3f3a9,1,boleto,1,174.21
"860987b7f135e286997817fdee3c2f7e",1,credit_card,1,83.41
"626def5d634d7a7c180f03cdd9178930",2,voucher,1,78.28
"14419beee19b41341bead9fe7fc49d76",1,credit_card,6,372.07
bc089a713e2c97ed61557065adbf9cf2,1,credit_card,2,190.37
a079628ac8002126e75f86b0f87332e4,2,debit_card,1,50.00
d673513c79ca55525c1a535452b4b6e4,1,credit_card,1,108.49
dd5ebf00c3d8b88a41ec9c8450ec59db,1,credit_card,1,39.72
"2e571b4487c7119502acdb48043efcee",1,boleto,1,1078.43
"962938a0eb303d087976fbcbe632723a",1,credit_card,2,49.63
d13130a0433949ba242b2f0632fd49a2,1,credit_card,1,171.32
"27a940efdd448db29463b53ea0cfa2f4",1,credit_card,1,1.87
"4fddd233c42ca366f24daa034b3adacf",1,credit_card,1,93.78
"320fb5aed4e43d6dfbf53c4f2c5f70f1",1,credit_card,10,958.39
"0e64431c08745e9d2d789b9e6c8acf0f",1,credit_card,4,46.78
"1cdc5514158935d7bd408f33538ce130",1,boleto,1,44.73
ccb00fede04edb74aaaf61feca390c54,1,credit_card,1,114.69
be01aa43cde592a2cb281cb5d36359d8,1,boleto,1,30.78
ab355d60eb2f7b4ffcd01aab4da8ebef,1,credit_card,8,166.29
aaa4c8bb37dd88031c3b22a269ed74ea,1,credit_card,2,27.39
"5370a96022220f889db213211b32740d",1,boleto,1,195.61
"1f78837ac58fa81b2191c703d510080b",1,credit_card,2,22.78
bee12e8653a04e76786e8891cfb6330a,1,credit_card,2,497.25
"501e09201e883a7018d34ba1a20e903b",1,credit_card,1,47.70
"4fb59cc4950521f470473ef761b30d7e",1,credit_card,4,208.48
"8bef37e0a778afcdf32118f376beb9de",1,credit_card,1,58.74
"3adb141ba4bd69dd7fe8d3fb733c6b74",1,boleto,1,58.36
"88d7e753142771dcd0b1e0ad155fc626",1,credit_card,3,132.81
"7d6dd21206d2e43674aa0c6b6e573cf6",1,credit_card,6,153.96
"9d8a5f2bdee14c918feed8f8cae3cf94",1,credit_card,2,169.23
"899c7ad50db3894cb6e97312028c83e1",1,credit_card,1,160.66
fcffb64079d8d2cef5d9014ea91705d3,1,credit_card,2,50.69
"404a1674e5af404b38dc64387e9e6e58",1,credit_card,3,98.37
"36b7b9c89099230dbecdcde16e84c1cd",1,credit_card,8,108.46
a56e54593f2c7f2b10f69216a7265aa5,1,boleto,1,222.13
a59a8fa1ef4546339d5f68967925864e,1,credit_card,1,72.99
"80f979599cc3bf88a0d1e1e8ed6a809b",1,voucher,1,37.19
fc2d5b034ddb41db6c5a2eced97202b0,1,boleto,1,30.96
c33a15434dbf8582136285a3e2995d1c,1,credit_card,5,76.90
"93fb48040a1df3db761491d59e233194",1,credit_card,8,254.84
"3e341725cddb1523a88a68e64d7ce0cf",1,boleto,1,48.78
f726cbd717234168cc573e1addd506af,1,boleto,1,40.22
b52e021c7f54fef2f8493779958c7770,1,credit_card,1,47.38
"6b36830dcd8e168800764cf5077796bf",1,credit_card,2,33.09
"2ba9fa7ab61d7528fd77a35c436e7bff",1,credit_card,2,26.84
"5fbad22605b487c2794be60878143398",1,credit_card,5,50.00
"4b9fdb48eccb25686cf34b966d7f0292",1,credit_card,3,109.72
"5c0d142e02002952ffe6ae4db1b02baf",1,credit_card,3,97.03
"642c50cb8d316db5333548a2c0fde4c6",1,boleto,1,40.25
"914e3f7135c8d9046278a046552ebb6e",1,boleto,1,62.59
"5e34d391098747231b726e35a9ef3e5f",1,credit_card,10,390.94
e481ee461ff8fe2c3bd50f798e13b2f8,1,credit_card,1,35.00
"1da98926fa18dc5eb9045bb6c5a1e8cf",1,credit_card,3,61.05
"693d0d4622b8c4324e34ae71fe19a58f",1,boleto,1,28.34
c77dc8cf9ea2034e02bdfe5231d51423,1,credit_card,4,130.10
"684c3c1d1b032d52568994de2b76945c",1,credit_card,1,96.22
"6178aa2d0a4a19e5c27c9086dfffee18",1,credit_card,1,57.74
"887e4a59707e96b2c7b7112201a4db47",1,credit_card,3,248.96
ee0accd3922fa553a94aa7e875eba499,1,credit_card,10,132.73
"722ab68fe6307a0bb69b61297f6d16d9",1,credit_card,5,912.69
a58e64aaf179aee88af27f932d4da7b2,1,credit_card,1,70.34
"470b989e6ed77b973667564551fa80b5",1,boleto,1,74.14
"7b6058eb290bb954e39d59cffd022a29",1,credit_card,2,112.05
d272d218ea6116d8475fc36f7ea444e6,1,credit_card,3,80.20
"3308880e8f58b1d2c21bd5b1bf64aad4",1,credit_card,1,71.25
ec9cec6602234c5b94f67d715c7b14ef,1,boleto,1,25.77
"4e376d36ceeae3f2cbf66cb0ca84c799",1,credit_card,8,173.59
"62caefca677649f08758f7582ef4ef52",1,credit_card,1,322.00
c733a4fdd58e3b29cb99b5881c10a1bc,1,debit_card,1,49.03
"3d7a0606016fe5d209e5224ffe77f7cc",1,credit_card,1,46.75
"8dff68c5f21e32956efbbabe74ab4f40",1,credit_card,3,158.04
"51583e82a02a89f3d5d82954c62f0e03",1,credit_card,1,33.80
cdd6677f7c680eaddf4183ec4780e65d,1,credit_card,4,571.73
"96656dd1c9f0e6b415561d8a6734ffef",1,credit_card,4,157.79
"309c31aec3cca9036a92e4e789e79e40",1,voucher,1,90.88
d7f7f3b19ccf1b6ee1f4b876df47e9ff,1,boleto,1,170.72
"44fb50923bb950b4aac437b0e7e0e3c4",1,credit_card,1,70.97
"298f6fa064cd036a4788f7f177170261",1,credit_card,8,264.31
a2d83fe753c66711172a6b99df1bafcd,1,credit_card,3,70.48
"4bb817d2ac53f370a77bf32e4f79b6e3",1,credit_card,3,70.72
a0bb89116fae61995bdade42a37fccba,1,credit_card,1,116.21
aedc9e734fd2df1c2e7b92ed30d851e5,1,credit_card,5,109.89
"7450a94d5ad749cb013c5b1166520908",1,credit_card,4,216.86
"7d00513b69718715b52d242ae838730e",1,credit_card,6,110.02
"1c355a011e2b33259ad6a363cfed6166",1,credit_card,1,95.30
ad69edd5c027bb8d8647e5ad00cd2857,1,credit_card,5,275.20
"18448ffe871a865ac41ace28ce8e5079",1,boleto,1,73.34
"93e01af1a5d9d9d64c5668ec037ed020",1,credit_card,5,53.36
"8705d42adbcd3182c575cdf862302836",1,credit_card,2,218.49
a20d38e431ba45fd0e34c5e8e82fe4c0,1,credit_card,4,46.22
f0e888236afb66e9bfac24a6100bbf53,1,voucher,1,20.00
"7c16f82261b598ba393f29f1d992c1d8",1,boleto,1,155.14
ced791864a1478d28bc041d61f8ce2f4,2,voucher,1,7.58
e7522d7d44b7cdc7e33f08062d37d269,1,boleto,1,157.45
ef71061bdf8dc442c060d4f0d8266a2d,1,credit_card,1,205.40
ceec746c7328281e1971f104cba060db,1,credit_card,2,27.07
ee9ca989fc93ba09a6eddc250ce01742,13,voucher,1,6.51
b26530f9c2437788f9290f8339dba184,1,credit_card,9,529.34
"59798edc300f7563a9bdf18b2740def9",4,voucher,1,30.00
e83de4d40102eb9d76e227fdafff7548,1,credit_card,1,54.90
"3ae8930ee72af8e7345cc74d9845ead3",1,credit_card,1,86.83
e2d9c66bdf5baf2058e9960542e386e2,1,credit_card,2,118.17
"3c04118e4788bb999f7371015e3dbdbe",1,credit_card,2,21.85
"01cce1175ac3c4a450e3a0f856d02734",1,debit_card,1,123.74
"595f0b273d4e8ffd1efbad2beb3b3a9c",1,boleto,1,117.94
"51f5cd4115244a4860823a80bea0307e",1,credit_card,3,37.32
d2e18fcf7ecfd667af457a9e7034c86a,3,voucher,1,20.45
"2c113cbb0811cf0b32479bd0bce3379b",1,boleto,1,370.22
"2405d4b16cb4edad76ffbf3723f58423",1,boleto,1,31.77
"70b125b1e127de57a1145f484705786c",1,credit_card,6,137.99
"574a92fb05e01159e32c2a4cba131e3e",2,voucher,1,16.04
"8ef664ca9ba580dbcca88364ae0f2dca",1,credit_card,1,54.95
"21c71f62d2554e1ad6c8ba9dc7af2c62",1,credit_card,3,74.16
"3a0b83e4ea6805a8d9c32b4c13b4112d",1,credit_card,8,379.80
"3c16692a1dd481962d06a7f55598d8c1",1,credit_card,2,51.14
e87aa2b0086ab1f74f1faa822186807c,1,credit_card,4,227.14
e5d3ccacd4c9d00c28a3f328f72b254f,1,credit_card,3,355.26
b2a791af09fe22457639f9c0f7bdb1cf,1,credit_card,4,284.63
d7b5f5a646cd59806a9e62d58f59fd75,1,credit_card,2,31.00
"38464606001eea475b8009745791c68e",1,credit_card,1,95.21
"98145a2792b36ee08e12d89372fadd6f",1,credit_card,2,162.89
"1388e91d7d43769d6bd71f89a48a2929",1,credit_card,10,126.55
"1bb758b8244a768b78655fb2abb0c7f8",1,credit_card,3,39.27
f1c179e3b024edd6b12fa92fb91590a6,1,credit_card,1,38.62
d5497f2d48ae06c4841d41e5ce965d00,1,credit_card,5,52.13
a1c075cf51b237be65b4342ce766e007,1,credit_card,3,156.64
"40c6a42661f5f364a97085bcdc278a55",1,credit_card,1,128.88
"183e4a13a7a22a57bfd471656ec573b9",1,boleto,1,98.70
fdac95c75507c9e6e22b058769814a51,1,boleto,1,116.45
"375c717fbe948f24044e81178cc38b0e",1,credit_card,10,177.54
e1f19495005161ca887eeb4b7cf3332d,1,boleto,1,134.66
"9fbac5c017947f1c23fe7979ad6c4e00",1,credit_card,2,99.90
"9cf5e2afa7553fb777a59471a72cd2bc",1,boleto,1,95.56
"453cabc3a3d6d0d80bd08d9eefb6a607",1,credit_card,2,183.53
"1b6f2f7f803e2c324492721f9e83211d",1,credit_card,6,176.16
"39a484e6a644f8edeb11c2c8ed218069",1,credit_card,8,606.57
"2143393cca994a4b8235bc1d67ded772",1,credit_card,1,97.78
c34fe20a21a65490fa6b815f0435059a,1,boleto,1,148.59
e696067860c4351d739a8fbf197d30b7,1,credit_card,6,201.34
b8d5cd6eb84d7b61c5c77ac4cb0b90b4,1,voucher,1,20.00
"70303c8f09c18171b0c0b226b699436e",1,boleto,1,22.68
"731af685c0c3a53819519bbb93a9240d",1,credit_card,6,63.11
e413fcce1c572bf00dbaa61203d45afe,1,credit_card,4,50.24
"1489856fc5e3169af6b06edbc1aeb1b1",1,credit_card,8,387.90
"7add33917d7c650ee21969733394b5dd",1,credit_card,1,56.60
"4b4badb2df31e851262e8278b3a02871",1,boleto,1,98.67
d41cca426db55a5cffe764e4ebfc5527,1,boleto,1,65.00
"7d72c733261b943737819f8166cd557e",1,credit_card,5,58.23
"541e98fb4e0b225dbc4493ae9d53eeb3",1,credit_card,2,166.59
"8ce6c3ac0903448859d77c5279ac7876",1,credit_card,2,20.08
ebd0eab2867a20cb181ae2222a511546,1,boleto,1,170.84
"91d87f183dde318c03f68e1b1eab1314",1,boleto,1,44.75
"8ba172a5cefe32a643579fe4c0a5ceee",1,boleto,1,51.88
"44a022bf82d92fce7892801d46040e47",1,credit_card,2,25.67
"872e1ceb6beede021e8027145eefa8d2",1,credit_card,3,85.14
fd4440c3eff791f70d022bdcb82dbbd2,1,credit_card,3,100.96
d58df2b69a85b0c716f8eee6e0445177,1,boleto,1,112.02
d8f92d7e898a1027a0957b82f58ddbc4,1,debit_card,1,63.65
"490f71078caf4a0fdb7145f535995085",1,boleto,1,167.66
"8180b588f7239fba96aeaa6985040c1a",1,credit_card,8,637.65
"1930118fbe694636a60c0d5f97c32597",1,credit_card,4,197.62
"931fdd63ba701dba6def14b3655e0a32",1,credit_card,10,101.34
"0026a368634b6e6f34f33b1499773a30",1,credit_card,1,164.80
cd71d69fb5ac89e508686bcecc0818f0,1,voucher,1,121.40
"0c0c0f650ac2a2a5be13771662829d5e",1,credit_card,1,77.89
"72d6aff61cb58a6c8872baf6864e046d",1,credit_card,1,52.05
"1d4fef737d9b6c214e13e92ae014018f",1,credit_card,2,314.66
bfd5957bdfbc86a1882ee0dfa7a36a47,1,credit_card,4,183.50
"53e640f0c1485f3c0793cf647b975c3c",1,credit_card,2,62.79
be8dd568bb33659eca3befdac440c39b,1,credit_card,3,242.03
"9a382d951dd3a73c696f80da02ea06a5",1,boleto,1,69.90
"7f80ea6f3e569a6b44336db104dc12db",1,credit_card,10,185.35
f5c1445b3732010dc5ad14eff121f7d0,1,boleto,1,113.16
f83bf700fd487b12bd7eb71e578575a3,1,credit_card,9,467.07
fa5d6b6dd3a9ed01e21e57c5918e15cf,1,voucher,1,1.65
eed22f145a76fd4bb9224e927213dd25,1,boleto,1,129.42
"9aeb1e41ad6d0b90e6342fc5bf592276",1,boleto,1,42.68
e156c06e2ceacafe7263782d2115fca8,1,credit_card,2,80.35
ad1c31ec035e55a4187e536234b28e38,1,credit_card,10,213.72
"2645613a9e103fee7499d4f4016b9586",1,credit_card,3,62.69
c95f74e4997a96f046a9e40e4d8726de,1,boleto,1,228.88
b0e3741786fa0967a1df53f4f0565013,1,credit_card,1,155.64
"631e74e14da293fc4c6a8f02253aac6e",1,credit_card,4,78.22
"781a5363351ca70e29e1ee43c297255d",1,credit_card,1,122.17
"0f6a5e91a0432f84b83844d7b001d765",1,credit_card,5,117.94
e82ad91cbeae230bec5af4afbb1ef6e3,1,credit_card,4,121.21
ab3ef8ca43844d05e39ad47fc0bba7af,1,boleto,1,72.76
"55af3f02d418fbfae46c0e04bffe4676",1,boleto,1,111.19
"31db4f9c6c262ac89aab6f7e4c9014e7",2,voucher,1,17.18
"894f91c1c79ed1df3d678edb9970e88a",1,credit_card,4,219.27
e62ce4c0697f4df07743beb01dae7ded,1,credit_card,2,31.45
ff8bdeef9673478654432c723a74309b,1,credit_card,10,180.51
b9d5fdd84b13a6539a7a5e8851aef828,1,boleto,1,196.01
df67039c09c08afbaf0e4c2d7cafe9d7,1,credit_card,1,32.77
"436a9aef30267664e39faf27982b0921",1,credit_card,1,154.04
ae9a9e54b4927c718d4e66073b5acf33,1,credit_card,1,96.80
c7c2fba00608a1ff64db7dccdfff901d,1,credit_card,9,98.61
"5570dc7d80f99aa07875d9bf7f1db998",1,credit_card,4,199.00
"59a9693b0e9ec73f8ea51b90d5601604",1,credit_card,1,63.15
b90e14223088b3ffba011828a64a73ca,1,credit_card,1,23.36
"8edea5ffb8590a3d80178d4c04728115",1,credit_card,2,51.79
"0fbcdf8a6cf235b555a916e0ade5ef07",1,boleto,1,77.55
"0bcaf262925111aa4be36f35bcb92fdd",3,voucher,1,26.02
ec807fe5bae575f10d2ea7ea344c4ab2,1,credit_card,9,95.64
"6808d92d02c7f9b169e83f402c98ddcf",1,boleto,1,28.20
a91929c58be362dc4929f9b9c542a4ae,2,voucher,1,4.79
"3d0edcf47a5092f12524fc91a5fbdaee",1,credit_card,1,78.75
"3d205e6a3bde8bd5a480aba4d26dd315",1,credit_card,4,42.68
b8b12c952ae497fb7389315cd2a101e1,1,credit_card,1,126.21
"4ccbbab8f710965493ad65dc986dd9c2",1,credit_card,10,264.16
"7246a62bbec918c6710beb408ab60ee2",1,boleto,1,45.09
"1103b5da42ef752c4264d8e1b942aa3f",1,boleto,1,122.76
da911c95ac6e4e0d008a7ec3d961554a,1,boleto,1,69.74
cbff3990ac7d2b2026c2e3a639aaabb9,1,credit_card,7,146.46
d7c88efc86371e81d37eb2cff1c61020,1,credit_card,3,122.17
"05ad071b550b1cf2815e8bf3bec3291f",1,credit_card,8,111.40
bad242af8ec5c0d7d5dcdec41f207e9e,1,credit_card,1,45.30
df04e901d675a6c329be16feac866548,1,credit_card,1,81.50
"1778680c0dd08f2bcd27642d236a91f0",1,credit_card,2,143.31
f8ed26e5b5bcfb0d20833e3996b5e426,1,credit_card,1,26.78
"87d43116721d5ee0c0748fd7d393cc9d",1,credit_card,1,123.34
ee0578c482937df9ec873324e94b9569,1,boleto,1,46.10
a32a6f021e727df428f98b6a9f2f4df7,1,boleto,1,193.65
"99d49f52685bd8c00ec0c341cc75d68f",1,boleto,1,22.29
"6a83e5c040d9fc9d14c1035925ecee1f",1,credit_card,1,109.72
bc107b9b5508d2356f663898c2eb1d8b,1,credit_card,5,133.58
"5d4c85dc3fb9109333a5a7ef8fe717a4",1,credit_card,10,1916.96
"7e8641c6ba8f77235152dd1c3356f814",1,credit_card,2,161.86
fe9fc8eb3ad784aaf13c6788561efe59,1,credit_card,10,194.79
ea74d355b16bf9de1c103719173cb804,1,credit_card,3,175.38
"8342cb0cdd4fa7bd6ff3a6f7444d1d63",1,boleto,1,55.22
f62f01ec64c6b221f926ba560907d8f7,1,credit_card,2,327.19
"446634c9e8e8c3a70fef1507c82d5c68",1,credit_card,8,260.27
f3edc53c0e5bd4a11ddd437dabb01c6b,1,credit_card,5,144.11
"78532828d00531b29b635848828001f9",1,boleto,1,76.79
"528bf8e17d835da2b2716f8884040e75",1,credit_card,9,97.46
c6f480c91e0db6a6273aae45c6027091,1,credit_card,5,51.78
"8caa567c51464790f627a3c95e73c0d9",1,credit_card,1,56.22
"0922ee1619de7b995648e5a8407afb91",1,credit_card,5,249.09
"324390b70e40e80315c594d323f03798",1,credit_card,3,74.03
"477612d1e676932652d32281d67da87f",1,credit_card,8,233.33
a1fa82769a203e30b8faf81cd32e5193,4,voucher,1,83.59
"626c03cf0cb3efae944d6ac6c75c4a10",1,credit_card,2,89.25
"10f809105e097213525169c1cba5c5cd",1,credit_card,1,28.47
afffe744c625af23449137b8f832e630,1,credit_card,4,232.71
ebdf00c28193aed91e3f3d9fa71d9d13,1,credit_card,1,64.74
"8fe3c4dff68cddab1e0b9291b683c1fc",1,credit_card,1,167.10
"54056b0d1e99d13dfcb36c57dd33709c",1,boleto,1,51.75
af2822be6a722a21405c9aba959a9968,1,boleto,1,184.83
e042f1ec6293e2f37caa42cf5878b021,1,credit_card,1,53.90
b01e3ee0b1aa883fb12d7161e3d979fc,1,boleto,1,46.00
c9aca7a39b1655e0d52070203567e664,1,boleto,1,57.68
"2cb146ee8dcde5dc2e8dda5bcebe3f47",1,boleto,1,111.42
"91ce1f474cc41b0c5317e79388fe50d5",1,boleto,1,41.29
e706765d0ab55ce790c7713ddc4e1ecf,1,credit_card,1,66.84
"3cfd0a41e3256e003a751ae76649b197",1,boleto,1,55.00
"93dc7c78fb2b4efe25f1ed813f84992a",1,credit_card,7,280.09
"640883769bc5da4a077725646dc9995a",1,credit_card,8,126.43
"477ba53956bcbed8ecfb53c564354a34",1,credit_card,1,40.61
"46f3c70ec2c3e58a0c126aeb5d10d9b9",1,credit_card,8,695.61
c64f99013aa55e3d950573bf1a8ede4e,1,credit_card,1,98.14
"16976f8e43d0c9ee6079e3ed9eaa4fed",1,credit_card,4,62.70
"71b74d0e5cfa77c4b848bf0dbd8f7117",1,credit_card,1,21.38
c287665fc4b5b02e3a834918712358f0,1,credit_card,1,92.44
"2a152286cc2026c2332455f5b2ba2980",1,credit_card,1,19.29
"72add4bd00723dddd208bfd31cdfe97b",1,credit_card,4,72.77
"310cddf7fcf3d915e764a4b145a42d7a",1,credit_card,2,129.55
"9b652bd154e0804cb616f5e7c991e3f2",1,credit_card,1,67.50
"246a0dd11a624cd29b8c5dc2e56fa1dc",1,credit_card,1,81.31
bcbc83ec3dc71750aff96a593b9e280f,1,credit_card,5,144.54
dcd871487b636752499b411f1a5eca31,1,boleto,1,52.68
a0e03cdf46a28b86f2d93ccecaeca421,1,credit_card,2,103.14
"9a535db7017bc4d84dcfdd14e9a8cfcc",1,boleto,1,43.00
a560e0ea63089626704c4471adbe9367,1,credit_card,1,35.10
"4198d0f2bb36652e0d18c1f7bbf3b6af",1,credit_card,1,151.82
f810d2ff6e68d3a6f99b7f6da33053d3,1,credit_card,1,134.27
"72199498bf0e98991518d76445c744e3",1,credit_card,6,200.13
cf287f639abd10b1630574c4a065d4f1,6,voucher,1,5.54
"5abe202b4aa14c9b12e9661641d2f8e0",1,credit_card,2,71.51
d40dbedba7f8e8c83567c4096c8ab8c1,2,voucher,1,21.93
"0e36a0363ee90aef2a9aed38aa46a2a2",1,credit_card,8,402.34
bf5d8018171eeb0788be7f1c871eb981,1,credit_card,10,248.85
bf12f28c7dc6d25a5427ca0ceebff36d,1,boleto,1,345.03
"32be8f17cc988f8a0a52deaa64576dc2",1,credit_card,1,27.68
f80ad99e797d6ae86865bed1ff9483dc,1,credit_card,2,29.33
"34d92634e60b8234ac42750fd4b76fec",1,credit_card,1,75.45
b9374fefc8bd25caac04f6223e7649ab,1,credit_card,6,362.93
"9ffb325177b96c422447e3b9ee9a6270",1,credit_card,2,263.55
"2bd6a9cea9df97f5f2d0717bb6307f32",1,credit_card,1,53.90
fe9ada7f3e7d6b80fdc7ef06df755976,1,credit_card,4,48.44
"78eda8cdf7d5a0f8b22ad393f0139981",1,credit_card,1,129.49
a9a4989d18319f417053642957c9da22,1,credit_card,8,175.40
b1a4a414356b54aba115cf84a9536752,1,voucher,1,32.51
e74fc2142d294fafad4237ffd8b034f9,1,credit_card,2,38.29
"48445cae859ffeb0add84d872ed74192",1,credit_card,1,175.02
"6b7d4f93eef2545036e4388db6d1385b",1,credit_card,3,54.00
ad35e12cac3d10509e40885edfbc33d9,1,credit_card,4,85.81
"4d178c8435a1d6d81ded1bfde1083628",1,credit_card,10,263.52
"4066e404b7be2a4a7331bc62da6fdbeb",1,boleto,1,16.98
"58e801ec0ca7a3f8f17a61342bf09e88",1,boleto,1,84.16
"67adba02e0955286954975ea56f9d17f",1,credit_card,9,98.83
db033c99784b0da2569c40df1e7001d7,1,boleto,1,90.73
ca8446e47a754f1f72ae3acf393d0eb0,1,credit_card,1,7.61
ad926ae0ce086bc0ae23f92128253ede,1,boleto,1,254.33
ea7ce652a46fd8b1be9e01f9ce8b8894,1,credit_card,1,165.80
"4d9a2be7276029d8369fbf0fe73b6c0e",1,credit_card,1,106.06
ebe76afae9242fc70b0b807b78f17adb,1,credit_card,2,28.42
"0d522996b29429a46093cbc004e8f29d",1,credit_card,10,314.53
caeaea502e2e79a553edccabb2b65378,1,credit_card,1,97.09
dbb0da1abcce904dc52dd60ae31d5c12,2,voucher,1,5.52
"084e6aea84bfcc0627bf4da8d657938e",1,credit_card,3,180.18
"99b3fb1a943fa5d4af2a3386f00fdd19",1,credit_card,5,58.99
"13ca8b0d0c4f16e99ce917e1ffc06622",1,boleto,1,62.50
"5a6cd6b1857e91f2e14f76af61a7ec07",1,credit_card,8,380.13
"9644729cf104f7870436481d24456834",1,credit_card,1,32.77
"80a9ad939bd816de40da5a87156a5497",1,credit_card,1,134.20
"2228184e3773ea7d28d150ed03ef65dc",1,credit_card,2,65.46
badf5ea923341f29be3b4a8c59789a2c,1,credit_card,1,60.86
f80bb64f9bb2ac4ced01632c44a67e0d,2,voucher,1,92.20
"1cde9001045df230785548237295c58b",1,credit_card,10,125.16
"6c9d8a503389b985fe15e2f6c3b5f7cb",1,boleto,1,144.39
a4125b229a0ccba8decce0b246368fbb,1,credit_card,4,249.99
"4f39a9f31c5a7d46ecfc92571700a6f9",1,credit_card,4,196.35
d368ca1b5f6b46bdaf14b7c0cb5e40a1,2,voucher,1,50.00
c74781be12a00f1e31f7160673c27190,1,credit_card,1,70.02
"460ef4237e6579e9b59b6b313f96b825",1,boleto,1,121.15
"34276839abbc2d596eb36540d36c624c",1,credit_card,5,217.78
"109de627429eb7801ce1030634a693b0",1,boleto,1,37.23
"20a1b5b821806e87157587550af9d52e",1,credit_card,8,109.92
"966dc9fffe616512b8c5ec00294c21a7",1,credit_card,2,125.80
"2fd573eea535b447eea60a9b4aa2603d",1,credit_card,3,243.51
"5f929df885d4393e05e934cb6c7a720f",1,credit_card,1,41.13
"0d3adebce4bebc1f80a7f36e9833f497",1,voucher,1,94.63
fc395bfc7bc0ca54d0fa3e4cc90d055f,1,credit_card,1,69.32
"239bb6bf3c69a8b5a8da5eab92f1444b",1,voucher,1,84.27
"8eb2d535942b5b5c20192ab8a72db202",1,credit_card,1,27.39
f2d33e37a6cec5fb4786a589d91c7cc1,1,credit_card,6,108.51
"6d08b9609c4e0cb107497f8307539077",1,credit_card,2,30.13
"4b9f89563bc345603505c8719f0c35c6",1,boleto,1,48.01
"8b7d20431612adc12a56218cbefaddb1",1,credit_card,10,317.30
"80061df8d19c9f2f48929f293442f532",1,boleto,1,47.62
"2608e8f1fa4c7e37526b68e2fd2e6d10",1,credit_card,1,85.62
"8a4278a33a74f05e4d79f18b826a0c6f",1,credit_card,1,63.62
"9e98692197ace8ec15c6db45b5bfd9bf",1,credit_card,2,28.73
ba1f4cf892df702e9b730cb54d9fb063,1,credit_card,3,112.09
b6eaedebebeb4676e1afd5b94b048d52,1,credit_card,5,149.14
"64793ed51799074a85ec8bc4b3e365e6",1,credit_card,1,38.47
"08ae4b03138c7c51262c05f8f6e58b74",1,credit_card,1,77.69
"9edd9058babbac571631bfc8092e47c3",1,credit_card,5,133.05
f37f105aa1128b56962047c8bd46b4a2,1,credit_card,1,29.68
"5672fc8f50b8761ce7d2a3ec4ffc2b52",1,boleto,1,210.12
"93ae3d70a721582a8c0a1d28d804f947",1,credit_card,6,207.18
"28c9cde35b3af2a32c1371a199bf7ce5",1,credit_card,1,82.83
"6371383f8c6f8a72ff10050cf92adab6",1,credit_card,1,122.41
"558b411669d1eaae0ee5ec3186559cce",1,credit_card,5,720.77
"33a031da3772bfeda93d918e5048a0a5",1,credit_card,5,166.11
fa65dad1b0e818e3ccc5cb0e39231352,14,voucher,1,0.00
"788b1a554c3dcc3cd110e466464a01ac",1,credit_card,4,207.56
f538203e8721d06d7984cee6e148b9f0,1,credit_card,3,31.28
"0847b01cece36c36c9c439bd502babe5",1,boleto,1,120.80
"1a2b31addf5b14004c2064dfc912ed79",1,credit_card,5,226.13
ec07555943e04d757937a8bea3a75ed7,1,boleto,1,126.33
b18d6e6d7db27e38864c85a322985f77,1,credit_card,10,151.30
e277f0c1ac75d1659d13888efd4ff042,1,boleto,1,79.72
"667ab8124d743a73a082c04d1ad8baf0",1,boleto,1,122.50
ddd1cd1f0c2ecee8f709cd6c8d22daab,1,credit_card,4,99.75
e257fe6c043babc3b737247f4f2a88c9,1,credit_card,1,133.76
"1be0198364927817972a58d394308a40",1,credit_card,5,784.90
"5c1cabc415efcc828343f3b4b284b026",1,credit_card,4,92.57
"01500f2503fa84279982d9d87750021a",1,credit_card,3,32.59
"740c1d67ed429d1c95538970675f2cdf",1,credit_card,1,31.77
"598e800e9ad9acb037af33b097ae436d",1,credit_card,2,173.88
"47fa6cef6180f216b6beddc92ce718c3",1,credit_card,2,76.76
d2ce7421730f81ac57551e623ed3522d,1,credit_card,2,53.11
"0009c9a17f916a706d71784483a5d643",1,credit_card,6,650.34
a8b7b51948bf9deabad95734d8470c5f,1,boleto,1,68.12
"1017e188d93cee2c3292c71a98dbec38",1,credit_card,5,67.62
bdb7c7b648d72056fa0a7a19805dce0f,1,credit_card,1,411.21
ec7cf5f129c87b44a31239380516ae8c,1,boleto,1,23.29
a811f33c743a891f34de752bba733292,1,credit_card,4,193.39
"2a9e0eee7fd2324567845d0e4fb70efe",1,boleto,1,87.43
b7137352bdf2d8985750a6b13d49b2d4,1,credit_card,5,57.10
"644a4d69c39a2ed9ae0b84f27a442b71",1,boleto,1,31.75
"93f1a4071d3c96b7aa72f3fa4d5be36b",1,credit_card,5,187.37
"0bece47d86c4c6000ca551001a15669d",1,boleto,1,206.97
"367733070da9a9f5f70e9a9cceb99ea3",1,credit_card,1,13.68
"2e030421b0b918820fd7afaf06c61874",1,boleto,1,85.81
"7b5dc68850daf14f7b74396f30647f6e",2,voucher,1,51.67
f815bf37321904e2cda00a23ff393755,1,credit_card,3,115.45
"9e0e163a301e9e91fa697e0973e4a53d",2,voucher,1,84.98
dff1532187e859496ef16857a44c3d9b,1,credit_card,3,36.85
"96dad13c399dce9663d3bd03e84cea2b",1,credit_card,9,95.73
"07cba3be3e87c6b1acd31377b79122b1",1,credit_card,3,140.52
"9415b8205e1a211b3a930ab130b9ce60",1,credit_card,2,55.79
"483dc7aea9738d69a6e311c8d3ceda7b",1,boleto,1,35.22
"17a7658b3921d1511dd996bd92f02e27",1,boleto,1,43.37
c7da3693b9936c359eb9d60640dbb967,1,credit_card,3,32.11
a93cc6a86a64ca1f201b78f981adbc25,1,credit_card,7,149.00
da8be3bb62e9bf01e2e1a3bfd74ebd1a,1,credit_card,10,2751.24
ef053dcc610734a709e3003f9f8c0b3b,1,credit_card,8,199.24
"8d07b1d889f9478843ef1881587a5bd2",1,boleto,1,55.13
ac5ad4cfc85f922013597f80a6c59099,1,boleto,1,263.24
c3be15258fc4adeb2c7569983b4afb99,1,boleto,1,690.00
fedcd9f7ccdc8cba3a18defedd1a5547,5,voucher,1,9.76
f9ff65718437270c39dfb38755a41157,1,credit_card,1,48.69
"8d6b1b6428e4c189d70db5930ccace74",1,credit_card,7,257.34
f9f682974316f9f27b860858f43ea423,1,boleto,1,335.18
"5b11be6198779a98de48e7ad6ad1c941",1,credit_card,4,127.00
"7509453843e932c3120d2e3c8bc4563d",1,credit_card,10,623.70
d0953216646b79a1457c04739e8414e5,3,voucher,1,14.70
"7a36fa82d4bcff7d936c10be470b9c8e",1,boleto,1,42.77
"4f0b7853ed43ab1a2dbc32c3c2b17da2",1,boleto,1,36.72
"268270567c35e07af0d2f8c8cc978410",1,boleto,1,138.54
"29e364dfcbd17d9ebd50456ac1cdd335",1,credit_card,6,168.20
"1d28f6017289eba334290b00546ea432",1,credit_card,5,58.39
"0be5e6659fb39043971e20321fd45edb",1,credit_card,3,36.78
"4c01326cb869a9ad39093aced5dc4e3b",1,credit_card,2,43.04
"05d7aaa733ad65477075a3b5bf0f1017",1,boleto,1,31.75
"47efcc8c3c3a6011c15cbff901605841",1,credit_card,1,45.69
"6873a2599d71da76be91774f9e8b0af7",1,credit_card,6,70.82
"333ce3e6b37acde9e8cd3734d29381e4",1,credit_card,1,50.87
"6b325b9f635e80a6be4eaa131ae6141a",1,credit_card,3,214.80
"70a272d1c01754b91a8709ae7efe27be",1,voucher,1,881.99
f4e8ad5799c4158d5a46252237570e68,1,credit_card,10,363.06
"00571ded73b3c061925584feab0db425",1,credit_card,4,389.82
"68b52c864211bf27622d40f286985bc8",1,credit_card,2,143.81
"663f241698c041a1ca4f0b713327f0b0",1,credit_card,4,350.56
"612122563fa653c20d2ee959472a96c9",1,credit_card,4,100.30
"2f2a857f1d838454c26f5fb0fc4356ba",1,credit_card,2,184.82
"83475dcf3de69a4d4149eae61b9a94cf",1,credit_card,3,80.98
e71fb243240c2fd8fc69d520aac8bccf,1,credit_card,1,48.30
"39862f3bc75e8a104d1bd7bbf6255668",1,credit_card,1,68.40
"1f66126a353c1308d1396bec7cf67f37",3,voucher,1,6.13
"69cd806f54b86ec97dfbc6e717691e86",2,voucher,1,14.98
"2b2e646f2556658e3d06c53ee0465153",1,credit_card,6,340.13
ef29bdd3a72229e6ea76fb22871eb176,1,credit_card,3,73.84
"6de3383be650cfe96aed26171ad65c47",1,credit_card,5,355.77
"3aa23de969cd056c809332fb45ca17fd",1,credit_card,8,149.58
ac6e5268baf65f6d55e479e288bc67a6,1,credit_card,2,130.24
"354a5b90cf468691c4b06debfd2c8115",1,credit_card,3,87.99
"0a485e9f82800bf8b36ae34ad2a91aa2",1,credit_card,3,53.62
"3e1a73eb054c586cb259149ffdfd13ba",1,credit_card,1,93.56
"217fa6305f49722c5712365fa9fb7685",1,credit_card,1,216.15
"56c898abec8a6fd5e84ffc42904c4f65",1,credit_card,10,478.33
"0cfb8d2b2200481e6ce460c76ffa262d",1,credit_card,3,59.42
d26c1bf71e9f8c396a830d81b4c45866,1,credit_card,3,64.10
d8a72b506828f3aed76e36c3f4fd47bc,1,credit_card,6,79.56
dfd71e944918d4442a05232a620087cc,1,credit_card,2,68.35
"819928f65fed7471ab4f5a39391bd67f",1,credit_card,1,76.08
"3f515b21edaaa117bbab2833ce2cae32",4,voucher,1,20.00
"320f78fd535046175c97176db8c48b98",1,boleto,1,79.00
de3af37c394d28dbda628ece8f1997ab,1,credit_card,1,99.90
"25fcc160aad54c81aad28f9f71cb4cba",1,boleto,1,97.78
"630851c26588ce1346328ce74a222c7f",1,boleto,1,99.34
"13ff6e8d3b4edc9c04197d2945488442",1,credit_card,1,59.96
ef5025f48c69b9d957744cd6d6f9b662,1,credit_card,1,37.09
"0f9cc7808799d149c260814488be8e26",1,credit_card,2,68.13
"165fc79e50295637b743a0f33fbb3599",1,credit_card,1,204.66
"1066ee7e50cd5ffa03605d4bddb316cf",1,credit_card,3,335.47
cf6ed66599cd48144b174a41097963eb,1,boleto,1,156.77
"3396c76572477649afb42b741f245a12",1,credit_card,1,92.54
"312c70dd46ea96e94028c87931320097",1,boleto,1,124.53
"2f0bf5f44f075c8b48a0adbcc3eaa408",1,credit_card,3,65.53
"645779176d5d254b38d767ba3712cfaf",1,credit_card,8,210.62
f0b2f79f97e12f27b91c3570c725a81c,1,credit_card,10,180.31
"1cce7dd1eeb53ad0f97744d159ca50a2",1,credit_card,1,189.28
"0c29afa3d55c9d983ff14ae80e79984a",1,credit_card,1,76.02
"122804b6e70597eca700595473d8297b",1,credit_card,3,70.03
"8fa85bf6771df762a00a7960ab300f1b",1,credit_card,1,124.85
"0ccb5b7bf95c5b642f3717b08c633361",1,credit_card,1,2.41
"14acf0ab4732322f187e0fd6871a6cbe",1,credit_card,8,164.80
b02bd8ab1e9fcfed6347f12a37e01532,1,credit_card,1,46.69
"1c2fb7f84aa77300fcb6b698481c1e2e",2,voucher,1,79.90
"5fdab414c63ae3857866968ef3104328",1,credit_card,1,44.24
ca4ced509eae117b7d3823b4ce2467dd,1,boleto,1,31.22
"2804400973412de4efdaf1399281199c",1,credit_card,2,154.09
"6e005ed6792ec5ba81274fcf6ca4ec74",1,credit_card,5,509.20
c1f2b0dab3c67d4cb4eb6bddf1f6a531,1,voucher,1,69.15
"83d235ec5b7a9b0949ad507ccefc16c5",1,credit_card,10,113.25
"15cc05afae8fa894c83b39ac8d46c9d5",1,credit_card,2,112.08
b3e1af57e0cb89557abec0fd31d47c37,1,credit_card,1,49.01
bfca7413b79272dc5ed993b4e90c53ce,1,boleto,1,35.10
d85ce9b0e10e08627fdc72bedcf4cde3,1,boleto,1,98.26
"1d45f1b6e12afefd21dbbe53c2b858e4",1,credit_card,10,339.94
a0170b15707b42bf994d5b717e4ce049,1,credit_card,1,39.01
e05f1340b7ae14a83463bb4985a5eaa8,1,boleto,1,94.83
"69e55e8336714dba1ef5bc0a7c284d38",1,credit_card,1,152.76
"9823470255ccbe326173868208d9c4df",1,credit_card,3,596.62
ea97a4da26b071abec848a38e4bedea8,1,credit_card,1,306.78
f5d4aae78e79c2093f0dc0e73c34ab58,1,credit_card,3,228.56
"8590982c89fc97812ea0519d17b3eb7e",1,credit_card,1,56.88
"34632259a2507c931af71e41faaf35a5",1,credit_card,2,100.67
"1fbebbbba3149f89e410951ca531cae2",1,boleto,1,237.99
b0917656db06228a7b671f526b57baee,1,boleto,1,63.10
b3e5e9dcd613871dfe10a915545f2ddb,1,credit_card,6,237.63
d7db08dbc78c01587c1da8ce08e6269c,1,credit_card,2,151.90
f3a5594ec1dbbdb286b45516754c5655,1,credit_card,3,431.65
ce06291974b77bb06f1e6150423d34f2,1,credit_card,5,55.91
adb7bfeddabb6a9ac2f5f4c407c65e24,1,boleto,1,115.45
a8c5b9c0a36fb5d42f41d29dc808c0a8,1,credit_card,4,63.28
a7e383cf2bb9bcd974e125f529c5952f,1,credit_card,4,240.76
"6597009cc04bb23ff7d1958a705cdcbb",1,credit_card,1,77.57
f4d52c8679d7de408090a7c7ec487cf3,1,boleto,1,96.88
b9bc2a018009031c8df0fc7bc1b0f1d1,1,credit_card,2,60.00
"35478bb4a9d91878bd6e7dce09e52bf8",1,credit_card,3,79.16
fb239dec6971179d84f8ad7b5f5308d8,1,credit_card,1,127.50
"57287b46dc0f2bbc56c73b239cbc425c",1,credit_card,1,156.94
"2cddd5821b44b272c68fd4d199029359",1,credit_card,3,97.87
"87df9743b232127b4f035bdd0a472850",1,credit_card,6,121.94
"367464e5d1a4656c498410bf2523ed78",1,credit_card,1,151.55
"8bf8a39f0859c5d00da3d27e8ef39d7f",1,boleto,1,40.13
"48655ee6c7085fbfd82ff485d614a4b8",1,credit_card,4,272.36
"9b070beae484bb1c36b85f9e8398c067",1,credit_card,1,54.13
"92ebca361a35d3b733c6b4bb54dc673a",1,credit_card,2,45.22
"4048279d4b6d7122d030e5487857a305",1,credit_card,2,216.18
"77d4a04d4a453d14c0a086cfd2f00fec",1,credit_card,4,68.04
"9ffbf165bfd976933256254ac8d7bb36",1,boleto,1,183.32
"066ff76c980db5a993df8048ff8fe60d",1,credit_card,4,85.41
"447fbbff08bf51738b0b1f820b166372",1,boleto,1,98.14
"4c892e84219a67197b564a1458748023",1,credit_card,1,133.85
bc52f8f79c3a17b6fd6fff5c63212940,1,credit_card,1,23.68
a2b2d6d1919f4f35f47c42de3f62a1fc,1,credit_card,10,105.51
"69294a1f2dbe29a54c3a9c2421831d14",1,credit_card,1,76.01
"0184d4ddb259e1a4cfc2871888cf97b8",1,credit_card,8,91.16
c1a3c19dff6500babf78f097560b3107,1,credit_card,1,143.49
"88c3545726570a614531a593a21eca1f",1,credit_card,10,217.74
"38dd491abd1019ce526c43c8145e2f4c",1,debit_card,1,99.45
"8fbf78773c7c8165b1fcbc024f923678",1,credit_card,9,93.48
a2dab3609509cbd5ea851ecd77d6097e,1,credit_card,3,178.35
"720e866ff68ce671cb5b7d04eaeac897",1,credit_card,1,219.58
fa4e39af0cabdc0f91adcba174a63b69,1,credit_card,4,51.68
"35a3fda780d64bcef27e2922fe37b24d",1,credit_card,6,65.79
"007c7cb12ef3567531307ca78d395758",1,credit_card,2,195.00
"4903cfa5ec9a1789bed68b8931e6503f",1,credit_card,1,72.75
f43dce59f4547d6918c7b2360f27698f,1,credit_card,3,53.23
"488e14d5f98e30e2e5aa3fa2e58d058e",1,credit_card,3,76.65
be8b6bb87fabe5bece6e7a3ecc1f1f8d,2,credit_card,10,774.47
"690a163db7b76c6d6a2b166293f0c87f",1,credit_card,5,511.32
"3bcc1c9f93f90f188ff37ccb4e22bad2",1,debit_card,1,66.69
"65a73d6e115832b01eb4de0056cafa9d",1,credit_card,1,267.50
b3154d5a5a7c0b01993f0768a1fd4b8a,1,credit_card,1,72.90
cbf3948b0c5e72fc6ae9b3decce90451,1,credit_card,1,85.14
"0f0dcff95d53d151facf1af7575432cb",1,credit_card,3,149.31
ca43f8e8a9bf6a143bdfe24cc9fa5c1d,1,credit_card,8,118.35
"7752cfbc93594ff73fd8b59c616c4be7",1,credit_card,8,255.75
"415cfaaaa8cea49f934470548797fed1",1,credit_card,1,87.04
"7b539e31732dcb7e50afa35e6042717b",1,credit_card,4,70.44
"92636fba2bec02c660ed866c0ab6f4bd",1,credit_card,2,200.61
"2996508e094e566883c9b4da24cb4d30",1,credit_card,3,83.56
"91750e4d3d89e619cd557a6da400be06",6,voucher,1,12.81
b0ff49d6e778f78efe9eb70252a367d4,1,credit_card,6,308.42
"1551a397c99806c946fb1b1e7c729d8d",1,credit_card,1,178.84
"57fac99131db488c097fd2b5a75255dd",1,credit_card,2,116.12
"904bb8d83ce0a924807b5d34e698a439",1,boleto,1,366.08
"6db84e80e54c938d5112dbdd6494b7f4",2,voucher,1,299.15
e8e4b07d5ef7b47ef02076c4e41f3cb3,1,credit_card,1,54.23
"103188b1afa4614c023b86344f79727b",1,credit_card,10,111.80
"39d0bd05538b0d573193744390e86223",1,boleto,1,155.63
"34c378834dba3fa2b4e91a9aea8d1d70",1,boleto,1,168.19
edd98ff7bdddaa8e3330534fb8f02792,1,credit_card,2,46.28
b51327205e6ff7ad93013ce640671e68,1,boleto,1,49.92
"0396488303af9f0a78feb9ffa7e48949",1,boleto,1,177.11
"08dd64e78f26024b266515d5262be17f",1,credit_card,3,39.61
"9902c4cfc248909d6edb216912e16ef0",1,credit_card,1,101.10
"3447403152f317306ba14a3837235504",1,credit_card,1,65.09
"40fdebf7099c66b23f5856729f82a68a",1,boleto,1,141.92
b313fc60227234f6c73ab4f2585b5365,1,credit_card,2,93.66
"1dfbad39bdbdc81e1419b9e1972cff46",1,credit_card,6,158.98
a5b93054fbbf75a89a10d7fddb18afe7,1,credit_card,8,84.52
b8376096f4d2956da3ab2e311c30c504,2,voucher,1,23.00
"7a3f8080c604ded6519cd5b601f690b7",1,credit_card,5,176.17
aa3aed786cbca7fa2c6eaf17148c63e4,1,credit_card,10,319.34
"5df35b35ce08d3d6f634eccfeb93a143",1,credit_card,1,78.62
"68b4c4f5541fdc04be458209af970adb",2,voucher,1,2.44
"83e6f572594bab0ee7bc76298f38ceb4",1,credit_card,2,93.91
"011a43bc9bb525517251ebb3ebc99b69",1,credit_card,10,920.20
abda295410da87e6ac0742ce5abbbb9b,1,credit_card,2,56.99
"3dd1232f9ae258b596e0189d82e2a222",1,credit_card,2,157.32
afc164a698c08de061cc7173650121fa,1,credit_card,1,77.57
"0a92b722c3355980ef37fd1fee068c6c",1,boleto,1,55.31
"6654318656fd2cac598dec43a9cb7fd6",1,credit_card,1,31.09
"6f9163af10d76144f7f5c4e1e500f417",1,credit_card,1,48.87
"22b740460022df3f675528ed4e738ca8",1,credit_card,5,105.00
e2c83f97c1de922cd2db1cd278fda544,1,credit_card,3,226.12
"914b9f8c467264d57ba0df4ee274dd0e",1,boleto,1,146.07
d01376995a52b231a198a5f484b20841,1,credit_card,3,51.84
"42bfc988bbf084b1a7931003522a3ba6",1,boleto,1,64.22
af61c5af747aeb578b7e5a08250ed6f2,1,credit_card,1,67.11
"69d7a6c47dc11a476f79514694809c60",1,credit_card,4,291.84
"869bb454aa7fd93af2e620c1d34d5e49",1,credit_card,8,1341.55
"3b20eefea25e9f7a1f09b7106c26da95",1,credit_card,1,55.97
"1313a242a48f98101da4d48b310bf517",1,credit_card,3,148.15
d9a17ac96892f32022fa3b979bfa7929,1,credit_card,3,115.42
"1f32e76e92fc0ebf756639dad26ebaa9",1,boleto,1,220.04
"62f1923bf7409f0a4c029c4576499d4f",1,credit_card,1,21.04
c55598e281f3c63dfffd8cd0376e7232,1,credit_card,10,207.68
aa3bb8a5c7740d386e6318f44046ac14,1,boleto,1,133.35
c5a47daec61dfde191baca4e5c10668f,1,boleto,1,122.70
ed36a885373249eb36b298e9907b5ac3,1,credit_card,2,137.53
"19290f8cbb9b669a38cf4c56f5976bf1",1,boleto,1,51.10
fcc13f1fc01aacaf59da3b5bbc2e1b9e,1,credit_card,2,65.22
"7ef1da1730f64df72be4189c5ea58c66",1,credit_card,6,63.52
"9ad0a499e1f35f8609a2dd4ad6c203ca",1,boleto,1,50.26
"763535b0c06295b76a722375e74ff694",1,credit_card,1,48.17
"8f93df4da4cf61d8677c0d0913735f0a",1,credit_card,3,47.38
da0b10b78f4b4fd25b1635724889e7df,1,credit_card,1,89.30
"2d4f4cfa89af135842ed4770de178752",1,credit_card,3,79.12
"58f43661df7f4ebc6182ed467729a405",1,credit_card,7,448.44
"9d586d139683c3c3f1d1f3f94ff24ec1",1,credit_card,7,118.26
"6c92e2d397693207d989d46464700492",1,credit_card,5,62.01
dd1240d12bb27a5516e0bfe172c26d0b,1,credit_card,8,249.95
"1362f8eb7b8f4e07b852a57afc251381",1,boleto,1,206.43
a3069ca25adcd219ca2358ca58f46bdc,1,credit_card,7,77.89
"553a0f2feba6fd288aaea2986ca2f94a",1,credit_card,6,134.59
cadf2edfaac0597d9c8575252b0415aa,1,credit_card,10,555.32
"18df153e64a40c0a549c0312234e1ee6",1,credit_card,6,433.83
"8b0357c1bad60045f29531041ed96942",1,credit_card,2,102.03
"2369ff1232ff0d10bb9d924732757881",1,credit_card,1,525.65
"695eed4f6656d10f32a49760523169de",1,credit_card,3,317.20
eae3ed41188ee048187bd4841ae52b9c,1,credit_card,6,107.78
"81d6ac4e9d7c1c677ea8d5d128e7f659",1,voucher,1,109.70
"67ac8397ab2a26915fadd6e3ed4250ee",1,credit_card,2,254.82
"454adbf48828bb4e46339ef4d82b4021",1,credit_card,1,106.38
fffe18544ffabc95dfada21779c9644f,1,credit_card,3,64.71
"32065e5956c0bd03d20f89203871cbd0",1,credit_card,3,56.60
"0c5af151e04733e8c7ba3c911a536f83",1,boleto,1,90.18
"438f4256ef380bc7d658773ed817a480",1,credit_card,3,63.34
"8ff20d37027a8cfec2d000bef37ec50e",1,credit_card,12,122.19
"9dc0a33bcfa9c6bfa29e7434029a8631",2,voucher,1,18.02
"52ef81c49a349b1162a7bd4a8c2034e4",1,credit_card,1,59.96
"4b2b9a77b0645d1efdf00bc2ac1ba023",1,boleto,1,82.82
"69102a2e64ac8f2f998f5c2c41c71862",1,credit_card,2,107.40
d0506b5ff5f73a65977c2776c1bac536,1,credit_card,2,264.31
"38c2ff711e43f0a1fbd53318ec252e21",1,credit_card,2,120.15
"0e819cea051490ffa56c86778fe28c9d",1,credit_card,6,231.96
"4bd1099b6061705c9dc280f3f0c4324a",1,credit_card,2,21.77
e4a4383d0ef8c742a8c2c58be61b9722,1,credit_card,2,77.78
bd02833fc86efad05af6d9d8cc4a8b3e,1,credit_card,4,98.65
"4aed2e7583609a6a24a9fb2c7b6403f2",1,credit_card,1,36.69
"0abc7357d2bbb06a7d4d0b2a24d4ebd3",1,credit_card,5,288.71
"50cb20f783b26639e858a27798b315b6",1,credit_card,5,122.42
f8b6b27efdf0f73f9e9d978fc503c45f,1,credit_card,5,59.37
"03af60619b8abd880dd136ed837be800",1,credit_card,1,75.19
"93cc657ef01997bdee3bc4d3e574a470",1,credit_card,1,82.82
c51ce9c941eee0281c93cb39b804b071,1,credit_card,1,271.43
f745c78fabb1f206f5e1d67d8e25dddb,1,credit_card,1,47.76
c0ee5f2d4262c6c761676c64b025d074,1,credit_card,1,209.41
"1ab81205bd97428adba5715c92dae13a",1,credit_card,10,876.82
"3233701bc7c9824c3d7d3e474cc7addc",1,credit_card,1,66.67
ee044ff2777c49a97d4be749aa8e24bb,1,boleto,1,104.87
c1f9d94c449d29a907aaf5963c2fc4f1,1,credit_card,2,56.96
"2b6e532558903184200ab657802e5ae6",1,credit_card,5,253.79
"86a06021035571b058d6c172b0fae435",1,credit_card,8,236.29
"38ee876a426aeaf353e2a06a0e2b17d9",1,debit_card,1,35.83
e19e1e2a27811ece579c1b8178b7e90a,1,credit_card,1,36.10
"1d64a3cb77efc4437f3799929de08008",1,boleto,1,45.37
"2e7080c8c24e4a977925ca08b6a7d917",1,credit_card,3,377.99
c2878b60d8e2a4ee3b463b81e9ddd8c1,1,credit_card,2,28.89
"83d214da3624ec29a433e01e7ec0f492",1,credit_card,1,91.66
ff08fd76861967a9d7cf3b5443efb8d7,1,credit_card,6,163.60
c02bfa5d4662c34b2947b2ff59d25438,1,credit_card,10,131.51
c516d2f709c6364f4972d91c96569568,1,boleto,1,68.52
"1d80070bfe715fe0b628207297d72eaa",1,credit_card,6,305.98
d25eb23124adad743154951c70b0367b,1,credit_card,6,123.76
"85f8ad45e067abd694b627859fa57453",1,credit_card,10,1961.00
ca538977254d9e1b733e6946e3c323df,1,credit_card,10,250.87
"837a2b3fdf1af32fbddaedb82e8251fb",1,credit_card,4,70.90
"06c6a92df74580db95364b36aeb8f5b9",1,credit_card,2,47.59
"6eafb3047f5d0c7cadeec9d129f0e4d0",1,credit_card,15,211.88
"7b6a7a66fce3298e019fa8bd99a7d4ff",1,credit_card,5,91.66
e2f32fa6ee7888b5fc5fcac4cfd8d055,1,credit_card,2,55.53
"3fa0c4cad42dc3eee9fa4be7726f1bd7",1,credit_card,1,156.44
fdb6e644d463ad142d9ed03c9f6222a6,1,credit_card,3,71.71
eeb4d23ba9fb9cb0897472f49f332505,1,credit_card,2,138.15
"7fa8926e5fcb57beadd6baadcc093689",1,credit_card,4,166.67
"70dd6272528235d8324f3d154b94861f",1,boleto,1,56.16
"6785389081b96dc1acd26dc72ad54080",1,credit_card,1,120.48
"3ad057222aa3896524e1f8676a6fed66",1,credit_card,1,118.25
bb5a46301dcca0ca265b0bd999f9dd52,1,credit_card,2,177.12
"61d158e103c596593eb48b325c8fe035",1,credit_card,8,148.04
d47de9b5f1b4feb44d50ca860da9cce3,1,credit_card,1,161.86
"1987cfc8b059cc8a49d362fc64598db0",1,credit_card,1,69.61
db6c6df011e1bcc8e03e81b23982a1dc,1,credit_card,4,126.00
a6f204a476de5e606ae0188921142f7a,1,boleto,1,112.97
c263211bd219538f7c031591e87ef0d7,1,boleto,1,753.94
"9a4d55dfd3d1ff691330e78da74a6b12",1,credit_card,1,433.13
"82387464df585a62e081b551cf2992bc",1,credit_card,1,77.39
"37a8e5d9b2e5863960037179b26da448",1,credit_card,5,463.15
ea147e73648571e7ae04cfc2ba96aa35,1,boleto,1,71.14
"14325b030357956fe06c611e432d7e04",1,boleto,1,35.09
"513ce85c6d6f14edd0689eac71b60ec9",1,credit_card,1,164.60
bac0803bc0669a1e85a35ce2acec9348,1,credit_card,5,145.56
"4deab312e3e7dd7eefaf005f169974f9",1,credit_card,1,45.21
"1770c4ca61c42f3ee7a4ed66d626bd67",1,credit_card,1,113.43
"242ab4ce744f666fcffbc5d7fed8700d",1,debit_card,1,68.63
"22fc44f6f4d13ad1c7a07054e0b42e24",1,boleto,1,33.75
"0b7cb1c7ea62d95ba39702f4ae850108",1,credit_card,3,102.57
"612153bcf3b401012b872fc891497142",1,credit_card,10,209.78
"0347e77ba3ffb1d21339231e1f882b5c",1,credit_card,2,165.04
bb01789fc0271409b394c7b283e9dd29,1,credit_card,6,147.85
"9917855d5e68773f7db62f2dbfc06f71",1,credit_card,4,54.05
cf8f3b9530a4074e4282a4dbe3037c0e,1,boleto,1,229.65
d6229aca790acb92366c9888f1e0c181,1,credit_card,6,327.70
"154869e9010637920b946e369b26bfbc",1,credit_card,5,229.07
"4e6aa298577f90f026cfb1d07e86509e",1,credit_card,4,41.94
"24bf227d444a1df7957f78e6f03bc5b6",2,voucher,1,100.00
"2a5509f085830eb1ed8de4678769c2ab",1,credit_card,1,56.78
"04082ed3fe3aa0b4af00796e94ead6ba",1,credit_card,6,139.01
c609f82bcf7a90292a5940205ebd7e93,1,credit_card,2,117.78
"0b1e77ab8db5ec5c6af5514bcdf20240",1,boleto,1,122.78
e5220ef7f976cab4427f16a5e1d6c29c,1,credit_card,5,92.50
a0edce35ec325b10332d7806528e0dcc,1,credit_card,1,62.64
aa30ff809084eca858cb3f57857c1ba9,1,boleto,1,1541.70
c25173539a29a9b22d85fefd55e89a85,1,credit_card,10,142.53
b40cc33d658c4e802526de2bf8a56d43,1,boleto,1,39.01
e8a874f0c34734d1f21dc074967f0a07,1,credit_card,1,71.53
"28f0dbd673b8e80e38077292901b1fa6",1,credit_card,1,63.61
"19adceb97f5be3e428c2b0df7a6efa39",1,voucher,1,37.55
e0f96cc1ba052fe2de161845c9f24ab0,1,boleto,1,148.33
"2b954554f16bda26b0674892c02c6684",1,credit_card,2,140.49
"4c309580256bd11b9a9135a26a1a966b",1,credit_card,1,189.98
"6f95997d009a6c89f18029f779a6de56",2,credit_card,3,82.29
"58199a8d18062ab7c3fee55f16366d45",1,credit_card,1,29.38
b2ec9793219a396874af11e39d08f183,1,credit_card,4,99.24
"9fa34daa1767b075c5a2490c9e8b403e",1,credit_card,3,73.77
"48a8a6c760d13fbcdf6542200ce572b5",1,credit_card,2,106.06
fda140e135ccab872e95fb03e76ba27a,1,credit_card,1,76.98
"2a289c7b780d648ef3ff20d647ea1a16",1,credit_card,1,161.53
"7dc55217695a2ec178b513fa24188247",1,credit_card,2,68.18
ce6f7cfee3b870cc82e566f67a88a00f,1,credit_card,1,44.62
bac2a0865fcd2f0a6d08ea425fd888c3,1,credit_card,6,178.47
"7c7a36eb998ff964a38dcca485c7bb24",1,credit_card,6,68.44
c536b6b70c5e68d35e68e55e95d873f5,1,credit_card,2,128.02
b52c2a6044367f51b1e6f7d5bb8bca7e,1,boleto,1,129.64
"7955a52aeb9d87cd04d970f6cc22c98e",1,boleto,1,55.10
"77f786b616f184da30df78a7eb228d92",1,credit_card,1,27.30
"538cce8b584cc6b13e623e781c51b181",1,voucher,1,141.13
"156d020e7c34fa12b2b61a68ba9c7c0e",1,credit_card,1,55.36
"2dabb10146331fc98c0322801df870d7",2,voucher,1,20.00
"298244895a58e73db105ff38993ca7b5",2,voucher,1,56.38
"0bff41f23a1260a23cfe070af558eef7",1,credit_card,2,57.60
b2182fb810efdf89531f055b0ffcd885,1,boleto,1,48.13
"6703c0ecdc099b3260a56cb020f09ef5",1,credit_card,10,470.02
"600b6a5fc944f990a4163f99a9fa69c4",1,credit_card,6,554.40
"5b239ab55b48a640fb239df51bbac110",1,credit_card,1,100.04
"9a17a8d78fe01948345e0beecbb3f879",1,credit_card,5,119.48
"17ca1148eb4467f56f9670a6e5096239",1,credit_card,5,418.17
"0460d320a0a3d5a59cbc08636053751b",1,credit_card,4,133.40
a3c1394b2224879f15740f0ad33dcd57,1,boleto,1,39.16
"8bca89b4311c48e6e6a22acd5cebd242",1,credit_card,1,92.84
eae14ee62ea02e4a202dfa6d713acabe,1,credit_card,10,120.79
"4f5db1138694f3bc0bfdbb113f4f83ec",1,boleto,1,112.58
"7d448da1a22951eccabbaf1d9b380f91",1,credit_card,5,51.50
"553d21981eb5d6f2f19c3102cde1832d",1,credit_card,7,78.71
f71548efb94082ec81596149dba6bc12,1,credit_card,1,60.01
f3bd213a969549dd53ed48872f4bb69d,1,boleto,1,520.75
"802f8e559e63150e5bec0fb62c036754",1,credit_card,6,90.05
e0699d3ded38cca3642677243da9f13b,2,voucher,1,56.60
"07e43f12d5d3bd569e03916b9482a8d5",1,boleto,1,28.07
"2e0a57a3d7b55da441c3d59bd020a100",1,boleto,1,23.38
df2d37051bb54c7c7b2fe0d2999f0f08,1,credit_card,1,60.76
"10980615138835de121262cf38488689",1,credit_card,4,82.61
"10ccabd86a31f6939bd6b0eb1bbb1c67",1,credit_card,10,336.71
"3d7d60b10ba4b43cf6f6d5df2e933f67",3,voucher,1,21.37
"83c21ad12bc2a9a586aabd1334ee4a22",1,credit_card,3,140.04
"5f6ff645a46107b55fd2cfe055bcd276",1,credit_card,1,75.07
a7ef78c3a5df5c8ec972fec1bda6c55c,1,voucher,1,99.80
f4788173ecaa859073b6d2c4a35da40f,1,credit_card,1,56.36
"6eab05774245e7618924a3be1ad46115",1,credit_card,1,60.95
"08f27a5ffb706cb79c10365101fe6791",1,credit_card,4,181.68
"2b10fc23d5db1ae332b19fd2427b28e5",1,credit_card,4,129.32
"667fc0af3acc404a6ef971908b1574b4",1,credit_card,10,154.17
d65b5ecfd3118aed9c5a08d68ebb1406,1,credit_card,8,234.19
b41cd75853511ce5fa49b43cca5449f5,1,credit_card,2,107.76
"0c065ce922f289db756e5505cb2d71d7",1,credit_card,1,97.13
b61519b912ded530fcb3fcc9103fcff2,1,credit_card,1,33.33
"589afae8e1396e2a2dc24a1c68223809",1,credit_card,1,141.31
ab8aefb183a8140b544a1eba6a139101,1,debit_card,1,36.49
"371c8cf0e8b96be301f7c2648b9846e3",1,credit_card,8,119.76
"3cd9ad25e3764f6769112c081a0f08e4",1,credit_card,1,139.62
e9ccb8277ecd5374b5a0532b5ee47f7c,1,credit_card,9,159.94
"6a713ce5b2cfc769104c39775b662625",1,credit_card,1,14.42
"048d699adf41881d80ac3ed5f632a3aa",1,credit_card,1,186.79
"0ce50541293dbe475fde11c04962e953",1,credit_card,1,35.68
"6c3b9813e98d409d3af5da143efbd2d7",1,boleto,1,83.23
"3e7d62de8eab0ea8d37a2983df8f7af9",1,boleto,1,30.09
"23072f93197ce1005af84937345b910d",1,credit_card,1,98.95
"7c37927fa7676a5dc4dafc75d15d6bdc",1,credit_card,3,87.96
"6ca63d606e504f859e56df4534878101",1,credit_card,3,72.88
"24cf826a7c6a7038c6ec3a5173a4c78b",1,credit_card,1,68.02
"372daad5a03ca30d47a650aa8b0194e3",1,credit_card,1,36.39
"943e40583d137bcc29887eadaa15e999",1,credit_card,1,42.17
"711dc5c7f9864e658ee30f5122e40533",1,credit_card,1,86.15
f8bb4d404d187c79b86ccf852dfa345e,1,credit_card,1,24.27
ea9698a810cde28c3c7a480eb46780ba,2,voucher,1,52.10
d0b9352507407461f1092bd2fafa7df1,1,credit_card,4,222.97
"13cc20205a5d08b532f127b6fbf0f370",1,credit_card,1,3.22
b172124e9aab2e37fbc87515ab36ea81,1,credit_card,4,95.61
"96ac66ccf47cd62c9c986b5f551b260c",1,credit_card,10,223.14
"11d0085cfa1ffc32aa630cb9c92ea970",1,credit_card,1,87.64
"21838957166e38f71ea42879c0a5c3db",1,credit_card,3,278.43
"242bcea719638feb8c102d38e67a4977",7,voucher,1,12.53
f6dca8897da8fa613f0b91b742c58b54,1,credit_card,1,54.13
"249ce1b12f07122e85a8a56336368477",1,credit_card,3,219.40
f25ef046203c850005cd4200f7f8c190,1,credit_card,1,31.51
bd599758fe3b11d9164b0d6038ae9826,1,credit_card,5,56.01
c3a001021826ddfe86b5a2d7ef464308,1,boleto,1,39.26
"2a680095a7549ad07085fb6863f91316",1,boleto,1,33.99
a0a7acfccad3bda2ede93beeaeaac876,1,credit_card,10,170.29
fd22d0466cd7c6203111661f9efc93a1,1,credit_card,1,61.60
"640806202f1eda384c725b1c24118968",1,credit_card,3,87.23
"91aabcab64d026c696b559aae16dd2c3",1,credit_card,1,62.63
de72d70497698d2416dc47712bbc7678,1,credit_card,1,224.71
bdf2b8212af123f029e70c1036e2895e,1,credit_card,1,221.82
a5e7b733ac9f9e3d9bafeacd10b5aff9,1,boleto,1,127.75
"35cce165fe029166f2ca5396ab15eb50",1,credit_card,6,63.35
"3fde8b7313af6b37b84b5c7594d7add0",1,credit_card,6,65.62
d57880ebc950c50f75a5373d64b9bbc6,1,debit_card,1,84.78
b3843e9e6a4772e07d679b80b9c32b40,1,credit_card,1,29.95
"5db4ab74641ba05232ad09d752688f02",2,voucher,1,13.58
"10c33cc597b4da1ef94687ebb8b1e9a7",1,credit_card,5,71.15
"66408ac1fd2db14486fb5d2c432aef51",2,voucher,1,62.98
ae953cc1e58850c44e9d68bf216cb8c0,1,credit_card,2,99.80
"5fae5b3e4e5a5c6b02a38d8e4536a81a",1,credit_card,8,87.11
"5f4ce8a8082f8fbaf311743998d20573",1,credit_card,1,72.26
e42e8108ccb75f8beac4116b386e7023,1,credit_card,1,93.58
"2d7d83fd96dd73654af01305b5c917b7",1,credit_card,7,74.05
d34f40889c88789d3d30f961b338c4f9,1,boleto,1,64.53
"5b72a0a59eaf0de6502b2959810e3dd5",1,credit_card,1,42.77
"4c6c2cdc8af14d43707dd3e71c1f54cc",1,boleto,1,60.78
cc20f1526c8c9725da26e2563d40260e,1,boleto,1,215.14
abad735a6f47ebdedacae8d78d765347,1,credit_card,3,76.08
c4437c3f71eb47254bb52f9d8f009383,1,credit_card,1,97.81
"97bf52f3429b21123c9465fecfb66162",1,credit_card,1,60.00
"0ba07d4c280cb853d92c8734162c1cde",1,credit_card,4,48.72
"3182ecdf3da0331bf56a6b4ff5e069d7",1,credit_card,10,749.64
d67a186ae0a6f83219c1da52f2720049,1,credit_card,4,50.53
af516db8ac29ad210281b90ef0a33d19,1,credit_card,5,396.23
"481075dd01a45aee93425cfdf090a8ca",1,boleto,1,167.83
ce5f998d724ed1ac61c890e33b24a33f,1,credit_card,10,187.43
"54222af95be89a263082f3998e8bf8a0",1,credit_card,1,127.53
"2c3f481e97111f73a244fdfc556e2303",1,credit_card,1,176.72
"2f4b6bf22d858c8b142942bf133b5b05",1,credit_card,2,107.82
"4c96e6cd1329471164e71b76d8ac0619",1,credit_card,10,176.02
"38c173dfe3aac4bedccd485f5424609d",1,credit_card,8,399.68
"823070d852b76a5314b41122ae317fcb",1,boleto,1,35.00
bb1cb0653f2664a83f30a4bc0b483f94,1,boleto,1,255.33
b193fd0f267c2871f27f939621408e71,1,credit_card,1,30.01
"59a23f52c86c016f573b4b5ecbb8e4ab",1,boleto,1,82.73
"2bf247ba0fa83d6f30b133c7dc349f3a",1,credit_card,1,31.94
"2da95ed34624aa01afbd04c55751b73e",1,credit_card,2,153.39
"09245c021d29cc570d8d5ca0aefd0f22",1,debit_card,1,67.62
de260560dd72236bfe5c3c4a7a7053ab,1,credit_card,1,69.33
"69dea4ea9a898ecbe8c6af9360483b82",1,boleto,1,242.37
cb83b3b35a2362f3a560b69d959b6732,1,boleto,1,56.96
add8925a882ced65862ec18298e38f3e,1,boleto,1,157.51
e5db5ce380f52125b3748bf78fdc7971,1,credit_card,1,50.89
"14fbf806b3437830413ce53a21371d3c",1,boleto,1,50.10
"373fa646df70e5064388905c109571ec",1,credit_card,3,66.94
f807d9018684b10d06ca569cdd62c0af,1,credit_card,3,46.43
"615774e695ab140dcb5e1c0aeb15b9cc",1,voucher,1,92.19
"4e088ad271cf6f947e89da00655fe524",1,boleto,1,61.01
e13c7d85f07a4e00c383115a154dcc39,1,credit_card,10,2207.98
d582719e4c601c4654de3f18049afd59,1,boleto,1,25.32
"4baefe0b13c215e6417751ad5121469d",2,credit_card,10,512.88
d244f2083d5bb47133c5b240a8f6013d,1,credit_card,1,87.03
c1dc2aa07165a0844cc6a68cebfeae67,1,boleto,1,90.30
"13917780488fcc5fa2f9fa3c45549c80",1,credit_card,2,45.25
"8f09ac6e9b4016ac9b69b4b6559d8ecb",1,credit_card,3,218.27
"26bcf76706fd675a268ba2cf63119270",1,credit_card,10,538.47
"28cdccd6158be1d2d9a246963df39be3",1,credit_card,5,1175.58
f37814135d330c836ab5815503b91c92,1,credit_card,2,39.09
bc3551dbac6e56b70347f161a1c0e434,1,credit_card,2,173.49
"7f3550ae81191baec2a35d0e2a21a6d4",1,boleto,1,133.84
"8b2fb881ec8d04ffa5bc7a27833ad984",1,credit_card,7,182.62
"50f565fbb2600be9ece2189e2e88af7d",1,credit_card,5,101.46
bf88704e42dfbdcebd1a543c31583990,1,credit_card,1,219.06
"3c0f91a7a3493bb46260f52f2e6ab61a",1,credit_card,3,52.10
"9fa420e862b14f1b9485b201599dc574",1,boleto,1,95.50
"91f59a50120921da1da1a8e12b4109ee",1,credit_card,6,61.84
"973c60b5a6b596a9bfe6a48569a9ef50",1,boleto,1,211.44
"65a88c357350772e3940616ae4480140",1,boleto,1,172.05
d9e8623b91934be53447d3bcd54025df,1,credit_card,1,38.28
e68e7bb5338aa7632d6a49d321c1a0c9,1,credit_card,4,111.02
e117ced88985de310c55a4f417b2028d,1,credit_card,1,118.01
"0ed85071f4330f23eb0a71d4c26ded6a",1,credit_card,2,113.56
"8622c6f995fbf5c21668a447e212681e",1,credit_card,1,71.53
"6386b8aabb7f032b77475740cb035e86",2,voucher,1,100.00
df96405a326379bfb427ce857d3f2e18,1,credit_card,1,82.92
"158efe328e2ddf45e72017374145646e",1,credit_card,2,167.07
c9cb31bb489f9ed567f42b13d15d8d28,1,credit_card,3,39.62
"51ecb060e9a1eb74bde191bca7fd69bd",1,boleto,1,153.20
"9a50f016b349f16c4b2e42a4be02d1c3",1,credit_card,13,278.00
"96855425ac02c08fd0467f1fa9186d4d",1,boleto,1,48.01
"1a94ab8fa44ab78eedc4ec633f54cc02",1,credit_card,18,455.22
"4ad2b31eea8156f4b8413c4d41eec3d3",1,credit_card,3,123.18
"90e258ad907d8401c4f1107ea9e55f1b",1,credit_card,5,130.91
b7a7ac8cd7f24354a07b090362fbb6bd,1,boleto,1,159.09
c20197cf31f945d8c2cbf79518530b4b,1,credit_card,5,93.48
"7613c3754c405759d9fc074c35a02b3c",1,credit_card,4,47.44
"14f70953c10e4a130a66e0fb1f039c67",1,credit_card,3,138.62
"5a55b4fcb288fcd4e03766ee8dae6a41",1,credit_card,1,160.54
"62fe4763f75b8c61cc111e465211c08c",1,boleto,1,297.76
"85ed4ea9966969e844099fe5304f586b",1,credit_card,2,42.78
ce136deab0b93414db6536909873e31b,1,credit_card,4,80.11
"5b35972421686a8a4758f542bf3fce74",1,boleto,1,43.00
"81279a15416799e6580df60f66760a7b",1,credit_card,10,1052.14
ee9c09afa667c1baabeefdf51f66148e,1,credit_card,2,53.49
"304137040eac6e7582eb945e3f347120",1,credit_card,1,9.10
"0312ecf90786def87f98aa19e0e0ce63",1,debit_card,1,42.78
"138231385802e09f83a82cf35bc5f4aa",1,credit_card,5,600.00
e98b495d3efa269c922cf62d18c6e2ec,1,credit_card,8,255.97
"9db49839ad325c2bf4303df727694be2",1,boleto,1,62.74
"2e23a32f0160b8226732e1fab87cbe59",1,boleto,1,145.14
ec3d63b91b19bedcbe453ea0df14dd50,1,credit_card,2,117.96
e91a90c1253592e046513873529f6431,1,credit_card,4,192.64
"2bfb7f8b84037952c9081f80964396b5",1,credit_card,4,162.91
"4e0e014841788909971877b03ce929b1",1,boleto,1,137.60
e7ce9b9f4c61af74340791cc36964dd8,1,credit_card,1,56.05
"5a176f6453eb05d7087014b012940727",1,credit_card,5,249.67
"84529952b44a7b19788d9398f07b6eea",1,credit_card,1,67.50
"20b2b93a5f0525645b5878cb139f8c5c",1,credit_card,1,173.86
cfd355e6233b9854f7decc72472f9c3e,1,boleto,1,36.77
"4c23c4164a5456caf473aa274df8b8b9",1,boleto,1,208.34
"6d9ce5b5461904a50d649dd753f6b5a1",1,credit_card,4,99.65
"85abf987df0b38005eb6c91fb55374c9",1,credit_card,1,45.62
bbab0f55c714a04cc7a5c065c65f1089,1,credit_card,1,38.37
"1c47e7875c7c3bd3399467e179c5c3bf",1,boleto,1,239.64
d411b203fa5c4b8dee5012ebe23cd3b4,1,credit_card,2,198.04
ae4db4c8bea553ad40e0d84be24d635b,1,credit_card,10,184.93
cf34fe44babb9fd001a001acfa43cabf,1,credit_card,1,110.16
"385de16f1457125fdef85002bdc4f7d4",1,credit_card,2,167.59
a47f10b58f94c3040d5db5e91ba8b4ef,1,credit_card,2,202.06
"0766586a37a3ceaf9623fdedcb51240f",1,credit_card,1,213.77
"295d49e8efc4fcc47de84a52d74d37a3",1,credit_card,7,349.69
aad1f17a009853a69d204e2c5e58a11c,1,credit_card,3,224.70
"65ebd0b456e1fc3533b4c0645a90b366",1,boleto,1,161.67
"00063b381e2406b52ad429470734ebd5",1,credit_card,5,57.98
"3e02fdc7581b3911fb32501e56bd3192",1,credit_card,1,72.72
d708a741a38d9b961daa3d2890df5e52,1,credit_card,1,47.80
"31edfdd76d49716666c52c80ae236d75",1,credit_card,1,39.75
"2445655afeb72bdf84bd0d86682c9ef0",1,credit_card,3,177.05
"492e8ed750e427ec9d97ca8d4d4eb69c",1,credit_card,7,75.53
"68032d83f60d0cff0f79fd0aff398f29",1,boleto,1,99.70
d607da6b83f619cfb1a39fcebd801150,1,boleto,1,95.99
f1fef02958f49028cbdab162242010b8,1,credit_card,2,123.97
"80db40134db34fa301d8a9c17b307a00",1,debit_card,1,2155.35
a7ed41d2a370f87893bece4852f9404a,1,credit_card,2,235.39
"6589f771e13f9a378a625ea0cea60816",1,credit_card,7,719.86
d7484d6207c35d75a99882ac7de536c3,1,boleto,1,56.78
adc9c192fa551c7973ee32d217816b89,1,credit_card,10,121.39
"22266e2f8d8084cd2b5d8488164d043a",1,credit_card,2,50.02
"67e7cace5deab160cedd95c80e6f60a8",1,credit_card,1,13.05
"7d6f574ef80a9512a94e21c400a261c2",1,credit_card,2,155.05
a728a784b0cb1c9e387f984db61c0810,1,credit_card,6,115.35
"62b3fdb5d9d02edf8ba0cc44095b8c9d",1,credit_card,2,118.49
aaed8fcb92e763144b26eb6ac5ec48c5,1,credit_card,1,146.51
"49ecc452cab118ed8cea1ef76a3b3f95",1,credit_card,4,44.02
b298fd28139da45209ed96d965b7a1ad,1,credit_card,10,155.36
"295f0c892077fab482adb25cfc37aa79",1,boleto,1,92.99
a8f7154bb991a05d09b8175c2e50364e,1,debit_card,1,67.44
"595c28bec1ce2ed873ef32f4c6f2f624",1,credit_card,2,64.42
"2882e815bbb59314e58194adf2fe61e3",2,voucher,1,13.18
"71c56e89b74017d9b26611547346b7b8",1,credit_card,7,72.48
"7b4a44bc5f1454fa1a746c97a135011d",1,credit_card,3,186.60
e55b46bf1f7b0739a890db6c07478c9e,1,credit_card,1,28.78
b5a801d2465c927e096449f176459916,1,credit_card,4,42.76
"58e507b7d867429e6bd5116ea280588d",1,credit_card,7,73.15
"0c905768040f5d51c3cccf00256ddcd3",1,credit_card,1,283.65
"23b808b68625191fb96d7174795a65f7",1,credit_card,1,35.17
"48d9d778ca005971949d2ccad7e99d70",1,credit_card,3,72.90
"3b7e01e07d261a60f7d985ce537c8f4a",1,credit_card,8,362.42
ae19a9db6bd3ac0b94a591ee4a228a83,1,boleto,1,131.35
"3e5a5f26a57dc7918c951081887b0e88",1,credit_card,1,39.41
ea3da9210148306e5b1bbb843c19e65f,1,credit_card,3,336.89
f36c9459416259961f2abc4fb50b67ac,1,credit_card,1,126.64
c4f710df20f7d1500da1aef81a993f65,1,credit_card,5,51.79
e003d94282e5f1e45760dde794a8a173,2,credit_card,7,75.79
f1f58481b84bb57156f86cf3d5b2a1c2,1,credit_card,2,60.85
"8376f6035204b549b6bae5c4a7aa5a44",1,credit_card,1,73.54
"58b13fbfad409587249249f2fcf879e4",1,boleto,1,142.43
fcbe5b8ab9e476b1f5fc6862539d7a22,1,credit_card,1,37.22
"83b168c70ec0325445963b36cda1eef3",1,credit_card,2,73.27
"776a4baf188ac5bceac98950a0c2d0e6",1,credit_card,5,56.60
"369d7f9f1c7cf25b5b840af3ddcc105b",1,credit_card,4,203.81
a418dd8bb942566e566d2eae0ca55f10,1,credit_card,5,57.98
be7ef653148b80c79b5d9b8500c47949,4,voucher,1,0.11
f7dc79358f6495f086b1874bae7a9575,2,voucher,1,100.00
"7fdf8dd46052f2a079f69f94d3f07e52",1,credit_card,5,236.65
"948be76f305c16c3ddc7bfcdfaf093ac",1,credit_card,4,202.40
"51e8e9b5d80b938a3268cdffe95a59dc",1,credit_card,2,98.88
ff76dbda803ba2b4743b8d9e4f02ff7c,1,boleto,1,67.10
"6057795be8cc4b91b447f81088a07594",1,credit_card,8,308.13
cb6257603930f3618def090a02e57d92,1,credit_card,10,207.57
"23b0f3febe2a61dfb83ff0ede848d53e",1,credit_card,1,101.63
bb3e2a4f3e37bb94bb72fbc8a2fc7981,1,debit_card,1,47.01
"4a94f985ef69a52bcd0562790587a857",1,credit_card,2,46.53
f2614c602a0621707ca12e9a6cf3b112,1,credit_card,1,58.37
"01dbd2da9b685e6d444416f7825d0931",1,credit_card,1,48.70
"8ca5bdac5ebe8f2d6fc9171d5ebc906a",1,credit_card,2,59.08
ae938042ee33a2f3048cb2e4d25f9bb8,1,credit_card,1,5.46
f26d3cc4231c7230b8603f2beede9ea9,1,credit_card,10,320.91
"4f9a5e34b38f10ef71c5753cc953be3a",1,voucher,1,0.17
a8b96b7d5604088bca60e1822012c0cd,1,boleto,1,36.69
d14f47d31b1e3717cd25c3876b276523,1,credit_card,1,127.67
"5d80f1568478295e280e48e5d766bb28",1,credit_card,4,164.38
"7ce492282af12e4b6c41c28e7b377e87",1,credit_card,3,159.68
"88407c8c6e12493ff6e845df39540112",1,credit_card,2,83.69
"09a38776c4e31230864f867821174daa",1,boleto,1,100.23
"60d87c3a8975a3933f54d91664de9a7a",1,credit_card,2,83.87
"2355668b3f4f5c92b35d3aea796b9ba1",1,credit_card,1,129.47
"7b3f7b1f639917b41e0caae96643d596",1,credit_card,6,177.34
"5e8632a278dbe421d1c5d75e542dfffb",1,boleto,1,208.74
a4ab908db8226d51e477fc3f81c3e27b,1,credit_card,1,54.73
b83a885924dfb45ba32e8450efe8d657,1,credit_card,1,74.07
"43ed2e201f59c4d2f7778d8e8c526fae",1,debit_card,1,185.94
"727e96ab29834171ff0fe393453467e0",1,boleto,1,116.24
"56cdfcbf34dbccee2a6ee43ac8382ec1",1,credit_card,2,95.21
ea43bc65126ad69392a37907bd400c49,1,credit_card,1,96.02
bf21c25c297f9093e217a740ea93b465,1,credit_card,1,49.29
cc9bbac0ab49464c551e527df59db18c,1,credit_card,3,43.17
"9be2a464f1c3c6a07d0744db8972a9cc",1,boleto,1,51.39
df545fca1d6c9f96b0eeeb751a6f2650,1,boleto,1,115.79
"09fe7a287eced3280bbc1ca7759c4c25",1,credit_card,1,23.36
"4f2a73bfb26889724652d46145c4a62f",1,credit_card,3,226.24
"179b63fcfafb80e064370a2ce74c81f7",1,credit_card,5,53.90
e4d760499e9cf7d9e555ac7206aa45bc,1,credit_card,1,163.00
"5309697895b2dd99b05c248512f668cc",1,boleto,1,78.35
dafc4b5ceac0b3e1eeb90f581dacebb6,1,credit_card,3,36.75
c666476105edefde7a138ed12ccb9910,1,credit_card,6,60.10
"5be47775fbd521b6104cf7ed466afafb",1,credit_card,1,141.53
"4a0631db2a41a97552aeba43bb156b08",1,credit_card,4,230.75
"2e2ae1b26bad0347f97312736a625b53",1,boleto,1,89.58
"45234e26d8f4a497d57ba385398874f8",1,boleto,1,229.79
"5b96fa278c2b3c1e29c190ef1b651d08",1,boleto,1,36.52
a43f06aa18fbe7db935630bd59aa0cdb,1,credit_card,2,157.32
"530cafa371466af70192849099f48cd5",1,boleto,1,202.56
b266c12d9bececa3942c1bef84f13716,1,credit_card,7,146.84
"6d9f1e084075088c799d8294e1d7de68",1,credit_card,1,466.90
d595973d4fba0efe337a336386f42893,1,credit_card,2,26.75
"175f0e4be32fba394c8d7df818ed8425",1,credit_card,8,221.79
"4b8e7be134dcdd11881a5e7de6c88627",1,credit_card,10,219.57
"53be71ad136b4e964acc33d8902666cc",2,voucher,1,30.00
ea7e528106f7ea156423a2cbafd75bc2,1,boleto,1,140.08
"7aefecb78e141afbc6cd675bb64f3760",1,credit_card,1,55.67
c1649e916cf1080b2c01bbb3f6078999,1,credit_card,1,25.50
ad1b24e31eda83c8bf2123f3961f588a,1,boleto,1,45.31
ab2ba1e5a2f808d58d514a5e7a650b49,1,debit_card,1,48.21
"50182b772092990f9c237c00c8c24996",1,boleto,1,48.62
bb00e44342a8d895d7d96bfb88b1dc8a,1,credit_card,5,171.70
"417a8cf8c81a07cfdabc86eb32055c88",1,credit_card,2,132.44
"667a9c1939506fa573c58ac2f5900492",1,boleto,1,286.45
"774b93b7dc5e295d72ac8fd2121b7e65",1,boleto,1,83.30
"5a37429384be05ca14780e4989543688",2,voucher,1,54.01
"6ed6b87e6f8afe27921e761104771bbd",1,boleto,1,137.47
"8bb2eba1812af22e6933f1b246741cfb",1,credit_card,3,77.37
"21011893b3f77e5cf4c66ebef09016ae",1,credit_card,4,47.52
"2ecf1e81869aad99fb1eaf286a7eb119",1,boleto,1,40.09
"6f85fa051c6abbc96216b2dfb6af04b4",1,debit_card,1,114.33
f5c948dcc066017d10fd2dd3d01cea6d,1,credit_card,3,63.65
"4cfcf0598ac30b637d0ded5abcdc74f6",1,credit_card,6,325.01
fc52f0b6b2799aab381d22c1500ec63e,1,credit_card,3,106.76
"368bfb99b55659800eea12a0476b0b70",1,credit_card,3,133.57
"810190f42a178c26e28a932e70533d32",1,credit_card,2,98.62
bcfd2ea0ccf2b146eedf2384af0bf6ea,1,boleto,1,53.72
"571e58edcddc5a553546eecfa4b09aa0",1,credit_card,1,16.95
"959d645c348f4b237daaec697cef73c4",1,credit_card,1,320.67
"3f1ba9515b44ee835d8fcb64238f0b27",1,credit_card,8,596.86
bae01434ee73e10ab8194c06807f29cb,1,debit_card,1,48.83
"1d1b9a0b61dc765c259e60051ea75421",1,credit_card,1,20.03
"9b179e9d4b2064077ae928338202a4df",1,credit_card,2,149.65
"2c3ca3f1309ac4dc9e380810f4f65e46",1,boleto,1,65.00
bdb92d2b88b1514aebc54ba49ed0c20d,1,boleto,1,168.06
"9e34a5f4e532b2af9484b29d5f249eec",1,credit_card,4,165.80
"5acce57f8d9dfd55fa48e212a641a69d",1,boleto,1,43.00
"1e8c81805b92ff169971231458670460",1,credit_card,8,257.94
b2965edf94b570cd52b1d61430a3beec,1,credit_card,1,46.00
eb69b189eff3d0b2c623ced020983c03,1,credit_card,5,75.25
"206c42ab534ffb0c5ec97f00f86070ae",1,credit_card,3,138.75
"05ed121680df9ec2f89d4dc29310333a",1,boleto,1,48.10
d1a247356c40b7de748a36342cc9affa,1,credit_card,4,49.40
a88ebb416476bb5c50111622847afcf8,1,credit_card,3,477.61
"0c91f244ab45cbe4383163d46635b442",1,boleto,1,37.37
ab84bf29e9617a0fc438bb0a95a50d6d,1,credit_card,4,292.24
"8b4116b3c788f8fc49c7d5089ad2450d",1,credit_card,2,119.48
"633ac9e82a9350e4cd955f083a4dcd0c",1,boleto,1,111.82
ef98e7a4267aa4457be7a1d9f8f8fa4d,1,credit_card,10,737.44
"6b7dd00f2893ddcaab6288375f3fbfd5",1,credit_card,1,37.60
c28ea7fe040d1dae12d3c6f239a5a732,1,credit_card,2,69.33
be72c04d946d396d2383f4fd49a4f19f,1,credit_card,5,351.22
"0bb9de1ada893b1bb35472e2bc19cdd4",1,credit_card,3,62.25
"57de08bdf9af8887e90203f0a8e22cef",1,credit_card,12,456.16
efd626e6a12a82d76e456e34093f8356,1,credit_card,2,202.05
"773f048245dc975a5f7c67c2415c88a0",1,credit_card,10,2092.86
b0d9e11d4daffb6828bd2ca9ea78d916,1,boleto,1,121.27
"6e99e00d06b2de1af0dbb50c14d7cf53",1,credit_card,8,266.50
df6a6216c9ad1e49d9d48201dea50a9d,1,boleto,1,170.18
eb9023b9c9f2c92ef54ee1b641b5c431,1,credit_card,1,90.83
"7a93502a455e1399090b442409cf516c",1,credit_card,3,239.50
c0e02613bf15378f18d3498361a76c9d,1,boleto,1,585.95
"1870435c92e656773aba0cb7b5a49b26",1,credit_card,4,48.83
"638ddef52c626100e00de628f88aab26",1,boleto,1,27.09
"1ea7acde8dacf11a098d0b85b13cdc0e",1,credit_card,8,1479.51
"607d8f6570c73e6a2e553908d572abc7",2,voucher,1,604.31
"92e0e57ece13a66d7232aa795367d00b",1,credit_card,2,39.39
"43287b982ba6d7d5776d6220665ed2f1",1,boleto,1,43.10
af7c926b8eced0da2df66d8ec2af192a,1,credit_card,1,75.29
b8cbbd0b8e359a458ae7dbb7b012ee98,1,boleto,1,57.77
"6fa507b714ac24b88af01fdc92ccb77c",1,credit_card,1,93.30
"8515799bbeff7b1ede702dfeef295abe",1,credit_card,8,558.53
"12d25d7a8e7c08f437b1d6129cce93ae",1,credit_card,10,656.55
"3dad0905a583dc80815b7666efddc84d",1,credit_card,10,315.24
"734bd07307ae901d45f8380b8670c37b",1,credit_card,8,86.15
"45e4d1d16d017409456807846ea959e9",1,credit_card,5,153.27
"3ad7eae98c8f120f7a4e4cc64f4278e9",1,credit_card,5,56.43
"3f9b32db01f2cbd4be222670d0ce11bf",1,credit_card,4,72.14
"59121762c43937db5346b773db68db47",1,credit_card,4,240.74
e2b075864104d008c831b5c105a76608,1,boleto,1,67.02
a87b470c41fa3b8f3fc5280ebae30da4,1,credit_card,1,235.64
"4b7a7eb6b477c63b872d57f9f2782269",1,credit_card,1,14.72
"9c83e5ae8ff2b5cad999c3dc6129a888",1,credit_card,1,17.68
ca274ea678d57fbf2dbfbb1b72a236d5,1,boleto,1,78.83
"1a1e19dbf8fabee87a30637487e4ddb7",1,boleto,1,51.54
a31cd1f2ccad0246f0517f09035a1d36,1,credit_card,6,200.02
"4096943338f6798c95bce03684e2a354",1,credit_card,8,553.53
"216b8ce59251043404cc3b15cff651fc",1,boleto,1,44.78
"83262941cdb645f93d2446a666571eb4",1,credit_card,2,62.11
"8f9e4c43b4ee0c8602047172d10b1c60",1,credit_card,2,42.50
"10afda4156379d4b3279e15b160a7992",1,credit_card,1,177.59
c8f7d209a3462eb5d43a328d824c0b0d,1,debit_card,1,59.73
"9ea6d21c1c1b510f96f7917419175197",1,credit_card,10,129.89
b2eda1812564491a3461f7e08104ed8f,1,credit_card,3,158.47
"21b1633fe86b264bfedf62b262d950e2",1,credit_card,4,77.52
"3b106e10a8c576552a457e61f1e8c90c",1,credit_card,1,152.48
"5a122a24e535e617fb813c0123ab0783",1,credit_card,8,173.86
"62d9ca533d6de05e39164160d128e37c",1,credit_card,1,115.81
"3aa3900b1d05d92125d0005db04a014e",1,boleto,1,32.29
a1dd8c3d72d95a11312293743c4064a6,1,credit_card,1,58.78
"4e9cb71601575577f2208d3aedf933cc",1,credit_card,1,87.63
bd73cfaa5ccb07b2a3fc1c05aed691d9,1,credit_card,1,27.77
"89f3f2390082961f54df910ea5542a71",1,credit_card,1,65.74
"3a832277787e9783a3efdd6f49781a77",1,credit_card,2,92.50
f8414758c289a9ae51a5bf937b4f100a,1,credit_card,1,85.59
"73925631ba33c322f310fa0a01283e76",1,credit_card,6,79.14
eaa327106ae5437fcdfca397f45beca9,1,credit_card,2,25.78
"94fba1bfb7cfc7150d1b2a902bb4f14a",1,credit_card,1,117.96
"70983de08035fb49df8fcf1afe6458cd",1,credit_card,3,162.96
a06cb110601fc18a65761940112147e1,1,voucher,1,170.82
"50fc570b5b9de1500a9e66edcc9d8525",1,credit_card,6,136.44
dc2152f56d388bfc5f358fd79d3e6bdc,1,credit_card,3,170.87
"96c1c69728dfe6ad776327de86352efd",1,credit_card,9,449.29
c15b6194f063aa18a0fd47136445c6ec,1,credit_card,8,82.88
"6de969bc5e6479d498ca1f31da9b347a",1,credit_card,1,63.23
"903d1b468e83acb1e13151fa4032d7a2",1,credit_card,1,47.78
"7c2ca8ab80697c8ea1e11adf050d82fa",1,boleto,1,232.27
"061304e42542425c8ff0be14d03126e4",1,credit_card,10,2029.62
"886ddb536ba82bd61a9d3ddbf5d0e73d",1,credit_card,1,133.08
a51d0a87a45192bebe2c13d190a8df2e,1,credit_card,4,41.19
"38dc054731aefcdf92baf946cef55604",1,credit_card,1,190.22
d5cbbe1602100752cd72f9630321613d,1,credit_card,1,29.35
"2ec517892d22fd59d39b4cfa2a69637b",1,credit_card,4,148.20
"7bb11bc3a9863bcda38e8881f86b530c",1,credit_card,1,45.61
"66823322383fb178187b76028b8f8eab",1,credit_card,3,91.97
b1148e3ccf84678b917d3f48cb4223b6,1,voucher,1,78.95
"6b649733dfd9b29ce2f231221a4eaa51",1,debit_card,1,62.92
db17aa0220e5208b5fc2c08c8f704797,2,credit_card,1,131.18
c3a6968588b9919abfdbe63026307d70,1,credit_card,1,66.06
"628ccc2ae8281f79434840fcfa0988c5",1,credit_card,2,132.03
b3ba29e94137bda882f9d0f41796363b,1,boleto,1,236.29
"7bf2864048f28a9341940c5f3b04c857",1,credit_card,3,311.91
d66c390445566a6735c7a703c75e4e68,1,boleto,1,110.71
c6b0115592f584f15795ca244bd83fb2,2,voucher,1,100.00
e1ae83c728cb5ab4352082e5509056ff,1,credit_card,4,65.35
a0a283cb8ba521d35c5a3fc3d9619be5,1,credit_card,2,81.51
"593f7c488d8bf1bd3c8efc9547fcae7f",1,credit_card,1,212.41
"12a9a890cc3d7680ca149fd16535fb69",1,credit_card,3,86.25
f8f19f291b784fe1e1bd40de20adf4bd,1,boleto,1,122.00
"1a8549fdcb090e418620dd6b7bc7ca10",1,boleto,1,87.28
ecc890b8d57a4f9904953c000fd7ebe5,1,boleto,1,127.41
a0b07440df74d649da932c50deceeb54,1,credit_card,3,202.68
c0c876d98ac48f4ddb75a5645f6f5016,1,credit_card,1,33.08
e12e1c2f5a9e258abeecce80cfce12df,1,credit_card,2,57.09
"8deb64b979ba1e9e5325ca8427efec4f",1,debit_card,1,102.53
e1320973675a5fc37fab54cb22c582ab,2,voucher,1,83.83
ed9654afff985864a8b75b3c1725f67c,1,credit_card,1,156.72
"7489466aa2aad065d81a6b70e516a562",2,voucher,1,50.00
efd2c0c31366671a99bb3eba61b5459a,1,credit_card,3,358.53
"39c1dec2963c9b3f7390349ec9c4b241",1,boleto,1,110.00
"03eba6d9fef8f5b3e811d4b5a7cca9cd",1,credit_card,3,102.83
"38a27bf1302ec6e1fb628e137bdbc690",1,credit_card,10,277.79
de3d4c045bbe60df44e296c60a50bae2,1,boleto,1,19.29
"18b33f2430f136a8deba8893596a53da",1,credit_card,5,196.66
"29ae0692b28230c48573dd73920619c2",1,boleto,1,354.98
"12aef789cfc998f5f44ddf27c24e354d",1,credit_card,3,138.24
"3915c06b1483016c7d41dc705c1b0090",1,credit_card,6,98.56
"73cafc0c127f9cee457b39b5c0e3fc16",1,voucher,1,94.71
b5defa632178b4e058b80da1efb6dda5,1,credit_card,3,190.18
"48746ebc66a8a0c2ddf69a32bfd48dd9",1,credit_card,6,101.34
df8013c634d895a53cc8e6e396a93533,1,credit_card,8,342.02
"179e23361d372901e40a92f8c29bd61d",1,credit_card,8,187.20
"2f9615837f509124f0c936dbd93855ac",1,credit_card,3,83.79
ade2cfaa99535244a44133b4116c7f05,1,boleto,1,213.74
a90f9ba8f37b93b785af54fd5a52ada5,1,credit_card,6,388.95
e708577dce77e8e44c1bd9534419576e,1,credit_card,1,99.90
"20662ff76e857a011a9f64039d541dab",1,credit_card,1,35.05
"1ecd8552c5fabe586455a849370b4198",1,credit_card,7,71.58
"548c4aaaafce95ab8c06ac6a2f38d1cf",1,credit_card,5,74.15
fe157fed1771944584f95dce138eefad,1,boleto,1,305.43
"192de94c5d82086caf648552314731ad",1,credit_card,1,86.58
"00ab210695a17fe10e6b23616ae5bc97",1,credit_card,1,46.53
d24b94f575e098690a1587ca95319f53,1,credit_card,4,162.70
"891b59dfbc8a1d7b30f7fe7fe81b7d7d",1,credit_card,3,71.14
"9bf1ceb820bc945c03785708af99d14a",1,credit_card,2,194.50
"7175aabb77705c82c70d16055bd2a380",1,credit_card,1,27.68
"0348f1ca72aa738d53f585b01fc676f3",1,credit_card,2,70.72
f13b840cea352162c91e2b38d2fc89a0,1,credit_card,6,64.18
"436a9aef30267664e39faf27982b0921",2,voucher,1,85.72
a81adc3e4219d4699da549a75107de87,1,credit_card,8,184.69
"033ccfbdfc4d29677b7e1e6df3a82820",2,credit_card,3,38.44
"410ca3e085e39bc0b10867c729d02e68",1,boleto,1,138.32
"5cc6d864fa9e1a90eaf5207737549ffc",1,credit_card,1,396.24
"2be4f7f37164c023bcab8f6468685f35",1,credit_card,4,229.25
"09afbfa0da8baf5f4eb28c82f7209afd",1,credit_card,1,125.15
c76b75e541b06461ec9cf363fd962ee3,1,credit_card,4,43.22
"09ce422617b0ec4c246ceb2922ea1ea1",1,credit_card,6,66.61
"72c215040979a13fe5e07708ae8b326c",1,credit_card,6,66.89
ec2273b08115c75a986b4ac62ef029d5,1,credit_card,1,287.96
bf73e0181d7714c0895819417808a4db,1,boleto,1,156.24
"9094084d8327200637ee690adb247b4e",1,credit_card,4,179.04
a8f7065acc12b517fbf7ab744bff8edc,1,boleto,1,124.62
"4aa6f8587d01107fdca9a881e1eb7e22",1,credit_card,10,305.01
cd9a9c293aa0ea00d1419883307e9544,1,credit_card,1,73.34
f9af701b20215d529fbc24a4884ccf73,1,boleto,1,116.36
ff4ce1bf027da9b8b1eaa0c10148cc2d,1,credit_card,7,147.41
f75f6ef2200a609b9a11d7650ae623f2,4,voucher,1,25.28
f25cd2e8e004f00c140fe6a5da9e336a,1,credit_card,4,138.06
"8566f753d23664b0c4e44544fab50d6f",1,credit_card,2,359.85
"065102a3bb506a1010c90b7a4f2700b2",1,credit_card,2,164.55
"0a40305560dea2cdc17c6661f222375d",1,credit_card,4,48.22
ae15b2781b5af9c409f1c064b3c78d43,1,credit_card,2,140.34
"6c78a9434dea28ba5f0dc29840509e67",1,credit_card,2,46.53
"8a1356e73fa0a9893ba64b82560fa33d",1,credit_card,4,90.38
c3cf2a2c2e8b5cfbe960f65bf800b91a,1,boleto,1,79.95
"2de2f2ccac0ff270f62bbd95984922bf",1,boleto,1,40.09
b952acf9c1be50807866780fb3ed2119,1,credit_card,2,122.98
f8f28698e5ebccf86845a38726e56ada,1,credit_card,1,149.20
"6cbb7541cec244760660574cd04791c8",1,credit_card,2,89.03
"506d46f95e03c222c6b3df0c721f7a82",1,boleto,1,255.44
"6fa7b013916486d1462ad66ad1a39b1f",1,boleto,1,71.54
"2ab4524fd521bfb8a8ffc95ef44dd5ae",1,credit_card,6,388.40
"0489b618a9367918b686f03f0cdeec60",1,boleto,1,114.54
"269ad8edf5c7dd6bfbe01dc68832f6ce",1,credit_card,2,96.15
"1089d5a6448a4ce3e457e66fea34ab1b",1,credit_card,5,125.18
"8197c9f9b80d1f97dc41fc6b793e15c0",1,credit_card,1,53.75
"5d6e04a5abfffe286806a9e6b296eb1b",1,credit_card,3,32.33
acb881281953697b85b51df6d29c1305,1,credit_card,3,64.00
"90480b682af5c1a9c00cbbbc7ef9bda7",1,boleto,1,209.40
bbae6c48f9a555fcdfc699ed409760f8,1,credit_card,8,219.52
db38b153b053e72dea0f69d14d429ac6,1,boleto,1,175.64
"0bbca56fc4659e5b3ee85bbe37284f13",1,credit_card,1,39.88
dda0214706ebf9c46aa0a45821bb589c,1,credit_card,3,167.59
"8fc47f65b54791a23f7051b6afdaf246",1,credit_card,10,185.94
"4b81496f1e0fd587a7394ba1e1b8aebb",1,boleto,1,18.76
d6ace1ec8544e524cd905cdd88519017,1,credit_card,2,174.88
"9cff15929217597cae032b555b2bed95",1,credit_card,1,168.50
"20873a0e73e84e84c27c058b60a2e9f2",1,boleto,1,65.10
"9b1d98ad4511ad1c8bab0a4355ca3b63",1,credit_card,6,146.35
"05a61d016706110ed3580eeba84e31c7",1,credit_card,2,136.80
"44fb0b3fb29ddaedf3fe5bd4a99e7495",1,debit_card,1,70.89
"37041e476c37b61200a863233cf5069a",1,boleto,1,127.22
"2cc44017e7eba3d4a59e029af9df7e31",1,credit_card,2,251.74
b8817cf40f8cf861cbe022a3b0c61893,1,credit_card,5,163.34
"0ec09142bbb9fcd661d1d168e66371c4",1,credit_card,1,137.04
a762b5e99e0962bc51711998c7be8280,1,credit_card,7,84.16
"1480130e23141d8399f31672d874d60f",1,credit_card,2,49.65
"2b9adeb55e0bd21f06e9dbcb10855229",1,boleto,1,76.78
"7a727e7d4fd27ecc265e8415030811c5",1,boleto,1,77.57
"9f9ac312604229686c04260955495c70",1,credit_card,8,340.07
"701a4ca3334d676567d4e5016a02cac7",5,voucher,1,42.42
"956057c9959fe111349c59bf929f5c7b",2,voucher,1,45.00
"045abe3dd2d7c962b78a446b053238a6",1,credit_card,3,222.89
"5ee618be393518b59506e4a5a6e6d064",1,credit_card,3,159.84
c111660003fe3dd242a376599653b22a,1,credit_card,1,62.28
"340a0613ed37b5748a4b7b676676ca26",1,credit_card,1,50.10
a6c6868f13ca88d37426218824397a4d,2,voucher,1,4.77
"260a8f34d9837b682c7a6c52cc8d9193",1,boleto,1,155.99
"5afbfbc1d4f7235258bea4e37dcbf406",1,credit_card,8,112.25
"1d5627fc461ef90a7a7c03f06266aa54",1,credit_card,1,61.40
ab9244e30226615cfb558ec7b5815ed1,1,credit_card,8,81.12
"3b85cb67e49cb00b5c0a3d83592a1fc0",1,credit_card,2,203.38
"6f7c4d0e0bfea3787bfa435c00423420",1,boleto,1,162.30
"203ac312a0ad1ef4bc3281ce1f638c4b",1,credit_card,3,119.25
"52fbc14060ffe1b2c4ab8657fa248084",1,credit_card,3,31.38
c030f7ca1f3c2efd8ebcfa44d922c8ff,1,credit_card,1,92.07
"160f952c9bf7bfd111aade8035e8daf3",1,credit_card,7,77.89
fe5cc94bdaa0c8c83b6cfb74d01747cf,1,credit_card,2,52.45
"2628a8a365fb7f3cf467c72cbe6f6566",1,credit_card,6,129.50
c033e99bf02e103535766475e490aa19,1,boleto,1,105.08
"60e3a3852eb45dfe8e9cce6c97c1a1b1",1,credit_card,2,217.02
"8335800095520f0d31f7e19c08c135b3",1,credit_card,3,160.51
cc737f6057a400beb02b2cb82d476eae,1,boleto,1,51.43
"8155df3b8ca89f80f94f7b6722e750bb",1,boleto,1,191.87
"8c0d3e155b9fbc9742ec0200abbc6c6f",1,credit_card,4,210.60
"85755a53293260a175624f3ee95afad7",1,credit_card,2,62.25
dc2e682924e6b1dcd20240a5a45f4b8b,1,credit_card,3,170.08
ca74c4578655b86241c7453694e29d83,1,credit_card,7,70.15
"5b8dcad724fe4568d2615017c056e69b",1,credit_card,10,259.85
e673b9f72a66b7dcb090a3a488f17649,1,credit_card,2,21.77
"3174b803120ff7406c6d04c542a80bfb",1,credit_card,8,370.80
c1430335dd0a7398955a56bcd1ecb510,1,credit_card,4,211.00
"7d556b158b276636f710b97e13e2a2c3",1,credit_card,1,35.00
"87bad102fdebff40d7f35773874f5c5d",1,credit_card,1,58.37
"0df9a1a63af12d4f148157a5264421b0",1,credit_card,1,22.34
fc7751d45cde74709da50019543e755e,1,credit_card,1,80.77
a027b795d174ac4c8c7fd853838b5744,1,boleto,1,284.02
"575a5c6c42853ce1c599537b8f87d716",1,credit_card,1,90.44
c3305fed995a73b166f39c89a3a5bd6b,1,credit_card,2,139.15
"07da7d9fe6a7a8388af1f996b3bb0472",1,credit_card,1,28.40
b36eaea41e5f572de53b1c5095920461,1,credit_card,2,425.66
"679c0e911bed52d5404ba07a1e2e1715",1,credit_card,7,71.63
"5f1ade32bfea596b4d1ef813fa5afb72",1,boleto,1,53.76
f02e403f6f0d04b6412c5ef370b0a052,1,boleto,1,113.00
"098cd6e4219c395a4de25a34d1adcaee",1,boleto,1,162.03
"89875030a35679ca3bb457e3e89dd7f1",1,boleto,1,40.10
b51231f33893d9819e080213165c1c6d,1,credit_card,10,102.02
"8a27a2209493d7aabe56ef113629c7cf",1,credit_card,2,57.23
"2ab77939476b7300425fb6a02125579f",1,credit_card,10,129.24
d5d69378d9ce32d540e8474e6423b5b5,1,credit_card,2,159.76
f92e5fb7bc8594b9ce97ecf12b43cf5f,1,boleto,1,197.43
"917a1e55e47868301492b1f8f765a6f8",1,credit_card,1,37.77
cc6ff18551eb92a7b41171d26f847102,1,boleto,1,115.50
bc9c2fb123725ad0d99fb76888543245,1,credit_card,7,530.90
f6fe071c40a5c65d2756f92dac3506e0,1,boleto,1,80.10
"1b81f91da4e3e80f225b9295696ca22d",1,boleto,1,43.39
"2fec4859f3e4539cc0daa66bbd82f26c",1,credit_card,4,45.76
aff213550fc5337dae6c2409de97807e,1,boleto,1,103.55
"619476e805415f3f855b5e0f2494836d",1,credit_card,5,279.51
"623a128bf7d41f9326d9038040bd42a4",1,credit_card,4,104.42
"7f943a5cd90759046667677f4cb74b0f",1,boleto,1,30.48
f1c1c3cfd14f75b7475d7df0d341d99c,1,boleto,1,58.59
"17a3d477ebcd2f70cf12135d4e07fb17",1,boleto,1,157.21
"7f31dc70c624428b42b32b0b0167ba39",1,credit_card,7,76.66
"87af7bf20f2a742dbb71cdcf0f8475c8",1,credit_card,3,97.92
d46d30516947c87bbcb5d6ce98da510c,1,boleto,1,97.35
"0df4c9dcdccadad84c201890d0a96e84",1,credit_card,15,200.35
e471d6505cc20e9f3dbb8a6645eb57be,1,credit_card,1,42.51
"7a58856993632824e92f700eff99340d",1,credit_card,9,91.16
"55b2ad4123def9f023f3196c460badca",1,credit_card,2,139.98
bfd6463a3d508931213215b96d69f5b7,1,credit_card,1,61.20
"4f155f7ed209d3dd23bd51cf0e7a4c03",1,credit_card,4,97.08
"34f2ae2b7384d738b4a4787d6f8e20ab",1,credit_card,3,32.80
"819f320b449906b797b0b826293665d8",1,credit_card,1,55.61
"3054c6a8e45b740723ec8a7145d867b7",1,boleto,1,264.59
"2a1e603190a385d6ac42043e5361b309",1,credit_card,3,141.09
"048cc42e03ca8d43c729adf6962cb348",1,credit_card,1,24.68
b29f546b1ce275afb2a0c39f0ade6bcc,1,credit_card,3,171.29
df207fc4a11e0b1988a438d86ccb3c1f,1,boleto,1,123.47
"6f295b89fc3e13345e3d9748140bfec7",1,credit_card,4,192.30
af45c3a8c24539daa13f4ca8d2868464,1,boleto,1,71.06
b6f7267c5de549e8079e23367dafd3a1,1,credit_card,3,32.69
dd8f044a145ebf7152fc8a718cbd3412,1,credit_card,6,1659.84
"2cb5ed8e391a8ef966fe938d480510b1",1,boleto,1,151.71
ef8ce968377e840a2be50d7c49a1f4ce,1,credit_card,6,455.11
a00de27f9585ad0dcde9842ad65a43a7,1,credit_card,2,344.33
"0412356b9ae3ad8db617e892afb02204",1,boleto,1,179.34
d8a31a8693c0ed38aa974021d1ba3e65,1,credit_card,10,174.81
"4726bb2be36557009e1f231af49916e0",1,boleto,1,24.84
"632ec9368030a0679acafa0d23b7be2c",1,credit_card,2,139.60
af0d093d4fc8b3cba32896affde05812,1,boleto,1,245.27
b3f7f632c85da6b71020c45771e67c5e,1,credit_card,8,207.20
"7eec39760bfb41ecc9d7fd0ad9d6dd09",1,credit_card,5,57.70
aaeca333632ff704610564deb552e724,1,credit_card,1,67.56
e6b3a4b18f4aa0958228e833f2927c30,1,boleto,1,44.42
b221f4ca79ae394f43b4fec8815e4b92,1,boleto,1,38.59
"5ba21533e60885205be101ecad275f4e",1,credit_card,3,34.23
dabd0c4dcf382147050c6b2bdb8c9000,1,credit_card,1,76.39
"57135998a968ee37a773daabc8afdade",1,credit_card,8,452.41
"7a44c4fe71c5ad785748804827f628b8",1,credit_card,1,189.81
d4156493c21d6dc99c265f66e3943122,1,credit_card,4,265.40
"94be3df49130338a06b3ec80bd606771",1,credit_card,1,136.80
"8bb0e358b3866146681505153a180c4f",1,credit_card,2,80.56
"056a1317ffaefaa2dff2d9ecb54fc7bc",1,credit_card,1,68.34
"0482c10b78fefa5a30abb519aa9dee93",1,credit_card,1,69.73
"4a78f9fe9c743a66531a6063ec8a46db",1,credit_card,2,164.42
"9ec3685b1f21c7dfff4f656392b186dd",1,credit_card,2,106.92
ab85b4f1004139c85b34c049131c8030,1,credit_card,1,89.31
"0ea01a9be52b4c9fdd44188e854643b8",1,boleto,1,107.35
b4c035ccb21c24eac46fc9298084e1f7,1,boleto,1,816.33
"4296bf3920be4eaa22d4f0cd0c3467b9",1,credit_card,6,299.70
"31c8528678f80f4491b0e2634ae8940e",1,credit_card,1,95.34
"8062490d9761653cd11d048a96f875d4",1,credit_card,1,32.13
"4f39a94d6e474819d898d6df7d394996",1,boleto,1,196.50
"0a558295652f98bafe12e259c4d3fa26",2,voucher,1,193.26
"13a129044d7c671ff1ca959083f80653",1,credit_card,5,59.15
"61eb36486085131ba4b25409a0366ef3",1,credit_card,1,47.26
bb9552306cf6879fde49f4ba3bd94299,1,credit_card,5,166.40
"3a604ee4bab12dd296760f2295b74614",1,credit_card,2,237.59
"0f637da50b3c7da105d5a5c6579110d7",1,credit_card,9,96.35
"72c81a6a9dcf354f87393c361caa13ce",1,credit_card,2,166.35
f826075f4109bb1b2f8d8123b117d81c,1,credit_card,1,46.88
e3111d19cd703ecaa907dca4af37c0c5,1,credit_card,4,48.30
"3d9acad4fc9c38c213fea53a19562ecf",1,boleto,1,87.80
ac96b69cd0b0e6bd885693f7d6038d6a,1,credit_card,1,107.70
"438c583579006d43a6e9e624a3950dac",1,credit_card,5,107.55
c0e7ba8e4333d68153dfe2fbc8f613f7,1,credit_card,10,136.57
e8af48c1f147fd9b865c90156fc39c8b,1,boleto,1,60.21
d54bea5ba90238aa83323565749538a1,1,credit_card,10,2264.90
a9d3bdf62f359d999692b94986633e85,1,boleto,1,47.05
"14a05c02d483800864e5c19a3a7f0ee2",1,debit_card,1,124.22
"3f4d686018624f3b9275acdb244b0fa4",1,credit_card,10,419.27
"78d9bc19ffe6549f445e37d09987a476",1,credit_card,1,601.47
a438cc4a17bee890885f11fb9a4ee39c,1,boleto,1,38.98
fe820a3c1051881b574b03ee4ea9bb71,1,boleto,1,50.70
"7e95334097aff5b45c6ff379ab492cf3",1,credit_card,3,48.11
"4644fc24ed1ffc954053a6fa1b1b825e",1,credit_card,2,64.77
"181777e7d3379b0f81d408dfa33487f1",1,credit_card,4,46.37
"7d49a1c0abbfb267942abc717ed81422",1,credit_card,4,90.88
"72fd9a44c510d4f0d8049e791ad3a073",1,boleto,1,92.20
"6caac7177852a39300388dfbb599a5dc",1,credit_card,2,56.37
c04c5f68abfb7204058b07c303fb34cd,1,credit_card,7,338.72
"15b47aae9b2b85e58cef96eeb609c1de",1,credit_card,3,72.14
b009b4a885293bec82f26aec9664814e,1,boleto,1,274.76
"8137dd2eb10f8393185e4fb57b038373",1,credit_card,3,45.30
"76d449452dff60240f1b694b46d44bdb",1,credit_card,1,101.14
"63d0e1d41c99fb9deaabffa058aeeace",1,boleto,1,103.49
"7641f7e65307ee2737e85f193941b4ae",1,debit_card,1,132.05
eaf12ffc755350557bcfe369802f6afb,1,boleto,1,126.33
"36496983bcef05ef8cf855bbcf5d23ab",1,boleto,1,40.22
"155581701d726e5261052c3e6fa83dfe",1,credit_card,5,1168.71
"10fdf269eed6d4c024dc5eeb5c7f6c37",1,credit_card,7,75.48
"3c29c49c27446d81598a17be68d8f19a",1,credit_card,1,76.28
"6a491833d437ece196bf4185e6748271",1,credit_card,2,90.28
"903b027d6b01452fda4780d82f286bcd",1,credit_card,6,87.64
d3fc45461660252856d603ed31eb4e77,1,boleto,1,2938.17
c4da6253784e49138f9ead8b46280c0c,1,credit_card,4,443.33
"281f583b66b67f63c1917c691644c22a",1,credit_card,1,186.87
"2070a6c3c3a8f5c3c8688096d984ce9c",1,credit_card,2,45.53
"13f4bad08354705fbeb23f41f08c31c4",1,credit_card,8,383.79
"365fb819701436011708b1be4a1d4810",1,credit_card,1,29.56
"6b1a5aabdde7ed25268697cef2a9d28a",1,credit_card,1,42.27
"1bf797ec1ed7fcccdf61a61d5f8ce29b",1,voucher,1,48.69
"87b314ae9dc134ce22cac9d7d3be2678",1,credit_card,1,27.68
f2ec7f6dc805433a2e8552ab56ef33bc,1,credit_card,3,94.74
"6077f256190b5f314ddd4051f25d2c02",1,boleto,1,84.52
ad9bcd26dc9183d66b36db87ffc26904,1,credit_card,1,98.21
c0e194a5482be6d94f4dff49e935b811,1,credit_card,10,148.15
"788dadfe475fc16d5e7562f1a5fa8e82",1,credit_card,3,133.08
f103be8682f589d58ea25909ad7d74f9,1,credit_card,1,62.38
"777bf4670edce6de8fa9aa0b68b57b28",1,credit_card,5,275.56
"091bd68043b7a721b0d82b5ff36304fa",1,credit_card,9,104.70
d5c04536a130a623451bae3d0ce51001,1,credit_card,1,176.46
dae83470e95e9cf80cf6bcb0fa345777,1,boleto,1,88.72
"27c666cbe2691774436144c46aefe216",1,credit_card,2,174.86
"4a45f9f66971302cf881ecfa142f42ba",1,credit_card,1,96.32
"006cb7cafc99b29548d4f412c7f9f493",1,credit_card,3,70.14
"85e82878a7121ee2d2018b2299b7915e",1,credit_card,1,50.01
"18dd8615f61fd478f88cac66f1e5c00f",1,boleto,1,145.99
"2b57c696ecd14a037a58743e71c2bd39",1,credit_card,3,213.37
a5538348a48a05d585b5f6e40ba5205b,1,credit_card,4,69.85
"505c74a8514300103db4767c595fd85a",1,credit_card,1,40.57
f05099a928d90c394963b1f0d8360149,1,credit_card,10,195.79
"4753fcd70058320b38a45cc68f6de6c7",1,credit_card,4,217.29
f559ac2258ea5dd75bf9ba503e7bc6e3,1,boleto,1,173.09
c6c99f96854560866a50760e74aca378,2,voucher,1,1.55
"676ad3c00d76971326e0e1a03f976e2c",1,credit_card,10,112.30
"5475648b2026b3c1c9644656fa648bb8",1,credit_card,2,114.79
"87da1cc36517297d8a081a9a33185eac",1,credit_card,1,57.43
"550f7653632f43410dcc64a9aff55f45",1,credit_card,1,57.30
c15790c4480e97b6a152024a4f53f0f6,1,credit_card,6,119.89
"322e0693b07397cdc9adce3006dcce22",1,credit_card,1,38.78
b60358f8d4534fb99bb8d06929e1b02f,1,credit_card,5,50.02
"20992a1c96a2ba25eda6cecab027cd42",1,credit_card,8,171.01
"50a444b891ba3221c5b7c4b48a194ed4",1,credit_card,6,192.35
e631d7417c16066c831e8f2599673235,1,credit_card,1,121.97
c17bc584fe68bdf389241631455fc2a5,1,credit_card,5,52.06
c03db9e9e3664ee812e8fc4d00f324c9,1,credit_card,3,192.61
f15c4b4b43ba09c074b6eddcf72a902e,1,credit_card,5,123.52
"06debbd4d40f6d36dc28c4f7dc647c1b",1,credit_card,3,148.39
"48537102329d4619f509f80e2c957d7f",1,credit_card,1,212.97
c3b0ed046ed38a0d7cf59b4d651547b9,1,boleto,1,329.98
d5244670e213108e7d21f54a42548613,1,credit_card,10,122.43
"9c983856364a24ce56bf39aea9bb118a",1,boleto,1,153.52
"62059211790cf7661fe10443c75e8f17",1,credit_card,1,8.45
bdef95213c6176d9f65a227aba558463,1,boleto,1,315.33
beec430d7884623aea86fd246c0886b9,1,credit_card,3,46.78
"1eeaec28c1a699b3b423fba26109e197",1,credit_card,5,150.91
"5e4bfcd38684c04354cdf837b2cf071a",1,boleto,1,70.63
"72ba71ffcbc76a06e416c07d00d047f0",1,credit_card,1,73.50
"76496d7a1a246afac1bb1d67bcb31661",1,credit_card,8,342.02
c92ad65cfc1951e1be667976a90d49ea,1,credit_card,5,124.76
c1cd6f04d98968e420c3fd0e69c5612d,1,credit_card,1,71.34
ad493e47b6b5de120afe23202e244fec,1,boleto,1,43.62
"45d529cd3cced900c59bb90bd0a19ea1",1,credit_card,3,213.77
"149e55a5e2cbc1bcdaa30bae10dd2c5a",1,boleto,1,27.78
"4d6f79209e34185f85488e65c20c63a8",1,credit_card,1,256.77
"92513d9a04507b68515a1866806bcf6c",1,credit_card,1,55.77
"1873fcb129d137537b45d35990b5d734",1,credit_card,2,101.14
"5bf2faa0ca6a4d0baff82907f7495f79",1,credit_card,1,107.54
c91097c936cb64d71ceee3f0d99927ea,1,boleto,1,281.32
e05e3102d6fa4071b4a80e822231596e,1,credit_card,2,124.96
"2059d0da82b7b8d60f4a609d795bc9ed",1,credit_card,5,54.10
"47c343d8d62ab013486081084cdffa2d",1,credit_card,3,285.70
ee28bb4fdf5a8603f545d312ff67c2e6,1,credit_card,6,260.36
"31957bf1aaecfc2956d1b81300cf0dcc",1,credit_card,2,129.82
"1d8213566e4ed04b2a4659f52a1021b9",1,boleto,1,42.09
"508ecdaf77144e9b64870ae67db856fe",1,credit_card,1,62.44
"30813fea6f93412555f8f359701fc7e1",1,debit_card,1,176.26
"43887f3ff49629a7d608220b3a832e5f",1,credit_card,4,370.85
"6443b4f756cbc4f80a3b160fd117bfeb",1,credit_card,1,43.41
"6e61e9948a1e8b1389dd34c5c11fe90d",1,boleto,1,90.75
"5308a8e3331c9fab38efdb6a6c1d89c4",1,voucher,1,40.00
"128b0ea85d39d2b96310b64dd5c8f096",1,credit_card,1,37.68
ab18ff09f55ca3ccc4dbf5bed2c9036d,1,credit_card,1,78.20
c9ecb640dff0357ce506afbcb9dcb76b,1,credit_card,1,121.68
"1b7120c62e8d21f1ee396c4c465101ed",1,credit_card,1,56.60
ae841d749776fd77ff75a5a725cf4dda,1,credit_card,6,301.75
"11aab800a7e398a77f8f1a28a74092ea",1,boleto,1,405.69
fbbe0010317b3629aad1474e5a7da889,1,boleto,1,37.61
"6a05e48937319f63bbb0b27612473839",1,credit_card,4,130.27
"517378a05081f7b18f04a01a9cb8e866",1,debit_card,1,278.09
"426e4334378411f7d0ebc7ad5894acd7",1,boleto,1,180.36
be87dfb4eb3793dbb2bf37443ab1e239,1,boleto,1,76.45
"910b6236c4771f905eeb252718b05b6e",3,voucher,1,24.30
"42d9c11017005e1df4994c7e5fdf6916",1,credit_card,1,44.33
"3ba5e1e9d44fafee8e7ec732a7503aa5",1,boleto,1,87.83
"6df49762e95869691b34a001e36b8297",1,credit_card,2,57.50
f96dfec9545ecebba08048ed870746bf,1,credit_card,2,141.23
"66d8a3a22419ac03fa5c0219f3db61a0",1,credit_card,6,186.30
"01946da9e2db8bab61d79296c037ee1f",1,credit_card,5,114.84
"790174a33341ef5cb1534732bfcbce28",1,credit_card,4,235.69
f18c6aa6a5d583e8ec36beaabb81d9a0,1,boleto,1,363.64
d7516b945750658964b64128d3de72de,1,debit_card,1,107.62
f30e8dff78289bedf547826b43376e36,1,credit_card,1,43.68
"01cc71a8154340ae61126b5ee9b48fef",1,credit_card,2,53.54
"275725b6f36bbcb5524f2f7b704cfb3a",1,credit_card,4,129.67
ccf804e764ed5650cd8759557269dc13,2,voucher,1,1.45
c28678c5474dd180becafdd64fddac7d,1,credit_card,1,27.85
"91aaaf219275f612b65aa7eeee4e6cff",1,credit_card,2,60.43
c4e6c7d5fa7585017ea3c7bdaa32a956,1,credit_card,4,214.16
deee3a40a4669f004603111e55387280,1,credit_card,10,161.54
"67660568d9fc745c94e03b88efcf3571",1,credit_card,4,109.82
"687b92f8f248395050a7f8147dab1ac8",1,credit_card,1,61.19
c53752e8e385c6e3148ba930288daf49,1,credit_card,2,147.39
b123e22f74cd37a180bf61fe406c7ea4,1,credit_card,3,181.55
"07d3db06b53989748df4ae194f6b0fde",1,credit_card,10,398.41
"0b40648d6c533ac73822cb32caf5cfa3",1,credit_card,8,136.50
"709e7bb6791d4380ca6db3451e9e6a68",1,boleto,1,153.90
f78331069dda1305cb2f9c835e08b12c,1,credit_card,2,79.33
c1fccaa7401a0afd72cf89d7c2f806df,1,credit_card,3,279.57
a6e3294e40c7d6573efdb79f99d46351,1,credit_card,6,382.42
"100afaca9622960d56d99608309cd46b",1,debit_card,1,112.71
"7f0d655ffe806d4ab4ade36bbaa8e71e",1,credit_card,7,138.60
dea9b7dcae5affc919947e72bcc1e786,1,boleto,1,273.98
c66db1cfde528d456b728ec6118aa5fa,1,boleto,1,40.69
"9b60426b9711c8a0a8a1b1b37d3c451f",1,credit_card,8,229.37
"56ff65d43900d5ae69573bbf9369c417",1,credit_card,7,101.20
"07f9acd4e59411df700a59f89d4da8ed",1,credit_card,8,85.65
"9dc248d86471fa08839eb2dc39e3a3d1",1,boleto,1,64.10
"1bacdc28aad23d1396a3fd39fdaa6c4f",1,credit_card,3,119.09
"4cc8845d2a687fdd3d47898857cecdfd",1,credit_card,1,163.89
"8530652c8cba532953c2736e8bd477ff",1,boleto,1,55.86
"1facf0f943e2e863012876581d779f16",1,boleto,1,102.22
ee9ca989fc93ba09a6eddc250ce01742,16,voucher,1,6.51
"1b49bc4eb1e79ddb7c7c8fc764432dcf",1,credit_card,1,52.57
"9dafdbeb6a7b7240bc32fd6861c42f54",1,credit_card,1,134.70
bee5bc36d798e3675faa04ac679620dc,1,credit_card,5,107.87
de8b8d147a2848da3ae69f51bda35bfd,1,debit_card,1,169.14
d959ee7331f023b51bfaa71be6f7342d,1,credit_card,3,145.12
"318cbbe8d7e81a3901639555be1e8041",1,debit_card,1,84.28
"269fb3a37e10ad284ed9ca4a34c32d09",1,credit_card,2,22.10
de7aff9a17cd97da3fdfb1fd2c610e3d,1,boleto,1,38.94
"3971a8d658593643c85790cb67105832",1,credit_card,1,205.08
b806f6c6c8d0b8ccc7ad577af2a67233,1,credit_card,5,134.66
"57e2143bf55c040c9f0c9b8e41b6a545",1,credit_card,7,125.04
"906be41c08c186ca1b3152e6e9a04ed4",1,credit_card,1,185.66
f14ffd28776719a57c5bbf16cce58dd4,1,credit_card,7,157.32
b72528954592dd3225bff1b524a08dda,1,credit_card,2,22.99
"38d6205cb4508e8d63dcbae0aac1fe96",1,boleto,1,144.31
"22fa8082b517d09f9120e84f11fbf3bd",1,debit_card,1,39.25
"5156f62d18510bbdc946ebbe9846a6d4",1,boleto,1,65.11
ac3a8f865ec67b649d66ed5149a41593,1,credit_card,10,249.08
e75a94d6e8bdba1aa2a9946c3837a636,1,voucher,1,17.85
"870e485d122051fe03f9acf1049d2d09",1,credit_card,1,84.41
aaaf39a2d037083a190432524162a3fd,1,credit_card,2,152.38
"94a4b177f8c0189f23514b5390fb396f",1,credit_card,5,143.12
bc988b60188595f7f3ec8456f7dcfe14,1,boleto,1,100.33
"51e827dc634ca855acba1d305c4649af",1,credit_card,10,1265.83
"123eb6c42fb774382bf82e6a332af592",1,credit_card,1,37.27
e3f172aaf1f60065be92d36fc71fab65,1,credit_card,4,105.28
fd02009200e89316d5b945b9e795ad7a,1,boleto,1,72.28
"859251cf2a5cfdc89031c995e47842e4",1,credit_card,3,73.71
"64958fed45ad3cd3b84be03fd9ac01cd",1,credit_card,3,56.85
b74c97c444bcdc6ce2d1e547cf42228d,1,credit_card,1,67.57
"97afe73fe13a14d269383825a8a32646",1,credit_card,1,27.38
"6e5fe7366a2e1bfbf3257dba0af1267f",1,credit_card,10,406.92
c4993abaceb6176663e5f493a418cf28,1,credit_card,1,74.14
f8ff2ca85b5c244343205cf7d85904bc,1,credit_card,3,92.16
"621b8e90f6fd06a792af8bdbbaf64a92",1,voucher,1,12.72
"412ccedb685110d6be9fc7ac4a07dc2a",1,credit_card,5,257.18
"4618ea1ec695ec1707fcf8cc21a52b0d",1,credit_card,1,76.07
"8531a53599c482d78f5eab067187c7fd",1,credit_card,2,196.01
affcfd3067c168967157abe801a3c4ec,1,credit_card,2,56.78
"55128b961e747e4f1cab023552fddfa0",2,voucher,1,50.00
"519d0ef44ec0766bd5176b19ff8b47aa",1,credit_card,1,36.39
"6d07ebee9c7fa9c4749c7265c987bf0a",1,credit_card,5,87.63
"466a9ffb983d3e662816b47c2108a776",1,boleto,1,219.19
"3c0a8fee9785ffbf4381ff1eac0d220f",1,credit_card,1,1.15
faa72e2db68f17d71fa5c725cafc53ad,1,credit_card,1,126.20
"9b959fa2a6e44d5301822150a060b9b4",1,credit_card,1,47.05
b736f9c98deb53b03ac6e931f3373063,1,credit_card,2,99.43
e78cb558fcb803bfa9fd0e4325bc94d4,1,credit_card,3,157.04
c11b5924ad0d8c5d5d391d87178f00a8,1,credit_card,4,123.22
"3ac8d778d567a13ed3d66c07a74b79b0",1,credit_card,1,94.63
"6f0dec5453c159116c3f8b14133c150d",1,credit_card,10,179.80
b20dc8d5eb8118e7e6fb8b7c4e8f0f2b,1,credit_card,5,61.01
"5d84669999cbca120d2d557e6995ee80",1,credit_card,4,74.30
a382cb8f8029155c37cb65eed956b494,1,credit_card,4,76.51
"906268a28f453b77e24e45f921af13b7",1,boleto,1,68.75
f81d11112171f1ea416d591f864d960f,1,credit_card,3,67.24
aa04ef5214580b06b10e2a378300db44,2,voucher,1,250.00
"09356cee7d8fee33dcb3ee80c1ccb14f",1,credit_card,1,35.00
"4dc251eada0b46c0274a07e01d28b074",1,credit_card,1,35.14
"0450f2effaa0b03d5c7c5456338f48ff",1,credit_card,3,31.22
"02333096645cf1743050acd043b76e69",1,credit_card,2,146.13
"37032037a9594be86de78211bab2e548",1,credit_card,8,313.10
bdfad190904dc2cc0fc9d2c54f58fedf,1,credit_card,4,258.51
"2f6492ebb2badd06db511b63ae7d7f55",1,credit_card,2,189.37
"1d4915fcba7b140e7a82379ded2c76d6",1,credit_card,3,128.80
"1be51feefcd481bee3118900e6777057",2,voucher,1,5.76
e555c759729439a5654103300684e242,1,credit_card,1,66.06
bcd3f0c10ca729cd572b499317d287d8,1,credit_card,2,102.09
"10c8dc196ef9940faeef9fb9e6790abd",1,credit_card,5,104.70
"142b0e3de54c110a3109b26c79d6ec2e",1,credit_card,4,72.14
"99a05d63022ee050d8ef1d1cd84238a4",1,credit_card,2,27.76
fe99e32b74589b0377a2439cd3ecc51d,1,boleto,1,43.29
d3a5c3bfc63077ee10998df438f97019,1,credit_card,1,82.76
"28cf6655a339bec298464ed6ac5b4550",1,credit_card,8,188.60
"2255eb0e92e75d04fc4afa0ad636f875",1,credit_card,3,37.83
"441c901e2503e4802ab098944bf13df6",1,credit_card,10,119.84
c246fd65fbfdfd5eaf13ee936827a1d8,1,boleto,1,148.70
"430da9e882483760910bef24ad74494b",1,credit_card,1,146.30
"11720c3352cc89c305e6211b13e73084",1,credit_card,3,63.44
cc8ae3b6f1e14041c68fb899d1d83303,1,credit_card,4,42.20
"17335ccb96b98156a4fd1b635e11e107",1,credit_card,1,24.38
d9bd19ff1f9e434a5d633944430a97ec,1,credit_card,10,183.79
da00834d06065856c172220d3aeff76a,1,credit_card,2,118.39
"4ecf6661d9cc1c3eceb0a36a53083318",1,boleto,1,114.45
b4b047bd2b601010cf106a8d20437c2e,1,boleto,1,74.01
"93c16dd65eef73dbb7c6286bbacdb734",1,credit_card,1,23.06
"2f722ee8f3d3db0d19cee8ebea6fa69e",1,credit_card,10,124.35
"3ff3c14b693208d95c7a79ad6fe5c117",1,boleto,1,31.13
"4a742fa7344845af73696d98a380f430",1,credit_card,4,89.80
fc2a4d7b806b8d5572a052da4a5a6bed,2,voucher,1,205.75
"9e6bc602a2466daa94736f31d1319c5d",1,credit_card,6,356.64
d74d166d79f774ff367bfa387478155d,1,credit_card,4,50.98
"6b11ad95451aed510a1ff12346de4a14",1,credit_card,1,17.77
"64eda0ddd4c0dcc05341af6172589c9a",1,credit_card,3,165.55
f1e8643379e102eb64bc8ed6989a2ec7,1,credit_card,2,27.39
b20b3160f32a91237bbac959a1b466fd,1,credit_card,3,97.44
fbff77db5421bb7e1da292db45d07e75,1,credit_card,1,8.25
ca16493fe5b61d25c22f1c751a181fab,1,credit_card,2,76.08
d80e0abae74765187eb4970037b244c8,1,credit_card,1,62.59
c1fb4a4e7d3bf856bf229e9077dbd64c,1,credit_card,2,108.21
f84c7f94a29cb1d53dc607284d5bae9a,1,boleto,1,36.00
"54219c88839d9b1991f5550734f20c9f",3,voucher,1,27.39
"7713ab7b0cf6f5db39f126a99108de93",1,boleto,1,142.72
"3c4eb32cdaf179f4dcd0afa93bb88783",1,boleto,1,139.02
b2e7423926537e79e712ccf08ce1a53f,2,voucher,1,52.40
"9a7d7672806f5cfd6bc9cbd5a060806f",1,credit_card,8,545.47
"4312fbcaf802f48339fed28e13a5dcc7",1,credit_card,1,78.51
"3e6fcbe51e870332ced599c465eb6df0",1,boleto,1,135.63
"197979ae89666596c6a65ba20fb220ce",1,credit_card,1,17.68
d5027313478d5f0f54b719e6f96d095f,1,credit_card,5,167.13
e0122dcea3d741a8fd7ab4cd7f770a63,1,boleto,1,85.92
"2cf41be0101a0a0487c951ef0de7ee5e",1,credit_card,3,127.13
"6103ae4e3648137cdabab734faf4c19e",1,credit_card,3,31.00
ed508ca755bf69c5c742f7cbc19f3ef5,1,boleto,1,57.75
c66b4d4c8665330b53721d0f84feed9d,1,credit_card,3,57.07
a91e629d7c60ee83c467d41250528cc5,1,credit_card,3,1654.46
"48ae434efdce6ee8ed43531400f53bb6",1,credit_card,2,102.30
"27214261769c9a48e5294cfe2d9869d4",1,credit_card,8,111.60
ba410d3716d84da98d4c313d16b13bf4,1,boleto,1,86.78
"09a02e80ddcc4cb25f8ca5e46c1020ce",1,credit_card,3,39.52
"16561ffb6af09015484f1ab3dd7b0378",1,boleto,1,421.12
"60403cf93cb435af3ff040a1b5e65b3c",1,credit_card,4,61.00
"0a0cda0a8f1fac8330c16b7a8b38bfb8",1,credit_card,5,133.67
ed77ae1d4803934a1131cadffb78b41b,1,credit_card,1,672.72
f0a5eb092cfa7806badb010098ab646d,1,boleto,1,84.58
"68650dcbe7ea36df21a504e095d3d063",1,credit_card,1,89.27
"7bac1076797839872168be8c0e2b0f88",1,credit_card,1,5.89
"671d3f16cc641e15fb8b5df50be64cac",1,credit_card,6,125.22
"647ce922555f433f94e02c2458c6e164",1,credit_card,2,369.34
db6fc36ce2a94f3e7af05707163314d4,1,credit_card,8,84.88
dfd167dbbee0457152ea56ac9442f945,1,credit_card,3,111.32
"3cad2aa3b180252c0393e89cd3a7d449",1,credit_card,1,90.28
f081055ae08592af281a00c00547b689,1,credit_card,4,109.08
ca15b9ce89a3e3e213dfbf05cb0e4695,1,credit_card,2,158.22
d195cac9ccaa1394ede717d38d075fac,1,credit_card,5,73.94
"899da82c1aeee8fe315db6826cd9a5ee",1,credit_card,3,147.37
"506b766a5636c21756e8026fea871ec7",1,credit_card,2,72.14
d6cdcb841a56b58210e4b5cf51842ae5,1,boleto,1,28.76
"4992f0162a4e7f36cf293bdc49e42f5e",1,credit_card,1,63.60
"7eea0c44a7714ed7527a66cde637298c",1,credit_card,3,154.48
d31e1e13960863c7dcb2f6faadee5486,1,credit_card,1,1.76
"5707d7b7dbb169114a7150ed635fd58a",1,credit_card,1,248.96
"3e50ccb3e4c2558e4235db553f8dc2b1",1,credit_card,5,111.60
a27b4da2e65922358bc9573acde625be,1,boleto,1,106.85
"53c6881417e68018f3caf8efba6a72d5",1,credit_card,1,5.04
a9240cc919cc42178e1f3f9e15e79d23,1,credit_card,5,491.41
"1b60d2efd91abb75b6a78ba9041a3f15",1,credit_card,3,36.01
"1ba9bc470dd2df7a0951759dd7b88b8b",1,credit_card,4,97.90
"5bf8cdf4243a8b1c0eda74df41204260",1,credit_card,1,73.15
"2b59656fdff6d982bd2a0a2b257a4562",1,credit_card,1,206.03
"9370fc845feb5045400765a17c075cae",1,boleto,1,82.70
d1a26dc0c31e929049044b86a868c08e,1,credit_card,1,51.34
adebb4dfc650b98f7c7e38bb11cb0aa9,1,credit_card,1,52.90
c91819424b628993175c3629a8b4fdd6,1,credit_card,1,74.88
fe2cf0b53cf21416269ca17fd38060ab,1,credit_card,3,188.48
"4e1fd7b05f1438f47e31d7a9c453efd1",1,credit_card,1,109.00
fb4717856a1a4e0a10b9230a1f4b7e51,1,credit_card,1,111.35
b1e28e5f9eb777c98432e77404ae6492,1,credit_card,2,26.99
cbe1b25dcc644c1107175a532b85549c,1,credit_card,1,40.93
"6199ea959a9602f3c10fe2b7573bb325",1,credit_card,1,59.33
a59a15e4b6085c752d338431dc68d464,1,credit_card,1,195.13
"1ce94e846b53c3ed9a075323a8dbe580",1,credit_card,2,64.58
"91573a4598aedfc413fcb39e43d68768",1,voucher,1,94.84
"2297a47ed15e99116ac68cdb390cd700",4,voucher,1,20.00
"937bb835b909258e3fd32898753b0cad",1,credit_card,7,555.67
"0ee415fdc549189ef34dc8f7de4763cb",1,credit_card,1,71.65
aef93cd9ec286c68d9f73fe1505fa2cc,1,credit_card,1,30.00
"264ab2016a5152e0d554f11fb4324d80",1,boleto,1,74.50
"91d3db538cfff9a4f1cd5d5ad9481b05",2,voucher,1,11.00
a7e71dd247a252f0f215e6230cdd5d1e,1,credit_card,1,53.72
"2c7e3ff60588c94964e40bd1dca4415f",1,credit_card,1,60.00
b273023a4d0b9c3457f70b641bd1cf05,1,credit_card,1,31.99
"292362d65fdd556daf473eaeaa487a06",1,credit_card,1,36.45
"1ce796ffd3b96e287899e429b44c0e3a",1,credit_card,6,62.17
ab61bc2f1cfb5d35ddec00c374c09970,1,credit_card,3,176.07
c0bc6e5c9ad833c1a7a566871b33c938,1,credit_card,3,32.24
"3e6c7e23b1813f6c33ef1a6c0f943eb2",1,credit_card,3,184.06
"083c350532e95d46b3c25b7c41b1ad63",1,credit_card,9,92.46
"1f5c3d1688cbe7c88d82990250b9b244",1,boleto,1,64.22
f7364d7a775833b673741fad4d394512,1,credit_card,3,171.63
ac51a8c8ea39e6dfa53f10bdc73d531d,1,credit_card,3,220.12
"5f89e6b3012e74ef28fb09e73d8ae01c",1,credit_card,3,98.02
e439c4c76d0ddcee47707e6353dc21af,1,boleto,1,228.03
"6597e9dbbb1d813a8807828870c2a0ba",1,credit_card,10,310.81
"7e63ea5a0a34684140ae0e51ebe53035",1,credit_card,8,80.84
"2af8c95ec50f6585484dfcaabb9b9b67",1,credit_card,5,115.45
f256f9e290a782032234f9bb030d2fb3,1,credit_card,2,194.37
"5d246b537802d7ec7fbcf84ba7e43199",1,credit_card,2,131.51
"5a328406a89e62a595591f1a4cdeaa91",1,boleto,1,31.75
"8006e91ab98e5e16b4c125d42b170cfc",1,credit_card,3,72.18
"58b2b537d85cec193ae2780cccb526a4",1,credit_card,2,85.62
"510c4dcf778854ea5671c1eeacf41880",1,credit_card,10,261.46
"2fadef94d26b8d88791d48a31129380d",1,credit_card,4,61.04
"3040894afb173b3e85c8f03508f46a51",1,credit_card,1,94.30
"9fc2a41d74cb13d98db36092842755f8",1,credit_card,2,173.88
"50a1ba8563812deb5b911970468c9baa",1,credit_card,3,163.06
fc8396075ce143601c2d9e44e8e7777d,1,credit_card,4,93.82
"1c215cc70a409c7297e2f0f228fd6801",1,credit_card,1,32.45
e35a9e312880dfa98135b6a97237b272,1,credit_card,1,64.46
b84b9f8e6380570cdabdb0af246d6b9c,1,credit_card,2,248.94
"03104945dce5c57f748dbb3dbd62daeb",1,boleto,1,60.42
"2ee3ac9eae989dd8029015f1cb956021",1,credit_card,6,751.17
"06f39c67a9d68f76a8bfdb092852829f",1,credit_card,3,162.90
"7c2aefdd602f9df2ae6eb835d3973974",1,credit_card,3,31.27
c8613f1f2b834e72422ddd76442f677c,1,boleto,1,54.59
cc44fca1bc5f1313d254769c6e3d12db,1,credit_card,1,58.09
"2d1af44a16a96ca709a9afd12dceef4d",1,credit_card,5,65.89
"245a8cb9d360630691eb4449b1994017",1,credit_card,1,68.05
e11e49042dd9e24863991a081fd4bf19,1,credit_card,1,36.06
fd2e2592fb4e38a40b8335d29c93c8c0,1,credit_card,1,16.29
a4591c265e18cb1dcee52889e2d8acc3,1,credit_card,6,175.26
"2262f6e2778c369031168e981215c70d",1,credit_card,5,336.99
"48cf133bab6e70fec7896820b325dc9b",1,credit_card,5,163.90
b8ddae4d27ce2071902b4172ec37c7ca,1,credit_card,10,341.02
"6101d68c2fb03e7c4571839add1a24b0",1,credit_card,8,180.85
"50a98bed547040031825f02f6606c7d7",1,boleto,1,68.35
"258e4ed66ea8e2696f74f6fe835e7111",1,credit_card,1,27.57
"9955a2f7fc38c1b21be304e49f22e58b",1,credit_card,5,94.77
"994fd7613e80bc45020c7ab67df07f8b",1,credit_card,5,243.36
ff8bf9c080a3d7c12864f7eba1fdd0c2,1,boleto,1,141.31
"3f31568dd41d3ddbffcf00a0f0179dc9",1,credit_card,7,72.79
"57dd83bf1021dc5613a4e19544a99915",1,voucher,1,150.00
"9c2ba52157b36c56751de3ad0e6ec01c",1,credit_card,2,110.55
"07bcb0695fd4e3121e2fae21fbef3d28",1,credit_card,5,142.09
bb8d02c6bd5c148f41176b66ee1ae726,1,credit_card,6,636.18
f0a5b7c94819c69d12a1c0458ec74756,1,credit_card,1,2.28
d1f15be30f63f804ab7083b061dad249,1,credit_card,1,137.60
b858cf2a7c0c817f564a25b0d351ef30,1,credit_card,1,41.84
"2042abeefae68e63a8aa30edd4b0eb48",1,voucher,1,162.04
"5736fad1e7ba84e0bab487006ce68cef",1,boleto,1,47.98
a4c94baa526c2e39251e807cda61c524,1,credit_card,2,42.00
"23de168770a4c66841ecb6f89ee67a37",1,credit_card,1,67.36
"025a244ae3d5e6c53b7f9c902643f510",1,boleto,1,42.03
"7040178baab72ebdfd434cb84ff6e863",1,credit_card,5,55.01
"650db225e0b89075a07e6ca5e4c2d941",1,credit_card,8,613.38
"57242d7642063c0d6118305c58839a6f",1,boleto,1,473.78
"0dad6beca7ed0e352668498c29089900",1,credit_card,6,110.89
"7ea90189a26e230e809891078dcb8f45",1,credit_card,3,190.62
"546f64a5981ba2d29b0a43a6ab6da440",1,credit_card,1,253.11
"7585d4e21b02da91dd6b9dae232f96f8",1,credit_card,1,80.11
"9ceb39f6dd30ca18e40696a0ea01d09a",1,credit_card,3,65.00
"5869e8a5c993e83fd00128ca4c8478fc",1,credit_card,3,87.01
"655bc8e53bf6638c8e7c49962fb60a4f",1,credit_card,3,115.39
"338515ff7c1216299678e18a593799a5",1,credit_card,5,1479.51
d748300bae0831aec703a878ee43a401,1,voucher,1,170.44
bd3f8b3f4ff1469c0709218f7fde9fe8,1,boleto,1,43.22
"0cefa8913dd1e629ba0ab5da5ae6bdf8",1,boleto,1,228.53
c2fe713d93a9f489de49d6a79eb7f45c,1,credit_card,7,77.97
f24afd66659f204e2fe3866ae39f4e20,1,credit_card,1,85.58
"2fdfc76d4584de4e6c0b8b85f3041b53",1,credit_card,2,43.81
"93bd7dc1455d3109c84703ed2186cb35",1,credit_card,8,164.79
e2eb25bad1122ea7060e7e1b97feea74,1,credit_card,1,32.30
c791909f76b64d893eb56aeed54be767,1,credit_card,1,105.37
"23e1bad4a8ef314a7fe34fa71082d429",1,boleto,1,142.34
"2e7b6fd2d14510c3828fa09dc0b9c082",1,credit_card,2,106.87
"366cd70c12d03e78401252dea8e27bf4",1,credit_card,2,154.44
d90f196173cdfc41f134770a43409e7f,1,voucher,1,76.17
bd772d39b54bb1d71b63a7e1c1c8304b,1,boleto,1,46.01
"1edf161379e2ac13eec051cacdf6e543",1,credit_card,4,115.90
d61e579dc82353a7160f9fc870376460,1,credit_card,2,234.11
f545c6d66e2fa494386ccbdd3e6762cd,1,credit_card,5,61.05
c9c52a849ead8fc8b85d828ae740ec78,1,credit_card,7,76.65
a6d0edc01300d51955bc9c2f0c8fe71c,1,boleto,1,200.68
"4e8d00122c326964c257d9018bace447",1,credit_card,1,42.61
"67b0b5998d225c031727557708e9bfb3",1,credit_card,8,657.56
"7c03bf6cda48e5312a9e4cfb0002f3b6",2,debit_card,1,143.87
"4b17943e12a7cb735d4df81fedd7877a",1,credit_card,3,167.80
"9fe32da158d0f7c1adb336ad3b69839b",1,credit_card,1,236.70
"96c9a85ac467d3065eb7f6d184672511",1,credit_card,8,102.69
"9c95771a972dea113414d2b2bf6431fd",1,credit_card,1,36.00
"39cffde7cac18d45ba04d0eda617e06c",1,credit_card,1,40.00
"162e41cca84030fa1901010d70ae0bed",1,credit_card,3,140.56
"623a8e9b048078646d4f089d9a89acc6",1,credit_card,1,53.62
e56a1cb152fd9b915de07e0f4f5b462b,1,boleto,1,1344.36
bee571b51c70e572478812165da701dc,1,boleto,1,120.77
d359e2c7de603d9b72bdfe2dc3840275,1,credit_card,6,334.01
"78b5b205705f30bb989c4a6c7f8822e4",1,credit_card,2,96.88
"76f27a60facc0c9b7ee8344eeb60c7a1",1,credit_card,10,957.80
"42bb3b75e450242d115666d5626fce15",1,credit_card,10,281.71
"7a7b483764d06e139986cfbb2f2ad776",1,boleto,1,91.96
"0409a79770433fbb5610660b8f8cd69d",1,credit_card,1,112.84
"482c3ed0fe2eb68b316507e78faa6783",2,voucher,1,50.00
"8f2fade43847d13f64fb7b7a0667e03f",1,credit_card,1,147.25
e5040a92f4219085e9a7a4b6416512de,1,credit_card,2,65.00
a45087c16cf11897252052baabb332c0,1,credit_card,3,166.71
e9525d74abc05d22ffa3059164adb967,1,credit_card,1,262.17
ce361366b38e58d923fe2e3cc60521f9,1,credit_card,5,162.77
d43b7a0e941b30ad41b6ff00ce74d59a,1,credit_card,3,160.53
e759d96cc6fa319a134b392a787b2b64,1,credit_card,4,237.59
"39e8d5883eb12c66b1d2bb1799810d05",1,credit_card,1,37.00
"2c04e9500d7402e891b3c1213847febb",1,credit_card,1,89.27
"215a2af7298ced2c65d785d397e04880",1,credit_card,8,811.94
ff41b585a087aeaab9daae351364e439,1,credit_card,8,86.15
"1a4bf675df415785d3d9b3f3521988a7",1,credit_card,1,87.90
b664b3e09fd91f223359961e284bee21,1,credit_card,1,166.49
de2076727d0a51dfe4889b9cf85198e6,1,credit_card,1,27.38
"1f4c55439dfb0750759521284d322815",1,credit_card,1,98.70
"15c27084788815475d3d73afe7dc2330",1,credit_card,2,140.57
"00c9f7d4b0e87781465e562dc109f6aa",1,credit_card,10,120.36
"5800503b12aaf2c73a545e028a91030b",1,boleto,1,29.13
"75f19ffdc366b3e66a822a7fafa0db05",1,credit_card,7,164.60
"50aff4b82439e01c5e75e12dcecac8c6",1,credit_card,1,37.77
"94fc0c5ebf3d2669b2653019706ce767",1,debit_card,1,33.09
d7d4afc3fb829c97bf4669cec420064e,1,credit_card,1,24.53
"628287e102c84327f95402d4670434d2",2,voucher,1,100.00
"94eb86ebbf4bb41bd02ea3035a2a39cb",1,boleto,1,145.16
"9f8e1e683e02e3aef599ac6fa4cc6b21",1,credit_card,5,55.70
c9e32538a07ba70090d3943f2fad8d3e,1,credit_card,6,127.47
d8523695fd09e96dd93c94cde119c037,1,credit_card,4,94.56
dd4d3cf66aa23e931c9af921516324e4,1,credit_card,1,1318.06
"95ecc4683cb56cd525c1488adf228175",1,credit_card,10,535.97
"41a75aec932b24ba50e98ba8b50b625d",1,credit_card,6,61.33
"08c50a01a3260630c82c21826c0061e4",1,boleto,1,138.03
"605ddab5485410c9c3c11f4ab9a74f6a",1,credit_card,4,93.30
"7f9e9b2e718f5703d72e3f5dc70dfc92",1,credit_card,6,591.00
"403607f34876d4bb53d5184c2282e59c",1,credit_card,5,270.94
"45d63d388e24d8a9b424cf96c8c25f3c",1,credit_card,10,362.07
"60725ae38288a737c3c59e0c7f4dd430",1,credit_card,2,57.10
"95ac7877d664b64345e78a8ff3003730",1,credit_card,4,213.53
"5f8e6b43489b35766d4f7bb92eece010",1,credit_card,7,356.06
"6848638dc76d21225ff520f55b46b0ef",1,credit_card,4,57.29
b91aa06d6789368cd6ca8bdc293269db,1,boleto,1,76.66
d6c486ebb46b4882e3ea353fcff04ff6,1,credit_card,2,120.60
"84f90621af2bddd49ddcccdf6b0b698b",1,credit_card,2,151.74
"1a076ebf5225e2c21de6fad7c324ddec",1,boleto,1,227.24
"852b442a5bc38e624ea9f60305418cea",1,credit_card,4,89.57
f5b14001d7b69026a8e08343e5f4c423,1,boleto,1,57.10
ef550f62ec27edb97da9740b46ebfe75,1,credit_card,1,64.23
"60f444f47da9e98ceae8864e4a67fb0b",1,boleto,1,34.29
df85286f77ee8760333080a6b3bb97d8,1,credit_card,2,134.47
e57ab4127be9907d3078d0227c45e63e,1,credit_card,4,46.72
c268faae84283868985823042e4ffb40,1,boleto,1,86.25
"5be2150d1f3d2a7917c0a7b4ba74c93f",1,credit_card,1,144.64
"32e3f54d03f202e02cfc79f9fd91fd06",1,credit_card,3,38.42
f99892da657d4b8ed6b3dddff8b166e1,1,credit_card,1,40.72
c369bdd04f3897a7c27ea9f5aeaeba4b,1,credit_card,1,135.04
"9d0815da498bdbe17d13752e2d3c991f",1,credit_card,2,65.33
ce002f713509a834a878215db407ac2a,1,credit_card,1,102.26
"5feeb22d03c193159f3e223c2a87e745",1,credit_card,5,159.14
bb645512c737c47f7bb875b67153b3f4,1,credit_card,3,261.80
fba464e2b8022e40e3a5e5fdb8e7f2b1,1,credit_card,1,29.01
"6afa0491e7c2b7661f8371616e639c04",1,credit_card,1,77.57
a44e76e7c4a14d636b1a30c76c9e9999,1,credit_card,3,164.61
cd98f2d08f3ae54d290fa99c0c242388,1,credit_card,2,150.89
c3d36e1799e432857de125edbd428c0b,1,credit_card,2,61.34
"7a70b827ebc6ab85bd4e28739619bb2d",1,credit_card,10,650.13
"849d475e530e0dc2250a64fca7a93dbd",1,credit_card,1,236.21
b9895a352437ec0701eccabb55cc43ea,1,boleto,1,133.18
f5234dc943e266dc8922b4870dc9d491,1,boleto,1,97.79
"2d3ea45912e1469b558f6235da4d1689",1,credit_card,4,230.34
"17a020262f659ee7b1103f36824ee2f6",1,credit_card,1,96.69
"7eae04ada6ffa5ce119fe7526c8d77d5",1,credit_card,10,658.22
"7e90e3edeeb8c1da0769b4cb682cbfb1",1,boleto,1,21.68
"6385ad73102c7c147e1d5c294fbef8ef",1,credit_card,1,38.80
"3b51a2309bc5f73a379b1cd00ba5ad01",1,credit_card,10,264.64
"4628d3d8311acc92810202b9a41b3dad",1,credit_card,1,88.12
"44a95b47b4bdb74a2bb1b947e9070e2a",1,credit_card,6,61.80
"70d8acc0832b3dd2048b71a6fe492257",1,credit_card,10,1071.83
b7cf59f6158a9fd83ee0c75e95c65af0,1,credit_card,1,113.15
"37792549e9a1606a574bb4a8aa76136e",1,boleto,1,56.75
bf0b6e46855aa361a0dab877c439ef93,1,credit_card,2,41.84
d3832688c496edd26aec8c5cc6672a99,1,credit_card,9,534.36
"7fc849fe7b19291b174ea1ab2a8759a5",1,credit_card,2,46.82
e734d2946014016191c36d3bacb36508,1,credit_card,5,246.81
"6cf30e050336c50f368c34da13c9e6a2",1,credit_card,10,126.02
"3e075f63ef4d9f5913423c2ff5a22d67",1,boleto,1,25.84
"0921e6115b1fcc24d5dcf35570b68933",1,credit_card,7,563.95
"4b272f69f8858f5a98f3c65fa40a8bf7",1,credit_card,2,47.23
f904e1484a374e9378ae90b2f10c8639,1,credit_card,4,184.39
"08504a0dce0a3cd13b3f7971d29fb991",1,credit_card,1,36.78
"8ff03a9b59885483e679e9bcbcc60ae5",1,voucher,1,50.61
"1e9fe7f88eb9a4b4378f7e80d37855a0",1,boleto,1,111.26
"5478185613d8f2fb7192968eb77c141e",1,credit_card,4,224.71
"5feda22f5993ff2f018a89e2caa8a336",1,credit_card,3,135.62
ed3c1f5d71f3d6ca31d19d9393eb950d,1,credit_card,4,62.17
"0da2f53b590353e40a328c2d8c3dd010",1,credit_card,1,43.23
"7d19f4ef4d04461989632411b7e588b9",1,credit_card,4,72.19
"77e00d2c70f0bacc0e5467fd57422f7a",1,boleto,1,188.51
"1b76e3d417b12339d254588a95496581",1,credit_card,1,53.00
"1bf96d65e405802ae7b8a8e176b0b3e6",1,boleto,1,50.35
"1d41ac5f5e6002b984d0c8609f0019e3",1,credit_card,1,38.07
e374d352a264211feb7b8dfa292120e5,1,boleto,1,51.10
"53b3fc5e3b224d01407dd5acefd75a53",1,credit_card,8,172.48
"1b31224d12bca993297e386557c6a6d1",1,credit_card,2,129.91
"4c4d6825f294e5d86048ffe4fce26334",1,credit_card,1,67.23
b313e45e823639cb00b2bbeca8ea7aa6,1,credit_card,1,48.31
f489949dbe23cf9313deb342913ece0c,1,credit_card,1,416.46
ee263786b14ba18ebbaf5ea65f7e7669,1,credit_card,10,842.43
"5409caeb5a9baefa9e8316e7854e532f",1,boleto,1,280.53
"09a069fe7d45eae2e1c4910e90e365ac",1,credit_card,2,56.78
f1c81a653dc5314b7aa62e06239f12c8,1,boleto,1,84.24
"195f145ac1c5e473431a8b605fd8a7df",1,boleto,1,100.04
cb503219f1a73d8a4dfe8561be373c99,1,credit_card,1,161.37
bc21fd56e19626007f06da1b7f7b6c39,1,credit_card,1,53.77
"1f84f9ceb5c60dc9d3ecb4bbc0555dfa",1,credit_card,8,188.34
"79b0101fa56acf957666dd3d2fe39a61",1,credit_card,8,157.56
"59c1a8b3cbb65f342ab100aedd060642",1,boleto,1,125.38
"802e3d87f22a8d09eb0248bfcd916f28",1,credit_card,3,40.60
fb18685c951665e941f2a327f25a2976,1,boleto,1,43.03
d4173a3970a4e6d7e3ccb14a264871de,1,boleto,1,76.15
"7813842ae95e8c497fc0233232ae815a",1,voucher,1,3184.34
"28fc2d3b6b9c5214e2ccdf189ba572af",1,credit_card,2,265.92
"940b17cda16a315ebce41e39a03a759e",1,credit_card,8,172.04
"90674f59a21207f91a7387785c66f340",1,credit_card,10,2225.69
fe133ae09efe51778e36c40cd00ece6f,2,voucher,1,20.00
"9e5c76fbc358dc58156586a03f9fa07f",1,credit_card,3,286.65
"2c2a19b5703863c908512d135aa6accc",1,boleto,1,441.72
e0006b2f32e1921de703f8b17b01fab9,1,credit_card,7,278.32
e356a4ff99aaf426f6f7dc94c846f398,1,credit_card,6,426.36
"2d81bdadfeec8758a122c3b09a4a71cf",1,credit_card,3,69.74
c6492b842ac190db807c15aff21a7dd6,11,voucher,1,34.73
b9301fa4912e6d5f755e12b4986c5f84,1,credit_card,2,128.88
"1139dcd182662d970264159024ad6384",1,credit_card,10,242.24
b1a4d93b091b621c2080d96449ded73a,1,boleto,1,189.15
"8d49bed8f03eff2e3595adfc9043a4f9",1,credit_card,7,538.60
d9e85a628a68f162d46b273ae52d0119,1,boleto,1,94.21
"534a0fa02fb111d37c01c86326fc38bb",1,boleto,1,84.23
"088217fa841fd3da3004a1a7e1d525f8",1,credit_card,2,186.83
d016acd5d2c7b6cfa89b282b8d1fd052,1,credit_card,3,177.25
"2b6219a323962e35e29ad623d82fbc5b",1,boleto,1,35.00
b9c81c6e3a026f6e424398767c51e4c2,1,credit_card,2,71.56
"53f5a7f622d498ff3eeb334b8efa7ae7",6,voucher,1,6.12
"41efbbf74c4dc9530e8ab1e0c3f947c0",1,credit_card,1,52.78
aeefcf3435f9cc6db2c0b8019f17ca7f,1,credit_card,2,58.28
"8d00e06d3fa925f408fd286f9805a765",1,credit_card,1,123.74
dc141e2a2a7e6369a1cf7acf24d54068,1,boleto,1,122.27
"1b68a09aef174135ac2b4a138c3a1eda",1,voucher,1,50.00
"80ce1db8f4e1070972c60581450bd2b7",1,credit_card,3,68.02
f34349c1787f5a47ace7555af961a47b,1,boleto,1,465.23
e0fabe7fe363430bd4783fcc13c39c11,1,credit_card,1,95.48
a4257577d2432792f269e787bac8fb46,1,boleto,1,81.23
f338343b96ced9d8ba7f84a53fd69a40,1,credit_card,2,145.69
"52e0ef964835e225bef5565b7cb87f0c",1,credit_card,4,168.20
ffe4972089425f7752aad086a7fdce28,1,credit_card,2,161.23
fa9b8a7442683f57d43860dbf63676dd,1,credit_card,7,421.33
"50ed3915a15313618b11ab959726de8c",1,boleto,1,34.80
"1a0a41acfcd4a351ae9f002b942dce2c",1,credit_card,1,117.98
"91750e4d3d89e619cd557a6da400be06",2,voucher,1,10.42
"14c7b3e2e0b5fd7ca0c342658c37347b",1,credit_card,1,67.22
"6a0725621168540d5200cba214d6ebe7",1,boleto,1,115.86
ce3306b493edca02b65cedf9da8f0f7d,2,voucher,1,37.18
"47f7e96d69bc1d93a7043b9d4da910ba",1,credit_card,1,113.46
"820235f6d6341b0a1d64f22499ba07c0",1,credit_card,8,511.23
"2336989704d5fa89aafab6b5a5132317",1,credit_card,2,38.68
"930f7f40db5f938e56fbc1bdcd1bb28b",1,credit_card,6,114.35
"67174eff886029c2cc97d11c74eea9a7",1,credit_card,5,194.92
a0c1b0545665f839199e53177bc639f7,1,debit_card,1,32.09
fc5a67aa2d57b1764a89718edf876006,1,credit_card,1,76.02
"8717b95453a85a457f3f3cbe1aaa118a",1,credit_card,1,62.47
b0c2fc04c1c8fbb03073c15316fa9242,1,credit_card,1,50.77
"2cbc46ff3ce1f5fb3c5ccdce7157b8fb",1,credit_card,6,108.33
aa9113495d5498b01ea4a235c64f2849,4,voucher,1,20.00
f1450c491bd196d4089076234a1b5cae,1,credit_card,2,130.13
"72aae4d8091260674fd5abd94479abc3",1,credit_card,1,65.46
"703ef7c6795e0ee91cff038a9a81abb5",1,credit_card,1,47.82
b91ca0418b6f2ae549bb6f356eee80cb,1,credit_card,5,54.31
cf398216aad3dfa8731970860f663dd8,1,credit_card,2,117.95
af392a2dadd37ee4dbdbe2dbdf4682f8,1,credit_card,2,38.09
"1585ebe77775265b8612b0e4fc614cd2",1,debit_card,1,240.58
"11cf686bd51e6060001abd7c3eb9b05c",1,credit_card,2,175.56
fa6d6d6a627b660b3cfc54477126473f,1,credit_card,1,49.84
"794f771a39b24c7c47aa9eb198f066ed",1,credit_card,2,36.75
"7e03b475d9c49d593486fafbeb210526",1,credit_card,1,137.99
"0b913c851b8dd74300045511a8120e8b",1,credit_card,1,39.42
"43561fbcbcea878bed16448a3b5baff2",1,credit_card,8,137.43
"9d9fcb45ee8881b84ca11e65a913941a",1,boleto,1,71.62
"10868fbb44c78f78b3c037e71150b0f3",1,credit_card,4,91.74
"6b5ccf5385890198c54fa97afe4812bc",1,credit_card,3,378.26
cf2d94adef7bf9ffe6efd9c6413eb69e,1,credit_card,2,77.57
"68ebbbf9a7236276c1c324a5c4abbcbf",1,credit_card,5,116.94
e45f581751e44a52f09b4c1746612e54,1,credit_card,1,62.93
"4af5a3b197af9f20f2ad9f856fdcc301",1,credit_card,2,129.83
f992c4392eb33e1742c433b1e99d4073,1,credit_card,2,199.80
cc4687e4e102c1c8c606a5a0a8e475db,1,credit_card,8,1391.79
edaa372913b1dc07209e39b2f15f605c,1,credit_card,4,82.56
"44b4829b58167b697a69c8aa8eb64733",1,credit_card,1,103.93
"5e030812d8c91d9cc0bdf07298bbb612",1,credit_card,1,114.28
"39ce583d015282eb748be465a0306f85",1,boleto,1,92.01
"41d91684460f5c59c96272f53bc14fa2",1,credit_card,5,53.27
"6657640ffd626be03509bc9226994b36",1,credit_card,1,7.18
"4641eadfa66f67a7b2d37e5bbe386398",1,credit_card,2,63.23
d8d4e1a57a139526d78c7713a4eed523,1,boleto,1,58.28
b157079a62d77688a0f66043aa1f0306,1,credit_card,1,34.91
efe9725dbc15f09b8e8b95c6331655ba,1,boleto,1,285.98
c5317bad0d8e0da6245fb7cd76226736,1,credit_card,2,347.58
be672f99f61bb90b0430f407ba4378cb,1,credit_card,1,107.85
fc37fc97974eb26b3d77d89d6c9c5f6a,1,credit_card,1,37.28
"21577126c19bf11a0b91592e5844ba78",15,voucher,1,2.35
"4ec3c9f805653722ef9965b81ffe924c",1,boleto,1,41.89
f2793cd4b64bd3a177d4a367a3cf40bd,1,boleto,1,131.95
"4edc23a0671e228fe1707a4783161ce7",1,credit_card,2,127.92
"29cbf0f738f9f827dbb2fc94c79e61f1",1,credit_card,8,103.33
"632ba34265b5449d1f742d24cacf1208",1,credit_card,8,267.27
"53f3cb0dcdecd62675e235186f24adcf",1,credit_card,10,160.21
"5c02bbcf8ee00ff276723c431b064505",1,credit_card,2,81.50
"7c9c86e000d63d474d4e1f17d1b06fd8",1,credit_card,4,266.50
"94bde44a48f191d7175f67eb93b9ed67",1,boleto,1,137.83
"793fe057b09c8c2bebdd48451e985432",1,credit_card,1,91.01
"6fb3c0067e08ce7dfcdb62ebce42bb71",1,credit_card,1,42.94
f30e745209cd648c475f3949b1adb2e6,1,credit_card,3,121.93
"7ba156322cab03ab9b1d3ecc8cd31d33",1,credit_card,8,88.72
"371ecec04db578a2451088388326d50f",1,credit_card,3,136.08
c576c7d1b3c8437dfb227e02746d74e9,1,credit_card,1,20.31
"6c12026576c43985a49fc784c5e62b6b",1,boleto,1,47.74
c0cb4eb4f8b433eb1d73091276e12ebd,1,credit_card,4,222.99
"7446025306e883cf5f81d6a59b52a77a",1,credit_card,10,186.84
"2c476f0148a99ce31bffe7659e5aaf4d",1,boleto,1,37.79
"1c2ad5f6b47949d550340116a33ef3cc",1,credit_card,3,139.52
"64d23ea3d34bfe1b619e41c2ffef4803",1,boleto,1,38.14
"3899e902fbfaabd1e7172e0f62fde3b7",1,credit_card,1,40.10
"04a2349771026865337d7e70a2ae0af4",1,credit_card,10,290.15
f0536754654db1ab9ce4d7c1d369276b,1,credit_card,3,147.68
c2d07d9078b700b9198a126183867c16,1,credit_card,2,30.79
cc204c830046f86bf426b21e59e1e1da,2,credit_card,1,100.92
a885bfb7eeb7cadbafdbe6d2d40e2b29,1,credit_card,8,267.41
"3c314f50bc654f3c4e317b055681dff9",1,credit_card,2,296.89
a1594c5e4a9c3e2635ce25383e89e538,1,credit_card,1,75.25
"84c6aab1664b33eb5607e118dc4bced8",1,credit_card,3,57.30
"500b81d8def329a51bfbf84cfaa693a5",1,credit_card,1,55.62
da9713f62e0d54668895dd0ca6ddbb64,1,credit_card,1,83.35
"1116b4c0d6e3854854c9967dd1453113",1,credit_card,5,101.37
fe468f428b8be30b4e7ca85901a35dac,1,boleto,1,107.38
a41f5b62cf8316e5a500ef6a6f3fe2b8,1,boleto,1,235.61
"98f75acaf1c9b0c2424f3b0fc6a22bdc",1,credit_card,7,74.07
"0e8fd0b4ba98fa3f6000945352e0b8ff",1,credit_card,3,38.56
"0ff22bde315f6d0807028be76d9e736d",1,boleto,1,74.51
ebe2d3846c34a8a3acd056896bf32b17,1,credit_card,10,147.64
e0ca48c3d8bef74e0cf6e6847b47f2ef,1,boleto,1,133.49
de71166519878c2eefa30e4203d31c92,1,credit_card,4,224.71
"2dacc81722bbde834907930ea0ea3377",1,boleto,1,134.15
fe6bd37400a094832d8f91ed5ed3856e,1,credit_card,3,185.54
a43036834338e7cf3242e7c2a47dec7b,1,credit_card,5,72.67
"176cf0b19224a77a9fe04e323627fa7e",1,boleto,1,145.50
"657ea9232c582c9e40330a60f68dc189",2,voucher,1,11.16
"4651d5acd5a3f7afd4619aef8d845d32",1,credit_card,1,120.32
"285c2e15bebd4ac83635ccc563dc71f4",7,voucher,1,1.14
"45c6469f0136458ebcb1ae34e7a4c3b9",2,debit_card,1,56.37
"42859f65ccaf46af651014e239a1a71f",1,credit_card,5,243.57
dabde7f69f293cf7ab67a2b346573c07,1,boleto,1,35.61
"64e9a35b6a64013d05435c2b3faca268",1,credit_card,2,126.30
"1111ae8786d1dd62967c733d41fa4bb3",1,boleto,1,311.42
"97a2cf1bcffc778d8661d305a6d344f9",2,voucher,1,31.98
fa2b14e880fc41311f519c101f30da3f,1,credit_card,5,54.13
"15001804f74060f67b97719c69f2fe6e",1,credit_card,1,91.99
"50aac4af5f330951d508c0c255fde322",1,credit_card,2,289.41
"659a1ad8f23f3296dbf8034617e6e390",1,credit_card,6,133.25
e1e51d84ada825cd2396a682884d7c5c,1,credit_card,9,95.24
c0df4a985da0f64e837ba9b858762f1f,1,credit_card,6,134.03
fd08c88095ca23b6188a30f0abc679e3,1,credit_card,4,43.55
c054ae148086d8edf0f55f1dad0987e7,1,credit_card,1,104.83
"128c967306503570d40def0212a27fb2",1,credit_card,1,39.10
d80cfaf2ed047f9e77f5640df7246b64,1,credit_card,8,221.09
"178358411049ad27f877b8964564528a",1,credit_card,1,2.05
"63feacd35842cf0c330466827955c7fa",1,boleto,1,44.13
"92dfa5f3acdce1071906427ba5ee3c4f",1,credit_card,10,170.01
"730817800ec1c4805e8a41e67459d4e2",1,credit_card,6,160.57
b2e30468e2617cbbfd33f48dea08e31a,1,credit_card,1,22.39
a835cb24fb9dc47511a9932df13180cf,1,credit_card,5,106.90
"27f61642eec62fdbd86c81f7fd1320e7",1,credit_card,4,83.55
f3d16f376226096b304be07d6307f731,1,credit_card,4,411.21
b5cf860ef786ea57b3be5dc9ef44076f,1,credit_card,5,343.71
b9c2b60a685ded2236d95094452a9696,1,credit_card,2,29.77
"893a5dc3f4f76c2168a2e14be5671e1d",1,credit_card,6,63.38
c063af469224d02e7e9bcb0b1e46583c,1,credit_card,1,67.98
"908e767e28908dc5ec61fe0ef8ef03f9",1,credit_card,6,63.46
"56c52d234b22892f3821750d97e57052",1,credit_card,1,36.34
eb2d3e8cabad07d748b4677b4296a84c,1,credit_card,4,1310.23
a304e27bd17a57240cb6779d293726d4,1,credit_card,3,435.72
c9e99f4780a721d1f0b532ca7f1c00d5,1,credit_card,2,164.70
"050db8a61ea366db684e7d127082b5da",1,credit_card,2,102.03
b917c5ce4ed365664fa173c7fd457909,1,credit_card,2,118.17
"4d6d5d4ddbda3bae532db626873c671b",1,credit_card,1,60.42
"7f9e8cb77e9702ff5d15ca7dbca58cc4",1,credit_card,1,0.60
"5f9bce13c005ed8b257d26c484455d58",1,credit_card,4,160.55
"4a571f5e71e16ce232386c80d485db65",1,credit_card,1,49.72
be3b8d058b8100d8a2539ce0b2c6ec0b,1,credit_card,10,1223.06
a5a32befe5eebcc26930e213ffdf3369,1,credit_card,4,256.22
a29361cea3ac5ecb55cfc2c64b6c339a,1,credit_card,1,329.58
e80af3d621fbc7add2b8a64511f1012b,1,credit_card,3,36.69
"81b2c7683a251dc0ea48059bef94597c",1,credit_card,10,1038.56
d6ba0aa53ad5742259d45436b54d2b46,1,credit_card,2,111.92
"486fed80178943ecdec90413036af979",2,voucher,1,13.05
"9c2425da844157ef4e0ed799e4939978",1,credit_card,1,24.75
b296bc0dc4e73e99c3f6196a1b97b9aa,1,credit_card,1,90.36
f0480d88b450df6f626639e82382b722,2,voucher,1,46.09
d894c56b9292fab569a34d58c6051772,1,credit_card,2,38.75
"872b389aca385c49caa8cd43469f684f",1,debit_card,1,172.17
bb12d601d6de7f1b41c4d45dfea601f2,1,voucher,1,58.62
"6e282f45b4785012970c523ef10737b2",1,credit_card,2,27.77
"7e195313ab92db7ef95cf8140cfe5f81",1,credit_card,2,111.32
"97f0469c4d923101d383461947f575bd",1,credit_card,7,180.93
"8e24261a7e58791d10cb1bf9da94df5c",1,credit_card,5,84.00
f6e6d4ea8fa36e20a36c71352a2422b3,1,boleto,1,44.11
"5defd57f9849f19ee76815ca3a3c8956",1,credit_card,2,139.16
a218ea1ed05e2375702ed63c94625b06,1,credit_card,1,97.79
"1cb44c843df038496648b84a904aafa6",4,voucher,1,30.00
efe4d1d166a22177589c829e967607bc,1,credit_card,1,31.85
"9b802ee9dfe931bb3bf0c9a23a0a2780",1,credit_card,6,287.30
"53e7de93de0f500168f10be4d3ca4577",1,credit_card,1,60.93
c66aaca1cdf9bf8776f676b7398f8feb,1,credit_card,6,211.89
d93a43bb061ed0512c59729ff759da67,1,credit_card,1,57.59
c47e4de55f6735f7ddc4c6026769d569,1,credit_card,1,61.19
b54e7e86152b2e409b6cc7080eddc990,1,credit_card,1,44.25
"98035d9057b5e23020bd00138e680409",1,credit_card,2,24.09
"40bd3f61e145286843c42286ac7bab0e",1,credit_card,3,37.78
"826fc3782b3bbdfea8c82e11ff16fb9e",1,credit_card,1,62.71
"291d343dc236d7dd2466e052890f5fc1",1,credit_card,1,55.24
"1d812d7b785dff5e4568cc8f7e76f230",1,boleto,1,57.60
"71189364ca3c13bb110177b4d8e949df",1,credit_card,1,45.29
"708e29e2e9ba7ec969db5cf4cf84e9fd",1,boleto,1,81.24
"1810618b56a9acf3df4d8a4945bd909e",1,credit_card,1,130.16
"6c8fdc6f1b35e5126442a74c3bcc36d5",1,credit_card,8,277.16
"69e1614e5770f92d02af5b0f875c11b4",1,credit_card,4,359.50
c23b3b6e42c2d0fe2d6fad69e2b1f34f,1,credit_card,3,181.76
"47cb4463bc05e404b98e743111a61378",2,voucher,1,77.94
"38fd8252e151b8a2392e7fc051a94240",1,credit_card,1,35.84
"02a58113b6c316d2aa7e110c8bdcbe6a",1,credit_card,1,58.22
"77af255581f9105559c089f67f770dc3",1,credit_card,8,245.07
"5f62be06e875c3a8a5d6a8501f49bd6e",1,credit_card,1,50.18
aeee18f9e96661619be19ae8346c072e,1,credit_card,1,54.36
"711f88786eb588f0a5925cbc8282f3e8",1,credit_card,1,174.04
eca79ed411acb63a03e097fa18411797,1,boleto,1,54.00
cbe22f8d51444e6cc27868a2ec81062e,1,credit_card,9,93.30
"75fa09943ed7e7f7312cc5ba5116feef",1,boleto,1,85.50
"581805128c859d26d9ddea54faa05207",1,credit_card,1,50.86
e7b89f99a853abea7befdc9b1f9547e1,1,credit_card,3,63.13
"98bd62478f45e100b026c030c5b0b121",1,credit_card,1,77.20
efe5bb701ff507ffa4736a7c07be50d2,1,credit_card,10,212.28
"064406f58fe12697ff148d9a5851fe9e",1,boleto,1,98.44
f114423a7de9ef07e6944ab372f261f3,1,boleto,1,32.72
c3fc89d773d2d00c4c1222bb9590ddb7,1,credit_card,8,142.89
"21a3c351610b2487460c404bbbdbda67",1,credit_card,10,144.89
ca98afe572ee9754ef0cd28c6b97758a,1,credit_card,10,220.74
"6fecd5746cec8c5a214bad4a6e67d7e3",1,credit_card,1,45.98
"1a9979add53335be401feeaca64ee040",1,credit_card,4,72.66
"538e2ceda8430c002071a7f8f4bdae31",1,credit_card,1,312.49
"555c73bfc1a7cf66e4939fe264156e3c",1,credit_card,6,299.85
"421deffec215845f8632fb3543789f86",1,credit_card,1,103.69
"216c6c60eaa02facee10abb4ca3a9c6f",1,credit_card,1,127.14
"8dd735edc2d172d0d4124014f509258c",1,credit_card,2,105.37
f1d6313ed30c82ba1523aad41c60685e,4,voucher,1,16.44
abc7580b562d8de4d5471356c6c25aef,1,boleto,1,25.51
"65f3fd49c769a2d6de1aba25b6a5b8d0",1,credit_card,10,273.18
b8fdf0a70040d5461adca8f95ba4171a,1,boleto,1,107.78
"73b205f9aeaddefc8fd66b0816877e3d",1,credit_card,8,517.76
b2dff4323e2a36d0c147d1f883b3ab6e,1,credit_card,1,216.64
"455899b7472d7821875298e00590ba15",2,voucher,1,18.65
"3c01e6d17f8090499836aa8841c2c587",1,credit_card,6,64.42
f232f2ea81a3f61313f6bb0f759e624d,1,credit_card,4,53.09
e24897d16e9e9993e55e91c606074d52,1,boleto,1,146.68
"807303007d46225288462ecc115905fe",1,boleto,1,66.72
b409363b150c3fc8fe6dddae1bceb1d3,1,credit_card,1,55.79
"4274df747cf9a1ac15adf09a87185dc1",1,credit_card,3,101.84
d368a1aad6fbecd01c20f4bef6bbad64,1,credit_card,1,90.83
"638c0b485b0d53ae317d2848475b0a6c",1,boleto,1,60.38
"008a1b3db2a8bf63418c2cf7c7f494b1",1,credit_card,3,33.12
"3493a5e1499df429a53453047b3b4365",1,credit_card,1,121.98
d17e55847c962eeaa8966bcc0c758492,1,credit_card,1,37.55
"008f831b7185cff7ab35a46c37d64cd2",1,credit_card,5,286.09
"8d053738b817a245da596c4aac057923",1,credit_card,6,64.42
"7193174cc8337ec716bf7bef671ff759",1,credit_card,1,82.34
"989225ba6d0ebd5873335f7e01de2ae7",1,credit_card,1,63.10
"29899d145a05801c8075dfdfccf5c475",1,credit_card,1,35.00
"153f3406d034142db04fcb576d6987cc",1,credit_card,1,97.76
"5b03dc75d71e4a3940c88c4c9cdf6c2c",1,voucher,1,11.48
"616d980107c4a1d6b7cbc85cd40890e8",1,credit_card,3,39.00
"419de35b9f49a3e9822b8f09116cdea2",1,credit_card,10,968.88
d310bd7091e28dd1dd215b1aae78f9f5,1,credit_card,2,80.54
aee4a272cfe5c5e7d83360d9ad2206e7,1,credit_card,2,50.85
"86ddb141a4b75a77c2ed5893b02ee1f1",1,credit_card,1,58.70
"1f4b51173e5abe491422314a94e7363c",1,credit_card,2,143.99
e267e6d5b54bdbcd941f9c8bc4eadb82,1,debit_card,1,267.76
"33b85e6449a3f1684051b4a02f871871",1,credit_card,7,92.94
"09c0caffae8336db750e232298e4a574",1,credit_card,10,369.22
"86292405a21099d6258be8e7c39d78b7",1,credit_card,2,206.08
fb397abfa00c95e74168ecf1b09de4db,1,credit_card,1,84.32
"71d01b8be202039f218a6f2eb61e16ee",1,credit_card,10,183.91
"327ee18cf93b73d75911ca52f0c73ed4",1,credit_card,3,205.47
"2edf4dbc4da7d9813d86079ebd0b7e7b",1,credit_card,4,45.53
"91df6f3cf26d70ab6a918d29d0a0b906",1,boleto,1,31.96
"2b3c07290f8f2e99eb7f2201066b75b7",1,credit_card,3,130.06
"54b7ba0e3a2e8a0f9f68011432a52575",1,credit_card,3,91.18
"85c4170fce54fdeff14d1bdfbc01ccb5",1,credit_card,1,33.75
"27438ef67f15928318b5aabed4908e74",1,boleto,1,40.68
"71b99494e76e07a7deacaf4cba75afe1",1,boleto,1,77.03
e8b777112a2c5482e9005c327997cc21,1,credit_card,7,95.56
"05104976125ea1e5cc04bc1f506a436a",1,credit_card,3,217.22
b13cadb185f2bb978f8d4395bbdb496a,1,credit_card,1,126.76
d0d0beb416cef186261cf1f2287bef19,1,credit_card,2,79.72
"961b75f90f3f09b0b5b5526073ec83e7",1,boleto,1,64.50
"49ca71290aca256140005165217e2644",1,boleto,1,65.63
"866854be801db6f81ba03727c03615ed",1,boleto,1,47.61
e8a4ded72862189ee71a1a102a072685,1,credit_card,3,343.77
"16c2b4477b37b68095480c82b5627def",1,credit_card,2,107.78
"0c9999fe81fb2cb90e1f0456c15759e2",1,credit_card,4,279.04
a535e0a8e571efd2e1a7aff5a7aeffee,1,credit_card,1,87.03
"768bb5189d917642e1ea949aa69c553b",2,voucher,1,47.15
daf946e879dab6e7e6b3f968297c3fe3,1,credit_card,5,56.78
"1b5bd1070a7857f30e0856e204f30f25",1,boleto,1,46.69
"6fc7f9a5ce44ab38483dcf761802cb7e",1,boleto,1,30.09
"801d980e779937cd76e2cb8de056a680",1,credit_card,4,207.94
"39948b49e7e68844f9f5a31d12a3c4c6",1,boleto,1,294.32
ed8ae7b87eac2abe38acc8471343053f,1,credit_card,1,27.38
a20d81c1358e489ce9123db03486eeb7,2,credit_card,10,161.38
"6a40b826639898f295c28154b2adf921",1,credit_card,1,44.96
"259e299cc556bb5b8d8412cbbc257306",1,credit_card,3,78.70
"90e2de5e3c7e68c82623b0bdcfc301b4",1,credit_card,2,84.36
"464903700caac1e06ce732afb660cfe2",1,credit_card,7,79.26
e43abf9982299e5688c4848401c0fe83,2,voucher,1,106.98
bd47e5f8eaab83d29f99b4079683de37,1,credit_card,5,87.96
cae3d9146c1c3fa6eabd01c19c1dd9f4,1,credit_card,10,603.84
a5c3e339ecb35902c6bc09a876ea430f,1,boleto,1,39.01
f3a03d67d9788246863ec5fc76716777,1,credit_card,3,112.81
dec8a288bd6ae97892bacfc5574a451c,1,credit_card,1,141.84
"719beedd6c2193b3e1e1ea1d2706eaf1",1,credit_card,1,88.20
f85b51024ff548e07b08c7cedcd1a0e1,1,credit_card,3,294.54
e4f9b25439f4bf809c79bb4d2ce089ed,1,credit_card,2,48.43
"9f158c87c1efef80cdc83375b0709f52",1,boleto,1,32.38
"211635839640ec89714ed4410c5d9eea",1,credit_card,1,33.16
"9aba5a261ecd7b4c4d324ee1ab55cae7",1,credit_card,1,32.37
"2663ce3526465b7ee9809428adabdc45",1,voucher,1,71.61
ba4fc1372578f794d63fb9eccd7fae96,1,credit_card,6,136.59
"35431beb6e4dc0ce4426a0c9ecac0640",1,credit_card,5,102.10
b70c582d2629b16c2612288f487c3b71,1,credit_card,8,204.15
"5e0de5e6b42042ea6e00e3d07d4aef84",1,credit_card,4,86.97
"0347673d14e454a696bca6aebe61f23e",1,credit_card,4,85.92
"1dc1eb95861df4745ec5c863b93f9691",1,credit_card,1,23.72
"0cb316841c24af560f6af0e3fb36137a",1,credit_card,7,343.88
"25a36e7aae91280c6b8a389ba7585046",1,credit_card,5,86.74
b902f0200c95094acd2b768bdc56349f,1,boleto,1,65.88
"23c0ee95c373bc03c130af0736cb6101",1,credit_card,6,180.59
"11bbe550dfd1d9963bed46d85c6028eb",1,credit_card,2,114.44
a515e33fab03f40fa9ceade70d3fd725,1,credit_card,2,56.78
"9df7c08a42d7b4f7a2d7c743a14948f8",1,boleto,1,64.96
"6d1e97bacd68745af282bb942bf82a6b",1,credit_card,8,148.53
"38289de96763d9d81470f67583f4b2f0",1,boleto,1,76.15
"0945dadba69dad599e42c31e78450de4",1,boleto,1,1260.76
"6b8a03d40f75b75ec65ed5ba13d80f95",1,credit_card,4,1482.42
"3786374eb6f56d00e96bf7511002cd00",1,credit_card,9,643.19
"261bdcab01e8f8ebcf82abf1c64d9501",1,boleto,1,203.23
"643916742191b1ca29968acfeccf30ed",1,boleto,1,64.10
"4f9a5e34b38f10ef71c5753cc953be3a",3,voucher,1,19.93
"312bfb221da51864b9fc4b361542ee5b",1,credit_card,2,617.79
"5976af9c3477baa56327f8140e7f7996",1,boleto,1,29.95
e3e77a472278ddd0f93e5b1391db15bc,2,voucher,1,97.50
f2a368e50c1c94d8f9545b80031f0e7a,1,credit_card,1,51.82
c2320c404179d2b8805c42b8b8de9668,1,credit_card,5,372.18
"49aefd30af1b6402e41a7bbcedd42e9f",1,credit_card,4,158.30
"596f8123fe4a804da55175cc9c0a2a12",1,credit_card,10,341.33
"06ed17679c8b0ff15675069ab6217783",1,credit_card,5,177.44
"864bd5ba759c631c93986c49f5c42168",1,credit_card,10,173.52
a42c28ee1f328251e9e8ae60f7963571,1,credit_card,3,39.60
dc183ce4a7e5a8eb1e5f0206b200299d,1,boleto,1,52.59
fd84aa1fc4c825c367cbb777d82e5a2a,1,credit_card,7,74.34
"64ffd968be8339d1911ef7957f314421",1,credit_card,5,56.78
"13c4f7497ce2f3ae34e441c7514215f3",1,credit_card,10,1043.51
c881f8c42d20430b008bf5ea6abe4405,1,credit_card,1,365.20
"11fa0235decc84fa20b516ab7eec74ec",2,voucher,1,76.36
e980e6b7eb7563bd75881a2f323e3e78,1,credit_card,1,38.01
"34e6d418f368f8079ae152bc178bc66a",1,credit_card,2,48.90
"0a2fff457eab3cadff378f87851dac15",1,credit_card,10,104.79
eca75747f628939976e814e7972bfea8,1,credit_card,2,76.65
"84b8ccb93163852a97e44c7fb051a785",1,credit_card,1,263.12
"1849f999e825151d7fd632cd119ea64b",1,credit_card,1,23.10
"9e488299fb7e4dc6869975e2b3e9302a",1,boleto,1,87.41
bdb80b7777496dacc3cc07faea6aa04d,1,credit_card,1,90.17
"877448ea783b661571099dbd672a4fa3",1,credit_card,7,456.15
"4e49c4d84e4e416dfa56e61889b7113d",1,credit_card,1,57.78
"14ab59654dc1a6eed3e374b6adfbc893",1,credit_card,1,69.05
b72cc1f71e3b599e3d2e7c4a41f6ea07,2,voucher,1,50.00
"16531229b848e54d09da87453688db0d",1,boleto,1,278.72
"6d511fb14f71de9ba65c6651774e75d9",1,credit_card,10,113.28
"54f9756bd9148ebde702040750fa59de",1,boleto,1,106.25
"4409219388d83b4e077e0537ac46ec0c",1,credit_card,5,108.46
f5b3a06b2ac88029188565f5e8bf4347,1,voucher,1,79.24
e71d2b91255cddf5f4c05e326feea79e,1,credit_card,1,37.90
be035da013bb467f707ecc6bbf8575c1,1,boleto,1,159.75
ca23ddf87cf569c651185e5ad2628e2d,1,boleto,1,93.07
cf3953190a955e0f2e4a8552279713b8,1,credit_card,2,24.77
"517ec0477360f210f8d3cfbfd5644a22",1,credit_card,2,174.13
"10016b700b98966403aafded9f2e168d",5,voucher,1,3.47
ff0c21ce499842601e2ad5f73dbfb9ec,1,credit_card,1,142.43
da1630ace2e5b7e69a1bbe87059a4286,1,boleto,1,106.85
"62e32bcad390a6d5236b810ab2034edd",1,credit_card,1,120.08
"58f5801ecbeec83b70c32e4afdc5582b",1,credit_card,1,167.79
"15cb7635b3916b4066beb14c7733542e",1,credit_card,3,150.69
f12da93bfc1ee01030cea1345a142abb,1,credit_card,3,32.09
"79832b7cb59ac6f887088ffd686e1d5e",1,credit_card,1,79.56
"521e93507df5620aaee015ba441ec756",1,credit_card,8,504.11
"7da6a06739b42989ec5e12d459d84b18",1,boleto,1,54.73
"93e7c3691fb66f8e336d76b73d006cc1",1,credit_card,9,450.53
"3ecb666eda6d2ebb9348dfc65c32252c",1,credit_card,1,166.29
f4f8eefd039e279c8fac5a307cb469c3,1,credit_card,9,97.81
d3514b69ed01da5883fcaaabfe29453b,1,credit_card,8,359.19
"1b36920ded6f3aa566e53f04957af0e7",2,credit_card,1,51.17
af04520840ea8696e133b88c7746459f,1,credit_card,2,28.18
"1612081119e8f23745698ad3367cc14b",1,credit_card,5,117.48
"09ed65e35d505a8ce95a82e5c0d1dff3",1,boleto,1,138.21
"44569e91b30111309ef6cdca8bfaaca9",1,credit_card,3,237.00
fc956251c8eb3a139e862178fe18b68d,1,credit_card,1,41.00
f6d9a259f1d0e93273707909a8e59fc6,1,credit_card,1,36.35
"1b60ece83b00bc1f24db33620b942d2f",1,credit_card,1,73.34
"70af58ec6113d2f1bb7f6db857208687",1,credit_card,1,36.27
"102ebccc01b5cd4eb79f11133037ce38",1,credit_card,1,97.96
"9244b03b112570e6f798f37c7eafe1a6",1,boleto,1,91.51
a6859146a0ab98919db0eb3f48940ab8,1,credit_card,1,119.57
"897b4da63b6edde1a33a9fb7caf1dd10",1,credit_card,4,330.48
d224ba092ec1cb38bf389f3a5b727054,1,credit_card,2,54.21
d821b5e67b0018013d207479dfdfccd6,1,credit_card,1,72.07
"4209ee3387ac1d2f5a5569fabb412118",1,voucher,1,139.52
a6ecdcdd328d131fadda339f95ca1705,1,credit_card,9,125.42
"5a88502f6bbc1f8c972aa98c64830616",1,credit_card,3,103.14
b93bb71b5e2443566763aab6cc80a84f,1,boleto,1,73.50
"3d451284c2eb1fde30c16195e8f80fc4",1,credit_card,3,155.18
"20659f110925368e86835f912f0507ac",1,credit_card,1,28.88
bf59031b111d726792fe47666cc55ed6,1,credit_card,1,48.30
f8685efd22f782429c5af415cf7d3ff7,1,credit_card,1,89.60
"434f7a628e876492870a0849b88e007a",1,boleto,1,324.82
e99d985e66dc0f62859946b86b5beaff,1,credit_card,2,47.34
"9b80fe8a497834eb67892e43db08b915",1,credit_card,2,66.10
c5715ae9ef034f7036a9de7a5e9d858b,1,credit_card,6,320.54
"976c01e78300a5b3acc01596aef7cca1",1,credit_card,4,213.31
d776bd888cec910433d34b5501ebf2d6,1,credit_card,1,233.63
"1f91f6048baab1f573d3657d38e16137",1,credit_card,3,129.01
"1db48820d18841e3330e5721352b9387",1,boleto,1,129.98
"2c434ccd3ee0da607ae0d16400de7bea",1,credit_card,3,202.50
"3ab2e0cca7a7831b28bb1bcff404f6c7",1,credit_card,7,356.11
e1019f2695c5dab494b7efb92c9a0b6f,1,voucher,1,32.96
a2c2158d6a2596315ca45703207e97c4,1,credit_card,1,175.77
"635b67e7a17b4d236c63d1caa46d23d0",1,credit_card,2,77.57
"99a3d4b1228bc02abf9eec5d9a7a742d",4,voucher,1,20.00
c96867b4091191ba74279fc255656525,1,boleto,1,425.07
"369736d4fdf5f12b5b823fe2abb3e485",1,credit_card,3,72.66
c2915f1e4570dc14bb429295f925507f,1,credit_card,1,458.43
f1da12bb1c455443de52016c3b68e1cf,1,credit_card,2,45.00
"299c93716e44a3cc7521ffd9b2db1fc3",1,boleto,1,27.28
e4471c01969de94c38f855a80f807490,1,boleto,1,84.66
b4e1a9081751ca0bd48a05c1a31a5f46,1,credit_card,1,131.44
"9ab97695ca406864cd1540e5b4b5d144",1,credit_card,1,38.29
f47658421aaceefba81600b78cdad724,1,credit_card,1,36.00
cae658eaa7b31300181f816fb895190c,1,boleto,1,35.77
"352efae32a170aed9747e4c117ea2fa1",1,credit_card,2,154.55
dadcb1104ce71e829a38e9157aef966c,2,voucher,1,75.89
"442dccfb1443cb7035f2b7810f974dd9",1,debit_card,1,175.36
c69b33391f7f4c19f7aea12048bcd5d2,1,boleto,1,93.88
"25df55b3cb298807a64158bf3b4d26d1",1,credit_card,8,158.79
"7c971e779cf367c04e3621cc1b81e352",1,credit_card,7,71.01
"4b9359b6bad98027f7a428063413d090",1,boleto,1,78.90
"3f385ecc36597ee0221d131e42725177",1,boleto,1,149.74
"3742e108eff3341dbaa5e22f6e2fd38b",1,credit_card,1,50.00
"2db65679ff1d05444ec29ab329f8ae82",1,credit_card,6,116.06
"25fb291455f02d9da22d17fa3a1afd23",1,credit_card,10,544.92
"77b1fb852c170c3b7facfaf20083061c",1,boleto,1,74.16
fba547ee0dbc8830f00e8d3cc83bf246,1,credit_card,1,39.15
cc07a8fdd3a8e94d683c8142a117dbc1,1,voucher,1,137.60
"3958b17a88c13dfb60674b04bc79168c",1,credit_card,1,3.70
"2f2f32084f6b6ffff53044b351790b7f",1,credit_card,8,357.58
fa4eeae144542e75599b6c80c63ddcf8,1,boleto,1,242.12
c6bbe896f3c4d0cc5969d1e46ecab29b,1,credit_card,2,71.53
"43cc7aac762dbd5d93a8354a946d85d9",1,boleto,1,140.47
"92fe9f93b7bb7a99f55be01fcd629140",1,credit_card,1,23.72
"620b5f7f730ead80c8dba1202716a29f",2,voucher,1,9.39
f3fe458f9ea7468f40f3c535818a7e80,1,credit_card,10,122.21
"78f74e94c8a2cebb5d569f483d54e8be",1,credit_card,3,54.39
"8d99000d8edc9aa445a270e29e85fb05",1,credit_card,1,39.52
ccfed873cb913a60c9603cfe245060ff,1,boleto,1,82.22
"80eb061ace1abe7c2ba1828e00492f23",1,boleto,1,122.32
"6c2df403c867a6aa913b387d92999d43",1,credit_card,2,163.08
f2991816555a193c68d97e39cbc85277,1,credit_card,2,161.35
"0711b9c575a5235790c3f863179c3267",1,boleto,1,460.47
"3af58300549c324fa418f079815fc952",1,credit_card,1,92.97
"2fe3ee8c60f4a3c45135d7d5540e21ac",1,credit_card,1,47.85
"83ce097e3397deaca1b9af25b0e0b469",1,credit_card,5,153.31
"7afe139c6b60ed4db2f7a6c8bdde0231",1,credit_card,1,52.13
e32a6fa7755b372afb5f1bdd5f65b6b8,1,credit_card,1,53.72
dc2c0025f3f86a410c2bc10ba8f350d2,1,boleto,1,25.13
"3dec8b48a2ca7a9568f4c63cc3fab4f1",1,credit_card,1,32.51
bd6dce6c4936210f8fd197e2ba523fae,1,boleto,1,631.71
"0fa927b252421189a0e0d5725fb3832d",1,credit_card,1,1.33
"243a969145fd8c5e4b6789857fc5d877",1,boleto,1,62.17
"19cf1ad54fe41157e76ef5f1fc4eb56f",1,credit_card,2,64.76
ed4702d5c64be8a78291b25080218bea,1,credit_card,2,99.90
"643254f7c3b88cd268ca4524452c265c",1,boleto,1,23.19
f779310b7f128b2b1eebc444c867c5cb,1,debit_card,1,42.58
"2b1313fd0314bab6ab57ffc7725febdb",1,credit_card,1,27.62
"865897de02d9ded27e7598dc5013f98e",1,credit_card,6,118.98
"019a242bea1553b3b7e12bc38cb57a23",1,boleto,1,368.52
"768e562205a3f907b620aa6f945f596c",1,credit_card,1,117.79
ccdf8513301e655dfe3d56c014952cd4,1,credit_card,8,80.11
f91dcb4d9c1f886ee0e187dba0de6828,1,credit_card,2,101.00
"0e44e7b0102a1f19aa9d7643e45dbbdb",1,credit_card,1,171.72
"1f57e9ff5f61f27154f91721393f9615",1,credit_card,1,38.00
"30ef7c120f099b71e0e0eae30f95c954",1,credit_card,6,126.26
"58df776da444438e064d1e4910f8be87",1,credit_card,1,63.44
"71e65504647428c80f14efcc2a85f666",1,credit_card,4,137.60
"3498a243e9fe88c9c4ce97bf7fa4617c",1,credit_card,1,28.64
"4cd88e929bc2c3be1b5e48b3a4c1e287",1,credit_card,4,133.97
"4a3b3a1333c6468be0917515b6253108",1,boleto,1,68.88
c297f4fecff2d1898ed5266cd2c22b29,1,credit_card,5,175.87
"35ea7e8cd3593d3a55da91e19ae87acb",1,boleto,1,293.36
"2613fb342bec59126f9c5180a5bc95ec",1,credit_card,6,62.59
c9802358e22624de37bfa2d8cee30297,1,credit_card,2,83.63
f6dbdcbe96b4cd2904cf75bbda5c6ac1,1,credit_card,6,87.92
"9f6f7bafe618544760073fbd384bc007",1,credit_card,1,20.03
c9fb7a1e46a9fa7dc0b77b65935cde71,1,credit_card,5,178.27
"0942763b4318676d85b3185d80f57cd3",1,credit_card,6,267.18
b01d2b10f2ee7aa7aad90c41c372e2b2,1,credit_card,3,195.00
"3befd8331efa9255d2e09585a7042fc3",1,boleto,1,89.93
"81378cf8e638ced3a370966f23a32ca4",1,credit_card,1,127.92
"1166012db74ae7b2b443c002e1c0c019",1,credit_card,8,366.91
b40d597f0eb58c117cb5d9e424f10426,1,credit_card,5,165.70
b4db538b7e17b5575cfdc4566a7f36d6,1,credit_card,3,39.24
"1d6bdccf67319c766b5d8ad06121a158",1,credit_card,2,141.63
"18fda8c87fb70dfe4ab751acd63e39ff",1,boleto,1,222.80
"394600fad8c925734a04d88f935395e4",1,credit_card,1,65.00
"0f14db1abb2772e95d78a72c30d69678",1,credit_card,10,155.60
"0e79e80abdb81ad5003ede1e8d4ef4e1",1,credit_card,5,135.77
df7094f1423b702c59aaf0e978752650,1,credit_card,8,432.26
f60e24afa1a33daf8c332325bafb1687,1,credit_card,1,45.08
"7f8f6e7d331e83effb58aa14f32cad44",1,credit_card,2,29.12
"261d62f3e26bd7761b0421b16e91653a",1,credit_card,1,20.30
"96acc057158c055d3508b8379df12cea",1,debit_card,1,184.92
a5f747164d57e9cdaf58787ec8158e9c,1,credit_card,1,241.69
"9d5cb249282fe0755163341be5939869",1,credit_card,2,68.87
d61c57ca1a55ced6197d4f0c6da594e8,1,credit_card,9,982.63
b68657d2b49e65f89329eebfa2742203,1,credit_card,2,165.95
"767cc814433df2750747896ffc066766",1,credit_card,2,389.07
ca03e4a81e799aa7d57d3c2c3401319e,1,credit_card,1,37.78
c7e5f8183f0f4c7cc783a31e32679e8b,1,credit_card,1,88.49
"2a37ffacefea8f1b482d7126c58d7de9",1,credit_card,2,29.22
ba63a64d0aa1576c6b826428f476da1d,1,credit_card,3,286.05
c72340047105422e220e980a8b0ab3ee,1,debit_card,1,43.87
a338e253d44a1df47d96f51106cf74dc,2,voucher,1,100.00
c63f4a1a51b78e8b9c14cae50f2e1817,1,credit_card,2,315.84
"078c2d9bb7e5905e870838448db0d3b3",1,credit_card,1,135.28
"98dd966a1e38eb56010bc5d422f3d3ce",1,credit_card,2,157.98
"5f358d797a49fe2f24352f73426215f6",1,credit_card,2,77.61
"81a8c2a67e03e35119afe31d8c1d7b10",1,credit_card,10,739.34
"3f9a35a487f683b49672e20b9343cc83",1,credit_card,1,90.88
cdeec5de39a62045ad7edd0f00cc8858,1,credit_card,1,64.11
"9439142ac9f68b5cfaa4bbd1e2052ba0",1,credit_card,4,149.86
"5aaa1fab54b179cb7c048131f1ea8f78",1,credit_card,2,94.40
"7c0fccdcd5978f52b402a916980f127d",1,boleto,1,30.28
aea0db338150b526dde24f6fd953a5ed,1,credit_card,2,113.34
af4812c0286cb623517321205ffb5d1e,1,credit_card,1,26.98
c95bd943761b792191f6966a3691fdd5,1,credit_card,1,28.08
b7664cfd894b776f4c7743e5e2fb917b,1,credit_card,3,195.95
"107184b32040eb4fb9bfad381805d105",1,debit_card,1,232.24
"6aaedd714ad6929fc4df8d51bd4cfe9a",1,credit_card,2,50.12
fb260abf14e47c95a0b19acb1ab3ed43,3,voucher,1,14.06
a67d6881ec08b5e0258c05357bce8516,1,voucher,1,59.00
dcdd1d6c661bf3e70d6e9d12cbe0e35a,1,credit_card,1,233.92
"8dc23e32f69367ed60a8fb3979e3cc48",1,credit_card,10,114.58
e375d0d9503a5e95db66e6a83833b5cc,1,credit_card,2,81.99
"54f0988d1c9f5f7f90410c09b2cbc6e5",1,credit_card,2,70.14
a398fa8a473ac89d43aacae1d3e1666e,1,credit_card,2,168.80
fbe1b2aeb4cba6d2bc309c735a062549,1,credit_card,2,136.93
"6295deb0648081b2c69f620033fadc33",1,credit_card,4,111.35
"73de1db8eb6e493c5a6ed60c856a2076",1,credit_card,10,405.45
"9e1b037882254a396408181e76546b01",1,credit_card,3,46.29
"5afde427b56e7f939052c2f2e54c628a",1,credit_card,2,63.99
"96a75e828fbc9c621023e65e7e8dd946",1,credit_card,8,315.74
f9fed19b3b66623201e5b3de18baacf6,1,credit_card,1,135.84
b4546ae2e1dcafe9a6afa714b0ad9921,1,credit_card,1,83.25
a5e4943ec70814fda473b21faaba42cc,1,credit_card,1,29.77
"2b022b533c7e96c66a5d9e2539065bea",1,credit_card,2,135.08
c506776ed3d58a361a80072d7f97aaa5,1,credit_card,1,144.49
"17220bb11a8bc3ddfe388dedfe4e4de9",1,credit_card,2,88.00
"719bb3a1ecca0dc38551f11cd181cca6",1,credit_card,1,98.90
df14f6645d1232e2c0e88fd8566e0a87,1,credit_card,4,117.85
c1bffb64e9e46207fa132a9a4f4e1307,1,credit_card,4,92.32
bc3fe72748b0db594e369b6060b1e34c,1,credit_card,1,154.63
"2816b0ec050fb4a136c32a6bda007a91",1,credit_card,1,130.85
"3f6a8913c968855b8dd129dabbaae898",1,credit_card,3,39.60
e12b22c34034589b6eb958933031f6df,1,credit_card,5,429.29
f32ac9e04d057c043017dc54d5fcd9da,1,credit_card,2,108.41
"22123477211e85bfeb19060481d02135",1,credit_card,10,109.72
"5fa643060454c5e14a75113a3800b787",1,credit_card,2,123.85
e5bcc19af03dc9c714d381752e9f724f,1,credit_card,3,355.08
"54e30fbd73b01605796983a14e438a57",1,credit_card,1,115.50
"6b8c62c594c79c27167d9337676cd93a",1,credit_card,3,1157.66
"206d1a13596872a713dba14504fdf699",1,credit_card,8,286.45
"494b56f3cd3d768dcc9451e48c8ee165",1,boleto,1,35.13
"6dc5773abc829c019c8912d3993bc2c9",1,credit_card,10,165.71
"920756b1d71382fbb42a0e9fd5b7e31b",1,credit_card,1,12.75
ae40d2ac0cd2d22399f561044c426e8a,1,credit_card,6,66.89
"0869a3c8a1dd07c13e4847627fcc704f",1,credit_card,3,32.00
"314c573c3c333b3bfdaf1b7821642d39",1,credit_card,1,48.00
f41b9d67732ba2f147a193ec9d38fd69,1,credit_card,1,37.61
adc792b07aa3cea4f62946c3c00c6274,1,credit_card,2,113.25
"270044e25a104d6ab5daf7369e33779d",1,boleto,1,62.65
"190557ff9eb3797082b5279359cf7bef",1,credit_card,1,88.72
"90e5ad6118ea4ea07eb9de3aa9c698d2",1,credit_card,4,91.78
"383adbaf853206e2dea04ba16c94f20a",1,credit_card,1,72.99
"5f5a9ba3e0190ff4773314db075b930d",1,credit_card,3,59.64
fbd089d5e60178e50dfa3b157adc9dd8,1,credit_card,3,82.38
"38de766f3fc1c31882865a217ecf15db",1,credit_card,1,46.69
d30cd4d738037d90f4ff23fd3805d278,1,credit_card,4,188.06
"27c9fc42d3018c63a19f1c85d55f4939",1,credit_card,1,68.43
"4f899ca2d40460c7af01f7edb20f9bd7",1,credit_card,1,95.51
"11572de9a5e342dcd81a2843b998d4d6",1,credit_card,3,51.93
"4a21e3eb07861993fbaae74314b0d224",1,credit_card,10,1472.47
"219170fb08f8e9140c121645abb11cd0",1,credit_card,1,15.39
"19d3baace748a12b60b7c0901b11a285",1,boleto,1,96.43
a727355acb88d9b3e6e41fb2e3888a0e,1,boleto,1,27.30
cee5a8cb995db00cc6582d61fb8f63f2,1,boleto,1,35.77
ac706ac9421036e88d5b2c96b058aba6,1,boleto,1,98.85
"5b908ef05527e15afdc4a901b502d54a",1,credit_card,2,180.22
"773faf2cf389b73fc799394b721262cf",1,credit_card,3,301.63
"40cb5e00d417c4057d5253c48b887267",1,credit_card,1,32.23
"68fa78470b45315a116015f3f6bb75fe",1,boleto,1,123.81
"72d44473e1527dda73c900bbc004f294",1,credit_card,1,199.24
"36d80fa68ee43c6ee60518067a8d667b",1,boleto,1,153.10
"43a9357b0136ea0479069accd5ea0676",1,boleto,1,173.84
"91375775b1203d41f95ade228721b3a5",1,credit_card,5,77.50
c143d4b65e016cb4f04c7a723a4f55ec,1,credit_card,3,96.05
"5e52347cf930a594b49921ee25d22742",1,credit_card,10,294.70
"7fdb63849c1ce634d770fbf407dbca1a",1,credit_card,1,171.00
"158a05ea7d6a7268559ca2f97476ee0a",1,credit_card,2,114.44
afd9fa0beb56962662a48ea1ac7c359c,1,credit_card,4,42.05
a0fa0b83af43ae62c675850384f13cdc,1,credit_card,3,49.10
"35a54a3bcc71cd258454f11c9229e9a5",1,credit_card,5,50.00
b9d42ba20409a35fd5e832fad2beebd5,1,credit_card,2,132.95
b9281185de46b37d1c9f6dcef2f96cf0,1,credit_card,3,183.43
"039d7fb9ace69aed37b1baf88ff01cb0",1,credit_card,5,367.57
a37e262a26000281d0ade3b4eb1ce1e6,1,credit_card,10,105.45
ae22782cf445d844e7347f15faf491bf,1,credit_card,1,94.72
"17a1763cc4982f5c4ef732af7c6e683c",1,boleto,1,43.01
"4f76b593a77720e6048225aa1705761e",1,credit_card,1,66.13
"53c0c863b0a9d78fbb5c355a137366dd",1,credit_card,1,99.16
"0c5f42741cb893d18fdbdce191decef5",1,credit_card,2,139.02
"4bd5b58c7b8331304e19d3fce19b9942",1,credit_card,3,178.89
bc64222f8431b055190650c8778f6efa,1,credit_card,2,102.87
"022aa0edf94712a82983961b98e4a9a1",1,credit_card,6,112.09
e4140f1a5e60f4ceb4190546f710921f,1,boleto,1,187.60
bbabc62c81566b606962e10a6f96e9c0,2,voucher,1,213.65
"642ea6e274946158dea23ad0087bff93",1,credit_card,2,118.35
ae77bc9fd712a08868ce009300d88bbb,1,credit_card,1,105.59
e288eff5f9db507c90e43976f4e83a5d,1,credit_card,4,96.94
ab8b6341a925e22523717681a8e26ed6,1,credit_card,2,162.55
"1f0ab4d9a83fe935e1e0bf1061890186",1,credit_card,1,27.19
"6adb69c0a8d87a08560f83649413742b",1,boleto,1,92.59
"9aa6637f278e37448385a4293706e8ae",1,credit_card,2,87.90
"5d70582531ed37f284797ba1354e0c50",1,credit_card,2,101.13
acbe0e9a86dd97bd3819b870a4a60567,1,credit_card,1,59.34
ed4116f3f55e67e9a26b9f1891ba2497,1,debit_card,1,157.57
da0f627d7b76d59598f9b85b3745d2f3,1,credit_card,1,35.00
cc7d45cd59dd03882eebd5df8bfa1e58,1,boleto,1,306.79
"042f96d01e1471ebf86650ae185a0746",1,voucher,1,23.29
"18987e54897a1baddde716aa4a01639c",1,credit_card,2,126.69
d3e0a0298be4e950a2271ef880d8e1ff,1,credit_card,1,92.55
cb78dafa7c2ca5d9eafdc6f02cd4f3b7,1,credit_card,10,814.37
"26f966daec24841bcf1e1d17783c5ea8",1,boleto,1,136.08
"62a86eeeb3310889c048224de16767e5",1,boleto,1,336.24
"64a8b3b4c19751b51d211deb32fdc67b",1,boleto,1,53.19
"67125a02929ae733f8087641f22c6842",1,boleto,1,42.27
c264a164325d23f657477ec6c1f0907a,2,credit_card,2,333.15
"3569dcadd0374718b87bead0d7241d6d",1,credit_card,1,35.45
ce363f57a8d2e65231452918eebd5391,1,credit_card,3,122.88
d1d85d0d469cb9c26d7f8ee944c92cf1,1,voucher,1,25.26
"20fcd5f81a0ec6102a9e4f1bd4c7c403",1,boleto,1,113.62
"029b2daf51dda061aeb1cf32c9306db7",1,credit_card,1,48.21
c4b6e7386225d1998cf863991ed1e47f,1,credit_card,3,157.22
"6657640ffd626be03509bc9226994b36",2,voucher,1,61.17
"10d5f0eaccc82a1edadfdf784a8c2928",1,boleto,1,37.35
"79398f97f77a8ba43fdb4e00b1d44cc0",1,credit_card,1,42.01
bf364cd2c5add23232b095630312a3c2,1,boleto,1,234.46
"1a46043f18f483b119bbeebb563aa77a",1,voucher,1,40.10
"65df8539acbce2e41ba3a4a3ce0a3470",1,credit_card,5,257.21
"2b7dbe9be72b8f9733844c31055c0825",2,voucher,1,103.05
"20080c49efc6113a519f37b79c88c375",1,boleto,1,21.04
add699884e555b7dc441e33f35ddade0,1,credit_card,6,106.57
cd2a97948b841f4702799b800b8e5b29,1,credit_card,8,99.04
dc82732094ba2671604e8a318714bb78,1,credit_card,3,191.23
a61202a33583131307321a09ff16a0fb,1,credit_card,1,72.76
f9281da15642bc69f27307e1dc987b30,2,voucher,1,53.19
afd221df311d71639bf0ae656fc819f5,1,boleto,1,57.10
"55ea42c21b83d2496cbaea27a33ca8d4",1,credit_card,1,201.75
"1cc1ac3bb7e6e9a7049ee81d4888dc4a",1,credit_card,5,102.64
fa65dad1b0e818e3ccc5cb0e39231352,29,voucher,1,19.26
f9649c12307baa46d80875cd558b3e36,1,credit_card,10,520.24
"4ffcc2f0e8f54f36e73b83db8d8c494d",1,credit_card,7,70.89
fa65dad1b0e818e3ccc5cb0e39231352,28,voucher,1,29.05
"34d0b73ffe40c22d8537270e7ffe7517",1,credit_card,1,33.01
"7a78a9a8b6fbd55b017d8d8da0e035ff",1,credit_card,7,176.33
bb217942f3a8142b20e2e509a6f8927c,1,credit_card,10,655.09
"1f3a59c2916b7d2ec5fb039cc15ea18e",1,credit_card,1,26.61
dd9768256f9f491643fb7b53fc193b7d,1,credit_card,1,63.29
a7068cfd6d38617e2a752a01e40230f5,1,credit_card,4,92.02
fa10306616d50d14bc0545758727f936,1,credit_card,4,450.51
a3b2201d0e95f595df90c26c8dae015f,1,credit_card,1,145.12
"0f934deb4f74bf5bb7a58232d12040dd",1,credit_card,1,123.52
dc03cba6a1d6cf5c28d1fde5dab9a0bd,1,boleto,1,2034.48
"209e55ebe1b6ee30b02a4c07d7fc0cc8",1,credit_card,1,309.90
"3d2538dbdbc283f9cb3e187912cf770a",1,boleto,1,35.68
d266e87fb98640ecbbe91425c76e72f3,1,credit_card,1,98.29
"67c98ded9839fea6b6482d1341517e40",1,boleto,1,77.51
"738c536e3bfc3c99dddffed112e89349",1,credit_card,3,279.08
"58edf3f5f282ab91e0f6a6f2b85af02a",1,boleto,1,856.16
"871bea8f483dd0a0884a96d0e8dc1ace",1,credit_card,10,243.58
"175dce49b5ee048156291ea4dadd9f57",1,boleto,1,27.64
d71ab635f3b4f2f570959c702bafd4b4,1,credit_card,1,62.37
"93e9f92250762e6181f2bcc1fa9e9de1",1,credit_card,1,118.48
ccf804e764ed5650cd8759557269dc13,25,voucher,1,1.53
f716dffba1232aaef7c899fb8c14db97,1,credit_card,10,354.35
"26747043797cafc1ab5026649fa0ff3e",1,credit_card,3,63.55
"985106d37edb11c738adc8e8b9fbed01",1,credit_card,2,108.19
fef00682c5632c29ceb8729e3314371d,1,boleto,1,173.57
cc0efa9953cfcabde1888ffca500b253,1,credit_card,2,140.58
f3da9dfd7e7fc1da0f3a6b4455969c04,1,credit_card,10,248.29
"124d67dd63d2412c950eadb79bf29006",1,credit_card,2,118.93
da522dc3ff9f13b252917d4615776979,1,credit_card,4,86.18
c3161a99d341124cd73a499963ac3a53,1,boleto,1,42.33
a985d695ba083a66246dd48086ad4cab,1,credit_card,1,9.99
"9d9d6000cf3720974ab8da03bcc741c2",1,credit_card,4,51.68
"80bb8e6802ed134ab01c6c5ac52f0647",1,credit_card,1,159.85
"2ce4f2ad6400bcf53505cb29f228755a",1,boleto,1,36.22
a65ca70a0647f6ec2e7b4a0a49d3a500,1,credit_card,2,325.89
"9cbbee2d6fc84610e720368c09517556",1,boleto,1,573.51
b29588205754e6941a713c653618a04b,1,credit_card,3,155.14
d98ac39e656f2ec3c692bb141a43f2ee,1,credit_card,1,65.78
"591d36e7f544036a8849e508414d2295",1,credit_card,1,79.58
"7742297b8ce3c16600efdeca04a70937",1,boleto,1,67.62
"92d79acdfb2573ac9a4560ae039355d3",1,credit_card,4,154.12
"44ed504dda677f0c2509cf533ceffba9",1,credit_card,1,65.09
a77e640490c0930838454624780038b5,1,boleto,1,743.27
"43792e0661fefd6aa82a64f601325ddb",1,credit_card,2,82.67
e4dffee41f8592aed45c0e12c872a731,1,voucher,1,196.57
"3716f40c5211dc25902ffd174d8d198b",1,credit_card,2,41.06
d27a9ded3675317af492f9c3449b8443,1,credit_card,6,116.36
"73ffc468078b5f3e2c4260065e5e5152",1,credit_card,2,131.70
"70e430723d15eaf320da7d163e736ed3",1,credit_card,3,47.32
c9af854c75c421e3b6f3de0336c7fe65,1,credit_card,3,162.44
"3b40ede283844ba0fbdd110f8a56792f",1,credit_card,1,70.07
"6c273b11e7a7b4b410ea29fac9769fac",1,credit_card,2,26.76
"5e429d7b3e086bc3af78f2f42b9c5937",1,credit_card,10,361.25
"1734eb8be40c91938e56f9d245b636a5",1,credit_card,3,394.52
"7db2d40f7fe194ac059ea82f235bf83f",1,credit_card,1,105.84
"84a050a9a90fcbfcf5d83858c583959a",1,credit_card,3,114.66
bfb6c9ff90e48e59a7de1a1686fd181d,1,credit_card,10,726.89
"83b11638ea5fdb78656168614f8afdf2",2,credit_card,5,235.98
e07be9c830655179490e2a5315782e71,1,credit_card,2,128.60
"0f28dea25f498acb1ab8d7f947c2ceaf",1,credit_card,1,15.63
"61f6d3c81710a644622f59cd9dd666bf",1,credit_card,5,153.90
"7079818788ceda52a3142be6aa82dee2",1,credit_card,10,868.19
cba3306126337d8de821145b22b9b0e0,1,credit_card,1,56.57
"54912035e047f9834df97cdfef0d2768",1,boleto,1,21.04
ff18b518679a92dcb00e16fae93c6d59,1,credit_card,5,172.30
"7368d87533725a6bef612cdc83678f4f",1,credit_card,4,236.54
"7a3b37948764cd3ae1bb7c332ee79397",1,credit_card,3,157.81
"785cf8b7a54061565b6c0cc6cfff956c",1,credit_card,1,46.22
"1e33a19435ce77958b5716347a102513",1,credit_card,1,67.85
"53cd36155a7bf507095985b2f26368a5",1,credit_card,1,30.86
c45408df26d1ce2b64518a9a9d65fd04,1,credit_card,4,49.55
df72ecb8ddf6db1e392ca1f148fb8f9c,1,boleto,1,133.46
"95266dbfb7e20354baba07964dac78d5",1,credit_card,3,187.57
d7f0f03f8aff02c307964f1ecb044a5f,1,boleto,1,129.87
"7f539983cfeeeb17fa4a9bb2df43d4db",1,credit_card,4,182.86
"2494ccfe0d97cff8d4d013ff250d6e3a",1,boleto,1,440.73
e19716dcaffd3aff2c817ff10b8ed1fb,1,credit_card,4,137.28
"26bc5ef62b82a4329284e5b177e34e9c",1,credit_card,1,58.37
"992e5d6c51707533e0be958b2e283373",1,credit_card,4,43.09
"316c3d2d083fd55435c0ec00cae49716",1,credit_card,2,77.97
"8a6e531dd83a94dfe1d87985dd6c4d95",1,credit_card,1,35.70
"61e94ee01643283937897275a00ed8ff",1,credit_card,2,165.12
"78ce488a8f58dbbb19e93dfd9d8d07be",1,credit_card,5,115.35
"65d304f392228e0b497f19d67ac76d90",5,voucher,1,22.23
"7359dc1b2795acbc7d4410fc336236ab",1,voucher,1,20.00
"1c009ae9a7cb56b9ea28f3d93349b8f8",1,credit_card,6,60.11
da9e49f2e3064ed64f05c5f9e32ec773,1,credit_card,2,185.11
"444cac26abc4e08633d89fb741c242d8",1,credit_card,6,64.23
"666a7787fe64880d1ad7dad0e4988ab3",1,boleto,1,80.09
"2b8cfbbc8cc119621295c6a6028fa7da",1,credit_card,10,251.82
"1936ad02cf90caffb1558f148050521e",1,voucher,1,72.71
"26afe95380acef2da970a89cc128ebe4",1,credit_card,10,207.63
a85c8521d3ad60bf120cbacb00e099ce,1,credit_card,2,134.42
bd2aac1b602c3145efe09bf634bacd72,1,credit_card,2,143.28
b7994d35101970f5e1a4621fe05cc1e9,1,credit_card,3,99.43
"5c533da06d7dfe10d9d44dbcc8bdbc6b",1,credit_card,6,185.88
"4392f572045f074cbfacbb5757ac5405",1,credit_card,3,38.94
d864a779606f422a7afe050dd25d7209,1,boleto,1,492.84
dc96a12713fb7cbfd8feac4ab0b8f2a2,4,voucher,1,30.00
"5e4ef21263c26f393f06c68bb2ac73c0",1,boleto,1,93.78
"3928bef4d3f8fa821470cf243db72d24",1,credit_card,1,74.17
"4c775eb488939cb0be0ca90004e2f37a",1,credit_card,10,264.86
"089e38da3f1d828e95e2117ba84af02d",1,credit_card,2,170.19
cd747ef99d8317de4ea4eda3de915865,1,credit_card,10,166.23
"573ef5595dd0028826051b99f5306ad3",1,credit_card,1,73.34
"4a0b498204bb56ab863db1f1acd84288",2,voucher,1,133.98
dd082c5f38a7001c40cf57a14f1b3b34,1,boleto,1,213.75
d40934bd791cef9f61becafd56317f6f,1,credit_card,4,94.84
"511618fe3d5724a254ffb7ebada30e0c",1,boleto,1,111.43
"650301bf72680bf7f46369e5059b95e6",1,boleto,1,46.90
"8277c9870ca20fd07d7d1a77992dc20d",1,credit_card,5,163.80
c230f6e954ab2b2aed5ad7458d539258,1,boleto,1,139.47
"3c50df1d72d2138948a5e64fbc4a2b9b",1,credit_card,8,84.62
"2e266d1d2bf4cdf6d74ee51b92bab016",1,boleto,1,173.88
a8100cbab69c8afb050a57b02ab6f73d,1,boleto,1,957.42
be6619cf0f41dbf6491aafc3b5a0d638,1,boleto,1,192.64
abda5a07e6be93929ff11832648683fd,1,boleto,1,55.69
"7b70e6de1d128a5d14fa078e615d837f",1,boleto,1,188.60
e68fc011bb042df40be9a8a5c437fc16,1,credit_card,3,32.00
"4fcf0343be51fc2442adc4af890c8183",1,credit_card,1,233.45
"438b46304b3217ea878c63aeb5b98f5d",1,voucher,1,196.41
"00cee8a4dbb042385cbbd84699e78b2e",1,credit_card,1,69.07
abc2ac9a5bf7f1a1c88d6f243d7ec3fa,1,credit_card,4,217.59
"8e6c25f5e4548a8a880c0339b15b8ab7",1,credit_card,10,400.44
c6efe3501b6b0b18cd47e3532faebc93,1,credit_card,2,113.62
"94a6ebbfa1179d1c4fcc0eef4e3f423c",1,boleto,1,146.02
aafbb7deb8b53a1b559f530bd24ea506,1,credit_card,5,57.69
"570a2d92be76532681e5a09ac38c8e78",1,credit_card,8,163.79
c937541d9ace19ed39761e08557ff1b2,1,boleto,1,44.29
b87229ec7078f06000a680a6ab38ee2a,1,credit_card,1,74.77
"1a785632cbf5301f146c5b3c67268911",1,credit_card,1,38.96
"84f45a8c260ce6606a2e9d70cccd5959",1,credit_card,10,975.44
"09dd83f72b2516179cd46b81121fad23",1,boleto,1,79.99
a695e8fc1b0a6e9c814da33ed8cd9703,1,boleto,1,167.32
ad0db85b651140eb463660b4ddf767e1,1,credit_card,5,1963.14
"295925037780bbbf9d7a2294087693bc",1,credit_card,1,69.90
"49fd347705840c689965d81ae7f2b415",1,credit_card,12,168.04
"2d3390e82fa2179935440626c58baf1a",1,credit_card,1,59.89
e0ff4f042465bf3a83ab05b537d1c90e,1,credit_card,3,77.23
b4617485242633fa27f00e4f1a051e0a,1,credit_card,8,84.30
"84dd6cd22bdbdda569398dfc0eb7decd",1,credit_card,6,75.19
"32f0db75abd9599736ef815f021c684f",1,boleto,1,504.51
"12d8f84b2205c7654fdf6768718d243d",1,credit_card,1,74.67
"88768bc53525534c6a8016a7318be286",2,credit_card,3,100.00
"8fe3b44d3161e377a52ba346b2b0ec08",1,credit_card,1,53.48
b0f1788449620cd7f71d55b336967c24,1,boleto,1,236.92
"306151d434933050d958f0db23e970a7",1,boleto,1,28.41
cf97ea340fcb30e950d9c656341fdf25,1,credit_card,4,165.02
e93fe3b7d6cf93d390620d65c8d98e68,1,credit_card,1,74.17
"9ce48efca38264fece92fb03a3e33562",1,credit_card,2,71.14
ecc1f5f885620b17543f01bf228ccd0a,1,credit_card,5,50.99
"5f00e8736eecc85c0f944342a6a8679a",1,credit_card,1,36.24
e18f65e5aba8eaf869f312647644d9ae,1,credit_card,10,424.40
"3e1ebea7add1c3a997a1a635b4978886",1,credit_card,2,144.07
"1c366a6fab2801f8b19036b3fc66ef17",1,credit_card,2,105.18
"546c8958ff67b28473cf140ec32a5a91",1,credit_card,10,102.56
"011c899816ea29773525bd3322dbb6aa",1,boleto,1,99.90
"1e023f96b2ab8ba32db4efacb8df5249",1,credit_card,3,55.00
f6daca3297f73de20d84ea604e1d68c0,1,credit_card,5,72.14
"3c8194a8d47f5852dcd52ccbf364596e",1,credit_card,1,59.24
"20e2dddb8e92f51c9d7a595e7266b20f",1,credit_card,1,181.94
"6685b09627204e7cd04be4b077ad21d6",1,credit_card,10,218.54
"130898c0987d1801452a8ed92a670612",1,boleto,1,73.86
"172587311d5d0329ae5a761bf6ae4c80",1,credit_card,3,39.60
"4f3f48cbedce0c316c688af6fc7e9c56",1,boleto,1,308.61
"4cde326019a222305874fd6339a13fa9",1,credit_card,5,308.64
"84115cf79df5dc6736a1c4ce08daf081",1,credit_card,1,38.42
"452d8278c6367e37c5e6d41fab2747d5",1,boleto,1,110.91
cde7b249a25f9dc499c58e5ff1ca7dcc,1,credit_card,1,50.75
ad87f982d1ef40d7a0bc339828e35616,1,credit_card,8,152.65
"158986977fa0c5043a8200b6b4563979",1,credit_card,3,710.70
"78f36af48bdfeb73392e3250be7a9b47",1,credit_card,4,105.95
"1cd94ec5da3b3b76e199b3d79666bdfc",1,credit_card,1,60.00
cd2457140ff84327d7d7030053b80fce,1,credit_card,1,172.87
"83e34d8a4210318b0fd15ce71350db6d",1,boleto,1,190.37
"56fd7f1e63ea8177e02f64f5077ee7f3",1,credit_card,4,42.42
ed0b6f8c8617370e53735a5d963bb5b6,1,credit_card,9,98.72
c5c02641e7ce2d2ba7049722b338ec70,1,boleto,1,97.78
"6ecf1a4051b4c5ed613624b460970a26",1,credit_card,2,92.06
f1b8509dee2f914e33ace8b9555a7e51,1,credit_card,2,266.40
b2d6c7b5ebf482317945ef822da56002,1,credit_card,2,43.24
"43bb790a56513bae53070529a38ba67a",1,credit_card,4,44.38
ea61ed29f4c6dd7b047e92ac87e73392,1,boleto,1,75.53
"4792d1ecf41afb08745855d6ae845d90",2,voucher,1,50.00
"885d5da568caf7ca9663ddedff5a5aaa",1,credit_card,8,636.98
"1fc96c24536a72f7707e0684d6886610",1,credit_card,8,277.25
"0bbb3f7791a87d0307555e57da3a1ff1",11,voucher,1,21.68
"8eddde296db4009f424c7a91011b7be0",1,credit_card,8,166.63
ab722aebd7d92f979b381ec1d4080551,1,boleto,1,45.61
"3f596c69e8e78788530d898331118c7c",1,credit_card,3,44.37
"1c2764ffc47114baa4f45f92b19ec458",1,credit_card,2,174.08
"91c9f456cb2e53af4edc1b33b3bd7f7c",2,voucher,1,65.40
beef7eaebaf3f24f6b34bb85c31aaaa7,1,boleto,1,229.11
e9b6fe47a8f2ede1804ef5feefbabe83,1,credit_card,4,63.01
aec71ccc28288ed6d9a47be44c78fa3e,1,credit_card,1,31.38
"82721df8ff0f0ce187f64c59238e585b",2,voucher,1,123.38
dee4a8731622b04d4fe7fcb6ae45647b,1,boleto,1,59.60
f26c31dc999a7994a4369c805f0bd029,1,credit_card,2,609.66
e58277dbef9d3b789a28903baa9c1a8e,1,credit_card,5,77.06
"8d2e2f8961edaf0d8c1af2217a872726",1,credit_card,6,262.13
"923d48cd8689f993193b111a78125607",1,credit_card,2,44.79
"157728e3687cd5012c1e732721098570",1,credit_card,5,225.01
b35d2c40061791df49f5e3fe718b0b0b,1,credit_card,1,36.70
"69aa05a091f9c98077f9a2ed8a2dafdd",1,credit_card,3,163.46
"1996623a04f4179e755f57dbcb67d5b3",1,credit_card,2,119.96
"673eb223ff385f5a14396580692d36ed",1,debit_card,1,238.63
c998e2a47c31a541308c5a5529a5984c,1,debit_card,1,27.37
"25a178eea0cfa9b0489aa1d8294423bf",1,credit_card,1,161.04
c2d2c80fb18401b6b761d887e378676f,1,credit_card,10,109.26
"0e4b1ee38c10f79bb6eaffa7c60ae724",1,credit_card,1,317.40
"41fe3abb11743c0c0403af8721d23feb",1,credit_card,3,110.30
ebea8104943b8d26ee8aa3dd8f705241,1,credit_card,1,28.18
"16a7204d840d81ed38a60b9539607280",1,credit_card,10,282.98
"2192c35277d9138acfcb6a068b54b00d",1,credit_card,6,130.59
dacc7a1d6edca844b4f0f6cf124b4f24,1,credit_card,10,217.76
b64ab89f127a1163a4412506e5236c50,1,boleto,1,85.60
"27603f7440db0e3082ea4fc08a05315d",1,credit_card,6,62.82
"1ae00ef09991832a6fa6c8203c186b3a",1,boleto,1,369.96
b95698cb2b294e6656ad89f313fab791,1,credit_card,10,132.95
fc3078fa5d882e59237a658341f57738,1,credit_card,1,282.14
"90ec7e058a164b8dccce02591de2f99a",1,credit_card,8,1006.87
fb8f03cec06678a33b2782cb3f5a9942,1,credit_card,1,86.95
"0dfedf3d432d2cdca59a3ef16b313db6",1,boleto,1,125.94
bc3e295306ee4d3eba91aca49b0bb539,1,credit_card,1,45.56
bedeb3a0492ddd2b57e977a4a6ca19f1,1,credit_card,6,228.28
f33f70dad90fd2f5811dbc1d2a46849d,1,credit_card,7,92.21
"34225a124aef4e4ad2d5df2c52c57e1d",1,credit_card,3,138.06
b38d2e3c75d7bf6d8579c98cca3e7285,1,credit_card,2,255.42
"55e6c58fec03654f425a4d47cf4631eb",1,credit_card,2,101.29
dbeab9b9e1d8a9f391a133004bf1fee8,1,boleto,1,23.85
"28b01f0f5376bd0156e25d9cfd797b35",1,credit_card,1,88.37
"518d2444a28aa986367a85f3637e32a7",1,boleto,1,116.85
"773d4900b39c0f2c4987028481b98b34",1,boleto,1,188.68
"5cf925b116421afa85ee25e99b4c34fb",1,boleto,1,106.81
"106f6c512adbf8efc43791f75692d25c",3,voucher,1,11.65
e64b1aa159a2f6c90c5968912370de44,1,credit_card,3,208.18
"791b4a44bd8319b5598f703141db400f",1,credit_card,10,948.35
"37a7c67354a15ed78011b5e51306b221",1,boleto,1,168.51
"92cadc3e20edf9c11602105c344a717f",1,credit_card,4,159.62
aeb280e267d4fcf5e2c8da2cbd0ef890,1,credit_card,2,28.59
"0b339dee90210409b715a9f2b6af29a7",1,credit_card,10,1166.43
"4992c33902c32884bbf438c7e9322703",1,credit_card,4,196.67
a2db9015fe477ad400fd0183ab308357,1,credit_card,3,31.77
"0e9a725e04f3fbc13f28d8f17c861013",1,credit_card,1,74.64
"994d36ec7dcfa4437a4560fd76447263",1,boleto,1,93.70
b1235029ff825a6ee63ea5c87797cd82,1,boleto,1,93.81
f7530604856bf59bca16e5110e476c59,1,credit_card,10,216.64
f98a633c73840753516ca92e24128574,1,credit_card,1,85.14
"9773679828d39baca17c7cfd64090070",1,credit_card,8,515.93
c69f94d6f227f2384dc83c6ee5deff10,1,credit_card,1,57.43
"6c11290f82789339975290feb4a58983",1,credit_card,1,138.46
"21c7a9262770a699c3144f54152e0b27",1,credit_card,7,163.89
"7ac6f4778cd283c6b76c66fe1e0d4431",1,credit_card,10,455.01
"82546b6c4067f92f498a1cf281dd791e",1,credit_card,6,88.90
c524fe5cd8733dbcc2f74bed5a1ded68,1,credit_card,5,224.31
"757cda7c87b31e672c1f98dc9cfe86ea",1,credit_card,8,178.24
"51eb2eebd5d76a24625b31c33dd41449",1,boleto,1,77.06
"18b9fb35499462319a6ca38275f72810",1,credit_card,2,364.69
"9f6f7bafe618544760073fbd384bc007",2,voucher,1,100.00
"4f8d15bb2a3dda4bd3ce42216c330059",1,credit_card,1,327.96
b067ce1272e65bbd38a7abc471e135c7,1,boleto,1,128.25
b61a2f7167a516d76088020bc63b4f7b,1,credit_card,10,226.24
"3409538db935345d2d9bf4e77cd2a5d3",1,credit_card,1,124.13
"5e38951c465ac4f3d14da15694710a74",1,debit_card,1,514.52
a0e6863a821d35dcaeb3eb109f21d443,1,credit_card,1,80.20
"22875ab1b7dadfad36b9181f36a1b8d6",1,boleto,1,121.70
"3453b206c6aec2e9dcb09d2cea15e7cb",1,credit_card,1,13.41
"246b81e476821bd754ad38f6f0427549",1,credit_card,1,63.05
"0712d5a2573948df98ba556ab362ef06",1,boleto,1,122.83
"8ac5b235603eee2e21e36261b2df536c",1,credit_card,5,82.55
d41f1036712e18ee525939d08b7a1c98,5,voucher,1,17.14
"05fcd933547be81890bc4d62357fdf3f",1,credit_card,9,408.12
"449ecab752750e2aeec2ec71fa58214c",1,credit_card,1,42.59
f71fb52e84b28b11d9f2f4f184e21ce5,1,credit_card,10,131.46
"84a5898c018be5c7ee3e45969708ebbe",1,boleto,1,202.85
"215e5ab8d123b9e04a3c1185d90fe780",1,credit_card,2,29.68
ce5e90a02c3779d618e686a0b25f815c,1,credit_card,1,45.01
"5377440d8cd95a8640466b534a83f87d",1,credit_card,1,47.59
"074c1cfd061914778c545332b9c8cc5b",1,credit_card,5,116.65
"80e8a0b7128272e407375016c1fe666d",1,credit_card,8,212.83
"5b829c37201779df841d79b1875ca7ef",1,credit_card,2,171.03
"271938f6ea0f9ca385690d01dc5c3423",1,credit_card,3,68.34
"19c69edb627a5967124863535d497453",1,credit_card,1,151.49
"3f03a16ea2034e425f930d42cd315637",1,boleto,1,70.25
"05aac5a18dcd77932007f57de8650622",1,credit_card,2,152.24
df7e2759236fdf704508c65069fb6dbf,1,credit_card,1,49.32
a57dcda5c9de217af977a92cd6168b3d,1,credit_card,3,58.94
"2303956d13919bf90f2a4818bab96a71",1,credit_card,1,70.26
"05dc9045a35ab252a2b71dd4b0dfb63d",1,credit_card,2,71.63
c63031aab37b1beb849bb4856afd4f13,1,boleto,1,53.10
a027919471097ed720c04340e1495e1c,1,credit_card,6,315.84
b04a982d508ac09ea6623617f5748052,1,credit_card,1,56.78
"9c38f00a080665ace303d703e03718cb",3,voucher,1,10.63
"9c867ee818c84d2be46a83abbfb13004",1,credit_card,2,122.47
"891f8d8fba3fc7b0584e72f290b22078",1,credit_card,7,70.14
"184cc3e09f63ccf3f0de8067b3badfb3",1,credit_card,6,156.18
"6701aa5b4bfd2579fa419b7915d3daeb",1,credit_card,8,238.15
"2031a1b41c54dd437f56e81eacb22e7a",1,credit_card,1,78.64
"3a310073a474b253b473c8c5695d2a51",1,credit_card,8,329.76
"7f79833225bf501001f20621188c0849",1,credit_card,1,176.12
"09914aa3bf0c742de9a4819692ec756b",1,boleto,1,252.10
"1826d3b62380835469288dcc78f382ca",1,credit_card,6,125.56
"94d865ff58ce43bdb66ba4bb0fcebf12",1,credit_card,10,170.85
"2bae46553a029f4e6c9976e173d676ef",1,boleto,1,207.40
"31bc09fdbd701a7a4f9b55b5955b8687",7,voucher,1,3.48
"0ed2425a77fed414a8d12ca5f1804670",1,credit_card,1,83.34
"53d8a989f776f3331e1a763a0a294a45",1,credit_card,1,33.77
"62e62c8885c148b639ca92db8629c1ac",1,credit_card,7,96.80
bc314ea94634ec397df2b65d3bcb2c1c,1,credit_card,5,54.10
c89b844039f5a7969c579c0a23b02652,1,credit_card,8,234.46
d725a73ed0e99e678f0a6862e3d09539,1,credit_card,2,118.93
c0c1739aaf78cfa636a69c10519b9876,1,credit_card,1,130.18
"8925dc5eb0b5639ea6e3f962108d6207",1,credit_card,1,32.09
"753901c05b6f62cc4505e75b67628629",1,credit_card,1,182.83
f939e05d2451cd2ababeb205da768278,1,credit_card,4,40.09
"753153c2c8b76dceab71239c68f0e5b7",1,credit_card,1,76.39
a57afe5184cd152ebb6dc6cdfbacb153,1,credit_card,1,36.69
aef74ec8efdbc859026336c7110b4886,1,boleto,1,153.20
c72a06dbd2869dbfa3dc93ca4f262f37,1,credit_card,6,67.18
f8bae43b5bec9eb0d3ae12b8d3b72884,1,credit_card,4,664.17
a3a09d0a201027720550355df943b598,1,credit_card,2,155.16
"789ef8e547844763c96f5e815b5478e3",1,debit_card,1,1562.57
"68d1af4ddb903ed2dc66559f1d6ccb6d",1,credit_card,1,191.18
"9f614c4a6839e4c60280aa7c70913658",1,credit_card,2,155.29
feea76ccb6f2e1daae9c52ad70d24a09,1,boleto,1,81.12
"456abfc526bb8973d425ea0134a6e311",1,credit_card,1,191.38
"21eb87388abffab374c2064a0efe0a48",1,boleto,1,50.10
"9040ee228f2a73cf71c59e19d2d1f1d8",1,credit_card,1,61.84
"458c6e383ce04c24b3033392e56c9283",1,credit_card,1,223.24
"19f395a57cae29f6cc7413119e0b45dd",1,credit_card,1,66.01
"993fe6dd93a309500171e1d3b1d9113a",1,boleto,1,120.90
b8ed89bd3f1fe72244f0f616acdc7da1,1,credit_card,2,400.44
dedf47a44eef0b1ac6891db532542eef,1,credit_card,1,54.00
"6ebdc6ce8dc5a2d9b4c6ed890718e65c",1,credit_card,1,37.94
"36a21ebc447622cc9eb08312851c256c",1,credit_card,1,70.27
"0b47f5e9432bd433f8c5cf64e60e6e5f",5,voucher,1,20.00
"6993bb3a5f6a76572cdcad1aa5b15eb3",1,credit_card,15,246.23
"834f8d3f39f69c08aca04e68ba439517",1,credit_card,2,139.09
"338be6220254203898339bb8b6021138",1,boleto,1,124.02
"8176e7870727634d66d2d127cb4dc27a",1,credit_card,1,321.82
"934fea5db039921610aa5438f5cee7f8",1,credit_card,6,313.84
e871719502deacb16343832ef4623a07,1,credit_card,1,119.48
cef147376bb33bb005a1402f6d1df975,1,credit_card,3,32.09
"7e132c96049690bbbb76ce370f1c885a",1,boleto,1,133.38
"283bf5d2f306422175c079231da015f7",1,credit_card,6,127.54
"1c27cc37a379d096751586f7c8040f7c",1,credit_card,4,139.09
"655b197a54244b0cea99f6e7113b8be5",1,credit_card,6,62.27
"5baeaa8bec54f12f0aa0ee4b4d285cf9",1,credit_card,5,107.06
"0e4463c6e144261bd3b088fac9fef441",1,boleto,1,72.93
a588785e8399e5c1a0416e1101ef85b3,1,credit_card,4,90.28
"4aef3f299b3b56a9e29adf7362dfc3f4",1,credit_card,3,97.90
b467baaa7d5fb3f77eed1cda6438100e,1,credit_card,1,49.75
d5c99387bb0975f7fd307eab0b02bd63,1,boleto,1,33.23
"8a8bd4a338e17ace44431e99a2add1d2",6,voucher,1,2.16
cc72b624a933eb793860926532309a7e,1,boleto,1,137.16
"3fda50110c900229fd819d3b41c88626",1,credit_card,1,62.13
"6898d4e2dad0e7d07e74cbbff0a796e3",1,credit_card,1,88.59
"081409ec388a7be098904b884d149db0",1,boleto,1,145.50
c0e4c3df961ce7e499b939145554c4a5,1,credit_card,1,33.28
"078d2f79c229fd2c2759339ac97242f4",1,credit_card,4,227.60
"1854a6f99182e2eb617259d3336b7e70",1,credit_card,1,35.13
ff12a8872c437666ba0b1df5812a956e,1,credit_card,5,59.09
"08c30c203ecbdda69311c1dba85abfa6",1,credit_card,2,225.21
"9211ad9b7860612a689053307f1de3e7",1,boleto,1,75.25
"2fa0de151b7f1f86d97df7c2a0e11626",1,credit_card,1,18.89
"8a5fcb4314afcbf3906bd354138b674b",1,boleto,1,39.08
"151bc75d5cb7b7cf250eee3e3277dead",1,credit_card,3,138.08
e5812a30b6ae5ceaae29fdb7920e7853,1,boleto,1,53.48
"970f01d4d6e42b5dbaaf975d2d45f913",1,credit_card,1,47.38
"53f4c1e58cffdfc604925afb8d8537c5",1,credit_card,4,40.01
"753ee7a9d729f6973ec8d4ceda33b77c",1,boleto,1,138.52
"6496c94097bf68ceb80535be2e73c766",1,credit_card,1,15.38
bee8e1ed5119e2f2a4bfb408ab6ab177,1,credit_card,2,244.26
"0decd9643e5f685a9fc1bf05ab16a186",1,credit_card,4,696.61
ec3883b4ed5e5fc1913ad14630cfd4e9,1,credit_card,2,150.34
b804f2f3be682c81a8600da13d96951b,1,credit_card,1,104.39
"32b88a9584e3facf4a7eda6c22b11219",1,credit_card,4,135.08
dff0494b87d4607872757269757c7bb1,1,credit_card,3,39.36
"8e24b32f7ac1da775b571ee8ed0c08e1",1,voucher,1,225.33
"3a6cac3e6717e6a7ee4cb28aaa149a91",1,credit_card,3,219.89
"89feba7ceb08111c23997213c7533474",1,credit_card,1,131.26
"47272de616a0636ec03ec5bfb56a86aa",1,boleto,1,175.87
"6aa0a6611260e7a3288dd6e2864f67eb",1,credit_card,1,0.73
d7bd54f86fb31296fb1517486f94d888,1,credit_card,5,146.56
"749309f96df588c96621963117e9530f",1,credit_card,7,71.43
"8298dcc2f7a6cfcc788481bc06d227e0",1,credit_card,8,117.16
"087889e1fca3301cc56532907bfe811c",1,credit_card,7,76.76
"00276d5c3491fbf55305e26891040df9",1,credit_card,6,68.12
"2f09d13518fa692574874a78444c616d",1,boleto,1,201.85
a4244008bc97ae9cdc3807237fa83229,1,credit_card,8,643.33
e248c45c398d43068b85a887c7e2a470,1,credit_card,2,116.94
"40dea8151a4bad08c633c2a80251b8cb",1,debit_card,1,126.90
"8426778a02661989b8520457d7045886",1,credit_card,1,201.84
bfb88796b657bb5483be15669e9f3496,1,credit_card,3,119.48
c0e184ce4df1d9df3ef40938ab7ee173,1,credit_card,3,156.06
"6361934420f488713f6afe6ecb2500b2",1,boleto,1,189.72
cd503c4ebaea202ada676515dad4d180,1,credit_card,6,264.09
"30e0eca22712c9c8dc922d890a4e0c0c",1,credit_card,6,163.24
"2b101e802b6712f2fc129966a2c518fd",1,voucher,1,15.04
eeed74d6d3ce08beef12a41652dfc03d,1,credit_card,2,171.32
"9dc8d1a6f16f1b89874c29c9d8d30447",1,credit_card,4,916.02
ace8119e1ccd050e898a31eeaf829121,1,credit_card,4,41.69
"084408fe97c377238b5ee3e8bed4c99d",1,credit_card,10,192.35
f131e172fef158275f49417eabdda10d,1,credit_card,5,106.07
"679444cad1d40f241461739afef6add9",1,credit_card,1,158.55
"6ef0f9767ffbe09ebed8593fed89b73d",1,credit_card,6,139.01
"4dda09475b079b01d1c3cf79baac5791",1,credit_card,5,53.09
ac2b0218860ad82946845af74f514052,1,credit_card,2,69.84
"813a1597ee0470b32160904f9f454ab6",1,boleto,1,134.83
"7010bfa704139424f4fff8baff27b7cc",1,credit_card,2,27.29
cd1a20782013109d1ec8320dff14d666,1,boleto,1,163.79
"3cfc6a25d466f70cef46ff46f9524769",1,credit_card,15,437.26
"6508933c739b7b3666a99f91541f3246",1,credit_card,1,51.84
"8f5fac100b291e3c7c7c34ca50001b5a",1,credit_card,1,14.62
f4925844bd4b0707ded394bc3a93cf5b,1,credit_card,1,40.09
"5cf2f1cfd8e622ef00a2e29b3cf971f0",1,boleto,1,37.09
"122a971a12f2ddab39ade1e58c08cbda",1,credit_card,8,169.09
"86f452af7e6c8314fa5b43b768eb9d0d",1,credit_card,1,79.51
c770d61148e343c43dd1f5375821b105,1,credit_card,8,211.77
a67da1598758f2e830db1f553721799c,1,credit_card,9,473.36
"3785ffb02b0b201a23df7daf357c271d",1,credit_card,1,54.93
"4bfe0bd0ac2d566a6ab7c45961288b60",1,boleto,1,229.53
"7ab3f019887a8ff74dfcc7fd1d1d51f9",1,boleto,1,174.35
"7e8072dc0f35ebb0c1b2a4743e0f179a",2,voucher,1,95.52
"59153dae34968fe90642c6a919d61c09",1,credit_card,3,34.22
"46ed7de79e3d33078ef83b3d1a75c182",1,credit_card,1,60.62
"14ac5864dbbe7ea0f936884e43b16fa3",1,credit_card,8,211.89
"38a5a268ed9f84995c960ba876ab6952",1,credit_card,8,197.52
e8596a031f6814efc9b04e857f053ac6,1,credit_card,2,56.60
"11a9988a43e7b48ed7012619bc6720b3",1,boleto,1,72.43
"4f86e34b9a8a8f4a15b197277a880cd8",1,voucher,1,56.39
"3c6566c0b8aa1eb2382e08cc0ae4bab4",1,credit_card,4,42.27
f1ec76883496424477c5c8162558a911,1,boleto,1,68.62
"33556b1dc910f89519193dc8a6e1632c",1,credit_card,5,117.96
"469e8e6e5a8946a3ba0e0835ae771e6b",1,credit_card,8,396.73
"1a9919330851f39651db4ff4beb1e4cb",1,debit_card,1,290.15
"0997090fe6882d45c6a71660aaffaba2",1,credit_card,6,71.53
"5e76e2e15855045054765a7690a11f71",1,credit_card,3,203.31
"024b3b6b53b99a1eb8b9b34515106765",1,credit_card,8,371.23
"5c458a0a24c83bb972feb57ab32e38a6",1,boleto,1,105.54
"196b28752aee8590f3ae915f8592b4f9",1,credit_card,3,340.47
c51ac157d012284a7dae95487ebcc6ad,1,credit_card,3,191.93
"25eac842862525f18a083c6edf1929a3",1,credit_card,10,1783.70
"85b65cf0a36d51265b279d78117ea65e",1,credit_card,8,669.30
d3f44296d90a42d3ec4b52b18654e87a,2,voucher,1,9.20
cf91dadab9111371ef3973e8febe8d3e,1,credit_card,6,92.34
"48f2d0b950703bfb145b7c3c0641b4bb",8,voucher,1,8.88
"25b6ae31ba1a3067f78230921e80422d",1,credit_card,2,141.97
a23469fd5d775d0200de4f5aaf5421e9,1,credit_card,1,59.42
"95e9a74f93bf0b409758d0e5a5765f12",1,credit_card,1,54.55
"8224adc48f3ab28936439f668b9c3739",1,credit_card,3,151.70
fc2f86d56413e4c2e64ffd50117f6a6b,2,voucher,1,100.00
"04198c2c90b3fcfaec75a836841dafe2",1,credit_card,3,62.25
"62062ec33d328897b66c9b74d7401aae",1,credit_card,1,363.20
"8349ea058481bb2cd229288e7e1a9055",1,credit_card,10,340.49
ec953553679c872f83bb234ca2bf7ec5,1,credit_card,1,58.13
d0f9f41e51b973c669a8c5f4c629eda9,1,boleto,1,172.45
"4d018d28940042ac4bfd91cb21ac8b8b",1,credit_card,1,170.84
bc439ca267cd182244951ffe206f4feb,1,credit_card,1,62.38
"2c88b5879d666444b90643a3817f9b97",2,voucher,1,64.18
"9b7b3384d7e404d642e930d87bd81984",1,boleto,1,37.05
"77ae79f517b55536c4be2d6953ef30af",1,boleto,1,290.37
"47470e8dc703c29c445f11c3ed73d8c1",1,credit_card,1,150.09
b1b1b0b5750f064412720744d890eaf0,1,credit_card,1,61.93
"838eddbec488679c7db905429c5163f7",1,credit_card,2,122.27
"36a2993f853a2f6132cdda1475bf2acb",1,credit_card,4,40.22
"4dd4745f66dc08de8b825edf6155ce4b",1,credit_card,2,64.23
c7765f73aa21565b6f703032dca277dd,2,voucher,1,20.68
"8b97abc734f59ea448e08b7e84695fbc",1,credit_card,5,227.27
"4f10217309e749b2c974370ca1f4d36e",1,boleto,1,41.22
"791859263302f6030c2a7a1da8c291ac",1,credit_card,7,175.82
bb6366371ed9745cc3f7efea6940cf6e,2,voucher,1,12.63
"7e1d7adfaf4e026419cedeaed88f3a4b",1,credit_card,3,298.30
d844ebe59ec9b98b8924bd851d0df4f8,1,credit_card,1,32.38
b417d51297514f6e670d1ffb3513ef53,1,credit_card,1,93.21
b83ef6816377d920d8918d6965cc2743,1,boleto,1,108.41
f1691c39efe4833d90ffd3a9eebac207,1,credit_card,1,62.98
e638e0d967678a6c085133337514b57a,1,credit_card,1,70.93
"83adb8f44a5e98ea2d58a04ca0b7fdc7",1,credit_card,2,108.07
"9680f3fdc078a63f1a4d5fca0f7790d8",1,credit_card,4,213.96
"0ab7fb08086d4af9141453c91878ed7a",1,boleto,1,107.01
c57cf7b41f793c7c74b7e51f236eb57f,1,boleto,1,77.94
"52de3d5a01b5243a279fa5a6b64ebafe",1,boleto,1,193.14
e32d8d43307c4e62e42bb84c3d247ca8,1,credit_card,1,23.39
"38c5c2886f2aab75bb1ae3f79a3f300d",1,credit_card,3,64.48
b0934c7d9368624b044fc218c11776e9,1,credit_card,2,79.56
"4a57b5cc52a26431753d6ad8668a3e54",1,credit_card,5,220.04
"0245af1fbe1f70f5ac7c1793c78f12cb",1,credit_card,5,130.01
"87da169130c3778475f71ef7ed36b4d1",1,credit_card,8,223.76
a33709a7ca5c9d407f00018a7ea3a533,1,boleto,1,158.22
"386725597660fc7a49b706655de2ffdf",1,credit_card,1,32.08
"4aec55e14c04fce6d0faa0e1bebe3126",1,credit_card,1,80.56
"50620e639f6ed3116494d51bd888f449",1,boleto,1,122.00
"1c8e00e4aaed0f2b8d35db6abcd8e512",1,boleto,1,75.07
f492581043b9d6d7074632e08a60c07d,1,credit_card,4,366.65
f2e7c5a142f10116a1e657090e50e83a,1,debit_card,1,328.75
"3d905f2c25bbcb26fc068e0ca62a4315",1,boleto,1,102.05
a30c457db31be821e75d2d690067559e,1,credit_card,2,100.53
d5a0ba4a296ed948a8c9536f557cedb7,1,credit_card,10,391.68
cf728450f45f3d3c59784f7539471f1a,1,credit_card,2,48.69
f0132f94c77357b3524b93786987c97a,1,credit_card,3,76.76
a1ab6845d58938601eb0043797e0c3be,1,credit_card,3,70.66
b2aeaa081ba84843afdf0a5ad31e9832,1,credit_card,1,441.17
e9e76f41dadb7c83d5f8dcbd2ca7473a,1,credit_card,3,39.68
"74962a666c603a2f294a4f3846ae3b40",1,credit_card,5,257.56
"92c27ea1f64ba69eb0016fa7088034da",1,boleto,1,52.68
"653a2ccc6028ee6e10f893c52c4201d0",1,credit_card,1,60.23
"957835fcdd687e80443310e35eb113b9",1,boleto,1,57.43
"60320e541a6e9dc0cb5919399543f905",1,boleto,1,48.28
"02852b112ad108b3d2b3d4ee198d84a8",1,credit_card,10,120.05
f3e5a0592463640ef9fd04d79724dac9,1,credit_card,1,113.62
e8570cab2c50d7a922f29d959fa57a2b,1,credit_card,5,94.21
"39fc0202a3b70b2619a6f3e579beedeb",1,credit_card,2,89.27
d6d776b7130d34ea8a790c28a69dc2a8,1,credit_card,1,133.11
ca7a62dce548a9bd31b4fd4f12af30d8,1,debit_card,1,80.10
"844ec50f4de4b51c2905edc92cfff82d",1,boleto,1,253.06
d8423fd123c19bd1a0c2a7151c73852f,1,credit_card,3,74.82
"67d1681c8bb9f9eb28f2a9beb44b8636",2,voucher,1,96.98
"62e8878bf54a37544cf066414f3a2c72",1,boleto,1,167.80
"12eb23de9270a05fa07be92704d1a6ee",1,credit_card,10,112.71
c6f1ebce1a5cf02dffc63b2df66fb920,1,credit_card,3,153.90
"8784fd2fe0b3a9135334c0e4cc81b1f0",1,credit_card,1,94.77
f9b8f31744dba7c23d41cb9ae8e025e9,1,credit_card,3,350.02
"55e971c404515ffd6217ea31cd3acdc5",1,boleto,1,79.29
"213d9c7816af2997de34a27af083ae27",1,credit_card,1,143.61
c8c684d11191f71210df7c6a22115def,1,credit_card,1,85.73
"58d29b7e20a6fd9ece06ae3981c5e1e4",1,boleto,1,234.46
c672b98a0a2c7259aefae3ac12397137,1,credit_card,8,247.85
c0e51d78b3b0a4b699f7ff3f09826524,1,credit_card,1,87.64
a3bbe9aebc3d205399f59fadf59e9d42,1,credit_card,5,133.84
e2d0dc3c743b5c8af5b6d15458f10a5c,1,credit_card,3,102.53
"33cb48a8f9d0e5bf683cda9881aae15e",1,credit_card,2,20.83
b7f2aa0212addcb6e1194bc50796de24,1,credit_card,1,54.78
"05ae7d6bd78e2a61f4c0076a9d690aa8",1,credit_card,1,235.83
"5b53d58d5ca32220fd0eabaa0eeecb76",1,credit_card,10,158.48
"02645c905eb7d1591a679f9bc3b669fd",1,boleto,1,20.55
debaf5bf201585e6d963688922a500f3,1,credit_card,4,171.32
"19421091ea8830b487a1aa4c43e074b6",1,credit_card,3,154.29
a4486566a4fefd15e310cdd38490bd05,1,credit_card,10,157.11
"6fc237eec099504ef31e3f3896596be7",1,boleto,1,43.41
"1046c724dec8bc31545703d07c378073",2,voucher,1,25.00
"45f4469896c24f0ab44900f3bc3eac3b",1,credit_card,10,112.40
"136c6d8d429f92dcbc6876d47eb61b05",1,boleto,1,74.31
"955d472a5c7c0e6ee8d3ae51e258cf6a",1,credit_card,1,48.34
"0c57cbfd927d9e62af8beee6d48920b7",1,credit_card,1,167.20
"82edaaa3e8d63b2f7442f3f2199e3803",1,credit_card,2,163.71
f73ab50571ad3fb480ad37ed740a929b,1,credit_card,4,117.58
"9064f38324318748109281151c83406d",1,credit_card,2,245.82
b5eeec1b045b05d3e3010ef57120a8dc,2,voucher,1,20.84
"54798b68c9437a3dac92d6b957c9d1ab",1,credit_card,1,57.50
b7bef020492af2903362c33783ad4e38,1,credit_card,3,368.60
"41ce37ddfe9f8781e7ac936e4e7c6100",1,boleto,1,115.90
e6eea6fed0b356b11cf7e35f76320b03,1,credit_card,7,159.62
fc849f5748eaa28001b2d222c598e8d0,1,credit_card,6,138.36
fff90cdcb3b2e6cfb397d05d562fd3fe,1,credit_card,1,101.73
e36a4fbf27caa37b5430a40dfef1c8a2,1,credit_card,1,174.36
"1edf3cfb4e85e8094a0a1f4cef3f6215",1,credit_card,6,96.32
"386e8a08c195e02dc257e4b0f34780f7",1,boleto,1,116.36
"590ab3344f70c64950c4108f56f56280",1,credit_card,3,152.73
cf8c5625d28a00a4d93cb05f30a0eead,2,voucher,1,139.29
"6d6c3ad8291ffb9fd855faa127500137",1,credit_card,1,224.17
"5ffef190f82ef1609e36ce56abdde5e9",1,boleto,1,97.38
"1e651744aa0ad243b5410f7f24cfc4e9",1,credit_card,6,133.13
"24161cb9857591fc2fe821db0c4dd3b0",1,boleto,1,832.00
"10dc93d46a5261c20478b850f3c240a6",1,credit_card,6,660.41
a8ad28f79779c30fcf9cfbc6c74c296d,1,credit_card,2,45.80
"2eb11181a958eb5193fd521fd5110b5c",1,credit_card,5,94.06
d80acd042318a15fe9be8faa8ee23d06,1,credit_card,2,53.23
"0424ec4615df28c58201d0828ac20cdd",1,credit_card,6,168.29
"815f08745d6a759deb919c5e1bce8301",1,credit_card,1,73.34
fda9b4bb2887d3fb7623f0bf922ca00f,1,credit_card,4,738.57
"9f4f60c24b20845efd8d6b863b571d20",1,credit_card,8,1818.23
"382a2285603c57524f1b44601ade85c3",1,credit_card,1,55.10
c811a0a169f6226a82aa3cc2c6229897,1,boleto,1,1239.94
c063c67e34bfcffe2492295dc03b8afa,1,credit_card,5,111.54
"0ca8b6de19bde0d4ed1fe6f90f475ab5",1,credit_card,2,182.29
"9a2d9a86d4a7dd97171191815ece139e",1,credit_card,3,73.06
ff5b0acaf838e06bba2881e7ea4a474c,1,boleto,1,199.27
"701a4ca3334d676567d4e5016a02cac7",2,voucher,1,7.25
ba74b533eba0ad83712143867cf0d33a,1,credit_card,2,118.58
e475e7ce217d2a677451521dce3d35d2,1,credit_card,2,332.80
"7652fbc918bcb58171f18ea78031a986",1,credit_card,3,110.72
c6b37cfa2d17a760c682701046e18e91,1,boleto,1,94.52
b96c09813df649f724999478074019ff,1,credit_card,8,91.20
bb90b02637daa6d6ea968529eed50699,1,credit_card,1,307.68
"402571417385ea134265f371272b0cce",1,credit_card,6,372.16
c6094f6ab0c25eda761622ab09aa423d,1,credit_card,6,269.97
c39c97c1d22e4a4486ce849afb668211,1,boleto,1,148.97
"1bb800de8a2b7ff3ae4616c5b6368b8a",1,credit_card,5,151.91
"853927b32b0ebc007ece729a314338cd",1,credit_card,3,214.05
"6b8c07c310d8c6a39e79ed3d38e6578f",1,credit_card,8,647.54
"37c5e874cd21d8a572111e7fe0bab749",1,credit_card,1,55.00
"6f21ad30200f041d3f19995a8718cd11",1,boleto,1,53.53
"377e6511892bc84165d157c8fa2b4c6b",1,credit_card,5,494.66
"53d06d4e404736f8d7d8795474e5845d",1,boleto,1,64.57
"86f326cf5027a4aff831e2c80f1b383e",1,credit_card,2,149.66
bf2df7aa2130e882e1e4f43b2dfe1875,1,boleto,1,1535.22
"82a779af9bebb4de11f9eb1152112f36",1,credit_card,1,28.78
e618cc48dc1a9bcbdb3f9743e25a36f1,1,credit_card,4,114.81
"4be113099bb298f6c81d468e7232cd0f",1,credit_card,4,103.60
"0d813b7b5de30d5f15d1d9dd5df3d296",1,credit_card,1,68.93
ada1a38681627159c9618c5c7f047885,2,credit_card,5,83.15
"449654c058a6cc5502474ed6694b181a",1,credit_card,3,235.06
"55ea3316ceef824308738752d1c12ae3",1,credit_card,1,50.71
"00324b3eda39ba5ecce3945823e3594c",1,boleto,1,110.07
b102bd85a512706d851455e8fc6164c2,1,credit_card,2,118.64
"20aa4f85b1ed8d98e5c742c1a003db9c",1,credit_card,1,0.60
be09600d91e6bdef38c48814571143bf,1,credit_card,1,54.59
"6fec846920d64dd20cad8adb75d01e8d",1,credit_card,3,103.26
"43f32db0dedd975e294e98ce23b24661",1,boleto,1,1937.64
"54802d33f22620ff142f94fd4fe18b25",1,credit_card,3,33.71
f237e8ddc05a21386ec9441d40f8e09e,2,voucher,1,30.32
"1376095cf526ffe25c7f4783254ec3c4",1,credit_card,2,163.97
"490f9c9fc86a9e753c5729f7119e84d7",1,boleto,1,43.18
"30f3a786f4600561beb44b9e2f3e727b",1,credit_card,2,171.44
e03758edc76b636006eb8f5bd648ca90,1,credit_card,8,236.28
"35b0513eaf7a477cdb93469b7b4a3d6c",1,credit_card,10,395.28
"7b394ed40ae60bd168cb4f5d18b891ee",1,boleto,1,77.82
"97c1f142e30f7b97cc66d73cd6c69428",1,credit_card,1,726.76
"0c855b2afa3ba71dbaaf066c4fd83518",1,credit_card,3,53.01
"859c79a3ec5c558828c5f5a86e66841e",1,boleto,1,142.24
"5f53ad559baa843298f7772942dbc6fb",1,credit_card,5,165.71
d522bee95569dfe88b8bdcf435db31ab,1,credit_card,1,147.97
"32a49c5529ba09cb894b8a5ad185f8d3",1,credit_card,1,57.23
"146bde81f92815f59ed9c7d44d8335cd",1,voucher,1,66.77
fbefd1a1d596025d72cd7cbf21c4f804,1,credit_card,1,45.31
"6c004aa51ca258da5f0936ce3a38ab18",1,credit_card,1,27.64
"92b56c79ee136de9db64ceafdf002f72",1,credit_card,2,26.11
"096ff3d928fd9b00eed2c839ad0c2223",1,credit_card,5,103.88
"1ade121ece82965c2578304aaeb25c83",1,credit_card,4,216.07
"00998f38df3012359ef195ca75ebb329",1,credit_card,7,143.24
e6a66a8350bb88497954d37688ab123e,1,voucher,1,4.95
dc765dddeedeb445940e0c8e9049e665,1,credit_card,8,99.11
"31995e0e4e63c77d8f5cf8970cd39a7f",1,credit_card,2,117.36
ea5b8ab951ac72f344bebd303152f748,1,credit_card,1,41.85
"48251a875839d15f52e7dcb61e93628a",1,credit_card,1,102.56
bd37ed9b5ef9fcebdc422b5aa9686ae8,1,credit_card,1,70.67
e14a5582dbf9738cda2251600e5df96e,1,credit_card,1,69.17
fa2506002832d12e73c2ce6a100bfc93,1,boleto,1,42.58
"38fc0077bb82a927b530aec218ce1ac4",1,credit_card,2,42.38
f67653f770ab2bb3b64ee6f3a863f37d,1,credit_card,3,233.83
"2731288f02cee9797af3fcad424f6ee4",1,credit_card,2,70.95
"4a64a2d2b19e0614a3a20d705d5d9c56",1,credit_card,1,117.75
"5c08ed25ee3f139b35a21c0c12944802",1,credit_card,4,264.60
"0cdea1c34ce2e9ca670b2e6df1d6c207",1,credit_card,3,70.25
"0cf68e3d525fbc20d4080a496006a8d7",1,debit_card,1,61.92
"19eb93c45881950fa631d29cd96bdb56",1,boleto,1,37.10
a73b88538d5028e0bb2e13ced8597968,1,credit_card,1,63.10
d1f478a5468a4aed52abdbc2d98e0030,1,credit_card,10,167.74
fe63057ba129462a9e0938e30bc2588d,1,credit_card,1,31.10
c3301bb3a7c95a0f36e7215526946b82,1,boleto,1,168.51
f39bc55dec24e38807885e2edef78fb5,1,credit_card,5,408.10
eddaccd03acbce06c3db36e1b9f8cd4b,1,boleto,1,90.14
"2fe3cac4410271c6297a141898af28f0",1,credit_card,1,97.80
"8bf33d4b7023414545360548b0e2ee37",1,credit_card,8,82.33
"574fe1739f65af76badd0999db300b4f",1,credit_card,5,142.05
"228ad7bb45b5912a1c70a68be5d4b951",1,credit_card,1,67.63
"7df4e046ace6ef86712aba299dd8526b",1,credit_card,2,113.00
"9e22b00fd1b9f036577e8c517ea0a5d4",1,credit_card,1,380.08
"3d98513a866612491197796c741dd71e",1,boleto,1,137.07
"5a55092d69cc833177808899f5cc51e6",1,credit_card,1,56.39
"151a947a0eba9ad24a327a471cd282ca",1,credit_card,3,108.51
"80f94a476554543da8d73964e2486102",1,credit_card,2,29.78
"6997560e71f5b7034a1d4fdb2c3ce436",1,credit_card,2,65.00
afce6241639c871ea13eddfd86b3ded8,1,credit_card,1,71.53
a522b7580df244e07961a4c4975f9824,1,credit_card,4,45.83
b3f053abcd9dceb75b5e7bf7e0ac557c,1,boleto,1,92.99
a81957953164f65e49dd6af3972b9db5,1,credit_card,6,783.26
e905fcbedf011d18698d529c885b7802,1,credit_card,1,61.10
"3891818a949d667ca119b3567b52363d",1,credit_card,1,51.17
"02f4dd90ba0feb8ec394cac05862d2b5",1,credit_card,6,141.65
"2560dad7258f094d3b637e3d65cf6a06",1,credit_card,3,167.20
"69cfe2f137c308ad6f6d0896ad8189d2",1,boleto,1,125.12
ab2bdf1229c8b790d6ebf0f703023f01,1,credit_card,1,40.23
"3347d1c2249e2e53f4ebb12db1ebdf91",1,credit_card,6,238.70
"781f0600f5db24d6986577216c1dda05",1,credit_card,1,97.92
"29cd5bdaa8ca1890a2688d40839043c1",1,credit_card,10,892.90
"200b4f185c5ec3d68597e304f5d7dd6b",1,boleto,1,60.10
d482acd4158f2e1d5934bfb325a03c11,1,credit_card,5,204.06
c6151459c772b29c883545b54802f227,1,credit_card,1,31.77
"9170aebe7b37a53bea1f29d91488b0fc",1,credit_card,1,44.42
"4543bf01c903f993fb532fcd4e147267",1,credit_card,5,279.15
"1e136a71ad0fb15cc25cf79b84836e6a",1,credit_card,5,55.54
cb750ffaf626492fdb62fab26f501b82,1,credit_card,1,63.74
"8b3ccc5332b429f163452dc90d206891",1,credit_card,4,244.81
deb8ce115f74e504ae38e7db9bdd42e6,1,credit_card,3,65.94
"80748056eb9831627a31af7148fc735b",1,credit_card,1,68.89
"3ad8a7439418603f2b86bbb37e645b93",1,credit_card,4,108.81
cc2fee6fdd396d082f0467bb35b456ed,1,credit_card,2,66.67
"01ba72e24cf883d74c5479c0a626c740",1,boleto,1,59.12
bb780b0ed67fce7c92b2772fde29bc6e,1,boleto,1,305.08
"6b3cdbed424d70ab56266c0b3e5bb413",1,credit_card,1,160.76
ce95c6a5dcd0106c6e367ff72f7e6e8b,1,credit_card,10,346.74
fe114439ae61b71927352b185b73550d,1,credit_card,1,65.60
"9e3b990fe7684ef2d3047a94f128a2a8",1,boleto,1,435.47
"644abcb389602a2c6e3a542e106ab86b",1,credit_card,8,119.80
fbee80ef6891c144af8ff9dc788aaa89,1,credit_card,5,58.74
a09e47caedbb9a7731f26449cc31e7a8,1,credit_card,1,38.86
"127b06830315a6224e76085943d1f565",1,boleto,1,353.51
"21577126c19bf11a0b91592e5844ba78",12,voucher,1,4.39
"2a2bc83b78d61f7b6c3a3e00c9b94956",1,credit_card,10,1725.64
"14efd3877d76587691ac8f854125c31e",1,credit_card,2,80.15
eb0f435a0e25da756bb8870a2ab5bbcd,1,credit_card,1,90.72
"6568c925063764e35e36fa4a9b809937",1,boleto,1,62.69
"1e219f956f9c6addbb50e09227473228",1,credit_card,1,100.18
"01625f404436eb3cb98cba1e9433db29",1,boleto,1,83.15
"78a0b04da4d744a06c4843f76ac5ce8d",1,credit_card,4,265.95
"10c84b04dccc6d66380a1e734f6a654e",1,credit_card,1,40.09
"36cd1ce42b6013f372ceb0a80b2a1b7c",1,credit_card,5,329.55
f6ab013773ba1820dc3239e7388ab5f1,1,boleto,1,30.10
"8f1f4588bb78bae5d946b755f2655f6c",1,credit_card,3,137.99
"3a4e44cbd3bff237fa62857370a2214e",1,credit_card,1,126.92
"4bad794236d71eada0390ce3edb591fc",1,credit_card,2,78.62
"5ef13293f44c9ba1b12e98237a956679",1,credit_card,5,131.96
b12e5d725658a4566286153c51727af2,1,voucher,1,20.75
f80e68b525d4ea7025db2f4648d4007d,1,credit_card,1,107.57
"9d0ad9e3a6c8ade53a107a1008214396",1,boleto,1,29.69
"7999733d1c4a42be3b4e5ee369697591",1,credit_card,2,51.36
"153a0c506e50c26d2279e2ba4187f892",1,credit_card,6,110.69
a8a92512496f02da00cf23fc2066121c,1,boleto,1,100.34
"8ef91ddbf590a5498f274ed05040950d",1,credit_card,2,62.17
"8a6aa542c859c76d350343d616e3197a",1,credit_card,2,77.57
e90521e4a0c9bf0152ce919b11442d99,1,credit_card,3,126.59
"4636e6ea585a0b807447a165874cddd9",1,credit_card,4,186.85
dd2a455f0d35a5d964808c72c38a36fd,1,credit_card,1,97.04
cc24df8244d2fa6c7cdf82f11f85b001,1,credit_card,1,147.74
"094303c767dff093564257cc4d0e2c29",1,credit_card,3,187.91
b3eab105571ffb4a91b5516252cead7f,1,credit_card,1,111.37
f29d63dc20fad4b72cce6b486876ec3e,1,credit_card,1,32.71
e588678a890ca4670d41a53647394505,1,boleto,1,81.72
"00337fe25a3780b3424d9ad7c5a4b35e",1,credit_card,1,139.68
ec1b5ec39466f6bb902936532ae76e6a,1,credit_card,4,49.78
"2343d4a98379202b11d3ec66c322ab57",1,boleto,1,46.19
"21abec9862e40dd6706f0eaecb193f4b",2,voucher,1,49.01
"38c08fbad68f49682733a8d83e997aa6",1,credit_card,1,52.78
"1ed6e841e1074b772338730aad5285bb",1,credit_card,1,72.05
"00eead1d5a799277ef3d6b387b0bebef",1,credit_card,5,98.26
a29e4c7eb0774544c4558ec64d9e9481,1,credit_card,8,81.66
a521f0f44c282118891a438c9e7cff9a,1,credit_card,1,49.22
"4df35a194d033f2d0b9b6a66bdb26434",1,credit_card,5,103.06
a13c2dd333f7fc6e2cc260f2e307ae0e,1,credit_card,2,177.49
"6cad7a7812903a72ae057da0bfb61cce",1,boleto,1,96.44
c760cdc6e5179c774d347aced5107555,1,credit_card,2,145.11
b203645fd73939945cecc062dcb496da,1,credit_card,2,40.00
d6b1ddf39835687468c4477c1aa9cba0,1,boleto,1,38.95
"9e958a07e455c09fd69aa32c2a4b2d4c",2,credit_card,2,88.72
c2ffd2b7ac929dd7d29b32d0c9db8ec2,1,boleto,1,73.07
"33701411446fda95a2c013c5e38596ba",1,credit_card,3,181.96
e5fe7a555c0caeb39e8531156f743eb1,1,credit_card,1,80.20
"3adc4c795d905a8b0b656f1737f0ff45",1,credit_card,4,238.69
"633382b6e9abe0085b19aa12edaf7e08",1,credit_card,1,36.35
fd7b5df31b1135f945600a23960438aa,1,credit_card,2,104.86
ffc4072a9ea36a3341efa25b69c449eb,1,credit_card,1,74.94
"7c22f4e3b26cdfc146cb18998b3905b5",1,credit_card,2,67.50
"7f47f1066a8cc8c9a6020bd3d87ba8e9",1,credit_card,10,222.04
"76789ef5992bcd2fa17a0dded26d7deb",1,credit_card,1,37.53
"3443b7575b141322b9be5ea9ba71188c",1,boleto,1,51.84
ac40627fa08c6c47cdb3648f3e14901a,2,credit_card,1,12.83
"02c05171c3cd91c2cdce7e0f861c9a9d",1,boleto,1,44.09
"73d7d0526bf2242f422fb6c85751dce4",1,boleto,1,90.17
"3c972b3c00e3f894b841f6602a9a6abc",1,credit_card,2,146.96
"79347dc228cde031ba95adb6a647ab6b",1,credit_card,5,72.77
"54f621bc447961fb6ab19031f7f3051b",1,credit_card,3,38.19
"2c203f4297ffa221e33a90171c24249d",1,credit_card,1,35.77
d42df8c4038c10f915f4b699279980c6,1,boleto,1,72.45
fa9afc1d64be50bf4d2d1bb2d63cc6da,1,credit_card,4,273.01
"193f92153e2d2dc57d0052176ef585c0",1,credit_card,2,104.76
"9af30405d5b2815b66fcfd17e241fa90",1,boleto,1,55.24
d6723bcb7c51617cd9bc5d96a3dc052c,1,boleto,1,53.27
a948c6ec1000c00b7ee37c611b9b49e0,1,credit_card,1,96.80
"39cf873ad8dfacb60ab26448e511723a",1,voucher,1,46.78
e3428550b3108fe268fe36e8247a49cb,1,credit_card,2,1114.03
f2dd5f15184c73c0d45c02941c7c23d1,1,credit_card,1,91.92
"2cbf2dc826b85caf29dffe226a9fe644",1,credit_card,7,79.56
"784a38e6df598963bf1d5e1b633eca5c",1,credit_card,1,71.64
ad8cbf1b92732052ce15fbcc313b59e2,1,credit_card,2,117.90
ffa09361c7e09f1a6d067376a07455c6,1,credit_card,2,65.94
"3bad88adde3b0947e92cdeca75800f58",1,credit_card,1,123.49
b4cd9b81ddf6c61fd05d5e2cdecd4598,1,credit_card,5,85.41
"8ad27f298f11ab1248784468b3fa24e0",1,boleto,1,108.07
b782d486ebb05fdf0ba6ec05652f704f,1,boleto,1,1837.16
ec48402bbc28b1e4f252da4031bd502a,1,credit_card,5,397.03
ae2834f54ef9bb766fbce5cad77ef198,1,credit_card,1,32.63
"80c8d87f9b745f9d1a5480d9c936c4a6",1,credit_card,1,72.05
"438002557b0a579c8ac15486c9512458",1,credit_card,2,117.36
"682704b4a31edba0cbbec9c7f39a7d21",1,credit_card,5,56.60
"89e77e980d3b5a87724b660c307a6204",1,credit_card,7,292.45
"49dbdabc3eb0076fb65f6594c8c46837",1,credit_card,1,64.10
ed4a172213a7200e76de6bc76fc586d9,1,credit_card,3,235.69
a941ab38d254e0d803027330cbfc9416,1,credit_card,5,53.25
dcb8f406a37e7da18d02d9a19cdfe8eb,1,credit_card,1,200.11
"90c9aa0e4721db1de14e8528707b21a2",1,credit_card,1,111.89
e15f9bb155a2c4220bc17652dad20a4e,1,credit_card,1,25.03
"7f02d70013ec3fbf6a7f5791f936d832",1,credit_card,2,177.32
"01cadf993df82ff0e318addbd022f0fe",1,credit_card,8,854.22
"99835a9f07d63f83120175303229a57e",1,boleto,1,62.02
"444928c349bed18bd960cf50ac772e7c",1,credit_card,8,82.50
"5449f77a049c11b2e8b645ecfef2ebbf",1,boleto,1,62.01
"89e9e2248c46410c319d535f06a23346",1,credit_card,1,41.26
"16c96dd4350d02d1890b8b7fd141da9a",1,credit_card,1,289.83
ed1907be7ed16822efc6ac9615b2deae,1,boleto,1,685.88
"4f2a29346d25613d2e553a8d6381b006",1,credit_card,10,987.20
"7d9c214c1febcd31fd655b4853bf3c38",1,boleto,1,62.17
e47a63ad65b54953702eae37cb14632b,1,credit_card,1,12.60
"64ea4c51ad1203229ba011693f35da54",1,credit_card,3,104.87
"48ac627a65c15df7cebf426bda6e6077",1,credit_card,6,295.38
"2d9d56fc9b7bd4d074391577ac282706",1,credit_card,9,90.82
e2221180a668e1cc096f9e9e3572868f,1,credit_card,5,140.88
e0f57f06590a2aee981778faa5b7c80c,1,boleto,1,425.94
ebb616297d99bc328a845d4eee057027,1,credit_card,1,74.16
"127808959bd2d08cdefdf3015fa205a2",1,credit_card,1,66.03
"18e83381f06c519894068bc3434fb638",1,credit_card,2,118.41
"0f5cbec89ff4ccb991c248075eb3131b",1,credit_card,10,111.02
f72322b96b8a40b181a18018f99d72a4,1,credit_card,1,130.90
"0a32aa7d8d3f344fb31eac306336daac",1,credit_card,2,255.60
"9b402354813f3cab904867d9ca2dfc92",1,credit_card,2,374.25
"08cd96d5c09ad751d2c4ffd556f96c31",1,credit_card,1,6.25
fbd5e05472d96478065c44184440fe42,1,credit_card,4,44.23
"9b67fd3ee844d811949db406b78a4576",1,boleto,1,133.76
d631ff71a4160145d9473055d6cf74fb,1,credit_card,5,298.22
"6942aa7dee89fafe04b6ff790e74912e",1,boleto,1,228.00
"9316147043211eeedaabc94074a8d9ca",1,boleto,1,93.13
beae8ee9872c468af6923d5d4e0ad6d8,1,credit_card,10,967.70
"0cd93455c51655ebb590c07a06d584a1",2,credit_card,10,169.51
c40c104dd1bde11aba73864c16a42f21,1,credit_card,18,1232.85
d7646ffe8fdd9e7d9557f9f7cbf04530,1,credit_card,3,78.54
f58d7e09ece55d81aac40b317757069e,1,credit_card,1,631.41
"01f67ca8027e959060afd840aa06f465",1,credit_card,4,344.70
"0b8c6aefe987f59ab3cea15927aedc8e",1,boleto,1,31.38
ba0f1e99132c6f69e4622597e9853599,1,credit_card,1,105.17
a32c1ae6b544c2e27c53db079e2a3af6,1,credit_card,8,522.64
"40a0fc3c21a8f455a5f8388ed46408ca",1,credit_card,3,58.74
dd1f137079393e8232e68722122b8716,1,credit_card,1,50.00
d279acf202b55cb48ca420ecd39105e3,1,boleto,1,116.94
a865adb8bec2475e30e835eaf1b9e7d6,1,credit_card,10,339.09
"04f89a77d1fcc3178c1a374b5cc61a52",1,credit_card,1,59.24
"11b5318df1116986f383f6c6710a3238",1,boleto,1,101.14
"5a90bdab22ab69f4095415dd55451b66",1,boleto,1,60.86
f82b736a74919a3cd9432beae1d303f3,1,credit_card,4,44.01
cf1763a6cef94ae43c5fc1d02976d5a3,1,credit_card,7,71.84
"88ed80694131b1822708424297e13908",1,credit_card,1,175.77
"3db31eaaf79e14aacfe056edba923cba",1,credit_card,2,65.52
ce36c78536d03e75d82fde293b7e1430,1,boleto,1,67.23
a20df1b1076ed252dc37fa9687207e02,1,credit_card,3,178.50
"2e4ac9141035afac9390d77c93177a95",1,credit_card,10,466.19
e9e702d3e92379f53b4805d98c094bd7,1,credit_card,2,171.94
d8a46fc8e10a38b3756d7e677b3f6ab0,1,boleto,1,125.97
def16200392a250d5c10dcebaf7db3b2,1,boleto,1,167.92
"681fc152c63481373cecdd46e390fe6b",1,boleto,1,150.10
fcddf193880c7919950a36840f0cc4e6,1,boleto,1,179.12
"5b7aed674843fc9b20d1c4cef543a761",1,boleto,1,59.22
dc8db01e3bbdf8eae34d6509752ddc88,1,credit_card,3,39.60
"7c070f202157d1ea06a594ce4ca7f0e0",1,credit_card,10,327.61
"85d5dc0b4e21b624ebf29a1353972cca",1,credit_card,8,438.26
f7a6067a1669a4d0b6a58e933098da0c,1,credit_card,4,46.81
"19ac9c16a1ba1aad8f39aee10e7daef2",1,credit_card,3,76.86
"68b52a722cedcc13598a7fedcbe5a784",1,credit_card,1,102.93
b14149872b01643d235710d4a84d55da,1,credit_card,8,363.20
"8e2f8b9c4a47354c52c4bc7701e933b0",1,credit_card,1,79.98
"06db57a9e774a7fbdb7c8ee188baef65",1,credit_card,1,72.14
"18c1040bac4b6a31a10b6d4201072ce2",1,credit_card,4,45.22
"6acf2b0f288195a72858fa65ff2c43c7",1,credit_card,1,132.48
ad165bf10431f5387bca7987e9be3905,1,credit_card,1,55.62
"2fcb6263976614e8dda6b72f13366a6d",1,boleto,1,71.42
"8e89832cd01aae257e9608ce09e0caad",1,credit_card,1,238.95
"041cba819a99569f87996b65b73ea82e",1,credit_card,1,38.15
ed81dbeb0cedad4d3d1f1551b06d6ca3,1,credit_card,1,286.12
bb0254422b24df86bddb238203a16aa4,1,credit_card,4,87.35
d2f6de2ff8b1a8a061b5e9af878ca86d,1,credit_card,10,120.09
ede7067a4e876ebdf35794ae96c23876,1,credit_card,4,47.69
"6810999b773bffdb94e8d02004603720",1,credit_card,1,36.84
"3f78779b80392a363a1763306be163b1",1,boleto,1,139.52
"0a2902af9ad58b25df153a4e743b5db9",1,credit_card,10,200.91
"78f73cede21d3bf1d0c0e9fe1e02cbc6",1,credit_card,2,159.54
"47c06c1588f9c9cb71462e6d39893f63",1,boleto,1,192.15
a6f7597815271fe59f9c00b31e6d322a,1,credit_card,2,123.49
ce76ffbfb04b7dc8293ca658f75963cc,1,credit_card,1,102.08
"3f4962fa52ddc4ab0d5a20355623cae2",1,credit_card,3,142.54
"95c46d8a9e4c24ee3a09cff518a7cd99",1,credit_card,10,690.32
"9a142fefa71ded6bdc21817299f5ab7c",1,credit_card,6,435.27
"03ba1ceb961947c4c2945964f28cb9ed",1,credit_card,3,64.00
bf99c65e08505b49813ebded6969d109,1,credit_card,1,38.14
"0cbe02c76316799a31b1de5bed001c5d",1,credit_card,3,37.62
efcd8852328a37fca811747c09c6fb69,1,credit_card,1,59.88
cb0909932c118481a0e44396d80ab2e8,1,credit_card,5,68.87
"61cfa60003f1d98a86cc3562f13b2ea0",1,voucher,1,54.84
"344fa1eebc59a2edab43baf1e0a171fc",2,voucher,1,50.00
c9ab674bebfbe567487d3d728886e836,1,credit_card,2,88.16
fcd8b3a2ce5ad445e576820a3655052f,1,credit_card,6,63.37
fe678293ea3bb6607a15b2e320e91722,4,voucher,1,20.00
f9d5cc83106322c8781e4cc0c0bce572,1,credit_card,3,250.99
f87b019430922741706698256b753421,1,credit_card,1,89.48
"890e966b2b72ba13da8c01387874afee",1,credit_card,5,150.21
f5c83dd6f7b7216161a3b9649cf9748a,1,boleto,1,90.68
a5e6afa3599ee9c2accf10acd3c923c9,1,credit_card,2,65.71
"6c95d23402e2f0bd260853d11f45d3b7",1,credit_card,1,109.22
b63e40d0cb9e669bd347c6a060033299,1,credit_card,5,183.60
"196d07f4360358baef663fa6bbba95b0",2,voucher,1,24.18
e13713108caa1e5a2604672467aa9d8a,1,credit_card,2,47.05
dd44ffc289cdf93e89ac256b6e478366,1,credit_card,1,79.44
"3cc9d5a300b1d161dc58ab94a27f4875",1,credit_card,1,48.13
"739d6b7c96f059453175f2ca21087a83",1,debit_card,1,22.39
"3ff313d5a95fbba4b58f90086504022f",1,credit_card,2,65.10
"3ba1f632cf89a08caf9837999bf827ef",1,credit_card,5,174.76
"4b1040aa6e3c7ff89edf86fa35c340f3",1,credit_card,7,77.57
"53279ed2a831a63b7a6ebb56a9097cd0",1,credit_card,1,97.43
f6d067206524168938aa5ef598260e4c,1,credit_card,6,220.04
"35b63215663d34dc972adc12d2cfe9bf",1,credit_card,2,49.42
a3696d83a951412999a280e4a331070d,1,credit_card,3,192.04
cadebf635daf8de3edf4ca3a162433ec,1,credit_card,1,50.87
"04a0704d5a3f27305100a48682d41bb6",1,credit_card,4,86.37
"2395fd4999715780712fd089ccc57d50",1,credit_card,10,844.51
"962168b15dbecc9e3b3bc31b1fb9df93",1,boleto,1,137.71
"3eeee3b998098a2c5f50ce39ab462a20",1,credit_card,4,715.90
"59e94c656aec3cee1b4a97e8324b47d2",1,boleto,1,70.63
a9c0a9c746e342b36428283561c3ed34,1,credit_card,3,38.48
"3c630824cefd356b7289838656c9cdbc",1,boleto,1,20.38
"542ff6bc27af2bc961c692ce0197fbbe",1,credit_card,1,129.80
"170dcd772ea4f51c3a859f9beef5d297",3,voucher,1,50.00
"3c5d259b3ebc0be37007e40161e87808",1,credit_card,6,178.59
"2192c6f4e9ece5c4e0091fd7f4dc4456",1,credit_card,3,603.52
ad7d7321653c0e39e1563ff97f273341,1,voucher,1,167.29
b16d9ba816a4e2f57ca956815f71f856,1,boleto,1,53.90
cc16ebef1f3a4045ed7084406d057749,1,credit_card,5,94.50
d5f471ea9cffc82fb64e8b07d247cb3f,1,credit_card,5,67.68
df75a2d753c65af66e3571e2dbfd985a,1,credit_card,3,190.06
c823a55fefe27a1092a634398c62f2a8,1,credit_card,3,147.65
"6e830b60dd5fb7763aad8df950ee3998",1,credit_card,1,108.41
"9e1eb2170f4c8e9d84e10294dd70cae8",1,credit_card,1,335.98
"7beb8dfe9d03e7b0b7d7b811842a0fc0",1,credit_card,4,129.37
"448d70cc4699daf71c492798bcf12d05",1,credit_card,5,131.04
a9047d80280890b3b79607250042dc95,1,credit_card,6,62.28
"27cf3bc7a008cb9eb712e4db141d25a2",1,credit_card,10,259.94
b52ce41a14821d9fa67f8a77cebb3efc,1,credit_card,1,262.69
"9ad858a48fa48c6d0cf0e7d8e3024d2d",1,credit_card,2,112.76
f4d6d01b8368046a6fab4c973f283769,1,credit_card,2,174.36
e039f5e97da2cafaa001b4be0efa36ea,1,credit_card,1,26.98
a59372f164ef9ad12ea00c6d90010bfe,1,credit_card,1,35.05
"0917636d789ce3b3eac37895935af5c2",1,credit_card,1,85.14
"4e07f3bba6882deffa23c043baac93c3",1,credit_card,1,104.50
"0c47c8eb31ce1b27d2cc41c7475aeab8",1,credit_card,4,335.89
"9e1fb6d6d89113c356084eb1899f47b4",1,credit_card,3,138.24
"447bd8e2281ef147772c942e18c2229c",1,credit_card,3,82.33
"644ae2fc953e74a21a0bd28b2049242e",1,credit_card,4,212.10
"2c6fd1ff4fd89ac1fed1ca1d12af7e26",1,credit_card,6,64.10
"2ec087d40ad96030d054ef730191d7b1",1,credit_card,6,157.27
e9c1cd6b45624aa77cf10be70487d8e8,1,boleto,1,174.26
e21f1d324fae5b5f66b4f4347503fe40,1,boleto,1,138.52
"18eac13034394cc5bc8713ddad1fb2c3",1,boleto,1,116.66
"0ed9d4d7e66c6fdb514053430cfde54a",1,boleto,1,68.22
"28383d85696543514548a51a43c03936",1,credit_card,1,60.00
"9d70ddf4f9027ee7e5f0851c480d3fbe",1,credit_card,1,55.36
ca6a7dfbbaebac08df32693f6e6c95a1,1,credit_card,4,73.61
b9be721c953bcf3a003fc4492a3155a1,1,credit_card,10,210.24
ec3a75fb0ac595e461765d2d854b1d08,1,voucher,1,43.79
"6e49a3d8325755bd3e9d84d84bd8dbf2",1,credit_card,6,144.66
c2215076050fa358934105b15c34cf3b,1,credit_card,2,102.03
"451a92b9b2211031e527f7f85525388c",1,credit_card,1,37.46
"59629349b860bb43899ea07bf4ec9633",2,voucher,1,67.89
b55ed7407eb340d0db40dfb2759c756a,1,credit_card,2,41.04
"3c7ad0e853a5d0f0b08290127e7325a9",1,credit_card,10,230.12
"0ce94e50ed7d28e7856f3d127990d17c",1,boleto,1,351.50
e33e63d3e6227661a115f625ae2af65a,1,credit_card,3,203.89
"5a5ebfbbca639e25e63f09761e953a44",1,credit_card,1,25.29
"7c94a691cda1b50778849a3e52d45dfc",1,credit_card,3,60.00
b70adb5e7bfcd96be02825033008d23a,1,boleto,1,34.00
d30cce68111e4c4fc146bab365116a17,1,boleto,1,62.28
"331d08be3644402c007ee13cf7e21533",1,boleto,1,90.18
"9993e9c87a491b66f16f75f61d99fb61",1,credit_card,4,798.19
"0a3bd18b5c5d505aedd969dbba6ff069",1,credit_card,5,313.65
"64ade3a4ac0255360a84e7035d7d34b9",1,credit_card,8,186.17
"9953a7ab74d92e52a8be42b9f3fc2e38",1,boleto,1,310.81
"69956999b3f715c96f6cc505376e0d3a",1,credit_card,1,42.68
fe9a6d1cc6a07629474a4ecb1ed9077a,1,credit_card,10,215.55
"5e76d3cfcb1b71a6a78fabf6ec3ffb73",1,voucher,1,445.64
c07db2ecf8530bd60659764d866467cf,2,voucher,1,7.73
b511f786475cb429361d4d269c1bbef9,1,credit_card,1,35.19
"72824c152aa4963ec6ea310bad44c907",1,voucher,1,43.09
"2f7201b5d9baf4deb546eefab3b7125a",1,credit_card,6,320.45
e9e7c0bdfc844989ef92818d7f77f9b2,1,credit_card,8,641.31
"9b4e27fffc39dbabdbd712352ff353df",1,credit_card,1,44.75
"3c929aa6cf724e32eae163e008bacbb0",1,credit_card,1,126.57
"316d34d7998d35ca148e02a9a5611307",1,credit_card,1,30.27
"52b828f13e08788433adad4a7d135779",1,credit_card,4,176.83
"1f0caeab2e84048dd8f4d149904c0d8f",1,credit_card,8,127.69
"13ff949d7e71c05bce1a0facd3c36f83",1,credit_card,2,122.34
bbbe6dced4d4ad3203023fe16c34e956,1,boleto,1,42.58
e8fdf80510b65c9abdaf0ae2446bd55a,1,credit_card,10,120.16
"2e964efb3431da146c9fd849e39eb86c",1,credit_card,1,96.02
"71049671af38d8dacc4b8bc9e488a4af",1,credit_card,5,251.69
"18fee750a18a26c003132114d28aacac",1,credit_card,3,83.59
b37ae92c72d3335c241ea5be05dbc077,3,voucher,1,27.67
"7928aaa2a94ef219ecd0f7d9224cfc7b",1,boleto,1,1782.55
ecc4c3f49c7e63c6fc8b2036fd78a185,1,credit_card,8,308.35
"59e50342da3b55417e121c01aa5aa6ea",1,credit_card,1,161.06
"3418c754c6d0c412d57cca00b6ccfbe2",1,credit_card,1,1.79
"62c0a0e72baba526d6f9c2855f8b6b97",1,boleto,1,35.39
"9bdf94af058f959fbc09c3ea1eb32465",1,credit_card,10,227.63
"31228e47008f9cc210b5e033723dad1d",1,credit_card,3,195.73
"2e2becbd3307b63efe5ea59d9e61f08d",1,credit_card,2,127.99
"706f426a3e276fbc171e2d3aafbf2e1a",1,credit_card,6,68.32
"95c98b104ca0e68739f62a280a5b00de",1,boleto,1,175.79
"3becc6bf91be2f15e6373b353532e294",1,credit_card,2,144.78
"55a4f9b50beced29f599c03bf4df76e0",1,credit_card,8,87.15
e9b78b3921cc12cdc6d6e8ff717de8d3,1,credit_card,4,294.98
"1a75ed2e9cc04b329fbbf472ea0ea100",1,credit_card,3,36.09
"3bf55ff583973c0c06914babcbb30891",1,credit_card,3,360.76
fd4a2838bede5695c44824f56cd274f2,1,credit_card,7,78.19
"4c4a931a93ef9f28f4746db1e2e0e753",1,credit_card,1,510.12
ca4bfcce82dcdde151327ee3be81ebe2,1,credit_card,10,342.09
"50be1d483c83bc791be7bad19a5b2cfe",1,credit_card,4,213.53
e2a97d88537ca889f9faa4c14d5106c2,1,credit_card,1,42.27
e847ea44928b27b43984d79532b7ae20,1,credit_card,2,643.66
"44561b17e20e18c835ffb61863a20b58",1,debit_card,1,50.59
"0b1290e557f053467333ff365790c5a4",1,credit_card,1,59.36
"398fd6b442d547df72d50856acac5722",1,credit_card,4,150.70
"4db13e29abf6d3e8e492111088e60d9b",1,boleto,1,32.43
b33e18d1fcf749a71353cb930defb526,1,credit_card,2,65.71
"3bd3b4d482f916c2c9662b8da6f2758b",1,voucher,1,208.12
"312e1512a754a9cb5cf0c02208e818e3",1,credit_card,1,79.62
eab1323931616e5f3e93993cdc621291,1,credit_card,8,83.59
bddc1c3ae5c6717f36386ee472d72217,1,credit_card,10,214.13
"730dc1ff917580e99d067d00abaccaef",1,credit_card,5,77.28
"5e149681ce0a38cbd1ab43422be73a56",1,boleto,1,72.27
cec16afc430b7b794fa8703b631f7d3d,1,credit_card,1,90.76
"8acda261d8c76b3206d9cb5279d0a18a",1,credit_card,1,26.97
c4f4e4d627be7a7e0ca6af0fe3dd08af,1,credit_card,10,1333.25
"7bdcc57ef2c5e733958853f9667a2c9d",1,credit_card,6,156.33
"5b5921eac7d583f6e674f87c9ff21664",1,boleto,1,105.77
"9879baaf933b4e1db31859e7118586b8",1,credit_card,2,27.38
db0f06a2eb744ec1600b4c90f1df5ded,1,boleto,1,376.92
daed2231418803be9327f1b4a2cec04d,1,boleto,1,76.78
faf6d4b65126b7e12030723b3c8373bb,1,credit_card,3,43.14
"7ec1a2c6522b9fcb54c68a4f8ff6f331",1,credit_card,4,93.11
c9ae6fa5a920d90f86fd464ac7f5cde9,1,boleto,1,896.28
"7ef3958692b5c3531cadd912471860ca",1,credit_card,6,373.15
ed657707e074ec97427d985ed5c4d21f,1,credit_card,3,508.16
"81192041563939605a3e86ae0d6d8579",1,credit_card,4,41.79
"1a48f3d99685123b98d34bcb7337810f",1,credit_card,8,113.42
"290ddcae91adc1a252875ba0b4d079b6",1,credit_card,5,272.71
fca9e6e37a25eabc4dead1228fca9d27,1,credit_card,10,162.97
"1d9f8648651f574a2e2e5d8728384f7d",1,credit_card,1,110.90
c9a088f0077de94d4b7e57e5a234cea8,1,credit_card,1,82.13
d1cc6390ec948b6e8d38ebddd2996d18,1,credit_card,10,181.12
ec13417c22246237142725ec35601c99,1,credit_card,1,44.24
a68f4aa15871ac7fdaf524f48d7908dc,1,boleto,1,82.03
"544bad401327a8f0de6786c7ccd73c8b",1,credit_card,3,263.13
e9171c81ed4eab3e5c786817857e055e,1,credit_card,1,239.42
e10784ce2ff19f0a34f8b748efac518a,1,credit_card,4,170.28
"592f871804e88d1167c1532ebff9fb84",1,credit_card,6,136.50
"2aa60aae490332613940bcc5eea147c6",1,credit_card,2,96.77
"20e45fb012dbdf66f09290158664ce79",2,voucher,1,100.00
"38971812f1db9e4a30885e5574dcbe53",1,credit_card,3,259.98
"4705164b1aabb4272d1fa134828dbc1c",1,credit_card,2,203.52
"4bfcba9e084f46c8e3cb49b0fa6e6159",14,voucher,1,50.00
"1f2c730715e25c512d5beee0f697bedb",1,credit_card,6,66.34
ea9184ad433a404df1d72fa0a8764232,1,credit_card,1,17.78
"53acce0bf9f92f3a7f152117114f3b3b",1,credit_card,3,170.77
"7313f0f1840908195fcec79cd76b81d0",1,credit_card,4,130.84
"1762d149a68887991734edbe6df5f15d",1,credit_card,3,181.82
"6351b80ae9f0c878fd15defcfc6926e7",1,credit_card,5,87.64
a65450e1eea508ae15573d9c254966ae,1,voucher,1,98.40
"57296b29ab9533184d540f468810b8a3",1,credit_card,4,99.15
cf0c47c42ff868bcd8e038ee2945c1b1,1,credit_card,3,151.89
"44057a0c45f90ab0770ae9a42c7dc374",1,credit_card,5,59.09
"1e792fcdefb0bb34325cdc1dee84fcea",1,credit_card,2,113.45
"1cd29ff24c716ad3002179320343005a",1,boleto,1,144.21
"67d83bd36ec2c7fb557742fb58837659",3,voucher,1,8.00
ade919610216d8fcd6333ce3696449a4,1,credit_card,4,160.37
"58c52765e19cea6cf6b0a66e90749558",1,debit_card,1,78.50
"979ec1f1f7bc95046f69f31d87b948d6",1,credit_card,1,4.13
"25989a7e7af41df0616109b8776aa0f7",1,credit_card,2,125.15
"852d24d230e0038f83e1337c4ab06147",1,credit_card,2,126.73
"8563f78b69f236731470e13b90fde454",1,credit_card,6,60.80
c7e76557ba75c7bf080e84d4b2601806,1,credit_card,2,59.47
bbabc62c81566b606962e10a6f96e9c0,1,credit_card,1,136.44
"1be3fcdefdc438ab6f01a8547b31aa5b",1,credit_card,1,38.13
"46c2e1dc685486650310781268c4c885",1,credit_card,1,191.46
"166e0843a2272293d75ba8d81804de6a",1,credit_card,4,175.13
"53544829cdc8e89c9fb03d74ba13a4f7",1,credit_card,2,96.71
b382d7235f663379d5eb74493ca12981,1,credit_card,8,199.97
bb0d79335145208b9dc833ad7edb99fd,1,boleto,1,147.15
db611886b9ea2c770628eebc6617b498,1,credit_card,6,106.33
"26e388ebc7a8a0fa0998ad6cc4755bec",1,credit_card,7,169.32
"9b1e6dedd7de3097acb7948dfd8cc359",1,credit_card,4,165.84
"6ee27e2aa69517789049416f0c9d4580",1,boleto,1,63.59
"6d7a867946b6ea936e0f9bff037d10a2",1,credit_card,5,259.87
"7dcd8e1e0e64211c270809e7ed46a766",1,credit_card,8,178.85
"1f153a6d92d413d94c540554a49e47fb",1,credit_card,10,133.22
"5d31808356c1ecbf7eeadc61144a098c",1,boleto,1,228.67
aca1243538a8bc195f2f017f8ea2456f,1,voucher,1,42.64
"135adf658da97bfb1a171f1cbe3e15c2",1,boleto,1,60.22
"946531fd5600174d45682f9a6c493e05",1,credit_card,2,24.13
"4bcb885df76e020744aa9357b997e5ea",1,credit_card,1,129.54
b9d1db9d3e9608b2d37f962aaef45e03,2,voucher,1,26.20
"85d53ca32c3c845a6c59172061451a2c",1,credit_card,3,32.69
cfe4b206b7a8acf6ca84fb710d61f968,1,credit_card,4,210.63
e003d94282e5f1e45760dde794a8a173,1,credit_card,4,49.27
"45f8bc3f8278f2b2a3e6c843a798763a",1,credit_card,1,63.23
"90c6ad052c663ff5651759a61165b35c",1,credit_card,5,54.31
"56a5173d04a558bb3ad9f8b2c5901c60",1,boleto,1,61.75
"5cba90f4426ae8c12848639992997edf",1,boleto,1,40.53
"5d025adca7f94a2bdfd06c914a9bc601",1,credit_card,2,61.81
e9e1c2a9c614341310b6e0b494941036,1,credit_card,8,167.18
fe59965bfbf484aee4f2503efbd933d6,1,credit_card,5,64.10
ae90262d3192e46f6d8e68bc5843025d,1,credit_card,1,419.95
f81d082e88c93adee5b45ea41c711d67,1,credit_card,3,145.99
"2a952f9ea7fad0c8238967a2c4df72b8",1,boleto,1,28.00
"4246e30f95848b444d4b0a5e6bf3fdfd",1,credit_card,4,190.60
"70eaa52116958c2e734172d6ed51015e",1,credit_card,2,267.50
"7b1c4067e1c0f598ff2ac836df756f66",1,credit_card,1,68.22
"9edc1ee4f1a91ef8a52902a4d4c9ad79",1,boleto,1,226.24
e3f9305c1f7dacfb140929cb67698575,1,credit_card,8,201.96
"47a3f2cb969f3d798bf29b6c5922490a",1,credit_card,2,89.06
d2b37f806be7546de2ce1d2bbd5cacee,1,credit_card,2,114.94
ebb181b4dfa0aa047045c086da0802b7,1,boleto,1,47.06
e7f237163458b9df35d29d4ee460f233,1,credit_card,4,409.50
a2bf57f7bd62d8cec922908b7ec2c256,1,credit_card,4,173.97
b25f39c89d2229961d464a9606aa8582,1,credit_card,10,611.35
aa31e416f67318939922854f9af2b087,1,credit_card,2,52.07
"4ac8967b6c44825655969aa13a7e6213",1,debit_card,1,24.68
"985dbac2172bbf6b32bcca35da50d7a0",7,voucher,1,265.71
"735cb5ace9873d50534f4ed4a4cfb608",1,credit_card,3,74.06
"3a0e2e2771b84c2fd7e321c15624517e",1,boleto,1,37.10
ee02295dfa5d0519664c1dcd4a70e87f,2,voucher,1,36.29
"043ba86e4e3f73fe5cb856f225fd8aa4",1,credit_card,1,29.68
a56b1d8a1e6ef5179f68ce22ff4454f5,1,credit_card,2,24.86
"748ba0fbe79f60119170501f3cba8b00",1,credit_card,1,367.20
cfeb3afaa54f31d14c4d9a8107717ad8,1,credit_card,2,137.09
a2603cde1eaeb66a0b1519fb923666ad,1,credit_card,2,167.09
"41277f3a6a9033447c24bd3e1ff04c86",1,credit_card,8,171.51
"18d2e92302e58abca7cd07fc8ff2ffa3",1,boleto,1,108.33
e6b8a58ccfa6a2daf8c04bcf0bf2fd5a,1,credit_card,10,977.01
c77ede410bfde247ebf9220aea6ca49a,1,credit_card,2,67.83
e70405e60d48ff7771de55e6b39a09da,1,credit_card,1,128.26
cc8304651e8857627e56aca5207db748,1,boleto,1,40.09
d9fb924d08e165eff00a9745385a2a36,1,credit_card,10,212.52
a7d73128b7dc2644c342e7495ebe8e3f,1,voucher,1,20.00
"89babe508d7970dd64bc5c43f771e15b",1,credit_card,3,324.78
c31f5afc2aa6a048ea1d0f84afd0b762,1,credit_card,10,333.86
"67c4fb37550e156c42ebafde460fa354",1,credit_card,5,114.34
a60c7939ff26d351755d55d3a65e5318,1,credit_card,2,126.43
bf0f27a41317f65675192fae23e02a26,1,credit_card,1,42.82
"0397de68fce44f5cdd948f2a5e83862b",1,credit_card,3,258.67
e594644501ac2bce6c65b6c21b0c625d,1,credit_card,8,264.82
aa20c8dee3466002e6bd9d64cdac1bdb,1,boleto,1,57.51
"135118d8d6f93cb3d6839435e5b6658a",1,credit_card,2,55.10
"666e488ce51569ca13755283bce0e7f0",1,credit_card,3,35.78
b6337b4aae3109649f564c7886f3fc3e,1,credit_card,10,413.47
"10670df5f8bf4bf17a02524ee39b5b0b",1,credit_card,2,143.43
"29f6c8fd6605fb62cceeb59ce698bf75",1,credit_card,1,77.25
"7d7db898e5eaa10aac6c7fb616d9d7dc",1,credit_card,1,45.31
"574accd5d1addd79bc32cb3effecf05b",1,credit_card,1,56.69
"0aecc6c0c2b3598d9cd3119e0a58dc1b",1,credit_card,2,196.24
"3022b6c855879429f3e89d2927384d91",1,credit_card,5,116.94
baad5004c5d12ad2ed5467f21914396b,1,boleto,1,91.10
"1d52ba7197c7acebbb4f826f6585536f",1,credit_card,1,286.09
c147383caa0d8a6b1d8c213e60851483,1,credit_card,4,45.86
"62f6e27aa9ff86022436c5bdfabc33e6",1,boleto,1,96.69
a4ac829a6eeef89f527cccf4f9efc1d3,1,credit_card,1,45.01
"2eb63f75718e0a133e1a6c7d14375025",1,boleto,1,58.77
fc5fbd714a68c4cb0a3a927b2525109b,1,credit_card,3,154.60
"454b6ccf9f8f2c12b3a00ee763e027b9",1,credit_card,1,60.42
d1f7b8ef7a59b18de8df95b7b8073a5f,2,voucher,1,100.00
"9c282d27e99fdd862f146b2a7a097b58",1,voucher,1,50.00
"22a4e269c7e62e9aab7536d9f1180d09",1,credit_card,2,454.76
"99daacedd8423e3b5169338429be0110",1,credit_card,10,205.90
a96994cc8ff50d8980c6f69f62f4bba7,1,credit_card,8,566.29
fddf57c74b8cdfa31aacc5a974885ae5,1,credit_card,4,229.28
"48c2eddb1be16ce90bf4a7f93f815b34",1,credit_card,2,115.46
"38920184572395a482db42cb4c8e1067",1,boleto,1,431.92
"04ebe10a05b6cb445e27b34f29a01c1a",1,boleto,1,153.10
"665a5fdd34c24a956e9b6194e822d222",1,credit_card,1,50.28
adb1748adc3299b13377d760724388f8,1,credit_card,4,40.52
c0937aec7cd0f2ff17c2586520713fd7,1,credit_card,4,315.76
"24aea160f874edad134adddf76c2ba26",1,boleto,1,31.71
c10b534f7703a278c245f38852273dd5,1,credit_card,1,55.09
"71628d400b400bc93316d9d6245feef7",1,boleto,1,101.74
"55f6389d37492e413b7dc1cab498db13",1,credit_card,1,59.34
bfabc9ca0342b03adf7e07f25c4a4058,1,credit_card,3,88.28
"5bf333c26f367c6992c8c4eff042bb4b",1,boleto,1,67.60
a0171ff239b3463e4813e36663dac6f8,1,credit_card,1,102.00
c8e61ba622e20d56e712335406093067,1,credit_card,2,142.92
"86cca7c07ff5eb8645628ac2127ca672",1,credit_card,1,63.61
"9c77f06d1dbb94007e708e9aba680a03",1,credit_card,1,91.66
"2f7e9ef33c75fde93e927711229c4b23",1,credit_card,10,168.16
"0a70fd0f23f627d0cc1ea16cb4169393",1,credit_card,1,56.69
"0e6d9d386c1cd507df2b07bac0e8b4c8",1,credit_card,8,800.11
"0c4fc2ece57a1567b1839585c797cef6",1,credit_card,1,146.68
"5bbe99cfacba17ac9fbfd3b9c873f41e",1,credit_card,1,52.23
"6e3c8fe2572e4a01c43ef9970e59fef2",1,voucher,1,141.72
"6c53d99b0ba56006da10a8213850e9ac",1,boleto,1,42.09
"9e4a465874eb1b2bb19bd8e6197615e2",1,credit_card,2,111.32
"210c564437a3ed150b4ac174eb4282fa",1,credit_card,2,27.77
dc3f21586424183d783b18a97b5bee0c,1,credit_card,4,47.85
eadd6e0947c9e1304fecc4a1d4b04da9,1,debit_card,1,114.33
c70e1bd940c5723bf066a1dbcc1455e8,1,credit_card,1,159.23
db34c05a3a62253b75d21d5383f7f094,2,voucher,1,116.47
d169981e02b7b8019f6d3924b18f80e8,1,credit_card,2,56.39
ccb211459abb148401c4f7c596524cae,1,credit_card,4,266.75
aeb6c6dcbb894bc3055802e5a7c5d271,1,credit_card,1,51.85
"7258f5b1cf840900c133d9f7192b7a84",1,credit_card,2,203.52
"6bfc71c2f11f45fc225b1e1476d0b6cd",1,credit_card,1,150.89
"6d6f16813fbb3448a034fc242a2603c6",2,voucher,1,27.29
"5ad738a3ebe737918e4983345e1e02d8",1,credit_card,3,187.38
"4f51650f764d6b02e94d66bf9bfc7f97",1,boleto,1,94.30
"0668d086b3ae41adde3aed3dacbc8fae",2,debit_card,1,252.74
"737b058d8c4d513ed09b9615e3e0dbba",1,credit_card,1,312.44
"791991a7db7d70d16897990d39b0a173",1,boleto,1,22.39
"9bc4eab3ced75ae76b392b55c39d03c5",1,boleto,1,52.79
"2b8ba44b2befca2f4f5f089a38c1b86a",1,credit_card,4,234.34
"1a783a61e77481647e463b2ea0f911a2",1,credit_card,1,198.41
"8d38f0c621183c4e95c8c65aba625120",2,voucher,1,17.65
d722b334d743dc19d08939ed8a57664e,1,credit_card,1,206.42
"36aca7635fb851ae5aeee3b8043cd732",1,credit_card,10,292.28
d04d60a83e3c187136cd8c3a344b5df6,1,credit_card,4,75.40
"56609bbe4e49470d654680a5c0a03c85",1,boleto,1,113.11
a124f3c8e5213835b392c8a30125a521,1,boleto,1,41.93
"30a8343ec44216954bf765295fc0c65f",1,credit_card,10,151.70
bdf15710eda59b7ede173c565c787a83,1,credit_card,8,381.88
a057392bd88e2acf040eb2a5674b557c,1,credit_card,4,52.39
"35123d3f1c7606f81eb9b60272f907df",1,boleto,1,40.52
"7c8a032bb75e0e4d524b14ba147d4ba5",1,credit_card,1,144.64
f3a34019663003872f3892902d2b7b2d,1,credit_card,4,796.02
e3cbbe0fedd9fcbe7450e0c2943beb3d,1,boleto,1,108.50
ef303518c213c484b45e3cd59f745bbd,1,credit_card,5,50.31
af4c2f98bd7bd3031e4e9f8db1b4e9db,1,boleto,1,45.09
efe7380fd1ca4f19193a35a028f0ce54,1,boleto,1,48.31
"310e0c1bbfe5a00061a55e4fa2341fdc",1,credit_card,1,108.00
"689d9b46b0376ea4ebaeac46ebd6fc18",1,credit_card,5,58.79
ac1b50ab07c56a0d1a1f1da407e4723a,1,boleto,1,75.68
f9e91772b7c00e703b2ef5657ec53ee1,1,credit_card,2,54.15
c12a7300c1fdbd202faf783e3010203e,1,boleto,1,156.03
e78777ae8bbd5574ac03f4fd12e5daed,1,credit_card,3,436.40
dbc097913df341f30b9f9e92f459cee2,4,voucher,1,42.66
"038eb192a216fe0c545a8ff3b1b96885",1,credit_card,5,51.75
"580603672a21252f21fa8a8b4ca85986",1,credit_card,2,100.44
"2c353c9011928609140c2fe8c3f925a5",1,boleto,1,67.22
a167a25e5e6faf3098a732b7a75a41d5,1,boleto,1,107.78
e49d66c37f294666b5c6ef847567226d,1,credit_card,5,101.24
"07680abcc9878ad415215bf0945baf7a",1,voucher,1,74.67
"5fcbc2f469eaa436b81cbaa4c05eedab",1,credit_card,6,66.78
"17c7247e36a481d564a5ec8c28861709",1,boleto,1,47.68
b65d2760746d1872f57f872c7c881c4c,1,credit_card,1,92.32
cf229e9a3df6543d25bd826262a12a8a,2,voucher,1,50.00
"2e948d6a9d161cfafbe10825f86028d4",1,credit_card,5,103.39
c64320125b49bb4797d5ee3def14d58b,1,credit_card,1,37.80
b3ba3fb3a14a0fd1a425706e71b7de10,1,credit_card,2,122.97
"89a9df2136d41c99322bcfe6f0c1c7cd",1,credit_card,10,120.32
"405e31197c9ced1ce6839e8eb84ba10b",1,credit_card,1,109.14
"2e444ba1fd25a9eafb09a719e65b5421",1,credit_card,2,69.72
"609c97475846e0fb855687ba02614170",1,credit_card,6,127.92
"2d9196aaddb5713a576a0f4acdf102a0",1,credit_card,2,56.60
"37d69379ae52462d505e0711aed2c296",1,credit_card,3,33.71
d53d7b60c29d9e2fba820bfbe027df12,1,credit_card,1,43.50
"7de22a4935b90873ea2bde9e05fef9f2",1,credit_card,3,77.00
a4bfde08f83dafe9237a6f1890d097b1,1,voucher,1,153.57
ccf804e764ed5650cd8759557269dc13,5,voucher,1,2.69
f0fc39347a86802c8df13bde9111b01a,1,credit_card,6,74.93
aa7e9053d6514094d6d72f1ef2c2bbd6,1,credit_card,1,47.81
a37d25b4ab180d76025262df3c90cd3d,1,boleto,1,54.00
"12a95a3c06dbaec84bcfb0e2da5d228a",1,boleto,1,95.76
"883de4458b9920e4ec5ce2d4fb663473",1,boleto,1,286.31
"033be53bbe3f76953bada81a6a40d3b6",1,boleto,1,186.43
"52676562cb2111b7d4ec7c70868bf4dc",1,credit_card,6,197.04
"03d0e68d9f396f3c4e69dbbb0abc3564",1,boleto,1,61.00
d153b78750c904577222dbe5d1c066fd,1,boleto,1,76.08
"93a864c37dae71568ea5f14dc1dc5aa5",1,credit_card,1,19.64
a05bbaf69d9dcde272cc101dfd1c6cc8,1,credit_card,7,77.57
"340f6a494c2beb062b582296fa626746",1,boleto,1,147.15
"00c62d05602c1ca8164b98746d127fa8",1,boleto,1,128.35
ee1e5461125181b29a98058b3e16d26a,1,boleto,1,125.94
"8f0c341c40542ef2e5fee0d1ed7ba05b",1,credit_card,1,73.16
"616349dfee9e27679881b25bfc3af335",1,credit_card,1,75.17
a3fa2b20c0df9c8279c4441905471140,1,credit_card,10,669.42
ccf804e764ed5650cd8759557269dc13,3,voucher,1,1.15
"3c116d50bb76160ee1d7a2e8f5791427",1,debit_card,1,54.42
"9fdfd76c6631b340c3b923669191ef8e",1,boleto,1,32.00
"56b5b289cf267ee095bfd1f77406e924",1,credit_card,4,227.38
a0819d5b3f3ed0dd5e6d4d852d51ff79,1,credit_card,8,229.20
"62204efd019113a34dfac291b2749b8e",1,credit_card,2,46.78
"0b23ff20645a72c0c1183b6b8ba15719",1,credit_card,8,87.84
e4c509134655c5ab30ba6d298fc5d216,1,boleto,1,37.77
d128b5634e1faad98f4ef5ac2f7e2e97,1,credit_card,10,932.47
cfa8a62cd97f213de2dfe3854b480d62,1,credit_card,1,201.93
ffc2638415f3ce34e88641eef792c1fc,1,credit_card,10,696.08
"95606e8113c2e8087c09cffe458fbf82",1,credit_card,4,127.01
"63a1e75d65a3dcb40d5f452a248e9680",1,credit_card,6,99.80
c9eadde41242e71dd70ad3fb033940eb,1,credit_card,1,62.39
"1b14da7ef108a4bfffbcb8f03d707def",1,credit_card,1,176.97
"6fac3b0946f1bea16dc2cd1cb032aa92",1,credit_card,1,91.26
"862c4f2bb3b1157099aaf23955a73228",1,credit_card,4,299.39
"96d88a64577266cc2aad81a6ec153d72",1,credit_card,1,203.71
"3b75fec4f1f6f22c7fd68becfadf57f9",1,credit_card,2,113.18
"4c1c077d67d0bdf88d4523a14781be05",1,credit_card,8,204.55
a87d8e4358ec8697c2eb5dbcc42f8330,1,credit_card,3,88.49
"57aca838ac598c9289dc89f0ef979700",1,boleto,1,36.22
ea6bd8f80f9e0495ab4d0eb5bd86fe10,1,credit_card,3,115.22
"40703c6f5fddd57d70b483c063a53c24",1,credit_card,1,142.19
"8b30044038679449c915fdb8f46d6712",1,credit_card,1,35.69
c147eb82165b5b541fc943d0747eede3,1,credit_card,4,40.09
"886ceeb29f5b123632b0f6149a1ed4bf",1,credit_card,1,6.71
fb114a7255e9d0f59416a80b564638d4,1,credit_card,5,235.74
"92544b942c20882ed536fca30fbaf86a",1,boleto,1,84.69
"6dbf90ca92c05262ffcf5a7988ec31b6",1,credit_card,4,46.00
aef44b8c84ba0725db5b3c5bd7b29200,2,voucher,1,50.73
"16bca95ea5b4327cdf4a33ba25fa9760",1,credit_card,2,153.02
"03bb0baa2f30152130d3d5df8e44507e",1,credit_card,3,448.91
"93cc36bf4196b96bdce3e51703f13f5f",1,credit_card,1,913.45
"4eeb6af486bf2c0e8e600162bdf2e391",1,credit_card,1,28.88
"755acdbf6da2041544f004ead2cdd080",1,credit_card,3,98.94
e47696af59942143e9e58d36f8a036a2,1,credit_card,6,663.35
"49c89a2aba7f8f079681f6967d846465",1,boleto,1,39.95
"1613193aa6cbc8820d6b5c12536722a0",1,credit_card,4,231.99
"07e59229a9b5b12c82297cc571bd8281",1,credit_card,1,42.78
be70a6a2c7e50ca21ec40bbacd429e5c,1,boleto,1,21.09
"0bf1392e4d1b5bb968191f48c30e5628",1,credit_card,3,129.79
"35580ca9f2a84299b3b6c41875ba71a7",1,credit_card,8,239.46
b02577617dbe17d1ed25d63f6b47c413,1,credit_card,1,64.34
"4a1858ee1b9863a7a8d72174e32a9d24",1,debit_card,1,37.76
"6bc3c767bc73e1e4e1ba0670c3d90397",1,boleto,1,97.01
"09b216c85c7fb2105c85987be09e7ec9",1,credit_card,4,137.40
ef553ba476c9bf8051035dfc9fdeda79,1,credit_card,1,113.42
b70f6b5a22ff6a89a473176bce5c5f88,1,boleto,1,57.98
a4ab908db8226d51e477fc3f81c3e27b,2,voucher,1,112.56
b80ad2b6c5b351d9e15b84a8008a7d87,1,voucher,1,62.33
"75926452a6f0f64a617dcb3b3b35a96e",1,boleto,1,50.00
"0a5c74ccc786ced7903270de9d6c170a",1,credit_card,5,75.07
ab2e05e6a9ef56ff80256898d3e015e6,1,credit_card,3,37.38
"7f2730743127811a3d561cf49acb6461",1,credit_card,3,89.02
"13f39faa772c108e863effadedd16a06",1,boleto,1,109.91
a503842ce2c01bf4bae8b9ed571f29a5,1,credit_card,1,100.75
"205d5db88d0a8b3736d1afa2f6a329c5",1,boleto,1,89.17
"479aedf16362d3b08917c3d84532d449",1,boleto,1,32.77
"588650778ae3d824e5ff92a2bc391b9e",1,credit_card,1,40.09
"109a35c1841b46949fe3d7858f67ef1f",1,credit_card,4,99.68
"0fdcadc1ea2d7ca9f59b5085aad894ad",1,credit_card,2,45.48
b9b51e569a2e79970555eb81107eb369,1,credit_card,1,57.51
fd867bdd8258af11c6d8d6ff8c6c82db,1,voucher,1,20.00
"51c3d73e0e905225319f9ae8b56837fb",1,credit_card,2,159.45
"5d32f74219b2e35ba14aba07eb94c981",1,credit_card,2,53.01
"6e11f5b6972e1b602699867fc1d5b6c9",1,boleto,1,80.59
af2099df7b489e3bd2759c1daf111594,1,credit_card,4,91.86
"1a20763865fc18cbb4d82cffcf893f31",1,credit_card,1,99.33
"3c1d975e12dfecfa6c8ecbf5cb29759d",1,credit_card,2,142.66
"7f8903f6568b27ce902d983d179386e1",1,credit_card,7,160.76
"8a601ac58a66e7a37b56294b81c2b373",1,credit_card,10,227.47
a8b78b69f09b2a198f5a89c1897f8c72,1,voucher,1,32.84
"6036d4eca40644c890443b856040cb18",1,boleto,1,64.50
"85b4db0acc8f67917cb9245d8547ecaa",1,credit_card,3,619.53
"3a81f00da2cf9c1ef4f30b34bf435c62",1,credit_card,1,87.98
"6fd99ae46481ecfc9fa468d54f403e90",1,boleto,1,164.49
"6e228f845ad0d104a3e3c343dbfd0c19",1,credit_card,1,26.84
e2a6b0a5726eb784ad4d8281e02ff025,1,boleto,1,153.99
"7c08dc7de9f9ef0a8dee5ab4a414f840",1,credit_card,2,27.87
"455df7bac21225d8e684c0712d10fe99",1,credit_card,3,110.19
d3e1990c95a293c07983a54bfd02f062,1,credit_card,7,72.42
"6a152f5684d235853de99a54ee7e8065",1,credit_card,4,764.12
"1e8ea8fda49ecffe10111ac1d475ff47",1,credit_card,6,431.57
d168723fbc108ab922a23516046a4b42,1,credit_card,6,295.52
"0176e50f3853fa068127afa3daff6402",1,voucher,1,75.07
e37cb83a77f2c53e5710ace789c66a97,1,credit_card,2,313.86
a3f40d7f1e3446fb6bd73bb0373b0996,1,credit_card,1,29.38
"88fe6c8d13fac8f0541f004562843994",1,credit_card,4,123.75
"53983db8677eb702d142238b8a1e8ebb",1,credit_card,3,152.16
"01074135a88ffa5978eaadfc7f482f2b",1,credit_card,1,116.61
"76cd8bdf29b1ad8f6dad715d6ad8fe90",1,credit_card,10,214.83
ce0102d9f3f2838b9dbcb156a0ae2d86,1,credit_card,3,199.52
"0823dcbe6114c3aab2fc53d98117d916",1,credit_card,10,115.40
"6773a3b9580015122ad311ee0d507468",1,boleto,1,43.68
a048e5da1c33fe118dd9627eb8d35d16,1,credit_card,1,196.01
"992cbe3e064cd39f9ccde60a29ffcd3c",1,boleto,1,364.88
"6dc8b8f970d5256ebe88e075c1428321",1,credit_card,1,143.04
"494ccc8cd99c1f8293512733b50d1658",1,credit_card,2,50.69
ae213a9f84c777fb7a31e8c0f09fd30c,1,credit_card,8,398.69
"2ceb6637c42b2ccc41b9949f731f995f",1,credit_card,1,220.54
"5d4f99cbe5d36d97c16689770008cfc1",1,credit_card,10,281.31
"81935e523702224d87bc6b915f51649e",3,voucher,1,36.27
"465dd2ffa0a3037d69ecd75c4e987e4d",1,credit_card,6,512.62
"801ff9fd867535b5d27f82019cfef7e1",1,boleto,1,51.01
"4c103cf6b4ea5afded1030501ce5fb3f",1,credit_card,1,69.96
"81ee72663ec8c48b97ba61fa03f3f7a0",1,boleto,1,33.51
eaccdfa7ebc7197350752707a3103de3,1,credit_card,2,22.42
"654da57158d96035814657b5143bb11b",2,voucher,1,14.69
"9577571b6dff4b75d5015aad1bd7c2d1",1,credit_card,1,160.88
"2188019060b6276ae9fc889917f6d5cb",1,credit_card,5,53.79
"78b4b4df4e8811a7389f543cc5475f40",1,boleto,1,222.93
"906aae501a08de5072a4db9471da01a9",1,credit_card,3,38.09
a1a5a93917c05f8f0a018f68e63a8f52,1,credit_card,1,45.09
d15d5477cce94ff7cc703231f43288a2,1,credit_card,1,32.51
"629bb9d04c91f3a7d95a5fe1432ce47b",1,boleto,1,103.33
"42b4cc626bcba589ae76151155a70a19",1,credit_card,1,161.27
"3170de33866d3923448fa787230ef7d1",1,boleto,1,104.80
dae77dea063022deb7f856fdec40622a,1,debit_card,1,22.93
"35dbb412511cc6e271f4d44dc8195292",1,credit_card,3,66.78
"488a68f9907cd07802276d560e7f7a68",1,boleto,1,408.09
"2f30f698a72b7001e344c6c06b0e6564",1,credit_card,1,61.44
c4512da2ee4d091cf912a878cba23f6e,1,credit_card,1,49.22
"4852f370542e79ecd0ad9671dfcbc91b",1,credit_card,2,176.76
"046cb513a5ed6d4f7506af8f88636609",1,credit_card,2,69.06
a909c24a30d5a05204ecb7ef3f11e321,1,credit_card,2,237.97
"0559598ddb2398bb4c202d6efd54f04e",1,boleto,1,27.30
e928ff37a53d06de70f40f1cc47ad7a1,1,credit_card,2,92.90
"15e76da51e30092973501aec21769ee2",1,credit_card,1,48.83
f12dbdb6a90508df0f4d102e304c8c7d,1,boleto,1,65.67
"62f814c5cee70920ae8e265b400e8ba0",1,credit_card,8,218.27
"7fd5ce5b7835d787b3a39742ca00d5dc",1,credit_card,3,33.84
"7719f9708389131806ee9274b88c911e",2,voucher,1,49.59
"4f8c4fa99a873ffb8452acc0e0c9c515",1,boleto,1,81.20
"1f38f9f0e83af83813b5db8ee43e1a02",1,boleto,1,28.97
c0e4be5f87879fd60a4ed1542a1c60bf,1,credit_card,1,138.92
"5fd251a8f350fdd3985d81dcd0c2674b",1,credit_card,3,192.56
"9372c16a75d7ff9110358389ccaa0566",1,credit_card,8,155.62
"7c28cd51bc7b7b5b8e81ae0bb7f17340",1,credit_card,2,27.86
"9f49bd16053df810384e793386312674",1,boleto,1,1488.59
c89817240e09ddf1fc2d8ecf05464107,1,credit_card,4,130.47
"1606103139f42c0d1a6ff98702274039",1,credit_card,7,72.43
fa2c90cc79e4e69f0083fa936998174e,1,credit_card,1,171.62
"73df5d6adbeea12c8ae03df93f346e86",6,voucher,1,12.39
c0fce14fbbfc6d14305f78a28d145c4b,1,boleto,1,64.38
"7b4dd7a1e967f3c305574c48bf4045f5",1,credit_card,6,68.40
"89004e15d2c77c8dd899015d2662b32d",1,credit_card,1,85.60
d595d12a400a55972bc4a65cbfc2f6c6,1,credit_card,2,45.11
df23e811bccb321eb67f120f96955445,1,credit_card,3,39.59
"2477bfb97977363803e3cdd7c6805198",1,credit_card,7,76.65
"3c5c6fad12cccea3829606ddd4c3b7a0",1,debit_card,1,98.14
"5038c933890c38bc50053e46b4abff17",1,credit_card,1,64.52
"6a5c530eab233c31e30ba74a78ac72cf",1,credit_card,2,142.10
"4017e89aa0de21cfc97ea96afbb9e1bb",1,credit_card,1,83.32
c473789225d03e3eae1a40d5402f1cca,1,boleto,1,108.81
"372f8e1a08cbd807194b89b3c31a448a",1,credit_card,10,2328.40
"969be6eda8eee17b51e2baf23de37571",1,credit_card,2,131.73
"88a508c1d26ebce186f2488575a1a3f0",1,boleto,1,178.72
"67df019d84e04f3b626f8ede2dce4517",1,boleto,1,148.71
"6ccb433e00daae1283ccc956189c82ae",1,credit_card,5,84.67
"64c1c186ea1673374b460f9bbfbb079f",1,credit_card,5,105.60
"2be69b19c3402f7c2ac375f252022d70",1,credit_card,1,44.32
c7873fbbe3a42117a53be238d9b734f3,1,credit_card,1,16.39
"484216e35682c86df2d5548a94d08cbb",1,credit_card,5,113.80
"7b4fb0197b18a0fd0e75f9e44b3fc757",1,credit_card,2,121.62
"95d48dfe4e0e1340d723337fb3a8ca68",1,credit_card,1,76.54
f726de924d4419207ba2ba5f81608a24,1,boleto,1,583.82
a79f369e816d39951d6f26ef65842903,1,credit_card,1,32.38
d889a8ab0342b0b548b78963f15aa195,1,credit_card,10,744.18
"97c9dbbc595d9e8c581b6caf87eb91df",1,credit_card,1,89.70
e9d2ee85d4e02fd80bd039f3eb4d549d,2,voucher,1,20.90
ee708af463026757088ec8811920ad51,1,credit_card,7,223.14
"4e0e3013defc109eaef2c4cf86b66a10",1,boleto,1,133.58
"08659a24c131a7a894f45544a4ab4751",1,credit_card,4,372.26
"61fbc5899c21d17064fe3d17911738b2",1,credit_card,2,107.02
f07ac180675b94d4fe8f697eb2f87d12,1,credit_card,1,126.43
"455283c5e3bdcef4ead05938fa665e79",1,credit_card,1,92.78
"1cb3c680ddf904752646028ee22073a4",1,credit_card,8,203.90
"72f2b0985c221947500b786ead233a87",1,credit_card,6,63.27
bc1bec23829671b94e88b1de215f4ad6,1,credit_card,1,61.05
"3a026b1e98a953d5e0e675d1593ad4af",1,credit_card,1,18.90
cf5a5b72cc9714b2afbbb79d472baaf1,1,credit_card,7,436.69
e65ed79c46c63118f16efacfca85f06f,1,credit_card,4,84.14
d47fb5aec546dd9f12ed5495f96bc350,1,credit_card,2,76.39
f1096b41dcbdf89e08328fe0a54ab07c,1,credit_card,4,292.24
"2caedb75be9b0acd4a4aa3562e5f898f",1,voucher,1,44.00
dedfae6510ab02ac08526276e245e006,1,credit_card,1,82.59
"435f2daeb635ed643b734989e51553c6",1,credit_card,1,49.84
"603b717dcdee8679723c6918ab5585ed",1,credit_card,6,192.32
"53f0bd64140840f70f00c89e7a19fdf2",1,credit_card,2,230.75
"8baf28445cb6bb0afdb2e6c88c8287c3",1,credit_card,3,225.60
"2121cb62043eb2269ab8bc218100c2e4",1,boleto,1,61.93
bb3164e0236b64b580d475215f1004d2,1,credit_card,3,82.14
ae22ff58af6a02d30bd820bfc1f2cb3f,1,boleto,1,111.40
afbb859246fee92c1850a6e8bf1a9854,1,boleto,1,27.09
"79e22f93f0543b4cc32f9aa333a6df5e",1,credit_card,6,165.28
"05646cef8f5791776e224b7967607b4f",1,boleto,1,45.42
b58613b6198d11176ee50ef1d433bfbd,1,boleto,1,42.19
f68bf4a4d690be2a9ba9402b0862ad34,1,credit_card,1,166.68
fc7e6d607ce832df24d06b153b3a6c1e,1,credit_card,2,45.22
ee81daf572c595016b038f9dcf8f6a0a,1,credit_card,6,238.21
"3ff122d5ce35754dba91bc1c99ad6a65",1,credit_card,10,116.66
c15582dfe92312e48613b9cb37caf0c8,1,boleto,1,105.37
abeeea9fce5636d390a8d462e783ade0,1,credit_card,3,37.22
"9b4d44f88d31a9b5149bba90b6fb7b7d",1,credit_card,1,64.00
"05fad97db96406de1787c7a532c46a2b",2,voucher,1,84.99
fbaea27eafbf4ac56866115c9096c490,1,credit_card,5,97.65
addc0cc4cec3eb1c8a99e7dcaf7b7528,1,credit_card,10,146.68
af87d49b5a2696414bd17915b853c941,1,credit_card,1,67.50
ce6ce659b1584fb64a7ee077d764a37c,1,credit_card,5,182.86
b9f46930a49f91a659c2f17c92a13746,1,credit_card,4,98.33
e597a2f203b82a93de9dc256e72c3e8d,1,credit_card,8,116.36
"2e699b7e112d1e8013c93a50c27a3973",1,credit_card,1,91.16
a741e58f892ca29c438e254e4ce4f426,1,credit_card,1,61.11
ceb00469647175837056a5f7104b5fa6,1,credit_card,1,64.28
"6fd3076696fcac28e9d04a378fd4b5d7",1,boleto,1,57.68
"0d08cdedf9c8c3f61810976bd0ac294d",1,boleto,1,66.06
"500102fcba02a3eebe20afee72de2f33",1,credit_card,1,35.00
"62bc181a6d897eba7057bb531ea5f094",1,credit_card,7,105.37
"4574345c7d99730212061b6152f81928",1,credit_card,18,987.80
"95d6357ffe41aa6d2998852a710c70a0",1,credit_card,2,108.65
ea8dfcfa112dd9df068022a643e58a22,1,boleto,1,44.42
f4b85a796ab70afd964c35ac15b29fa4,1,boleto,1,43.34
"42eac028466118a879151bd1ad4c2acd",1,credit_card,5,181.51
"0ec7299d65db721d9a6b5c95c2ff494a",1,credit_card,6,68.84
"0eb4cf49eff3cd15badb759ac543cd2a",1,credit_card,1,46.20
c915a55221e61e2d798340ec6553d2b0,1,boleto,1,150.89
"6a5664e1fb811235e24050acd7c68688",1,credit_card,1,353.42
fe9d34568d9ac7651ff018def29da70f,1,boleto,1,220.39
f4d3a6f8b3c011cb012b39fdfb4817e8,2,credit_card,3,38.45
"6462b86adeb33354833daece8787cb69",1,credit_card,10,127.92
"292d3c40e87d260ea28e83b76b5e352c",1,credit_card,2,160.64
e8fa22c3673b1dd17ea315021b1f0f61,1,boleto,1,3018.60
fadc814c107804fcba00a30e1879b718,1,boleto,1,119.94
"9db0b5f3481614484592866ec7c902f3",1,boleto,1,183.93
"6d415687ad03111662fbfc54c811414e",1,boleto,1,49.02
"843c4657d0e36a64ee5819729168339d",1,credit_card,3,180.47
"848bb02f182d3cd9c820281db86fc743",1,credit_card,2,76.76
"481261db37f84927929168d7b183b54b",1,credit_card,10,163.18
e3229814a5d932778d6a52c6816715f1,1,credit_card,1,22.70
f312113915f8f85b447cbbb41a3bda73,1,credit_card,1,59.68
"8112a281ea81fb96d760f13da83ffaed",1,credit_card,1,214.90
"3c75044db750a89606612ed286713eb8",1,credit_card,7,74.07
bae6774d132c3ca4920c1998172a1ff7,1,boleto,1,241.15
"5982f7ae2a7fe7f609c44a33a9780ffd",1,credit_card,5,57.62
"5266088c56ae6a700425da42e273e7cd",1,credit_card,1,25.78
"457c5fb81a06b09b10e752720b28f5c5",1,boleto,1,128.63
"6ef946c23a02ae5e2cfe4779ad34d805",1,boleto,1,167.52
dca63e525f9401c2d75b39006727511b,1,credit_card,7,76.14
b22b9811c2074480cc93f9e8b8e4c8b5,1,credit_card,3,151.46
d5ba80d74b52c335ae36398d6159e6ee,1,credit_card,10,371.88
c107beb52fc248b69e73264c0b32884f,1,credit_card,1,126.10
"7902f1e4e448f0d59d80e60bc25ec61c",1,credit_card,10,150.59
"0a9290cec2889b113c83f052547448f1",1,credit_card,1,101.73
e85ffcc0e310087de07b84dbd43fe3c1,1,credit_card,1,105.32
"490294e04b1fcabc9f9984ac22820566",1,credit_card,10,688.44
d7a2737b7058006a6fb4d5e468f1feaa,1,boleto,1,185.88
d4ab8a264235be36f72a07621046d082,1,credit_card,5,215.15
"0f9ae004cd5a93d115668cff55d33be3",1,credit_card,2,52.05
"336aa930110aba578d1a4471144a3271",1,credit_card,10,234.78
"7853cfd26dee49109295b3e604567180",1,boleto,1,125.80
f6c9fe3ff737f5568e352b5b2afcf112,1,credit_card,1,32.72
"13252181a93b4bad74b1611626df60cb",1,voucher,1,21.77
cf1748350d5972bde01008c436083c4b,1,boleto,1,113.77
"3d24c492f9555a79d4d6fd3a22fbee1f",1,voucher,1,10.49
a0b9376f23d21362e3f8060e47e1450a,1,boleto,1,158.82
b02513666ca6bc4ca57d794a58854d76,1,credit_card,2,149.35
"81dbb577a47365babeaa44fe4f9a5666",1,credit_card,4,64.00
ec3a30c1155fb62e7f0067107c94b83e,1,credit_card,3,168.75
fc7f5997b1623d9bc1427466a7a70b94,1,credit_card,3,90.97
"4518ab57ad7e9009e40b69c17bc005b4",1,boleto,1,77.51
d5fe6827cc4a6ce0562e5e116c627839,1,credit_card,10,189.33
"03572de4ee0598b00c48f6de965fcf78",1,credit_card,8,313.82
"601f50b489700f94b4495812a8b09b57",1,credit_card,3,320.69
c66355d90f2d434148fbabc507d60ffc,1,credit_card,10,101.73
bc377c460d4530efd4c7e37c5d7f0a9a,1,credit_card,1,97.11
dd29c320fd584533a33b3e7dd1258611,1,boleto,1,62.21
"7599f0394aa4e7aea57ca87897378014",1,credit_card,10,220.04
"9855054362f487c4f25172bd0b8a44cf",1,credit_card,1,127.89
"818ea45f3cef61b3f0f71a0491c1b636",1,credit_card,5,50.49
"9e3a542f51363bda001167b7f5bd8dbd",3,voucher,1,25.00
d561072d49eab548e70aab56a180616e,1,boleto,1,40.04
"86eb56a83df068fafba35f1a76537ce2",1,credit_card,2,125.23
"0ec20050bc3b82afe83aa803bff7ff04",1,credit_card,1,62.33
"9bd8962db91a783af70ff3eb36fbeea8",1,boleto,1,123.00
d889d65567a63874e9db38241ec2399f,1,credit_card,3,216.51
"2f6ce0fc6861201ce7e46d0b67ca0dc6",1,credit_card,3,528.80
ff0768e3356919b32e3d7f30baecfcfb,1,credit_card,3,400.44
bf663339c2578e920e49cd43f61ada03,1,boleto,1,176.65
ca1e3df727868ef1138ae5de78a1f611,1,credit_card,1,73.29
"55772fc319b3906e897cc43fae9c1835",1,credit_card,5,74.16
"08523d94685d7c7efc1381136873cab3",1,boleto,1,96.02
"3c8be270e7e602ffcde3f97cef934376",2,credit_card,8,37.58
"29fbef181a9fb4263222cb6a7cc9938d",1,credit_card,1,32.42
"197d48bed0d9f4a71682dfc048409b59",1,credit_card,7,381.86
"7a2794a2a0fe321c8b3735dac52ca64d",1,credit_card,1,65.91
"12c35cf2a5171b0fb8e19d60abcb9353",1,credit_card,1,153.50
"071773cf1c4d6c91cce83af65b9f8fff",1,credit_card,1,63.03
eda3cb37479a52de9848bfba4b805cdf,1,boleto,1,69.31
"7e1513d1c3dcd78268465d40ac95561b",1,credit_card,2,100.18
cee7c304d30da21674177c8c988774c9,1,boleto,1,201.99
d0f2eab6dd80aa594023f8ed3bd024be,1,credit_card,9,135.95
"64c9964d22277d994f527777add3c406",1,boleto,1,108.44
"7ceefd4f41f12d8806ac52ee4dc49f95",1,credit_card,6,127.74
"445a17ac1fde5a5ac27faedc9b38318d",1,boleto,1,24.68
"7d1ce7457c6de5e26ff0d58b395befb6",1,boleto,1,69.09
"0452092bf08cf43ddab32ebec9e75d2d",1,boleto,1,50.30
d39cd8aec30c3829bad1c1b4194b4fd8,1,credit_card,3,139.28
da9aa61ec7bb8713f483bf0bf94c71c2,2,credit_card,3,107.21
"728416b0db65935dbf78a0cc03e8d6f8",1,boleto,1,270.00
"6cadbcdea4da5368c7a801ce027f23f1",3,voucher,1,65.90
f99c42cf20b64fe3dc045ae83e56f4e1,1,credit_card,3,566.00
d069386dc9272623bf6734acaa0b5c74,1,credit_card,3,198.20
baa7ca9c78b858b0b7ce66a7f5774d66,1,credit_card,1,83.40
"4b17e1c5883e048067f7ea46b74fe222",1,credit_card,2,205.08
"92e3b708c3923190432db2b9fd006b44",1,credit_card,2,65.09
a5477627582780f6c347026e9c8ae0eb,1,credit_card,4,336.89
c79ba7d8e02ca2a64a4474bc0927a03b,1,credit_card,2,125.42
fb4de3600d359f84927517e78ff9ba54,3,voucher,1,20.00
bf17a7202282460d2e5bdb15bfc64373,1,boleto,1,237.46
c00da3caac54c1d164a533d8a79c7230,1,boleto,1,44.09
a20d81c1358e489ce9123db03486eeb7,1,credit_card,10,231.07
"5346a99f61d771b889336c4a2c14e0b9",1,credit_card,1,74.72
eed6f74a190f23b5a8ac54a8b86aa79d,1,credit_card,1,55.17
"7d09e4056c3bfda6715955ee27a98e5d",2,voucher,1,37.29
"2c32c97550e1aef2feba6d0bfa3e2c37",1,credit_card,2,340.29
dc9a75be849e46bc94aa327ac9bc13a8,1,credit_card,4,435.44
"13c8da80a4b1a89a063dee494d324423",1,boleto,1,81.57
"9c54a1816e487456bb7eb5082b9823ff",6,voucher,1,17.95
b142ce1c884b7b514639d0ce49c1fa39,1,credit_card,1,94.12
"6396a9281831158e4cdc8eb76ac7601a",1,credit_card,2,270.88
cc06813c8d9909633f390ed9b5df999f,1,credit_card,1,173.59
d4de2912c79702221bd12d642b18e49f,1,credit_card,8,558.92
"342d167b1d92106f9aa3dc7c963bdefc",1,credit_card,5,149.82
"52b584ffb85f68adad88374d3c150147",1,credit_card,1,130.70
"6cf42125a37be6793fa08e470569048f",1,credit_card,2,50.00
"71cefe5177d8b6b11dce9fa4060f01cc",1,boleto,1,58.82
f6b5a2c1e180d02a3b579941b782da7d,1,credit_card,2,177.25
"7b994fc7c7528d2098eebcb19d18ce7e",1,credit_card,3,99.70
"7257815d53dad2ce8c81e8e17b4719d3",1,credit_card,1,33.75
"039f61edec89c6f0edf8dd1a0bdea1fe",2,voucher,1,100.00
cd3deb6d2ee0f10e0a411706fea52dbc,1,credit_card,1,35.77
"4969de35fd774f0dc8cdb13b069135df",1,credit_card,6,381.69
c2e3096cfe14dd179f75dc83746fe2a8,1,credit_card,1,41.75
"1c38314597f39a117548efb308041b76",1,credit_card,7,390.32
"478887cd708081a72d53f271fe615bae",1,credit_card,4,117.92
ddc6397d6300a0416f6f40c48f6aca70,1,voucher,1,92.10
"2e8f6d00a2eaf2a625d99b8d0ec27627",1,credit_card,6,71.65
"95807754346c1a01b8040f29f42f74d7",1,credit_card,2,125.12
"2f1142c1bd6a656c18928bd51215565d",1,credit_card,1,77.04
"12905797f6a5f67c41d036a0ea9a40be",1,credit_card,1,67.00
a610609ae68611c8fdb97f1002636127,1,credit_card,1,92.90
b242b34edbc41ec738a3ff3cc4c0ae89,1,credit_card,5,102.96
"7df3717b5a5609af21ee9e719b68cef8",1,boleto,1,246.26
f3ace35a38b59892c97c14e9eadbc923,1,credit_card,3,63.53
ae2f85b0fa227d6ecf5ebe62dba5c91d,1,credit_card,6,362.00
ed0621902f725df643367f63deec991a,1,credit_card,10,165.04
"8899770c263136aaa6768f75189d996a",1,credit_card,1,201.94
"594bad57a253656f86d8282c5365be89",1,boleto,1,192.90
"54a6545f89aadb5724b75a5a6a1f7837",1,credit_card,1,52.09
"2ed3eaf0bd65da1480c9017f211fa315",1,credit_card,1,46.39
"6310ac6315a8fa1c78101c9e73ed00d1",1,credit_card,3,46.71
d710c73e401b4a2ac211c25a76f5af88,1,credit_card,1,82.98
"1c70da88ac2f845fcca28df46ba4b4fb",1,credit_card,8,614.68
"8d8a1fb20cc3bcbed0c51fd0c70bc538",1,credit_card,3,211.86
"9ef93df3442de1d9dd3a6b71322c1c3e",1,credit_card,2,70.75
"318abae1b1ee9847e237ac1501e1d0e1",1,credit_card,10,115.16
"86f17666da93e1222e06113554a58969",1,credit_card,8,285.26
"7af99279a8af75b4b281a28927b84b81",3,voucher,1,18.05
cc61a8a634ed495116b2ce1fc8d1a1e1,1,credit_card,1,104.28
"5288a5c8ebb19306a1564b85ddb068f0",1,credit_card,4,259.56
"49f0e82d2c3c46134f551799b3990bf9",1,credit_card,6,67.44
da09a133ef2ab8e4d7b4e0f48ae2c627,1,voucher,1,81.96
c85289fdb95c9cf1cdd688af14513e33,1,boleto,1,96.98
"83f3d57e77ac04a095a21b92ae0fd835",1,credit_card,1,83.84
"693571876f68cfd82ad0772a4fe8136f",1,credit_card,1,62.20
a60ea8fd020bfa5f5bf961965d429930,1,credit_card,2,22.59
"82a11e82ea02c7e3381366e935c1126e",1,boleto,1,111.76
a8214c9e03a43c854489256848d39323,1,credit_card,10,125.98
"335a2e98058fdc2ff97c02856d53a76e",1,credit_card,3,84.54
"54e9851195e7b44a91adc2564e4d082c",1,credit_card,1,9.80
"4370467d3d9de99a4f75e1d8abf9090a",1,credit_card,5,107.50
"9fe3aa695f82b14c91be17f23b17ef31",1,credit_card,4,86.25
e8a9b36dea36cc9c246000b8c7cca976,1,credit_card,3,88.90
"66810815fe0a68f5501d8cbe1472779d",1,credit_card,1,206.74
a014df361e44d96998c820138fcd9ece,1,credit_card,12,258.47
"5dd65924234c78a809ec526f2530259c",1,credit_card,10,109.64
a39c7815a7969c5a2b73859f2b842f32,1,boleto,1,223.60
"212c76a2134c9695982fe8f004a57dc0",1,credit_card,4,130.10
"60c484e55dcb7815f7be74c8018560ca",1,credit_card,1,208.55
dc072bc7f25f21ccf376b9aa0150b114,1,boleto,1,41.60
"7117ea59ab9bdbf381b1a880eb25b07c",1,boleto,1,386.32
b143da68f7399622e44dc8229e039413,1,credit_card,1,125.20
"7b7e1acab40b5a906d8f82e23d1c8687",1,credit_card,4,219.38
"687827c3a3bcdf03c6956d9bbe263ed5",1,credit_card,2,49.45
f19fff48230be5d17b1e9f75b268ebce,2,credit_card,5,113.34
b2206d0ce2ecabdb39fcd5ce941805ad,1,credit_card,2,116.62
"61baef2a0f106d519247bdd98e7156a6",1,credit_card,1,59.11
"2ba9cedfe4113e91c29c82f4be24687d",1,credit_card,1,84.37
dfb5ec8907656069c0575e5fb0fc9c3c,1,credit_card,6,499.58
"887b522c355bcd896b5168f84a11e6f0",1,credit_card,8,490.52
"82daccb8bfc3bb76bc1616a4f22c3cb1",1,credit_card,4,109.16
"59be4c2310298e01725dd55622c4f038",1,credit_card,7,77.89
"7d6b40109573304141d61d0eb6819e48",1,credit_card,8,232.17
"9aabbad854d4c27b0ef46e919e8988be",1,boleto,1,40.09
fb4de3600d359f84927517e78ff9ba54,6,voucher,1,9.69
"641fb0752bf5b5940c376b3a8bb9dc52",1,credit_card,10,386.33
c3d20ed8b2a4660da61c57c8d46b6140,1,credit_card,4,67.05
"0c38c51b8a775bccbf8a0e340be3cece",1,credit_card,1,93.20
"387d999316bb3a42822318138fb1b0e0",1,credit_card,1,146.43
f1f812f73ca332c8951443e6dc2f8d54,1,credit_card,1,93.83
"32fb9842a1e575a59a048b0f5b471d94",1,credit_card,3,77.65
cc57707ca30da62fcf5d00bdf4ea143b,1,credit_card,2,28.09
"05ac54e2c004e051fa139f2efc01fadb",1,boleto,1,832.89
"7cedc87ca678cbe2ce928829cee6bf3e",1,boleto,1,85.67
ce7be36d78630d654873b810b8d354f4,1,credit_card,10,162.90
"4aaae2aa1aaf68062749b93fbe24d6cc",2,voucher,1,100.00
"6a300a67950956af7a9e1fe6e85c92a4",1,credit_card,1,31.13
ba403fc6762185ac676fa515ce2b1afa,1,credit_card,3,74.08
afe207b8795179c5b29bc4c2f0052178,1,boleto,1,124.50
"688f9f7bf06856abf4f9bd73e57cb5a4",1,boleto,1,163.79
"6da26425f18bd6e1d4be0e8be50162a3",1,credit_card,2,72.27
"8dc26b80bce71bfaf67ee6cccc4a141c",1,credit_card,3,103.14
"31dc5103a73f31b15f42c3a5367efcf0",1,credit_card,5,130.46
"2e99433024f415d8bda635a5f0615a25",1,credit_card,1,75.25
"152c5ae80410664de684b6759b52076f",1,credit_card,3,155.99
"1cfee098c50b9fe736b638203f7077df",1,boleto,1,114.43
"74e9098e04f430c82e0a8da397f7922a",1,credit_card,4,103.61
"178358411049ad27f877b8964564528a",5,voucher,1,12.00
"88aef6eed6c5cf608b6e57b402ca30ca",1,credit_card,2,143.21
a9953b2f0b1665ac7586cc5a6ac8f58c,1,credit_card,4,171.53
"553c468f68af19869694de8bcd095213",1,credit_card,4,187.50
d42ba61a59ac7b2af476d42dbe16f68e,1,credit_card,10,800.73
f29059714a02a0730711137a8a8448b9,1,credit_card,2,56.01
b8d8e7c7fe850dd45f9e3762c8b4b940,1,credit_card,1,163.57
"103a6df3372464e08e529f7d888a48f6",1,credit_card,10,243.76
cc72c534117f6b66be178c5ac9235adc,1,boleto,1,59.01
"0fa05bb83efc10205ac8f4224f10c336",1,credit_card,3,147.59
"90349f264a3d6a2525a34598d09dda6b",1,boleto,1,314.34
c0169fe1cf1ff71a7391742a2b03d6a8,1,boleto,1,51.73
"175f78291b6a5157427421c494d402c9",1,credit_card,2,116.94
"9ad6e11f3fe1f15641598b35cdef8849",1,credit_card,3,201.04
d2dcde253b72954806e86ee9f7995770,3,voucher,1,0.91
"70eb3f78e36bed84a86e6570b0fb308b",1,boleto,1,91.18
"532726afcef522ad5dea18b26279e955",1,credit_card,1,63.49
"4069c489933782af79afcd3a0e4d693c",4,voucher,1,9.83
eb6b32a82d2459d0ce7f2089f9eba0f2,4,voucher,1,29.18
"6c7eda5a953efb5c1b6214592902069a",1,credit_card,1,72.09
"6a1ac461a015123f2d4daef591933747",1,boleto,1,420.01
"72f13434d0258f5c25927d2b4d5b2c1e",1,credit_card,10,216.26
"57ed8be469a185c4797b2d3e82572315",1,credit_card,5,66.74
"83c7e450050581ef4de4b03199ccc1f1",6,voucher,1,7.62
ee4a5cfe1eb9e24a2318dc5a3181cd6a,1,credit_card,1,99.22
"386fb64833979f990b7d61cfa9619572",1,credit_card,1,62.47
"961d9e5c68462472ac3bba1243d731fe",1,credit_card,3,142.26
f608221528bad521bf876430ca3a830a,1,credit_card,1,51.22
"36e05888e17fa68e55b13477d9b53d3e",1,credit_card,2,113.97
"1f04f45771eed910a8d58e5c52604660",1,credit_card,4,77.15
ee79adbd6f648ea3c946d88fc8f3dd23,1,credit_card,2,114.68
"9321ce4aafa9151ff2b57775c8d1ff70",1,credit_card,1,23.29
"733de62aedbce1c54c823764c3057e10",1,credit_card,1,28.09
"30a0d918b3ba882cd4f3557a0ac1182c",1,credit_card,1,66.82
a11b617c5514af0a6b5181041a897b39,1,credit_card,1,28.75
"4e64db31eb34a4e6c86235fedead69eb",1,credit_card,7,76.27
ef9a774a63ac7a8f256cd7dc7a52f03c,1,credit_card,1,284.90
"1c17925c49f9d7785ecc1febf7f30363",1,credit_card,1,78.60
"139fda452e8ac63db51c90f3995dc480",1,credit_card,10,171.55
"9a6327d5a077984fa3e3c659a24e7915",1,debit_card,1,29.74
"4d91816c61cb9557eb207bcbf0929f44",2,voucher,1,37.64
"925e0efae10a47529fb9c78338b66d8c",1,boleto,1,63.11
"132947cc0a6620350693052f3548070f",1,boleto,1,475.01
"8705f63a4f33f2570126a9f57336b1e4",1,credit_card,1,218.80
"39d92c90ecacf0e6411af62b7bcabe17",1,credit_card,1,86.15
a5ee069718f4fc72e7a0567f4a45ba53,1,credit_card,2,107.46
b1927b1b40d5a2c5e0d49a6bb76fc273,1,credit_card,3,231.27
"1fa0b1affd773f88e6b1feeb6d211dc5",1,credit_card,5,273.54
"6e89707fcdbc3ebec7af18514966cc90",1,credit_card,6,61.38
d3ba9cc2ed6bfcb179c9d654974de7f7,1,credit_card,2,26.31
dc8a0e6deb56f56aec40546b51c53266,1,credit_card,8,247.95
"48ddd457f76f31a99e60ac8007bc8b28",1,boleto,1,56.69
"5683975334cf0cbd77e90d11c940b257",1,credit_card,2,62.38
"088683f795a3d30bfd61152c4fabdfb2",1,boleto,1,46.82
"27a1fa63452ccc6fff17e6b258e794fe",1,credit_card,5,159.21
"2b124ad880bc7d6eb045e056c3e68449",1,credit_card,4,64.17
"2d3ae8314361346376456addbeb7e5ed",2,voucher,1,12.36
"9a8ed77611006df4a507b6649200b71a",2,voucher,1,30.16
"405ea1828ef697a508aea9cdafdc7e79",1,credit_card,7,76.99
"08d55c0e173bdfa5770a50a253b1810f",1,credit_card,6,131.02
"9508c52fce9468c56973500f75dbad5b",1,boleto,1,1877.84
a8a3eaaf155bc111acb10e0536a9e753,1,credit_card,8,86.83
ba227a95d8ae1abc30bda3c6c5c08c1a,1,credit_card,1,37.03
de6a26eab8b3a87c4d4ec2e2a8c2495e,1,credit_card,2,65.22
"56703a55199f4784c80fe5e5de71c532",1,boleto,1,72.32
fb19bf53808ab2fab7f30f09cded534c,1,credit_card,1,95.78
"9dc6090bbebbe8d60da36a471fa46ddd",1,credit_card,1,26.71
"149c3bc617158fb15ff317ad60652259",1,credit_card,1,60.10
dd6ac2e90734c89e307ce48401909367,1,boleto,1,106.90
"7e8fd0c601d51838d063e75482cbad9c",1,boleto,1,207.95
"7667f0eac9b433b02f42a902df87ebe7",1,boleto,1,58.62
"74960f1e9b23374fc910ece2c75a8f20",1,boleto,1,68.13
"9758212b340212a84d22f713ce2e0fa8",1,credit_card,2,129.56
"989829039549b9b62b547646ee72c034",1,credit_card,1,55.24
"099319b5b8567c490c01a857c6dbe73f",1,credit_card,4,92.50
"079b09f210081037c1f444e2eaca1e38",1,credit_card,2,81.11
aa138e54af900b83a2a45176517d1071,1,credit_card,1,129.73
a933a186653455e64fd077551cfcef0b,1,credit_card,3,64.62
d5bb9d038d2a63cbd482acc8b1e5941f,1,boleto,1,135.51
"7e00454e2e8b8b2e12e9a580ec77f00c",1,credit_card,6,65.27
d2dd52f27ff69c333cfe7c6dbd4a6a08,1,credit_card,3,243.83
f1c86b9191896bcf9077ec22b6248153,2,voucher,1,41.95
"93d59619dd0d3db962c4c8d0db7d88b4",1,credit_card,1,129.55
"5d22221b90c2b5e609b04d8f026e79a4",1,credit_card,3,81.92
"4f3428d2bdfb5f3910f874c72120c9f1",1,credit_card,12,195.76
"36181ce9f0459af55f5aae302b4b13a8",1,credit_card,3,335.04
"9d532b51b8f3d1f0103c34fc72fe1816",1,credit_card,1,77.57
"93a0e7a8ac210479d99b1726f697651c",1,credit_card,6,905.76
"7da8b207db3f7231fb1d741fad7dce3a",1,credit_card,1,38.09
"950e244d8e903f36efe98966a1c4e398",1,credit_card,1,86.15
"39ffbfb6ec0947fd9825777cabd10c0b",1,credit_card,3,30.06
"3dbf60040199f502ec5dd67f86b804ab",1,credit_card,8,343.71
"9a52b513e3ad42b2ec72f145c2ffcfeb",1,credit_card,2,141.72
"0bb5af1f3b46e6ec23dd85506fa8175f",1,credit_card,5,157.54
"9aa0695aafd26e856023e7dc62d3d878",1,boleto,1,51.30
ce74c5a481b64dd9d76c6c766d5dc72b,1,boleto,1,151.95
d322025aff44e8bead04f4e81023ede8,1,credit_card,2,272.33
a1453ee829c85db898c6fd3f26257869,1,credit_card,3,35.23
f28b59f3a9d27b5a7ea86d0ede1b99d0,1,credit_card,3,56.13
"587065077b677088697c8e99e2c8e273",3,voucher,1,7.32
"20964c77d7bb845d228094e71ea28101",1,credit_card,2,115.74
a4eef12869fd791389fa4ffb732fce6f,1,credit_card,7,77.05
"2c6a443a179d58ca22cbb911e1aec4fb",1,credit_card,1,80.30
"0d40f8fd78977af4c4fa84293ae7fa21",1,credit_card,4,221.79
b38c1ea8a0202a0c367fa61b498b1749,1,credit_card,1,362.96
"6c8b1b59b9c97b5dc0a4c618e3ccbf19",1,credit_card,2,300.32
"0dd03c63e61e99a366429e9348db886b",1,credit_card,4,341.02
"3fdefa9c3acc81330a96d4a049368155",1,credit_card,2,109.50
"5c0f9e92224d151d9d5af8d7085ff06a",1,credit_card,6,79.29
"827efe7f5818a815652ea13b2dda5d7e",1,credit_card,2,56.04
"4de3ade587f6ec5d1bab54a9c831f1df",1,credit_card,3,37.89
"0777357b31babc84dc93894f0a58b942",1,credit_card,8,413.29
"40f036012bb1fb0195ebf7d43b034d72",1,credit_card,6,326.71
"5720bc11a86749d980e65cac6e3ff08f",1,credit_card,3,186.48
d01e880670a9a8612c1ad4ce4b56eb26,1,boleto,1,34.77
ea82d188c1d5016bf0e9713f68ba0385,1,boleto,1,432.24
"96d3f09ebc42f05ab83a2ca85483e0b6",1,credit_card,2,138.07
"87daab525d42b65a8fd0083f652cc9d9",1,credit_card,2,117.96
"1f66f9bfd244a5383aeb00a84ad12a66",1,credit_card,6,68.39
f36968a6fff53a64b407f705a0566478,1,credit_card,4,396.31
"0bd044f3b358bb88951e3ea66eadcc70",1,credit_card,1,21.14
"3316b67b63d43c414af962eb7452d56a",1,credit_card,8,131.62
"2b86487ced52ef357d5454397ff5538a",1,credit_card,4,120.84
d4b2647e5564c324255aa92e46dc3956,1,credit_card,3,123.61
"8417a2ebc88dc3838a05b78f868aeec4",1,credit_card,2,81.89
f967a36beb9cc4a1c8899db2d4adfacb,1,credit_card,1,4.31
e359fd78a62541c3045c115073678c7b,1,boleto,1,114.44
"21577126c19bf11a0b91592e5844ba78",9,voucher,1,11.33
"4c194282048e1ed6f061507789ff9c81",1,credit_card,1,56.78
"86e3cd758798428e744624843dd7ad04",1,credit_card,1,47.64
"9d2d64762e74b71c53ba0822341832a0",1,credit_card,2,223.31
"39dbaa2c58bbe0be46bc4a525f24eda6",1,credit_card,1,115.03
d6292621d39936fc67116695f6f8ee9a,1,credit_card,1,148.91
"66bb146968e449c413c58a15e510a6f8",1,credit_card,3,95.21
"060e3be7253bd20351674ea9eec80ff6",1,credit_card,1,75.17
"2d687102eef8e4949a9d2af49e8fa946",1,credit_card,4,206.92
"76ddefaaca25b27022eb9c68205583e3",1,credit_card,1,67.30
c6ceea8c10c1521a2f993bc956800cf5,1,credit_card,5,51.13
"107478e48c13dc0b39a379510464cd9d",1,credit_card,8,84.24
d7db77bb8d097d3b1a23cb84d12f4c63,1,credit_card,6,570.98
"201797d3f567dc70cc5732ecf055e346",2,voucher,1,9.92
"613f10bcb5cd9cfdd584832662fa9a67",1,credit_card,4,42.61
"1eab1ffa9531378ef38084bc19f595c6",1,credit_card,3,95.02
ba874dd7cf834e16c5bbf9c2c1b4eee7,1,credit_card,1,51.09
"78dcdc9169e9c5bbd378416cecc317be",1,credit_card,5,246.49
"5e1efbce448f504da54b954d24342d74",1,credit_card,5,64.42
"713638fce61820946eea7e0773d1df84",1,credit_card,2,100.95
"5b11ad967b9d5763b6f2417944c07f57",1,credit_card,1,162.89
"57bc9b432f93fd30a3cc83952ccbf267",1,credit_card,1,113.61
"302587fd403c7a79ec30441e21c320ed",1,credit_card,1,25.42
"839bec66b5e8a01223b48fdcd7499682",1,credit_card,1,53.02
"935d6aae386503723d2adea444ebc781",1,credit_card,3,30.70
c704edad3eab2ddaaabdf3fc283d9b67,1,credit_card,8,91.03
"98672e143f0ddcd385c344ae98132a8c",1,boleto,1,53.79
"8a456a91c540561a48650b2954977017",1,credit_card,4,365.43
"475c9b166482c7f26c38c7ae858d832a",1,credit_card,1,78.55
"2d27ee9bbc377938d4a8c5a8efb16551",1,credit_card,2,51.09
"2c13bb8f7c76a004da31e89b0b06d9af",1,boleto,1,52.09
"6005e16820f20784bf25d26f7a60af40",1,boleto,1,79.66
"71154ee4c79f3dd93a78abaa38b08e4f",1,credit_card,1,50.34
"82ea57e68e895b25d0e2f3da566322e6",1,credit_card,5,154.74
"2ad5b7ca9c86553e0804ec604fdbc462",1,credit_card,2,103.86
"0e889e74cffcea6930673d6011321633",1,credit_card,10,109.28
"37c5868b5c8845b91732bc25ac5c6fd8",1,boleto,1,368.96
bd396d4cd7a0507db99110954a0d9173,1,credit_card,3,93.48
f8064d75afcef1bab867ff6ca9b829b7,1,credit_card,10,1032.35
"81111cf83100722b6a554323c86a10b8",1,debit_card,1,191.95
"8d7de30c33f737a080cdd433ec8670e4",1,credit_card,1,107.24
b5c4db08aa2596516e8e23acee055374,1,credit_card,4,45.78
"9ca0824f0707d393f343607db317b6d1",1,credit_card,2,348.07
"24d4bff2b51955551d358847eded0c52",1,credit_card,8,294.88
dff2b9b8d7cfc595836945e1443789c3,1,boleto,1,235.12
e73242af72f21b83ed57aeb572c4f62c,1,credit_card,6,206.68
"77bd3f7f2fefbad1254911e90bc64158",1,credit_card,2,114.44
"5253f3630960eb737c90b4ea7cf42614",1,boleto,1,62.62
e92900da13e75122f18f3694fd9e0230,1,boleto,1,305.97
"9c45e22ceaa7d4d5cd229d408c610d4e",1,credit_card,1,57.51
"7491b6e69f50c3e941057224d0826186",3,voucher,1,20.00
a9e0a6c6c03e55d8c372293aeacfefbf,1,credit_card,1,72.43
af42a8855a3f0b15c3878111efa19ba6,1,credit_card,1,37.60
d9c7513b739ea789b1724a5e75695f90,1,credit_card,1,103.26
"3a3ee9aa5c27f048575edfd6d3926140",1,credit_card,5,331.06
d355c1d4bd77e3cd62085deff064434a,1,boleto,1,94.31
"71ced5bdf3c2ecf50e3ce47c91ac64b1",1,credit_card,1,175.64
ec1ecce6ed2f4a351a045a8de255e3af,1,credit_card,4,209.71
"221184b144deebdd34aa73473f31402c",1,credit_card,1,114.27
"9b32795311e821b3314911f55bb8a327",1,boleto,1,124.50
"6db73c4db61f029be8214914360f51e1",1,credit_card,1,37.61
"0f4ace47be2863cb7e7e547f32afbe2a",1,credit_card,1,52.10
"7857d15c4666556ebb610d938f32eb4f",1,voucher,1,111.89
"4d4ef6cd8147028ffd8c18dc0f6e3050",1,credit_card,8,87.58
"10a0be3ae9093afbffac333cf6670922",1,credit_card,4,103.55
"6eccf2d285566975653dcf25ec2f21ed",3,voucher,1,5.02
"11913ca0eb4a5aaedf1c5fcb3a69899a",1,credit_card,8,551.96
"12fb3c36ed38cd5bf01aa6b287d4acfb",1,boleto,1,150.60
eac4ffbe456464bdc3ce5f001b6439c5,1,credit_card,1,94.63
"8a7541705a66fb7e0521852e4bb4a50b",1,credit_card,3,147.15
"5bda3e4d7080c484cd646a53165a7892",2,voucher,1,250.00
c4bb1fcbb98d9733607ea0c7ab067e11,1,credit_card,4,136.66
"6eb3911724b9c8dff28062f417a5db4c",1,credit_card,10,374.15
"07a394899e1b5de598df8ff3ea5edf37",1,boleto,1,27.13
"048846960b74c996a4af7802498f52f2",1,credit_card,3,158.69
"67f3abeed9af76e949274924f0135aec",1,credit_card,3,133.76
"8b047d4d9fc0bfa29c568da18fc5ac30",1,credit_card,10,310.01
d23ff5dc2ba7e3aeb50eb93b6c3204e5,1,credit_card,3,68.13
"53ec902459673efbbcb34dec981931d3",1,credit_card,1,61.11
"0dd9baba59537d4782153775157d0a36",4,voucher,1,12.25
a083c58efb31a3ae3e0ec63ccbdc8e37,1,credit_card,4,44.31
"8715451d749566a538774eab286a64cd",1,credit_card,4,245.97
"490f75c679e003531e19c582db8dc456",1,credit_card,2,103.79
d57bfb04ec74aabf320e6e62442a28cb,1,credit_card,10,887.45
"20020569f2b852ebd114b1373fb82aa0",1,credit_card,10,104.26
"615d26dd80fd83e9f66e00ab0d36b764",1,credit_card,1,196.46
"78bb9cb1e0d5fd2fb179e3a8205f0e4e",1,credit_card,6,62.01
"81101f8021e6efa35db428bbaf886a29",1,credit_card,4,50.65
c9dbbd1ca9411200390b157cb42ea79a,1,credit_card,1,75.50
f565be42bf5390f6cd98934cc4c17091,1,credit_card,2,99.90
fee9afa24ed743a26803c4d03e8ba5e1,1,credit_card,3,37.89
"6868b1111e9eb1b40b43c971fcc28847",1,credit_card,2,44.31
fce6ebf0ce28cde1c71f1f4160c8e4b5,1,credit_card,1,71.88
"728bab0ec00db2d2385200ce1b5a3ec7",1,boleto,1,433.98
c43c91fe57ac92074a304238da74a136,1,credit_card,2,42.78
ecd1661658d34312cf9ac2bf34ba3b6b,1,boleto,1,51.44
"9a9b1aa64c91b92fded7090145e03331",1,credit_card,1,49.40
"0dab99a238b965b106fea183eccaee3b",1,credit_card,2,103.37
"5dcaecab15d20be174a67f4f5392cd84",1,credit_card,1,48.95
"3a2012438f0919dc24e43b9e8b21c4f1",1,credit_card,2,181.51
d27d803d3a838c539ffe76e3b74a5f41,1,credit_card,3,82.47
"1d75f74f2b35e491804fe25e4c5fd4dc",1,credit_card,8,196.50
d262943abbea3ae2db6528a4261ba247,1,credit_card,10,188.31
"20e8787aafedddc04670cbfd2c24953e",1,credit_card,1,64.10
d7b1b205f635a07e904e5c4069b6859d,3,voucher,1,11.60
"31a49d7427661b46338c025ff2e07d20",1,credit_card,1,75.37
"2c85015afa7245242d2f751099dd70e0",1,credit_card,10,321.78
"13bc2aa1a887b018329663498f5e00ab",3,voucher,1,150.00
"9396e7b936a7db50860e1114de668210",1,credit_card,3,36.65
"5cdad9598ab8686c137c2ad8c24d4803",1,credit_card,2,54.63
"3a70ea20517224ef5bcb72742f0cc439",1,boleto,1,123.89
ca7c7cc82b6d5531b6ff87a7e232357c,1,credit_card,3,164.29
"853847abbd6dd9c640113b42c3f10cf5",1,credit_card,8,239.52
"07bca5c8ae457c75c959c5e26fc04e3f",1,boleto,1,508.84
"3a41d0e227b4c6fff055561af5eaca13",1,credit_card,2,180.33
"025321e4e9674e090b7bc101f9c5ab5a",1,credit_card,1,110.82
b5b39e60d31084200838ace496b9c2cb,1,credit_card,8,299.33
"610d998ea61935583bd897dd101d0e1d",1,credit_card,1,3.67
bde4e874383e1817284c013ec6a2d72e,1,credit_card,1,67.11
"6fe3414012f04c290481f594b854e6e1",1,credit_card,8,701.66
a5b635e01301f7cc3ab309cafadf812b,1,boleto,1,51.42
"1c68c68cddc15f7e365dc53a0e91e8f5",1,credit_card,5,84.77
"65109cdae10193f20ee3c0f717cb349a",1,credit_card,9,147.06
f7666cba3dd9242a500443d3a1c9ad46,1,credit_card,1,90.73
b3bb86c886cad8c17163d21b74ae93e6,1,credit_card,5,52.78
"64ae8cf0e642cc174881a66391200acc",1,credit_card,8,191.17
"5f32fe4a0180fa919a3a01ec75e5ba12",2,voucher,1,21.12
d3a84031db6c5de813d5a3a3489712ca,1,credit_card,6,109.02
c0a70f802fa139670e7987afc9acd16b,1,credit_card,2,28.19
"38fad35c11cb18574e36b947cdd1a222",1,credit_card,10,456.45
a558d36bc6548afd19f3cf6728bf7077,1,boleto,1,176.86
"33c97c0983409cce4352fd750138e556",1,credit_card,3,85.04
"19171b9b900193fe84dc711a2dffe56d",1,credit_card,3,173.62
ba2e16aeb4e0a8e7f3d8eaf0ed7589e2,1,boleto,1,34.80
f07e5e978651bb48927a71ab7f56f2c8,1,credit_card,1,40.17
e31702cc8c72b6d9b834ae3b7904ea4f,1,credit_card,5,57.80
"6508f1528c3648c8a9f751e811520269",1,credit_card,1,13.41
ec7374fe6c0218473cecb08f8fbeca34,1,boleto,1,117.76
"794aed17c07925f8c6138132f58bacb0",1,credit_card,4,175.77
"588493b85f6219865d7ac7193880c0a0",1,credit_card,5,51.12
"452f45581d396d07e3a7e9f4b4daf866",1,boleto,1,35.84
"05d885b852158b0280c4abe2cd5108b4",1,credit_card,5,640.64
f2e5bcbd102cd01f16e0239684fd2fa4,1,credit_card,3,466.96
bad46ed77a751d33a1a1b352075c3cdf,1,credit_card,2,143.65
"96a9765cb427c80f72baff2f4d04d4c4",1,credit_card,1,72.18
"74d91d0ed661cdf6683637341c196645",1,credit_card,3,42.76
af541cbd9810aaa8b64b870516d507a6,1,boleto,1,43.09
af8eabc10c9907fe66df1310db525200,1,credit_card,3,165.71
fc3aa05d6850a6420531377b15473f98,1,credit_card,4,228.78
"55da0b4274a986c801b561481e1d6c78",1,credit_card,1,41.55
bbf5ed9b1422ec62f85bb583115b56a1,1,credit_card,5,51.07
cf9d4912dd9ef4ee8a782ff746292e79,1,credit_card,5,278.41
"9211fd3895bb47e2540f63577341f7b3",1,credit_card,7,155.32
"7157fd8b253bcba337ae46c9f0e10476",1,credit_card,5,167.13
"3bcc12f1de0b8f1a83703545794e5d28",1,credit_card,8,429.29
f32430cf068c4689e9ca4c0d46ea04a3,1,credit_card,3,62.69
"55af89bd3634844abc96b00c4caa76a5",1,credit_card,4,128.87
ed0a8bb0a99484236c428b5ae6447117,1,credit_card,1,161.95
"275ae19d3b5b88d41fe617cae7a1e056",2,voucher,1,98.74
"582da9422bddcddbee36fd48edfac489",1,boleto,1,99.90
fb557db0014de7f9f688c2fc73b5d80f,1,credit_card,1,42.68
"08613505c6d1fa61ec5908afbb99fe84",1,credit_card,6,229.78
b48a3d26eeef8f09cc2bde23ab930234,1,credit_card,4,113.62
"8ac178356c346ebe393c8a54ae38ea3a",1,credit_card,4,135.08
db0cb41e34ca5f61481ed9127f70379c,1,credit_card,3,112.44
"87f652e7b494335099f630e05edcf3b9",1,credit_card,1,96.80
a21eacf4f3cbf9db2541da1ecb2e6cf0,1,credit_card,6,99.55
"502070fa8a16306454d031307381a7de",1,credit_card,1,32.42
"26d50e2b2072855e670311f1aa623f86",1,credit_card,4,158.38
"2eb455a9ac809470168098ddf4e2a25b",1,credit_card,1,49.59
"7e257955fd806152344c4d9a66ac631d",1,boleto,1,286.75
"96304a015b3d99852d4e0e709a0adacb",1,credit_card,9,780.16
"860f032930532c7cc2c40f33b531952e",1,credit_card,4,76.66
aa32183a575c0f3e9a0f2cfae712d030,1,credit_card,6,90.88
d02d64a92b368e50d9d1dd6093514a5d,1,credit_card,3,367.08
"129ea9ae4b85283decb23ea1756f505d",1,voucher,1,58.98
"138f3f66f9024197655880c8c010fd53",1,credit_card,1,69.31
"9b7fb06dfb1c2acd47f23960eaad40f6",1,credit_card,3,70.67
"7fe47b14b3fcdb2ebedef3da6f118cdc",1,boleto,1,61.00
b5ded8632f7c8aaa2943a68ee15a2a8f,1,credit_card,6,65.00
"55d314f638b1b911d957c44db2ccafce",1,credit_card,8,136.37
"16ad7f24fbb116513e75c705b17e3227",1,credit_card,3,173.53
"38396b4cf6f7c64870a71804f18641bd",1,boleto,1,117.85
"061e6ce7ec63fcace40d4ae11584763c",1,credit_card,4,228.38
fd0ea050aa7cb8693f02b9176d021a0a,1,boleto,1,416.04
"70b69f2b877236e31de92860081e2c72",1,credit_card,1,79.19
"4f16d07441ebb275f11b0c403433a20b",1,credit_card,5,94.36
"6219ece1f053a3ffa649340e87cd93d2",1,credit_card,3,370.68
"400d97d7e7ea05ffb7cbe05507ceee5a",1,credit_card,1,35.39
b07abc8b9acaf00e79b4657419f469f3,1,credit_card,1,23.72
"83e6338b5cf25dcf222551cb8da8d0d6",1,credit_card,2,2442.82
"94a17118656ebafc4951d0f42859c168",1,credit_card,7,220.59
"9f3f85ddc354be372be6cde53a577cd5",1,credit_card,2,56.85
"9f48540472ff9c80a0d3b67b66f9885c",1,credit_card,2,102.66
d0fb3aa60de69b80cdb04eb31fd28032,1,boleto,1,102.84
"84f2d0f9ef0b49e2c35dd082c3258600",1,credit_card,1,100.25
b885d5e857bb433aa2d6c530a08e5e44,1,credit_card,5,373.17
"31ee3947c87114eb0673d72864775bf3",1,boleto,1,55.09
"52b1ffde0cd06a4b61dc1229bcf87827",1,credit_card,5,136.80
"728e61b2b527529e10ce6ec9b04afaf8",1,boleto,1,70.98
"99ac72244106ef18ebd81fb6bebfa4bb",1,credit_card,6,71.14
"4652e6a9e9b65b2e3304630e1f185939",1,credit_card,1,155.14
ee853ac1586ba81c396f4612daa1553f,1,credit_card,2,105.38
f04e5abb2044dbb28bbdd9aa470e4e8a,1,credit_card,6,376.12
"1c4f7f07e974a6d951ac86cd8d4d450c",1,boleto,1,105.28
ce500b2ca0d960f937fb4d24282d3291,1,boleto,1,151.53
"8e68048cbdae8182fbc189fe44e9e520",1,credit_card,1,456.33
"4529e58edfd8d45fdef9eaa1d6efdc64",1,credit_card,3,32.37
"1c596aea2c7f298b4ccafe3b88d7dfeb",1,credit_card,3,96.29
"0a6fa9e79a320b107d846fdf76af5901",1,credit_card,2,85.60
bacfb12b369a42b37e0246c786bf4637,1,boleto,1,373.90
e44f8bcf1ae28a8f29c2ef7d87466da1,1,credit_card,10,166.71
bf3358fdaf47c7a9abf288008dc1ec59,1,credit_card,1,235.54
"80abbc325d8a084990586d706a61d534",1,credit_card,2,87.32
"7f1dd57d5e14f6ee8a3946e2f58b5396",1,credit_card,1,143.21
"098a17af931400d21917fe24f3346b53",1,credit_card,6,168.00
afc0e6f65d457ec28d5633283793e7e5,1,boleto,1,139.55
"21f244996b7ed14d4a1d49da69ab34e0",1,boleto,1,44.10
"8d585a78c58bc6ee2c28323cfd8ce6c7",1,credit_card,2,121.09
d736ac2dcec087fda2b4ed1eb5a5032b,1,credit_card,4,85.60
"780d337b404662d73b89a4d011746257",1,credit_card,1,71.53
acdd0de80f7578505c5155e046771423,1,credit_card,5,182.72
a32e794aa3f7df03d1a3848213b24346,1,credit_card,1,34.72
"5dc24bf5707bbc27e862fb141ac5872d",1,credit_card,1,46.85
ff48dd259d222401b52bf6416f896726,1,credit_card,1,57.29
a3c2dfa534b942bcc28371fdec7702d9,1,debit_card,1,89.30
"6ea34077e85038c0ecea08593783a1fd",1,credit_card,8,179.22
b143f3a663718a8544a62194bd2390aa,1,credit_card,1,68.49
dd49a987288a4d98ff61100ff35330af,1,credit_card,1,56.05
"93ef5624aaaeded1aa197fd63116d902",1,credit_card,5,56.88
"7091c6daca979c1cc15c2a2faa9a468f",1,credit_card,8,199.00
dfee6abeb1d68f04563ff2499a4dccfd,1,credit_card,1,56.54
b9ae09da0b039cc190c9d1cb607a4392,1,credit_card,8,1479.51
f7b85ba5a5ed5ae34ded6d88606976f2,1,boleto,1,126.42
a5875ee134166b373cc08cbea838760c,1,credit_card,3,57.99
"0bcaf262925111aa4be36f35bcb92fdd",2,voucher,1,21.25
ca559ea53cf10ff35d00de057f02b8d3,1,credit_card,5,134.20
bd43715721b5a4825d7cc544b97e5b78,1,credit_card,1,58.28
"8f3440c3e7e7b3e7162c1c7edbab894d",1,credit_card,1,47.03
c1dcb1e220fb7a81105d999aac3e0b2f,1,boleto,1,123.81
"1c72f6c4fb7c7f004287761dd7fa32aa",1,credit_card,1,51.42
a49703fda0b42ab0a87e062624ea2f43,1,credit_card,5,139.65
"74d428b82c929f4d7d307093206f3ddc",1,boleto,1,108.51
"6f44e08b458a69c51d6c0c460358baf6",1,credit_card,1,119.88
"93ad4e26ffd4ddd84ce5656128ecfefc",1,credit_card,3,115.61
f4eadb63785a85c5624767458b5f5cc6,1,credit_card,1,133.69
cde78bb3c83fdc0c9a35e87b8d559cc4,1,credit_card,10,371.14
"2560c2a66dfe3341ce8a57a8e268a5c0",1,credit_card,1,75.14
"830bae1b14f630e9137b07c70940c0d8",1,credit_card,3,229.20
d118d545516947d2d82fda28e9d631af,1,credit_card,1,112.10
"741b425678e8c634fa376c96f689256d",1,credit_card,1,68.83
"09d20920406c53e92821c0f4a82b3811",1,credit_card,1,25.77
fbb362a74494da7dcf08aed5f2a471e2,1,credit_card,1,221.24
"870e6f0cd3ddbb87daf15ccd2926b142",1,credit_card,1,74.51
fb1eff538c7c7033fdb5a6a0a3edd456,1,credit_card,4,152.28
dfc6eb45a2753ed9e6c6ef4987b44503,1,credit_card,4,173.63
"51a78fb31e4d1dc9a712c428af94ce6d",1,boleto,1,174.34
e82be22636894dbc523a70c20fc35ad8,1,credit_card,1,115.84
"94d427c43b021e3554c0aae6436b57e9",1,credit_card,8,200.75
"767d5724eeed732496d987fd72755cd2",1,credit_card,10,911.65
fd0f11edd4d56e20fdb1763757220228,1,credit_card,10,753.54
"5bd09c25c13fd88f4f9928d25cba13e3",1,boleto,1,172.52
"5322755defeb2e8863500740172a082b",1,credit_card,8,240.08
"1754107f36ce978c21ba0509c7bf0889",1,credit_card,1,187.25
"26227999b191329fe62cd797aede5270",1,credit_card,6,124.52
"7ece841b35eb37fd53c5ddf9ce85b1aa",1,credit_card,4,49.53
"52840e5aec363acd1243c43edd744d17",1,credit_card,2,156.23
"285c2e15bebd4ac83635ccc563dc71f4",9,voucher,1,1.05
"51443d57f4db8cd4a58620d7b9a8c723",1,credit_card,2,159.94
aee2f64144baa740663e8cd823582528,1,credit_card,1,190.06
"47cdb12caf2067098633bc9a0d3679f7",1,credit_card,2,144.99
c3c637478a3bd7fb492aff16c4aa8ec0,1,credit_card,2,96.71
ec661cf879f5ec228ac74c30cff97f58,1,credit_card,1,51.04
"61651d1abd8f95433a1c2d5ecb675aec",1,boleto,1,106.54
"7439e4bd093c2c4b6d428c40e9b50c30",2,voucher,1,45.45
"8f5817567870050244ea3c3365cb3e4b",1,credit_card,1,206.01
"519d3ed34563b1d122cb7fd5b9efa55f",1,voucher,1,67.53
bdc8ad2774884e6f7b10ee90761f7d5d,1,credit_card,1,137.08
"2b79deb9a99d3d4dfecbf19beb6d2847",1,boleto,1,201.05
b0c24ba8fd93348465e99a9cfa27db35,1,credit_card,1,48.27
e357bd17c927530e59b1740987b906d9,1,credit_card,1,104.43
"7cf0a0e1a5215dd653bcba7bece011d2",1,credit_card,4,195.69
b4ee8b4e6cdba36455ad826db9938e35,1,credit_card,1,124.33
b43a195dd28616394e0209e0499adcb9,1,boleto,1,27.73
"07946e40cd8c6b2ab27f0fe14f21f7dd",1,credit_card,8,183.05
"477f47650910f1f97f312463b8c948d7",1,credit_card,5,711.27
"16a8ed3100a70b46cf67125e6bb54fa8",1,credit_card,2,40.94
"610d01be21a4553d8ae1b2c4000c2703",1,credit_card,4,264.04
"357faf30d677dbe3c31a345f7026a6bb",1,credit_card,6,227.58
"156254aa58b87bb7bad0f9e82f9bd5f9",1,credit_card,2,189.37
"3765df8b607992dccb4268b1e535c162",1,credit_card,6,119.20
f2bb7508b86fc27a97223eb329244fa5,1,credit_card,1,18.94
ae17bb94dfb3eaf396cd393eace1de80,1,credit_card,1,57.46
"18974292ee839a7a7038699422e6cd39",1,credit_card,3,54.61
"78567659a8ac9a5615f4dd5b70fd3ed0",1,credit_card,4,93.19
"2246b00cedc24cbba0af186b95a3e885",1,credit_card,1,467.07
"1cb531a2fb45f62dee90ef7a93b46f21",1,credit_card,1,20.85
c9aea907527f5d4f5fb44955c18a79fb,1,credit_card,1,75.88
"4589d66e35f0ae1a3235cccdc7c4ae8e",1,credit_card,10,106.08
"3d0e80567ee51ea2f1b6c2988e9b7c3f",1,credit_card,10,379.46
"99b9af6fb5803a5ea9686542a15b3de4",1,credit_card,1,79.65
"6c9f98f87d36998da5fa865e86874816",1,credit_card,3,142.61
"730c3e860f9093d6f58e4e08e3f9175d",1,credit_card,3,104.79
"38ab0898b5328ea3498a9a8c5bbf977e",1,credit_card,2,86.15
f0089d43f99d1bc295c05699b4facbed,1,credit_card,10,274.87
"2c38215dc04c7026685736a63c152bae",1,credit_card,1,188.42
"513e088b2c0d0279b2df18d115a0d39d",1,credit_card,8,100.46
d207cc272675637bfed0062edffd0818,1,credit_card,6,133.46
"804aa537b5a0d8fe2c9a61a1fe9087a7",1,credit_card,1,27.30
"119e67c344bd250bb9d6a6f1028fd678",1,boleto,1,100.34
"981ce71403e17f9540c416f431a7c6d2",1,credit_card,4,145.56
c5c1bc50dd24bd493ca543401aa6d592,1,credit_card,1,47.79
"47032972f71019cd453baab392482f5d",1,credit_card,2,182.60
"32fca0b6c17b41f74526dbe519809d8b",1,credit_card,3,66.69
e6afdffdb20bae684cf5e97c679eadd5,1,boleto,1,109.02
"961e74f5989501c3f4e58b175753ff4b",1,credit_card,5,140.51
"977b4442a3c1dfc2f22496727bf1ce97",1,credit_card,2,93.43
"4677e6e3e54b79b7ae98dede52d8f2b0",1,credit_card,3,443.60
"257006b4652ed6214a889913fec6a5ca",1,credit_card,1,9.96
d5d2c0e9c55c60e47dd370479d8775d7,1,credit_card,1,68.30
a4601549c0054db50e2c61e1a7d49678,1,credit_card,3,64.62
"75cf2fc3704f159000d1c5ae5e005f83",1,credit_card,2,59.31
"184097b43d72bf0d851d9b82e3164c6b",1,credit_card,5,58.27
"62dc853d2c511ebfb7d441c6c74d811e",1,credit_card,8,195.12
"40a496e18a46349487b125eda0d0c288",1,boleto,1,69.90
"17f1e34933ddc8813aac392cf52fc5ba",1,credit_card,4,123.69
"3bd83574ec8929f033dc1e477c01e802",1,credit_card,3,179.89
"04626f2c41e6a49d4c2102a7d410797a",1,debit_card,1,69.12
c95b280a7e851b23ca80dabb68095342,1,credit_card,1,28.71
e68012ad88e7d6ba2e95112045faf3e3,1,boleto,1,411.21
"2f7d7a6a999ef8c67d93d38849d773e9",1,credit_card,3,44.09
"157ec3dc3f38cdbd2706bd216edfe8fb",1,credit_card,1,175.28
"0eb9e3204a220fb573180f4e6cd1c63a",1,credit_card,1,32.22
"021288ce4f15c031270df5259df1b551",1,boleto,1,112.89
b13b0fdb62f3213d2d55a93da49c72a4,1,boleto,1,41.05
"4fc010de2244ff9ee4e5e334699824bf",1,boleto,1,250.04
c3d4a434cde1a90cd2ca37244c83ed0d,1,credit_card,10,367.20
"6b8f597844181710961184cee39a2aa4",1,boleto,1,39.60
"129c58b77c85a73933e98de57c705559",1,credit_card,1,131.04
a2c1c4b05d3c89328d113ef7e28a480e,1,credit_card,2,62.27
"11cd24b7e4b9463f16ba03156c608cbd",1,boleto,1,90.88
"5f0b0411ca9f0f3502f937000fcb1447",1,credit_card,2,112.92
"50c148a26a1b15414632c64a2942374a",1,credit_card,1,59.78
"5c756faf3b818e64d75e0696758f7755",1,credit_card,1,35.34
"49ed07bff8d01accb7ead0923ee6d91d",1,credit_card,3,204.78
"9024a48543f0247467a77a9208311c07",1,credit_card,1,59.00
"3e507cc659fafe5c803c770827df1df2",1,credit_card,3,34.09
"395cdd6553a4735ca1839ba756f6fbaf",1,credit_card,4,138.99
ff16d15a9ee89f3b65af595178308532,1,debit_card,1,27.68
aac01d5ce6fab5aa0e191d71aedbaa3c,2,voucher,1,5.82
aebbdfa5636b87a2886bf445dfceeaf0,1,credit_card,4,87.24
"48df5efee08cb975d7a49bac5df66d22",1,credit_card,1,168.20
"4d8333ce7e8cf1184099aeab819da7e5",1,credit_card,2,32.99
fd7f923cec63405c5df9b1f05d0572bb,1,credit_card,1,147.62
"2c494cef88b908df152b7d6d69c8beba",1,credit_card,4,146.68
"179abebffa31c043447ea7d933b8962d",1,credit_card,2,60.23
"8220769da5e88eb4288d26cc8f694b41",1,credit_card,8,145.92
"1c210d8d0ed766032afaef9c51cc04ba",1,credit_card,6,191.67
"00cf2b04c59f0ecaf822bf3f334d5c3b",1,credit_card,3,334.68
aee7c19a75c89bf126f4ffc9cfea0d0d,1,credit_card,10,253.87
ceb608e88a15bf78c70e9020002f89ee,1,credit_card,1,35.84
a06c43ed81f5c604287461f4d21949ce,1,credit_card,2,137.04
"6621d32aa07764fa7759c523c9001bb2",1,credit_card,7,154.42
"721ee49ca54fe5b73b1871b5e4cb1f57",1,credit_card,1,64.44
b7ae7c643ef9274727f48dcb0ba08593,1,boleto,1,64.42
"928c14eb3a12d1f6f3bcf8e92c5da97d",1,voucher,1,19.86
"486ca1ee3ed5de201a5efe379082190b",1,credit_card,8,175.90
"2ddc0120a9ee5d965a08b68f6a3e2885",1,boleto,1,67.36
c1e3438118cf08ca6a976e20295afb1b,1,credit_card,2,151.40
a5db4dda9494589c58100f1e13ce8097,1,boleto,1,118.53
d0aeffcae647a9361f9d3fc33a2479f8,1,credit_card,10,199.60
"92f6669d95bd08af36b9baa8ed7e72e3",1,credit_card,2,143.12
"9448533671e2c8e65a1bdedf43c778f4",1,boleto,1,73.25
fea2633d3d1605bfdccc813bcf843ac8,1,credit_card,3,98.24
"4cc44db58430b3250f2ef264dbcc3b4c",1,credit_card,10,218.53
"682fba8f9ac0c164d162ff702d6bcc23",1,boleto,1,46.78
"84b2dc2dc448456c5727abb0b43a108f",1,boleto,1,177.49
"6afe56a58c8b67e87e2abd3e88c4f41d",1,credit_card,1,64.09
"5218c57533d6d16fbff8d6b95330ad9d",1,credit_card,1,80.91
"8b5883ec44f905583a827ff06b986a6f",1,boleto,1,419.65
"8de235cda79ec1764ed1c31381cb2e4b",1,credit_card,2,72.45
f9bdbd23ce1300c00fbe319f518dcd74,1,boleto,1,82.24
a454983d73207579d61a09fb40ea7ae7,1,credit_card,1,55.37
"7b9bc6b76ad9656ca99e8e1f2a6d249b",1,credit_card,8,88.17
"2a8cb6405aee52f3b246ccae8bd4fe11",1,credit_card,1,100.26
"8530e2069f9db01013a5f935b785eee3",1,debit_card,1,386.95
"4877379c51fc3c3826e6a62427675966",1,credit_card,8,127.54
"4579e3f6942a0728b34083a4e28bbb3d",1,credit_card,7,171.61
ab0d9bfe4d447ca3510b74578d5781c0,1,credit_card,6,96.94
e145c6c37dcc3fca500f3002c65e5e6c,1,credit_card,7,118.93
"31cad6ec7ac19b48d3eca43d624f6cfd",1,boleto,1,52.51
"02881d166b44a823fd6947e715dfa5e4",1,boleto,1,86.15
"58065f9a7440bface5400a5cf953ff93",1,credit_card,1,145.88
eb6b32a82d2459d0ce7f2089f9eba0f2,8,voucher,1,7.49
"6e19c0ff384b7d4685333ee0a9342f21",1,credit_card,4,111.81
"4a473906f11c8fe0749d47d07c24d13f",1,credit_card,1,179.34
e67079e951179d571be3c4bb463f47a7,1,credit_card,3,72.05
"5357520c35cc3e6341658161b67151b1",1,credit_card,3,76.65
"55484b30fbc70a655031929c9a7acff9",1,credit_card,10,143.10
a7f051d652980403c34f1f734ec4f82d,1,debit_card,1,38.17
abd273cdcd250f53a125d77e6798e0d1,1,credit_card,1,48.21
c920bbccb7c36a0527bc4f95e518028e,1,credit_card,1,23.78
e5d30ef739b1ed6f89f11ff5fd9e285a,1,credit_card,3,93.50
f359fa9d20251af793b9b9704c9b3f47,1,credit_card,2,73.06
"69a4d311a122356e1eadee79beca43e0",1,boleto,1,294.82
"3ff74df75d244d7b291dc5a16004b2f0",1,boleto,1,139.06
"79a9149e58ce62bd439a996268d1c8f1",1,credit_card,3,176.23
ce387eba3b0e5a8145a79db39394f728,1,credit_card,9,93.65
d09205fda6316768bc333ce58744bba0,1,credit_card,8,275.76
d1de4ee2cdca15e0ccf424096264d3c8,1,credit_card,1,10.09
bf8a5f3ed4349bd5873e69a7bf24afdd,1,credit_card,1,112.61
"9a197fc58b547707fe88aab7206627b5",1,credit_card,1,39.61
"47ffb2ae6aa6178f452d3ca54432f0e6",1,credit_card,1,48.87
"3d89350fbbbebf725356d7abe70f17a0",1,boleto,1,44.09
"7131fc1c1df3fd46d8febdd59e06b52b",1,credit_card,6,66.10
"96a3e667da37fbf1a734e7ac4cfb566b",1,boleto,1,45.64
"88afc72ed244948d6e29e7458db590b7",1,credit_card,3,342.65
"7866f96b0496d61749bdc8664b22119e",1,credit_card,3,167.86
e1d7029dd87b15c8d1a60ad6aabc39ce,1,credit_card,1,135.61
"9e4f46493d96c5842aa031c7407d2552",1,credit_card,2,23.12
d472f8a450e5c7df3f9cfd6225af7243,1,credit_card,5,266.50
fcbc14002233ab8843916cedfd45ab33,1,credit_card,1,48.30
e0ba857017cfa40b224928b7534b6298,1,boleto,1,636.31
bad2c5064380acc11819dde0237b47a7,1,credit_card,3,149.45
"58a47bb27cce840d07a8f8b1885eda2c",1,credit_card,1,319.33
"2898e2aaa00681b9e40955893ca89b9e",1,boleto,1,45.64
"576209b9fa58032b16db7d94289dd794",1,credit_card,2,179.30
"6eaaffffd1626d0920aff38b38e70acc",1,voucher,1,195.02
"7e2a281f24e01c2b6eb30c545bebb7ac",1,credit_card,3,33.52
e2a9b051883676e2f50cd619fe68bee6,1,credit_card,1,123.18
cbbfd069a2876e5db34ae76d6d796c92,1,credit_card,1,76.18
"5981f36992c8a99eff941a3d3375b318",1,boleto,1,84.92
cf8ceeefc490504b4e117676aabb2820,1,credit_card,1,96.22
"45beee86f9309e732ea650d21add5269",1,credit_card,2,86.58
"011724d1afbd91844302627f79a66800",1,credit_card,2,69.69
e0e1fe9ae2dd406e99025006b746c364,1,credit_card,2,42.86
"88543da9ad238e70098166896bf9ea06",1,credit_card,1,83.68
c5175c4c2568fd199b71d9c2fbcafbf0,1,boleto,1,30.51
"795bb9f4596c758fdd4a83435bd2bcb0",1,credit_card,1,51.50
eafa53108733896f6f18e2f8daca6f37,1,credit_card,3,175.33
"20e8735e683506f2f09e1a0e00f8114a",1,boleto,1,487.86
e4272316e0c554e6648e2148434abd44,1,voucher,1,49.31
"8fc5d9ce2b81773eab28cea379428e6c",1,credit_card,2,71.14
"78a7adcd1aae3a0e7f0f3b40d27f0aa6",1,credit_card,3,106.85
"3c2c60ec97f726dbfe5aef326056585f",1,credit_card,6,130.04
"6612d55037369324a1556532b38d02cb",1,voucher,1,104.62
"0508768342a863478ca21854a6ac2869",1,debit_card,1,116.36
ba6a857fd86ca12d49fd79c0d354aa0e,1,credit_card,1,95.22
"403d9938537f6a0538d6860e3e7bc7fa",1,boleto,1,96.25
"1dfe970583e8a1a09241aa32a815a5b4",1,credit_card,10,278.66
b592237b8cad838d0ff4b33fceb46a01,1,credit_card,1,38.75
aa16a9dc58c4e7ae9a0e55ddb47fff80,1,credit_card,8,85.14
af07804a2d53e8639954baf97fbf803a,1,voucher,1,194.20
"3a7029c0378a0b72c4be550c4e2dba69",1,credit_card,8,230.86
a8159270bc9cf7d54450e079ba6b7232,1,boleto,1,48.22
"80ef3cee33c2462dc72f8938e980a03e",1,credit_card,1,36.28
ffb9a9cd00c74c11c24aa30b3d78e03b,1,credit_card,6,606.95
"84a021f71429800674e0015e862c1b62",1,credit_card,2,219.46
da94973fbafcabffb6188856684f342c,1,boleto,1,71.14
"7764b1137f1449a900532727d4a58763",1,credit_card,3,36.95
e751ba1264eb343ed364486c2fde3e58,1,credit_card,8,208.20
"22fe0bf39d80f86f5f4a106875e9adf9",4,voucher,1,8.85
"00e054d0da011d5016f31011af488f4f",1,credit_card,3,118.82
b9abdcc7b19ca8ed02a20da7575487e0,1,credit_card,2,154.35
"640cd45f7639ea623c321536c40314d6",1,credit_card,8,88.50
"5433b741dfe7d213ecb113966b8f6e49",1,credit_card,4,60.69
"96e78a16640bdff7370dd73cb821fc01",1,boleto,1,41.99
"73745cfd1447d2cb71537b662d59b3b8",1,credit_card,5,106.87
dc198e42fd1b02634e6215c5a60de234,1,credit_card,1,289.04
"958dd45b8baadaaa443efaee016cc145",1,credit_card,1,54.36
b74a684e587b26938063adffbe35f41d,1,credit_card,2,420.88
d5c6ccc7f3bf2ffb7dda78c440e18328,1,credit_card,2,66.44
ccf804e764ed5650cd8759557269dc13,7,voucher,1,1.60
"23d0ca011ea2e7273f99c4875a80854f",1,credit_card,2,160.37
"3c0b8706b065f9919d0505d3b3343881",1,boleto,1,157.19
c1fb756587ad36ed1ecea431ea71887e,1,boleto,1,28.24
e5b61208a742effced13b469b54fb4ad,1,boleto,1,35.76
"0812eb902a67711a1cb742b3cdaa65ae",1,credit_card,8,6929.31
"4491133fe7689c9ee1c07d32b52ac113",1,credit_card,7,79.80
"7bda7db3336fe81423dded5d342d4115",1,credit_card,4,145.98
c99763ba8bcad2845131b6e9d2f203fc,1,credit_card,4,54.11
e10cdac25bec58a01b1a9dcad1b6263f,2,voucher,1,100.00
"81935e523702224d87bc6b915f51649e",6,voucher,1,32.79
"6002f27b7795af4f2bd4da90aca5a958",1,credit_card,2,219.36
"957109fd6a6321b74f0d9cf8969aff76",1,credit_card,1,64.55
d6925e445c3e22218f550a7e13d5e87a,1,credit_card,2,144.58
e4bed70dad1c8ff6bfb51ce87e9df866,1,credit_card,10,257.45
f930f5aa8c609a7550c8f7bf84548dad,1,credit_card,6,206.97
b2072c2ef2726db9126e404a9e486365,1,credit_card,10,141.64
da1d283bca74140785d392cda010a77e,1,credit_card,3,65.13
f73141ba0f038a2d7c632da81b6b202c,1,credit_card,2,61.01
"983de0fdf98ff06d6cf1c379f7540f7f",1,credit_card,8,865.38
be90f928191efcd737bf75b53a1a8374,1,credit_card,1,60.00
"0132451f29a10b66a5cf1bacc85f9afe",1,credit_card,3,215.56
b8125d4b9b962404025be64a098d0124,1,boleto,1,127.99
fe8416ab3217441a2a940294f7b23195,1,credit_card,8,271.58
"9e8d7ab8137bcd3cfeac577dddf35592",1,credit_card,1,61.48
"8c7aba5d415316a216626dfdc9e5aa42",1,boleto,1,81.64
"5380e1df2075d96eee6f72be7d0a0b7e",1,credit_card,3,124.76
d408389e6d1324a47e2ddac6953406b1,1,credit_card,2,331.41
"466956eafdf33e09b80a44e188ceb5b9",2,voucher,1,9.46
d0af169a096f58ef73ca8ca35a8647fe,1,credit_card,4,43.22
"75e7a7873f5f25594624a750188facc4",1,credit_card,1,68.94
"459aa8ae0e09ae140ba9f75c1f429524",1,boleto,1,60.05
"53f5a7f622d498ff3eeb334b8efa7ae7",3,voucher,1,7.49
"30c47a84e4f1b12042a90134ab4640ad",1,credit_card,2,72.42
b40a0752445a5228f3063cc30201bb11,1,credit_card,1,31.38
c89b4f89b285537cd75b46ad90c49a50,1,voucher,1,44.20
"491796bba785a397014b993ef8006380",1,credit_card,1,46.25
b89453b158d269f648d8a0185f16339d,1,credit_card,2,60.41
"6030562117d20f7fd80843398b30eab9",1,credit_card,1,184.96
f008d12c8af46ec384fe7917b2991f7f,1,credit_card,10,1041.40
"1b151132de254c39a49f595684c80b41",1,credit_card,10,217.46
c09477fe82b2b17f5f35d61a5237ba39,1,credit_card,2,198.13
"41b0453ab02025f52af28600854f3682",1,credit_card,1,86.93
"91fc7c64d791380536683edaeb8ff240",1,credit_card,2,101.12
a21ad1cc789ec5368666232433df4826,1,credit_card,3,62.59
d2fb62d4ff8956f8a837609a902cd531,1,boleto,1,46.37
"7dfb222987465be3379d47dd9e98a1a0",1,credit_card,9,96.09
"36ff0e6c1dc200e440f805f289b4be74",1,credit_card,5,53.05
"7c372cacf9e2626dd13cc5277d73c6e3",1,boleto,1,37.13
c81ac01b43070a78c7039041dd0578af,1,credit_card,5,114.45
efaf4d6a16d8eac0474f3f0b6e632a74,2,credit_card,1,40.00
"6c6803a80161b45ad151601b21ba647f",1,boleto,1,82.38
"4ddbc8366d7b18e042a35f6b4b5481e9",1,credit_card,3,165.95
"2749f77db36d9cc4c4134d3f2a8fb413",1,credit_card,1,157.84
"597e3e3289138d6fe7f715fc4ea4d674",1,credit_card,2,144.50
"5dea18c7d711cbfab32281c88b2650a1",1,credit_card,5,55.09
"6a713ce5b2cfc769104c39775b662625",2,voucher,1,90.20
abe81b8eb8d846d18c760f8430a2ed55,1,credit_card,1,27.35
"8f3530f8fd2a677f9f081442a10d1ca9",2,voucher,1,18.74
"7474d7f84129b6a4fef9e0cb53e2a081",1,credit_card,4,130.46
"44d4ae94f250aacf9d4a3d0e23d8a4d2",1,voucher,1,45.61
b5c61b4a6a49433438da01c86ae0db90,1,boleto,1,92.90
"83efbd53c99b70116995cf2c0bff3816",1,credit_card,1,52.18
aa830d74d3e7d4a392cb7eac51a9c719,1,credit_card,6,104.30
d9dd31d18506394e89644f5e0b9664e3,1,debit_card,1,144.01
b33b80fe1b350e19b343f79f30b3df95,1,credit_card,2,70.75
efcdad37e7529147a3c3ece422943baf,1,credit_card,3,35.77
dcc391b80d70c66575fd8864b3ac56c3,1,boleto,1,28.20
"437194d5acf95a095e074494db9c4183",1,boleto,1,236.34
"8cf5db9be7a8932fb7cb01964d811b7b",1,credit_card,4,47.10
aab6724caaf81418088249e2a0ea5d17,1,credit_card,4,252.46
cae5561bbfbf3f71fd6a01bc0527fa78,1,credit_card,1,71.72
"80a65b64ff5b2a3d831d8764ec4b17f0",1,credit_card,3,30.00
"0cfabecb909812856ae6d21400104334",1,credit_card,1,93.32
b511d10b7b2e1c6c5da323628c32aeba,1,credit_card,4,147.79
b4df3dcfa59f9958e993be5decfee5ce,1,credit_card,1,88.37
"15c678abbfb30046bbc527e08721f88a",1,credit_card,10,543.99
a44cd7ea931ed9138c6250dd5402eb7d,1,credit_card,8,165.70
a2d3e809723dd48f967c88c7b681799a,1,credit_card,1,50.21
"9cca82f566f14878d871fcf5cd0125e3",1,boleto,1,162.64
"2ad833b9fd5613588e248a6973e94de4",1,credit_card,8,314.66
"53d98d6f5af9e1734271f43a0aa46f26",1,boleto,1,106.38
"1b6ab77fb1ae705dfd81220651e0d7c1",1,credit_card,1,53.52
"2d893645a0ed6af2455f026ee2bd15d1",2,voucher,1,5.73
"21bf30b67562ae46581be368cdd971a6",1,credit_card,2,171.22
e7a9a4e0aae16d3a2f05bf2e75cf678d,1,boleto,1,91.23
"3ac72d6b4d6ecee25955544a54657e3b",1,credit_card,5,378.99
"3241db830366645e6a88f6384ee36cc7",1,credit_card,3,148.47
b08f48a15acd7ea5c565ec963d3d1b73,1,credit_card,9,109.31
f4b7ccd15f831ff995d4f307b0dc0f0b,1,credit_card,18,1225.05
a54631fe619310f5beb87f833a0467e8,1,boleto,1,85.16
"2510edbe89c8a6619825946951fede44",1,credit_card,3,179.94
"04c8fbbbe02b38bd685ad085fcaf29bd",1,boleto,1,90.16
"29760b4b3e268c6ac38bf18c85c89d88",1,credit_card,5,54.09
f4867e0c57823e8698f48f86f5356203,1,boleto,1,47.10
de4127c6a206a16556d30c1fdeb8a9e7,1,credit_card,3,82.57
"11482cc48ea1ca80d6672a16eef373f3",1,credit_card,2,144.75
"749238696f501c747fe013b2a5fa014c",1,boleto,1,68.89
"74309f1c6cfb3fe784849fe33b811243",1,credit_card,1,197.17
dc49dbbb4fdb62c17557f79ebfed0225,1,credit_card,6,181.39
"2f7278fadfba016a650a093b49cee1a4",1,credit_card,2,205.21
"771d515757315655434c93d52615af6d",1,credit_card,1,30.09
b5b8e45cbf0148e05447b4ad22edb479,1,credit_card,2,113.20
"1721eb90ee8c1fb7d6c2f81e8acd2a22",1,credit_card,4,130.42
cfc4f48d827c5f241da9edda7f8890c5,1,credit_card,10,168.45
"7040e508843c4a26cb6fe367c92ac095",1,credit_card,3,199.00
"24b53730781f4921d543c4683b26c072",1,credit_card,1,36.69
ad3a34aa245c0c0a12989188dfa354e0,1,credit_card,4,45.70
a9f360ab2855d6db342c8344cbfa5989,1,credit_card,1,194.37
d512bd494537d839564f29a45558e105,1,credit_card,4,48.09
ca28049cbd8e65a6e26834584bb3d38e,1,credit_card,1,122.92
c2ea1bba24e50ff0dae7d466c1e2986d,1,credit_card,1,21.04
"26e3479944a2474469bd497d2b01ab24",1,credit_card,1,114.73
d527c6337841d7474102cbb7396891de,1,credit_card,8,195.91
"895ab968e7bb0d5659d16cd74cd1650c",4,voucher,1,2.61
"6017d921a03cc5fa25cae72a855914b5",1,credit_card,3,74.64
c0e12a153ac058861cbd268f456d189f,1,credit_card,2,143.38
dbbce23ef93cc9ebfe5a8859f1018962,1,credit_card,6,104.76
ecd2518a4804d4d780d1347c4852af03,1,boleto,1,110.91
"09633885de2f89ed80bb53c2de1f944f",1,credit_card,2,474.37
"8298e94c8a2989b7c343d2021ef17fb0",1,credit_card,5,54.20
"330534a2e7ad98d0c76ee20bfa001c50",4,voucher,1,3.17
ff23c2ed75e1dd692c237538513b27a6,1,credit_card,1,111.53
"157ca6af9e09fbc0742ec25ceb3f0f67",1,boleto,1,80.88
"6bf198e21fd4b87c035d4e94da5d1f85",1,boleto,1,154.01
"05424cc0493d8fa049aa508505e6c773",1,credit_card,9,91.50
"691c30273e86d88ab9be2ac45e25d516",1,credit_card,1,754.46
b66836a7408ecc382cdd4be702060220,3,voucher,1,90.68
d4e093fd69adbd71da43cf5f3bf204d4,1,credit_card,4,173.72
"00f57f2ccce2a2e3f393fe8f5e616e0d",1,credit_card,8,285.81
"9f372562f0d05458a142227656ddfc85",1,voucher,1,20.00
"60af6d744aec3028a7f82fe7973de8a1",1,credit_card,2,39.71
ae12d5e31aa2de9ee3d670d70b09e534,1,credit_card,4,99.90
"52760c1d47cac70d898facb7ac9aa803",1,boleto,1,75.40
fe8c0bf415cf9f05b4f32539a80f83fa,1,credit_card,1,135.76
a0a4f45a87d4f0655d00a76cd579651e,1,credit_card,4,219.20
"7626f6090f351b8bd1e090dae74e0905",1,credit_card,1,39.28
f280a59cad4cf94ec053b78a58dd0648,1,credit_card,2,130.26
"2ae054ef2ca5e6edea18284d0fcb9682",1,credit_card,4,96.56
"9c7cad7063cd09133cd0e5a5ee540de3",1,credit_card,1,48.31
f4264d035517830fb75d4dfced48ceee,1,credit_card,1,60.39
"1b4f6e77a7bfc8aaecb66219bac6b9eb",1,credit_card,2,142.97
"564a38ee15a841a89a3e5c64fc8c0ce6",2,voucher,1,37.57
"9f035a4126d6f9cf43447e9b8eb6abae",1,credit_card,10,295.00
b28172a3fb839825322c132046f1bd8d,1,credit_card,2,263.36
a99c3aba228dca468eb16fefbf004bed,1,credit_card,1,24.22
"2bae3d45d0a7c7c7e04856a698f495d7",1,credit_card,1,31.75
c8e2288c4eab2cbafdf32fbde78f5a0e,1,credit_card,3,96.42
"06b92ba9145c3323e26ec7e27b35375f",1,credit_card,1,97.51
bfdb5bbb06458d600a33d61f5f287472,1,credit_card,10,394.36
"81251f18621a822ad5b09593dfee4fc9",1,credit_card,2,22.46
"87ce1ba607d9e1d2a6bf775acaf33e98",1,credit_card,8,594.42
"154ff64668cf2822704c69bd957a8c6e",1,boleto,1,97.24
d20776b7190e9d5d49a3703226c4fd24,1,credit_card,4,156.33
"52128ec39ceae0d14af6c5779c4173cd",1,credit_card,1,234.46
a92ac2f2738d0a4b0add8fe65157d5f5,1,credit_card,3,232.00
"6d8d761e59ad4c88b15467b203d3367e",1,credit_card,10,258.68
bb3b63f8a09bf476fd524c44fb767a31,1,boleto,1,153.10
"1f039c377ad805f38658f64f2102c992",5,voucher,1,74.19
"9ab2cf8063bac26a51227f2ebe58a554",1,credit_card,10,114.80
"94d98977316e4a4775c4d7dc3f94e326",1,boleto,1,50.82
"7589685540fc5b4617719f32d73f96e9",1,credit_card,2,147.15
"541580e54869907a0f5753026ba5298b",1,credit_card,5,114.56
f79b808e0ded7143da5be51e144f9bb9,1,boleto,1,431.92
"5333db16fe357175d39c82840dd3269d",1,boleto,1,138.30
"27bb59120b021cf6ebad6ea92f289d53",1,debit_card,1,118.99
"4857ccdd76808fc1fc5f5bcb02255a79",1,credit_card,4,82.73
"7c9ae6de9b88058ecbbd16a26358b410",1,credit_card,4,85.60
"55463000ff2ec17f2fc06a0b6a1c846c",1,credit_card,1,50.01
a00b897f3877d33635b6c8c9b8ef5984,1,boleto,1,153.19
"9f4f2427a2164a1c60bab5a8426d2e2f",1,credit_card,2,138.60
ec07c69c53d0fd57a651909a33f16ec1,1,credit_card,1,41.10
"638fa07954d987db6c7cc971c365eca5",1,credit_card,7,115.06
"9c45d684670744358dfa62bf619d648f",1,voucher,1,195.10
e17c3ecc7c4f2d721d917d20102ddd67,1,credit_card,2,102.13
"6a7f146c996d90e099636967012fdc8d",1,credit_card,1,60.00
"4d5779c1406a8459afe82091e0dae935",1,boleto,1,208.34
c4b40afc3b677501f34190204aea02f1,1,credit_card,4,66.76
"5e362b5d60f22cf39bb6066118c31fae",1,credit_card,12,124.05
e80adaeb250096a2042a63c4b3d20bcf,1,boleto,1,351.32
f62c1d95a213688bbeebb149afd3ad14,1,boleto,1,92.10
"641879e47a518bfcd257cdedda69f029",1,credit_card,2,23.77
"7b3950b933fe73d96ce4359a1caf38ea",3,voucher,1,10.84
fa324c91752b47b6cc59296bcb53ebdd,1,credit_card,1,57.55
"135abbc3c51d35902766fc491caf6418",1,credit_card,2,122.39
"341279a01a590f7c1f08a7ba841d2161",1,credit_card,1,58.22
"1c0b41996d287cfa89739affd2df8033",1,credit_card,1,39.47
f9537b9d24a68ee87a6ea92286bcccc9,1,credit_card,6,127.04
"10992b09416c413bd468501706f7d475",1,credit_card,2,158.30
fcaf7752522fa61b23a80737d5b5b312,1,boleto,1,103.14
a9456d47156dc580a5421d6b0a12074b,2,voucher,1,17.20
"61ed1876bd482d2c77e3b085ce949c69",2,credit_card,3,189.31
"0e6cacd64f68d4bc8b0cd488367ac297",1,credit_card,5,66.60
f1a616a394737d1454797dc162758454,1,credit_card,1,40.89
c55e1514675dc10976509a057394e27f,1,credit_card,1,1.49
f62eb25e3aa165fefd61b028961ced6b,1,credit_card,17,175.04
"563c431a361a75cff783684f644d7601",1,boleto,1,73.69
"6cc093e3a5432dd810b3160fd965e76c",1,credit_card,2,216.83
e73eff9d5a06990f389e11a7f731af85,1,credit_card,10,122.06
"303d9c6e1b29113a1731bbb7e75650a2",1,credit_card,10,194.57
"1729ff43a8a349e7762f284b50588055",1,credit_card,2,160.54
"8efd19a2f9ba6e65f7061e74df5d337e",1,credit_card,3,249.97
"071a4b7cb627e6acfcbde9c7ec233893",1,credit_card,2,66.19
cba21bedbcfe88bcc7e6918e9555355c,1,credit_card,6,65.56
e43e7a3a8ac3cfe7bb59dfe7de389ce1,1,credit_card,3,35.09
"4885cd7658f4cc5aa7f5955a69540387",1,credit_card,2,145.66
"3282d3194ddf7794d2ac89795ed74cd1",1,credit_card,9,212.03
"144e2a5f3cce02b2f4678bb2bd5107d7",1,boleto,1,109.90
"3ad68235680db3c8a491e0362402fd96",1,credit_card,1,22.38
"341f18e07d530efb44d8dc6753c10400",1,credit_card,4,45.72
"80700def3189230fc60069139112527d",1,credit_card,5,157.78
c177bd75cb8bbff3f8ce6842201c7b6f,1,credit_card,1,8.13
"76b47b741630b7b9d7ea28747cce5f50",1,credit_card,1,58.64
"2c2ad0e6636d842e7f1eead45cdc6065",1,boleto,1,192.16
"000e63d38ae8c00bbcb5a30573b99628",1,credit_card,1,56.78
"6baf552ae13caef8a6c9eacb206a8675",1,credit_card,1,139.86
"711e5b95c43ca76cf4fb0e1f11b8b01c",1,credit_card,2,78.21
"91dd888a4b337fbe66398fb27c88a04c",1,credit_card,1,135.58
"4921567919029aa0950f3ebec0f91169",1,credit_card,2,119.97
dbd67f13fdc695836f0eb7b7c83dbd46,1,credit_card,2,57.38
"84b1048a4e9d46efbb9e5a65c973cd11",1,credit_card,7,142.54
cfed781f36b83cd848a78200091e54d1,1,credit_card,10,350.37
"6a9521bbff3e1aebe4afb832cc7a23ba",1,credit_card,10,119.26
"46162b40be0f9a769ab382cfac1d9a20",1,credit_card,8,97.71
cdee3ff3ab3f8f61f223e40ed025a7ff,1,boleto,1,122.27
ea0aecca2de1f337e8a16c457f407eb3,1,credit_card,3,211.89
dd473c68be3819ae8e68f1a7608547c6,1,credit_card,8,93.52
b5fd688e3b4992b03fe982e9d569653b,1,credit_card,10,109.31
"3568ebea6d5338487cf9c64e9f59abfe",1,credit_card,3,228.86
"6a022aedc6fb8597eddd4b1ed70d14f7",1,credit_card,10,348.63
dfb6a56c471c1a04a0714eed6ce75de1,1,credit_card,4,226.74
"702c89659fd2b244cf06f052e886bdf6",1,credit_card,1,70.70
a93894c6c9f88bd148b7fa62169a6532,1,credit_card,1,93.30
e52fad87a8264c18cf50fd3cfd6dc3fb,1,credit_card,1,19.39
e8b79ed0b3aa49f3a28b6939a3db249f,1,credit_card,1,21.85
"101d0c9df867a5f28ff3af69bb2a13d7",1,credit_card,1,27.29
fed8de9095f81f4e708bfef1ea529424,1,credit_card,7,153.36
e2d66db1ac680c44e6419a6a7a5095a4,1,credit_card,2,249.09
b4c86abf900a8e53f4b9622532c87ea4,1,credit_card,3,270.32
"43bc7c4536c8e9551370565d9b101904",1,credit_card,5,813.41
"05297254c9e41d34c1a38f75ca8656d9",1,credit_card,1,42.33
c77e47704d90425196c86d3e237dd9fa,1,credit_card,2,142.26
"2b745ccd6f667dcd824b9ab05352b0dc",1,credit_card,3,124.99
"068254dc0ecdb91d62f52c658b4dd09a",1,boleto,1,159.95
"96cf7ecd8c676d61be261ffdda90b008",1,boleto,1,47.43
e8d058928dd8b2837ef82db983c5f1d7,1,credit_card,2,63.13
"2e54a200a6bb88a705239b059efa8fd7",1,credit_card,10,997.37
"0bb0ac36c272438c710c3ee74c77da1b",1,credit_card,1,33.00
"61417f74f6caf083ff60fa4dc315f050",1,credit_card,3,87.23
"1c11d0f4353b31ac3417fbfa5f0f2a8a",3,voucher,1,200.00
"7bfaace314d5c68160cbbb20c50b1438",1,credit_card,2,114.73
"125065dcda5fb5549b43a1ce085bec63",1,credit_card,6,156.33
"0517a3e68dac3308995edca2144db36e",1,credit_card,3,99.90
c59056a977d611eea46b02572be8c2fe,1,boleto,1,163.26
"0fc3e31f16aa4bc4bff4d14fe1e169f8",1,credit_card,1,16.36
"1a46a59c4c13f2c52e453f8f490b7840",1,boleto,1,130.47
"20b6d93cb808407fbfa6438a2582538c",1,credit_card,2,109.50
"967b0e60c5ee39c56e26e3b441c0eaab",1,boleto,1,249.67
"973daf958def9b35a204cab8092279bb",1,debit_card,1,20.06
"509f828e4a4b823e3b6d282400e52add",1,credit_card,6,64.51
f53a7ea7fd8dd95811fd2035733baf9e,1,credit_card,7,148.06
"51fe58b46fd2894df4be24d9ef1f2c62",1,credit_card,4,209.15
"851e5fe2dfd9579bb3bcb65dfa4d2b3a",1,credit_card,2,53.82
"9cb899ec49b7c2411eae41cd5977de2f",1,boleto,1,87.34
fc5d7fc2903cfc7a873e4669688028aa,1,boleto,1,72.83
b67c515c4ce95d8b4b79cce37eaf9e23,1,boleto,1,194.80
"4c8962d1aff37c5cafe5190f4f9b6839",1,credit_card,1,114.93
"84a8547f4f0a41d7209e827a7c38d93c",1,debit_card,1,51.63
"67f98e9ec7d20b6e39c806909565213c",1,credit_card,1,52.69
"19247443a7dfd6e4475b0e9b3fae86de",1,credit_card,10,102.31
"293bc7dd9611917b0037860893adb256",1,credit_card,10,111.62
a2434744f99182d51db312b7520e915d,1,credit_card,1,37.45
"13ce7f4beebc91755492c12e77093d10",1,boleto,1,303.99
c3dc9e818772dba4ee8082d999b9982b,1,credit_card,1,6.12
"52c0ffe5247337047280978e84d62979",1,credit_card,1,166.29
c9653cca1e27f0816402332712a4c87f,1,boleto,1,65.76
d1145062aaf9a31027f9fdd20e8bf0c9,1,credit_card,1,114.03
"0ac6093ec7bb2a5eb1da4961999ee9d6",1,credit_card,1,60.37
"5b10bae6d8bb45da2e1bb606f76b5032",1,boleto,1,55.00
"6828ba023d753e69328bc0b6e4153cb4",1,credit_card,1,59.84
"78e0775b7967227a9d6f00277bed69e2",1,boleto,1,68.29
d5cb76792b06c2a00edb03001d5f52ad,1,credit_card,2,265.12
"30028e2a89c8feb5f30ce00c5f3f2cf3",1,credit_card,5,163.58
"0a082979e13de340740a9883be061fcf",1,credit_card,2,187.53
ae335d085e7fb3e027c0943975a839fc,1,credit_card,1,96.79
"5fbe345aed80ac57d0b62228823c9074",1,credit_card,2,51.29
"4f38a875c972c4803a792f62b999b4cd",1,credit_card,4,247.68
a9d1327838b1c183fc288f0d2bf23d32,1,credit_card,8,173.73
"2c06e80ee31e3bc878d17d0c6abb8f4c",1,credit_card,2,219.83
ff6373dfa00603bd092cb8f6eef3349a,1,credit_card,2,74.97
a80574415edf9f5612a5a6d5f8cc0bbe,1,credit_card,1,244.29
"8553cd91f67faa93fd2aa45148bcc3c8",1,credit_card,1,37.59
e7666f6bc0e98144ecc793ddbbdccc08,1,credit_card,8,88.80
"4100b7218003e76b7c95e82ab07b3fdc",1,credit_card,10,289.98
"9b256bac4d128fa4841abe19f6126836",1,boleto,1,36.09
"28acba5aee809821856801c1a77257da",1,credit_card,5,106.75
"1a611328643ae11146ba09a4425d2e12",10,voucher,1,6.34
"568f58b0889ba49158a99fb0e26dd95e",1,credit_card,10,1478.45
"7e9dd1dc8d16b86e67a0c7a8a3f1ebdf",1,credit_card,8,164.79
"7e054f9f05a6b366eaf1fe25293cfefe",1,credit_card,1,29.35
"8dac680ab124621709e55d51a9a59cd2",1,credit_card,6,142.05
"5e5e74b102f501b1f57aa7ee1a7b84de",1,credit_card,1,47.75
"01b84214591ddd4edad9fa4a1f344f84",1,credit_card,10,651.56
"9a58bb130c8dbe2b6ee84808bda0da8b",1,credit_card,2,217.86
"4fedc3e39af106c703916b9e7fdc5e5f",1,credit_card,8,80.11
ee026f49fd0f7469eca393e46a073077,1,credit_card,4,74.63
c96bbfcef566c4118ee31d941a8619a5,1,credit_card,5,50.78
"2db959b538f9d43d4e42321f2c1bf61d",1,credit_card,10,346.88
"2240d9349c55949c40dbfcc98ece280c",1,credit_card,1,10.90
e1a90f68f1eb2b0f154dbfdace7bdab6,1,credit_card,2,198.13
ffae981a027da994061d054aa171c4aa,1,credit_card,3,32.06
d8c03aab0fec0814864f1ddfb5135698,2,voucher,1,285.89
"4dcff73972e49b77fcb010749fb5433e",1,credit_card,1,220.78
"8681822ccf2aaea9124f49a2a6dba7b1",1,credit_card,1,92.05
e80d8758f771bccd842da8b6fc2837ca,1,credit_card,3,156.63
d166f67781b7bd0b6a57efe3bb9c6f37,1,credit_card,1,84.79
"99be808a738b72683dd226668837958d",1,credit_card,1,63.23
"92adde32a6e8a93d08501e1ac7f2e51b",1,credit_card,1,64.11
"00d94e8901b75ee0d6ef1f87f947b666",1,credit_card,9,97.40
d7d7c211bef169faf83515ce6e8294ea,1,boleto,1,243.76
f94765982f45d2bae74c9cbf55d37387,1,credit_card,3,197.72
"43d1fe9178de269c073056a519bac11f",1,credit_card,3,1010.80
"2e43aadcfcd100bf85414cc4a0b6f3af",1,credit_card,8,310.20
ef42ca96b36e758b3da05888aa8ad723,1,credit_card,2,118.15
a03ac1d748cc1533566bf2c8199159d4,1,credit_card,2,289.89
"2aab3a740da24c9c894d61330645464d",1,debit_card,1,32.09
"14ce3ea318e6003910fd6a5cfe72750e",1,credit_card,1,86.15
"872d9bc40126d71fbcfcd18895ae2cf7",1,credit_card,2,407.95
"10f19649ff10ef887aee3d8d536f5da1",1,credit_card,10,546.45
"3d124284515fa7130862f5500fd95c2a",1,credit_card,1,42.51
f42afa7297d7d5f4c540fd31c4196821,1,credit_card,3,286.56
"1fffb8b3f671b92497da76aacd6abc72",1,credit_card,3,182.85
"67d24a8d137875c82f670c9e089f4a2b",1,credit_card,4,745.29
b247e9e61aeaf7a0176b58b04e321e8b,1,credit_card,1,139.52
"36d434b5513fb789bc34ac7796e53cfe",1,credit_card,5,172.53
"3e57128c6628df0162aefb87d11d4bc2",1,credit_card,1,49.49
ee08d8ee1e91201837b8d764336db291,2,voucher,1,29.46
"3cc47bf7332ded667ed3f478a0f78b1b",1,credit_card,3,77.57
"473defc0ac04db9fc14d871ab980e9d7",1,credit_card,1,168.20
"2a53c58e80c62fc4215302f6fc4d3a4b",1,credit_card,1,71.39
"548349fc08944ddee38248fc37100355",1,credit_card,1,50.10
"539c20beb5b66c57aacd5dcc9b21b08c",1,credit_card,1,27.62
ab4362fccbf0de9194dc5b7c0ea13585,1,credit_card,1,133.17
bd62b37e405552f1b1c8ba894723f336,1,credit_card,1,96.93
"23c312ca9f0242a48a95e5643bee2645",2,voucher,1,150.00
"9839529a810b520a23afe17f48978595",1,boleto,1,31.14
"23ef69b3ace250bf5783e918620f3919",1,boleto,1,463.34
cf8ed2e1892b687d2ab983835459a604,1,boleto,1,103.47
"8618ddd10efab313eb126df40eee1299",1,credit_card,2,57.79
"1b0fd42cfc51e77567823cb398ef2e26",1,credit_card,1,98.65
"5476692f5bd7809bea1c3e1b737f9246",1,credit_card,1,69.84
"852586974b34f22595f8bcc918b48040",1,boleto,1,88.84
"446de4fae55c385fb4c5481c783bed29",1,credit_card,1,55.22
"832c61671b530bdc7d56880581bc2146",1,credit_card,5,103.55
"2f2dd59794b2eb30ba4aedc5dddd94c2",1,boleto,1,518.84
"27e5ed2ecefbe0bcc9ae0c9b26b763c3",1,credit_card,1,52.01
d385135903a04968ff911a2a1c7c9188,1,credit_card,2,34.65
"805ff37179bd287d2eddbd15fa7fe901",1,credit_card,2,174.43
"9293a0b9f66eb89c45d984173b2f3999",1,boleto,1,243.11
dba6fefb7f441ba6ec433320366d3037,1,credit_card,6,201.84
"3847dc5f7c8545297f35e196a49ff399",1,credit_card,1,35.72
"1dec400990c7e09b4d4cadbf563dc393",1,credit_card,2,278.22
"9484a3055b7d1217496689d361a9edbb",1,boleto,1,89.75
"34801c59d6ec5c5e89bfefb6ebef314d",1,credit_card,2,29.00
"432d2b5bc76e805e0a8adef4745ceb33",1,credit_card,6,276.26
"95a5814dfb290ddf4bc43b075dbf4d49",1,credit_card,2,117.74
"11b5d728cf646933ec26e0457f67890d",1,credit_card,8,316.40
"4ee25083ee6cc047adea4955dce72c6d",1,credit_card,1,66.96
"6cf8b5d146910e3d1b0f23f82a132194",1,boleto,1,171.00
a775b8240ac316865bf5d1c604131e5d,1,credit_card,1,174.43
"033fd350afad5c65be91a385733af4eb",1,boleto,1,57.58
"68986e4324f6a21481df4e6e89abcf01",12,voucher,1,7.50
"97c6f98cd025659444b815df5050d8d7",1,credit_card,3,163.97
"2c4bebe8fc2cea16a75b62de3c712097",1,credit_card,2,120.64
"4ae41a4932898dbf49f39d10745ba16f",1,credit_card,1,21.29
"311590adda47f81d35e863654feba9f2",1,credit_card,10,251.09
b632c3e0b709b4bee21b37f79caa57c1,1,boleto,1,67.50
e7475420bf383cf47bda792c4efc13c8,1,voucher,1,46.38
"770ad5eec9763dbf6201f544768ed27b",1,credit_card,8,172.84
"07dedb9d22cef1af1540ab753c537c4c",1,credit_card,1,133.05
f130f074bea141b1b46b3d419a805379,1,credit_card,3,83.92
d1ac92a1cdff4219a26a167dbdb3cb7f,1,boleto,1,1224.87
"9d75c13a38478759d01d70c2dd49d06f",1,credit_card,1,107.02
d4d5d282946b01dc1d8365bd227a8b28,1,credit_card,1,61.69
"7f73071c538cbb2b10e41a3041db481d",2,credit_card,10,126.34
"47cf7e28d8f434cd6a3f4825953cdbac",1,credit_card,1,49.22
fea563d194760a0737be8bff36ca8c40,1,credit_card,7,77.57
"34a9dd848ef0ebd4ae4b60d31720497d",1,credit_card,5,65.01
"297358750c4d97989ee76a22ce38764f",1,credit_card,1,115.13
cd9a4a2f34981d431266156f950ce0ef,1,credit_card,3,88.86
"0e490dd9ff8d1bf7259c4265f49bd577",1,credit_card,9,90.44
"83ea47ad24b5fce57aa5ade0fd069c94",1,credit_card,5,58.14
aefdeb364dad62902b4e3a0b07b8a8fa,1,credit_card,1,43.58
e154274f8d5b5bcef8bb9f51a54b218a,1,credit_card,3,85.14
"8d23184181b28b55b4c150dec4f0f010",1,credit_card,3,654.38
"39a8a29adbacd6bb73e50c85e4e69888",1,boleto,1,31.75
"2b51ea6e0892e56067bd7ab3ad853b63",1,credit_card,1,129.64
"2fcd7fa5d8729fd6dddd51369b36edcd",1,credit_card,1,125.52
"990791b9237f52581d0a924b447c6fdf",1,credit_card,6,171.88
"37a5627c7451cf77174dbb624b22f8d4",1,boleto,1,88.08
b951fda86def0277a8416cbe5e7389e0,1,boleto,1,146.22
"40720c42a96175879b2777f799bb29a5",1,credit_card,1,34.10
a19276c07c1ec9208f52e764a44acaa7,1,boleto,1,50.00
"2353c3b67536350ec12490aaa0b01c39",1,credit_card,2,102.93
"27bef9e280946001761b32ae6463dbe0",1,credit_card,1,32.77
"3e46d4c127db26ad30843bd14fcb98f7",1,boleto,1,87.66
"0bd15125e46474dc9318288ae0ea528e",1,credit_card,1,67.50
"9abfc84ef4c9b890984bba7039a634b3",1,boleto,1,105.41
"4b38f9d30c069b6ec0c1da7d03c0ea21",1,credit_card,8,232.97
c1cb3668980881dd301d51bad5aa106a,1,credit_card,1,72.27
"40a601b71bfefbc0f6a7566b0d201fad",1,credit_card,1,30.12
eeca9f5d045896f3545298cf7a55f101,1,credit_card,2,176.71
"4082a09e70f0dcced54c17ec25ac2a50",1,credit_card,8,161.86
d0caa50d59dd78761abd9c1bdd06bba4,1,credit_card,1,80.15
"04e4230edda7cee2d7656643461d47e7",1,credit_card,10,100.95
"32df9ad50634e74d5454b4493d587790",1,boleto,1,615.85
"897bec88b385ac71b7a32e9d9097164a",1,credit_card,10,191.13
"244ff746320ac713392dff3201120c0d",1,credit_card,1,172.44
"65e9a241667deddeffb1542389e94964",1,credit_card,1,42.87
ffea5b26be781da4c215c0feb484f4fd,1,credit_card,7,140.07
"0e790632306835c4529ff1b46c135910",1,credit_card,4,42.53
f02636ac66025f7eccc065c1ed939a7b,1,credit_card,5,90.60
"279a913334ec7a5075f8d31c6a669f05",1,credit_card,5,54.11
ca7adf1201471598788f746ed74c825b,1,credit_card,3,110.13
"55c424970c57390065af9e2bf5461f11",1,credit_card,7,79.32
db398b78388fa1c67b3a505ea123c001,2,voucher,1,50.00
cb2a9cb383940ea9958340662d39e2d0,1,credit_card,3,207.46
"76dd6b675eeba81086553a3c272e0423",1,credit_card,4,231.30
"907ea6dea72f64c70300de5ca04bbdbf",1,credit_card,6,191.25
"61665389f0cccf5ec8135e3b05efc714",1,boleto,1,80.10
be232325c4a25099b3bd0015b73141cf,1,credit_card,2,58.09
"5e34ad6a26152d8d8743a70e214b1a98",1,credit_card,4,626.76
dfa8413e7d36ab13ab6b12c6c55fdc2b,1,boleto,1,656.06
"385ee6bd014c3ca0b3be6215f97349d0",1,boleto,1,89.77
d7703c6f32e51dde96ca41e281d4254e,1,credit_card,1,58.71
"547bbd260d2956c4b7eac06beac85ba4",1,credit_card,1,29.86
f13b936aa2436a99f17881708a7505b7,1,boleto,1,223.88
"63ec341d048559b0cb4216945930a486",1,credit_card,1,42.58
"59e87cfa722bf039f1379c56d0f97e07",1,debit_card,1,32.18
ace32c3a7cdce2ac7c62d0ca6c39b0bb,1,credit_card,3,152.70
"67f52d466554ffe40e2b3f2611c2a5a7",1,boleto,1,143.46
e82987745d31588f2815293de731fa0c,1,credit_card,3,30.72
"0ec0ef35a66b31f873f0010267d30a8e",1,voucher,1,95.91
"5ac35c7287e56c2444bcdc43f142c0e2",1,credit_card,1,44.10
"42113ccffae542a6aee6b921c765d59e",1,credit_card,1,2.21
"2d736835b63820cfdc9c9e7eef22daf2",1,boleto,1,73.91
fb1b43869922a4c4faadf387772149ed,1,credit_card,2,138.11
"5bff01e3dff7247fb0b9e27535303846",1,boleto,1,221.79
"3f67dd72711194df0865dc9b59e4bdeb",1,boleto,1,148.06
c6926f41a94f1069b4f549fdf98110e1,1,credit_card,1,27.77
"64a52e5a0f31a4ccfe2f4318f49aa33f",1,credit_card,5,80.34
"60d33f204669abf0795294143b54d6b4",1,credit_card,3,116.75
"1c2220875063bc97c980fc0259524908",1,credit_card,6,66.60
"547c0db33c070cc0ddc35ad17750c6f3",1,credit_card,1,40.42
ef5cbfafea632f181983df020dee5199,1,credit_card,10,114.77
b35b7430e23fa9b3ef7dee8daadacb75,1,credit_card,1,49.00
"82ad15d5ae6887a26bd03503d58d603f",1,credit_card,1,34.22
cdef7b8439b81b5a726a7ca67fc88346,1,voucher,1,341.02
"9d8511a0b975c1aae5e2a9698a1ccae2",1,credit_card,5,173.53
"1b3e96e0d9948e7a2582e092b3ca9ac2",1,boleto,1,224.16
e1427e7a68ffc45df4603af512ceb4f1,1,boleto,1,50.22
d640892cc6e635047b062a06b5f9ce32,1,boleto,1,47.80
a338e253d44a1df47d96f51106cf74dc,1,credit_card,1,9.89
"502668fa85b6cff5243cf74ce4100182",1,credit_card,3,33.59
"04af00b2ad7756ba45549af1e832d8da",1,boleto,1,148.49
"7e0b3de10a1a384e3981f68540b150e6",1,boleto,1,151.30
"37e7875cdce5a9e5b3a692971f370151",1,credit_card,1,56.96
"21af19181b59fd603fd2c40717d3897b",1,credit_card,8,206.54
"3e63664ed5cdf7a1435eec921b9091a1",1,credit_card,2,95.30
"338084a6f213912faa2ab6b87c6d388f",1,boleto,1,63.28
"0d536196878234ebc112ee9c2cd160fd",1,credit_card,1,103.50
"62f30b2a0b0347a3859e2125b6f504ac",1,credit_card,8,126.42
a835505a16cefe4fe794476d79374f81,1,credit_card,1,86.44
"3f6f3613c3e21313584d2ee7bd5532c3",1,boleto,1,124.69
"8dc3550fe0754e1c7b777cba6109f525",1,credit_card,5,190.37
efade7725d5dfe59a8c281511cea69e2,1,credit_card,1,111.84
"5268c3dc8d619070c0a2e5d9403a9945",1,credit_card,3,149.09
eeae538503aa251c060d45ea2ef3fefa,1,debit_card,1,72.56
"36377e52aa9971718dd22913580b7799",2,voucher,1,25.89
ffc22f2404e3490516c9a03e88da4507,1,credit_card,1,64.99
"8bcd205375fd46dc076a3cae9fb5b919",1,credit_card,2,56.78
cca3b312005f0dffaaa7a243953da501,1,credit_card,1,81.72
"106b5dd21daaf566b13f54cecc9ad32f",1,credit_card,6,162.77
"418bafc9ec22366d00fdadab496b0215",1,credit_card,2,51.13
"13ff8a02b63113dd72976dab2e01b171",1,credit_card,2,85.14
a2ae845d7d4ef0baf31d017fe7979483,1,credit_card,1,105.37
d47929036b8c504537b7a458185913da,1,credit_card,6,64.69
e7b8437c3c5f2441634448e5a2a3d8fb,1,credit_card,2,161.86
cba6084373248c908b641d3fea44ab42,1,boleto,1,42.94
"27ae4a0be8ab218e05e205f6fcacb88b",1,boleto,1,61.72
"2ea2e9d43eeeec020af7c136c91858cc",1,credit_card,1,134.51
ba0c09b77bd8f01147e2e0cd34bc30a9,1,credit_card,7,212.80
"826781a83e7fab9989e0882180d2adc2",1,boleto,1,159.88
d33a24a5ea67f8f5a06b0a32e53f3acf,1,boleto,1,78.19
"5f9b8704ad096052823d6e006cf03443",1,credit_card,1,66.48
b5359909123fa03c50bdb0cfed07f098,1,credit_card,10,160.94
c76d2d304f60e2fd258910e47c8dc5f8,1,credit_card,3,70.00
"926c0265d29d0a2aeaa50df0a39851c8",1,credit_card,1,52.39
"807c258c31674da775e91946b8c5bf7d",1,boleto,1,49.39
f0d233590ac45e46128b3300aee30db9,1,credit_card,2,48.60
fa22f5f8711934f18364448592c96099,1,credit_card,1,39.62
"085c1b501f2aed6dc60955055e9567bd",1,credit_card,5,50.05
"46756e8b057947b9f69b5a70f084817f",1,boleto,1,106.34
f1decef53d9a81ae9e0b8e315a6548e2,1,credit_card,1,52.68
b06ecc72eaea06f34af84222269f5cf5,1,boleto,1,137.98
"5414180e118bc59734a59e7759b1c8af",1,boleto,1,66.67
"437eab927fbbc0dcfef153692c06c2cb",2,voucher,1,100.00
"0e43d3e03f2ae293fc9e34a0ef9a24eb",1,credit_card,2,117.85
"4ed9c32a4e9d45ab8b3b9596e69f7346",1,credit_card,1,21.04
a29ab32710213cb26d652ffae0386f44,1,credit_card,1,33.85
"874ebca0220c7586ef0eaf166bb83ea5",1,credit_card,3,169.41
"1e2d70a35f238a2f454d8def1d883d8b",1,credit_card,1,63.60
"304dfaa2530a17749ec1638baeec82fe",1,credit_card,5,51.19
bd1e47bffae57a3de85b034cb9d7a89f,1,credit_card,3,180.44
"56dcbf1c8f148732f46bb1770568aa5d",1,credit_card,5,57.53
"418bb287b39de72ba4ec49a79fd47143",1,credit_card,4,322.58
"9f35328dc92b28c67517b812818dc6a8",1,credit_card,6,1243.62
"9476149aec45b9b1774a161abcce8631",1,boleto,1,188.28
"2d5ec2229b5850cfe5032ee2b0e073ec",1,credit_card,1,74.60
b0df2d550f7ba78eb5042f07ccc1b08a,1,credit_card,2,267.51
f2710c3e65b68cfc927a8aac6ecebe83,3,voucher,1,40.00
c9eb0f567e306bb4c34dacbccf9491c8,1,credit_card,5,57.54
"36d60fb57f3153d3296bf4738b68fff1",1,credit_card,2,211.17
"5d7ac6a387319785f60ff58860a82e7e",1,credit_card,3,164.66
"5a89c5077684b44a0094ed4aaa70a234",1,boleto,1,47.43
"601fb7b5c950f370e9b7fa94529b8880",1,credit_card,2,462.07
cdd7d95ef2e9701ad29741c3f827bcd4,1,credit_card,4,141.96
"482795eb406ad7dbf6ddfa6af6e57361",1,credit_card,2,296.61
"2f18fee7e09d77c69bbb75054b8610b1",1,credit_card,1,218.69
"3198a007090c3a630beb0fe82d14a0c6",1,boleto,1,32.09
"84ea57ede61b36c279a88c9fb36fe3b8",1,credit_card,8,241.19
a6cb10ee1e2b8d61f857c29323efa291,1,credit_card,2,154.38
accc1fd1e3c84881e0a9b27f8b611386,1,boleto,1,144.68
f094a0ac1cb1fc3b9ac8a4d385b602e1,1,credit_card,1,117.11
"8171523911786efd1d91c66d69051fcd",1,credit_card,10,3122.72
"346cd3685987f63655b81288de9e577a",1,boleto,1,75.07
adc82913f73b2513bb3e1d039abac600,1,voucher,1,54.09
e14b48e4e41df5c0fb39c38cc60fe063,1,credit_card,1,65.96
bd44e878bbfdde29ea540a99068c888c,1,credit_card,4,233.70
f8718b67f7469531acea685ab46722a9,1,boleto,1,73.49
b10b53f757455227e8b972cb1faba733,1,boleto,1,36.43
d52994dc5d7fc26a240586d7a63e71ad,1,credit_card,6,67.62
"8275d4aa466e4679ed369b23c8eda40a",1,credit_card,4,238.41
fab2aac6ff265cb5b66ffec77b3fd882,1,credit_card,2,139.80
"4bd1c66907b2334cfdb5bc612d980f0d",1,credit_card,1,32.39
"55e1aea2308e1c019ef7ea60766c5f7c",1,credit_card,1,27.96
ac8b3ecc5daa5b2d54a81b3ba337bf6f,1,boleto,1,118.30
d6215a45def043ea37208c33a9cfa550,1,credit_card,2,179.07
"0d15b014007c98a152fbb3b032a7521a",1,boleto,1,107.09
"299a5bd1c2d7b32f5108fe0e84661e5d",1,credit_card,5,107.95
c46141b3d5535e4ecaca9ddaf90ba7a7,1,credit_card,5,237.06
"9cd2255ff41cdabee2e24bd9ec5b2084",1,credit_card,2,57.23
bf2cb71b1f79c1f44fbd98358c2ba7b4,1,credit_card,2,68.43
"3c861124656eab16c456bc59cf05a0da",1,credit_card,7,75.42
"4393a63adeef0f3e606c78bd143f044d",1,credit_card,1,56.89
"6353efc1d0d95c4b6b631151651307d3",1,credit_card,4,168.29
"841c2a8a7251be9ce05b92ec875a1f7c",1,credit_card,4,128.28
"4bb595621c2f6ee56c2c25496988f4d3",1,credit_card,5,391.55
"37d928cc42067f69b394747c5c71a260",5,voucher,1,20.00
d245d1728ad7cc2081cb50838d7d6fcb,1,credit_card,2,44.13
"4315afe81f99b1c8d4c3c9ecaa6852fe",1,credit_card,3,119.25
"7889ce550f16a1fe103ffcf2a4a537c2",1,credit_card,1,45.25
b31a540b397cb096c3c5252eab692c9a,1,credit_card,9,90.71
dc0026d5ff685eb725a42925ff3aa5eb,1,credit_card,5,115.35
b2cf020b24748745f3e8e4d06f9b988c,1,credit_card,15,162.42
"0191ee5deb2474bc1f4189fa709289b2",1,credit_card,10,891.14
e8e6d889f4d8a89fdcae9bdd473117d7,1,credit_card,4,2480.58
"145737447654951f4cf49cae1faf921a",1,credit_card,1,41.00
"9bbc9e86ec19f512983335c5af110810",1,debit_card,1,38.01
"9100ea91afedf9030ae77fe3871d7df6",1,credit_card,4,347.97
"4f0b86c3487e56b6e9594e9dfdb5d70c",2,voucher,1,100.00
"0bc16cf0c58995bbc893af2e151534d0",1,credit_card,10,436.49
"63bf3dbf1c64d993b4b9eecac8fecc48",1,credit_card,1,55.96
b919d851cfb225ed3aaad31f248ed88f,1,credit_card,1,30.22
"96874d51b07a419abc3260ea8e854fbc",1,credit_card,6,67.50
"0c5a4222cc662d4e0ec50de57f1f8b98",1,credit_card,4,63.23
b57e995a96941e23ee717939a2372baf,1,credit_card,1,220.29
"3331e2e606f435cefac5a3ec86ebee7d",1,debit_card,1,116.93
ce4fc11eef7cb0c2cbcaf63598e3bc29,1,boleto,1,64.90
"6a6c7d523fd59eb5bbefc007331af717",2,voucher,1,136.13
"22329698dd5a16cc6e8025805e3f881e",1,boleto,1,105.99
bff04363f492d6a9314326851a1e4991,1,boleto,1,87.71
"020d90b47730f065a03723587c20a57f",1,credit_card,8,293.98
"584bd08b6d0a61391b57b2ac26416887",1,boleto,1,74.72
"91fb22794b4915b6dddd8e74705905f6",2,voucher,1,20.00
e893f8f38397c526df32b5b1add8fda5,1,credit_card,3,292.39
e6a66a8350bb88497954d37688ab123e,3,voucher,1,5.75
bb6098323b5ddb5435b705192fe81ebc,1,boleto,1,111.80
"6e468efb1a072c6e6824d7918f2eb206",1,credit_card,3,266.04
c111a2ee4155c4150716cf0e50311d06,1,credit_card,2,96.96
"3fb11bd2ea68c2502505db7590a9967e",1,credit_card,4,46.85
"565db683020d918f5bf0a745784b44fb",1,credit_card,8,352.10
da7c99259b71f5a3fb36e14cc693e31b,1,credit_card,1,83.57
cb8add3d9d1e64220e64944c428eadc9,1,credit_card,2,66.01
"884245b62173977a377007d7c62cf9f2",1,credit_card,1,91.15
"86b92e30ce5d2f2db1a0c9821ac483bc",1,credit_card,5,504.19
a67834f7995c8979f0268a60dc5ddae4,1,credit_card,8,169.46
"4fe2fd5509bca02cbd39aa5b3eeb2a8f",1,boleto,1,51.20
"72c1981e7d8a8581c570d2e31a560935",1,boleto,1,48.34
c892dec5d74e3ba28920ec30498fd00f,1,credit_card,1,34.23
"7f88683c8e73da556d652a823d4050f4",1,credit_card,1,52.92
e408dfd94b7e8c99fd27de19a3f388df,1,credit_card,1,32.42
"033729e95819665323119db0291d0f0c",1,credit_card,5,111.03
fd9fd21af695ddc1b8200a18954f7b73,1,credit_card,4,94.39
e65b6de1ae31aa66d1601342f04806a4,1,boleto,1,159.82
adeb87b732e8e3684863866c067aa9de,1,credit_card,11,112.91
a0f1470a138fc60452fcfbce3a2d937b,1,credit_card,1,24.33
c68f9fba87fb85ad8be4ae66379b138c,1,credit_card,3,197.53
"77af7c0b651686586766ad39c110536a",1,credit_card,1,85.14
"50be9eb370672ac7e49a1c1741cef069",1,credit_card,4,228.62
"790d715ec54b44543811d672d5237cfb",1,credit_card,1,205.05
"454ecfc568c4d964048236e91a42bda6",1,credit_card,1,52.92
f19f30f5a7f8617f580ec6633c0c8c6e,1,boleto,1,37.00
f630b65d93478030e826b3a84804eb44,1,boleto,1,72.74
"17c2ee64306efa76f1389315a974eeba",1,credit_card,5,91.18
"0576b5ab3dda9404ab293d656e5faf66",1,credit_card,5,63.27
"5f9b2cafa834aef683c653590c8918f2",1,credit_card,2,134.01
"443b9c04691b94da8860a4b73512f94a",1,credit_card,1,42.69
"27d206cb406ccf1605103f9e5339f004",1,credit_card,1,29.70
"6d67e84d12d1216ea08f95b805d1848a",1,credit_card,1,47.68
fa80f02ebe2844509c609c9f2b923f72,1,credit_card,1,114.90
"83018ec114eee8641c97e08f7b4e926f",3,voucher,1,24.86
"230c3aecc2d5f855e6dd4ce8a98ecf13",1,credit_card,4,40.85
d240d33f0dcf05513f86b7846c4db05c,1,boleto,1,378.67
dc8e7d66422ec37c6fa1cd4f6d29a85a,1,credit_card,3,67.18
"219073ae370b0272fbca714f81a67ce0",1,boleto,1,45.95
"450f27b39a6a905c37a6acf203f98e6e",1,credit_card,2,299.59
acd0ff1b0e910297101c81d7c9602232,1,credit_card,2,141.28
"82419d35f3c2a4d515d9bd272ecbc050",1,credit_card,6,61.63
"9f34a57aebc01d6ad4268ec70c75bd2d",1,credit_card,10,354.53
eca3561eac6b93f245edb7367ed7160d,1,credit_card,4,233.44
"048fc26beee4f076edae01e578a13fc8",1,credit_card,1,35.17
"0c4a1120fa16a1ccbb365aae4f54b16d",1,credit_card,1,136.83
c26f9883d70cd30a8ed31f950604f053,1,credit_card,1,29.43
f02c97921d050822b79ace5646299e12,1,boleto,1,196.45
"529803de3fafe0402da504545ed10047",1,boleto,1,52.58
c45bac21efb8f0856af311a0f8d67695,1,credit_card,3,503.71
"9b41629ccbc3ae4be489cb815f3653f5",1,credit_card,10,662.62
"9fb29dddb4a36fb5a0371b04d33a6991",1,credit_card,1,36.84
c5a6478adc7b22ab68336068e514376e,1,credit_card,2,36.35
"12b9b63b911cf0a24b137a184c48e4ee",1,credit_card,1,279.79
"5401b21170f8bcf7136ecd5cda29009c",1,credit_card,1,101.14
e5f6bd268d4bd846621e1c3d99729d13,1,credit_card,4,318.98
"4bad08b56f16face64a87351f339d728",1,boleto,1,185.06
"1282867904225d219a5ec3f1251a5fce",1,boleto,1,334.74
"7244309fd0802a48b22151820d256ce8",1,credit_card,1,100.44
"93b4851a0e1121b652d1a222c342dc71",1,credit_card,8,88.74
"0937ee5de4e9482b7503bae26f9d243f",1,credit_card,6,168.14
"64c4cb66d0d00f017802b2f46c80f74c",1,boleto,1,54.38
"280ff9719796edf37dcfaf1e71d58d5a",1,boleto,1,65.83
ae11d192084ba3db24965f271590124d,1,credit_card,7,265.49
"885935156ba43094f3ae95f3c14e0381",1,boleto,1,42.78
b8643ed80a2602a3562b8cb0d6f7a3b1,1,boleto,1,27.38
"4c4ac3e2dfb16b17d057cf101265b24c",1,voucher,1,54.65
"58b6ba8b093f594c51924dec61ce44ab",1,boleto,1,51.84
"2a3f9da1b73d48af85d04f8550b3d156",1,credit_card,3,181.51
"8c2b7afd2cfc8fe9a8570263718ad09b",1,credit_card,1,37.77
"0562291f2b37f55cc259053d2230fdc5",1,credit_card,1,288.46
"344b231153370562595043fd9747b922",1,credit_card,2,142.49
bd1e486b080a92e66f91c5486282422f,1,credit_card,1,86.73
"01c886b4b865797097ab2d051ae30cfd",1,boleto,1,76.76
"52d66d69f14ca67b1764e6ca25025a3f",1,credit_card,6,64.10
b16d1a2fcbe45897eb78950e1b542c63,1,credit_card,1,71.85
aa1ae480ffdf6aefc191b45ebd4fdedb,1,credit_card,2,65.11
"8c577c6dd5361221832cf0977af2977c",1,credit_card,1,25.83
"058ff573aef21e528adcab8b8717c43a",1,credit_card,6,149.96
"7704b08260c0c712a094d67e7320688c",1,credit_card,4,225.32
"1fd00a38cb5caa89ca06e82069412d5f",2,voucher,1,127.77
a73c3ddde7053504491569e480840e6d,1,credit_card,5,211.85
"9e30c2d3e89eb62b57a1bd4563531cef",1,boleto,1,140.54
ddc6faf8f6c347a8c369d7c2b7cc6989,1,credit_card,1,61.23
"58683439e5d8a39e9b0a7c4b2f1ff8c2",1,credit_card,6,150.15
a4626ad7558acf9abc9358586c8bacaf,1,credit_card,10,298.11
"01be661b8196707ef60f062632d6d1bd",1,credit_card,3,204.06
"9b881df263e0c26b3fb8584bc0da7317",1,credit_card,1,53.27
"995694d9386dba87a71f0229d6b13661",1,credit_card,1,144.37
da095f1f4d7e0e3111772d51a08ad079,1,credit_card,5,119.02
c435a12c69420ebee5a5e0f5cfded1e0,1,credit_card,5,108.00
"9298c4a7ed6bd4d2cc8433f7e4053fe5",1,credit_card,7,79.20
"0f63ff1c10a2177f98f649312e587b9a",1,credit_card,4,94.32
"132d901a3191ebd415e9ed346435417e",1,credit_card,2,91.33
"070a8baa5e3a99e5eff94da597b78fa1",1,credit_card,1,88.19
"4b62f3ef255e276bf8564f8061361886",1,credit_card,8,125.08
"3f4cc91bbcf1a05dbef15d8f976588bf",1,credit_card,5,52.47
"7989909fb944b3db9b477b3294d25a28",1,credit_card,1,28.50
"3514fd00653caace61ea8ad6cd20c017",1,credit_card,1,55.72
"9a25279f96f2403819fb2c4879143408",1,credit_card,2,226.14
"58d3bf26c43675cdcc1a3ac391c06dfc",1,credit_card,2,70.59
"9f7acee13d271fc4082692dd7d0485c5",1,credit_card,2,117.37
cd8a09a7fdc1232c4b96604d9bcadc98,1,credit_card,1,66.24
"511a2c82e1860031d509e3d925c4b873",1,boleto,1,185.60
"22627a86b495dd48e529ac94687b12ff",1,voucher,1,89.08
"65959cbdb267c29a5cb0021a367df75c",1,credit_card,1,24.52
"88ab23508366bde2dc715c9f05236499",1,credit_card,6,655.93
f70c3715f767524c73970266ba6b859e,1,boleto,1,28.00
fdfe6a493395db719f0dbe0ff0c40400,1,boleto,1,112.24
"89efb73c6b5a39a55ef1ec9d2311d66f",1,credit_card,3,172.51
f3e7c359154d965827355f39d6b1fdac,1,boleto,1,104.11
"437222e3fd1b07396f1d9ba8c15fba59",1,credit_card,4,255.04
"48c923725afb1e9fc4d686c4ffb3cf03",1,credit_card,3,93.32
"1391638490f9af630fb84f5da6f40843",1,credit_card,2,22.16
"56ce3873eb6d633a47581ec221f50a65",1,credit_card,3,75.65
"0b3dc290a34c1a7a4edd084847af89b5",1,credit_card,7,145.53
"5f6b2fc59bec17829d34517fef3e11a3",1,credit_card,1,33.16
b6162f47d6adbaf673e92b13e9358d89,1,boleto,1,137.16
fc8b139247ab8779064899bfa03b2b80,1,boleto,1,125.00
e27a78bc8f647d6ce9c8b295bada702d,1,boleto,1,72.85
ab9de67666ec95b75b273e2905fc7844,1,boleto,1,42.69
ad4c9fc51e6080fe19b1e0a62752d55d,1,boleto,1,97.21
"40fea2b67e4cad47bcdfea4cef5035ad",1,credit_card,4,45.52
"0c7019c628b3991e648a3769eff36f6d",1,credit_card,1,1084.71
"728aada863981162c695a2b288d9b410",1,boleto,1,60.05
c67c3abb81ee70788591ca1c2691a14e,1,credit_card,4,46.31
a3b53b3e29cbb1eae203156848b4407f,1,boleto,1,88.75
"5ea01f5660c8d089b604b2d1ddaab334",1,boleto,1,56.78
"93185bd1aed7a10299305299fcbebf3d",1,credit_card,1,33.99
"391b367d6be6ee89d19e3e314606012c",1,credit_card,3,51.13
e04c11c5ac536f27f78b55aa30441f62,1,boleto,1,111.61
"5c973d2b4652e1dec15353b59339f3b4",1,credit_card,10,363.51
eed169e888ef45d577ec9d8972a597c6,1,credit_card,10,273.49
ee6c0c64fe661230879a8491ce7dac76,1,credit_card,2,20.93
b4b08f39312c936c9ecb2327c63337ea,1,boleto,1,46.00
"636cae28249d7bd12aa6fb8d96bbe735",1,credit_card,8,104.22
b9a505c23bb00c07421e4ef2c9381e5b,1,credit_card,1,86.56
a3beebf1efa956ba70cf01a80c483367,1,credit_card,3,87.64
"7c6b6a9c3d77dcb56f9d216b3edbb1a9",1,credit_card,1,7.36
"3a2c2f3f6c91d518c900476c6f7ef027",1,credit_card,1,237.92
"791694f9f32bf69188171d1c43b61019",1,boleto,1,84.14
"3af6b9f9ea8f6b9c7fcf82f988e895e2",1,boleto,1,26.77
"50251fd24f9307259b98c5106deb6453",1,boleto,1,64.10
a700f0d56b491f7526847957172ca70a,1,credit_card,1,116.24
"66b3a1b5e10e14e7bef4025cde095caf",1,credit_card,6,64.18
c06e996d9f8e42fc3e8d99d21366bd8c,1,boleto,1,123.27
"40dae50e569846342aff32ac4117375d",1,credit_card,2,41.01
"8f21638fa75afaac7bd3062113867201",1,credit_card,2,239.96
"5ca60cc1a00a1d2f3090cebdd57c696e",1,credit_card,3,295.45
"8f7f2f0dcfec9c2701f19910bbc20444",1,credit_card,6,183.93
a3fab749aa2a4eb81b72627bc894c184,1,boleto,1,81.56
cc156335b424a3dea39dd5b6f15a0edb,1,boleto,1,436.92
"26a353e90b1f35895b269ad0a5cdb114",1,credit_card,9,221.88
f123bcb9f930077822decd40b6b633f3,1,credit_card,3,105.37
"0fdf3166230480d0c55e5d70a2da40c2",1,credit_card,2,26.61
"384ccfc60303d6c6cc45651300f67a7e",1,credit_card,2,75.25
f5812a9fb42759e8e49d17f11e9d18ad,1,credit_card,4,214.05
"2b302d95360eac2ba6fcfc99c8d247a9",1,credit_card,10,302.90
"54e9851195e7b44a91adc2564e4d082c",2,voucher,1,0.28
f89c0e084b599b404715e19ea6c7d239,1,credit_card,1,70.42
df5a7fca987728c4c3c6295f26ba20d0,1,credit_card,1,156.38
d4374a2fe707b60c71f2d8932f8a93d4,1,boleto,1,189.83
"6a0af454249fd3d78c3878acba1b2543",1,boleto,1,133.25
bffb2f663c0ea51622bccd351e2815d8,1,credit_card,1,48.62
a327b5ecc65060cc462211724d715367,1,credit_card,2,447.80
bc515ab3cf8c40c5a444d797fff621c6,1,credit_card,2,73.34
f757fc88a9be2d57259be12e45955e7f,1,credit_card,10,165.82
ed310045af9a0250f61f7da342d996b9,1,credit_card,4,140.54
f049e19134a95d09c806851a5ea1872e,1,credit_card,1,31.75
ca610b1fadf583e1e3c68c999643494a,1,credit_card,5,72.38
"0b3d6a94ff1d643af663f55ca8418520",1,credit_card,1,121.09
"08d4e83325f02f000d2ba37961c0b8b3",1,credit_card,2,126.19
"198c1d42c0154d26aee31c80ffecad44",1,credit_card,3,83.15
"4381fa4ba1b423dcee980233d6b29d76",1,credit_card,5,114.77
"06a7f7a7fc6a846c853dd6f52a81be06",1,credit_card,1,25.16
"952428c37d3485c8bda244a1fb2ae67a",1,credit_card,2,129.91
e4b437b9b4e691fcbeda579782c84954,1,credit_card,1,45.14
"221075271fec0f4230ccfb754b0282d0",1,credit_card,3,31.75
"637a3cd5ee5f1185db82f36c636a68e2",1,credit_card,3,150.34
"491c5fb7589518eeceb842216e1b4441",1,boleto,1,147.60
c50ed2bf9927ae7e870560f6fb8894ed,1,boleto,1,845.01
c9397dbfd867734646abb1df12a5f625,1,credit_card,8,158.36
"984e49046d60b48b8253d5147b886e1b",1,boleto,1,129.53
"4ccceb1115420e37ee333461047ee22b",1,credit_card,4,55.24
"6373b46dd60ea2f0d7890c131155a0a8",1,credit_card,4,170.55
f7f3e95cf456d7a1ebede3e7c3cce324,1,debit_card,1,200.02
"0da63cb667e372bedd322ccfd284afbc",1,credit_card,2,92.95
"6459b5f821625917c621e74c69b48cda",1,boleto,1,112.02
beab8ba6e1c08b35966c8d1711b9f591,1,credit_card,1,45.00
"7ad268e7217705092ee455d9bd8d3aad",1,credit_card,1,52.05
e4757cbf56d456e12fe04d675a220f1b,1,credit_card,1,267.40
"59bc56d45d476a352332408dfd911694",1,credit_card,2,44.05
"10119d4db66b009219ceafdedfe38741",1,debit_card,1,162.97
fc68d45fcd6b69813ab9159228c0b81f,1,credit_card,1,23.88
"5ea2f9d9583d554b47ef191aa66934c2",1,credit_card,1,51.42
"5dba08d21f1386085c1bdd47548f34a4",1,credit_card,4,356.10
"526fc45095e2adeba18063d4c0700d3c",1,boleto,1,77.57
d0e9bcc931b111b202116edfedd5f195,1,credit_card,3,82.59
"673005b4d67fb096100f48d7a6cb008f",1,boleto,1,63.83
d475435c334bbda632af299cf41813d8,1,credit_card,2,24.29
"2f70d6fc23a1899fd564c990dfcf51fc",1,boleto,1,94.35
"47526268d1ca9101d88afed0fb430ed3",1,credit_card,5,59.00
d0d6f28c88378bb68aaed959896a43f5,1,credit_card,1,27.77
"5f40a2492ceef8196dae8b163a97530e",2,voucher,1,122.57
bb780bb5301c5109cb6eb07d06f3bd14,1,credit_card,5,72.79
a36ab298e151e229a2d1cb6bb0e5839a,1,credit_card,1,112.36
bc2e4d7ad808e01f4e639fc4c447966a,1,credit_card,1,62.51
"2bd14036d2219176010c4c89aa4c9a19",1,boleto,1,26.45
"011331376a4c6cc7a9e5bc165ec169d0",1,credit_card,4,144.63
"87ca2f8dc91bf074b1b0e441341b2a53",1,credit_card,1,187.38
d6461ecc120609d0cef78fea638e47fe,1,boleto,1,111.33
"1da44207e99dbf6f88a322548bb43aab",1,boleto,1,137.01
"8de1aae5083a3fd8914d84cfcf07dbbd",1,boleto,1,129.56
fa1504a98e3482c59bb07d3024a15b14,1,credit_card,2,26.28
"22558012625820980bfc951e437c97d5",1,boleto,1,178.85
"64b30be5c86952908e3b2ab4de5c7770",1,credit_card,1,76.07
"9e7b9ace0373fca44197f8f406bb0169",1,credit_card,5,279.67
"31f64c63fe5b7363cb0ba4cda8110f44",1,credit_card,10,600.43
d8315a97f7666b5ec33f0f34dabc7856,1,credit_card,10,313.51
"56dc63a3acc55198e59e64a07cb6db7f",1,credit_card,6,157.81
"0d387b5d8e636190398548a221d4185d",1,credit_card,2,204.17
"17290263a090bbef4685f5b23f355104",1,credit_card,2,138.60
ecfc1ad7d40898a7862c0791430bf513,1,credit_card,3,32.00
d0654bfcd7000854a697aaee3ff7c5aa,1,credit_card,1,24.23
"8ad43a57bb88d52531c6facae014a8ae",1,credit_card,4,111.78
a61a49b3dc449fa46e74d4d57063b080,1,credit_card,1,105.37
"7050ca67abc28e54c96dda64fc044dc6",1,credit_card,1,218.23
b3e00e1b523322d8cc200c17af55b8b7,1,credit_card,2,229.28
e29f9529525910e5629fdf7a2e569dbf,1,credit_card,10,149.82
"672222c1e1bc8818069538d8c8c046a9",1,boleto,1,82.14
"338a7b69743165d5878ec8d45af93f48",1,credit_card,1,165.99
"1eea943a6165c6e0e51951bb76ec90a1",1,credit_card,1,65.79
"110002a2f7cc77699dcd81a24423cfc1",1,credit_card,1,57.69
b2183f3202315420b832c60b08cf7fd6,1,boleto,1,65.10
"04d95724f8e595ca13c0806541d39973",1,credit_card,10,138.28
"4431ef82561b8626af05cf6e4c30f8a6",1,credit_card,10,127.31
"2894a7132c45ea461bc47c5a3bb1c6e0",1,credit_card,3,159.13
"220d51765a0cb5fd731934046856d5bb",1,credit_card,10,573.00
d7a2d4a7a03831ac687a53e339593570,1,credit_card,1,143.14
"2590e980b10a80b8a69f0120addc6590",1,credit_card,3,105.28
faa3c806c150cf6f037882a8c4db259d,1,credit_card,4,191.68
"8c5e882bb85543c0975f68712ea66b5f",1,credit_card,1,48.70
"84ea561a36501265e6a147837868f416",1,credit_card,2,186.95
"820349ed7a25bbfa196bb4f9a28442f2",1,credit_card,15,1379.51
"35fdc6a25ee3a21b000346caeee26e29",1,credit_card,4,215.07
bdabf4d21213c2844d0b672d8fd72054,1,credit_card,1,59.10
"482bcdfdb558cec2bb6b292e204d58cf",1,credit_card,1,135.62
af8e7d8a37a728552281a38e79f5e82a,1,credit_card,10,253.56
"57caee5837cc4a8f605f3a83bff208db",1,credit_card,10,325.93
"77625c9343b4dd4a9536f65e9ea50135",1,credit_card,5,994.77
"1a4dc88681af860f27b5e7af0cf35ecd",1,voucher,1,64.51
bedf0a24ebbb0d930f1849c2999c53b3,1,boleto,1,122.50
"4558450bc5fae9411f57d15406ca6064",1,credit_card,5,116.35
a5a2c04bf617121fede9ce243c7e59c9,1,boleto,1,82.03
c913d38589fa350791d4d89dec949c4a,1,credit_card,1,47.47
a080255684c6772ec5153e1b847c9240,1,credit_card,2,128.78
"15d78ce10f27fd7ff33a22928455e29e",1,credit_card,2,64.00
"9fce7686189bb24e89065a148fa26927",1,boleto,1,155.73
c26761f0a70b2b7e0bb437aef502ffc1,1,boleto,1,29.09
c4d0c6ca4f6e5d0449129c84e9bdb9c3,1,boleto,1,30.76
"7f9e3a613e4d2212870577798bc8965a",1,credit_card,4,337.62
"41fc2cc719b1c2fa7b4b621fe7de9ad5",1,boleto,1,68.73
"0a576c94e0a66f147bb4d6949602b85c",1,credit_card,3,166.61
"4fc42727f0b542099a7568206da01fa6",1,credit_card,5,100.34
"03e9790f0220543f057ebca9e29b459a",1,credit_card,1,44.90
"5aeed29ddb185bfbd86f0a2d8a11c5e1",1,debit_card,1,38.38
"0097f0545a302aafa32782f1734ff71c",1,credit_card,6,507.84
"2446a642fca6873ebfd22332c6657732",1,credit_card,1,189.00
"6ed25bb3aed24b6735642b12d0dd2e24",1,credit_card,3,184.56
"1f6327c5239fb0779667264362956e63",1,credit_card,1,57.38
"9f94d18d96cdee37300256e7284d7de9",1,boleto,1,90.88
"759ceb2a861358153b8c0727e3552c65",1,credit_card,2,160.44
"29a5e96ed1133228a266d52f12bcba32",1,boleto,1,545.52
c442924838668a8f207a02063556d814,1,credit_card,4,197.84
"7267e79548a97a01f870d9554ecbf645",1,credit_card,4,372.86
"16aaefde5d48ac55cb13be6353f9d415",1,credit_card,1,47.52
"7881c057cc4903a556196d4ce3a0a9c4",1,credit_card,1,33.42
"7e7a64032ec6e6d07ad648bcd4a2c22c",1,credit_card,10,565.83
f8634a6cebe582fe768ba126c4efb871,1,credit_card,7,389.82
"7cabacd4129a4e463e74823b7015115e",1,boleto,1,26.71
d017d0e91fe40d6aa17e32f698543706,1,credit_card,3,57.99
a8986837f6dff6a1dc83345fa71dcf1f,1,boleto,1,209.97
"0675116b5556a78cf0413f70aa9f235e",1,credit_card,4,91.85
"5bc78a286b07fd8ad2198daf226ec008",1,credit_card,1,97.79
"770d331c84e5b214bd9dc70a10b829d0",1,credit_card,2,263.93
"4d938cb9756669aa9adb5e4e06db4850",1,credit_card,1,92.80
"524b32821380cdcaa2b6d3110eebcd7e",6,voucher,1,9.11
ba32ca81e6f254f77b25b2959a1bb776,1,boleto,1,29.21
"2e0f7705cce568d0fe13d933d7165c79",1,boleto,1,125.04
"4dd077c76e72e73742c4af14ebfbd4d1",1,credit_card,2,151.62
"389ac865e327bd982cf1101e0a77ff34",1,credit_card,1,96.65
"23467753c6b8adc01bb4e44445ff272e",1,credit_card,2,25.69
d5292f531e571c16fcd72df9fc07336d,1,boleto,1,102.33
"15d7f7e31e30d22d476a7049de63b2dc",1,boleto,1,161.27
"66909db797c5d3478face7684ef13dbd",1,credit_card,2,138.60
"1c38140d4542f0ac92eeafa89c9575c0",1,boleto,1,36.78
b2569f05d40ea199f859f0d9cdc7b9d6,1,credit_card,1,62.33
"91ea7a06795c4dc4544b5ef64d3e56e2",1,credit_card,10,161.29
"796d29c5558898a4ee393750879fb1c5",1,credit_card,8,262.26
"628365400ec276cda9dbce783340e906",1,credit_card,6,570.52
c25acd72d5c2eb2ec89c3c8d7cd7d1f2,1,boleto,1,58.62
"132f21680dc8ddaecc8b954cefc515b9",1,credit_card,5,285.64
"661ec1598023dc06dccfa4506ed13123",1,credit_card,8,87.73
d855859634047e01721b79b19351224f,1,credit_card,6,63.55
"18d97970f63e7ee06cc61aabb05cb6b6",1,credit_card,1,5.14
"5b2b93888b6631e300170b0104f2608d",1,boleto,1,213.90
b974b0392e8168e425f77abccf5563a4,1,credit_card,3,30.84
adc555665c1c9b44902b5bf42d4f4c2f,1,credit_card,4,99.90
"332a6f392ac92a529c0b2a059b959913",1,boleto,1,197.52
"5200457b47c6543e5756c85ab87b4f2f",1,credit_card,3,146.56
"205f0525fe708de4db2434516fe7c376",1,credit_card,1,190.60
dcccedd7ddcb971baf4602e441503030,1,credit_card,4,40.51
ac579d1cb61f3f0f7a4497e3513ae073,1,credit_card,1,177.84
cd623324c25a5749845117a6d628b994,1,boleto,1,165.29
"568337b4978bd295de7988937a5e2e83",1,credit_card,10,530.17
"18fd191bbcbb295354d8d5a6f299206d",1,credit_card,6,122.01
"32c89e20288914a5f7feb879cbb0fac1",1,boleto,1,382.92
e72f85f6fe5543d0e70e5ffc67976643,1,boleto,1,500.75
fcc99cd0e2e395ebfbc21ba1e33a178a,1,credit_card,10,246.23
f28950936ddcde93718b2be1097aed84,1,credit_card,1,42.78
"1aecadf4362edaca7fa033e882076c8d",1,credit_card,3,50.74
"36a79c8b08508519935e9179e1958413",1,boleto,1,31.77
c0f8ab6b8ca98ae53f4acc203b206e0d,1,credit_card,3,136.47
"0cda10fd2b66ee6fc2edd8fc21f8176a",1,boleto,1,64.06
"6fb4ab660fb3e6b8ec8a45e926d99933",1,credit_card,3,41.75
c130858ff611f05ccbfbac337cd09cdc,1,credit_card,3,164.96
"8d7ab0caaba5e4a2f8e11caff31dfe48",1,credit_card,8,670.77
"6416f07d133c720705c402021f612b58",1,credit_card,1,39.60
"89b97127e91562d3568842d10a400161",1,credit_card,4,95.76
f1a325f15bbf16509adf17167330a905,1,credit_card,1,397.30
"5f9d46795c3126674e52becb3a1a517f",1,credit_card,8,223.69
"89d8e27be3cad1ed7780fd7838ef2b0d",1,credit_card,1,103.55
"395fcc8123e7a3a7c5054d6dae0dad9e",1,credit_card,4,48.22
"0b1651a280049a50402bc56d50785c3c",1,boleto,1,58.41
"25362fbf6aac4b01a28dee1e076acc26",1,credit_card,3,112.74
"0fb09184aa674879c67d933523a4a0bb",1,credit_card,5,98.76
de1368ef7490f21023cbcdfa8eb6728a,1,credit_card,4,226.86
c761a8b74f1e876bc5efc4186f720e27,1,credit_card,10,101.90
db0d6bd65ccfca6371985ebcc2227efe,1,credit_card,2,111.21
e86b1b2dd48839d7351406434afb578d,3,voucher,1,1.78
d99b8ff94ddb329c1d7e03ab9d9019e3,1,credit_card,10,793.09
"15fb8208682172544e82b96aeb5229fa",1,credit_card,1,82.33
b64392414f07fbd78e933c2681f23c24,1,credit_card,2,75.54
"2ba617509989ec173226f6180cb098fe",1,credit_card,2,51.32
e030f5da42afc3b5b81b24d7c4d1bcb0,1,voucher,1,72.54
"9099f7b4fbc5f14bdeb753e5114872e4",1,voucher,1,60.85
c30fd0cc92f2a45137dc1ae120da4666,1,credit_card,5,62.94
"161e17b4ed2cf41cdb401cb16a78fe99",1,credit_card,5,111.83
"63d8235747e25f4b65895e91ff64d778",1,voucher,1,82.87
"0385da8ba64dbb10adf8f80e55cae6f4",1,credit_card,2,169.37
"00ab1aba567dfebdc39caa4e7ca2f1b2",1,credit_card,1,48.38
bf27902e7735a428c81f52189dec50e4,1,credit_card,5,141.33
b1873e7f1c0220c132db2642ecf2bf1b,1,credit_card,2,488.16
"7965b290cc7fe4790d45eaeded895967",1,credit_card,8,178.59
d591675818376797a7a3b0d42c9241fb,1,boleto,1,333.37
"4a0f8f97e0cf162aee2d786a0182b3a3",1,boleto,1,80.11
d40956f82498404a78bdefbed0d005b1,1,credit_card,1,97.88
"6c0447fe1bac68a50c405d809f5f625e",1,credit_card,10,312.37
f80a22b75de2f7ef552287c042b55904,1,credit_card,1,87.64
"4d0d3e6d52ebda96d3ff80f913a49cee",1,credit_card,5,56.78
b019bc1c1d0c2021d1c4d8d8e94ed969,1,credit_card,1,41.13
"18d86dc05e56e4fe15bf2d5570ba8c4c",1,credit_card,6,137.45
b1600c1915c18f85050002d08b6274a3,1,credit_card,3,343.95
fa6b45bf2faae7dd3bfdad05a28e91fa,1,credit_card,8,216.09
"724d9ea2df2a8c8c93254d43a1016cb5",1,credit_card,7,473.98
"964937fd838e5fb7488cf417d7b60747",1,credit_card,4,72.90
e5a111e770d6ac9f8f3ee2a37bd23f47,1,credit_card,3,89.62
cf8565a85deb141e6113476f67622a70,1,credit_card,2,102.17
c44a36aa1770cc41a8fb130dfa1bba3b,1,boleto,1,200.28
"0b32bf55276b5feb681f6ed6fd670692",2,voucher,1,133.89
"0bbb3f7791a87d0307555e57da3a1ff1",10,voucher,1,7.58
"1daf08cbd75c8c42c6febf36b63e4bb2",1,credit_card,4,46.58
a220ac2db42e26dbde74a77bb1a30bef,1,credit_card,15,190.57
dfca157c259bcbad0d55ee3af5df9fa6,1,credit_card,6,155.14
"7113e8344293a6a03453110d67c7f533",1,boleto,1,72.76
"1b1b3a4e0fe992985df0687e28917050",1,credit_card,2,65.00
cfb2535d4f01725910c8f567cf06b686,1,boleto,1,142.41
d9d8dc6068a3a115e15bc276d53afc8e,1,credit_card,1,46.03
bc70e827b5531f116d2254b6696fc290,1,credit_card,6,235.28
"82053c99a8faf111b6fee27c87af56c7",1,credit_card,3,148.15
"7fe2184e6a2c80fe87a7ec1008364829",1,credit_card,8,237.07
"4240d84451ff02c5a7f3f34926699cd9",1,boleto,1,567.95
cbd0a0bae58672055c7961ffbf0ee529,1,credit_card,8,269.87
ce8690397f7d93704f8d39df619190fa,1,voucher,1,55.64
"90275eeca491639c0cc2d4095a60b2c2",1,credit_card,1,46.30
d79b6cf112bad1936bd72b03f20909ce,1,credit_card,3,54.34
d9a7926047f158ca6ab53261baaef77b,1,boleto,1,55.00
ff354f13d748eb3a9af6e99698f60fc2,1,credit_card,3,94.30
e088d467c07c9879ddbdaaa9b1c51e85,1,credit_card,2,31.11
"97eb8123f2508dda8d9234f0aca79572",2,debit_card,1,83.75
e25bb8aaf2367bd1f96dc6d9a764de2f,1,credit_card,2,144.54
"7bd04fdb3a54efa83cbf7320b1bb4b6f",1,credit_card,4,213.89
"74434928b7e52a9b56862d25b9581e4c",1,credit_card,10,333.04
"707efa4c66f0d268d9f106c2d6aa9c90",1,credit_card,2,44.23
"643b76bc5e6a2667aeff11bef3ce52a7",1,credit_card,1,46.62
b0ef7f818e22c209f99d74eef200d2fa,1,boleto,1,56.46
ba6d92892febc6a5ca2dbae073427911,1,boleto,1,67.36
a7087dc75317cad3db08ed7830b09723,1,boleto,1,168.20
c1dc9326b9f99f2db29af061a59cbe8d,1,boleto,1,108.01
"9632facd8bd95315d63a23bf616d85b0",1,credit_card,5,985.76
b1c87cf3c9ac90d18dbf33b6a5c32d83,1,boleto,1,37.61
"9f7ba492c273ffac8f90a623b8eadd3b",1,boleto,1,24.69
"758e852ab6d20c02ec1b0f75a024d83f",1,credit_card,1,69.12
"74f6a72d401864d8a0d5b73e2533a3bb",1,credit_card,3,74.64
"8645ac05f10c6b2651a6a9a1772de311",1,boleto,1,159.48
"14af65d7109058f32b35ed10a594cfc0",1,credit_card,5,144.82
"46a37629a0e29368f654bab0d2a6cb36",1,debit_card,1,113.29
"9fa022506ea0764d8987a060dd6cd2a6",1,boleto,1,62.31
"74e140c90deb93d4414ed8d2829dcfc6",1,credit_card,1,78.32
f834e3467ee8fd252a9cf386dfac6991,1,credit_card,1,104.58
"02bd92abe094825e0683bacaacb64285",1,credit_card,1,85.60
"7428a574ede28cd343748b3ea5778d35",1,credit_card,3,33.68
"61a2711ad11ba20c846596b053d61fd0",1,credit_card,1,225.71
c10dd8d24a91d2ecbf09c578a5876125,1,credit_card,1,72.50
"463270aee6f932c94319683e66e7e59d",1,credit_card,3,201.45
"62443c2da9793d002ab03c769ccfcc2a",1,credit_card,10,107.83
a7e5d683186e663cbf2c4916de85afe1,1,credit_card,6,96.80
"742dbb1a78c6cd58266bd0ee8fa0c89e",1,credit_card,1,147.15
ff1ea7be87e1ca3d2ae5b77eaa6dab69,1,credit_card,5,101.73
"13a9bf67e01c960886119fe9b8761a77",1,credit_card,4,97.22
"818080c38c17ec4bdcb39798ccb51b4e",1,credit_card,10,1167.04
"0cd4d3d4e2831e2089f43b6d7402c2c7",1,credit_card,1,135.40
"203763b580fdf4ab6596f692370d27a7",2,credit_card,2,63.35
e81638ffb72997c5bd2c1fa0f98918ab,1,credit_card,3,106.78
"5f6cee60d80a6dd034b88aef816803c5",1,credit_card,2,338.33
"6683aa4f73f7869ec65ebeeef53f700b",1,credit_card,2,144.30
"192d18749b5744f1eff4f1661aeaa731",1,credit_card,5,119.41
fad7b215b5580be62da9ee48752cf0f5,1,credit_card,4,197.29
a03470241e25eb070bf902c2c1914658,1,boleto,1,688.47
"04398fd8d888a4857774d982da494987",1,credit_card,1,57.50
dd04e5bf2ed0f48d340eb1b2820dcb7b,1,credit_card,10,359.19
bbeace003fa084aa3ecbb486d76b6766,1,credit_card,2,54.58
"41aaef897083574b4390bb24fbb25dd7",1,credit_card,3,155.14
fd6822aef9479a47f192820b4a22dd96,1,credit_card,9,862.05
"48a957d6e7477f9bce68d7b419f91515",1,credit_card,1,63.71
b6f543c68b695c88dd2d1e0f5c7528e9,1,credit_card,3,63.10
"0d9046ee305e5a360380ac6598561380",1,credit_card,2,102.74
"11a651b87a97dc13026b8c8e7ea5c47a",1,credit_card,1,38.86
c39b6a1fcbbad48578181950509b1330,1,credit_card,5,68.97
"4303e19c21cd7274481e8e5bdba9bda0",1,boleto,1,125.20
"8185ba302492c86291d7b1912c94ded3",1,credit_card,4,688.25
"1a611328643ae11146ba09a4425d2e12",1,credit_card,1,0.26
"741121f1537c7e738a8eb61c63ae84e0",1,boleto,1,154.36
"958e0d4145c40f4951c1bf4d2cf1166a",1,credit_card,12,142.07
f3fdee8d27166359de2abe05ec16b351,1,credit_card,2,37.99
"0c41735db7b9b04cffb97ff1309cbee4",1,boleto,1,61.99
"29986e236b391de3edc9cf5a1fba4336",1,credit_card,1,33.43
"5c79fa2db9227db840a45f20c3ce4833",1,boleto,1,159.56
"5be7f054903b5a91262819cf4fd538d9",1,credit_card,4,40.01
"2536e0f8936553b5d7c7de59d0dc4b0e",1,credit_card,2,108.20
fbc13194f80d287d5f118f6544acd667,1,credit_card,7,219.74
f5469d54daa9f43486f2d4ab2b154406,1,boleto,1,556.75
"5d4503ba682b806ff232782327b7bd7f",1,boleto,1,166.81
"62ea5251fe435ac8a677196623782c04",1,credit_card,4,67.35
d14639e8e6808119a16fde091d30b2d2,1,credit_card,10,569.06
"5ea0678e7b34c19e5ecbcdf8a3eacea2",2,voucher,1,13.15
"40d8fa0e0533d4f1e5e5fe1cbcca3739",1,credit_card,10,196.72
a86ccaef13b7ca889ab8b7076629a748,1,credit_card,7,84.48
"2eb223bca7f1fae261d99669d7e8b20d",1,credit_card,3,200.74
"49bfd44c750b412b6c1312637fb82abf",1,credit_card,2,156.23
"54e52a2c76449b9a634705a5ae9684a9",2,voucher,1,27.11
"4054f3a02c9191a518601fba04f06742",1,credit_card,4,45.00
"6a222dfac7d7cbc4463522eff76e870d",1,credit_card,5,195.00
"8a40b54e2d8feb61c8e3f0091cde4fc9",1,boleto,1,45.79
"85eab7a4f0d59bd1eccd9fd217691aa6",1,credit_card,1,47.80
"5b4bb0879cfe7c5a182da9ee3783811c",1,credit_card,1,55.11
cc86a65e920aceb9fe3bbe49bab2bd52,1,boleto,1,46.01
c5e8cbed3be23c7ede875b40cba35527,1,credit_card,2,70.75
"6d15a355fd35494ccd207bec6a3a04d4",1,credit_card,1,77.77
"62899f7b8e4122204fc3d26d8d2c3737",1,credit_card,10,148.86
"43f4557e2a514edbbd692027ca5cf280",1,boleto,1,109.86
c97b6271a445cec849420383547b34da,1,credit_card,3,108.83
f419588594e9e500fbc4ff2138de9f53,1,boleto,1,88.90
"77c885e668bc660993cbf7789930675a",2,voucher,1,50.31
"9200a54888acfc3e1a74a56b7ab18c8c",1,credit_card,3,166.98
"032de54ca8e40cca1098da6c68ba92b3",1,credit_card,3,53.27
"3ad043d1c1455d9bfce6c14877cac318",1,credit_card,4,272.50
a32c5756d7fb7e6d103041a266e950d3,1,credit_card,2,111.32
a4e16b2bbdbf7c2243d008dc4b9e46bf,1,credit_card,1,36.39
"00aa423621f35a9ca6c6240f275b0640",1,credit_card,2,125.41
e2fdffd08df55baaa7b97c04d4d2b606,1,credit_card,4,681.46
b1d5751557bca097afe9c461a22cdc0b,1,credit_card,8,121.91
a523e6db446544f568f8ff78830f1058,1,credit_card,1,135.36
"937906bc0b6f522125f9b2a1f39cd358",1,boleto,1,370.61
"392ddca7a63143f9ec76350a09e0e138",1,credit_card,10,234.22
"02f82a2b0b79e9dbb86c47cef1e92063",1,boleto,1,125.78
"6f0e01ac8a1a17a76326cb043d90412a",1,credit_card,1,40.09
c65986c7e2864168c83419b46efb984f,1,credit_card,3,279.78
"16e5e020f226b58f660770e190042ad2",1,credit_card,1,48.28
bb7354c6849c8df487362a72ea3ac569,1,credit_card,8,232.03
"7efad59e360743b4d3d246741db76a37",1,credit_card,3,93.82
de440e762de44c5b427633b249d7ea9f,1,credit_card,2,129.98
f1fd5b5e0656641dadc6c541b14e565a,1,boleto,1,32.23
"0741ee0ba3cb46d86325be2879e18706",2,credit_card,6,320.14
"468459668c11750c4d0a52b54045bf48",1,credit_card,4,106.97
"70462ebcf26934be8bd0327d2e6103d3",1,credit_card,10,235.84
"617b88590cdd5883e40eedd5ecc48026",1,credit_card,3,33.35
c4d230f9c5f9e41364d44602902bdaa3,1,credit_card,3,207.76
"70b29d983d411a9fa6a5f8c2380baa90",1,credit_card,5,116.01
"50ce8749a5de60da0378aedfa46c1e6d",1,credit_card,10,137.99
ba9626798f8c12e1f020a6d8e40b9a45,1,credit_card,1,57.21
"816c0409fb7624265037bcbadc488c2b",1,boleto,1,55.33
"6bcce39be127575854779e39a50f2059",1,boleto,1,56.15
"7920e7d2f91a12543837febe80d5503a",1,credit_card,8,88.90
"01786fff06f2f7e8a83950c4b3b424ea",1,credit_card,2,69.24
"2e5443881c945a3b7a3927fc969e1858",1,credit_card,1,44.49
"7283af6d0a493a44ede5ffbdd7b32c23",1,boleto,1,155.72
"203f106e5b8bad1587426f019709014a",2,credit_card,2,65.94
d219d37e7efeb5f720d562521eef772b,1,boleto,1,84.59
"25d6858f3b1d2f332623bdccb12db9eb",1,voucher,1,174.19
"965755dbb84ff452c0e084ef9d1f21a3",1,credit_card,5,117.67
"266a1f6959fbb6cd5b50201b10a0d46f",1,credit_card,1,33.37
"0a44ca66dfa067a69bc92ef82ba68acf",1,credit_card,5,153.36
ec727bb2d54db32de3e2a4845988fe0b,1,credit_card,1,41.84
c0248cae5b63c3be878360d970ee5ace,1,credit_card,2,84.93
e92035da9ee39562f39f5ac1b0ddf3a1,1,voucher,1,43.22
f597474362522875e95179c13835e408,1,credit_card,4,322.89
e15504d16c775034b44d4637a745a5a5,1,credit_card,1,104.30
"8b79235214c377ff89c61ab4667f404f",1,credit_card,3,191.68
d3085edb0a0b0d550bd72f712de90c09,1,credit_card,1,60.00
e72da0a92e7a0a236b5a2e8fabf5ceba,1,credit_card,2,25.77
bf8f842ad319798cc4a0c3085c32a43e,1,credit_card,1,206.87
"5829e6abd78c204059d0dad88e6061f4",1,credit_card,1,47.29
"47d5c4cb8aba6b76371169d9c9f8089b",1,credit_card,1,47.38
"689213e7743f18906e01c88ccd31e880",1,credit_card,1,149.62
c45a8b174ec48970c3ab42171bc702fb,1,boleto,1,44.09
"0e9615b2e47df6cf349b4e458b056289",1,boleto,1,77.57
"470aaf67aea3ff90fa50bada79776333",1,credit_card,1,326.92
c6d1de0a9015ea666f5291f62ffb15db,1,credit_card,2,64.46
"98a613c82d389a76b358d963e0390e33",1,credit_card,2,154.09
"625f92d47eee6330318032089c61a90e",1,boleto,1,55.11
"4edaf27ed056e42729b2700dfd0dbccc",1,credit_card,4,87.71
"75ed295f702854ac0012c5fe9dd82f84",1,credit_card,2,57.68
"77787bddc1466e4041a18a6109163e72",1,credit_card,5,68.43
"93ecdca779367b3806aaae30a8b19021",1,credit_card,1,111.31
c42ccab83afd0e50ca0d6089596b1b8b,1,credit_card,1,1575.05
b69321fb7d3000994c5a2b55c4f3cb01,2,voucher,1,92.79
cea661692913da073bd99bb510849bdc,1,credit_card,1,5.03
"47a211c899f0043d4ce13337d863bf16",1,credit_card,2,50.00
"59bef859ee544206d66d43cd4a50fac9",1,credit_card,2,122.44
"0463f8ccb9ec5832bfeffdd28ce2359d",1,debit_card,1,96.95
"0c0b20eb744a9c5ec1611dfd81da6165",1,credit_card,10,170.23
"0b0334d5ad01e008caafb19973bf1acb",1,credit_card,1,238.14
"6508f1528c3648c8a9f751e811520269",2,voucher,1,37.29
f143b4254265e2ee46406904b7a5b746,1,boleto,1,97.71
ff793adad2c9e1cc9fa921e8f1f952f8,1,credit_card,1,150.87
"1d26a591feb074e4f4b71ead74c4e8dd",1,boleto,1,77.19
"7206b86ea789983f7a273ea7fa0bc2a8",1,credit_card,4,49.69
a37d916ab96889e59db281905a87514e,1,boleto,1,82.75
f340419066ac8df79150310b1bcc7858,1,credit_card,10,116.46
"4a98152d0c65138f9f701c576b24b7b7",1,credit_card,1,41.96
dc731e00fc45a039b43e6108a19c4db9,1,boleto,1,35.00
"31be4a9a42c356eb746eee159757c1b5",1,credit_card,1,52.38
c996784e13c7d956e06ad7f8a992b564,1,credit_card,1,146.11
"9f9451274bc21055d9306c98eb7eb8f8",1,credit_card,10,105.77
c6c96aae858cf470816e5080de363e47,1,credit_card,1,10.17
"40397c42ea8f390af9afe9cc02cb2fdd",1,credit_card,10,121.87
"58c4df4904044782bb1361c5cb001538",1,credit_card,10,408.56
"6a4d031d68d8f41c14ee7cd194023800",1,credit_card,1,0.42
"8d41c947e6def3996090e6d5944bc669",1,credit_card,10,126.30
"5c8250700f5fff8bf98e46213e830850",1,debit_card,1,75.16
"4a359800ff0688de3eabc92972987238",1,credit_card,1,53.87
"35b7d83c8629ba8d0f718d9d293cf436",1,credit_card,8,179.22
"4e9ff1cf3de62fe0f78482fb03f190f1",1,boleto,1,435.72
b8667450c5709608993ae7ff3880e3c0,2,voucher,1,114.17
"7d513824c667a2e85bbf10cb740bf289",1,credit_card,7,377.56
a05b1831c01baf69ce6c81050cc1405e,1,credit_card,2,116.24
b9f477fd3f945b7f9c9392fecdafe712,1,credit_card,2,138.60
"1b04338248209667c231e726e312c9fd",1,credit_card,10,210.29
"53bfe1a75c6a15a54e6452b167689ef4",1,boleto,1,50.75
"4ee4b8462b9a39ac1fa86e28bcc22ad3",1,credit_card,4,71.61
"7b467ec5ca6411c7d67435211cc0136a",1,credit_card,1,70.85
"8ef63805460994636446a1e1012ee8b6",1,boleto,1,52.45
"72f14114cc84c8ee7e687e6a1233f396",1,credit_card,1,117.79
"5ea6aff99c981e1b3a33743cbad8d546",1,credit_card,2,71.82
"90346710cfeac855230fe9a162980274",1,credit_card,4,219.03
"09729990b5d8f5499917697c409b55cc",1,boleto,1,184.92
"0d9e44ba18b82a7d8e8a9e61681a3e2a",1,boleto,1,309.35
a86cb65b0731ea40faecfb11c9025045,1,credit_card,5,149.83
"16bb135426aeb9e6eced38e8a84ab9f0",1,credit_card,1,50.22
cc809786d515550e76739eda2f98973e,2,credit_card,3,363.79
ccf6899464ad94a5d61964bafc6a4f0a,1,credit_card,8,103.55
ebeff2700216eccd71f9e7de886652b3,1,credit_card,10,226.56
"1aa9011725c8870edc81277571e62ad7",1,credit_card,6,62.05
"3c4bb7f6331faec0e9dbc045d45f04d7",1,credit_card,1,36.78
"0c67c33a0a66f1eb55919fb2e68a7a51",1,credit_card,4,195.34
"39a0d0b03feddb763290ce602f2ea50e",1,credit_card,2,28.01
"21f7d9bdefa71a3a6edc8c9b7b733b47",1,credit_card,1,272.67
"9dafa19eb6a1375cea8727c41ea74ca4",1,credit_card,10,236.48
"7e030f7ce01972bbf5aeeadffe8f930a",1,credit_card,4,206.10
"79b01840e1837dee7c52f10d375f4edd",1,credit_card,2,113.31
"29a143cd68f669f10fd6d4a020eb7f38",1,credit_card,1,130.21
e107625561f106fc1d9acae20a7cb794,1,credit_card,4,91.28
"7a309e99001d2a284a1747c7cc4186bc",1,credit_card,3,31.38
c298ba9441739fbb485aba00696cb44e,1,boleto,1,37.62
"4a7daecdbb69d275f72866f7f8d00448",1,credit_card,7,72.21
da0831d4484d6bb80afb9ddc8c12068c,1,credit_card,4,57.77
b6572524ff6f0892276c1cc31367daa9,1,credit_card,3,107.98
"2b436e6951b206c144738c3c430fb701",1,credit_card,5,116.13
d194a451e2505ee2c351841d07e83eaf,1,boleto,1,95.31
"6d58638e32674bebee793a47ac4cbadc",4,voucher,1,2.51
"035bb18fd268637e7d91814bf5e27fd4",1,credit_card,4,107.94
"76cde6c8b0bcf5f39e166b9f645366b6",1,credit_card,1,82.67
ef9f995bbc827989f4c21bb6fcf93f77,1,credit_card,9,90.22
"8adf8d327b47f1fed3689b933dbede17",1,boleto,1,100.34
"6d29261d1991c6c4e47ac40e5642e3c6",1,credit_card,2,55.74
"3b0e2a09a2ba5ae468fee216d5cd1a22",1,boleto,1,78.91
"61f38a1759e511f01330f4e69cfbad42",1,credit_card,1,52.01
"714e2644ab665027234ed7a6b3e82274",1,credit_card,6,66.74
c8edbac1d727757b8d8a2fc13303d040,1,boleto,1,145.56
c7e60efb6feb0df33ec3cd61043dd39f,1,credit_card,1,153.41
d02bd10feab6b4f3bb9b00496ac5da1b,1,credit_card,1,89.52
"4e83394be5549984fa381766d2e989da",1,boleto,1,139.29
"54eca33aede78efbaaadc4c0df4ae8b7",1,credit_card,4,202.70
"9ab0996e3fa56c0c453bdaa598164273",1,boleto,1,221.05
"3ce0da4f1162078580b54661a488d80b",1,credit_card,1,264.95
ad19ba88530f3b247cf8c1bacc479741,1,credit_card,3,108.60
"45d40c41efa3e7f0603b753465305bab",1,credit_card,2,127.16
"15226cfb3e9f4ad163d09f493688204b",3,voucher,1,20.09
"4ec007fa66327a51919a32d840b49395",1,credit_card,1,39.09
ee6830242df204d5290f7c4704464b56,1,credit_card,2,74.07
bffbc9914c0ed565820a4cf5b205b0d5,1,credit_card,10,185.86
"79a68130386b697623d584437942d0b5",1,boleto,1,178.36
"4325abb4e925f2765e6874e9788392f4",1,boleto,1,72.48
"69dd3667f61aa14581938cb3ba3e1058",1,credit_card,10,413.75
"7525729ed75b4d65c84bf8499bef7df2",1,credit_card,3,168.16
f046d54c32beae04f22c7f3232425f54,1,credit_card,3,66.63
"818d0c9b3531cc8ccfbaf8c6efb8f17f",1,credit_card,1,83.26
ee950b52f88b7665e4c1beda95b03b78,1,boleto,1,283.61
"343076b69aa1f03ee4beb49cf6baee58",1,credit_card,1,206.87
"23d28fc0db1e1bfb7f1e68be9baa069a",1,credit_card,3,41.78
e8a8ff2fda1e5eeeed6e56a9a882f648,1,credit_card,4,100.71
ff82173a9821071cdd3e554219a376c1,1,boleto,1,66.05
cf49377f810a8d21818d08c194215b1d,1,credit_card,3,129.21
db456679d015d774c82f5a26c503a7b0,1,credit_card,2,112.22
de852e80c0b14138d06937c2695b4b94,1,credit_card,1,55.36
"34cb76e87d8ca6d4a5df7732d583a7eb",1,credit_card,1,34.14
d59a804dba63b4bae7ee24c0befec958,1,credit_card,2,152.48
"0e889057c46617878ff0aa3431936d7c",1,credit_card,1,3.28
aca1243538a8bc195f2f017f8ea2456f,2,voucher,1,37.94
a07b4171d5e4ccbc057d6321244933cb,1,boleto,1,252.74
"0d931f4590e355bc7aedc79ca822cd82",1,credit_card,2,91.12
c2ee895532a4463f765efa0c39d2f878,1,credit_card,3,34.13
"76c72bbed910cb530e30f5ad32119c62",1,credit_card,3,167.92
"0efd493233dcc9266a7423754db0079c",1,boleto,1,41.21
"4f85d5b9b7d5cdc7e7f6ceb64aa47f5b",1,credit_card,4,148.04
d1703ba698d30bb04a48f0238c79c066,1,credit_card,1,132.13
"4ac61ca13c944e7c498a7b0a65f8dcc3",1,credit_card,4,500.13
"1630676be03651738ab38bdd77ce6e67",1,credit_card,1,62.61
"14ef2221cc3570aa6ce512fc353529b3",1,boleto,1,29.75
"58acbb7315ddfcd40497860d21ab1662",1,credit_card,1,29.80
"5dab9be70a88ee01556f2313032412d3",1,credit_card,1,40.47
"67937bb4e0c9a4156fe47c89382d33e7",4,voucher,1,5.01
e8d859ca02a01790e391ba21fe50b27a,1,boleto,1,83.38
cf89399a034c96945092cc819f31801d,1,credit_card,6,159.02
"5e88a98f84fa08ba20d93f2f900eb73d",1,boleto,1,67.50
"0bcaf262925111aa4be36f35bcb92fdd",1,voucher,1,31.88
bdb1554633e5b5bf1a3b47940263c00b,2,voucher,1,34.48
d1de4ee2cdca15e0ccf424096264d3c8,2,voucher,1,25.00
"05c5ce6594030e91bb9de44352d0ff05",1,credit_card,3,195.91
"49a025561e725132c9661f305515a65e",1,credit_card,4,46.01
d74cdf7dea16668a34d57964004f0e94,1,boleto,1,714.35
"6f51907687d51529d5d0a147cf761f0c",1,credit_card,1,77.89
f3bfd148f6fdc632cf76d4b4e443c34e,1,credit_card,1,48.39
"139cef5540861404dd35fe65000fda2e",1,credit_card,6,66.67
"6c7fb725a2431401d4419f81ef811880",1,boleto,1,67.83
"7cdee3742b0259f2780e96bdd9602f0e",1,credit_card,5,55.01
"43c8d05a1478e794217ad3b39398022a",1,credit_card,10,474.56
c20880792e2d594e35eef29f22e7f6bb,1,credit_card,2,168.36
"430d9c263b0c59e3ce1ad49cb55e0531",1,credit_card,1,82.97
"28eaf054725f4dd3ce26c67682468831",1,credit_card,2,45.00
"6c0819b0edde57ca00841c3d2092bb34",1,boleto,1,85.58
ab086c339b4c94681a4758724c5ceecc,1,credit_card,8,87.52
aa41daf4827f0e42287245f7467a6d6f,1,credit_card,3,38.31
b436fd24a04e7267307e1d900faa8eb1,1,voucher,1,62.75
"57d494b053f23a8eb4a5428f30758073",1,credit_card,10,146.50
ffb64a7ef1be26d9bd759c6ce1c47987,1,boleto,1,35.77
bf605ab91479a9fb68eadab4406c8064,1,credit_card,5,70.89
d5b69ea836793de5711675fef3e119ac,1,credit_card,2,28.56
b7077d240d1449882a2aa143b428b8b2,1,boleto,1,65.50
"53a9376a425911091015328b99a61207",1,boleto,1,20.28
dc281ba54d58f3a819966dc9c879241b,1,credit_card,1,83.33
"4068a5daf06244e4aa1a85a67983cc62",1,credit_card,4,94.32
e16fb24453a306d5d6ba1fb3156df7a4,1,boleto,1,31.05
a27f40f8d2b565f2d8d430fc05cde4c9,1,credit_card,1,43.30
ad9a7a5732e10876e711ca49c3f0c11f,1,credit_card,6,171.44
"183c12927ff8c2fbbd1786541de98dca",1,credit_card,2,117.96
a02a8fea1f9876af129ba9bbf01f59cb,1,boleto,1,27.38
"81161411335afb1d9c6dfd1b42a63eb3",1,credit_card,6,63.92
fbf2e87d7c7542aa36e1d91e5b462c60,1,credit_card,1,138.84
c5ef3528eb12fb5bef1ecfcd6f72843c,1,credit_card,2,725.99
"69be9dba6e0abc2941fc4b888d414fc5",1,credit_card,1,137.94
dd372e737332ef27597292546559253a,1,credit_card,1,56.04
"2c2aee01af5e98a463c29e726ba3a272",1,credit_card,7,146.57
d6b59aff700e82a5581e74b3856fbaab,1,credit_card,1,43.20
"75f7b50b5222f09346ec8672c17121a3",1,credit_card,2,116.24
"205e94cc10bf8b9be1917d15963e6648",1,credit_card,8,276.56
"1f0c014f0e64850a2020368551656dba",1,credit_card,1,27.30
"16bd72af325ac043d6194e490e2f0f06",1,credit_card,1,61.96
"0b4ed5311f55b9b8f0f30b35e5b45dbd",1,credit_card,1,77.99
b488cfda1bfd6a90c85b2d21c47231c3,2,credit_card,1,15.85
f384f4edb05c390598d9010ea97f7f4e,1,credit_card,2,110.99
d429103c6be912be69781fae58d4a76c,1,credit_card,1,26.77
"122e87ea620589cbdfb91829a251ab1c",1,credit_card,5,281.02
"05d4aa8f649013fe68b769fa43ba7646",1,boleto,1,48.62
"67f4aab5a932827f4b8c6ad59033701d",1,credit_card,3,107.78
"0aaa4cd49d3624258b908c2abdf189cc",1,credit_card,2,144.11
"3cc50a462016d06a3cebf8f5731d3ee6",1,boleto,1,116.74
e51d5fd82a186a64728b4de03b0fd8f8,1,credit_card,1,86.15
cf290442e580bf03533aabf4c492b6b5,5,voucher,1,9.83
"06cbf106e272a3ec4e936665d4489591",1,credit_card,5,206.99
"8c0c24dbbcc3943b962f8833a34fc82b",1,credit_card,8,294.70
"64b9bd1556119a5b054cf5baede3fad4",1,boleto,1,40.09
c130ce426e4cd480fb71381c3535a0af,1,credit_card,5,178.59
"06d74ea6a80deeb7e69a3b1d5bfb9585",1,boleto,1,117.85
"364f451ee38a4268d7c15d317021eb35",4,voucher,1,38.99
"8c732378425fb2cff245875c583e5940",1,credit_card,1,93.38
"7d09a3b11e55c5e586d952edc9e12e6b",1,credit_card,12,140.33
"28b555be47c43251934a9396c88f76bb",1,credit_card,10,153.58
e55fb3457f263ce9c93e88a934d7cc17,1,credit_card,2,60.63
"49e548b7ec1f515816b62230c96e8f74",1,credit_card,6,87.64
"55205d82f3b72a235f58195bd491b1a9",2,voucher,1,68.23
"74087a3756fc76e1e19114c5d3f80cf1",1,boleto,1,116.66
"541d818a90f63e0227fbd78f9e789f40",1,boleto,1,34.09
d17cbd88da86748917f52864d1be98d0,1,credit_card,1,153.90
"6ab7569ca759f8bc38432f315743fcd3",1,credit_card,3,160.57
"3d405e0a87373212241dce93b31909ad",1,boleto,1,195.00
dab65e9861b74efc204718e1e2cceb07,1,boleto,1,54.81
"9f94198afddf148dacf5f49751ab3072",1,credit_card,5,91.18
f03606e5e4ae88ce00116fa7fcc84267,1,credit_card,3,173.15
"2996e4479715a9de3500ce7837eefde4",1,credit_card,8,248.92
ccc1762fa4bea334f80983e3f3a933b6,7,voucher,1,6.65
"462e396988fb7c71401846696de2fca7",1,credit_card,3,109.73
"13990518755c419d33e4fb67c28e843f",1,credit_card,10,116.87
bc19caab81c394331ef10aa92e337c84,1,credit_card,3,102.64
a88f591ce78a76e91c1a9f91eca4fe24,1,credit_card,1,66.81
aaa01262ebed3a3f92e3f65995b83fe2,1,credit_card,2,75.17
"5e8e582525594804c28f6044d23809aa",1,credit_card,1,62.00
"1228ee51284d63331ec546dd33d63292",1,credit_card,1,112.03
a7aee2bef4a7f3826328ec49c9d6f66d,1,credit_card,10,522.57
"72520be5b5b4c32b2ada295436e4472e",1,credit_card,10,116.90
"27da527c266684c5bfb86fc601060406",1,credit_card,1,113.42
f785cc464b127c6e2ab598f33907437e,2,voucher,1,73.01
"105d2c02e20607f6e3bd0a219efed4cd",1,credit_card,2,103.37
"6a7479a3e53e4e29f03b3ae5f83a5498",1,credit_card,2,267.62
"090eeebdb88e50484b9d37e863df829b",1,credit_card,3,73.34
"0e95a07f6a6a936f84a55c8ff5449185",1,credit_card,3,67.02
"525c4dbcaecd35a5fac2e4053589df08",2,credit_card,4,341.86
e3234cd6072b07fce570475325d2ca5f,1,boleto,1,129.57
"719c10497f396e92d2343b6a1c70240a",1,credit_card,3,72.76
"543a7736e8c75c0b22aac2fa7b157e1c",1,boleto,1,52.18
"9fd07681f43c9216956e0a1ee8f8775d",1,credit_card,3,83.32
"2a9acc818cc4e94fd11325509013b433",1,credit_card,2,193.84
"49823ce8989af60407f72e0687e50bbd",1,credit_card,1,39.00
"347d96fed35c336eb4656e8965e0d1b4",1,credit_card,1,68.17
"5e4a5632c531091bf04eb6e365e84d36",1,credit_card,2,122.50
"20250e9079690179b43a7f05255164ac",1,credit_card,3,221.78
"83f307792a5e44febc1eb0309679051e",1,boleto,1,521.64
e309cad34ebb9d0ac6278ca36f3dd286,1,credit_card,3,116.74
"92e009fec77af8ce82e4c541890c978e",1,credit_card,1,81.72
"89cfeacd717a4616a558ca9118b13553",1,credit_card,2,22.68
"50016cfea9ee1adce87144110716aa4e",1,credit_card,6,65.23
e7fc47a9bd5fd8c1d1b566d1553be0f4,1,credit_card,9,98.11
e167e5fec8b22247c94da22647f1d19c,1,credit_card,2,29.65
"673c33bc0fb36d9b542e2bb104c14841",1,credit_card,1,20.75
babf3827fed8e4f27b7d8a680af07e43,1,credit_card,2,107.78
"20fa8f2f9e0e99e74b93545b01a6f24a",1,credit_card,2,434.32
"11c601407b62dd629716ee3ff3efa95b",1,credit_card,3,74.17
"6a90c84c2efab9939e578dee122b521c",1,credit_card,1,62.65
"8177815f3ac5dbbcb7a0502a59a1646f",1,credit_card,5,111.02
"02cda26d2cd43c51fefac9e3291fbc9b",1,credit_card,2,64.23
b714825751e17269c60b3d2291e85026,1,credit_card,4,44.83
"3ea82ad47a5a11ed6d1cb5e1e8343b9a",1,credit_card,5,51.05
"6ceb24a53abed9d619d077dc285fffb8",1,credit_card,2,70.98
"00bbc4179554524748f77763ddd62266",1,boleto,1,97.87
"2cb14cadfd564d88f59990e80cd4e81b",1,credit_card,1,242.68
"05ca3bba2e4c3bc5c601b57af96cf3cf",1,boleto,1,84.99
"4535637569cc3bf476edc02f8f9f1f8a",1,credit_card,1,20.03
bf474eae16fef2c6a00582f52e79ccbd,1,credit_card,1,196.02
"41db55b77650928f1720b63029141585",1,credit_card,1,275.20
"4144366812f72111c1f9d2c065e3e374",1,credit_card,1,45.58
"22e9617c26ec9b8bd09c75095067a631",1,credit_card,1,73.15
"3900b88a922f66bc0aecfeb3807bec9d",1,credit_card,5,127.92
"771f049b47569f18fea22b7022cf409f",1,credit_card,5,59.70
"76fe90b7376fab4bbce87be140c970f1",1,credit_card,5,158.96
"2cd938176e6aaa529800d96e692e9c6b",1,credit_card,1,52.58
fe47c42447b8cdec3dd299e95dc7fbc9,1,credit_card,10,180.77
"8f2b8de48c9a0aba299e3433e4c00df4",1,credit_card,6,195.91
"8e100ba7b7ce91f61675892a783c1017",1,credit_card,10,201.65
"402ea461fe6e548240f694aaf551c069",1,credit_card,1,77.29
"32fc3f3218889905a42a419486582f90",1,credit_card,1,21.39
"4f2fbccefa5c3c7afb05388013cb173b",1,boleto,1,42.00
"31328a81d4ea41d47dc777dcbd88f222",1,credit_card,5,117.26
"8fc2234b396d9118c8171d1770e9ad18",1,credit_card,3,206.92
a7b3d17383515918f57cc831f29bc8dd,1,credit_card,4,44.83
"1cfb1004795caeda0e94f5bfdb879dfb",1,boleto,1,40.69
"352d885bc141f75e361bbf6501513d25",1,credit_card,1,102.43
"6a92e66b9d3bd75efeb50c6494ede745",1,credit_card,2,64.13
a5ab79112c78debd4b955110537a446c,1,credit_card,4,128.00
"7c32a0c8814b54f798f9359f20699633",1,credit_card,3,176.56
"4a4c6f9e81a1b6f7f8512a987f9fc7e7",1,credit_card,3,160.37
"7951fe56cf685dca47524b1986bf56b6",1,credit_card,4,449.92
"63125d8bfcdf8566e5599d120f71eb09",1,boleto,1,192.91
d4a07b48835f3637cdf8baeab13c8a9a,1,credit_card,10,1635.64
"54220fcc516cabe9ec84b210c0765ef2",5,voucher,1,4.87
d1b16860e7b68a8ab13eb5c3327aa758,1,boleto,1,47.77
c3c8037bfac88b34744bb96cfed9c7f7,1,boleto,1,173.84
"4ecdf69ae9b28aba772d5f21e8c9b1ff",1,credit_card,3,64.00
a610b42e6e4319084d3ce5f60e0dc1ff,1,credit_card,1,37.37
"393d3838b419167a5bfff37dffb2ca77",1,credit_card,5,100.62
b9ce9285aa642df4742b9839964076c6,1,credit_card,1,56.37
fadb25c91522130892be8a5ddb3e139f,1,credit_card,3,49.23
d8ff3300b44a7aedb4d4ec07202ba6ee,1,credit_card,5,54.87
"16bf4bebb63fe2842793fa1e3fbb83d9",1,boleto,1,27.68
a38c072854d468d2cb7dd3aefde599c5,1,credit_card,1,46.19
"0ef3f9bef99a2c6430e0951e40cb8bf0",1,credit_card,2,145.03
"7e708aed151d6a8601ce8f2eaa712bf4",1,credit_card,2,44.63
bf055d63b3d95ca9091e3578ee703a88,1,credit_card,8,107.06
b8d7fee0274d75202bee63e9e71fec3f,1,credit_card,4,163.13
e21fb196bd04dacce0907722f0660282,1,credit_card,1,124.98
"370cebd070cc2fd363ebad1645a6b1ff",1,credit_card,3,314.34
bca5631d3061da1301ceaf05bbf83e69,1,credit_card,1,43.22
e1b489d5811a2f0401eb7bfb88887cd1,1,credit_card,2,132.14
dbb0da1abcce904dc52dd60ae31d5c12,5,voucher,1,5.52
"3239c022d37dc6c0fd3b8749bb7a0b1e",1,credit_card,6,133.76
b4e6bbe03967e3bd4112e6e696e73b3c,1,credit_card,4,62.01
e53c0c4f98222c1309a9903077858166,1,boleto,1,63.10
cc178cb47677a3eae9282800d609ffb4,1,credit_card,4,201.65
ed71a9aee36ef0c221b57bde3a044f6c,1,credit_card,10,1078.92
"33d425553bc88c255ddeb68ab933167e",1,boleto,1,123.89
c6ed8a05ecc79e1f32c89a71e67a070f,1,credit_card,10,723.72
"7373cc59f443c966a0428191344c6c4d",1,credit_card,1,235.64
"6f6d91ea79d97db04db43258c8ff148b",1,credit_card,8,193.67
"60bfb63930f066b16ee32b640d38c501",1,boleto,1,47.80
e2a04e95ea3fda8f64fc1edeb4e04c34,1,debit_card,1,37.37
"53639d3483b91d202af2934021b5e2fa",1,credit_card,6,285.02
"728ea734fefecc42ab07da89fa894f31",1,boleto,1,44.24
a70b9fc38f6fd0bde4a3f02b19643ec0,1,credit_card,9,174.91
"074241ce500ccb810dc2a36222167798",1,credit_card,1,66.67
cd866ebb9aa10bfa70f22d11e82bc4e9,1,credit_card,5,133.81
ec85c27a8b665a26a66f773bef603731,1,credit_card,2,118.41
"6224401eebe13e25d470d8d6a9ef225e",2,voucher,1,57.89
cf23765a36f2957f143e96a358682882,1,credit_card,1,233.88
e1a5a8d04768a9b9972f4bfb2c21a11c,1,credit_card,2,56.96
"973099d5fd52c77163406f2eba72dfc6",1,credit_card,1,585.64
"2d8929b98f4be1f692ab7d61afb727e7",1,credit_card,9,239.49
d8d0488eb1aa33a391551c5bbe00e93f,1,boleto,1,163.18
a637905e494eb896191ea94949fc6d50,1,credit_card,7,171.13
"419a5db6d2b2929fde6db58ea884dcb0",1,credit_card,2,116.94
"714d9fe4cfc8fdfedd10c4a30abd4f34",1,credit_card,8,233.38
"00ba57ae98928df6ba6ec9d3d8d4b1b7",1,credit_card,7,149.01
"2fe782855de414d2c2c51fcdb1437e3c",1,credit_card,1,152.36
"42f364e1317053c36378cc534b19ab6e",1,credit_card,10,158.13
"8861169e1fdf588ae812507b0cd3e2fb",1,credit_card,2,164.84
"84521dd5e0868005d249eb084742a127",1,credit_card,1,94.31
fd3634dbb2f578420b7b7dc1633766ce,1,credit_card,7,104.28
b8ed227712b7665deac44bd9a5fc6a6f,1,boleto,1,158.13
b9cbf1e1ae5d599ed61a06f92b1eabe6,1,credit_card,3,63.78
ab89bb4480224d68ca99f20929ab77ac,1,credit_card,1,65.71
e6f2821ad70219f86c8215095b10408d,1,credit_card,10,403.94
e36821475008c5656ee16e2433f91133,1,credit_card,10,107.76
"75726379e024593ac008be5a5929a82a",1,credit_card,1,5.09
"95ab576c40cc5e27afe26b35bf6198eb",1,credit_card,3,142.63
"0446aaa642b81cd046c44edda61ed010",1,credit_card,10,102.05
ca8446e47a754f1f72ae3acf393d0eb0,7,voucher,1,5.56
"4d348f6d947bef596a6e5e0d3212e8aa",1,credit_card,1,58.59
"57796a616d95192ef9a47a6634733f89",1,credit_card,8,166.72
df6e64a3be9ccea48c3bfe8e096e8749,1,credit_card,2,107.78
"477a9b413bd2c6a0ce2a9a4135e4b987",1,credit_card,1,39.19
ce8cdf8291104b56565b8e6c6fb62901,1,credit_card,2,130.69
f299e3cfbddf9de401e1f1adf33cd788,1,boleto,1,534.32
d522ea055ceb7a828b6a82e266837784,1,credit_card,1,73.88
"2e8a59579f027832343436a97c22499b",1,boleto,1,344.32
"7a0f0934c14eafa4b5afc9a590b9386f",1,boleto,1,60.37
"78532cc9bdcc3c18c8ad8fe190844253",1,credit_card,8,239.34
"60bb02359df66816035993b8130945e7",1,credit_card,1,84.23
"8dbbaa1122fc9db0a1c9955c388cd3b9",1,credit_card,3,192.26
bc488184689ceaa10ede9045693eb6bc,1,credit_card,10,1729.98
"289745e1222668d6792ce3ccbb27356f",1,credit_card,1,719.74
ecbda892f221f0914a655563629cf183,1,credit_card,4,297.32
a43e5a2d8f81c9ad4163651fe3b226c3,1,credit_card,2,96.80
db4e3bec0b52410d044c3f9d6bd6f804,1,credit_card,8,692.59
e6672c091e9d18df1e70a72b3edcf422,1,credit_card,1,34.09
af3ad705f2a257c863532e7fec91462e,1,credit_card,5,275.77
cfe5da8247941458984d84fbdfa91a10,1,credit_card,1,173.68
"1d54db601b417ccdfd3b7071955e6cc7",1,credit_card,5,3209.72
"04eef545c54d444825c506ba170a26bd",1,credit_card,1,75.62
"46ab0d006e1c391cd1633fdf0d416983",1,credit_card,1,53.70
c2859f3c830b3fab51d945c1c0ef45fc,1,credit_card,2,79.61
"4a9abb72c66423766ec1a903dc6c70fb",1,credit_card,7,70.04
ed74b2249d7641a1a372251783b088d5,1,boleto,1,70.32
"0e500dffc01c92a23a3a011ce669d039",1,boleto,1,33.37
"9519371e37eebc065ffca4a20134aed7",3,voucher,1,6.18
"63ae84a9387b93ffa05dde71794f61f9",1,credit_card,1,105.69
"8240adde075daa46a7635c1fb7bc26df",1,credit_card,4,87.64
"2d5ae830c6d01bd20fb19d16cef10ce3",2,voucher,1,11.80
c765342582f1d08f16285fb827f88b1b,1,boleto,1,169.49
"3c8e77237d5bc008798253d8705581a2",1,voucher,1,81.63
"3f0c7e7bedf15ae58cd1c2148d5786e3",1,credit_card,7,411.21
"8b31141d6a9f3bb71baa36281157a9a8",1,credit_card,3,46.36
d247ca22fce9ccacbc4adb556e4083f7,1,credit_card,3,192.14
"73cfd52c2ab878481307dcd97df6155c",1,credit_card,1,6.51
c5883e5be24c4f0627d36a56ed34d190,1,credit_card,8,132.94
d4b7cee184f5ec6e5819759fd4178b90,1,credit_card,1,85.88
dc72db753eb60af9ec0bf9afaf60f36d,1,credit_card,5,116.99
"383ba1470e3ace2021f232303b6d4097",1,credit_card,1,61.32
e6f6345c50327507fe35965aa65c8e94,1,credit_card,1,37.46
"9778dcf3aedc74a5185d423586877952",1,voucher,1,537.18
f03655b5447cf5005767f4a65cd0afbd,1,credit_card,4,55.84
f19173015566f0318e6e12ea9dc36b11,1,debit_card,1,85.30
f489949dbe23cf9313deb342913ece0c,4,voucher,1,150.00
"7f21d3ca84edda19b1982865712ca42e",1,boleto,1,22.84
"4f8aa330d043e9db140284db7a6c3359",1,credit_card,3,148.04
cd74a91dd30cefd81bb6fc1eeb749473,1,credit_card,3,128.93
d873fac825acde118d8302108e56afff,1,credit_card,5,228.79
aec3389fc7c084e0cd8f8fae90fa52e3,1,credit_card,3,315.84
ebf2e7e7b736b66853e7a984a54cd3dc,1,credit_card,1,47.02
"49af403fd43b8ca8b5f7b74845bf1f66",1,credit_card,3,79.27
"543929b980aa17fb9d324f934440d131",1,boleto,1,49.98
"64d90b334a89978bf78af244276aa415",1,credit_card,1,25.74
"73d5596cd40ea2ece8accb9b4e5fc938",1,boleto,1,54.62
"1d5a37ac3dadde6a732db74ecb91e107",1,credit_card,1,25.75
"314313f56bd89ca04231bb9378291806",1,boleto,1,445.65
fe71d9b4ef984f61e35b85a483b82769,1,credit_card,10,439.41
"5c758925752d0e3f0c7b35f5f0571bf9",1,credit_card,1,92.87
"50503051a38d8ee049d1226032c7d82d",1,credit_card,6,107.78
"98484b32a3bbf287f3347e001275ed21",1,credit_card,2,107.96
c76a39319cf13b7f3b9e3bded3315f86,1,credit_card,8,84.23
"3938e682497b3b6d775de950467baefb",1,credit_card,2,79.47
"5371c621f3943c45deabe534a8fd61eb",1,credit_card,1,223.70
c8f63be082f4089d15558376d18c77e7,1,boleto,1,56.69
"3b03215cb91b5bb4f662af34c196bb34",1,credit_card,1,140.32
"010e04b5f879320f29a9bd6ca41abc94",1,credit_card,1,119.48
"14e80781ddd70466c4f4250a2e905a6c",1,credit_card,1,82.25
e2fffc00c9decdb32b25e86a37f3ad50,1,credit_card,1,154.91
"59ad806bb1a82c19e0feadc488939a89",1,credit_card,1,129.92
"638a540852799faabe1c7c5647646c4e",1,credit_card,2,136.04
"143bfc6b9cf902d763549e6764121aaf",2,voucher,1,3.05
"351c15bef09303939e36600fe668b5fd",1,credit_card,1,194.92
"72cfba8b64d72dbe3cc62b4c607687c4",1,debit_card,1,41.79
"0bfc01cee9ffff85b714520ca97f4b21",1,credit_card,1,82.96
"7b324b5737fa42a7fb6df7c3769c3c9f",1,credit_card,7,73.34
d78e60908f7ab8af68dbd22e16d179f4,1,voucher,1,83.23
"52c19f029f1e4d22ee6cfa38451ab0fe",1,boleto,1,48.54
e821c71ba6efed0813bbc0a01a95f24d,2,voucher,1,85.00
"97400d97515bc5f8457c78d57a53ee5c",1,credit_card,2,236.00
c5e0f2a9ec5de62d967428daf383b830,1,credit_card,4,212.27
"0c35d1433b7a71747b7bcddd12c40ff5",1,boleto,1,102.96
"6458722841a6fe2a74274bf02583f105",1,credit_card,2,224.48
f0ef4a7e953d49418b658852e46ae239,1,credit_card,8,103.93
"85e5ee2172746dd02b91f6d2f3189f7e",1,boleto,1,656.53
"5062a18a32fe0f9975f7a1630a0a67dd",1,credit_card,1,65.85
"1ce624df940711ffea6e5176a18eee87",1,credit_card,2,99.65
"9ce8430d551b7b0e371800e7a6ebb991",1,credit_card,1,66.01
d99e6849f7676dade195f20c26f0eb4f,1,credit_card,1,135.59
"734ed62862ce8c5abdbb1311173e7a95",1,credit_card,3,112.92
ebc291ccb847d85f438a0b661490ac16,1,credit_card,3,119.84
f8813be969dfa2d97ee44b025c9bcaf3,1,credit_card,1,36.11
"97d03d6144f96be066dcfb67ba92f4c5",1,credit_card,2,77.08
"6c601e45c13b22fa58a1e290b4b14d8f",2,voucher,1,19.10
"4a3c2e7b734aa3f1d81ab508964e0824",1,credit_card,1,34.05
"76149a98fb53f831f6aa676c3193ee0f",1,credit_card,3,75.07
d8522b11e5907c0a96797fb0b6835a92,1,credit_card,1,44.00
"461e8275deb25e6d0a664125a07d3c21",1,credit_card,1,29.79
"13e6d8c97847f1b195474fab7dd73bde",1,credit_card,2,134.79
"819834742179a50790827926997ca8dc",1,credit_card,5,89.18
e7c290bfc31d7eed478c3d3d2d4d2953,1,credit_card,1,98.04
"7dfc1b9142ff06ae86300fd5d601c74b",1,credit_card,1,162.25
f28e549e51f383974493cf9dbdce5d46,1,credit_card,2,112.09
b28aca0743b172fdbd3cde1f703e4067,1,credit_card,1,128.95
"4e0b292febe7dba9150bd618a5e49149",1,credit_card,5,56.66
"1ed94b4136f96a6bfbff567620be959a",1,credit_card,2,80.52
"3bc85ea22011e6a4c0677bd7a985f76b",1,credit_card,1,75.76
ddff0e1a8a73007a387e5edb05973958,1,credit_card,6,117.60
ba50eb882d0ee0f257aeaa649456821f,1,credit_card,6,404.16
"10856b02e17c5d56a06c2ee75079d338",1,credit_card,1,31.38
b415a35a700ab8411988f58b4db6daf4,1,credit_card,4,108.00
"20082947b2fb23b28d05f616b985cdab",1,credit_card,1,251.76
bb5be1811a54b7c516ea8c1eeb48272a,1,credit_card,10,208.46
eb2bbf81f167ac5783bd05c392f320ae,1,credit_card,1,63.13
"40e374fbdf8b48fda863fee6195ff2b1",1,credit_card,3,85.14
b012c1697921f54e80780e034a93c871,1,credit_card,10,163.68
"28904a75f66f01fd5c931d71e7a6ac8a",1,boleto,1,40.60
c8899924318a9e94b6bb939c2e0413d6,1,credit_card,5,133.19
"4b38fe7b90551ded1ee61140282fba02",1,credit_card,1,23.72
bf4e96c11d738938b690d9995d6d5204,1,credit_card,4,48.62
"9913e53a7bcc410723e7c04965f634f0",1,boleto,1,120.09
e5f642cd02cde85e17b08c8c1534801e,1,credit_card,1,190.37
"770cda5595335d94a7ef1709b00c8eca",1,credit_card,10,203.83
"4087849bcc671e4fd0e10770daa7bff2",1,credit_card,4,203.89
"742e519465c1d0ed1dc1664ad04ba238",1,credit_card,1,83.76
e128f9ebc461c55ac1340e0613de3c94,1,credit_card,4,186.72
"867b894c187b59ff2425447c7c13c898",1,boleto,1,19.88
"69f5eed47613a9d3cd0ae94d398cdd4e",2,voucher,1,30.00
"4210d6c8e386746480631c5c8075e77e",1,credit_card,2,27.60
f0c8fa435e06ab4c026e78d690a6948d,1,credit_card,5,117.51
"2eb868f2f7abdf4284337d1cdeb7399b",1,credit_card,10,694.04
"0135675503322d804abef7ec5ed4824b",1,credit_card,2,122.97
c09652e16426e2ecbb85f2617192904a,1,boleto,1,399.25
ad950ca26cf8bcb793630d2d8652a562,1,voucher,1,42.29
"67528c4b8b629d9cbb51da492c6a9ec4",1,credit_card,1,52.63
"620b3433404a08b299e50c716866a4d1",1,credit_card,6,153.36
"31472917c2860ed762efd622d5862d88",1,credit_card,1,150.16
eb808f17e12419314395e5309b23258b,1,boleto,1,100.34
"557feacb7d186d0cacec3e801d38fc8f",1,boleto,1,239.82
"76b5a5fc007406c38125f8d12147093f",1,credit_card,1,40.12
d796fb3fcd8046bf2eedc21bcb2e407a,1,credit_card,4,52.49
"8ef25ada03b56cd00e4021ea5b98f58e",1,credit_card,2,120.27
ae1a4a7e9405651217877f3182d83bc0,1,voucher,1,38.01
"2bd50f23991e78268a92afaf29d6e459",1,credit_card,5,128.09
e2d4ba7d12faf84e6c6fc0db5a766352,1,credit_card,6,368.60
"5c6fb1efa6d074731c88c7209909b511",1,credit_card,1,213.45
"833ca9217bfe9bb17bcf56f645362ac6",1,boleto,1,265.12
db4f107fcd5c5dac40c23f70a64f2031,1,credit_card,1,33.09
"05b6dcf764ce18df76138d88dba0aa7d",1,boleto,1,34.72
"120b6e2dc449086d642526777c378ad6",1,credit_card,3,123.50
"72eee104bc08e3498017c9c02b2ae1dc",1,credit_card,8,235.41
"7b4f660a72183fc98991998a65320863",1,credit_card,1,21.89
"114fade4f3b82f8b065771e1b3c0ae14",1,credit_card,5,154.73
"23d23296f19f96722556d7712d45ca0e",1,boleto,1,321.34
"6beea62ed3699dc09cd676bbd693abe9",1,boleto,1,33.51
"3f237ed2840facebde719d4501dd7d30",1,credit_card,10,146.46
d94cd4d810e4cf28560cc3b12aa4b210,1,credit_card,1,43.22
"681f6998a6bb650120b24343fb7aab6a",1,credit_card,1,38.86
ba6ef427eddcdf12922391f524c053aa,1,credit_card,1,50.86
"58ab05a43a2649047ae3906759cea594",1,credit_card,6,318.48
beea8116a9908f0390812fd77d9b1f2e,1,boleto,1,57.09
"79c808fd4b729a968738f5b3e919c885",1,credit_card,2,180.60
"75dcb90eaffb6ce748938d1b67b1ad87",1,boleto,1,89.30
f55863be6758b60482c4bdfa3cd016ed,1,credit_card,1,126.04
"17c6ede699b320b43f35ab1311af0bf2",1,boleto,1,128.14
"6e91382a2e9da8b39ee94e7e249e18a7",1,credit_card,1,112.99
"67afac235ed5f057e1112fea45ddfb05",1,credit_card,6,146.29
"9ab1853460522b70139bf63d6715f4c2",1,boleto,1,241.80
"0363e6de0e2139c4988c0dba606fcafa",1,credit_card,4,97.40
"7131224bb3afd2aa3e6b81ca40bd8e4a",1,credit_card,2,144.50
"5923d27ea800706e7c11665595951851",1,credit_card,1,40.01
ed0e7f24f9eadad43edce801270a981e,1,credit_card,10,811.77
"450c895cd5341a52818d10c9593085bd",1,credit_card,2,143.89
"5850f6bb95a78cd0fd9641e0453a740b",1,credit_card,7,141.23
"41e9d5f1e8d3bdaf6500baba3502970f",1,credit_card,4,367.12
"599cc8757abf10de056680e4b66187cc",1,credit_card,1,74.49
b21727c169d91071518836ff346b0c39,1,debit_card,1,148.71
"76e6542b3b2d6035b0f3948b43f0b9a2",1,debit_card,1,367.58
"001c85b5f68d2be0cb0797afc9e8ce9a",1,credit_card,4,112.71
"4531bfc9fa7b2b7582a6dfad40fa0215",1,credit_card,1,32.60
"64bf167fb87c4bccf7cbfde95d835ed5",1,boleto,1,81.89
f2d6c25c24dec1cb1f8eeba2203634b5,1,credit_card,6,596.56
e4825515f8ef501b2887a2ad0685621a,3,voucher,1,25.00
"37553832a3a89c9b2db59701c357ca67",1,boleto,1,132.46
"028369515408fa864cfe50091d4e76c5",2,voucher,1,48.03
"92177caad9369822867c7931b5a04dfa",1,credit_card,1,77.90
"72c950267eb891d586116bbd2d6db44b",1,credit_card,4,41.84
e55650ed198645300501994955043aef,1,credit_card,1,29.31
"04f1689642ed3c3e45244d4f7b2fe731",1,credit_card,2,280.89
acf06644cacca76ec575d6e2b7ca9c1d,1,credit_card,6,260.11
da3146b1cf55ef0687b99018f4df821d,1,credit_card,1,48.71
a4b41e795041ff5fb997f1049944e429,1,credit_card,3,364.58
"1505c4fa89e5901e17d66f5653cfcc82",1,credit_card,1,87.61
da48ff98ca6bec2aa39f5cce1db9f04b,1,credit_card,1,44.00
"048297b4e795502db60be292e12dd390",1,credit_card,5,193.55
a72fc5669df669ab2c501cd323698fac,1,credit_card,6,116.92
f5209f8e33eb54e373ad757623d2934c,1,credit_card,2,104.19
e12a43dfe9ec2b96d302683d1db0f613,1,credit_card,2,124.27
c0c08274d7ff03824cbf0377b2a9db63,1,boleto,1,22.89
d23bc376aeb971eadf9129860f03c047,1,credit_card,4,258.49
f22ca19cddb72bc1f6e77cfc65d02b7d,1,credit_card,2,284.54
"0c9b9834c09d4fbf6bbadf2b3fba9828",1,boleto,1,62.44
"43a69fdb52ebe93245fde3ca5e67e7ef",1,credit_card,1,121.09
"5e105321549880c6b806ccb3605eb980",1,credit_card,1,291.74
b62cfc7b4c9b7c7b0e97bb106679e51f,1,boleto,1,84.13
"0ff328dbe0ea4ad27a1176bbf8d88ecb",1,credit_card,2,90.88
cea54c1853c864ab36cea3ef732d7191,1,credit_card,7,74.94
d5df7cabf2a09710613a5ec9d089150b,1,credit_card,2,243.74
"403faf66b2b69a6aedd65d14dd5fdc40",1,credit_card,4,55.13
"8548d37748337533fac944d6412db320",1,credit_card,3,37.77
a4b60a92ece5dce086fa34fd28b20aa4,1,credit_card,3,84.48
"0865bf48f1aecd458a5a2ff3211dee8c",1,credit_card,11,117.92
"7c456a887b23a75268a45a224d191c52",1,credit_card,2,194.26
"14cef40ef56939096a73790b10938a79",1,credit_card,3,146.04
"7f93d00f6512fe25e73b5de688cd5677",1,credit_card,2,143.48
"27ee14d1c38daee265f97e4a6a63c4da",1,credit_card,4,188.34
"5944fb964cf73639af7fcd817b6fd31b",1,credit_card,4,181.82
a8eeef949a97362f253b5d6b9aa7b498,1,credit_card,5,230.52
e84db8af8d16b9c6664ff223557618aa,1,credit_card,1,88.02
a40264c07328d270a802bada5ffb7f15,1,credit_card,4,209.94
"39d6c184d14f581569167a7e10e7c4e6",1,credit_card,3,63.83
be7ef653148b80c79b5d9b8500c47949,2,voucher,1,32.06
e93d171f961fc1207c5ff8d1956267b5,1,credit_card,6,72.36
aab8c7dc7990b7626dff6f216cf44b99,1,credit_card,2,33.29
a1c47ee60da7efa582a5da058796df50,1,credit_card,1,87.51
d5a9bcd8e843bed6dc81287ccf656d3f,1,debit_card,1,63.97
dfa69728337ee9afc8d8cc1da313375a,1,debit_card,1,35.48
"2464ea8c6303275c249579a480ad4f49",1,boleto,1,110.01
ef4327728e4c06e8ca7c8da666e4438d,1,debit_card,1,64.10
"45ef0cf6b60d59760bc550fe33d12570",1,credit_card,3,155.14
f600e48affe0d3aefb6e206a0ead6dd4,1,credit_card,3,41.69
"91415c7eb3a9313812484623efc7ee27",1,credit_card,3,34.10
d0f5d1785b4b1dd03967007b09457903,1,credit_card,3,91.53
c7112d33d777ec13eb958ee0dbff02b3,1,credit_card,10,1391.28
"374287ecf047f9180fdb554bc4ae1c1d",1,credit_card,5,312.49
"70f565643fc6912f8cd3a42456be82a2",1,credit_card,3,205.42
fc1d9429da446a147d438d41350a2932,1,credit_card,5,253.69
"77e3266e92eda8a0570ce5b1045fa3b5",1,boleto,1,87.18
"067c29bb966641e04d1d7a924aa3157c",1,credit_card,1,77.57
"6c23fe4c807bfd4e197fe866a197b689",1,credit_card,2,112.30
"234c9bfb16c85a964249d228963d0adb",1,boleto,1,51.84
b3dfba99633d1f7cfb7d6530c2a88966,1,boleto,1,29.38
"2daeb5c4ba54c3f15aedbc5546eebd4d",1,credit_card,1,83.23
"61074c7948c09364b80e2f7da862780c",1,credit_card,2,22.24
"586beaa2e8ffefdedcba61bfabb0c9d4",1,boleto,1,85.81
"3c333445207b077f35c9e81a7e7c7273",1,boleto,1,74.63
"79e2d134258914ae2184cb0a3116a802",1,credit_card,3,188.56
d902e0d07551cd7a8961363aae3e52f5,1,credit_card,2,119.67
de86d7a1250c84c7845795cdcf16a9ad,1,credit_card,1,47.38
"6ebc232b5e255e922b876735d4cbbb31",1,boleto,1,100.14
"8712b255e65bd40b073d43478f7d24d1",1,debit_card,1,38.27
"2c36a11b47ea60c4f373b5891a8d8488",1,boleto,1,35.00
"06e4e324b83309e575442446e34377d7",1,boleto,1,122.60
"092ae7e7141e3d69ecd0935d97e14fd9",1,credit_card,7,77.34
"519d2277452787b455e35df047b6476f",1,credit_card,10,179.73
c1965eaf39451fdf97e27cb13e5f401e,1,credit_card,1,37.00
"351d5d1e18d0b2bc2024ff1655911dd1",1,boleto,1,71.85
"7a3073d28930e698b650ba8cf83e741b",1,credit_card,2,91.79
"5b4e9a12d219f34f5c2de9f8d620b19d",1,credit_card,1,100.18
"7a7d63579d59c48629269f0d2b7eb894",1,credit_card,1,47.30
"4a7cf245701068d38d441791b735e4bd",1,credit_card,1,26.38
"5517dcebf1ab177978bae7e7c66de1b6",1,credit_card,4,64.21
e1fe072ef14b519af1f0a8ed997c1301,1,credit_card,1,24.42
"25b29cdbf0a67e91af791d5df6d1745c",1,credit_card,8,340.07
"10a0658843edd18524653f81513ef60d",1,boleto,1,78.56
bbd63ef30a5e6276e5353d5736b8bd21,1,credit_card,8,84.14
"5525ea8ee9e6150faa9b41dfc4024552",1,credit_card,3,109.39
face169115c6f2110b6324868ae397ff,1,credit_card,8,286.76
"2c039eca196d1a548fd739e82713a1b1",1,credit_card,8,250.42
"6f23c3c5a508f83e3068eb9f6d16d4b1",1,credit_card,4,234.84
e0f6f4313a61689a0a03dbafbcb5e97f,1,credit_card,2,72.36
"1bb0b420434c7323a0df0cdf9571783b",1,credit_card,4,81.98
a323ac4955fc32f68997f8d0122ff2c1,1,credit_card,2,224.70
"41932b54e17f6ae1f4be1f8886f47883",2,credit_card,1,53.00
e0e83bdc2be394626d0f9177dcde0889,1,credit_card,10,163.39
fe1a5360c2abc136a4ff63ddb09a33b4,1,debit_card,1,55.28
d0ea601e79bae1c3f0c140aa4bc298c8,1,credit_card,2,157.35
"822066c3837de6884cb8e17d97282692",1,credit_card,1,121.09
db33c2c3cc0b7e95e31b9ea491ece2a9,1,boleto,1,88.50
"6f7390ae95a89ea985e0d81b189e96d5",1,credit_card,10,297.99
cbc7b0f111cacfc370868186ac364edb,1,credit_card,1,92.74
"416b0ed65ba7a348e1041689147debd1",1,boleto,1,57.48
bc54c3719175670ad9effca0e152ec38,1,credit_card,2,66.50
cae155b8d4bd6e84685e5ca5c0f8ecbb,1,credit_card,4,40.77
"1ff2b191106588727c913321d52db56f",1,credit_card,1,319.11
"0dfa0cd73d2c16254c2cf4ee72d13c3f",1,credit_card,5,92.99
"57d86c396c1d48482e96e9e4a0e14ffb",1,credit_card,3,31.92
b43889e8181d41782f7b8489b1500fef,1,debit_card,1,64.44
ca7296a83aa279afb28c2388a4f48891,1,credit_card,3,102.96
"60d1bad2dd9051ddf6155fa1965d5c72",1,credit_card,5,106.90
"76153bb37ce5c7c61ce83908366dc5f4",1,boleto,1,115.94
"3f5abd933258e53656eb4368f0762fec",1,credit_card,4,223.80
db840ba7f7a60faf5eff58723492dfe1,1,credit_card,1,150.59
"31bc09fdbd701a7a4f9b55b5955b8687",4,voucher,1,40.33
"6fbb3d20bfc2d3afdc6478057599ea2c",1,boleto,1,86.54
"02355020fd0a40a0d56df9f6ff060413",1,boleto,1,69.59
"0a32c98faaa09357e357a60d02704a3c",1,boleto,1,55.24
c459333909694b58b17db6cdf5dd7b57,1,credit_card,7,169.61
a932657c2a8f532655a478c7170642b1,1,credit_card,1,16.39
"6ffd704e6933899e26c59d4756c43b7e",1,credit_card,10,771.26
"3025217f257165e00d2312dfe35a9b60",1,boleto,1,549.47
"07279e06272270e7cb604d1901a4f374",1,credit_card,2,141.35
"81643a310d1fa764a5097fa3545d4a90",1,credit_card,5,258.25
a4521fa62b4f3bbe260aecf4dbc78935,2,credit_card,1,25.77
"985a7ee1a544f6f20cda38931a22a6dc",1,credit_card,3,77.16
a1a835a7e59148cc5f62243387eb6c14,1,credit_card,2,61.02
"9b7130a90e8f2c23cba417fd1e9be425",1,credit_card,3,66.17
"135a10bfc997f41bdc3ce54ba8664ae5",1,credit_card,2,131.26
b3a5258257c3654b78826a31b7bef55f,1,credit_card,1,0.68
"49e809b11c0445fb0229f28378d3d30d",1,credit_card,3,225.72
"2ed2bc9ea8f27ee7a45a3434b042272d",1,credit_card,2,49.01
"9c9d2097d4c2b46f2963f34e32a57f35",1,credit_card,2,79.61
a274d2bbfcca25b8c47ee2467583e81e,1,credit_card,5,224.10
b245d08e3e6331339c679db26e9c8616,1,credit_card,1,45.25
"9937c97886894167e73d617373b4d91f",1,credit_card,9,97.06
acf579dc44e10bf23cabf01d80f9f62c,1,credit_card,1,159.13
bb18a7304967722c7cef28dff0a916ed,1,credit_card,6,116.21
cb9330eec7f496a4f3a7c9764843edce,1,credit_card,1,45.61
cc747bcd22a8ec8bbddbe6c96945a5ad,1,credit_card,2,224.48
d2028724669c20a217e6146e6855cd12,1,credit_card,1,90.76
"38f0291ed11ee2f2f0cf35ef8931e374",1,boleto,1,189.00
a7126b0cb60c6a688dfdac0b29f66f4c,1,credit_card,5,115.89
"2932a008b292b9b8eafc415b46f0f3b0",1,boleto,1,55.00
df61cd26aece2f40eb66883de3a81e1f,1,credit_card,2,277.16
a4092b79e25e9a156276bacf4868112f,1,credit_card,4,89.28
c48ec7c034c645ae4c720e62205e993b,1,credit_card,1,47.42
bbe5ef975154a7473c4c595fa3385edc,2,voucher,1,15.40
"7ee6fa7da5936797c7ad71d02024d65e",1,boleto,1,330.70
cb9055a03715c49c0d9aa0d1d2161e9c,1,credit_card,5,169.40
"95fc4c1eda4eb09aff114067af28e084",1,credit_card,1,25.62
"0e903df9d14796df715e2f6cc52e2c1d",2,voucher,1,59.84
"5b5b301c2306435fbdcd698f1c3a5ab0",1,credit_card,4,81.31
"332406cc34a6bcc1ade93cae9e11ab06",1,boleto,1,32.43
"63099b1ba1729612750a8903f7be76d5",1,credit_card,1,134.59
"1e5276061569fd2d678f6363fd8f0aa1",1,credit_card,2,131.44
"5884e0cadffe0a4162c2bc9456de17f3",1,boleto,1,53.99
f8207caf0d0b8d07ebb64c397a72793a,1,boleto,1,216.23
b2b374adf21bf99c939e6fe72d186ec7,1,credit_card,3,147.64
de17623947aaed64e2babfa41a212a91,1,boleto,1,38.23
"9f0c13b24f453a9e258b56bd898c90ed",1,credit_card,1,63.02
"76d85afd545b8fc877273a68455675c1",1,credit_card,8,173.82
"5a254755df1e90c1e7bff386319a9cc7",2,debit_card,1,133.27
"4c30ca1b003a7fb3999df965167d492d",2,voucher,1,63.97
"00a690becda145533fa5a54daa7b6ad5",1,credit_card,1,117.42
df2887ca6744389b31fc5749e30a6efb,1,credit_card,1,109.80
da0f3ca7a69fe74c208f8cad4b3a42f2,1,boleto,1,53.60
"0b2a86ad4de68092f2026ba5cdccc64e",1,credit_card,7,184.02
"8c3078b30ae073033c2ea0964a5ada96",1,credit_card,6,92.19
bf1884f9aca840a9b8738d4bef0945b0,1,credit_card,4,209.46
"9a48076f2c268d23ca5495c7c6069315",1,credit_card,1,64.42
eadea18809cd8803f101e64884658ead,1,credit_card,1,55.92
bff9bf477ce043ff4e51e929fece6d55,1,credit_card,4,121.99
febe5ed09ac6fa3dd1004b57269adeef,1,credit_card,1,50.80
"031f488d7e8549b5d8af94f5a3e9300e",1,credit_card,4,162.25
ea0a8e84904a16c83a6956a171c88276,1,credit_card,3,194.17
"8238b78624cf7cdf4fdb1a5e9906aada",1,credit_card,10,721.63
"139f1705692cf6f0ea124350e5ac47de",1,credit_card,1,56.88
a5931d87676f8226c1157c5d68be6969,1,credit_card,1,144.78
"21986117cfddd42a35f894deadbe2f95",1,credit_card,5,110.98
"5f580ea84de3f42cce60c69c8db9bdc6",1,credit_card,1,27.15
"6efae6c7b38cde4c5833376accaedb02",1,credit_card,3,266.32
"396f84886eb4046aa249fdf2aacf3994",1,credit_card,5,166.38
e84aab6af2a71fdd57e937740dc5a3dc,1,credit_card,5,424.97
"8cb5fe50fcb1a1155fa2f27857895eaf",1,boleto,1,596.27
"81323de20fc0eae4b399b3ac667b87d4",1,voucher,1,86.93
a96610ab360d42a2e5335a3998b4718a,1,credit_card,10,4950.34
"3af48ad0934525e604c7f4329131ad43",1,boleto,1,52.26
a3b9ef87dc9bf6125988a6146005ccd6,1,credit_card,1,260.24
d0920ccc909154ba04006679e5f1956a,1,voucher,1,167.20
"6d1c806cf81ca71cdd31c2079e39190b",1,boleto,1,56.39
"0fc1636daf8efc7bd56e6da2ca229656",1,credit_card,10,265.62
e0281f23b49ca718b12ff1af3140db6d,1,credit_card,5,178.92
ab457766fd545ee4fd253ae81da173f3,1,credit_card,1,61.79
"2eb6d51ef9ae3ae319b31ce4e4ec0097",1,credit_card,3,223.01
f2535daabe28822430b59874e07594e2,1,boleto,1,189.72
"269507123b136cce3d2f6c5915f11bad",1,credit_card,2,217.61
"8ac76b2c458e279fd79101768998c836",1,credit_card,4,41.13
"68cf1c197f0444a28730011879182f7a",1,credit_card,1,28.00
ae58081c0be4ca730f53473f8f5d5df7,1,credit_card,1,27.29
d08c7396fb82ad39db681f6692a7e112,1,boleto,1,152.62
dddfec61fb1cf6bbba0c10703db126ae,1,credit_card,4,43.09
"615d69cac226ded6b44842350797744e",1,credit_card,1,106.60
"9b154f568f003a7bb924121e0f6bec40",1,credit_card,6,144.78
c0bfe4e5019c615b222f764dc9c20f51,1,credit_card,2,71.82
"271f637085c45e7e58268625604724a9",1,voucher,1,201.09
"23c0fb66f3afa483b302cc740b14f17b",1,boleto,1,247.69
a1259693d26fb84a646c5c4a913a7c40,1,credit_card,2,127.23
"5f8b64bfce7d975e732813b83ea0b71f",1,credit_card,3,89.75
"175da05fc7ea63b231f7d87ae22b235b",1,credit_card,2,106.87
d2586b48628c08153ed6ebcc26dcb208,1,credit_card,1,24.88
c774090f7e672d0718f1ea7e9a3a8590,1,credit_card,1,216.83
"285c2e15bebd4ac83635ccc563dc71f4",13,voucher,1,4.07
"3d569c9ae7a98780b9a771da0b86532e",1,boleto,1,218.45
bf2f7a16704936db1686ba2711614520,2,credit_card,8,165.56
"1143f20f5408741a0c7d79bfa56efa6b",1,credit_card,6,125.90
"8dea767bef43a63174e344d0750bbb84",1,credit_card,1,204.25
"35a972d7f8436f405b56e36add1a7140",1,credit_card,1,93.75
"816f324de6dab02dd379c72216ba5bff",1,credit_card,8,86.42
"3699ca6aff3879a2990159cd64537303",1,credit_card,3,169.08
ffa2a7fdee9759a1c69f742f0a21d371,1,boleto,1,38.01
"0a6c8aa5c12b86c6f96308839eb7417b",1,credit_card,5,125.60
c6b349edc99be6b983f26587f770f23d,1,credit_card,1,19.28
d84bc4e5bba5977de1eeadd544c9c770,1,credit_card,3,111.02
fce2da39dc4a45bf9c9703d01026f106,1,credit_card,1,73.65
"7d92cb6758010db52a51e6e283edcd6f",1,credit_card,3,195.63
ed60d6a05819396ce59802cc9c78007a,1,credit_card,2,293.59
"9eefad52e5b37dc3e94fc823d63057b5",1,credit_card,4,107.50
fedff8c18cd833ff96c2fb39874fb591,1,credit_card,4,513.51
"7a3b1ac379d3a8db0d2a257e0148d133",1,boleto,1,44.83
"2df0229081c89bf92df7de9f51cef7f1",1,boleto,1,198.83
"2354d2984a9a8f5334a71203123cbdc2",1,credit_card,4,410.00
"80ae48078a8d6d539933ba20be26c8d7",1,credit_card,4,52.68
"394643cd54739aad60aabc03272e28bb",1,credit_card,8,164.12
c1e8d82bfb3b9310889636c7589e8007,1,boleto,1,33.68
a56e99fc7e41a208cc35ebc48ea72cb5,1,credit_card,2,42.27
"7578d16f248e3eb69ec30d3fb27a7a38",1,credit_card,1,36.20
"276084656b724c65551708d92d73222a",1,credit_card,2,132.05
fd97401041e22864ebc2b6b2388d5a8e,1,credit_card,3,366.69
"175be3f02b744f3c7e1eb5e32cb0acbe",1,credit_card,2,125.77
"8a784d47854e4cbc5562362393d504db",1,boleto,1,18.62
ec29c5db787234b1b76acd71b82224e1,1,credit_card,4,337.54
"125f791fad1cb7d8545189f70f1be885",1,credit_card,1,87.10
"9c214ac970e84273583ab523dfafd09b",1,credit_card,3,102.03
"0e8b6c11a73010fcf68119448a6182cb",1,credit_card,8,172.55
"343e0513a040565d012874605c433ca4",1,credit_card,6,135.18
ded4e6e4d721200bd599d81e5b29901f,1,credit_card,1,165.78
"1d85312d372335db21f7f178c2325c6c",1,credit_card,6,158.80
"934998379448f54149af3041f9c8efc5",1,credit_card,10,114.52
"3e1932d12fea3c82f976273812475645",1,boleto,1,21.77
"6d47bd16bfe3f754b853be0ba635ed7d",1,credit_card,1,3.95
b6718d42f2393bde8ae9b32034d0384c,1,credit_card,6,181.78
bfdd803339c3236164d4fda73c95f5c2,1,credit_card,1,101.25
"5843a9829481b1b64ecf83d1f0da0945",1,credit_card,8,254.66
cbe66915eba00a69bf2b3293077ff20b,1,credit_card,10,111.33
"296a93c03580ee2cd6d1c20346191d6b",1,credit_card,1,38.89
f71f7cfa091dab4d5aaef7195c37c986,1,credit_card,8,195.10
"288ca6904834f3c53b074ca4cf8ea81b",1,debit_card,1,84.45
"304d007435759582067e51e9f3c44cc1",1,credit_card,1,214.16
ed601eaed5611e4ce24cfb482cf2b7b3,1,boleto,1,102.96
ec689ea3a26649b3979af90517284c77,1,boleto,1,36.75
c1eee1544b567f58a25bad708d0d41bb,1,boleto,1,53.61
"40654581b4282e70a554c9eb51fc8a91",1,credit_card,1,18.27
"2484e92129d05f3104e03735dd3b7771",1,credit_card,1,68.33
"0dfa1a2ce4218fe50a09559609703829",1,credit_card,8,378.04
ffaabba06c9d293a3c614e0515ddbabc,1,boleto,1,153.63
"3ae926d60440f9f3c6ddc952f25c9da2",1,credit_card,1,492.56
"9b34a8b59a65874925bc12d1551e5256",1,credit_card,3,73.83
e354b2d0793a71a63da3f45920085835,1,credit_card,7,616.84
"9949f7af3885f27e84044841513de26e",1,credit_card,5,130.80
"01428962dce3b65e5433eaeb16c0f48f",1,boleto,1,403.16
df2afb0d21253af8ac80fefed51bb52e,1,credit_card,8,236.97
a04fb6341ec58dddcf7ecaa4c6322f55,1,boleto,1,82.78
"179a6a5380b863ae5aae42e8eb754913",1,boleto,1,151.20
d24ea7235cbfd0959d74ed0ce8d59c5e,1,credit_card,3,32.00
"874d3597cd2c8ff693902b0b5323646a",1,credit_card,1,77.22
df51cdd0d48077d8cd198c5033b8dff6,1,credit_card,4,45.80
"38526edd44a1d0ae9f1bab48804da5e0",1,credit_card,1,181.10
"5622cec2b5b8d2b00710fe5816a3b2d3",1,credit_card,1,384.78
"8a8bd4a338e17ace44431e99a2add1d2",3,voucher,1,20.00
"5dae8914499e60f98b65ea4094c69880",1,boleto,1,46.64
a049b2eaf54fe7b9f51cf4c143a41db5,1,credit_card,3,37.10
"9fa4cb601bf44b1c03ed05feccca9efd",1,credit_card,3,39.15
c087855fe6f303205c09558f7f8103c8,1,credit_card,1,0.53
"1d699c4fd2ee485c965116e9c3fae0b3",1,credit_card,2,100.33
c6b85930220a1a577a8a8352c7dba78f,1,credit_card,2,181.55
"38e56e4a15bae88b8f5115849c500e77",1,credit_card,1,194.11
"59169828620034ef7061641d4a69fb5d",1,credit_card,7,385.16
c62845da78b3e229cd5e0914607771e7,1,credit_card,4,82.73
"0fb7e532c96ad6dbfc254b11e9ad816f",1,credit_card,5,55.13
"7a1cfc5a41ee6890e553de7276ffebfd",1,credit_card,1,150.00
"440efc866515b274c87852a745f91726",1,credit_card,2,110.93
"1f0fb6f94c105ba0047b56143a01c3a9",1,credit_card,3,37.84
"3810134c7dbbc676c25f2b9d4e7886fa",1,credit_card,1,17.78
c7100b00bb5041fcbb2d386392c7d2ac,1,credit_card,2,144.21
"0846185a9dfd578106358936887eb8a5",1,credit_card,3,215.55
cf8a303d6edcce23699d7797c71ca28d,1,credit_card,2,259.15
"1290c400f098233da222e95ed69ec171",1,credit_card,1,189.06
"0392da48d173776fc37d98de1a253370",1,credit_card,1,118.43
"7a45b93cba1b6ebadb4498f33f110b4e",1,credit_card,2,26.77
"17ed0f7caba8fd5b357549ea4161fc38",1,credit_card,4,152.88
"6ef48857a65c0db78e1cd9e0accbd55b",1,credit_card,2,86.61
"5e1634961496211a38819595cbde5862",1,credit_card,5,72.77
"93946756257ca00a0bd35bf9e162718e",1,credit_card,1,32.29
"5a91e5de577ae1b3aa3c3cefe7181bc5",1,credit_card,2,101.73
f0913360b958b782d31d3d9f4a8c66f5,1,credit_card,1,93.63
"7c2c4fbf7cfe18df6ed7751cb3bbcfd8",1,voucher,1,121.92
"896a98eb2680bdc1b1f621e02c6b9d08",1,boleto,1,86.15
"12b139364fe5d01af6207a326b6f139d",1,credit_card,1,23.62
fccb46e17ee388c4213300cd1f54c1a4,1,credit_card,1,128.26
e682e9539c5643a19c747047530825e6,1,credit_card,1,90.44
a761862f0091efb27d04d58ad23de019,1,credit_card,4,387.83
"56a4b8bc220c0a92f54ecb2e2ba0029e",1,boleto,1,112.12
a59e5a3085765eccf13872b4529fba3c,1,boleto,1,154.21
"2c7166305c873b61875185c04a58fce5",1,credit_card,4,190.53
f318921851480832ec75983410d612d8,1,credit_card,4,157.20
"4850125b26ca8977d47c83f60df48401",1,credit_card,2,199.80
"89aa696d2bae84d88b2f855b0db40800",1,credit_card,10,518.38
"11b1470a79108e6d6dde223c40bf2c4d",1,boleto,1,48.05
"790e5c5eb160ea3d606d62c2187b3e6b",1,credit_card,2,57.88
e1bf6f2fc7393244c6207bfb0894e512,1,credit_card,1,735.85
"1a463c49e93ce429845e1d959122285d",1,credit_card,3,36.69
f8654b57d28e6089ebf05d171c1997e3,1,credit_card,3,30.75
"2bf48cd42176ebf444935297411d7a2f",1,credit_card,8,307.27
"66057d37308e787052a32828cd007e58",1,credit_card,1,32.39
"97553c366fcbfb1a3cd27514c50b34d5",1,boleto,1,244.15
"08b0cc275164eab92e5797432fa89770",1,credit_card,1,58.38
a7241713cfa855604d2db6659e74ecc6,1,credit_card,2,27.38
"7063524166dbe4d1f15029bafcd95070",1,boleto,1,67.44
"95c8563ff69b82a5e9345b9f0464f788",1,credit_card,8,139.94
"6660735419b67a222968c81cd4e3fc9b",1,credit_card,7,689.44
c4013cb5a6fe10b85e1483166d5ce1dc,1,boleto,1,157.54
"477140a02351a2a01918ec67d2d68ac2",1,credit_card,1,52.68
c0826b2069d46c00f8318be1b88c84f4,1,boleto,1,175.99
"33d89aec64b61f0dbd880fa8d8dbec5f",1,boleto,1,72.78
"4201a8366a21b43a6b9c2c912a2dd5f4",1,boleto,1,266.17
"5d963a08322bbf0e9d783716d6e9c1a0",1,credit_card,3,52.68
bfa2cf122902aef8481770976e16e408,1,credit_card,2,129.74
e5cba854ed90614d4334d4c5fa4fcbcf,1,credit_card,1,41.75
"34b6e91cc3c7e9bff425f3be9f5b0b98",1,credit_card,4,48.69
e0ee4258e269f1bb1f882f851b05bafa,1,boleto,1,73.15
"7fe6658f268e76d4af99ffc4e5d47541",1,credit_card,1,126.56
f939f0226d610aad8bc41cb7433e5f70,1,credit_card,2,107.78
"1a70c0ce7afbcfbad9123d6c029f5ad6",1,debit_card,1,91.23
d9f134a34fb4b3cfd95550b4785e8d05,1,credit_card,1,139.93
d8cdb1ec6e73dc6a9fcf2b7700afaf3c,1,credit_card,1,86.08
b22d5e326467a7e6ce236f3bc54bfde5,1,boleto,1,154.99
a61af3cdf328f1d0a9f63286918c67bd,1,credit_card,5,100.83
e99e0a939c251c9b2a412fd3136ce0ea,1,credit_card,10,117.16
b6acc7697ffc9caac96d5d86d80ea71d,1,credit_card,10,119.80
afd1ca4a245a9a04d0f8d5dc1ccb7ed3,1,credit_card,1,57.23
"06215d34c1ec4e1106eb12ae5fd0370f",1,credit_card,1,88.20
"3236504a0e2b1bceb65d32a38f5d79a9",1,voucher,1,52.24
"046afc54df6dd8bc98ee2c0e653b70d8",1,credit_card,4,43.10
dc952dba5b4ae9cc2ea0eb4757f0cdd0,1,credit_card,3,74.35
"51cab0235fdd0e37f744024696d8e66a",1,credit_card,10,514.11
fb4de3600d359f84927517e78ff9ba54,2,voucher,1,0.20
"5fe6f70927bdb4accb737c56c5602f4e",1,credit_card,4,389.02
"7ff9920174c1d74237a6fcb73299c0a0",1,boleto,1,425.34
ddf02da047a1c300e78346fe13f7e862,1,credit_card,2,99.43
"6f1ec7fc60aaf4d643560d527597061b",1,credit_card,1,68.94
cb2957ca3cf764ff3a56c6f07e724f72,1,credit_card,4,315.98
"3341c1471465b4198ac0c139659da90f",1,boleto,1,70.75
"3bee0a6bb3f8fa5eb8dae9b65fc7944d",1,credit_card,2,109.06
"33cb922ef5a6167e70184dafbf013670",1,credit_card,10,218.27
"739a725c63ee6fe22172060698bcb934",1,credit_card,10,145.56
"88dc98a18a69037c35842524a4b9a058",1,credit_card,4,93.28
f5948c001130b3ffedc316eec2522996,1,boleto,1,148.76
"6cd9e3df3fefeeed2003ad58ffb79382",1,credit_card,3,37.77
"762d133d5121c48c9e5c85be852eb0a6",1,credit_card,2,23.68
"242dd739adc51a8a1f3c1bd7f2c3d0aa",1,credit_card,5,273.01
"3e351fbdb9c27ebe3c34cb15c40b7e22",1,credit_card,6,138.79
"5e32d63948bae10a5a878d024e3e4e37",1,credit_card,1,21.09
"932da4ab5c1239381360b912976ef417",1,credit_card,1,68.15
"0e530f6be154c9d7e7b12f34153b0fc9",1,credit_card,10,848.93
"68810c6b108472c394da03666cf1fe74",1,boleto,1,254.42
"07cbb7b6d1c67566a892673386b5bb9b",1,credit_card,6,227.34
"66c597806a0a0fceb57c8acf9a89a842",1,boleto,1,637.81
aa8d4db5d9342de37eb7945647d995d5,1,credit_card,2,163.97
"25fbf27ebf14d822b62827aeb77d9d10",1,voucher,1,89.53
"41360009dce5e75361ad80cf695ccf24",1,credit_card,3,314.88
"5a644293b3539f7e7876ab0b4536b320",1,boleto,1,155.67
"137135c30e53ddac60ef16b8ef6d4d54",1,credit_card,6,134.16
"790966b7cfcf6aedddb2f1d392da3306",1,credit_card,1,52.13
"5edee244fe02fdbeb9a2d97a4e8cf17c",1,boleto,1,45.10
"63b490210af6588f2cefc015579a923d",1,credit_card,1,85.75
"38b6f49502e64935521c6add952c4b84",1,credit_card,4,220.00
c7ac3cdb8e2ff8a57c503de24f1434fe,1,boleto,1,202.00
bc7e40b95bc62e9b4fe7c419038b37f3,1,boleto,1,45.21
"903103f3e4c9dfb4fd9224fd0f43d950",1,credit_card,3,155.20
"1a0c4417bf4f48e594a23d90d8d7581c",1,credit_card,1,74.41
"9a76a956393708ff6aa96e285bfc7653",1,credit_card,1,55.79
"589eac637e68da58add10ee5e6710bac",1,boleto,1,795.95
a99a60bc7b0e05731ce390fbc021ef0b,1,credit_card,6,143.92
"7f64d5e4a277230448eebf7956e29706",1,credit_card,1,35.00
"460e04c3cfd044ed625de3225dd24d4b",1,credit_card,8,417.37
"8a22bbf4a8d46b845e7b24add6dc5bce",1,credit_card,4,45.09
"89b5116dbbd69d3d03c3c5571b1e1c62",1,boleto,1,103.07
"336f7fe8abc3af0bf30d0cf7204ec20f",1,credit_card,3,74.03
"232f30270c13607c2184ab9980245bfc",1,boleto,1,94.72
"3441775e7c16fbea57b763e6b2e3d049",1,credit_card,2,135.86
"511ec73b8104809938ca0ee00706c0ca",1,credit_card,1,35.77
e2c5cdd2687cb2f0efe991ed155c8653,1,credit_card,5,58.48
"6525d9ab0bff6133c63e9c0cfa55bfbd",2,voucher,1,43.96
a5d02c2843eb25d8d1be6217c7483c14,1,credit_card,5,374.52
"3d2919530aea3496b5773b143910145f",1,boleto,1,47.53
"7c7b51735653e5eabc93b37b0f454428",1,credit_card,1,116.36
c3484520f8dc5726ffb461d9b63e162f,1,credit_card,6,270.89
"602ca7323a25474e4e1c94e5e0763fb8",1,credit_card,3,163.94
"1da43de9c3856e95d783cf969181e42a",1,boleto,1,165.30
"11a3420ffa1e206ca23637df7176501a",1,credit_card,7,111.88
aac88c8074f903c76fc8616b924ab3e4,1,credit_card,2,164.49
"3bcc866b8a286c46394d2aa9dfd06240",1,credit_card,5,316.64
"1dbed8d8827e4f91dfbb03ce97b38109",1,boleto,1,105.59
b5781a5976dad5a78067d528713ef47e,1,credit_card,8,620.29
c8955054eff8de46231cb6e2e76b4fdc,1,credit_card,8,91.62
da9d5d868a28b17116214d1240c22837,1,boleto,1,92.37
c5dd7d8ff84739ecc6526d97ee22f784,1,credit_card,7,71.02
"025884a2189930178d9ba3b1c6d0f9ba",1,credit_card,4,152.50
"892afc8152bfeddaa37facab6f4a9275",1,boleto,1,22.29
b14970227d9071f5930ab1774bc471dd,1,credit_card,3,85.81
"9a316a6a199c61a2a5d4204f49c22f52",1,credit_card,2,25.19
"2ea1dbdc60b26f5ec122e844a3f114f7",1,credit_card,1,84.48
"4316bb50be3f59538c354e3d820f1d9c",1,credit_card,3,305.77
"541c4c9245e27e65a02d9cc6d58fab08",1,credit_card,1,56.78
"721c8ce6d70e0d7c73d0d0ec262b09bd",1,boleto,1,359.97
"01677846a819fff5fc22d43d61e58367",1,credit_card,1,127.87
"886cadc098626f2e17d54f76b7bac8bd",1,credit_card,3,115.45
"766c99ec475fbe5700815bd8d452d107",1,credit_card,3,147.26
"09349cbc001ff756f199a461de7a39b4",1,credit_card,4,49.33
"59ac3c3ef46e5a6355dde8dd64a4ca4f",1,credit_card,2,170.32
"31b0ad9590cbb7cce97820802ad69c6b",1,credit_card,3,286.89
a9f6addcdb232b9d636f61f71c683349,1,credit_card,3,117.16
"773669e9bbc70d476c8052eecb8470a2",1,credit_card,1,36.78
"1b71709a68a41c5d7ec189efc6629d0c",1,credit_card,5,413.83
a2e554ce08ca39827cf3de0d0f5b36f4,1,credit_card,8,788.53
"1bbf70f9b8823c2effa6c3ddc96b9246",1,credit_card,8,86.63
cb415863b9b9ae1341b2deaebdc88c9b,1,credit_card,4,128.72
f2228e3e55ff956909ad7750f08516fd,1,credit_card,3,170.96
"0381dc399ab9a6c55f83eca96907a034",1,boleto,1,91.86
cab618a13f81a7ad42573993ddae2ff2,1,credit_card,2,210.61
f67f9e00c6535a03d484ba5bcd5227c9,1,boleto,1,103.36
bf73f313ea64d4593da0084e25f67044,1,boleto,1,63.11
"94c0774e80f38694744a5ae2bcc9e1aa",1,credit_card,1,223.37
"7747943a54b29512ff1101e3881e5df9",1,boleto,1,276.18
ddbcecddeac25c47d0e7fe54d81640fd,1,credit_card,1,50.35
"49e4c4907bdae7153ea492e2827fe5ab",1,credit_card,1,44.17
"4d9266a6417c11bd5a749b0e87301826",1,credit_card,8,621.07
"628287e102c84327f95402d4670434d2",3,voucher,1,9.01
"04f87887045aa20403546af3facb8ad1",1,credit_card,2,161.01
"94d184110abf5d80e6d1a37951556c61",1,boleto,1,72.00
"1a0b31f08d0d7e87935b819ede91a321",1,credit_card,1,51.35
af95d7a4f9643401325ec89b4f7f8afe,1,boleto,1,56.78
dab61751be110f17c309fed535523372,1,credit_card,1,295.36
"2ce76cebf99f85d0ab90dc021c02c59d",1,credit_card,1,115.36
"511da260161b881c22b3608bed0044e5",1,boleto,1,63.12
dcb69a3c1f97a14c7189a209c641f1ca,1,credit_card,1,93.28
"54444139e38a74e40f21503caf8d3ef5",1,credit_card,2,73.25
"2ec030d65d7742d4afb8df93dd86ba76",1,credit_card,1,105.04
"6ff77ab4a4fe200c8684302532f8e2e0",1,credit_card,1,145.56
aea187bff82a5ccd3eb79e80d75d238c,1,credit_card,7,75.46
"919dfcc9cd85179b6da8c06b39a29996",1,boleto,1,49.80
f434b139bcee21dfbf05fdb2db58ab44,1,credit_card,1,79.33
"001b76dd48a5b1eee3e87778daa40df8",1,credit_card,3,95.00
"61f7737ba3909f4de54672a122bb94ab",1,boleto,1,33.98
"470eed9d88c44139c5ebdef340974c3c",1,boleto,1,113.27
e1716f3b568b31f585d5c531d45612d7,1,credit_card,1,62.15
"59093e9d4ab91f46ff314e966e4268c1",1,credit_card,8,310.10
fed058642b519335c834d73b851e20d0,1,credit_card,10,159.30
cd5e56b5a3ac9bab0513602f1feb6d08,1,credit_card,1,293.36
"0d5d3777270af3ab88e1ad0e74c57e52",1,credit_card,8,158.74
"6d7195bd775441e75af3f52c8c73031f",1,credit_card,3,61.23
"76ce88e33d4fe9f50ad83539cd8fdb94",1,debit_card,1,52.25
f9a6e72c6b5a49a9aaa0a85b32adc581,1,credit_card,7,203.14
"9c8a5a65a01f4a42ddd7fe53ee525568",1,credit_card,5,158.56
eb2eb20abe0258707c152cc393dfcb16,1,credit_card,9,206.07
a0926696307e88c39cc2fc46ebc9cee4,1,credit_card,5,285.10
"9f9d2b35ac2defefacb5c123b82b2223",1,credit_card,10,334.80
"88f183200120ee67658ffac046c2c078",1,credit_card,1,26.18
bcc93ae5358fc8dbcbcb60fbcfff8f41,1,credit_card,4,43.13
c2a8cb0a8bf007dbb36ed1c3bda6aeae,1,boleto,1,48.09
"9bc4a96e4a1d676280d0f8ead78ceadf",1,boleto,1,112.35
"19423f200e948cc672a41ddbb4fb8c2f",1,credit_card,1,56.78
"08c8efb673039f24977bee37cb4ce21f",1,credit_card,3,57.59
b94d017913e0b697201de9ec22c23f46,1,boleto,1,115.20
a4d70f0aec6cb2f3918729c54bb38538,1,credit_card,5,66.18
"7ba5aa75c36b0fc349ba94b289d8adeb",1,credit_card,2,75.77
df2a380947167bc1d9d863cf7247713d,1,credit_card,1,86.87
"51d1ab11845cf149f0b42a66dcea1ac1",1,credit_card,2,44.35
"65b2eeb525259ca3e5e6028075d8aa23",1,debit_card,1,111.93
"5a6688af028a842e8a5eefbf4d752334",1,boleto,1,40.24
"6f0702d35ad394946ff1052b0c9f9667",1,credit_card,10,479.79
"257c6a3b68f7f459fa6818454d997e39",1,credit_card,1,71.99
eb662529b45921de69ee27ba4baefcac,1,boleto,1,63.29
ea8d7eb561a1c07f203cd9af8c59873b,1,credit_card,1,37.85
"4aa4c6a8e7b2646986b65117bf36e67f",1,credit_card,1,47.00
"910b6236c4771f905eeb252718b05b6e",1,voucher,1,65.59
"79ca165f6ef474ed0d3d2aee1ee1d095",1,credit_card,8,84.92
"93d3acc57bd28d53e25e2624c13c470d",1,boleto,1,67.83
c9fddd8d2730610e00bbcda3e79fdcca,1,credit_card,5,166.80
ceaa40707ccad8de8d4dab476a970483,1,credit_card,2,85.24
af68048a682392b0cc14f22a8eef5b7e,1,credit_card,3,65.87
"03ffce741877a000ca0fb3520673d4c4",1,credit_card,10,818.12
"4a5ae0241cc3b71a2ebeaafdac23168f",1,boleto,1,124.20
"4703fef754ddf8addbed5b7935e2f868",1,boleto,1,59.01
e04d4af0a4a1090bf68ccfee2dd809ef,1,credit_card,1,128.48
ef7c5d4791639dc1862b7bb3bacb3d48,1,credit_card,10,134.83
"6793b8d767d2608a93635c0657012443",1,credit_card,2,59.79
"18846e52fc8a87bb5f3e3b353940b320",1,credit_card,4,94.40
"04f2e760bb583d5d2f8b88e247d58d09",1,credit_card,1,12.97
"320a231a883ad030cfb2dead6f7bce85",1,boleto,1,127.92
"8258ee754942254bf787b58cfd650a73",1,boleto,1,37.77
"6a276c227b7bb9659f04c271e30d381d",1,credit_card,2,197.41
"816ccd9d21435796e8ffa9802b2a782f",4,voucher,1,27.92
"96908b69c6dfbc8e2c29c2a2142a93a1",1,boleto,1,70.61
"977af9e0fe9053598b4066559b247302",1,credit_card,1,243.89
"36740de778429748e1ff6077c7d85e5f",2,voucher,1,18.91
"78e38ba7bc74953eaff8343cc184b692",1,credit_card,2,137.99
"6744d76b253e71e06a89867248227b9c",1,credit_card,6,84.81
"55573ba9c7c0f45fc1c1b30bb498bbf6",1,credit_card,1,174.51
"7feef5128350d0b84c9b26309b475e8c",1,debit_card,1,145.12
"1779a7a77ac96ef5beebc0e30b9243cb",1,credit_card,2,176.33
"79ec99878595baada166992ed3b31ff9",1,credit_card,2,184.46
"564a38ee15a841a89a3e5c64fc8c0ce6",1,credit_card,8,127.22
"52c50c7534490a8391f8f6fd7115405a",1,boleto,1,412.42
ef0f71fb2f7a2abd24c7b7dd78907ea7,1,boleto,1,40.00
"52e6cb31e6d1cc5510759fc66b3a5385",1,credit_card,1,35.40
"46bccbbbcccb1a8afec60c3bcbd287b7",1,boleto,1,68.63
"50049a00b862d9b72dda26d6e7c38d6d",1,credit_card,1,28.03
"7d65ecd2eaff130dfa5beaec6aeb82d5",1,credit_card,1,150.28
bef79681fbe33b2789095e966c159563,2,voucher,1,62.30
e87c331d21a3fb3085079a9b32f4a56c,1,credit_card,3,221.59
e440f8fc256f028a44b7e88e390a7ac2,1,credit_card,3,81.89
fb845e7ec3f9c9eec92c1f2b163a7895,1,credit_card,7,172.52
dfb28e6c33c63302a23a2166674f1864,1,credit_card,2,151.18
b9f3d81dec070aef9c5771e70dc92db3,1,credit_card,5,76.69
"9305a270ca278682f9c01c69a3cdfd9a",1,credit_card,1,62.50
e9e55b29d529e773405084277bdf7659,3,voucher,1,23.02
"737c93fc3e93b56ba3055202da5b219a",1,boleto,1,130.73
a3431bc7bf0a892e229628e8b300912f,1,credit_card,2,42.52
"36102c60cdae5d6d01fd40b0b5db5857",1,credit_card,2,113.15
d3cefa3b994d2662eba354f826cd64a7,1,boleto,1,269.30
b979990724c0c6accce90ed2a7bb04e0,1,credit_card,1,17.29
"35bc592a16d6706d14d29f07ed1d13c1",1,credit_card,10,660.40
c583b6157fc73464387efe2ff82ee1a4,1,credit_card,1,53.73
"2d4795e6f5375a02fac5626d3b94d407",1,credit_card,4,179.24
f7181480c46ca65d102f4e43f01ee2d1,1,credit_card,1,95.59
a47209f5c19200ebf7bb28427db5fc1a,1,credit_card,6,138.74
a1471d3940933cabdf3944ff1c792e10,1,credit_card,1,91.26
"4c9de71242c212430ae070b7d2f837e7",1,credit_card,3,47.04
"727d1e48f072a26b71d59a5238160e63",1,credit_card,2,127.62
"928c456c589166bf1f6a77a4ec6a8165",1,voucher,1,65.06
"5ce15ec3d65174e3ebfd1d12ee096fb6",1,credit_card,3,70.52
ae447a66e51409933b4ca567ac6c8a48,1,credit_card,2,56.78
"20ed9112468e53910662943593702290",1,credit_card,4,116.94
"527f95bc978265984802f8ef4ed9dd51",3,voucher,1,21.95
"61fca91868781e2844bebf0ba3129950",1,credit_card,2,29.10
e69e2290db6b2d3b7593a40112e1a82a,1,boleto,1,126.67
"4645204bfe0435a74ce5ada0eb4458ae",1,voucher,1,27.60
"7beaa9cf684b466e527383b1ca40fe07",1,credit_card,6,339.55
"1e7bc4fa92ad71dd2603c7582ebeabf8",1,credit_card,5,53.22
"6a98404a0f7370f4922f570f83cd508f",1,boleto,1,40.85
"8c3d752c5c02227878fae49aeaddbfd7",1,credit_card,5,166.59
"5630c72b3ba2ffa31746a932d8867189",1,credit_card,9,91.88
"525e80907574dfabd0d59adfaa107f89",1,boleto,1,50.01
"4f0db42a25e38b5376a4e33b5cd42687",1,credit_card,1,122.02
"8e350e1e4254bd7c68913b98bde7d3a7",1,credit_card,6,210.56
"44e7fe65fc17f2be51cf831609788a73",1,credit_card,3,95.40
f535aa868b3671ad61668d0f6cd3a5dc,1,credit_card,3,185.63
e4825515f8ef501b2887a2ad0685621a,1,credit_card,1,0.70
a9f5f4fb236732250fc0b959e3a4b96e,1,credit_card,1,76.95
fc1b451bcd04f122c92cae4e31a12eae,1,credit_card,1,162.85
bcafa3b6425a9c7aaa008f3a9678d46e,1,credit_card,4,48.22
f57b4fe233109844dc3289389c590931,1,credit_card,8,139.37
"5c87f97c103f08f9cd977b07384a3fd3",1,credit_card,1,25.71
"48b126710532d052800a89a6131d40f3",1,credit_card,2,84.54
a2d61fcc6a85b2662e5ba230a206dd72,1,credit_card,4,98.02
ddbd18a3c587a447c80279ce230170f8,1,credit_card,1,204.07
b645d720bd6caa9606b492b81c3f537b,1,credit_card,3,104.56
f04479bb4e07ce7b8ac1d2287b528541,1,credit_card,8,147.99
fecd2391540ed4dd35db71f1af87f03e,1,credit_card,1,98.72
"9f75129c51ff03123ac09719ab6fd2a7",1,credit_card,3,178.27
"0b517c01a5b46fd3e16b389ea6f4ad3a",2,voucher,1,52.71
"07b8c9805a09c2feacc0864c00ec244e",1,credit_card,10,160.17
a80ae3246c6abb0feb814b27027266fa,1,boleto,1,38.22
"3331dbfe6f55503bd3b962d95445ac7f",1,credit_card,1,73.26
"54c77052884ae590135acfe304034a61",1,credit_card,3,39.63
e63271442e778d83ae9868408c1028e7,1,credit_card,2,611.81
"261e56a43de07e1b1bc9e8615c8e8aa9",1,boleto,1,87.01
"7c43fe101fb4d918fdde27a9d5c1a55d",1,boleto,1,273.65
fe3ca9765d6e5b105da173688a12974f,1,credit_card,1,65.67
"10d5a1a31235b677b2d8856b22ba79fa",1,credit_card,6,163.65
"115a21a6b20efa52b4f92b81bfe0ef62",1,credit_card,4,206.87
af9b17f2f1dfb02d55825bd0d7870d0a,1,voucher,1,49.41
"8d5522903eb78728024e688cd6ee9dbf",1,boleto,1,81.89
"0f93c58739ea2f69d93afa96a7a07855",1,credit_card,1,218.24
d310b23f08b0bb0fc0f040a5b6b285bc,1,credit_card,5,262.94
caa9ea8230c1a21750f938c306e730c7,2,voucher,1,27.80
f3381b1e6c37c70f2b3c9d211b166412,1,boleto,1,108.77
e3a851896a5960f36443bee36f006936,1,credit_card,3,149.26
"55d9bfb1379b4c4821e91dfebac30e32",1,credit_card,1,67.73
ca77a77fa11ce045321673afb2743d83,1,credit_card,3,165.81
ff3d961f941d0784936dbe5da739575e,1,credit_card,2,144.06
bc47e570a3968e7584d8b987f51ce04a,1,credit_card,3,68.00
bc52ee2d28a015510123067432c70c17,1,credit_card,3,157.28
"8842bee3797d9ac30486e0b26f5a9756",1,boleto,1,139.17
"46539a2a7ba12ec60ad78ead51805b26",1,boleto,1,38.23
"486b47061ec8cb9d23cda4e69b20ecd2",1,credit_card,6,151.70
"6925682cc441a2514cd15f7f17ece7b2",1,credit_card,4,686.02
"498e4c5508b686018306d8d363bc9d18",1,boleto,1,182.85
be898fe8e3213cd0d57464c0b1284b99,1,credit_card,6,619.65
"432b5f7e5eb54872aace60c4313c52d8",1,credit_card,2,158.53
"4f2ed03887c7e9a4c420d897e077c172",1,credit_card,3,37.09
a1f3e74249308258ba4eb2c22902d995,1,credit_card,1,142.68
"26f48bf7cbe8a240db0273cdcfaba9b2",1,credit_card,9,90.67
d581955a73c95a699d134ef77bf6b768,1,credit_card,10,327.05
d7db188906a24b4ae6a02dc37693752c,1,boleto,1,463.53
"701ddcb0eab1d32958b3638a5e8c4e97",7,voucher,1,3.08
b270827d91e9cf4071600f8ec3dbbebd,1,credit_card,2,139.09
aac3c51b49db3aec97b0a15c9fa64ac4,1,credit_card,2,618.75
"87b8791f9f3b6cbe168d5109a98766e6",2,voucher,1,198.37
"2e318792ba96e5cfa5b52739226398ef",1,boleto,1,340.10
fa79d81a2b6991398dfaa1bc61b586f3,1,credit_card,5,54.47
a1af1d0338e14f7d900db898b5688c97,1,credit_card,5,55.01
"58ab53aab8ecabe6b411fa69f97b8be9",1,credit_card,10,1040.55
"8cbffbe81b61eeb7a472f618013b69f6",1,boleto,1,44.09
"1d21d12aea4b6b1a7debf1e5e5604734",1,credit_card,1,40.05
da9fa9ec3c77fa353f8eb20146bc9d6d,1,credit_card,1,23.54
"3ee62ebf18aabbf553dfaa8dc35264f0",1,credit_card,2,131.12
"027286057add812ecb77ad0b23604c06",1,credit_card,3,172.84
"54a845f5cc0d3691277e4adfebd4a5bf",1,boleto,1,66.01
c6b0cd5c0d74a8a96dfa152ec3159de4,1,credit_card,2,327.92
"1bcc358683121573025279427dacc764",1,credit_card,3,120.44
ab64c36dcdcc73e28c565187f757e3b0,1,credit_card,10,213.38
"6af34422605e4c1a3e73fe06c5deef22",1,credit_card,5,60.69
"8c98ef4533089f5c372b7c3ae3b53851",1,boleto,1,173.59
c02f449466eb42e245b4ec9287aeb987,1,boleto,1,54.53
a4d63c74eb133a700461000c2e8df158,1,credit_card,4,93.31
e34701c5837aa96777ab266393a51537,1,credit_card,10,223.66
"1751f4e14a08d5188324c3a04175f76f",1,credit_card,1,118.49
"28d287f25c6e6f49bdf6c90d4bbc2076",1,credit_card,3,182.91
fd83748fe6056c1759777f41c19a742a,1,credit_card,1,45.30
"8ce80fc6b88ff67ab9506b08ba95f300",1,credit_card,4,60.52
f50e6fe960b68d2b8510cc0cef8ed8dc,1,credit_card,8,192.50
a3e866227b2e2569279dc36cbab3944b,1,credit_card,7,74.07
c7a5d101d4b6ed70eacc97c78158eadd,1,boleto,1,124.52
cbe7720057164f59152cf8d2baab0722,1,credit_card,3,252.07
d32642f6d232b67e805b482eb0beae4f,1,credit_card,1,19.64
f49641d770ece70998b7b5ac891b3cd4,1,credit_card,3,193.80
"450ea5c07dd87f517ff23f670618706f",1,credit_card,3,672.40
"4cf09d9e5ebbe0f91ddd7bf9aae891cd",1,boleto,1,390.90
"8ba3f3a9292fbc22a8b7dff752bbcd37",3,voucher,1,20.00
"1583de3d51014f31277a5ba28511c32e",1,credit_card,1,134.21
"6ff14c785c89530b9a33206e62253d05",1,credit_card,8,236.70
"836c4448e4e7feeabbc693eb1bc129e2",1,credit_card,2,122.27
"71b63cb24c0cdeeb5604ab4b0e891c87",1,credit_card,2,132.83
"7a0065369b3ed54a8561db3aaf29965d",1,credit_card,6,66.53
"4cecffb90b6d7da8034c59c80ac60086",2,voucher,1,49.52
"8263c0100d43d23c390ca0c972e63b25",1,credit_card,7,79.20
"186e07e37d4253c4aaab5f2aa0cf4136",2,voucher,1,13.84
"777b4b0b8467866361a717d277ef1b1f",1,credit_card,3,94.52
"03c939fd7fd3b38f8485a0f95798f1f6",1,voucher,1,42.11
"3f708b582c7040dabf08966da9400649",1,credit_card,9,221.94
b7db45f8be850ed08d9790e874772966,2,voucher,1,172.28
"421266486e0fff23de13b5302127280e",1,boleto,1,118.17
"67f6f18e0c687b98fa78c479f2a351f6",1,credit_card,1,47.69
"9d022e549f07ff2c4cfc5401f252f59d",1,credit_card,1,67.34
"4ec97b4065c679e4f09cc6eb9110045d",1,credit_card,10,219.63
d17947404867cce6855f46c66dd71988,1,credit_card,8,464.55
"73c0fc13039b78072f6504565ebe2693",1,credit_card,3,70.12
ca6475db54a7830e664bd059746b144b,1,credit_card,8,85.24
"17eef98a45132ca576588788ed401b96",1,credit_card,2,78.60
"82494202b66a95f0b6298e21f88b95ad",1,credit_card,1,85.49
"9802c8064442c734074a7b608505a3f8",1,credit_card,4,228.12
"7fec39266beac625517d8f68a00912eb",1,credit_card,3,45.00
"4c6f0636c0c9ee094350e2ed1884c068",1,credit_card,1,68.00
"9f8a784a4565b08782de30ee2f76935d",1,boleto,1,83.51
bac1117353bfc077a092eb57e24419cc,1,boleto,1,359.60
da2cc97da753fb9c1879a123c6b522f0,1,credit_card,2,108.56
"3c87c321032c0aad76143340499b6b55",1,boleto,1,689.19
"77fe12305bf8924a5cce7caf4bee2c4c",1,boleto,1,67.27
cf4cf05c524fb96eeedceab1be8bf4ad,1,credit_card,1,65.71
"7be3a5089c1dc43a6943bfb89a249b8c",1,credit_card,10,971.03
"49fa1c392707716cd5d12cc1c7c65c15",1,credit_card,1,260.64
"9f7b176cfbef1c9773aa351fa964e124",1,credit_card,4,102.02
eddcd0974bcd773f5734decebf0225a4,1,credit_card,1,128.89
"6686e93efe206ed03777981a67e8c1db",1,credit_card,2,195.39
"5c7d0a72d5ce2ffc03f4a86238abcd9d",1,voucher,1,257.79
"6a163a5da50d7a062335b70a8108a68b",1,credit_card,2,108.37
aae20f94697409584dc57072f8a64d3b,1,credit_card,7,102.01
"423000c9a3d2d87b594ab701c1c9b944",1,credit_card,1,54.09
a1c10d4db407a2410fab2bb47c013f23,1,credit_card,1,105.30
c23e9a555c327fa1d60893394aae9e9e,1,credit_card,2,173.53
eedfdd1e4ef97bae3bc2a49f06e3016b,1,credit_card,1,50.10
c185967262e6222ac9a864b18647ebc9,1,credit_card,1,82.22
"2feeb978d52b202f87c0237fd2564f19",1,credit_card,4,365.10
"5a93cebb38f427b7931b20739631c9fa",1,credit_card,10,137.99
"5235298169aca42202c801a309b63c37",1,credit_card,1,173.62
"6ccb433e00daae1283ccc956189c82ae",4,voucher,1,0.00
a3b5d696f2dc3df83942f644beb879da,1,boleto,1,82.98
"610cf84bb1c6bb3ca1d32ee570a5f89a",1,boleto,1,64.10
"8ed04b54dcdfc2f9daeafb5aa0411644",1,credit_card,10,312.44
d11fc5b9e5bf7a0c4ce41b04a59f0154,1,credit_card,6,353.30
"3da7fcd2d00d6f81453fba8a93e079c5",1,credit_card,2,88.90
"5c07b7c36b41a0b6a841fa9a8bd26ca7",1,credit_card,10,150.39
"8f723b9103b44257ac35a1e9b9e49fbf",1,debit_card,1,123.85
e7dfe42bb50a6acce37e168e44260a51,1,credit_card,1,41.09
"694630e7a7713c116a9b7f0ba3377382",1,boleto,1,121.68
"2d8e4baffe6056f0800c1d99f2960384",1,credit_card,10,396.63
"176e0d39e50430555a62ad6d1bb9c25b",1,credit_card,1,59.41
"9d213668c4ebe6456b23732ecb5e3dd0",1,credit_card,1,65.19
"5e5d6b5f5e7801991be4d2299bfa37eb",1,credit_card,1,239.35
ba6a0a51f6852a4e562acc5feb6ca75e,1,debit_card,1,40.27
"8d60c8a11e4eefd1b431f3c126e0b3c4",1,credit_card,1,109.50
fc80ec53e727cdf78992749b30d5af3a,1,credit_card,10,592.42
cbb7f51e60703b11747df0c449934468,1,credit_card,10,207.66
"86c25bbc1d16736365d6e747e71695f0",3,voucher,1,127.55
a3f77b12916a4990f41ebed970bcdb92,1,credit_card,3,152.17
b2501eb5c292d415f52576b3d4b5de74,1,boleto,1,75.53
ac3bbb3fc408398a21fd798ff938c129,1,credit_card,1,43.41
a917fd220ca94e02920dba0ceb656a74,2,voucher,1,14.49
"3e969ee3b96e0dfbc5541bb80591597b",1,credit_card,1,15.89
ef0bfeea98c53b5b6fc4d39a7eeae081,1,credit_card,1,32.38
"748ccedb4212cac72eb13001aa236a1b",1,credit_card,3,87.86
"658d582168e73d5670b4aad338c16d1b",1,credit_card,1,57.22
ad9008d69a2c494944f2dedcb83efa56,1,credit_card,3,70.43
"2fcae632b06e40088d1800fc1cfc3e69",1,credit_card,1,28.28
"468aecdb830aefb386337516a5edaa71",1,credit_card,2,112.27
"9f47e04f95b2bba1442d5bbf0611733e",1,credit_card,6,66.79
d567c76cfa5212048dd3be0f0595b358,1,credit_card,9,91.48
"09944d214dbe0d92666178941a674632",1,credit_card,4,226.24
"79632fd4663d3f0ff7dee9ac7a31a43a",1,credit_card,3,92.20
e4843f518acd76cc4c3bf8731b18f57f,1,boleto,1,45.09
"2f29cfa739331301e37ea8e0cc5c863f",1,credit_card,4,58.64
c6f2bb89d71562fe3ce462309140cb5e,1,credit_card,6,193.37
a14753060efdf9e9c67f8449ba80ccdf,1,credit_card,15,221.66
f309544e0fa881330c466bff31564da2,1,credit_card,7,357.58
"11fc45612392482891635d05c69756ba",1,credit_card,2,171.00
"7d0a0773edc4bdca0ef6ab55777718a7",1,boleto,1,106.95
"2ec8ddbfe88a339d911208a26f6a8ad5",3,voucher,1,20.00
"1901945d048ddbc33ff8415524c892c8",1,credit_card,1,117.07
"220ecdab5fbfc0828024fa22d8a9acb2",1,boleto,1,71.91
"2d7c53f72873bc693d040a48c3f2b5e1",1,credit_card,5,121.40
f0bf41cba5c2794ccebd7ab9a6abc27d,1,credit_card,1,48.62
"7d4cd6551d37acb74e50b3acf0ea3b07",1,credit_card,2,50.43
d2fd6afcbebfee356931bf32f9f67e0f,1,credit_card,1,64.10
"865eeebc1cf8c4134e81028fbf1b12b8",1,credit_card,5,57.99
"0d4947e726ae3959a6cc28979ab632a2",1,credit_card,1,34.80
eb16480bd94a5fbe4e96614791306ec6,1,credit_card,1,38.01
"5d868f579ff25e147017e5d507314d20",1,credit_card,8,312.38
"8d2ca1078f464825b9e902aaa37e0683",1,credit_card,2,119.32
"777e12368d3bb5d1b085cdbc60c6f910",1,credit_card,1,33.23
"55ef70439e782ff2c553a03782800960",1,boleto,1,39.00
b5eb3252f8e5ded7044d176ed49e2ecb,1,credit_card,10,468.69
de997de62f053c73ff6c2dea94b124f7,1,credit_card,2,192.98
b5d7803c645bb1272fbac9a45a43b1d2,1,credit_card,6,128.71
"539087d16a54354cfd81aabbedbd7f63",1,credit_card,10,128.29
"334ea0d577d6491e3b5ea4b5fdc76a75",1,credit_card,2,47.43
"7ee85d0975cba23862989df84a6e13f0",1,boleto,1,228.21
"9b8f3948f0476494b86f7785f7c1e848",1,credit_card,2,124.56
"66994eeab784295199193619ce33b765",1,credit_card,1,38.63
"2f5860ef509cf4e68e48e91541613cf0",1,credit_card,2,28.23
"294b1c5de37c3a34f912d69702e42c67",1,voucher,1,44.29
"256c2127e05b924a7cbf69f95e3c4830",1,boleto,1,24.88
add546d4d3ce43710bba09276bbe07e2,1,credit_card,1,107.47
"950751565654ebfd1a4665d3c818e694",1,credit_card,2,55.00
"015dd4d6681d1d15c0afebef64a0a092",1,credit_card,1,121.87
cc18507fa6f7e2becd46712b03d1f51c,1,credit_card,1,85.57
"0036757472ece3dde52fd4bfd929c90e",1,debit_card,1,203.03
baf84f7968a36e1c25ec1794330d5cbf,1,credit_card,1,63.23
"5958ed39b1c52e9a1f4a4cbfcfcc6506",1,credit_card,1,107.93
"7237d14c846f1436c907372891468fd2",1,credit_card,1,75.20
"461873d21418f4a79f9c7d6d8a866a0a",2,voucher,1,150.00
ebc00d28934c1edd775b307bf5cff160,1,boleto,1,30.10
"4686d89136b2dd26794d394cbbef8968",1,credit_card,4,83.32
e2d9b6b72021d68424666cb969d6f56a,1,credit_card,4,82.73
c7510fe2bce3ab54854dc588ce4d187c,1,credit_card,4,220.12
e78664f2a1feab812e748b0d19162c46,1,boleto,1,38.17
"5dfc09b12e05c4364cd6534f29844dc2",1,credit_card,3,192.55
"301f542650857f1460bdf2c3ba014fe0",1,credit_card,3,149.71
"77aecc9798d57db2f5a83579783cdec7",1,credit_card,2,110.18
"69aa7c6140efd63150254b0fb1340fc9",1,credit_card,3,195.54
b769eb33d511dc1b52b8c6d45522a101,1,credit_card,1,127.17
"2b7e04dafad49a3e4eb2ee14ad07485a",1,credit_card,4,51.39
"7e2dddf174cc4d2768bf39c43ab2bd7a",1,credit_card,1,159.35
"960f1dc42251b4fdfa41d260f5c8e3cf",1,credit_card,2,114.90
"8be1dd0fb923fea4a685f47cbad9e81a",1,credit_card,8,352.34
"87cbf7ffbc8a1c96b554c759e6a6f5b0",1,credit_card,8,407.02
b4e819d2c22097406ce41f19df19d9a1,1,debit_card,1,93.83
"6233c53ce8bfd732fc643c0443741c5b",1,credit_card,2,32.37
"480a3cf22a0de15e7eea10a10ff49f8a",1,boleto,1,89.36
"14f7bafd9b5d355e835602d9026e56e3",1,credit_card,4,116.50
e75a7233bc67f958969f8c0cc950b999,1,credit_card,1,89.54
"939e85580cc5404abd2ba9df25330fb8",1,credit_card,4,57.20
e0bb8d950282b26db2d1090b296244fe,1,credit_card,3,32.00
cecad90bcb7f2d198f1c2e5087d070ee,1,boleto,1,129.14
"08eef0ee40e395cb547563fc31ab1bd7",1,credit_card,5,98.79
"8a06dcad5b81645436b75c0074d041dd",1,credit_card,9,97.55
"4137fd6f4e14b76a3a0c9ad52bcd5e8e",1,credit_card,1,92.87
e2517c46af17605588f75af07711020e,1,credit_card,2,122.53
"8a35c08994c840d30994c8c915bfff3d",1,credit_card,1,77.24
bf237ea364c3113c48cb2815b7bbe2c9,1,credit_card,4,85.52
"39d340d25b904393423407b7b5ed5030",1,credit_card,5,57.49
f09126bf1e12e8ed060f26f510be949f,1,credit_card,1,89.10
"7e55ef94fac22db04217abf106e9758a",1,boleto,1,64.22
dabf2b0e35b423f94618bf965fcb7514,1,credit_card,2,140.22
"9a3adeb47e7d9f58c6d32d1cf2fb118a",1,credit_card,6,81.89
"2f16a08a008440d69c339763a4024226",1,credit_card,4,55.18
"4d0b1ea51ea051ef9f4765df8148c0cd",1,boleto,1,156.39
b2b9d8d0e06e619181a4436475ca7943,1,boleto,1,238.78
"7ae71abc97f94b456e51ef1227164c79",1,credit_card,7,115.32
d4acee3ee57cea5cac8b23fadcabbeda,1,credit_card,3,54.39
"3fe3d1ba41519dd81c6d6ebde0c8801b",1,credit_card,3,35.00
b40923df3f882c691f7906a3cff8ae23,1,boleto,1,67.50
cd323a618a599ad1cedaeb75d1d5b8fd,1,credit_card,6,155.63
"844bfdffbe80e8ac61135bc633f2dce1",1,credit_card,5,78.42
"56fe40ecc356cf04f67dc6c69f010ddd",1,credit_card,1,659.15
"0a0f50037a1e1b7c239ac621dbd8a03e",1,boleto,1,38.38
"556b30ae47829a82927b5dff9ca2ba65",1,credit_card,1,78.88
bdaa94a07026daf1f4f152151b223588,1,credit_card,5,168.29
"854d6cba56286c80ffabfa9883d35006",1,credit_card,1,277.44
"2ae1a1178ebaf2ed27989112cf9f4a2d",1,credit_card,2,266.40
"56a5ec0d1965b1640462b08e95f028d7",1,credit_card,1,95.67
c92ecf9767da32336098465a0c84e432,1,credit_card,5,285.76
b80e879030f825a648abffe9d993ff6a,1,credit_card,10,215.14
d1139f6bff6d301aca5bed7bfe9e7574,1,credit_card,1,61.47
"5e651ab6dacf51fcbe51f3aaf84f0368",1,credit_card,1,203.97
c255d417bffb18b3c55955e368d2da81,1,credit_card,1,29.78
"2833a1c17a4948451b9931c440440fc5",1,credit_card,3,293.61
"8378137868c479b948c8712cac81f79d",1,credit_card,4,219.63
"2805499c211b52dfc1e64a1349ef45e2",1,credit_card,4,49.09
c8dee79811750611b390fe9501b1c543,1,credit_card,5,51.74
"58c5215132c75e7d8226faaf2fab73a2",1,credit_card,10,1414.70
"7cbb15d12a1bb13fde596f305857b22e",1,credit_card,3,32.38
f43f30b7f0ab764f863d9340e06c3f25,1,credit_card,4,134.71
"20d048f3efacdd8763fa0ede14313a6d",1,credit_card,1,57.29
d52140bee663636aa4f6057e50bc06a3,1,credit_card,3,147.28
"4e0ccea311c162528052ed36f82cfd9c",1,boleto,1,218.01
"2fd0c89b7b2becc09655a9e060a885bd",1,credit_card,2,111.88
"08cef746691fa27e23fe2c32a02c0e21",1,debit_card,1,381.88
ae0a032bd44efed5c2be566ef162d694,1,boleto,1,87.13
"275322de6426ec5071b219b77fba6a65",1,voucher,1,48.95
"29bf476a5068eca4bb2d21bdb684a737",1,credit_card,2,138.72
d6b40eecfed664621ea3e0076d2a58aa,1,boleto,1,41.71
cf10c2cc2d07f815b507376cefcc7a01,1,credit_card,1,25.68
"9db4c3ce35bd9bdf6b8eb62c68eb4415",1,credit_card,8,213.00
"8b834cd52afbdf1c2837ce5b7e9c6f21",1,boleto,1,462.30
"321449a02a8bb4029e39f54fe306be0b",1,credit_card,3,164.01
"4069c489933782af79afcd3a0e4d693c",7,voucher,1,15.84
"5b9a7fae2bc9ceadc539d174314bd4a7",1,credit_card,1,66.78
"58cb19858693389b8a5070ce73daa04c",1,credit_card,3,58.16
c23118f80a11f1fe5147253748fc761e,1,credit_card,1,132.01
c314dee9e9d49560087a6ccb64ea5850,1,credit_card,1,110.46
f442020e13b718d40746ce039d97b4c2,1,credit_card,6,180.91
ac78dbdaa55c30dbfb7eea9beaf31b81,1,credit_card,6,121.79
b2385a6b96543064201c7f066a2b9b56,1,credit_card,10,106.44
d4bf4c2cae2256d8e92b6ec8f1fd248b,1,credit_card,8,81.72
"409e4a6eadbdc33f16ccf0bda01eec1f",1,boleto,1,195.92
"3f7aea4e3cecef996bd62713fbf8712b",1,credit_card,1,25.00
"24c8003803586c800fe8645143192241",1,credit_card,4,249.52
"92a1a84ebae5713509b7ccdef77a89cf",1,credit_card,5,228.30
"2dd47667ab3bec7cff8e8a49bad5224d",1,credit_card,5,193.82
afcbcc62e1ddbcad592c172eb3e409cb,1,boleto,1,181.46
c4fcb1aaed780b8c213652b55617ce14,1,credit_card,8,358.04
dd028c5dfd0ae2d44370c0fc1ca82e19,1,credit_card,4,116.94
fc06766875a10376c5a1f0b4c0320dac,1,credit_card,2,108.69
e061acbc3114d57440a7250db18b4e0a,1,credit_card,6,605.82
"9ae0dde43abc889af3f66f1408bd49fe",1,boleto,1,212.09
bd3137fd711a2c0ff1765bafbae489a8,1,credit_card,1,686.00
"526147ccc6d06def7a933904c19058c8",1,credit_card,2,82.33
"21b2387b9fb6ecefaad3713e09e067ea",1,credit_card,4,87.30
"6829390c4a5d4739d067ac8ee4828d8e",1,boleto,1,143.14
cd718ff08da2d61cb462de44ae33bc56,1,credit_card,6,118.92
fb1e54ec77d42cc140f67895fd2c8d8a,1,credit_card,1,52.68
"044223df7cb37509bfeb2a0df1250ca4",1,credit_card,6,136.30
bd76688da0406f5c377080cc43888b5e,1,credit_card,1,115.94
"25bcb5644535c6bacdc1b64cd1a9dab0",1,credit_card,3,325.58
ea9215d79709bb4917f0d0976eb91d17,1,credit_card,1,95.34
b6424e8ce7a66029b94b1221473c995c,1,credit_card,4,67.83
b6ab1ce66f41dbbd8e998bfb0eab8bd5,1,credit_card,10,152.21
"358f2c82a4ceca74fc047a5f9f16257d",1,credit_card,3,39.86
"67519e1fe10bb3e4a5b416a24f846f8e",1,credit_card,1,27.75
"29a644536f583fb95f772df6031b0057",1,boleto,1,22.36
c61f24b4d04a247a7b8f182d3bdb7e18,1,credit_card,1,248.02
ad752dccdfda84b21aeceed3c6477654,1,credit_card,1,108.21
"011af0959ebf2b09a062867811dc63b5",1,credit_card,3,74.16
"8beb59392e21af5eb9547ae1a9938d06",1,credit_card,5,111.22
cb8db0e01a5a66dedda64100960904f3,1,credit_card,4,216.05
"7f1a619240cf71f520b13b660753f8c7",1,credit_card,8,777.68
"121dbde7d88c82adc886e26b28552ef7",1,credit_card,2,114.25
d24117f4f6ccc709599d299ac2a9f46e,1,credit_card,1,81.70
a77c9550c32e540e8798334f832b522a,1,credit_card,1,57.68
"7bb854599c1f0c6bc0fc1dfd8a49e244",1,credit_card,4,651.73
"8eced972d00b63def0bbacb928d0a52c",1,credit_card,1,48.54
"05af503aea07ddc5530506f2c349756f",1,credit_card,1,36.22
"791ecfcf358d8482338314a266c01fc4",1,credit_card,1,96.03
"8ae0da24fb052b94dbf0d5c1527cda13",1,credit_card,1,44.66
"40c520349458bcec0ceb7a06f6061a25",1,credit_card,1,105.41
b4cafb8fabcef776ee4b1108769b47ae,1,credit_card,1,65.78
"3af9281b481b20ca510841d14e7e3138",1,boleto,1,419.00
c6b6299c09e64ae50abb6de38ab93a51,1,credit_card,3,45.86
"46221a9cc394119ee2251ed0351173d9",1,credit_card,1,27.75
"3b3f7687e938ba0e58002a3640110a8a",1,credit_card,1,67.20
dc3adcf742779e0c8eb5bd587ed4ec57,1,credit_card,6,727.58
ad18dd9246cad2f3e5f862857d1379be,1,boleto,1,33.99
"5eb2d78f174daa47e90249a44e033aca",1,credit_card,1,30.40
bb39531a5274b1368bc8c50fc681baaa,1,credit_card,8,207.17
eb61a98487395d9b7a135acd3d6905a5,1,credit_card,2,65.00
"0340d758cc0da066316cbc55fb7f7596",1,boleto,1,206.68
d9547df3c08b9a1d75ac31317de05c25,1,credit_card,3,36.10
"068e67bb959e282e8d5a3191c5e130ab",1,credit_card,6,86.15
"9013af48700a7fbe4c74378aa6d08ba8",1,credit_card,1,37.62
"23c30e04ef6b799d105781208f6bddd5",1,credit_card,1,57.69
c4ff30289b48ee374152a8c534ee686e,1,credit_card,5,63.54
"0f29bafaaa77f4548165215b66bd97e4",1,credit_card,10,491.97
"899b8d92e1bdaece69745ffcc3c47d08",1,credit_card,8,285.72
"902415af941f8c73f57aad8f19ee3173",1,boleto,1,37.78
"03b9f7dff4b5e742b0593472f28ee9b0",1,credit_card,3,64.00
a532c4a850449b1f08cbc448e2a2568f,1,boleto,1,49.86
d1bae3aba9294d4d0cb1141637b50f07,1,credit_card,2,166.80
"984113eb4e16cb43f949afb74298dac8",1,credit_card,1,144.56
e93b6da343b631fcee3f53e6182d96d8,1,credit_card,2,56.69
e0aadee588e476e3a004e56c8fc3c645,1,credit_card,1,1101.51
"23726774d1a868c3e1b13c0fa85d1308",1,credit_card,2,211.12
a73bd3df7636cc65bc93f7a84d0ffb7f,1,boleto,1,29.77
"02623e799dcc1e41066ddfe4af591f24",1,credit_card,3,68.11
"21d5a8c3c47b36c7e6a5d06cd1a89087",1,credit_card,10,490.02
"84b8ba39037606b7b30a39d02e9e4154",1,credit_card,1,414.97
"4ba11c42df14ce7bc9c996b10f0a2f52",1,credit_card,10,231.18
"295ad751198b4f1a2651400773795227",1,credit_card,4,87.71
"42cf52638c4c3e8d85390b79d1bf7998",1,boleto,1,204.71
c02f1c85742b8acbc1c02a8d7e6d71dd,1,credit_card,6,69.94
"890808772a9033ae8c53ca09ef4d95a7",1,credit_card,1,92.26
b1df036dc7d09224799cc86971761374,1,boleto,1,39.59
"0adf68e8a310f18fc7e75cffa60901b2",1,credit_card,2,35.45
d97670cc7c039da62e3bf444647fb307,1,credit_card,2,98.83
"77753877bc8a33a740fcfdd1c93a6a83",1,boleto,1,139.09
"14ca875b00d9cb1dccb7149f17a31fdc",1,credit_card,2,51.96
fe61e92ff4a1b045c69b89b72e42643c,1,credit_card,10,208.07
"9d9f932c7a747d08ec9b2c5e3e0ffa84",1,boleto,1,324.87
"537690295b4d85739ba8cbf72ece30b6",1,boleto,1,87.81
"6448b940e7bdf635ae69dca1b81077bc",1,credit_card,2,65.00
fbda1cc83fef326394fae4d634d0402a,1,credit_card,1,47.11
"6beaeac28bfa1ae5265ecfe29c71ccdf",1,credit_card,3,39.79
"892bc6b7b20e6f3955f2c64cfacac80f",1,credit_card,1,1.51
"1fbe0504bb91684a36cb3bc56b4f0171",1,boleto,1,85.81
a9083ea133304692d6ef21706d3a7df6,1,credit_card,1,173.25
e3a456432c2847da83a3cfb4fa72d9db,1,credit_card,1,38.72
"1c01cd54510efa1db113ee8354518f20",1,credit_card,1,46.78
"2b6d1ff8e68170b9ff0b3267c3ae9e72",1,credit_card,1,78.20
c277dea251cfd74bf121060769a7135a,1,credit_card,2,67.18
"628e083cb05929c84163ae8b63c4c018",1,credit_card,2,281.30
"952b0fbb4e6916733377e53f96398051",1,credit_card,3,243.31
"5572d7f32284f0040862f8948d5a20f8",1,credit_card,1,246.83
"70c0f518419924f19c9878c5b40a185b",1,boleto,1,70.89
aaf8bab1b669bb91ff3ebc7396d45ce4,1,credit_card,4,198.57
f16599b98c62d8e9ee08de8c41bed3d1,1,boleto,1,59.01
"905c3d04fa7c2003ae6931a5ab967ad1",1,boleto,1,78.90
"0eca887c933337f93c861dd445390720",1,credit_card,5,200.21
e4332fcdfe53c13a7ac6feff6e31b6b2,1,voucher,1,39.69
"5759a07ad897af5017002314211af1ee",1,credit_card,2,28.23
bfd287ec712ec9ad5debe07d10399fb2,1,credit_card,2,100.47
"58f78889d519f0f0e53677426ce13bb2",1,credit_card,4,634.83
c8680b1e9f88c585cdc2d029d5b1e90d,1,boleto,1,56.80
dca8882f789c3caa5ae444cd8cdd1cff,1,credit_card,1,57.46
c6af04c6a72b5d587a620ad29c41dcad,1,boleto,1,1714.02
"2b229d21bf1fdfaf9e0ff6d8799303d5",1,boleto,1,51.27
"91cad3260fc3d7cb677fe27010618ab1",1,credit_card,2,62.98
"21c9e1884faf91f5fc65224d92b2ef83",1,credit_card,5,108.44
dd3346a58fc7d6db3cb6f403c325ead9,1,credit_card,2,198.80
"6f6fcc1b3ef20cf889f9ecccc5d9379d",1,credit_card,2,109.89
"597233a841339cc9249ce67709f68574",1,credit_card,6,193.32
e151e57b4f9e794ebddd2ac390d0ba99,1,credit_card,3,436.68
"2170f9fac08a48aed1fc0b09c13b483b",1,credit_card,5,64.82
"2e8de999929cf628d91b5a78fb7c71de",1,credit_card,2,101.16
"5a72aaf4a78a5e2b0ba132b0e9c21fb1",1,credit_card,3,39.10
"707ecac4537ba4d942b035e0377e56e4",1,credit_card,3,79.14
"90daf8a4be0209f5561c754e9461925f",1,credit_card,10,204.96
"5e1c7d900683c3752dcb5908d72eed78",1,credit_card,2,61.77
ee001aa82afcebbc4d2cdc1214cf276b,1,credit_card,1,20.68
b00bc9aa349637ff735625300d040f51,1,boleto,1,23.77
b370e2d776f17cc50260493b2ae2d4fb,1,credit_card,10,1097.70
"4212c4acae39b267aabc4696d873cbcf",2,voucher,1,12.87
d687704e16072248fd77450d3d4b70d6,1,credit_card,2,44.83
c08207456235b73fe23b3f65986d6856,1,boleto,1,246.84
"21cd0af59d306fa46a923c811618e3be",1,credit_card,3,83.98
ff20ee702706d9e407a34de9fe2ff768,1,credit_card,6,132.10
"9ee4d099f38e890ac389c977ec066c67",1,credit_card,1,225.21
"149e467b7d8c16156fa0810e8b4e1e8a",1,credit_card,3,127.42
"97b1082dbd479f678e3eda517490413c",1,credit_card,1,77.57
"21df2b96ea32eb3b985c7c87a398b8d0",1,credit_card,2,29.22
e3c93a72c954974ce7fb82a5f97d8b89,1,credit_card,1,48.96
"398906d8d8773226777eeb90031d7f90",1,credit_card,3,212.80
"6a77d42bc7b71e63ef4a9209e2a3ce74",1,credit_card,9,262.60
"8a8d4a399c6ef91d4c20458be5048c3b",1,credit_card,1,54.10
eb76dacd087607fabfce4eb43d0f59d6,1,credit_card,1,67.50
"610b5a11b3a0ccf7d86f6ca1ca59ba4f",1,credit_card,1,73.34
"684c4647b0588cd3843f5a33ecbc8106",1,credit_card,6,61.82
"45ccd2f1dba595badc92a8c34c88381f",1,boleto,1,89.65
"49626271ea0fa255a99b34978f50ae68",1,credit_card,1,70.07
a82a9910091bbd74264907d2371969e4,1,credit_card,1,53.60
a33a09b1320a130c61d1d5d9b8aec5ee,1,credit_card,3,138.11
"2f53e1db0b2a17564ef12fe69d65a9df",1,credit_card,10,117.54
dece33065768a2ac17723827e6a03c0a,1,credit_card,1,63.60
"73eb70779d3a8a4647f8ccf9c43d2623",1,credit_card,1,257.77
afef8c9d77440793d7bf762286fe97fc,1,credit_card,3,216.14
"6f177560cdac40d55fa56882c853569b",1,credit_card,3,582.32
fc1ab24eec2f8d6df1c9afb1e55e84c3,1,credit_card,10,130.01
ee38b45af2d4e705a88a37af7f0cda97,1,credit_card,5,59.73
"79611406bed954bc1248b316f297aac5",1,credit_card,2,209.38
"57f3dce57b231e9b80186f99ded08cf8",1,voucher,1,28.00
"632b475328739ec1fe116b5043c908f3",1,credit_card,1,122.43
"8003e1099872d27581e211a7cf5422cf",1,credit_card,3,227.17
ab2955d5a9fe4ad0e979935d68422c8d,1,voucher,1,64.24
"0c6f709251c3df262aeb79458ad96a1d",1,credit_card,1,37.76
"03f51c9adce893f63936c5146701aa2f",2,voucher,1,31.25
"8b74f8eb433512f288e513c2e2f391a8",1,credit_card,5,346.38
"0f735e8998215a13c4ba2784eb49fc62",1,credit_card,1,165.80
"9be87d9a7a1fbeef85d11ae236ce4609",1,credit_card,10,236.29
"5d155d6d17992a253e6ad3586f7739d9",1,credit_card,1,101.33
c3341ac81d23f61418efcca37cff454d,1,credit_card,5,157.28
"34cf44f59601c4ff2198022ce3dd8bf2",1,boleto,1,53.69
b269f9c95ab6ee9fbc0a887627851d9d,1,credit_card,1,56.37
c54e54dd1e0825cff027c9e76c4033d3,1,credit_card,1,256.29
"864a3b34b4e9cf8921cb17c78cf790ee",1,credit_card,1,66.67
"2ac64848de25f6d3a625d04e3ba740ce",1,credit_card,6,116.94
"88e583db0e0c8c29a91c2c68a0ee82db",1,credit_card,4,94.12
ed11bdc16e2933132c57eb7c0cb4d7d5,1,boleto,1,397.44
"53f5a7f622d498ff3eeb334b8efa7ae7",7,voucher,1,3.12
"8282d5532e3d6bc650960861965714ee",1,credit_card,6,64.00
"23f55194f215ebf6254bc34d267f7d9e",3,voucher,1,20.00
d762e245b7d93fe1fc56d6ed89782027,1,credit_card,5,670.47
"8ed33ce2fa4294f5f8d8967467a26b23",1,credit_card,1,64.58
"9fdbbd0977c4f7330b8c2c4aecd30110",1,debit_card,1,190.37
"141ba7894f0b0bd2cf4db4d6dcc763f6",1,credit_card,4,221.87
"36b53be88597f8fc8af05d1a35c0dc45",1,credit_card,2,106.10
"8def5d8e86971efa694dc5192fb2258e",1,credit_card,2,51.67
"37f48ff33f63fbc3ec775459f0ae5943",1,credit_card,7,374.01
"01d815029787ce30f6f64900ee93ba37",1,credit_card,2,61.59
b02aff946bf246d61d7f3977e0d352c1,1,boleto,1,73.51
"9b4ce65d237bc82227e4b550d1ddf079",1,credit_card,1,52.32
"643a4b4184a5186bbc7ef0a52db34906",1,boleto,1,293.32
e454f35044003de39e10f976817edc27,1,boleto,1,110.42
"44dafc587781c6925a5f4f27e083d75b",1,credit_card,1,26.27
eb56621db1ea95071f397f1fef9dbe82,1,credit_card,1,71.14
eaa2404af4c709b5ed9127f802ee4eb8,1,credit_card,1,83.68
"531adaed1a1981c1cf381bbf3a4a3895",1,credit_card,4,158.71
"666cef1ea6542e749eed5394238041a2",1,boleto,1,312.49
d28b75209a5e2bb2ef86b7eb3b81dd55,1,boleto,1,145.24
"8b24ac1b82b802b6b9ea3c31435a91ac",1,credit_card,4,175.98
a5e7e590a77dc838c0311d33e0c88abb,1,credit_card,1,168.04
d15b4a7be0aedb9cd0f4330b1703b7c0,1,credit_card,2,23.69
"583e624231af818d0ab64b7f4b6a5cdd",1,boleto,1,86.92
"79fe183c2c4f23688615d54004cd3f2d",1,credit_card,1,79.51
"5050bad26c6099dce48e97368a53f149",1,credit_card,7,78.71
"14ed10674adcf55aeb8ff2f20c66006e",1,credit_card,4,208.96
"3f470bc5e780dbb1a62275692b9ba0f8",1,voucher,1,112.95
"9f24306ad42ec0b914ff60357df376ff",1,credit_card,2,67.57
fd014fb42116364b9f36fd0a79a016f0,1,credit_card,2,103.39
"2a06568281fa1a485b9ba5fac48c7df2",1,credit_card,2,57.50
"3bb87caef060d2062d1f63e62dc09bd4",1,boleto,1,59.91
c579a0c822b7a4fe7586d0d2fa75a0a9,1,debit_card,1,282.18
b0e9f35ef740c711cb29c8d779388062,1,boleto,1,20.85
"71435a06cf53842e055368f881a38b61",1,credit_card,8,260.86
"3ff9af2618b202584a161c19718bf577",1,credit_card,8,790.68
"41e096922c4b995c0f51f50efcdb80c0",1,credit_card,1,80.11
"34fa15662de2057126fbb0b0f1c1120f",1,credit_card,3,103.93
c47017ce1917964174d4b2b7d73dd0eb,1,credit_card,4,207.94
"83656a38115e8d648f60d937a29e32a2",1,credit_card,9,461.99
"120142f868b25baf05430c42ed963a99",1,boleto,1,51.96
"135226fc55b64c0e3cc388a3c12f039a",1,credit_card,1,931.53
a5a322511ad2f5a5296e865cd5c23abe,1,credit_card,3,52.59
d60af32e2107bccc3efe66e3faad59c6,1,boleto,1,143.28
ace7aa756ef3c4d4d89c8d311d1bd0be,1,credit_card,1,56.78
"5494b2ddfe11df2c043ab5a56a2832bd",1,credit_card,1,88.58
a9fd47117c3f6b4e72456d5331e2bfb1,1,credit_card,4,112.10
c3f76f14ce3587ab9df86c8caaac928c,1,credit_card,2,63.86
cb53f0b6e8f9082a9f5a113765dd1236,1,credit_card,6,97.48
"47435f657d2323e5eb4455aa5bc6a436",1,credit_card,3,286.02
bd210405118a95688f5e0314f24255f5,1,credit_card,5,194.91
b276e4f8c0fb86bd82fce576f21713e0,1,credit_card,2,188.41
ac3da9b0adcc3d95a2e919b1505788f4,1,credit_card,5,53.74
"1c735d7c3e1d3e7f05d904b3f15757bd",1,credit_card,1,229.14
f0da489592c62097d0034f139386cb32,1,credit_card,10,3009.53
dceb62e8fa94b46006c9554fed743df0,3,voucher,1,53.90
db5a3eab52ef5c18c745c172a5050809,1,boleto,1,263.18
ab1969d313f329f430baa04696d322f3,1,boleto,1,101.28
"4bc3b7398353cdab6f94ca83978ed833",1,credit_card,3,166.71
"5fb669725665771911c8ecc187870553",1,credit_card,10,211.91
a57a5bbb57b15b49050bc6a58a2f240e,1,credit_card,1,48.99
c6492b842ac190db807c15aff21a7dd6,7,voucher,1,36.38
"06c1184eaca6e3877347f38cfe926100",1,credit_card,5,278.19
"69ab938f05d407e090b2620357ad4103",1,credit_card,9,92.27
"1b2998ac4c3495c47a6f8cb5c2d65f35",1,boleto,1,55.07
"03dbf3a42789c67ed5e2198f08d997dc",1,credit_card,3,253.62
"0911316604300fefa8aef39f81380c66",1,voucher,1,35.84
"6893c39daa6589e577917e3325ec2eec",1,credit_card,1,35.38
ba6db6908932a9ed2a611c82ef295d37,1,credit_card,2,139.27
"430d466a33524c9953d7f2e25c6d3f06",1,credit_card,2,57.80
"3114a4b9e970a79667d2f403e83586f0",1,credit_card,6,217.64
"8a8b1b373a33b3d5721b9e7c02a068f9",1,credit_card,2,159.60
"5f55e6b524e35858ebe24f6f9a5491e0",1,credit_card,10,260.50
fb34891f680ec3b5b3b0dd8d9f863d2a,1,boleto,1,97.86
"8cc4092a48fd6223e099b8bede76a2dc",1,credit_card,6,66.47
a4163ebff79ff34a631c57d5350215ae,1,credit_card,10,148.18
"725cf8e9c24e679a8a5a32cb92c9ce1e",1,credit_card,10,2067.42
ca096b7aaeb4fc794c0e4e8e9ad8294f,1,credit_card,8,147.07
c6bf66e37e4bdab5ad532291c72a1d71,1,credit_card,5,120.87
"385a4528e6f5bbd617566cfd514d6720",1,credit_card,1,174.74
b3111cd50c7a34635433d6a557a6bf64,1,credit_card,3,86.34
fed5e295c5412218d84f60a3d09717f4,1,credit_card,1,60.63
b924597838a7ba1e624e99fbd62cc560,1,credit_card,1,38.39
e35e63b98848e494f75ce91dbef9cf11,1,credit_card,8,219.57
"4ef8fef15b3a1986d266d349b21ab021",1,credit_card,1,86.98
ef6a08eb361817fe2908f1553b5d00f1,1,credit_card,1,232.44
"4871768fbfa49644fd5a92cffa201556",1,credit_card,3,116.56
d7bcd768f38943877c3298667ecdfbdb,1,credit_card,8,398.46
a2e3d40e411a2dd9b89be4aaca991101,1,boleto,1,73.34
"1b32d4a12472b702c651faa43a947179",1,credit_card,10,279.07
c1e01caa64164c2b4c54633ef42d032b,1,boleto,1,192.56
d8dbce6a7e7afb5ee03584eea5a61779,1,credit_card,1,79.38
"9774344f0f459e094eca1d2cec55d41c",1,boleto,1,232.18
c5ea69eb816127590a14c3d848e1679c,1,credit_card,6,61.05
"5f37829b2dad2c8bb86da21bf31310fa",1,credit_card,5,237.98
c1d3d16d19447e6ae5ea015f6056b3cd,1,credit_card,10,362.39
"57323a7f9df2ab8eabf8fb751d3f2334",1,boleto,1,48.77
f6faf0f56f068cbbc7f0837bf82ced2b,1,credit_card,9,96.65
"35660aec0cc42b6257e24281ee0e6255",1,credit_card,3,155.00
"0bdba50744ca6b6e2c44940e00050e5f",1,voucher,1,148.15
"11500a4af311587353f096722f1ba4fc",1,credit_card,9,94.40
cb478ef8997c7e80eaf0bae4ccc02a6d,1,credit_card,1,65.00
"922c88e7a4c04efc1aa1b468c8b7b54c",1,credit_card,1,61.80
"08e4ccc1239f87c9220cd6a87996d455",1,credit_card,2,222.44
"5494c710e1d7ff9770343f2abe0cf40c",1,credit_card,10,192.48
"08ab4cd4d921b31bd7719eec989aee97",1,boleto,1,385.68
"64cf90af2972e752091fa4a0344c47b7",1,boleto,1,58.22
"2cc24fbadbb75e8e8922ca2671262b0a",1,credit_card,4,331.34
"7ddbd32f36eb90946b9a702e43bba8ac",1,credit_card,1,103.55
"2ff0c35261b0f6905e8dbd2c664c86af",1,boleto,1,65.09
"3a9ba7770cd43147a6d152187d05be65",1,credit_card,3,306.98
"23b51e2ed131cc184e283beb7605c156",1,boleto,1,417.55
f10771b6b65c8933def79ca89bf14973,1,credit_card,1,743.82
"49ec9dd0000c7df85f49fa626edbae3a",1,credit_card,5,166.43
"620b5f7f730ead80c8dba1202716a29f",5,voucher,1,9.39
"476e559ce686af69d6051a5d973c3971",1,boleto,1,114.86
"711a14d38a221a3d744f33b8b8e78981",1,credit_card,4,41.09
"77ef3216467887c78ddec18de86a58b9",1,boleto,1,167.14
ae9c4f04442a554b5659e9521a00c455,1,boleto,1,137.99
"78489b82e815cf23348985a3db599319",1,credit_card,2,347.37
"2d77b47ff17df295a7840798969a2e30",1,boleto,1,29.85
b1052e92ac8aabc3374c0a9bfdd33c41,1,credit_card,5,358.28
d8711cd641288f4e2e1a84dc3c6ade21,1,credit_card,5,132.48
c31e69041b0da7765a4d79c7dd6242ff,1,credit_card,4,48.01
c3d8dd9443d87a5917b1508ec6d9e435,1,credit_card,6,64.07
da2b32b5cba4b3531361fdc197a11c74,1,credit_card,7,175.50
"254fcbb680005c7c48a119e4a4ac5b98",1,boleto,1,157.74
c0a3c804bb323cc5a4f30ac1f6bd2837,1,credit_card,1,278.54
"0cd218949b04611711989a6b534d9a26",1,credit_card,1,4.88
"3375db82ac870955bb1bd2d561eddfd5",1,credit_card,2,168.75
"0ea6fb65c44f0a557e7ee0dc86d66c04",1,credit_card,3,135.49
e5b6006d8448540e314215fd9924e384,1,credit_card,1,93.78
"29378e35942d709318a61535d08a23c1",1,credit_card,1,74.85
f3b26a8dbd85e93a90ae813f6d67b2a0,1,credit_card,10,117.07
"7712b67443279dfd94a4e64f55b624d4",1,credit_card,3,62.73
b3da12fe6af5c45b08a663e62d282487,1,credit_card,5,133.76
"5531fe7f2c87a5ace3b26b6d27014fac",1,debit_card,1,85.14
bfb1a4b760e9c724cd7e14be83b61b54,1,credit_card,10,465.21
"10870ce1b8fbb2c59df2c544b74d1b54",1,credit_card,5,719.65
d02a0111cedc20a548cb065955e04968,1,credit_card,4,198.90
f0b53984ba0214f7896833c7ea1cb19f,1,credit_card,1,35.38
d5b8e12d70cbd872a14afea28d0a989c,1,credit_card,10,928.96
"6a9c9e93c5bcd0e6b308ce42094a569f",1,credit_card,4,194.45
aa0c9cd6b1097927c4caae58b28e5361,1,credit_card,1,118.46
"2c60bc71e6da917194c35fa7c8477e7f",1,boleto,1,43.09
af9ce0d4f36308fcf461b3f497c24bcb,1,credit_card,6,162.04
bb1b2f9863d195cf9f7012e73998a50b,1,boleto,1,55.10
eaa755795bc07ae1c3d55d7f6efe1dfc,1,boleto,1,37.52
"61a5f701b5030c61c54f06c4c406ff7d",1,credit_card,10,221.57
"4c1e4a008ff79b53d84a6fd7f817c5aa",1,credit_card,10,481.52
"8bab0782e1f2a9fdc338a883c124f75b",1,boleto,1,192.91
e009dde166ed889f54967499e49e3052,1,credit_card,10,113.56
"1637fe3bb334a5aa79e8731cc76891b5",1,boleto,1,56.60
"8ee8450594de505503ee786c1a401800",1,credit_card,1,1.04
"91c72081ae9c08e96d0bc952f73e6188",1,credit_card,2,336.28
b534f5b64db31c82a5aadfbaa0855e5b,1,credit_card,4,71.84
"8a9424899aac432d80d8e580932b5ee9",2,voucher,1,85.51
"7bc2a035233bdec3f84bef1cc364a2bb",1,voucher,1,45.00
"05f54a9f4abf370b7c655d914159ab98",1,credit_card,5,67.36
"3594e05a005ac4d06a72673270ef9ec9",1,credit_card,1,27.19
bb06496dc2000dff076b93ef592d0a7f,1,credit_card,10,699.94
"1261388c490047bbb0ea823f9b75cc29",1,credit_card,2,121.62
"0e1bd6280d543519379a15614783b9fe",1,credit_card,1,194.22
"87a9c87504af54b4d4a686bad72a8e27",1,credit_card,1,16.75
"0afd81117f1c67a42890fb705304cb8d",1,credit_card,1,223.22
"5f69b4a2f6573c8ec6ae54125bb181fe",1,credit_card,4,130.15
f76d2b6e418d8642c27cec2e51dc7e51,1,credit_card,3,145.56
"61c0331f4a2916cc12ae6abe6f4caf41",1,credit_card,2,466.90
df4f48842246425e222577200fdb0af3,1,boleto,1,154.35
"7fd7130d7e48470b9e4782edb0401a44",1,boleto,1,45.09
"69d838677089d135b38310ff74779901",1,credit_card,2,154.72
e481f51cbdc54678b7cc49136f2d6af7,3,voucher,1,2.00
"8c7a5e0c8c232e87d70485ec3ce91549",1,credit_card,8,156.64
"6539a21d87787dfca12d638dab136511",1,credit_card,2,185.84
"7727f2b370c8c7e236872c980d69968f",1,credit_card,3,237.59
"9458f512472606de1d13e5e0956e72cd",1,credit_card,1,118.99
"6054d8418ec326a7a9382171632b7a7d",1,credit_card,6,428.91
f12e95396a91baaadc20348d68728946,1,credit_card,4,85.81
"6e25453a992842c74dad4997432fa104",1,credit_card,4,89.48
f2f05e9d559c20ae65f13bbb6d499b7d,1,credit_card,8,307.94
"816ccd9d21435796e8ffa9802b2a782f",2,voucher,1,111.67
"38de0574ec7f3e1992532ff7b6344a7d",1,credit_card,1,35.00
"6b3ee7697a02619a0ace2b3f0aa46bde",1,credit_card,1,65.77
c5af6636b619b643a3d6e954e3a5b5de,1,credit_card,2,89.56
b8da35a90e134b3b031c6acfe029acaa,1,credit_card,4,45.34
"44150e408d0bd0a5341db3e4f11a98d8",1,credit_card,4,416.86
"657b8dbc222ac9b5b61eab078c16b3c2",1,boleto,1,28.00
b05b331d732972ead47dbea28dd5305f,1,credit_card,1,64.11
"7873f8c18442c79931e94c2a378f5f7d",1,credit_card,6,96.22
"131fccf58d5b636c232584f744b77161",1,boleto,1,111.13
"54278df0bd16da39d1a04b026396bef6",1,credit_card,1,31.13
"364f451ee38a4268d7c15d317021eb35",9,voucher,1,6.96
"184cb3de27ca20b3641aeb65c7c429b6",1,credit_card,1,77.98
"3b47eaed57c2b8dbeef5f764194e5750",1,boleto,1,793.09
"072577283d9ec2718f05c37d141d65de",1,credit_card,8,82.78
"1c4b283e95602be28c975207016558f1",1,boleto,1,37.83
"0cc9d4d8d1534bc29d091be67ffabdab",1,credit_card,1,118.88
"7471e882dcc3115c0d0a721d2da859af",1,credit_card,2,157.45
"9a267a9c566371013783da527ac4038b",1,boleto,1,77.57
c92364460bae25c97369caca38250639,1,credit_card,2,61.62
"379d35a7f738e53131a68c79b97b005c",1,boleto,1,46.85
fb8616e60ade994289f5e25077397fc5,1,credit_card,1,46.13
fb469bc8a14b598d891a004c34546078,1,credit_card,1,32.38
f2ab8dadc7b9d7c7385ce34e48a2526e,1,credit_card,4,61.75
"9a40c467105246b59eb5dfa3f5b04539",1,credit_card,4,283.52
ca43290a13163a41f1a14fd9728a8b64,1,credit_card,1,97.89
"08d1ac9ae1dcec96c3422ade2005fe94",1,credit_card,4,217.06
d2d740a1b76ee640f76fba030363144e,1,boleto,1,133.69
c9facf1957d4cfd6bf178b54fff813f5,1,credit_card,2,188.07
a7d73128b7dc2644c342e7495ebe8e3f,6,voucher,1,300.00
ebd89760480302a8f05581858df06406,1,credit_card,2,138.89
"705c7fd61dcb0c54b80538158eec1f4a",1,boleto,1,237.99
a759a1bd0f615de8c57f2af26ee39703,1,boleto,1,119.30
"3bed3182d08ce9d8c2e2a849db8a2257",1,credit_card,10,176.70
"66b93a1ec24a54f71f9577e88b61dd99",1,credit_card,10,291.50
"5eeb092ebe54bc6f635f566588d2e908",1,credit_card,4,299.26
"8b12160921c1b96dcba4c2ae7be45674",1,credit_card,4,204.31
fa2211e05a1ebb8eedfa015e5d6d7957,1,boleto,1,125.27
"7d316b369d4c6b0a4ebeebbff5f65466",1,credit_card,2,348.78
"6369478ccc25c089500c88305545244b",1,boleto,1,112.44
"67c7a158005be379a21f733483dd43f2",1,boleto,1,78.87
"7e5d5dc04eaf1bb91b39e57967646eaf",1,credit_card,6,106.16
d16f8ec8edbb1c3652f142cc60042a86,1,credit_card,2,373.16
"898ded7ecb1e4d92997856bd8b7a8aa1",3,voucher,1,46.98
b82b1a7017f4c904921dd5c6c6da8804,1,credit_card,1,232.65
"9605975885973e23e8aa9d1a8d3e81bb",1,credit_card,1,171.48
"8411e6f64e8ba69af35b400712a77a8b",1,credit_card,5,101.96
"0eb943e25686a73425894fcc95e842e3",1,credit_card,10,205.42
eb8243aae992ce5262d8bfc305cdf6af,1,credit_card,1,65.06
"510ad2b778bb4dc4eed820d1c8d22d91",1,credit_card,1,67.28
"809366b3993149432934a82e6e5b71d9",1,credit_card,1,70.72
b4423cdd0316fb3064befb92d164de96,1,boleto,1,163.92
"74e033208dc13a7b8127eb8e73d09b76",1,credit_card,8,100.47
"748517ec82ece7fdd60abdaf413f6beb",1,voucher,1,148.24
"41bdeaa82c72b91de63ad6853ec75046",1,credit_card,1,88.14
f03c75c7842d1d7b641dcfa746784c85,1,credit_card,2,37.60
a11e916995a120fce0b1528d2555151b,1,boleto,1,51.96
"7c24ba395c0e8eedbf5458052dc2bba3",1,credit_card,10,343.07
b75559e68bdb9a0a3526bb2995f093da,1,credit_card,1,318.93
b198d16d5ba1cbacf02b4d54728314fa,1,boleto,1,365.60
d3fd3af08566edbfdd903c8f2a2d8bef,1,credit_card,3,110.43
ea6cf34e28edb0228155d6cdbbe46bdc,1,boleto,1,83.57
d2d2b46f15aac179d92c40438fb3a4e6,1,boleto,1,55.54
"200553df452156c2fec1e8250369636c",1,credit_card,2,146.66
"7618b897317b5a4fc4f1b15666f3e24b",1,credit_card,2,307.50
d6e4c66836507e15b054fd436417a9d0,1,credit_card,10,1040.01
"61b5e6d846c13e8107ec0d264d5abdf1",1,credit_card,1,111.85
"47a0b966a6a543cd3817b26d40ab8041",1,credit_card,2,133.18
c96c22ca4f7729454ad5ccd827b3c40e,1,credit_card,1,85.62
e20048c62eafbe51818f6dd9f3be724e,1,credit_card,1,38.30
c1f96d0e2636bcdef5ba712724d9dd6e,1,credit_card,5,80.11
d78f37563bb2b393bb33db35d835b390,1,credit_card,1,65.77
"89328a8e8ea7f0921f3da49d46abc9c3",1,credit_card,2,65.71
"1ff300a1e66c173fd9dba91d3b3db4d1",1,credit_card,2,92.75
a88edef387e2a7e457695664bf0ddfc0,1,boleto,1,52.52
"39ed55131dcacf19b9dcf0739eefb591",1,credit_card,4,66.60
"194a26fbbb1b4e83fa0b65aaf22d99c0",1,credit_card,1,23.38
"50b043a46bc9296628ad3ea3e0ca01b8",1,boleto,1,45.61
f7b794965cc5b6d20c083cc40cf56108,1,voucher,1,95.21
"5bbf075632367fb4969495a3669cb637",1,credit_card,4,100.34
a9d21182da34ce17091420d35f22834a,2,voucher,1,19.46
"45f0db29787836d9c41e760c90588af1",1,credit_card,2,43.51
"793511fa4797d5eb6c16b433ec622276",1,credit_card,3,37.22
c6e0ac21ec42ce78d3ff7fd8eca3735c,1,credit_card,1,70.49
"27b974fdb1343121e2a97ab9bfe080e2",1,boleto,1,52.38
be6b82c466147a814c936f0b4a4714ca,1,credit_card,2,28.42
"02b2c02d27d60c0e658675335ca80216",1,credit_card,2,77.57
"19e50267c874c90f2a5a2bc9c2719e2b",1,boleto,1,80.74
"765e82006189100419015233bf26be8a",1,credit_card,6,59.99
"3ffa9e029879039a01783bc81c868df1",1,credit_card,2,97.13
"12734d5805fd317dc486f3630fd82bcb",1,boleto,1,131.95
b1791785e507945110408ae91ef3fa18,1,credit_card,2,95.31
"73da42c497d6ab85df4446d41addabdd",1,credit_card,1,206.97
d35cead7fec778d8d6d84650399972ed,1,credit_card,2,62.01
"93e945ea7c4457cea5d773c1225ac997",1,credit_card,8,162.89
a5c2bce79ee362cbd630af6c3ab8f841,1,credit_card,1,35.25
"4c8eac76de32572cebc64aca0f263e2a",3,voucher,1,49.80
fe5d946bb1d5891792a436f46f3618a3,1,credit_card,1,108.21
"87926f4f1402d4f56a21096c78d994b8",1,boleto,1,131.51
cace1a92b9984790083116a9f2e7ae5c,2,voucher,1,100.00
"66dd200c66aaf1ba827ed694617b9ae3",1,debit_card,1,210.99
"93f571da6f10487d3dd56d59982d7b72",1,credit_card,8,84.48
"3337a984417a1c95241b5f47acb33720",1,credit_card,2,61.84
"27a6ada08a4daaa908ef8f862441e486",1,boleto,1,67.50
"115e5f8ceec805909d9cc974e1653153",1,credit_card,1,163.39
d0e7875fcf8fa009f5295ad397fc7e18,1,credit_card,5,116.01
b34f46c28be69a2d65c7f3f3c01c3673,2,voucher,1,143.12
"6ee07bb000ad56123f660b23dabed4ab",1,credit_card,9,98.22
"4a7187a003cd08090bc8effb19765333",1,credit_card,7,329.10
"8bf5f7691f5059f401c9b3954acb39b8",1,credit_card,2,199.98
"48d007b3d7183bc54336d813b1380d26",1,boleto,1,64.09
de87f8523b7738c6d18e5ceedc4f05ae,1,credit_card,1,25.61
"95fba842978e008c75e640b1908f1867",1,boleto,1,232.39
"9a8df1603191fe8fa15788692de6f4c3",2,voucher,1,52.10
ea694a00fc5ee055808a425d0b1b8699,1,credit_card,1,25.50
c5ab3856ffd5ca3db23754e60db70cf2,1,credit_card,1,81.72
"4aafdb1594ef5ea1e342d5c6f54d95ef",1,boleto,1,225.71
"0e8442cad88bc3852a68be6bbee1d071",1,credit_card,1,76.38
"8391a032db0a71458e548af0b6e9eb8e",1,credit_card,5,335.47
"0516c22655fe1e1f0b3390f4ee3fc5f6",2,voucher,1,13.63
"4baf66d022680c163d31c85a42b6bbd6",1,credit_card,7,163.33
"086fbd1d738c8b0bf972f0757bc57e9c",1,credit_card,1,26.30
"80def445474889abc909592113f0027a",1,credit_card,1,38.00
a90cb228a7ad5657d36829d1248d163f,1,boleto,1,53.99
"6227de9611e75b006686710c6a29df35",2,voucher,1,294.54
"6d124e450d109b4a3b8ac6c4ccbd6d11",1,credit_card,1,53.70
"4d8a7251d3f4f82c05c207b52ccd25f3",1,credit_card,1,163.68
"3a554e98b0dc0cef33a8df6e1b687a04",1,credit_card,2,126.80
ca6e0694c46674d5f588f6e0e4ce4440,1,credit_card,1,35.00
f78e5e459e3829bbc1bf472f4eb8eb35,1,credit_card,4,1205.79
"19a2042d6f6af92a3c6312d3fd7a70c4",1,credit_card,1,68.64
"1570d01600292ee762e1d52f80ffffdf",1,boleto,1,339.37
"7bdcc37d1c5c4c392f14375e50a41a04",1,credit_card,2,106.15
"7310c8820f4c9ee1ca0e4283b7c2130d",1,boleto,1,31.88
"0281523bfda80130f35b98f38dfb279b",1,boleto,1,52.01
"00d5fac7792747fba4b528f23930bebd",1,credit_card,1,80.23
"947b612f269cbbdaa438d55bb70f1baf",1,credit_card,2,164.34
"3662bd55e74767e3a5f39573beae83b5",1,credit_card,5,136.60
"5eee79207209ec0e102581f289e2a6db",1,credit_card,2,73.15
"8319a6a536055dda24854686c5c7802e",1,credit_card,4,250.48
"0f43f4cfe3c1717621349b811d2a85c1",1,boleto,1,52.54
f6134169ca6f0cdfbe6458ebb5731613,1,boleto,1,96.80
"03aba4d94f2bd838c0bb55be9d13b0f6",1,credit_card,2,199.31
"72f3f62e2e4208804e2c4ed8a28ead52",1,boleto,1,110.88
e0a98f9b707c33a4c46e02a530c3419b,1,credit_card,1,36.85
"03347815dd6e37a668b3954401838318",1,credit_card,4,295.18
"93964a297e76080736d065295fd5b437",1,credit_card,2,163.24
a1d20692c61cea8c06d55f0365307f60,1,credit_card,2,53.36
bcd3f65a42c31d80afe51626263a8644,1,credit_card,2,98.34
"8ef062e9948e67edc62732a2709ec7b3",1,credit_card,2,160.44
"82f255ceb9406e722a069255a0d40630",1,credit_card,1,101.75
"47c195b6b404c1fa22f04b99a37a0b29",1,boleto,1,340.81
"8299ae5e344b8553e8eacebd6018af5e",1,credit_card,3,100.37
"9938a967279700714d16f4c8437390da",1,credit_card,8,88.00
"53a72dbf29b3890aeae332e05c763169",1,credit_card,3,190.37
"581bc29c5d7f193bd3f1cc87c24ae067",1,credit_card,1,142.70
e1e2b559781f43694643d53e2ef681fe,1,credit_card,6,215.19
"4d1cbc3a9dad7d6dc7c6b9438400990b",1,credit_card,1,70.36
fe8841ab3a5db0eb7bcf5b2b3dccb6a6,1,credit_card,1,46.19
"9d664ec86be69d869bb6870294c4fdd8",1,credit_card,10,204.38
"4d72fbd8a8a12d4012b8578725c97a06",1,credit_card,1,21.04
e7f861ca5d9143d8e586bd85b1aa5bdf,1,credit_card,2,178.11
e5d40f85d5e6270ed8680e3fbff77dbe,1,credit_card,2,139.32
"709048ea34ffaec8f1c3ed2799296ba5",1,credit_card,3,133.05
"92a9ef7f0a0d392c9ad0d5f44e86b4ba",3,voucher,1,25.00
"94e5bc24a8c72a91a5fd82d86e186f8a",1,boleto,1,50.50
"2eed78c97ace230e8dfc0f851bed1612",1,credit_card,4,144.33
"51e36ac90c090cef9d73b8acb1da94a2",1,credit_card,2,109.31
ea3e7bb7fc6c485a1238f0c21e10ab0b,1,credit_card,1,33.75
"30fe7e22e29acb5403700c7834e57677",1,credit_card,2,218.45
"195070d2d0eb1da7d93b958bce36d1ef",1,boleto,1,30.95
"3fc88ecf6531f387f4888fe47105b4a4",1,credit_card,4,294.19
f495bbbd2a26c02d0518dec2f10251fe,1,credit_card,6,69.64
"454fc309e2afec5ce697014d9193afbc",1,credit_card,4,124.82
cbdd479f38ee1e515fba2abac4ab132b,1,credit_card,10,253.08
afd3ddd9caf7a0969cc51740136d4a4f,1,credit_card,5,53.62
"6aedb9d0c7138abf29b31866635b4c69",1,credit_card,1,209.36
fcb5ccb37b435c44c57d9c7caf3e7623,1,credit_card,4,160.75
c2b88e285b675e490d60c733f34c3d7f,1,credit_card,4,66.71
"020f04b3da1d597b9a00b825762299ba",1,credit_card,2,143.98
"8076239f377d73802255196d49b6fcda",1,credit_card,4,221.44
"607911c4ac62f9038b4ec434673e486e",1,credit_card,4,1916.08
"68a27330cb647c6489f7cd78524c5711",1,credit_card,1,187.26
f464bdc3b17c2085e54b66d8e5ae1695,2,voucher,1,22.70
"64c9b30f62ddf4148ca00c99529edbbb",1,boleto,1,128.75
"127f6cc9849c481c4f0daf043a91a129",1,credit_card,1,517.72
ccb3dbd615aa85a6ee4e6002b025fd31,2,voucher,1,29.60
"6b4691b98b476dcd37e1dbade28ab62c",3,voucher,1,16.81
ce86f3b70e7bb8cd539eaed55e3553f5,1,credit_card,2,124.01
b8c6df4a73d185bc84d6517d5e0577fc,1,credit_card,3,152.87
b56dae14729d912e3b87e6bc76be9c0d,1,credit_card,2,167.72
"228dba745fdc79fe3b74e70f3e8f67db",1,credit_card,1,41.75
"0d9ed9d101d80f2accbf309324fea494",1,credit_card,1,110.00
f5ef1b1dc8aed14279eeb0f4b745d887,1,credit_card,2,68.02
cff1603c17c75c9240279e01bdff4b05,1,credit_card,2,75.25
"0dfb6682877b58ca5105919c6cd2b741",1,credit_card,1,58.09
b71b933941ffe3a83e6fa413d0f73e0e,1,debit_card,1,335.73
"91bc515746f412867344f7ee8ce0c60b",1,credit_card,1,175.77
"19549a52bf4ab2fd2bab7f190e21a4c8",1,credit_card,1,57.06
"7a16d8eadd3c788ef0386c78218da6cc",1,boleto,1,96.40
"263282727ab0aad6f73aa81e70ba88c4",1,boleto,1,207.02
"974576701298a1dbca6b9f4845b7b85e",1,credit_card,1,32.38
"711231d01dea504ad47e0d6b7a229592",1,boleto,1,132.03
"266b0e02c5f1de0a40f86f63180419ad",1,boleto,1,81.88
"97258b92dad9851d26d0a0eed03c22da",1,boleto,1,35.68
"6cd62576e07ee4e0d114e65358f5d503",1,credit_card,1,37.34
"354ca0db56ff74ee830a15fcc1416642",1,credit_card,2,119.41
a96157730ca02d9de4c4e4ac2fc49f2c,1,boleto,1,146.36
"540544251975ba4515aebe0ac8525067",1,credit_card,3,74.20
e3c0a2c7d7991400a33d2da89c86e6de,1,boleto,1,106.29
ef71f6c836e32ca79a2bf9d7048ee06c,1,boleto,1,45.00
afd71840756746edd2c71bd69b2e904e,1,credit_card,2,20.82
"2d0805e3e830d6d2d694ee7a3aa58502",1,credit_card,1,28.75
"963b6259cdd558e7e45e12f2917b6a8a",1,credit_card,2,166.59
"5492e5f6cccb69b3bfb5b0c1242e69b4",1,credit_card,1,27.23
"28f4aecc81f76b7e6055d4c9e6b7e9e4",1,credit_card,5,293.36
"48e0f73d711eb4ed4af26c3e901e5b4d",1,credit_card,9,190.86
"5ae462adc9fc09ec40e8eb915cecb4ca",1,credit_card,1,39.81
"42ecffa63ae6c06d836e17fc3a525c14",1,credit_card,1,23.76
d00beb3dc9b2e213d9ea5ee30b0541f3,1,credit_card,8,102.13
"57cc72d3e635bf57199d76328279b875",2,voucher,1,40.63
"93dceeb33abaa33342dc05f8a495f2a7",1,credit_card,1,29.85
fc0524567b35a9521c99ccff83821799,1,credit_card,4,237.59
"84b9993a4d8ffc1bde2fade8466fb07b",1,credit_card,5,170.89
dab37f5992b4ece308cb13f6141743b4,1,credit_card,1,184.35
"4b575947c9b0c5a9b7921efc13ef0bc9",1,credit_card,1,41.84
ca70cf8792727da384ba1b6e384cfbf6,1,credit_card,1,101.16
"76c4c846aae2dae9e87dfa492c3f5259",1,credit_card,12,435.96
"1b760c8f4093bfc9fe9df789a58c5554",1,credit_card,3,72.60
"8a8d5579f5323798786ef799344781b0",1,boleto,1,88.18
eda3f5678e561d64fa75367186df15ab,1,credit_card,8,353.67
"767e77d7d76d75ea5309d5345699cc44",1,credit_card,8,113.24
ff85153644cf018d1530326b28743073,1,credit_card,2,29.40
"1dddc8e72eede911b9b36ff702a8f198",1,credit_card,2,44.42
"3ba290d869362a67994eede4e78130f0",1,credit_card,9,102.86
c4745f711938c643ef4a604576d6289e,1,credit_card,1,91.99
"2574da49ef376d653823449846a42733",1,credit_card,1,97.20
fd06d0c6fa9aa98d24fcb159b433375e,1,credit_card,1,30.13
fd7ad9fe2a5c9cf444bd25691f4900d9,1,credit_card,4,165.26
c9db7e953006c9303b92dea9d91878bc,1,credit_card,2,111.32
"0cae0419c5938004fa8b8dba302552d1",1,boleto,1,61.05
"962deb19ddb93d915e52a727506752df",1,boleto,1,195.93
c707bf13a0edadf77e273f5e862b4b95,1,boleto,1,73.27
bb07507a35cae0089d4c6d94ed9476ca,1,credit_card,6,123.89
"01f11912a2c502cc940f607b1f6b2ab0",1,credit_card,1,165.30
"3b71072f9d05c9bb81d0a43adf411715",1,credit_card,1,82.33
e7fe3e8da4d6c39f4216d00309b965ba,1,credit_card,1,26.28
"41089c08c8d6cdd2964afad8aaa8405b",1,credit_card,1,35.78
"5dc381c7b65e21b5912100c620d09615",1,credit_card,3,64.31
"0b52749edbf531f1eedb8226ae141b9b",1,credit_card,1,69.77
"4d02fcbcbf4a19682c0c09fb8fc8005f",1,credit_card,1,257.85
"89e02379eee525e09813dc8e5ba99213",1,boleto,1,43.59
"95ece076088bebb7ec28703a1f378214",1,credit_card,1,90.83
"5010ab6b12449f4912c2aa83c16bf2bc",1,credit_card,4,99.33
"05232fb1e414a006d6713c23f5cde5f5",1,credit_card,6,158.22
"615cc334a44e9fdc646ece2bd6de2c26",1,credit_card,1,37.29
"4ed72b48d55c5cb2ad3a63f2b96dca12",1,credit_card,1,186.60
"378aab9f026bcce6c5d6b5b6453be88a",1,credit_card,2,21.01
bd9ff9dfae49eb3a07837fd0bc16154e,1,credit_card,1,56.39
"97e25bac8d2e92f5d90a5e43925bb85f",1,credit_card,4,44.10
"0a0090ae69392fa38ee742006f8c0a90",1,credit_card,10,157.27
"42d23fff3eee93c6c3b0ac65d3ca1e93",1,credit_card,2,88.58
"80767ee5712d9f1d53be5e87db2e11af",1,credit_card,2,113.62
d9a932befd90783805fe255151f656a5,1,boleto,1,1121.01
f274085054bdfe367afdee18bb4e5555,1,credit_card,2,42.68
"8f96488e1125afa99a1f2284cdeb551d",1,credit_card,3,182.68
"5cc7fd28e4d0a13f20f305037d7234fb",1,credit_card,3,115.42
af0035821f5e16644b287cbe0f6a92a9,1,boleto,1,97.72
b46d8aebd879f070a52d106580706001,1,credit_card,1,48.23
"045c9852284420b9c02d156436e1481c",1,credit_card,1,55.13
e3f36e2bde7883f92b8fe4b30e166321,1,boleto,1,92.59
"6ef85785ab36f5159e852a442be024cb",1,credit_card,1,596.40
b0f913cb83681e8a8563b96b641b3e1b,11,voucher,1,8.35
"8ea0b79c236245df6eee59b3ff482763",1,credit_card,1,35.00
"79151db05c0fc610003d38e917bbb5fe",1,credit_card,2,88.74
ddd71c8539788a710549849a7dcaebde,1,boleto,1,116.13
"1963469800c298aa309f11cd40138411",1,credit_card,1,88.87
"92a40ff0f53b250065933f8b42431911",1,credit_card,4,191.88
c158cfb02733d33c18b815afb0d8d49b,1,boleto,1,57.50
"553b504826f11364a11e938375721a61",1,credit_card,1,105.69
dd0cba59df3a0bfd6e21bdd9cfefd7bc,1,debit_card,1,547.58
d0279b35becff27d8de5a2278536388c,1,boleto,1,239.44
e93561a5404a0ecc64f56eed482e05b1,1,credit_card,1,49.24
"7ae97f48d1e1624e8baae4a3faee4837",1,credit_card,2,312.74
"4a8282603a79261a20695480745da4c3",1,boleto,1,139.50
f3f2e46eae87e5684cd1f5a61c7d0835,1,credit_card,1,128.10
"4d900e76023789e5f55022dc71ff16a1",1,boleto,1,62.25
ba80262d7327dbeeba3cf78129c6119e,1,credit_card,10,427.46
"029f7a5aabaadfcdfe8c0eddb59a1069",1,credit_card,1,76.34
"10631633611fba698054772b43dc118c",1,credit_card,4,252.60
"317bfcd79627d89d54a917da6e066beb",1,credit_card,1,123.89
"4fe4c496a13fb35dc73b330ccb988813",1,credit_card,2,26.39
"45ac77bb9af15639d413d76e5d57e3ba",1,credit_card,5,91.57
"3ef5b20302c49fc70c926348301d065c",1,credit_card,8,97.12
"496fbba28bbf72d2b8a2a55cb32b1935",1,credit_card,2,75.07
"674dc699bdf7b477fcf8efa0b898802a",1,boleto,1,120.52
bb2481cfc7467d4d8ee14699270dd7e8,1,credit_card,4,46.84
"69b1741699a9270162ff84bea75ceb04",1,credit_card,10,1657.57
bd35b677fd239386e9861d11ae98ab56,1,voucher,1,84.58
fac313dbb6add2eb12c5dc3cb6e6e807,1,credit_card,1,47.50
"0af4a846cbf75b456c934b786d683618",1,boleto,1,1240.85
d1373152bf63d51168f41cbeba3663a8,1,credit_card,3,260.00
"6553bc307b0ce8eded2609f0008ae2bd",1,credit_card,2,108.00
b211f8c759ee7993a37f65cf5c9fa72e,1,credit_card,5,118.41
"389fe6a1834e9ac1b0ca61a63346667b",1,boleto,1,33.17
"54a4cb7fbd793ac4fa5f2a5dd9e1fe8f",1,boleto,1,363.99
eb6f690431c33aa581e0e090255bdc54,1,boleto,1,47.01
"482e2b33358915d170f8430d8094c0e8",1,credit_card,1,84.62
"8c76760a4b7536aee6464556551cfb45",1,debit_card,1,80.70
cdc46284224b13e760bee16b9d652377,1,credit_card,1,43.06
"5f8772295e1adb4e4832c988d6b631b6",1,credit_card,10,199.89
a3c7d28de01c698e2ce11cd0d2b63714,1,credit_card,3,162.10
"9e396551fca6b2ba9105b3f7282f2861",1,boleto,1,34.13
"1d35b9b8088b6c9e1fcff77fdb44ef53",1,credit_card,1,152.16
fbf9ac61453ac646ce8ad9783d7d0af6,1,boleto,1,125.43
"8cb407154874301be08656a7fb09d9d9",1,voucher,1,81.34
"645ce4c96c7469ceddf1e970c2d5ccfa",1,boleto,1,411.21
"853f6531ac67b7e58f3f8104ef85bd66",1,boleto,1,72.65
"3e5851bac5137487999e438e2986af8e",1,credit_card,3,89.28
"9d7aed3d4801f8607e1fd449c6c11fd2",1,credit_card,5,245.35
d7273b44707722d534c868f279e235cb,1,credit_card,6,338.51
b51eb394d66d1bfb29d0e6367bd57d59,1,boleto,1,194.10
"7a240ceeef4e675b85598c68d9aed65f",1,credit_card,1,68.37
"37151727c96ceda28bc5b0eb91a25867",1,credit_card,1,56.47
"0bbed493fd86aa835b13d1ff5ad91928",1,credit_card,2,44.69
"0fcd3f7c5275b49cc83dd15129700b71",1,credit_card,4,92.50
"63f040d4a7b09c928627e309f6c17552",1,credit_card,2,54.18
"2ca4629d3b90f42d3590507521005592",1,credit_card,1,76.58
"367feab81137b698b971aa3bc25233d7",1,boleto,1,56.78
dc96fd43377b13532b1d09c7321fb5cb,1,boleto,1,39.24
c448299f4076c96eb0849f981cf29a2f,1,credit_card,1,43.72
"9cdf9fb8b53e82a2a63e2618f49dc28a",1,credit_card,3,61.91
"751f1086c0b65fab3474d11d18de115d",1,credit_card,4,61.93
"96f7907d370d310cc46c4875701cb40f",1,credit_card,8,539.85
"5eaf68e00853a2cdef0e961bcf5aeab4",1,credit_card,2,158.30
"1bf0b920cc1b287eba4e49c0959b201c",1,credit_card,8,399.56
"1f448aec779fffc0060134f9c1c19370",1,credit_card,1,62.44
"556eb5d792f623f57e47713c9839100b",1,credit_card,6,139.38
"14f75c9606fc12baa607bebe380d7237",1,credit_card,1,54.70
"1a4514c5462bbdb806d15e6b241c7a70",1,credit_card,1,40.25
"22753d9142475a7d6c0ff3bb991f906f",1,credit_card,1,114.67
"5eac30a525cd1ec187eecea99a3c4a55",1,boleto,1,726.06
"3bf5639554dc908f97a75a89878ad197",1,credit_card,3,66.60
d7f1fc795c94efd3a00141a5f8a2c9d7,1,debit_card,1,59.97
"6be2c0f364bfae8f84f696a114aab022",1,boleto,1,196.43
"80258201cda75aff559a9cc15eb0da49",1,boleto,1,88.03
b52ea8d12cbdea8a6b2be328a2e8ae55,1,boleto,1,88.72
a840a7a89e3d9137358eb7b9408681fe,1,credit_card,5,305.70
"811b70e43e686c9cc60da34db3f4176d",1,credit_card,6,118.83
"55d76e2bc7b3498fe523bbde2656fbb5",1,credit_card,1,42.42
ae6b64ec83bef670aea816ed1fd2857b,1,boleto,1,93.26
bbd319ae8e4b461016cbc0387ff87649,1,credit_card,3,42.69
bb561bbe5bb54b2d9eed5f6af1a9a7e6,1,credit_card,5,113.19
"96a5fb2398277bfb8d2854443ac8bd26",1,credit_card,1,155.89
"2db8bb66bd5b7b1777d5b5729843ff03",1,boleto,1,30.95
"769edf3b3fbf7e26277b5188c2b76ba3",1,credit_card,8,114.49
"0a308be0b454b3664e06318c9bd6a5be",1,credit_card,3,324.15
a853e48c187e12b0d92211b4530df02b,1,credit_card,1,71.13
"25080237d0a969f93948203985e3b324",1,credit_card,2,109.31
ccc88b02740910fc7acbb81f78827e38,1,debit_card,1,276.21
b5fc960abab37371da1c03614f4f53f4,1,credit_card,1,27.88
"34ded2049fc8446ced02a6bd3dcbdab3",1,credit_card,8,167.98
f24b2cd1d57f9c6405a1840ba856f421,1,credit_card,10,168.83
"09dcf31f117fe39a78c3a166109c07df",1,credit_card,4,118.49
"176347e69f455175b5ffbf6f6287e4ab",1,credit_card,2,84.23
"92d4f9af8eda394387d3eb1ad200780f",1,credit_card,1,151.05
"77f7a5c2fb11dddd571bf33daf9dc0f4",1,credit_card,10,216.82
e8ecb472cb1a0f18c82e2d358f8e2128,1,credit_card,1,116.21
"4cc65e8e0ab1879889ab53fbcd422978",2,voucher,1,106.96
"60836a0b2a1b5051e61371cf04a16574",1,credit_card,1,16.83
"2b257925e49cd73ec3e98ab5eeed690d",1,credit_card,3,174.75
"595e43e67e03405d594d8c690a73264c",1,credit_card,6,146.88
deb2f56956147221f103aefb74c9ca2c,1,credit_card,1,189.66
"14f71e03c472d2b37384b55708ac8354",1,boleto,1,119.66
ca122923041cbd981088cb1f28cb86cb,1,credit_card,10,220.63
"5e8e2246d1b5e113efb8958d9b9fd9de",1,credit_card,3,180.75
"48aa82e857be5deaea8efb00a7847b43",1,credit_card,5,176.66
"91d2f27275e4aa9d45bca67efd2db2eb",1,credit_card,8,193.16
eb5427f4ff8a102106b236e05e751851,1,credit_card,4,99.65
"6fb5ce6f25d4074eb5a3e0b2ea99899f",1,credit_card,3,58.71
"326498d34ca452ef02d49a1cc8069b1e",1,boleto,1,26.70
"0a57fdd1a42f86bd170a4623ca76676c",1,credit_card,1,37.33
"068d8eb8e288e07e76b3e86b4a793f31",1,credit_card,10,368.11
a9ebd6bcbc1aed90a92d93c774f2cdd2,1,credit_card,4,197.37
"60497e7e5e68a6c28a15eaafea0f1e94",1,credit_card,1,54.00
"40c47ac0a33ea4a23b9ba2ab87a77f16",1,boleto,1,42.09
fedcd9f7ccdc8cba3a18defedd1a5547,10,voucher,1,13.27
"663830a477534735bbdec9de01113fa2",1,credit_card,1,38.41
"43c77c1881febf0c89c17b98fa782d6d",1,credit_card,1,73.34
"22959002637f051e9409b93827d07973",1,credit_card,1,194.64
a231037428b0d6c4288432191551c3e9,1,credit_card,1,38.14
"5cb7883ae621115f6c404bca4c9e97fa",1,credit_card,4,1013.80
"4dec20e5f3480964ccd41880b79b3863",1,credit_card,7,296.42
c12f5561ebbafe496b47371c0271e839,1,credit_card,6,253.08
"72cf33fff7bb8bd500f48fba15e3d3b8",1,credit_card,1,101.73
"2b31af271f3efcfd1f240a6ba82c631e",1,credit_card,1,200.02
fc570e267c5c6bd72f926b1e075e9840,1,credit_card,1,38.09
"0f881abda9658ce5c28cca333059224a",1,credit_card,1,115.35
"0996d6fb4402593986c6b1541bfcb4cc",1,credit_card,3,211.91
a7dde6878527f0d1731d370978ba2849,1,credit_card,4,41.85
"62f872bdf7d50fa3d2366c245f92d002",1,credit_card,2,102.84
fcf3478bc90a1b2e214d529d0455dc1e,1,credit_card,3,261.45
"6741c985ef8aed8442026a557e8a9220",1,boleto,1,293.58
"95b898c9e7cf03e527bd45abe58a4d55",1,credit_card,10,169.82
"2eecb0d85f281280f79fa00f9cec1a95",1,boleto,1,154.23
d469b51abffc6d74299c8a0a56db5314,1,boleto,1,45.86
"7b88e96eabae61915bbbd53786f34275",1,credit_card,3,140.15
"163dbb9a9e122705518ab2735e1c6008",1,credit_card,1,58.74
"3fabb6abad830a556447ea8e809ae9b1",1,credit_card,4,119.69
d307f9ed518d1ee6fe69995bf48ede89,1,credit_card,2,204.85
"6d7401af6d68c81a5958578eedcdd778",1,credit_card,1,40.00
"50a790149ec089ab00a4630204396f0f",1,credit_card,1,82.60
"53d8a8410e514c1b8470c9279b28d952",1,credit_card,2,43.10
b9d5be766cad3958ba4a2f0137257bb9,1,credit_card,4,43.84
"926f5e1e6faac24526c88890d6cd84ac",1,credit_card,7,159.65
af6e07a86cda553646ea0f7039453591,1,credit_card,1,61.39
"5dc415d2a18c5bf06c2525fae14fb537",1,credit_card,3,157.34
"481010fdaf8e172cda436faedf27159d",1,credit_card,2,41.53
a1237d295641cb8fec0be746ab923b79,1,credit_card,5,112.87
"1f731a787d315cb2512cc781f7466d19",1,credit_card,1,72.43
f9464073b4925d4fe407c556ca5cabf2,1,credit_card,2,135.46
ea1c943b92b11b5d15ba43481b4e3ab8,1,boleto,1,90.26
"70ffdf594d9f10774b05b0e2f55b0eac",1,credit_card,1,32.13
b345a3528956237e1d8907b94d5e5829,1,credit_card,3,35.68
b60b53ad0bb7dacacf2989fe27ad567a,1,credit_card,1,301.30
e0f4a0e2b66ad7eaec3985e1d75783c7,1,credit_card,1,101.24
"559d83199eaa46854cd06da9ce8961fa",3,voucher,1,38.77
d23640d83f7d582c4328ffd875e14966,1,credit_card,3,167.80
"18eb214910ec2bded53b74594b53a8ec",1,credit_card,2,105.31
"8db75604855db18d2672d5697268938c",1,credit_card,1,102.64
b9b288cdc42a600d0a460dcb92865e4e,1,credit_card,2,155.01
d5e9e8db560b61662ece609c63b8257d,1,credit_card,1,84.49
"12ddc48a9deaa5607f5fe6dacbb1e436",1,credit_card,2,106.16
"413158eae01863d8624661dc2aafcfce",1,credit_card,7,70.12
"61e5353969ba519689f085a0379fccda",1,credit_card,4,90.88
"29354cb2b4aa066762853d685a2b224d",1,credit_card,4,138.96
a6cf71d9fd08019c865e09285ef911b8,1,credit_card,10,228.72
f0c2236da1e0542c3deb61e413ea3f24,1,boleto,1,86.36
"54220fcc516cabe9ec84b210c0765ef2",9,voucher,1,2.24
"9eff8d5a7b05aeaa583c225de3b134de",1,credit_card,1,66.15
"5d4a1a39a8e54051757df8e8f570c8bd",1,credit_card,1,470.06
"39d0091b5c98ab07188e4f18fd0d9d30",1,credit_card,3,92.45
e5535466d23681cc97013097a0644150,2,voucher,1,75.93
"36b5cc783d21a08a8a8f6cf537de2153",1,credit_card,1,107.85
"926282951ac5113c0a44287b4a30d5bf",1,credit_card,12,157.22
"22c53f78fdc3a9664521f2f78f15e6d8",1,credit_card,2,109.41
"4467611bf43834b28dee6d7eecfe201c",1,boleto,1,729.65
b94927b61d86b53506f3e6bc8644eb77,1,credit_card,10,2324.99
"03b9c1e9a4406645c06dde26f4a704e9",1,credit_card,3,93.97
"929ccb6e3021ed4afe8860fe50791967",1,credit_card,8,767.33
eabed9663301465ad2a903c519caae63,1,credit_card,8,227.28
"88083e8f64d95b932164187484d90212",1,boleto,1,127.04
cd2d1270c05b7eea6c1be319b78ce73f,1,credit_card,2,410.38
"915e2d730ef38d45a41bad2a89f88950",2,voucher,1,164.52
"1add1aa4c6e709fd74a4eb691a9fc6bc",1,credit_card,1,74.15
ae7f63dcdf18bdd6e2e49b6c4e4e80e5,1,credit_card,1,65.71
"5535824c4716c782eed6edd2624a79ce",1,credit_card,6,174.81
add2c84eb3c5d751cc2710f029394622,1,boleto,1,86.14
"697705c05da5ef945de721dd31bf23c6",1,credit_card,1,26.12
"5bbd189785115bc937623b13f25fcb78",1,credit_card,1,5.25
"3324e0b9570581be76b4559b10df4aba",1,boleto,1,54.44
"585b56fe5bb7298eb2871ea0f6baa354",1,credit_card,1,32.38
"8c13aa9bfa920854ca73694d94387d40",2,debit_card,1,35.77
d53b0c7749144befd074083817d58880,1,credit_card,6,61.01
"932fc6a48836dc75bc0b624817acc479",1,credit_card,1,94.94
"85314e23a8d6ca48d54dd3a235b2a25d",1,credit_card,4,272.61
"8d66e7c32beb75dd7515b4fb86b98988",1,credit_card,6,397.31
"913908597fea142985168af1fc46a6e5",2,voucher,1,142.56
"3668ab500cf3bd43c55190cd48dc1925",1,credit_card,2,57.53
f0dd9d95e7d45baae0926c374e0df783,1,credit_card,6,155.22
"14b40df4724d034b004efe11507bc5ae",1,credit_card,5,210.81
"5e2488af524e8aeb633062a365974141",1,credit_card,6,238.78
a460ca3ed9ce9c3fe56e879d74050865,1,credit_card,6,96.00
"9502eac77a6fdde265da489d96557785",1,credit_card,2,163.44
a4131292599279a50b734fb7fbf83c0c,1,credit_card,7,87.62
"755fdf89024021c6324864182b6657b5",1,credit_card,1,128.24
b320ff6cbe5f9230cf9a32aee56823d7,1,credit_card,2,45.09
d96877bce74cc0d3a90e346baf151b4c,1,credit_card,2,57.98
"29bf861fea8df0d2df2b141d46aea6a5",1,credit_card,9,241.15
c6df71a18bb2d9e7d88ee3e4d7080982,1,credit_card,1,19.36
"167d27116a1c2e0290a505e98f352c3c",3,voucher,1,16.97
bcbef667390aafa23e9d20e93ea9e5af,1,boleto,1,238.22
"9a4efaf7ec75fc5669a3526c0a838e80",1,credit_card,2,163.79
"235d0ef0d8ee3f66ac576093363be5d0",1,boleto,1,131.71
ad598503d5390301de7d5cd3b1dc2c4d,1,credit_card,10,203.09
"6906fe84ef6a10af6e321d71c7b46ed9",1,credit_card,2,113.40
"2d69f10ad3b8448d288a26023ff5f977",1,credit_card,10,596.21
"251f0a3981c4a8cb853a9cc9d6ba49ad",2,voucher,1,38.17
afd8111e2263ddf8cf41bea299457693,1,credit_card,5,536.53
"84a8ab2b1def6828368f56b359215428",1,credit_card,18,501.08
"3c13ca3111b1b5f67cc6bae982e812d2",1,credit_card,1,55.53
"8a7d789dadca6780e334906644210727",1,credit_card,1,3.21
"1fc147ecded099d8acf876cfaf66f731",1,boleto,1,196.34
"559eea5a72341a4c82dbce9884277cb7",1,credit_card,6,320.73
dd7716f186ee491831aeea6aae363bad,1,credit_card,10,666.45
"7dae8e764e7cce9b6197c024b802e5d9",1,boleto,1,89.36
ea7e79e50c8bb2c0b2d153ed7a164dcd,1,credit_card,1,20.03
"3b618bc550d4cdea4c9737ee75b61287",1,credit_card,1,115.43
e28cdbb369d8571cdbe57fae21bf91c1,1,debit_card,1,126.19
"065a7d9057589f809082e012f696cb5d",1,credit_card,7,73.97
db7576b1fe440f4c0a808855aacf0948,1,boleto,1,18.62
"59242532335f9d910b9f7d22be39bb59",1,credit_card,1,159.89
b3d481d6ef4fe95f82baa8d0689de1bb,1,credit_card,2,119.57
b662aa8d6c39f00e854cd5142e2b1174,1,boleto,1,189.37
"67348b916dece1709eda43da06e03fed",1,voucher,1,35.10
a147b97f47abbdb02f67ea00da442cd8,1,credit_card,10,145.01
"5ee1e8b9ec2a16618f25fce5407f136b",1,boleto,1,55.09
cb53cf5b28f49e1d2f166c5abe50c31c,1,credit_card,5,144.31
"19eb6d9e0eec2ce9755aa5c2a0969eb2",1,credit_card,1,74.49
c0a4f59b8df4e3d9d73bc2d28982fb1c,1,credit_card,1,76.29
"249e512a5776328abbff6e280d2f3199",1,credit_card,8,89.07
"94895f7d1c2013757411b7ea098bd37e",1,credit_card,1,55.96
c391d14cd15fc8e3e71ef9dd58fdb6c3,1,credit_card,8,99.70
"0bf673675c563f37ba07ff5f1210e771",1,credit_card,2,276.52
"665bf879d521fe72a93430b55f6d5e54",1,credit_card,2,174.41
c8035c255b0c345f46e7ed85cbaf1a79,1,credit_card,1,67.24
"14a074fe3d79fc38758adda996f83e00",1,credit_card,1,87.01
"1b211e29b1a6d0431f4f9daff2f2e207",1,credit_card,10,256.91
"285c2e15bebd4ac83635ccc563dc71f4",18,voucher,1,1.70
c3446ae06c997834544dd978e2c4cf7c,1,credit_card,5,99.90
"2a02dbd2e676fcfb7ee4d2bffdc4b378",1,credit_card,1,95.37
cc000aac6ca104393a6fc66938e19ca3,1,credit_card,3,111.20
"11ecb8ddc28c95c21a3ef305377a477c",1,credit_card,2,172.62
f6d56532c36ea6f092b4ebec8ab97a54,1,credit_card,2,49.02
f19aee0ec494fa468b59ae57ea6af345,1,credit_card,10,882.87
f29bcfc9110dfb7b1fc0f77b31b749b8,1,credit_card,2,162.47
"1636a9053d37c67f6463b90121fa81cc",1,credit_card,1,44.76
f32423da322088b5d4bb9b249496f84b,1,credit_card,1,92.90
"928c5b1abd62c91a35df8614b271d05e",1,boleto,1,31.11
abfacef50a27d7cea3f2c7aa60c08245,1,boleto,1,45.00
d1b62a5d2ca100631325506820830ec2,1,credit_card,5,120.87
"00ed64bc080d87b4ab7f0c433bc5e98f",1,credit_card,1,61.01
"0e98b09e43ae533343cdcb8b766dc4f1",1,boleto,1,303.34
"94e51ec4177923b1a9f4deb3c5187035",1,credit_card,1,2.50
"3c321c1ff61263804c94431316e7118f",1,voucher,1,72.25
"59b931645b38766a41bef9244d4ee476",1,credit_card,1,95.52
f7fd9088963ee4f442fd642219d80fb5,1,credit_card,3,69.90
ec7b08d39b75ac7d28c6fda42d3847b1,1,boleto,1,60.10
d20dc9a4af7f6a0c44930ff40e4d6725,1,credit_card,4,131.69
"818f7c870fbe03dd57e214684293e74c",1,credit_card,1,146.94
fa7809f6cdf09dfab24cfc2669964ecb,1,credit_card,3,52.22
b59cf01a46ed2ffd1319e181d3ac2217,1,credit_card,1,82.88
"7ab31af36d3bbf466b048fe0e1dd0dde",1,credit_card,1,29.69
e4c2e14a7b74c353045f9b611e4e87f7,1,boleto,1,98.51
de02f1fedf59ab91765817a349261f93,1,debit_card,1,121.74
d17c532b7b6e2aa56945b55f0757fee4,1,credit_card,10,1014.99
d265e2114f019b12adfff1e68a241a8e,1,credit_card,1,41.50
"56f67ddc4dcd366ecf0d6ac941581ac3",1,credit_card,10,136.10
cb8372ec4562008e6648acf4fa8b81c7,1,boleto,1,60.87
"48abd4dcc16f0885de523602c047d437",1,boleto,1,93.57
"8f4506a1cdcab32fde709a67d49778f5",1,credit_card,5,62.61
"1255820c3de35d95c502602125ac42b4",1,credit_card,3,84.07
"0a93b40850d3f4becf2f276666e01340",1,boleto,1,38.00
"57f2a60c1d6d8f4fb076ac300e53bc1b",1,credit_card,1,108.25
"64766c48d0be21c815096ba7bac96ed5",1,credit_card,3,292.22
fdc16f82eae13ca294b737e810effbfc,1,credit_card,6,67.60
"2a18b3d0f12775db98aeb028d0e388da",1,credit_card,1,28.09
"66fc85fce01ca94d68a669ad2f78c035",1,credit_card,1,58.41
"9b11f3c4f8e84ce1374d64914b6a00b0",1,credit_card,3,160.53
f16daf0b2c8f62c13982bba10f575145,2,voucher,1,69.99
"09143df8420b4ae4770ea14dc443b487",1,boleto,1,91.45
ecab0ef57dde393108e5c0821c684f70,1,boleto,1,74.24
d62c659d70b5d48e0533f60fc47d6791,1,boleto,1,1164.62
"06911dcbbf2310bd9da4156fd3abb632",1,boleto,1,162.06
"304e7fc7db4a67a8ab0403ce4eb42ae0",1,credit_card,1,68.62
"884b42885f11cac2abce880659eb1b0b",1,credit_card,4,45.43
"1655b4671d5cb121e9e7d9fff9a44084",1,boleto,1,164.79
"062668b0f8fe98dbe6d23ab391e22c81",1,credit_card,10,369.60
"368b20312c68710e9d75cbb5cef5c469",2,voucher,1,22.47
"297885db9322571cf7e8f87662362888",2,voucher,1,50.00
"3794637715d8b081505b74d3274f9c4c",1,credit_card,2,94.74
efd5f6d335841ef212ce657580faf95d,1,credit_card,1,610.59
d65c4249ab7af6bab389533d3e320eb4,1,credit_card,4,83.75
c3dc9e818772dba4ee8082d999b9982b,2,voucher,1,80.71
"77810238ed0e20808a213bcdb0de6ae5",1,credit_card,4,53.79
"95ec9fe2e9c23dd55749ce07315b818e",1,boleto,1,122.93
"39e36f442707e044192658098a73ec27",1,credit_card,1,57.29
ec00b687490dbcd07e98596ae801b8cb,1,credit_card,7,79.94
f0f9153be6d430178e9a23d78d3c1261,1,credit_card,8,276.07
b60e330e00299aeeafa976b885447190,3,voucher,1,16.39
c1e2bf2b7dd3309f2f5356c6b63968fa,1,credit_card,2,326.78
"84d7b8f09ab474f27e37c8d220a996be",1,credit_card,1,114.00
f2096a3d2bb2743b500f6e6711cbf438,1,credit_card,6,280.06
"50d106ba3cf9cbe0e44dada341e190fc",1,boleto,1,646.00
"08597f2b3cec1c223f1b7950bda0a9fc",1,credit_card,3,45.00
"634e8f4c0f6744a626f77f39770ac6aa",2,voucher,1,227.20
d4d59632b48a026cbe13a59ae7af6f9b,1,credit_card,3,67.77
b86e22e5e3a066c2ed4ccf5ac6553481,1,credit_card,8,88.90
"41fd6d7314a043c3efb80fa61af305a2",1,credit_card,2,81.51
ec4d827c7096de48c5a84a438bcd8922,2,voucher,1,58.42
"15e59b8fd2802ac2c5e6d7571775b661",1,credit_card,3,91.74
"599647f3b1e2a0c0f0d2471bf9e9e353",1,boleto,1,61.79
"8dcedca18bb1b1f7a5db3ebb636f372e",1,credit_card,2,253.18
"31b157fa9491800710e3feeb482ccee9",1,credit_card,1,122.37
d64a14f0bda63154a36174c4870ee78c,1,boleto,1,87.32
"99d738d6bfcf410fa6924ed854246917",1,boleto,1,960.49
"86a2b80cb9bd413ee74fefc7d9388fbf",1,credit_card,1,62.33
"2e9218017514abac32bb20f975e15ecd",1,credit_card,1,7.81
"189ba95d81c72d1250e45df72f8acaa4",1,credit_card,8,173.64
"4637dbe88df1c99a56490330b954471e",1,credit_card,8,634.83
"697d17b442e7f401feca0e794a359fbf",1,credit_card,2,208.14
b552bf4c093b6c4804fa08eaee94a786,1,voucher,1,8.97
bc15fbc81213ff69f9fb7ba05d73dc33,1,boleto,1,33.09
ae6892262d72790a9568fd4f4ac198f3,1,credit_card,1,67.50
"7d2a5a332a83c3d6a7f9f2d9801575e7",1,credit_card,4,107.50
"75e6b640cd630f2a1b0250fadc68da12",2,voucher,1,293.54
"1bfcd078cbb68e01d2ba1f6d35420f94",1,credit_card,6,170.63
d756d977405b47db7635ff6c50a6e6a5,1,credit_card,3,37.79
d6b77bc6a9aaaf549d60d3f5ae45fef7,2,voucher,1,70.68
"845f4b93a5d0c16feb325ed52d31799b",1,credit_card,15,262.03
"1595ad12e30eb87fdcd5fc501f7f93e9",1,credit_card,6,132.05
"7229af88b3e016ae8214948aecf9d19e",1,boleto,1,64.00
b9b6258fd7df83978bd49c201c288953,1,boleto,1,66.99
"726050586b99cf152bd2d7ea5065b7dc",1,credit_card,4,50.96
d75367da6a5ef6a395dd2657abee2602,1,boleto,1,31.22
"8fae71b6f454805690863b38407497c1",1,boleto,1,270.99
e15a56fb22219e39b15a7c75987361e9,1,credit_card,1,106.87
d3f9832594bb9037370cdf8bdcd052cd,2,voucher,1,105.79
"6f33b28ba717ec41a3d1e1901d492e05",1,credit_card,2,331.85
b081a26ca9566254713995a623e0941e,1,credit_card,10,224.82
e9320080aa3ee01f2ddb759c9660e140,1,credit_card,2,26.77
e42a84e9da2661784849b93dd02c579b,1,credit_card,1,163.79
"38e9ed036b2be6953ae1a0e9df7d01d0",1,boleto,1,58.13
d0d6cb9c9eae947723c51c3d492d4bdf,1,credit_card,10,198.40
e57c5c4eb04e271f8cb3de347b910287,1,credit_card,5,114.31
"5a30c9fcc9470e8316518e56e1741d50",1,credit_card,1,125.52
"2799d1147975330e011d0040e6c1f964",1,boleto,1,54.95
"04aecd02392f7ec523e0e3f208d7e890",1,credit_card,5,111.58
"0fb3b7bbfc3693b115aa62a83fad2714",1,credit_card,1,656.16
ecc1c9496493aa972c7bc40d94b2a460,1,credit_card,5,113.33
"0b33796d2382e9a9fde619a584ba7216",1,credit_card,3,33.71
"773dbd4b995047ec62ab094f9aa257dd",1,boleto,1,30.93
e694b95a2d201f01906a8dc752659d49,1,credit_card,2,247.46
"3a6be3906d26bffb0ee2c640eb2ac480",1,voucher,1,68.31
"73550eb25b684cc23adaf231e49609d0",1,credit_card,2,73.48
"13891a1a55cf023484b8b06a5c08049b",1,credit_card,1,60.09
b23878b3e8eb4d25a158f57d96331b18,1,credit_card,1,35.98
cf32e5a0f188cc90992084bec043a9c2,1,credit_card,1,77.57
b5b7c54093bad4e0d745214e691224d7,1,credit_card,1,75.07
"4316de0cfc625ab7e99d370f8916b0d0",1,credit_card,1,59.00
"633500d08d4de68291b91ac828ef3961",1,boleto,1,130.61
"13c74d230cafe0e3552cf45c74ed0ef4",1,boleto,1,65.35
b0b822b0f9346fb153a23ab0ac5214ff,1,credit_card,4,203.86
cdc1ac6a94d34f438c153db4b7b5a691,1,boleto,1,237.14
"9bad30acdfaeb94d3ad6ac40d5cdff7b",1,boleto,1,633.88
"8ff625fadffb2448ac1d434dffb4d52c",1,credit_card,3,58.34
"82d57496fe85e9df6e149099e638aef0",1,credit_card,2,94.66
"6958c1e09a9e49c2071dbb679d577422",1,credit_card,1,60.00
"5c3bb82274055ac07677d2c80c6b3a7a",1,credit_card,2,72.63
"597c2563d00470ca79904967e0cd6595",1,credit_card,7,74.36
"3ceb8926c7d570d68d8307beb320f2ae",1,credit_card,1,65.50
b3f52fa6786dcd3666e35723730fbb94,1,credit_card,2,34.75
"12b490136db583be9f294988ccdce8b1",1,credit_card,8,543.89
ef7e4d318e5714c1e8e07e97c981ce36,1,credit_card,1,55.44
dbed8287895d2b87a0e3ae54e1860dbc,1,credit_card,1,21.82
e8e92186741794a0da48d868267ce635,1,credit_card,6,280.86
"99022bc546d95ac49e5cc2ae5df73ae2",1,credit_card,1,68.91
"8b7b9c6bbef1d12f004035806f43996a",1,credit_card,1,141.92
c429015a547bb07b324a714d0800f1be,1,credit_card,3,150.67
"637c727b1b59f7bfc89233e573d05715",1,credit_card,1,179.80
"8d2277f13f62b13b16b95ad41120decc",1,credit_card,10,119.57
"27daa394276d904c4a0fbe8307e854b8",1,boleto,1,69.20
"137ee4a7c28123eb6bfdfb1a93b61156",1,credit_card,6,175.24
"6895b2b445ba6fc95b205ec5d0d5f25f",1,credit_card,2,121.72
"2626e09d49a63af0b7c21ef2635a3e4e",1,credit_card,10,1485.31
b16c1067c1dfbf95e228103f22b17aef,1,credit_card,6,62.82
"9a5d120ae552d50b367cad2bbd87caa0",1,credit_card,3,286.30
"106f773cca522fe33c40267418112669",1,credit_card,2,126.54
e58f710ed41fb682576f68826c0589b9,1,credit_card,3,84.14
ed81c7d735a856f576d22a5b9717b5c2,1,credit_card,1,89.07
"213035a57f21a80992c9c577de9e5484",1,credit_card,2,59.01
"48e44243f3ee11d238f75a74b76b8ef9",1,credit_card,1,70.44
"07bf5c685616f41e3e2ec06b6f5623ff",1,credit_card,1,98.13
"95d9d2979d40161be87292ff88563cba",1,credit_card,3,64.58
"68656d23f76667ee6ebe117db63ea015",1,credit_card,5,54.06
d3d9a3b1f8ed4b6c67d57a9c413582c9,1,credit_card,4,55.28
"5b9a0e4cbfc2d6a1347472c847a4a4e1",1,boleto,1,258.41
"642ce735c8fbbe62455426928980a698",1,credit_card,10,104.37
"4cf65f650cc60791bfb99bbaa418faf9",1,boleto,1,66.53
"06b8cdbbc86d64ea69af76036c523827",1,credit_card,2,181.92
a77ebed75b406465b5b43f03dd5cf909,2,voucher,1,50.00
"661bc0198982e2fb378b0075ac1e5ae7",1,boleto,1,268.48
"9d5435f6ba9bb1a52b6d0964139a3235",1,credit_card,3,115.94
"6ec56173121c5972d0fd631f0f084d93",2,voucher,1,40.65
d868cf92a5a1305fc7277c60062e81ac,1,credit_card,10,420.08
b8358512248715e30bad4e6e7bddd4a8,1,credit_card,2,89.45
"4fe900d6fa9492ee36b17a34cef5d7ad",1,credit_card,2,117.82
"8c1538f82eb9eab8cad2da706a90df93",1,boleto,1,30.75
ee2f263ecb1aa5eb20d84c8411acd9e6,1,credit_card,3,35.77
"4224f9827332624e60782ae9cdfbcd8f",1,credit_card,4,85.48
"2d2e008f58649a2e2e37304de7fa1ebc",1,credit_card,2,274.38
a3761cb6b3883a498fb7fdc5833dcfc7,1,credit_card,4,47.84
"9936b936a209fc553fd0d3790ea06978",1,credit_card,1,191.28
"3a2727b6397e6a6d5f7dad0d5d47e97e",1,credit_card,10,231.12
ccb6252838b1f9b4df467fe221e1f722,1,voucher,1,6.68
a04b614ebff4852b2d63c655c1588654,1,credit_card,5,291.50
"89a6292b97c0dd8f29261b64ad8aabf7",1,credit_card,1,112.24
"26d3771b463a99f7dca5a96346871d48",1,credit_card,1,805.06
"8dde8a7517f12da7ac022d2feac7db9a",1,credit_card,1,114.13
"1ff4d17534327066535e75b5bea441ef",1,credit_card,2,28.04
b5628337dad9ae1f38266f0e22fdae4a,2,voucher,1,100.00
"0f785010dcc39b620a31199592907f64",1,credit_card,8,675.01
"730f62be41828135d99ff15b84ea4e86",1,credit_card,1,52.78
"12619b9be5cc3665b3f36f1e4b4d0ffa",1,credit_card,3,39.95
"700629e7c6ce5bf5a7a467f595d46b16",1,credit_card,1,132.10
"63dba135b96cf8bb30f38a43bc02eae9",1,credit_card,1,84.81
ec97666defb2e1fade6931649731f776,1,credit_card,1,144.11
"8c6541ccd245c735762e6dfbeeeef23e",1,credit_card,10,697.23
"4fcde2536e61edddfbf8d3be91b70eec",1,credit_card,4,66.69
"110f190bf49ab04f3ead4f860570e902",1,credit_card,9,92.11
"8acd3c67960fe58a4eeed4d38cb3d578",1,credit_card,2,105.28
"2f88d9783a99fde6b8a2d5d325549fc5",1,credit_card,1,113.16
ffc0249fed109d5d056d7c79b7fa7dd9,1,credit_card,1,32.43
"035ab6fc3b7f9d16f714a337ee63b7be",2,voucher,1,36.83
ae9e63d9e351f66eb5f9032397bcddfd,4,voucher,1,8.72
d16112398f9c83cdef02abee328caadb,2,credit_card,1,10.47
"3aa2ae7ecf5c78c8928b540fed47058f",1,credit_card,2,144.31
"0540bf9189ef17aab470c4942f760e78",1,credit_card,1,160.14
ce3a102e866be15f5e59e79a3f18e351,1,boleto,1,102.48
"7046baacfed62d117699e43e9cc8ee7c",1,credit_card,3,203.39
"575fddcc90877446a5a777b509ac3786",1,credit_card,2,144.12
"7e7d02281bcb8b908e7e347469114ba8",1,debit_card,1,44.01
"73df5d6adbeea12c8ae03df93f346e86",10,voucher,1,9.10
cc66dee6fbc18bb79903c3a2cc14ff52,1,credit_card,6,136.40
"4b8f5652792df716a6e936ae0c78a935",1,credit_card,1,8.47
"64ede567ce1ed14dc492557b0fc88e69",1,credit_card,2,66.01
"292bb4eb07f86cd88e500ee1dd10523d",1,boleto,1,44.13
"6a38a689d8240ba6b2e79f89a9ecf5c2",1,credit_card,6,215.69
dfe27a883f9272758eb75f9ac80c1812,1,boleto,1,30.00
dc06d3b11cf4f6499a6fde2c1beda13e,1,credit_card,1,162.66
de969e85aeacf944aee95d69c327e582,1,boleto,1,40.00
"618c8ae12269b2fcb1eaedac90d6ed30",1,credit_card,6,213.35
"0fd8a0c97993a139d5277f2023f93649",1,credit_card,2,114.77
"30941734c8d62ce23498ca4758409a29",1,credit_card,1,39.70
"6ede6615bc35ab422df675c8a25de420",1,voucher,1,46.54
"10f79c7ff9fb9b8ce494bd5f0357aa8f",1,credit_card,3,65.22
ff3b94727ca0765e98e12e3eda65f82f,1,credit_card,5,148.06
"8115c56b23b02cb96cdfce13531a5a7d",1,boleto,1,114.06
e08f76fed43c999d57979d1879871ce1,1,boleto,1,104.96
"40940dc8bce0d8f65258a5d2d293038b",1,credit_card,3,170.76
b579612f258cd7fd3094cef8207e6f07,1,credit_card,1,6.60
"65b214a5e85949a6fcab64ff7e244426",1,credit_card,3,77.72
cb6e441ff2ef574ce08d3709426f88ec,1,credit_card,1,34.81
c3789b2ed8f91ea1e56451bc6387454e,1,credit_card,1,168.33
"36e694cf4cbc2a4803200c35e84abdc4",1,credit_card,1,22.77
c9e893d2e32f6ca9988b30669eb71e5a,1,credit_card,1,39.96
"6903412e8ef5bbc0934881a1059c0942",1,boleto,1,143.49
fbd05af8c1751b972fc6e19b1190990e,2,voucher,1,1.02
b857022c441c749e56d9722e49382a9a,1,credit_card,5,103.75
"61b8f80f57eb27a3d6f27f6578b6b3c9",1,credit_card,3,93.30
"18a9c1f948e1b0500785565ef4041b85",1,boleto,1,39.26
a103ca0d5926c0afb6a2892545f93a7c,1,credit_card,6,70.11
"356f68057b81e3a00ee64a8e16051517",1,credit_card,8,367.60
"9779727179007a2f946896a2d7150019",1,credit_card,2,237.00
"3a096d99346df2d6c043165967ff011d",1,credit_card,10,800.00
"7f86b02bd852306b5695ba14f0f95fcb",1,credit_card,4,42.79
afca71553980e9b43f27c3bb7d1c54ea,1,credit_card,2,47.29
"83aef7faf3400f2ca6fa465a8f483657",1,credit_card,5,72.64
ae6bf543002a1635b6158f90b3fcdeb7,1,credit_card,5,101.14
b6424d3ecaedf5f49836d503d4f0d671,2,credit_card,4,422.47
b02e2c6aae2e972475db33cb658c1674,1,boleto,1,60.10
"6b956b34f99a7e528a43837f49924e51",1,credit_card,3,378.57
"25d25cce0abe624c6ab42ad5e9e30820",1,credit_card,1,21.29
bbcd5aaa84b5c7ef86c0a723182d7a3a,2,debit_card,1,186.87
"37053f6579737659d5be0a513847b022",1,boleto,1,122.50
"8dfbe503a2dbc98c423efbe5a0426358",1,credit_card,6,247.98
"8fc7fe03972d77fcddb7e955ccb24dfe",1,debit_card,1,39.09
"2f1d1f33d34c7c83663ee62690921036",1,boleto,1,199.12
"50cfface6cf1a49abc9e3aeb6f13d995",1,credit_card,1,72.99
"88fcb8d7dc0b10a8579590c36f370066",1,credit_card,1,77.57
"7aaa96d3d1295c540305278952da9e7b",1,credit_card,2,107.00
bace36fac7a5dc678fe74da327ffb295,1,boleto,1,225.71
af9b17f2f1dfb02d55825bd0d7870d0a,2,voucher,1,5.86
d856e505d0de5e968c3b1dffca9c8940,1,boleto,1,98.70
db5ffcf21d69f57af9556fedec62a95a,1,credit_card,3,60.57
"60b7a154dfbcedf1c0b7b294d0cfae7b",1,boleto,1,55.37
a9e5c8ee36309e5b4e9dfa5bb219f6f5,1,credit_card,1,0.80
"15c4d15a595aaff02d4de63093a4b57c",1,credit_card,3,225.78
"7daacf43d9593e9a2959cc753578ce09",2,voucher,1,50.00
"9fa4a4aa87aaf6ac40f2e59527d91436",1,credit_card,2,22.59
"2dceebebb97f2c0222194e9c24c28296",1,credit_card,2,93.56
"377495cc02054f98a51667ad0e5a3933",1,credit_card,7,246.26
"66a9f793833f66aba55e3b6a54a08acf",1,credit_card,7,142.96
a1b21ec2261790512fee2636be05ae42,1,credit_card,2,113.57
"406c8182de18b2d9a20676f34b35ca6b",1,credit_card,1,21.84
f119156ea99ccffd1743bd0963675094,1,credit_card,1,64.46
"4122be7db111cfff4ce3ca4b4da19907",2,voucher,1,60.94
"403ce7c187ea2be61ea4f564d3c71688",1,credit_card,1,51.13
"68463e6110f0910eac75194e97218903",1,credit_card,5,128.30
eecc7f527a485f35b359dda66c9b3923,1,boleto,1,344.96
dc440c380cdaca851d50b4babb763a82,1,credit_card,10,108.51
b9bf94ff5b1f62b2a075bca13eb69bdc,1,credit_card,3,213.79
"2fab4de591dc7b69eeb8afb9a976ba91",1,credit_card,1,43.33
"307c55be8a2874385621e8f31a1a7923",1,credit_card,1,87.93
"1149d72adba9246665c80103bd7011c5",1,credit_card,1,17.29
eceb086306ac6f01d84d456703040293,1,credit_card,1,85.08
f61b61c2cbb4192ccaf9c2c76a4cc971,1,credit_card,1,49.73
"95640f66424853e44e3ffb0cdd8974f6",1,credit_card,3,557.72
ed7729e6796b85362ae02f41ae06ea03,1,credit_card,1,46.01
"6dc77aee6ae4add4ed0d28454450557b",1,voucher,1,20.00
"3abe5553bbe141a3f81101924fa4858a",1,credit_card,2,160.09
"2911b82b07d1481125508ab8b0292446",1,credit_card,2,78.32
be69fe9a7e7dccb7cac829b8d5bebc02,1,credit_card,6,144.68
"216a8b668866adcc7e2651ffa6c5ebcf",1,credit_card,2,395.00
"6b9c8c185575db6251ea1e2c699cddd5",1,boleto,1,102.06
be3f2215558f0027b83b3a51e6454c3e,1,credit_card,8,480.33
c11493212dbcecf2a5b3645d0e3d1052,1,boleto,1,52.68
"9e784561e351e3749a4dc15902d0e7ad",1,boleto,1,54.83
"86fafaeca020f3aecf950cc1fe6c68da",1,credit_card,6,65.00
b2976bc0899d6eb3fbaa0255ee3a000b,1,credit_card,2,28.09
cd8a58a1d0ff7371bf0452763dc5c0fd,1,boleto,1,249.49
f18cb9c90909f11a7adabc63fb188f19,1,credit_card,3,65.05
"4a34792ebbc108e28a7d9cc2332ed0e1",1,credit_card,2,55.78
c96496058fe55b7e844cd5e3a2562f85,1,credit_card,3,89.15
e560cc6069dbeeb38995174a47c13674,1,boleto,1,154.04
"6eb0408a126523fa821e4b54911c630f",1,boleto,1,467.90
"2363f4be725c1746c141cfe7e8432910",1,credit_card,3,154.29
cd693dfb1e36f241134f4ed028b11a71,1,boleto,1,414.08
"53e4f7240aa13df65778901b7e368c5b",1,credit_card,4,134.08
"56bafc014f8ed2f34cfe598592c65fd8",1,credit_card,1,88.92
"1ac04fcb479aaae425488d963ebd0847",1,credit_card,7,106.43
"94f1c6e75d7f8c25a1094c0f45ac1a07",1,credit_card,2,113.13
a57ded674d83445bb796dfca14cf8ddf,1,credit_card,1,217.97
b1b9a3b7e5a69074065f547c1e98c8aa,1,credit_card,1,35.84
"8803010b50c509475d4e35905172b800",1,credit_card,2,115.05
b378d3979dc4d1d8bd701f93e8b7ce6a,1,credit_card,1,42.11
a0f9d2f4fe6a25a06ee6888f635ba456,1,credit_card,10,110.17
"5636f3720054204170c8f617a9c7e012",1,credit_card,3,181.91
"1f201b2bf1eecbd0ad32c3f430846b84",1,credit_card,4,60.63
"9d6ebf13c4103f0a747d86c3c93f7af5",1,boleto,1,206.86
d522f96f6e68d83b5ee9a2e4fc2432b0,1,credit_card,4,142.10
e105d0f5799042c758b417e6dce2c3a5,1,boleto,1,35.00
"199333052066b5ab18aeb76df7c69429",1,boleto,1,47.82
"4d8efbb494637eed83bd4bb6d8bbf9f7",1,credit_card,9,206.75
f572e229540954ce62e0f8d20cdad2f2,1,credit_card,18,206.47
fad816458419d971cf858054b4482acc,1,debit_card,1,65.00
f3b7df7b744296234598c2e1fc83ffd4,1,debit_card,1,87.82
"0f213d7015dad47737aecd4d7403f919",1,credit_card,8,194.09
"9ddc868ed710a9e94bcbf5972309f450",1,credit_card,10,583.30
"07d23ebd900562c310938c158c23d6be",1,credit_card,1,41.79
"3abf6dc158567370b9270287cfcf25bd",1,credit_card,3,48.74
"2bafb039d56c1fc02e0aba4ef03e0008",1,credit_card,1,53.44
"9635ce9faca001ffd1c913c8e55deaed",1,credit_card,6,94.40
"275ae89ba1c842d7ce099ed4c633f686",1,credit_card,8,310.65
"69aeb590d8f4455ab0bb6b95154c2742",1,voucher,1,38.37
abab6e4d0ebbe62f0469fc4800cd6e0d,1,credit_card,1,74.03
"5d008274e5bc6e6fa48c833c4b0f36a1",1,credit_card,2,70.46
"71282e3ab70a4319b82314e59041549a",1,credit_card,2,121.64
"2be4ffd7d4cce421234db66149a7f749",1,credit_card,3,150.97
"3a0b207c999d48a7385a3ec9ceb251fe",1,credit_card,5,55.55
e3ec006ca1c696a42b47b941983aa2cc,1,credit_card,8,296.35
fb8e4428d340ab5bfa482ef6fc97efbc,1,credit_card,1,912.95
cf290442e580bf03533aabf4c492b6b5,1,voucher,1,11.24
"2ef78d4b9e33e5bb08a6ccff0771df05",1,credit_card,8,831.37
"82d48f3eb08cf0beca3cead1f85f525a",1,credit_card,3,71.14
f2c1000210dfbf33893aea78fd9d776c,1,credit_card,10,194.85
"59a9185f4ae4b284bf06962763f4317d",1,credit_card,2,136.07
b56c08deae453133c59a527bb26c1a0c,1,credit_card,8,560.65
"3c042ee4b8b597c3d265a93a21bbf99f",1,credit_card,8,632.23
"623a385bdb7d45cd3a9411fcee8e2c53",1,credit_card,8,234.64
a68c330c22c204ef5283a562bed75b97,1,debit_card,1,296.08
eb548af48abf2239b1967a6798cd1d89,1,credit_card,3,278.69
"43716fe010471178ec7f9c3be2a0c505",1,credit_card,9,94.10
beb200af87856babdcd5d936fa928d41,1,credit_card,8,349.53
"2502637317f775ba447bdb648a18f213",1,credit_card,3,38.09
ce96e1f727877ff03577e45707a78265,1,credit_card,3,124.79
"8c1b0b8e40f57cd4f9292d1fd328aad8",1,boleto,1,85.81
cad5d696e0d7bf7f475ff4cb616e7cd1,1,credit_card,3,660.39
"03d409e5b5b19ae88c43b41b503fdc5f",1,boleto,1,33.24
bc1b85147b5edbb7cbefcf5c1bd5ded9,1,credit_card,3,176.68
"74ce4e856952d6ed0fe4f328def2b809",1,credit_card,9,226.86
b148b0338ed3231c5dcc4564f81a7586,1,boleto,1,42.13
"1f3c5d4d3ca0267099a4c67b2cb29bd1",1,credit_card,5,149.09
"56c07a8c954c56563cd630953dab3adb",1,credit_card,2,140.49
"883d0564720695a23787ff3224aaa83f",1,boleto,1,267.52
ff3cf519c35d0a3c371c62b507838a45,1,credit_card,6,228.03
ff646f0b1571ec3bb3b46ddecce4d991,1,credit_card,2,126.52
"418dd833928c4570f94442ef4c76e55e",1,credit_card,4,75.80
"92884edd98a00a25b34deb79365a7c12",1,credit_card,5,56.50
f233e323b22b8b7b4e522b3506ee34b7,1,boleto,1,314.53
"741a088353f3774474ff3b2d7da8f0de",1,credit_card,2,201.43
d248a26c7a58d74a85d6baf93e5bf772,1,credit_card,2,123.82
b69baf52ffd3819be034752ff929ec1e,1,credit_card,4,153.04
cf04407ac40c37f0ec0e0873da74117f,1,credit_card,2,28.75
"4409c188d231bae1d6cf351748ebdd4e",1,boleto,1,53.81
"50bd37ee53e04d52626a5facdc6bd60f",1,credit_card,8,226.16
e7c4f491f1fcc1d15480115f1b7afa57,1,boleto,1,310.21
a5ea4a54db4df8ed51c9044097d480ea,1,credit_card,5,259.96
"1afc78423ebc34ed1e97cb320ac86620",2,voucher,1,7.59
bb048e358cc6dd3c087ba3b3ce36a190,1,credit_card,8,568.51
"31a8fcbeaa65f2a7dec1abee188ffcc9",1,boleto,1,188.74
f12388e0e8c7694fc38c8de19261054c,2,voucher,1,35.82
"49267f83c9f436f1147915577fdeb110",1,credit_card,1,64.10
be2833555cf50be44d494f1fb8c95ec3,1,credit_card,2,27.77
"89be631fd4bcaeb41bbc2f969b37aecf",1,credit_card,5,1475.08
"4723d2b5267461aedbbf2788ef629c31",1,credit_card,1,87.64
"1676fa2516c38753e7a0ee7fa8e41009",1,credit_card,1,110.97
f269e83a82f64baa3de97c2ebf3358f6,1,credit_card,7,74.07
"2a8dda5bf0b2fc7f28cc417b83441629",1,credit_card,1,176.55
de34a09fbecb667119c64e23d1232966,1,credit_card,5,125.97
"74ce493078c5a7c96f4854875b85581d",1,credit_card,5,103.55
e328a6bcc5577fb747cb1c2a16bd07ea,1,voucher,1,44.10
"4351879fb74d0a37b9c8dad7ba7e59de",1,boleto,1,137.18
b4700fc91bb3fbc155bfc04ae821ba04,1,boleto,1,122.92
"045c7a03ba28c7d7b3c58e3897f587a7",1,credit_card,5,205.99
"16527c396116912b555fa6c932501c08",1,credit_card,2,345.79
c5db0e83090bb51a4e80f3b323bdd9aa,1,credit_card,3,155.03
"43f8f1cb2ac6711ebff63254d2310e7f",1,credit_card,4,56.93
"5f244a6504c6895a4ab7c4cafe9b9a43",1,voucher,1,156.98
"2e7f2a6731020cda16dc217491d631cf",1,credit_card,3,79.56
f1f4bec57caa5671e6bbd650b5872beb,1,credit_card,6,64.00
"987cfe3348684fc007a1e9a4825eadb4",1,credit_card,3,138.74
"15209a5ea170d24d393e34f8bd52dbaf",2,voucher,1,59.49
"75c3993b743335fa57b1645f056b59d2",1,boleto,1,63.73
"069448c08929653f9280f77f9d746ee1",1,credit_card,1,87.52
b178e047b185d2f781a3646f88ec3e52,1,credit_card,4,73.34
e7535e2fc78c71f46b16b5331afae90f,1,boleto,1,82.43
"1d48ff4287c2ff4e757091486fa7c6d6",1,credit_card,1,152.09
e90da786f0f0041ca35e71de95ef4eb6,1,voucher,1,28.59
"367bbb94b4958aaa8dcfc0c9f920a948",1,credit_card,3,618.60
f1bc4367547388bec3e4ecf266defc71,1,boleto,1,76.86
c78b50d1c5ddfed2a5394dd0e90c4e99,2,voucher,1,50.00
"01bb5b3cb7df4da98ea2214d083784c4",1,boleto,1,52.59
a92989d6b4e63152fcafa23dfc8a2595,1,credit_card,5,170.95
"9156ebc5786466511701db24f06c5daf",1,credit_card,4,407.48
ab19f79cb894bf44994c117dd2ad3413,1,credit_card,4,48.22
a4a4243e6aa0b17774fc8f9c4ebc9fd0,1,credit_card,1,55.74
a9e15e580c42df5da11116e043623af5,1,credit_card,6,465.40
"3cbed01263e6284a8f07d667fc841316",1,credit_card,1,254.47
"715db622428425d51cc31f65a8b82eb0",1,debit_card,1,84.27
"6a6f4f30f771eb3acb7dd11e08a53e00",1,credit_card,2,94.40
ee549c8601bac7512958d585769c8efa,1,credit_card,1,58.78
"5a126b3da47d5cc3b50eedf4ed1a2070",1,credit_card,4,42.59
"1faeebbb8849914b3239b29fdc45492a",1,credit_card,4,49.24
"857699cd8c2658e12a5870b9b54eadfb",1,credit_card,3,210.56
"78febd227f47ed46eff1966e2b0b9b97",1,credit_card,6,66.01
f07ad60eb1e9d4b3be1029f373321408,1,boleto,1,502.80
"91917ed8f3cff7119b635ee161fc926c",1,boleto,1,107.78
"44b7e745838a4567bea39348717073cb",1,credit_card,1,49.87
"9b8aaa74d468897a211fb359950937e5",1,credit_card,2,216.02
"6aa12b7bccdfe9396d5feb50030e1b3f",1,credit_card,4,86.02
"1bfb96cdc9efb4a52f769d2833d992af",1,boleto,1,40.37
fedcd9f7ccdc8cba3a18defedd1a5547,4,voucher,1,10.33
cb52e15d9560e5dadaf5732671a919d1,1,credit_card,2,96.00
ccdac87dc9e04a0d438e99ba5f207c3b,1,boleto,1,82.13
"4189fe8c734261c2d73d1d42be33b3e4",1,boleto,1,135.39
"3829f15c6412e72045f01b63e798d413",2,voucher,1,193.28
"82cefc0ed05913e6d19b9d6283dbf9cf",1,credit_card,1,89.96
"1b767ee7dada9fcf77567007fb90c2a8",1,credit_card,3,412.88
"2438d5b697d42d6c29d6cd8c6a7eef4f",1,credit_card,3,37.09
ab7d581904e30270097263608c42ecbf,1,credit_card,3,183.73
a00e73405373c561c9df18fa53fb1af2,1,credit_card,8,82.12
"0322e0a7d6d283584e3dc181c67b1d12",1,credit_card,1,88.32
b290153199203cf58c0748db9b239ad3,1,boleto,1,86.24
"4c44ec23a8f0fccb0284605ddb1d1d66",1,credit_card,2,124.61
"3efebcb1a80d41e5a7865605155b8c09",1,credit_card,3,156.09
"62fb68c86804042f32e43982f71ebb1d",1,credit_card,4,195.50
"6ded814a50d02c15369b8b7fdff6a3e5",1,credit_card,4,126.65
"74a11d53ff594d7838a43abf53f0bd32",1,boleto,1,50.22
d5d08730b15d0799c76800c15449af9f,1,credit_card,1,36.56
a8715df62ddbba56b77f5ac4ecf71d4f,1,credit_card,1,204.54
ff3f28f64272f703c58d1f9dc3378c63,1,credit_card,3,225.35
"218ed7d83ada6c7163efb96ca0cbd210",1,credit_card,4,220.04
"3284a74080329a1d90714bf77280db30",1,boleto,1,133.48
"30ee51f86a9d676801e824efd4aad215",1,credit_card,3,89.36
f57f638b140f81ca2f2df180747bb46f,1,credit_card,2,104.87
d381b82dfce3b3c57938ed35c09ce096,1,credit_card,5,250.00
"12cce3d016df33ce0039ebb4ff5b5111",1,credit_card,1,120.09
"5ded9a59e8920225f45b1d0e11dc7d97",2,voucher,1,29.96
"5f32fe4a0180fa919a3a01ec75e5ba12",5,voucher,1,16.90
"109b43dc12d67a5107cbbfb7fe98d0ae",1,credit_card,6,195.91
d27e244ebc24f5dccc83996e2ba9abdd,1,credit_card,10,468.91
bad9f9185410578b6c9c9aa9d544d0b2,1,credit_card,1,73.34
"2807d0e504d6d4894d41672727bc139f",1,credit_card,1,17.28
"90d589e42b7249c447d31594bd992684",1,credit_card,3,56.57
"41c4b2ff8d7a24e95064ba2b122ec86a",1,credit_card,3,100.00
e1d102f12364768054a07dfa10fc43cc,1,credit_card,1,30.68
"43126a662685b18c4248ff1c8c58ca94",1,credit_card,6,71.38
"7bb7e430dba5149615b3083b33604d53",1,credit_card,3,129.19
"1df73825ad3aefd721f16df54e1e84dc",1,credit_card,2,78.18
"54e6829fe81bc86cf88b12e6d07ea298",1,credit_card,2,199.74
"17f668eaf6dac97de5fcd9bbbea1f474",1,credit_card,2,448.71
"350aad4e4bc8240326121102708f0504",1,credit_card,5,231.45
"80d42608ec46066a22bc8261471c7a21",1,credit_card,10,920.59
ce2d26887805bd860b4ed0368e29ae95,1,credit_card,1,32.04
c760d54a108adc3592bbdb55b83f2208,1,credit_card,1,68.13
"1857e77a4bad8abb2db929f107430663",1,credit_card,1,11.52
eec9f0b827bca9150bee156780bc2989,1,credit_card,2,139.86
c619ac0f9cdcfcebdfb9490451166da4,1,credit_card,1,159.04
e0fc6abd74320ea468f697164f069f8d,1,credit_card,1,155.76
"60e3ebce36d40be343e1f240b81a811e",1,credit_card,4,604.76
"85155db432ac11f95d0c59fac9f4974b",1,boleto,1,26.09
cf31da4c70df57f682299bfbc26a685b,1,boleto,1,103.02
"7c61b9e90d1b0ab05a70d9651bbfbe59",1,credit_card,1,75.18
ed8ff8e1133b8915071638d66026e24e,1,credit_card,1,55.00
ffd6f08f294bfa573e0eeb88d6afb17b,1,credit_card,1,366.80
"0bca8e07f15636c260b1f794be423ad9",1,credit_card,8,89.70
"8bc9548dbe844e1bf48ac197c5609045",1,boleto,1,79.07
"5fcfb33c8c186d01f979db1bc99405e3",1,boleto,1,341.02
"009742b43f4530bc3db7f62332c50f4b",1,boleto,1,146.18
e9cd616f98d71b98fd6464ec06a6f763,1,credit_card,1,43.93
"88ac33fac1d5d735fecc0f5fca69b0b0",1,boleto,1,91.96
ea4fcfe5ac29f18e634476ce3f68760c,1,boleto,1,68.33
f823e090c5fffc41f7a863aa7c66e34a,1,boleto,1,814.60
"9ddadedc86122b4be334ddb751017997",1,credit_card,3,162.11
"443f3ab34f06d2d9124cd153812b4ba6",1,credit_card,2,95.60
e460c3e09735ad9e71e6e6b84d5cd085,1,boleto,1,118.17
bd971b573fb91b8be91c02b0fc251b98,1,credit_card,10,216.40
f3bd551f3e8da9ba257cc4f68e4b89f9,1,credit_card,2,105.71
"4dac0c9aec5f460f203ce439f8af0f8c",1,boleto,1,38.13
a2ac268c7f6bb42562090016bb6ffde1,1,credit_card,1,72.18
"1a561b1e30fd914ae3cf3f82bf41d02b",1,credit_card,2,176.88
"09d3f9f1be63c067456cc619076685a1",1,credit_card,1,63.86
c304064c5422b0ecb8c6b5810d234902,1,credit_card,4,164.13
"128e10d95713541c87cd1a2e48201934",1,credit_card,3,37.77
f930a1f6247ed00d6fa9d8a09782c7b4,1,credit_card,3,353.06
c647254c19cb14894d4cf37d3d8e450b,1,credit_card,1,47.44
"34e2ac82143f77aa3935cc47dbfae4d5",1,credit_card,1,148.69
"6686e93efe206ed03777981a67e8c1db",3,voucher,1,18.05
"20558ca5369266042d7354ad272ce035",1,credit_card,1,95.21
e0578c04575c73456bf9891ae5db8c5a,1,credit_card,8,88.90
"8d0b6018a2f4e690127e0a2ea6cb4ee7",1,credit_card,3,44.96
"5ad82a9fb12ff34f8883ccfaddf3da4f",1,boleto,1,125.56
"0923cc4965fb98b0adcc8a7c6ee32f7c",1,credit_card,10,176.33
adeecc8758fde854ecaaa035e0ae212e,1,boleto,1,73.34
"85255dfbdf9d963a4517ef2587876dd4",1,boleto,1,93.85
c070197fda7a26801e76cbaa59b9298a,1,boleto,1,38.27
d8480a959e66ee2eb4420d02a097be49,1,boleto,1,723.72
"24cc22cb128428c65c92a125bae0b517",1,credit_card,2,27.41
"8b2c286fa36b36c8144eca3a464b09ae",1,boleto,1,146.54
c2f824d0d682afdbc47d03ee761da916,1,credit_card,1,54.00
d02c31bf4f5e040587f04c64f8e0ee9c,1,credit_card,2,120.91
"761a14c58cb2df04ac97a42b0edf05ad",1,boleto,1,84.56
ff2d3362026397b4633ed312ffcdab9f,1,boleto,1,38.01
"6914acb0f52f56529563f4f97062b90b",1,credit_card,3,83.41
"25d9bae08f05016b8afec9061834e1d4",1,credit_card,2,279.98
"44c6a1e50425d53433d3d47e8026f4a6",1,credit_card,4,97.88
b5344f6243a17061047a98e502ca5152,1,boleto,1,128.83
f8204e84e9a426029a3f9848738caf33,1,credit_card,5,118.48
"89352af3c4b001fbe430efb20dc66b79",1,credit_card,1,31.85
b715538d616fd676c472be1a3a10d05c,1,boleto,1,370.59
"466e5cddccc661ae332697cc83dcafb1",1,credit_card,2,54.92
"84f9f9d8251eed3b45a627d105aabe44",1,credit_card,1,20.29
e544389041b93865b618cbe3bd55f445,1,boleto,1,258.33
"03a09960f3b0d2b2565271fec21a8c94",1,credit_card,2,172.67
"43e1cbf9959b24b39acb40a44ff3655b",1,credit_card,3,78.72
"41262f14e0abde70b2d3683fe4b257d6",1,credit_card,8,185.22
"546925c91dae6410ea5a21172f637370",1,credit_card,5,478.05
"181ff95f97fee531c4afa9e882186f18",1,credit_card,1,126.57
"31d5120f144d73ba1e5aa4e747a328e9",1,credit_card,10,669.93
"9dc7367f5323e820036ac781a73715ba",1,credit_card,4,44.79
"9f2d05c96527e5387958a97d0ffe6fff",1,credit_card,10,323.83
ab589d1a6095c7f435a62f503146e1cf,1,credit_card,6,216.22
b81cc4c93b45374aaf37b68eddcd9702,1,credit_card,3,227.51
"19b8a677a41f55d06c3beda4849717b5",1,credit_card,9,91.19
"53f5a7f622d498ff3eeb334b8efa7ae7",1,voucher,1,4.92
a39dde177899dc1b42c696690b2d7166,1,debit_card,1,56.63
de001e88a16cecc089b911816d0cc818,1,credit_card,12,122.41
"52550cee1dda83b2c06260891897dc60",1,credit_card,2,549.70
"680b35174e2902cd642343db6b436def",1,credit_card,8,343.74
"5498bf7c13194844d474e73da1ab8bb1",1,boleto,1,70.32
c52fb5a3a299efd957043c432ca93553,1,boleto,1,349.79
d14da316939ad2245cd4bb898bc45a62,2,voucher,1,9.55
"8d3e2758268f6374b2402769a37c6905",1,credit_card,1,73.55
"14f0a731b7bacd25973e4b5edc708af7",1,credit_card,4,329.50
"45545b0586d46e77f4758cb7a15320b9",1,credit_card,3,36.46
e8e4a765ce457977a526f6caa4de22dd,1,credit_card,4,208.56
fccf0d3397491d555ae0d9a4689bfc29,2,voucher,1,99.98
fc6fa7fa7977262db8df0b27a56474d8,1,boleto,1,450.76
d92d62eadcca8fd6509c4d0afad5b2c2,1,boleto,1,98.69
"14b61cb802c6c32f64f9fa632cdaa60b",1,credit_card,2,90.88
e6a66a8350bb88497954d37688ab123e,7,voucher,1,16.11
"4188cfb6f4039cb4b50ee591cec8086f",1,credit_card,5,144.01
"32e76b791f3833aebe9064d2c09dc1c5",1,boleto,1,181.86
a5546177a26b3a3c1f39c7c7225a0e75,1,boleto,1,313.61
"9cfde86ce7726cbb901e3dbb50be48df",1,debit_card,1,48.71
d4fea11ff5517f07ba8cd4220302d1fe,1,boleto,1,162.45
"6810c2b3b3587a83d4af69dcb68295f9",1,credit_card,1,1989.75
fbff57de1609c0c4544325e9dd5559ba,1,credit_card,1,65.48
"0c9f8646d592c21c2015b929996427af",1,boleto,1,56.96
ede4ebbb6e36cbd377eabcc7f5229575,1,boleto,1,72.75
"8375e62ff082f229096ecda5cbc957ea",3,voucher,1,50.00
"8be0e6cff38ca7f3d8709433d1f649af",1,credit_card,2,34.75
db9a0f1b8fd85bdad5394dbdf0179aa2,1,credit_card,1,32.37
"25735b38f376510aa1e9762e25343124",1,credit_card,3,67.68
c62b78b3cfa029c72cee31aa8280c9cf,1,credit_card,10,249.84
e4107fe2ed8e28268d643047f748cad2,1,credit_card,2,146.46
"04d11ad47e18aa9180d9d9cc7678f496",1,credit_card,3,45.29
"0be2b529a3bc3a0f53bf110c1f01eeb4",1,credit_card,3,36.35
d31eed7365397123a35f9730875d70e8,1,credit_card,1,140.08
b1ce906877fd32ecc3216688454fe6cc,2,voucher,1,13.16
"867c38cfbcd204534450b238734e4bbc",1,credit_card,2,352.94
a0241e2ae203d766eea6aeed90b91cf3,1,credit_card,5,221.89
"65c681e03f100e0ef15a100838d6b357",1,credit_card,3,65.45
"711b60257ae1101653980689f190b6fe",1,boleto,1,231.37
"34c18a8b5a4a469bd30549f852d97e32",1,credit_card,1,201.40
"538c572a252f5c6e5cc6a9f172c47a0e",1,credit_card,7,99.70
fd0fb35d5a13ce62b474dfce15334b5f,1,credit_card,1,41.75
"504a94f47000f6a46960cfba607df1af",1,credit_card,6,60.00
"9f7fdd2f2c7e4bb38623b722c3782e5d",1,credit_card,2,238.79
b7ef6596e29a5d29c0636d6548b96810,1,credit_card,2,487.17
c60a7bc7ab46cda8a60c952aacc83a17,1,voucher,1,13.78
"40b0b27e8d44ac649c24ff5e2a7afae1",1,boleto,1,153.72
"362cdbf5a3b5f297257f6e67be534a27",1,voucher,1,25.47
"05cb67bde9e73ef4ed72519d1497e006",1,credit_card,2,308.45
"8cdf6f8f13da3e9e57245ad6a35e5eaa",1,boleto,1,113.35
f30149f4a8882a08895b6a242aa0d612,1,credit_card,3,120.24
"4b56b0f11819efbf57af78ef26982ca5",1,credit_card,2,1160.77
"585373fc4f46e52b354d122d73e67fab",1,credit_card,3,188.00
"97f477568d1e8f1f8fae71bb70e93ab7",1,credit_card,1,111.62
"28deb75c8cd00d9b37fc3376aca1cc09",1,credit_card,2,225.62
"897ef7424df8edd3139511b631ae8e94",1,boleto,1,303.20
"7e7de734d9281a551ad36b6ea7fd0939",1,credit_card,1,71.04
"35c369ca367805c6b6c59ce554768eef",1,credit_card,2,44.40
b9fbe4b4e0e872ccaa4e477d2a4751a3,1,credit_card,4,169.00
"5bb5e53b117f231e116d1ff1f530c8ce",1,credit_card,3,174.86
"729bf6aed8c44bca10dba0fc98328fd0",1,boleto,1,114.14
"8092a1edb9b302ea942c2671edf4737c",1,boleto,1,72.06
"6d4e57d7c544dcf34b3dd4c1afb12c60",1,credit_card,3,192.92
a0c3da7d3585f46a33508178a1c205c8,1,credit_card,8,229.22
"278f41386e50a73ab83b1253a6f98267",1,credit_card,2,100.34
d4b428354090e5b6a8663c4c17976ac9,1,credit_card,3,77.03
abdc9f9aa061ebb21dc2ff3e37000ea2,1,credit_card,3,38.69
"7775f1a362c378b553296a6ac824ad0e",1,credit_card,3,50.10
"62b70e70c218b9d5a4d9b7ee14c286f3",1,credit_card,5,50.07
"476b812a7e4fc972646eb390517bddcb",1,credit_card,4,153.61
ee21a244d02c03d23adaa14fe3049b88,1,credit_card,3,321.91
"1491a4777b694dc4c2e8916fd9a99b1e",1,credit_card,10,111.88
"2ca434d66ddafd438f87c560ba86d320",1,credit_card,5,115.42
f35ddefd9f69ce48e6a38a12b97ec26b,1,boleto,1,203.82
"01490a4bdacbafe6de009b317a0c8bf6",1,credit_card,5,151.14
b1526a2bd67c99a417bbd10df7904bb0,1,credit_card,2,106.85
d4e4ac3c423a38f131a755f777d2f73d,1,credit_card,10,243.16
"8d6eadbda0197bd0dda13db3e179117e",1,boleto,1,17.85
"392240bf6b91914830b77ae8572cc0b7",1,credit_card,2,223.86
"59471e5f3a931a6b88ced311417896b4",1,credit_card,5,51.09
f82c97fae29a4711ae4800dadd3487b1,1,credit_card,5,191.68
c1eab66ff6c440a9f5d92f83b8f10550,1,credit_card,10,1373.83
ff41c61254c0df3698b8689d9493ffb0,1,credit_card,3,65.05
"2398303669883856391bb4ecd9a5db0a",1,boleto,1,77.97
"14f478070db62f51c33367debce4f1d1",1,credit_card,3,72.05
"34e578b2d8c11db4288447dd459f9690",1,credit_card,10,194.00
af4de21fc01c7d4570f5bcbbb28cbd75,1,boleto,1,61.32
"7b419fad2990895cf43c738f8e7d2d55",1,boleto,1,260.51
"760aa40d309654d447f272293804ff2d",1,credit_card,8,157.38
e81ca7ca15651afda77c69687b651bb5,1,credit_card,10,115.37
"0805ef7875f007ad8ae7f5179c939667",1,credit_card,6,136.69
"0d68c551465186fc0cc6b48f617e0f3a",1,boleto,1,42.95
"38812ede52a6842d03eb017fc2c9d92c",2,voucher,1,3.10
c8dfa9b022c03c9dbfe5e0fc504243e7,1,credit_card,4,59.10
"963d2768670ecd5c585e20b21a3d295c",1,credit_card,3,173.98
"70b6d521ebcb927f3a990459bc4a7c49",1,credit_card,1,169.37
d44eea28de99a2a7102fc1426d36f4f5,1,credit_card,6,66.05
"373050e6af734517549f69f888763324",1,credit_card,3,89.41
"2aecd29fc36d9e1ca2ea9f74ef4c7c05",1,credit_card,1,73.22
"36d2f4c466cc35f518fac94f87653109",1,boleto,1,40.24
c15a3ce7617aeffb3bfed1f6340d66e7,1,credit_card,3,32.38
"4763c95c35b33b41ba1b0ca27bb2fac5",1,boleto,1,279.17
"46b3e34b2fe9e7cb16d75fca93aaa180",4,voucher,1,11.64
"8d2d0f8cd26ecbe01fe9b2820bf45836",1,credit_card,1,50.41
a9a6410866011c623a3ff44ef92be1ab,1,credit_card,1,34.23
"30c4f4b428ca348c766ab59fbb03cf79",1,credit_card,1,44.10
"1b9fa622cb692f6e9d803d4a346bf021",1,boleto,1,29.51
"2b73fdaa269a7411454b64fea202acfe",1,credit_card,10,110.54
"22a6d394ca7d999b417f339db55d2cf8",1,credit_card,2,65.53
e6d0bbe2424dd2fc97db5851253f90d3,1,credit_card,10,153.79
e4dedbcf41b39d53b8ac735d22ce670c,1,credit_card,1,31.75
"288fa21578528e37e861275a550873d1",1,credit_card,1,77.28
"070a5949c100efc1ad56b852f5a278d0",1,credit_card,3,154.10
e083c10e9dd625b9ce09aff04e0d54a7,1,credit_card,10,140.82
b2399fdd417c653cc8011229c81b11be,1,boleto,1,175.77
"0a2da53685ead0fd45e8609cabf19f5b",1,credit_card,1,90.52
dd26c70e6896e3faa053b43b35ba8330,1,boleto,1,150.54
"40943871fddded9badd0c7a30758807c",1,boleto,1,110.18
"4635218e99d9201bb178dca09cf1acda",1,credit_card,1,270.43
"19e4266dc016719bc96212fff65532d2",1,credit_card,1,61.75
"73eca783c104f3d48b1e5c8d5b63be6b",1,boleto,1,83.05
"2d30cd6616e35533e19dddc672fe00e1",1,credit_card,1,81.78
fd86c80924b4be8fb7f58c4ecc680dae,2,voucher,1,44.87
"3a3aa033270279686dadf45ab96929e3",1,credit_card,3,122.94
d76ae02361b19ee1c7a277bf4740a64f,2,voucher,1,181.04
"74c5848d6368e4e8e59e65c68c681a4d",1,credit_card,3,34.09
"6e1ea408fa8ccf55cee9c6707e5584bf",1,credit_card,1,75.08
"7d07b6c1321e0ae86b7d6205e015f0a1",1,boleto,1,294.14
d2c57d721916c36343711be4e205ad5e,1,credit_card,1,81.41
f351c922b3d5947bcadbeeab096796b8,1,credit_card,6,403.95
"77dd0936b9f8f4340353ccb7e6ba7922",1,credit_card,1,83.73
"621419fdba0dc2eb4a35f91fc6c74c27",1,voucher,1,97.87
cffaffa29cba49c69e3ec0dcb839ab16,1,credit_card,1,31.17
b92fa055c4f004d4ae52eccce4efbe5f,1,credit_card,2,42.68
"2cef31063d49c0d832ca9bd13bbb727f",1,boleto,1,47.54
"14833d6278b9989cafd5e8930a961263",1,credit_card,1,47.00
"2697851a8696a6d7c13a64e8a9bafaab",1,credit_card,2,66.50
"3dff7447814a5f3da382bcedafa59462",1,credit_card,1,129.65
"025a548c7e6d70e6b6cf600a112b0d9c",1,credit_card,3,195.24
f8ac1de7953f257102599bdaad640722,1,credit_card,2,286.59
"5df709f025839459fa8fea78efac8845",1,credit_card,3,139.95
"51c07a9a553558eb945063c1a7961098",1,boleto,1,67.74
b1b6f4555a67701822ee36e2d35d7043,1,credit_card,2,32.70
"35029df95fa6e0af9bdba562f4fc8fb5",1,credit_card,1,48.64
bdabc74894435691ce6c9987a61b3d55,1,credit_card,3,95.25
befae3252c7f7ffb6abdeb4d3f4eb668,1,credit_card,8,173.13
"49d125fe3b5d0a36b001bf900951fe9b",1,credit_card,6,182.91
bd3f7e369d30332eaf77317c5424e0aa,1,credit_card,2,71.04
ffd9fe7f21106081de852f98c6c78dca,1,credit_card,2,70.63
"3ba7bbd7b7686df219611578ece6918c",1,credit_card,1,76.68
d3f1f35c8583aa166c2a666209a16b71,1,credit_card,1,111.78
cfb27c26476975225263b55ce04d8aed,1,credit_card,3,340.24
fb233ad89395150ee1cd3e1e90906dc3,1,boleto,1,45.55
"6c75a0779ee3835fcfd142d8ed8b2535",1,credit_card,5,99.35
"289cbae847c6623b3a488df45f472c66",1,credit_card,2,107.78
"077d6b93c4e88d06b124cf24fb67a28e",2,voucher,1,12.26
"8f6d779c78b777b6e9c03cd848b87acd",1,credit_card,1,94.63
"2b25bdbc985fdd953cced7c3fdf0a2fe",1,credit_card,4,663.72
"455b543c53eb86970fe22cdb9890a686",1,credit_card,6,164.66
c5bc852c581a2a4b56aacec903138baa,1,credit_card,3,316.79
b3cade492748e3a55960d5b64615dd25,1,credit_card,10,143.32
"524c24c3a53528c5a91a3311012fcef4",1,credit_card,3,90.85
fc0cf3fd5d9e2c6647933462acbb3f6f,1,credit_card,5,152.38
"4fc507af490f1dfdd4eefcc6a0144b40",1,credit_card,1,120.43
"34f7d354b559b06f85fde0f588dd5152",1,boleto,1,222.71
d86305c284cecff56c7ee9d3fbd4f8d6,1,credit_card,4,93.72
bc53a2a089447a4242222abfe51bd96a,1,boleto,1,116.94
eba553fed0622c7741f1e47ea751ad04,1,credit_card,5,51.88
fd846a883eef31061d47f7d1da654880,1,credit_card,6,371.91
"40b84381ff8cf557a3be3ad7b29421a9",1,boleto,1,56.78
ee6a209ee9b43643f6910b4077ab5e3d,1,boleto,1,86.55
"23185987a928a964abc85b9dec1f39e2",1,credit_card,1,97.26
be8e4e9dbf3bf93f4165a1a14d1455ea,1,credit_card,3,39.09
a37f223ddfb275821019dd70ef97b23f,1,debit_card,1,89.63
"3d98c6327fa1c45b931c31e7ca2c97cb",1,credit_card,2,74.77
b017dafe7c59c8aaf92ab3fa1ca54d78,1,credit_card,2,141.52
"07420892c4caddea9908f3e55218a5ba",1,credit_card,4,182.20
"1fe9c69cd9c7f861766b5fc17ba3102d",1,credit_card,8,95.21
"182979a3f93e0a1c87b891184ae126cd",1,credit_card,4,213.54
bfcec91a0841313fabd35ed075e4a8f5,1,boleto,1,37.46
ea5f30a182b04fd1296273605983b9a4,1,credit_card,1,76.84
"31bc09fdbd701a7a4f9b55b5955b8687",1,voucher,1,26.86
e4805728ef2799ec455a63ddd08aa52e,1,credit_card,10,317.51
"152f374ff951d09fe5f0e7cdb410dddd",1,voucher,1,113.11
"4587a031fbf9d49139d63f2bcc156693",1,credit_card,1,76.64
"27f453b6858eb4711c97e65001f7c4aa",1,credit_card,4,404.28
fff8286f77788ab8b55b2e5747fa7dd8,1,credit_card,4,40.27
fa87437f971fce498b2184cd2401e23e,1,credit_card,4,66.93
"915a913fc05ab382dafb7776ea8c9580",1,credit_card,1,72.67
ba77dbce1d3b09b90844c3587248717f,1,credit_card,3,161.54
"074e803978094c38b91ddd375ee6ca69",1,credit_card,9,99.01
fd9b6d62141f417da1ea28881ad297ed,1,credit_card,2,655.67
"7f6aacad04768429ee0301c97da50b35",1,boleto,1,108.00
"9f6afd2b6bb5e6ba9d5d9fc54c3c579e",1,credit_card,2,58.34
df32e509e806944de5c4b9141d1565c3,1,credit_card,1,35.42
"212c15b59573b9d8f5237f680f1f4719",1,credit_card,2,88.01
f536792a13716fb94028f1c59984763c,1,credit_card,6,66.96
a0b0c8f47189c8f5ae441368d370c15f,1,credit_card,1,120.53
b9959849df990d9d16667ecf7c9a862f,1,credit_card,1,168.58
"1087ede9a334cc652bfecf7e944aad0b",1,credit_card,5,100.82
c0b7aa955b674c70e833720661fa765f,1,credit_card,5,284.89
"540b0c68a4bc555477ee033cfb99b095",1,credit_card,5,52.59
"64a1e97cc0f745594490ea6b38f6a7fd",1,credit_card,3,30.05
"5985ffeab1ed2339fe93d713e2c48db8",1,boleto,1,29.77
"8eaffe8ae14ef70bec07c3934e06500d",1,credit_card,5,166.06
"1728847cf9a9a8c5f57a2e38bec5ecf9",1,credit_card,6,104.12
bc04e2bb63324cc86f60dccdc3f568cf,1,credit_card,3,55.10
"9dfd8df84d4f07cc8da0f2fa0fe96075",1,boleto,1,187.98
"40937e994b9bf8d1d1d545e2605e3834",1,credit_card,3,51.01
"910be2c3ca6942b34613e11764c42e1c",1,boleto,1,411.56
"5eba2c8978f62793868d93d38ea70269",1,boleto,1,77.57
"6d58638e32674bebee793a47ac4cbadc",5,voucher,1,2.24
"934b7f6dbf65d976b415011a2e286581",1,credit_card,1,1.15
"06c5eb90406de0ba873e721e9182ecfd",1,credit_card,8,342.07
e48aa0d2dcec3a2e87348811bcfdf22b,1,credit_card,2,58.75
ca254c5904f6a9a9063eef5239c54197,1,credit_card,1,79.52
"6122108ba6a69151ca91c80d6ce5eb75",1,credit_card,4,100.33
d1218a20bdd92bd626a0b8be8cbdcc06,1,credit_card,4,114.78
"866c3d690461371bdd01676cccd0dfa3",1,credit_card,3,162.52
"670e3b20191d3198a76069c8f9b12355",1,boleto,1,72.12
"42feb7d5648d74e7fdeee7163740cf5a",1,credit_card,8,114.44
e39b1c0568bb5cbcb35d685fc1185634,1,credit_card,4,41.52
ddd7e1f8c4e3b5f791b57bd791f38eef,1,credit_card,1,130.65
"33e13c48e5883f2a3ae2269bf57650c7",1,credit_card,10,839.97
d70a8dce003d1e26d1d5003bb5839892,1,debit_card,1,80.44
fbf0dfaa84a26a3cbddf314c3362316c,1,credit_card,1,33.10
"0bcdef8dcbbd4cfc9f7c9a9669e6c2c2",1,credit_card,2,126.33
"7cfabaea28ed8990f6ed91454a1a7cd1",1,boleto,1,70.61
"4c0a7f1d22a884bf17e3d17c2861f946",1,boleto,1,40.55
a0efa566fd16e01fa172403fa5d645d8,1,credit_card,10,171.29
"3e64ee45a339ce09c4e27564b45ba09e",1,boleto,1,109.29
dff79b743bbac91445b8b167b6ae9da5,1,credit_card,10,360.66
"69647a30e77959dbf0000636927c27d6",1,credit_card,1,70.00
"9ae081992e9b8d305a8959fa5507ffe9",1,boleto,1,41.75
d5db5ade6120da8525cd7eac0608d009,1,credit_card,2,146.54
e22acc9c116caa3f2b7121bbb380d08e,1,credit_card,8,141.90
f7bb51594cfc866efaf10953ccb34f85,1,credit_card,1,40.16
bb43ae69c04e445542e6d3ad2be52c4d,1,credit_card,10,170.70
c5243a7341996ef3721590b02577a8b6,1,credit_card,3,194.53
be6bc4cdcfc38b102553d294d1ba4725,1,credit_card,1,53.32
b7f955dbe116a63ae780222ad1b1da01,1,credit_card,3,153.02
e56eaa15f5d9c288f33592ab67c02692,1,credit_card,1,91.23
eab1a39f86d8586c5bd5d18ec94b18d4,1,credit_card,1,47.68
"352c07bd942e2c6def34464d7d84469a",1,credit_card,2,118.72
ec3921c711c656d036c7316503867f69,1,credit_card,3,36.10
"45f609157f70cc8017bc5c1d617ef629",1,credit_card,3,102.13
fb37491ec3b44ae85c9911fe79cc0193,1,credit_card,10,231.27
becfef8632cb82841c516ee0270695e9,1,credit_card,1,48.69
ee088b3b71973f18c74eb187567d42aa,1,credit_card,1,94.43
"6ea5512a5c86fbad911fe650286caa81",1,boleto,1,69.12
"1db1615a718127dbe9a9fd7546b893a9",1,credit_card,4,1936.27
"952634393483fd90dea9be0d3c8ea581",1,credit_card,5,65.00
"6404149e0477593196115459e16243a4",1,credit_card,4,43.22
"6af5d730993da615e313627e0ac37f87",1,credit_card,2,138.95
"6f3a2c8b196fb74e743e30c4cfa59ccb",1,credit_card,4,106.78
"03552fc24c87d99787c9e2e961bddc9b",1,credit_card,5,155.73
b00b03aa8a123e124b6c8674275138ef,1,credit_card,1,141.40
"9d812ac753da7008021863feabbd291a",1,credit_card,4,223.98
ea07fcd3f9385395f50217c8ca1eaa45,1,voucher,1,45.10
"10dd28056d3f546596690c33f28d7c8a",1,credit_card,2,56.00
"89aaf44e5c7771fbdeacb9baa428988b",1,boleto,1,139.52
e130e08b65b9f7e69f6d1d02faf39488,1,credit_card,2,127.38
"22caa724849d26dec4cd73ffc70bc133",1,credit_card,1,83.55
"69e00d7c58b9000d1e4f8dee5b2302a5",1,credit_card,1,28.13
"40bc2b2661f13c1a9888396ed56ba79a",1,boleto,1,102.44
f368c3e5edb7b7db5296654ed37464b2,1,credit_card,5,818.01
"483561c1a64813ba6588d1fab2f90f61",1,credit_card,4,123.59
a1da6725143e50ad30af2c7856a4122b,1,boleto,1,160.05
a462f2866f3b997fbc2fdb5fb62a9ed5,1,credit_card,1,90.05
"2f2bc2963a401290d92ba5b49f52f98f",1,credit_card,5,112.90
"7bfe0fc4355e0e894ad862a798e5e186",1,boleto,1,43.23
"0e93edf664c68e407889c757350ef76a",1,credit_card,10,494.62
e8ad0b1713c8caae74f6da945c60d9e8,1,credit_card,1,95.34
"71f28f100b9563aab8eeba751790d889",1,credit_card,6,157.54
"5037eaa70390c5b3b4073d0aaac80c15",1,credit_card,2,102.64
"5fe3264defad0362e5f017bda3404062",1,boleto,1,30.10
"701297a4e969ea9de58134eef0561b8f",1,credit_card,2,155.94
e02e028e7d2ce34852594cbb87cb7629,1,boleto,1,110.01
"787bfd3b90a91fda23d2e58665f5e1ac",1,credit_card,4,125.33
"83649f5bef804caee20776fbd535d29d",1,credit_card,2,37.20
c131acb8c30ee5b5d6063dac2470d95d,1,credit_card,1,18.28
"8462b558a3e124a93d9f7f3873028799",1,credit_card,1,40.10
"7eae91392531d2ea7d65b484173ea85b",1,boleto,1,126.90
"41fecd3ee080963d54b99007e1393f97",1,credit_card,1,120.09
"081820c2ad1ad7f6c452c1e845529fe8",1,credit_card,2,160.81
"5e7b379aa81e0e21c5894e1f71cb45d6",1,boleto,1,78.32
"85ca024d3c6ecdf9471558f7cb719c4b",1,credit_card,3,458.59
"306c38865a76ef1bcf4c98ed5f235673",1,credit_card,6,502.00
"49c9dc330935365ca454ba89a8a20efb",1,credit_card,2,81.60
d8e084f74fa06f591e326975ca18a905,1,boleto,1,201.29
"9804b55805c8c19afdf0e9af3e494a0b",1,credit_card,1,97.54
"4b582fb59bf53f9f3e213edbf4917a83",1,credit_card,6,156.98
"76de574e14e58baded25a12dce8075c1",1,credit_card,8,105.38
"8b8abb13e7d9e567f8dfdd816dba8ab2",1,boleto,1,82.90
"8a4f668d18e00326332e33d4153bc464",1,credit_card,9,95.76
"48234093c963b181210813cda29c7e2e",1,credit_card,1,59.31
"5f4232203a9f7cd910b49787d7f32437",1,credit_card,1,50.30
"9da99352a27f7bbe1fdbc9b036749172",1,boleto,1,167.43
a7eddde56d5836e33a95adc2e8586cf6,1,credit_card,1,52.46
"9803d53681d599da06e759c5935f89e6",1,credit_card,8,355.76
b293c4fde0d98fba95ab1e4b93334005,1,credit_card,5,54.63
"2d21065be26736159d37305af015d63c",1,credit_card,6,518.98
"996a763f13df13d00d9d9fd94f29f619",1,credit_card,1,47.29
b6b7c5714dc60f5699ec29abcb31cf50,1,credit_card,1,22.29
"1afe384f199748cff7a42c9902065560",1,credit_card,8,629.17
"0ab778cad17847f8538aa63accb88b27",1,credit_card,4,232.41
"9958682e9a3eea5beb7a32fde4612f65",1,boleto,1,111.72
"2d7112fbe786c9c56050866c853e3a7f",1,credit_card,8,89.67
"4ce5781581782e1783fb9ed718ab6053",1,boleto,1,48.77
"9d52ed75974d7c18cdbce888c9ecfc93",1,credit_card,6,63.27
"9f5630ff3b1445ec3e06b2cbe5c47258",1,credit_card,3,119.08
c8c984c9e6372f6680ea8945d09c589b,1,debit_card,1,58.03
"63fff75d3fa0d58efe7e92adb5de3ba2",1,credit_card,2,47.81
"71c9bb80d188804a5aa96f2380227453",1,credit_card,8,106.06
dbe7275504c44f616bb3af98bcf94819,1,boleto,1,37.80
"9d54d8f8b66f65b995f70ab7a098dcb7",1,credit_card,4,42.60
"78a1fb3bd56a7b18a8212fdc2da6656a",1,boleto,1,445.14
a91cd0ab480b37e19e1f6910d623d54c,1,boleto,1,76.20
adfb15b690df8a5aa4c327edfc6ea9f3,1,credit_card,2,67.44
c2dcae7d1bbabdf58f915f41c6a9308e,1,credit_card,2,72.42
"1e9848c0cef533284eeb143f5032a34c",1,credit_card,3,77.69
"486bce96008cea9cb14d0593189961da",1,credit_card,1,20.14
"014fc889637133d9075190ba873dfc03",1,credit_card,1,45.77
"13fd61236a6baeb00aba9df344275a78",1,credit_card,3,38.01
c7820995dbe03c41044d23a03179a74e,1,boleto,1,99.42
"884690bd130f0d8ab50eacc125dac762",1,credit_card,3,35.00
"08fa8b49ff198d1332df4668087150ed",1,credit_card,1,6.59
c3a151fc45138447691e8231ffbca189,1,boleto,1,135.49
"1c8993cccdbb60c365c24a8d16a27d6e",1,credit_card,1,313.50
ff2ac4e959a96a0c4dd3896f2d676267,1,credit_card,5,72.39
dfa3653e86520b99a8a2dceed4362a7c,1,boleto,1,69.50
a56a69de5d08abcdd997b45a40cdbeed,1,credit_card,8,82.31
db0b12b763f716df3f27218724161479,1,credit_card,5,497.74
b29b045636b2047829feea3fa73a0f10,1,credit_card,6,227.96
"7344405ad701aae9932fbabba0faa522",1,credit_card,4,103.37
c32aa6c419d45714f23c9df96f217cc9,1,credit_card,4,41.58
"750ec067636ece1a4c163a6e1c764fe1",1,credit_card,1,49.16
"8998e5470215f07da1f2529b486d0416",1,credit_card,2,173.15
"5ae50807e27aa5da76c61f26abd3a04b",1,credit_card,2,170.46
c9a973cfedbc212cd02b06b4fd11c3cd,1,credit_card,1,36.00
"7e6a53c33d1a45a56251e3153392aca1",1,credit_card,3,172.10
f538ab1833873a6a10bf9e563867c4cc,1,credit_card,2,62.65
ba8c6767acf3744b63e5880f35d7e125,1,boleto,1,62.28
ec94c4dc21bffad96b72b0e9fe8cd453,1,boleto,1,108.20
"6a6e5c462c252f8fbfae93257d8f3df6",1,boleto,1,337.83
ccfcc7f58cf5619fc40593dffc299a9f,1,credit_card,1,159.48
"5f90a6d7c0262682ff8a77f40e668e1a",1,credit_card,1,33.51
"44c0292da2b6567285d4d06b0ac1a676",1,boleto,1,181.69
cab899336401fd910bf645dc446d42de,1,credit_card,4,141.44
"5cdfbcdf87a3a8989d40dd920c8812a1",1,credit_card,1,138.73
"3c1bdb3d635a802bc38ca0b87c14f2e5",1,credit_card,1,69.04
e9bfa573b732937bcce0dfee81481cdb,1,credit_card,2,130.59
d2f5b152ffd674ba33f9e125cef56724,1,boleto,1,243.87
a46673a644bf3ee145a6afe288ed3e92,1,credit_card,10,171.00
"0d8ff4d3ee065cf5aef7c9cda8778536",1,credit_card,4,47.27
f7f10d7a910905b34e6d773deb330f8a,1,credit_card,3,88.32
"7c704545f1306e9cff9216e6f34d5111",1,credit_card,6,304.89
da0571dd2e59b32cca46279a02bfb40e,1,credit_card,1,72.50
e0b7de0aa24eda55bbc841b5a19e3fb4,1,boleto,1,262.28
"97ced3e3cf95caad623ab243c019a554",1,credit_card,2,33.40
"9aba484676dd70457681a3301c222d9f",1,credit_card,1,102.53
"6eb4105b2eba30c0d6f8e720d3909cbb",1,credit_card,1,114.29
"57b1df96c26b2169f7fd925e5c3dc724",1,boleto,1,159.25
"19003d20e39028b9587c8b6b5b26170e",1,boleto,1,99.94
f2ff6d86273f7dcc14a4ce28d03b3b12,1,credit_card,1,21.04
"084420ecc28fd09f04b4d0c5fa9929e1",1,credit_card,4,237.97
"1fe1e978b92f7df05fbfb749a2d20624",1,credit_card,1,54.00
"7f4eea789244d8b7281f619104c82bca",1,boleto,1,53.07
b351c57f3466ec0b11aa1696b052068d,1,credit_card,6,1005.81
"4461758febf28f20a599646b502ddbec",1,voucher,1,72.18
da563e750f105c9dd1639bc8723677bb,1,credit_card,2,131.26
"55d4d9c0f7de603b836a906fa3dc4d91",1,credit_card,5,54.60
"692648a2b4637c1a31bb54a978fe9822",1,credit_card,10,148.47
"085bc46be56c7b3c4d5d805843d02e5e",1,boleto,1,46.01
"7a14a70f9fa2682df5021dff14f9c356",1,credit_card,7,159.26
fa6b736da07e6fab64807d4d37d8062d,1,credit_card,1,33.38
dde654bf358fcf4943f36337457adaec,1,credit_card,1,35.01
ddc3d480190a889acc51fb21d634c044,1,credit_card,6,273.22
"1e6832ed905471e6aaa1c8e6c09186be",1,credit_card,4,45.09
c545d2c13c923518251d50c8efeaaef5,1,credit_card,1,14.12
"43cc7c567182b58ce0ee6a1f7c2447fb",1,credit_card,10,152.47
"24197cf765af52797f30b528ab2af7ea",1,credit_card,4,312.61
d454b242faeb348060250fcf92c1db01,1,credit_card,8,106.70
"6a924969e49789ee7b332cdc7677c35f",1,credit_card,1,105.08
d2d8c96cdc3a00c418d2a5539e598add,1,credit_card,1,113.93
a526b3be214b1d691e5400d86689e83e,1,credit_card,1,218.67
f7c82561ae5213f3564251a07c475d1e,3,voucher,1,11.39
"148ffca6d6b46bd5f71a7b22154baae6",1,credit_card,10,197.02
"5ea8047b7dcd75e8366017f7da509406",1,credit_card,1,57.77
"8c510c44b51565dc8e76fca5cb99f860",1,credit_card,1,248.55
de310c00c4111ff98be9166aa6213e22,1,credit_card,1,94.36
ad6752c93490621478814d2383b62f89,1,credit_card,4,99.65
"811aa327b15973b2865ec0e0ede70374",1,credit_card,3,118.28
e996c39018a2d8a9e46fbbbbb10ee3a7,1,credit_card,1,58.38
"56e857607d894b7e1d6bfca0b5ebb9e8",1,credit_card,4,46.63
"91994f8dcbbc13dc5c10dec21eb19d6f",1,credit_card,3,217.06
fe8d684a306224786c4e05733a48129a,1,credit_card,3,226.23
"53c13f6010b84ebe8ee418785dd62890",1,credit_card,8,228.63
"45f11d8a4d2495c964276e1b076dfdd4",1,credit_card,3,60.69
ebddf8921a89c56e1f375877575aecbd,2,voucher,1,50.00
bb6cd225b42f502ec8d67ffa892087f9,1,credit_card,1,98.04
"52bad2204cde9f891c55922f3a93f2af",1,credit_card,6,62.03
"768351bcdb7630b77da379eb5a54e9b3",1,credit_card,1,32.79
"01dfa7b5bb8dcd546273e480c27043bc",1,credit_card,6,65.99
fa0ee03f451f7e7f2df9fda0a1496bc0,1,credit_card,2,154.21
fd079c0a24ce2138def202fb00f1ae38,1,credit_card,4,234.47
"4d7abbf4bd3bb90f0dc241c1a6b2f1a1",1,credit_card,3,63.09
af32671d0b8ce510a94d9111d97371d3,1,boleto,1,162.48
"8265a551f1441d4dd75468036a7a5020",1,credit_card,3,288.27
"5bdb3afa1eb436b9c3de3957a486980f",1,credit_card,1,14.42
"3d959329c3f9a09c470085f1d4faaae7",1,credit_card,1,152.09
ccc1762fa4bea334f80983e3f3a933b6,6,voucher,1,5.44
"4d5c40dd2064b768317b735200761708",1,boleto,1,27.69
"81f0ac6df4dc86fd79d0ec097d0d4403",1,credit_card,1,37.76
"9ba68602fafba92a21fc48911251ce31",1,credit_card,6,106.87
f45e1a0f364b364c89d9a6d53a48deb3,1,credit_card,1,152.76
e7a399d4c4bdaa4f83d736becb1ceebb,1,credit_card,6,320.44
"32ef444756734af84aa60ffb0e56e391",1,boleto,1,81.63
c2b819b02527dbe8dfe424c00d999e0c,1,credit_card,6,116.36
"1c3a0db39be54440c72e0111f46856e6",1,credit_card,10,307.90
d0f706ec8a0d8cd8b1733c1f2f7f4701,1,credit_card,4,79.33
"1f2d748b450582951d24a89c0e2fa4d4",1,boleto,1,113.35
a2bc73324deae324f55c19f447c75d4f,1,debit_card,1,36.27
"37467cda81e62d78bf86acfaa7d9b030",1,credit_card,1,45.00
"3d7de5d37ece096e7130ead701ee9951",1,credit_card,8,571.73
f84f1918db50161ef8a8d683d1de15c1,1,credit_card,3,133.40
"8dc9057a0a0ffce645c10580a9cd0594",1,credit_card,4,43.09
cf8d72f2d5f3f85c3b72a64842862842,1,boleto,1,114.20
d03ba703f83e314f2bad7505a1031522,1,credit_card,3,68.00
"8ed4fab28a629dc8ac54a72fd279da02",1,credit_card,10,776.83
"9aa70c8fac4649c143933fedf26730f3",1,credit_card,2,583.63
a769c6d90738b1546865c01148fad5cb,1,credit_card,5,125.97
fc9d434ce58e80e3ce78dd7f69e22bd4,1,credit_card,4,84.49
"0ae3c4bb3c5a368054435dc7325c5696",1,credit_card,3,139.72
"3f44822628f0c503e75fad73768c844b",1,credit_card,1,29.71
"6f1651e4c1a0b1e952c2510138563e47",1,credit_card,1,47.71
"5330f2e5c80ccc8f1629a19cdddeda77",1,credit_card,1,31.38
"77f479e3e239f3478fe743b319837eb5",1,boleto,1,28.75
b6bfb06d57aba458ce3dd894dcdadb11,1,credit_card,3,210.22
a8832e9194f467aeec913376c1c473c1,2,voucher,1,17.55
d9102d5c83f5e99bcf6d5971a2db0606,1,boleto,1,99.15
"64b529353878328be729b0da4b3041bc",2,voucher,1,175.91
"4d6de9e9aa5820e340e8438ed218931e",1,credit_card,3,35.04
fa1885a7cb632c832c660cc710bae77f,1,boleto,1,98.34
f789a918deafa2b5038816382156c930,1,credit_card,1,48.01
c6b27f6c73ec84ade249e9dd5bb6d456,1,credit_card,1,208.59
f7756b6831d1f8e9ffdd15a08942cd56,1,boleto,1,315.84
"5f9146371506c318a20721d5689dfb57",2,credit_card,2,73.48
"1441bdf56d9316c4649d04ecf5055bf5",1,boleto,1,364.99
"59448c2e076491032bae1cb956f03ceb",2,credit_card,1,2.38
"55c76b1c3f3d54cae39dbe18b803f84c",1,credit_card,2,39.60
e7fa33e7dae8b411a97ad688c93d6cbc,1,credit_card,4,40.09
"6ed2677778c1c83cac211c10199cb7a2",1,credit_card,1,88.45
"1590f37cad06b14cb123f6a45b2bdf4c",1,credit_card,4,45.70
"3d9650eb93f7e3a88b65616691a0126b",1,boleto,1,125.86
b118865ab4b10eac2113204b666d7ab2,1,credit_card,1,69.83
c7437eea29f47fbd3d4baf3f4b83c5ae,1,voucher,1,107.24
c7bcf14cf0fa48837a78fe5cc16b6934,1,credit_card,4,557.87
"5d6ca8d2f39c609dc330b731dc5777cb",1,credit_card,1,38.68
"79552be7b4863907fb19aa3c8bba9692",1,credit_card,2,111.62
"3ae0851b6ee221c9db69aa800b869e3f",1,credit_card,4,230.75
e98c1902289b968eada0709158767a6a,1,boleto,1,38.13
"0d01eea244609b22f49983e36c80c89c",1,credit_card,3,109.00
"47b3fc542306133e109f00371870c632",1,boleto,1,224.09
"2a197a3a167970df77d91b94905578a1",1,credit_card,4,47.58
"55595283657c40a4e48711b28049056e",1,credit_card,2,165.70
"8fc8761fcdb6ded41323d2a484136e63",1,credit_card,3,35.00
eeb1f86a9f9c08e3eb0bbb7186dccf60,1,credit_card,6,79.52
"3751745dfce1d1e272f8eb38c1424a18",1,boleto,1,62.28
f56dc9034c3962e36d49fb73baa12800,1,credit_card,4,205.81
"00ac2a1ec784f71feeb7ba1e5959750d",1,boleto,1,56.32
"5d1af85a51beb3a9787bdbe3152a024b",1,debit_card,1,77.22
abcf460ff11589e91290e8f95caeeef7,1,credit_card,2,27.40
"59ffc24bc635a0a0f190bf021df20508",1,credit_card,4,61.79
"82474078bf3b19dd0e8a32f116334255",1,credit_card,1,67.83
"95f5c913e50f7b1edfe05e8a38ba88d4",1,credit_card,1,96.62
e4cbb88fcf9a02837b22b1f6f812a9ed,1,credit_card,1,32.02
bf6ead07100465b8b825c67e0f6dd2d0,1,credit_card,2,27.79
"1407ed7d738d943469994266e9706b46",1,credit_card,8,1260.76
"67d234bcc416725cb502c08117a69500",1,credit_card,3,43.00
"798b1ba562e78509f5647f85928f069c",1,credit_card,1,44.09
"79d157d689965472f742cb6b30a37b40",1,credit_card,2,114.53
"9ca8a98b31ed734b2db90fca420cda8e",1,credit_card,1,24.94
"2f294840fea106bd571d9753ef8decb0",1,credit_card,1,29.10
"6814e5323f3559890d60955f42d2c8d7",1,credit_card,1,52.10
"0ba4b12916fc52234012c61ed7ebce94",1,credit_card,3,135.51
a18c79818d51b52442c98a61634c558a,1,credit_card,1,79.41
b5572b1a9c58d00d3ad345667cd3a0de,1,boleto,1,199.14
abb71d0110c4be1a1a0c52f929cab4a3,1,credit_card,8,2838.22
d322a3ba4223a4f30fb7c76c8202563d,1,credit_card,2,83.72
"324213c21d2577b17bca52fb418cce03",1,credit_card,2,117.37
"2c0850997a2ee7ab84dbd7b4c909b667",1,credit_card,1,253.80
fbb4e83be54abdb39f7b0673acc6beb2,1,credit_card,1,157.13
a5c523f7f14f85ee88f26643f9a99e66,1,credit_card,7,155.05
"33bb79c28616262f5e3fdcf5e678b266",1,voucher,1,60.75
"7588fbb6c9001d45b0f2bafb4be7ef56",2,credit_card,10,109.70
"9899f511f5fad599e46683421fd9e6d3",1,credit_card,3,64.77
"46fa06f347967f46cbaba58808c81eca",1,credit_card,1,81.79
"4dfb733b29969397d64be1d58ecb7d42",1,credit_card,6,93.54
ee84f723ba16fe4a20bac5b9aea95e76,1,credit_card,1,251.09
b2d895292b5119d7d9306512de5bfe79,1,credit_card,1,83.79
"3c58bffb70dcf45f12bdf66a3c215905",3,voucher,1,3.88
"95ed64a88b4c676f2b713158041fdf98",1,credit_card,4,113.44
"5d0862ad3516f31d71f9f212647e0c31",1,credit_card,10,128.67
f1b7d9797859f45fcdf77b86d09e1bd4,1,credit_card,2,61.75
b8827e3fbdce70200068de321b62f11c,1,credit_card,7,128.46
"8e83e34d39ed0235b3460da4bd082fc8",1,credit_card,1,44.20
fb11e3f2905ee0f75ef24f40def76252,1,credit_card,6,128.88
"6e18b903d38ac38420a6d094ebaebb50",1,boleto,1,48.13
"904fe483a657d106e1801556704da474",1,credit_card,1,47.68
cc6995f103edcfb65e48d731aec60c1d,1,credit_card,1,101.19
b9e186a6d042725eb24122a767ea7063,1,credit_card,2,182.36
e1672b092e2a9b65547387642a209145,1,credit_card,2,65.71
"27bb9f8cf03a1e189a4047a05621074c",1,credit_card,5,106.50
afb8e7d292d49589f6583efcdbda2058,1,voucher,1,95.30
"31725408e39733c6fbccf9559d25f0e4",1,credit_card,5,264.54
"12581c5de9b60bf327002c906dd03e17",1,credit_card,2,193.72
"409bc4cfbf301b760050e1adec588929",1,credit_card,6,79.70
"7ad517358a6ed9836dacf1bd7cc9dab2",1,credit_card,1,118.47
"7e722bfc2987b03c9f86dc14857dabba",1,credit_card,5,170.38
"62aa575eee0e9366d015bca35757379d",1,credit_card,1,67.50
"34b26ad88bd9eea1ef3628bbbc624e8b",1,credit_card,3,89.94
"458a48845a6b2f3f15dbb0868c8f6c05",1,credit_card,8,206.69
"3a482da81f07c48902ac09603f648d1f",1,credit_card,7,76.65
"82cc41708a2af46f14addaf31ad61ccd",1,credit_card,5,78.48
dbba7ff437dcecd5e70b6ea4bb3ab37b,1,credit_card,6,163.68
"9ea96bace1093d93e7fcbdfabc1dc830",1,debit_card,1,82.95
"16c9ef138b75b95f8fd7969d2a2900ca",1,boleto,1,108.72
"5f69f6bf68dce110479aa0bb515b47c8",1,credit_card,1,38.72
a602aea3a8a3551032ed0214a2006707,1,credit_card,2,138.50
d479fa8a25e886f272e443a70acfb2d9,1,credit_card,1,62.44
f3c2158661b32530c0482c598745fc61,1,credit_card,2,78.17
ad570565d539dc76d6573905696f1a0d,1,credit_card,10,277.48
"71488f40fcb86621a50c86a9e1ce486f",1,credit_card,1,47.29
"48fa6f60d62fb1e0d0ada35a50180531",1,boleto,1,64.09
"8d73d05fe1d2142179985e04712e8485",1,credit_card,5,108.59
"434d158e96bdd6972ad6e6d73ddcfd22",1,boleto,1,508.17
"1b01d7d89cee1fbbd040078c1cd83cd7",1,boleto,1,60.64
"9bc5470258187bd978ad5e82284375fe",1,boleto,1,38.27
"46010c67bec146f0c9db27f42149c5d2",1,credit_card,1,119.83
ade74a481419f780807e4b4149e1c49b,1,credit_card,3,358.82
f00e76913de005d1e688bde18d970dff,1,boleto,1,57.09
"36da3594f270f9d28bae07df5974d240",1,credit_card,3,164.54
"4277cbafe32b1c895956bfca7cbdcc69",1,boleto,1,107.87
bda372c8f4f99cac883f9f8462f5fdfd,1,credit_card,1,116.36
"64a859a6736ad1d34596f44cb069ea05",1,credit_card,6,61.01
ccf804e764ed5650cd8759557269dc13,11,voucher,1,2.97
a7e2a9bcafab99efcc6c6c20523fa47d,1,credit_card,3,37.77
"5c26d05602b6bf6463faf31fe5031c1c",1,credit_card,1,32.38
"757a2790de00320b5025c522b180baf2",1,credit_card,10,133.38
ef91a0138a69318c86432c32ad98db82,1,boleto,1,187.89
"6434ca73491ebf0b471702a2506eb871",1,credit_card,10,1038.36
fef9630717f341d93127dbf1d27650c9,1,credit_card,6,67.31
"837cd2125d69712e32915f1617ff6922",1,credit_card,4,83.62
c6655a752771703762ecca5e27101b99,1,boleto,1,213.94
c0279fdc49b580fa9e3b659f87812b9e,1,boleto,1,231.38
f0fc730a1254996668db8e9161446323,1,credit_card,1,69.90
"71d7141d917163379d3bd485bb9a4265",1,credit_card,6,135.48
f961f6ff8dc846665af87a48ff57069c,1,credit_card,6,127.02
"90583aeed06ff85179fe55dc956ce115",1,boleto,1,73.48
d01395763bb11d18d9482f322715b80d,1,credit_card,1,160.12
bee3bdf96f440b4049e95e8eb6f64dc0,1,voucher,1,237.00
"0517f595d01e0c246ac759a754c6ca64",1,credit_card,6,102.96
c039d465e2d9486915f6356a2660e66f,1,boleto,1,55.83
"69be748e051308f0d341a9e6d30c7b40",1,credit_card,1,47.29
d7f48a8882bf0e1c1282d5204e96e24f,1,credit_card,6,143.10
"7351ff002cae99e94c0a6a1da562c331",1,credit_card,1,155.98
"61533cd20b6e0d2b003a57dd6b78fddb",1,credit_card,1,72.14
"245ab579b02d5d10ea1183942b060d54",1,credit_card,1,61.62
ed9c888e1be39c7492c5810bcf8a0227,1,voucher,1,37.78
"422582e02b67ce7dc6b05417796ee525",1,credit_card,1,177.16
"2e03cb2541b48c78aebca2dbfb2fc7b8",1,credit_card,1,64.23
"11aa678fe753b76d14deeb477735998f",2,voucher,1,193.54
"033abfda50a317e7664dc789031fbdef",1,credit_card,2,138.26
d089955a4f09c3d031b4a8b99017417c,1,credit_card,2,75.86
e13722c0887b5fecfbcf9771b23ddf36,1,credit_card,1,128.14
c2a4a8b4f1957c5d03b3ffb311d90c14,1,credit_card,2,87.22
"210f6de2695396bc0cc864241676e17a",1,credit_card,1,31.75
"7da1331ba1360722203a1815d5e80844",1,boleto,1,59.22
"246e8f5dd934761c8badf86d43225bdb",1,boleto,1,92.74
c02a5571a92c4122218c6471c440567a,1,credit_card,3,102.74
"333c2d7fa97da12f6523d992565cc8a7",1,credit_card,5,61.80
e010818e0f8eab0076d80f8699a22aa6,1,boleto,1,216.47
"21235c5a99a117c776a72a4de3276027",1,credit_card,3,109.42
d6b2cc5d981e25c858336cad7bde6e06,1,credit_card,1,102.53
"8fac65a1f16b2cad7dc493842c75a310",2,voucher,1,77.99
defc9635e736dc57770092284a0eeee0,1,credit_card,6,246.23
"2ccb6bec4f3730c45dafaa8beb92f482",1,credit_card,3,370.59
"3f741f27f2dd8988d7c287f567a35c52",1,credit_card,4,121.50
"7bc70bc321068d03533136557afe2959",1,credit_card,4,193.45
"2d2f7f564738bc7bbd535580aef84e09",1,boleto,1,187.53
df31c03f22f15e6460a9eeb4de4968ac,1,credit_card,4,134.58
b58ad6013994eef55be5cdaf76a1a14d,1,credit_card,10,411.24
"649bcc2d5a5b841c495f9d1f4cb31542",1,credit_card,9,99.74
"9f25f43e006aa4d61b6f1188696e93a8",1,credit_card,10,1032.44
"2d62ae6267e4fadef5b636987094dd99",1,credit_card,7,77.57
f37977715eac869c24d6402da2b7a3ac,1,credit_card,1,122.41
"82640416f7ea6860f387729e31d00196",1,credit_card,1,108.61
c271d6d965ce901e7efaae6879247e43,1,credit_card,5,140.30
"6304164a7279cadbe75ba08fcf6357d6",1,credit_card,2,254.16
"69177e2a4ded7df4cffeb0b2a0e3a62e",1,boleto,1,59.00
"79c697a71c6bfb37a4c83d238e695404",3,voucher,1,9.71
"5fe5d71d980a06a81a0f27c614ddf0a4",1,credit_card,3,74.30
b306e43825024d6a7727ed3bb863b650,1,credit_card,1,16.17
d692ef54145c9cb3322ec2e5508aa3f4,1,credit_card,2,146.83
"31b3e1e5188e76431af2242ebbfb4ba4",1,credit_card,15,484.80
"2d08fef3d5af150cd56996814ad895d1",1,boleto,1,260.52
f8033eab5248939afe7fa7feb4ac4866,1,credit_card,1,17.90
a5ab32d92df4aa22033de78a4c20dedb,1,boleto,1,138.60
"73207c3f43cbf7bc33ac5072aca58e46",1,credit_card,10,256.15
c603557da211df150d679fa72fdf25a3,3,voucher,1,60.00
"4454ffbb919a4763ae6aead697473b73",1,credit_card,1,350.41
"05861bbf66a8cc3d5cdb6db76fece371",1,boleto,1,258.49
b9a422aebaeb3396ee0b761b10c0cc08,1,boleto,1,77.57
"6fd7aad38ed11be7812e861b8947f7d4",1,boleto,1,73.49
"1c58d792be884eb5776e16738425d8cf",1,credit_card,1,77.57
a37057df33d7a542cf514f9cbe7a311d,1,credit_card,1,123.27
a02898dcd7117b317f28c8de4cb9af61,1,credit_card,1,73.96
"3bf31ab7902ee8a53800c1f3d57651eb",1,boleto,1,76.28
fd0d8a359529c8fc086392d5b309d9ba,1,boleto,1,137.59
"101157d4fae1c9fb74a00a5dee265c25",1,credit_card,1,43.52
"4ef09dfdc36677a4d599a0c1acace4ff",1,credit_card,3,166.29
"996959ad36063a7b8df71ab9d8b0ebd7",1,boleto,1,62.38
d749b12b674090063683ff90a811c2b9,1,credit_card,2,47.53
"68f47f50f04c4cb6774570cfde3a9aa7",1,credit_card,1,70.70
"5bd1a9bce151c7b6f014c44d3bd1dd08",1,credit_card,1,50.03
"7e41e7372ce6842cf380d475bf0927b4",1,credit_card,1,639.20
fe80ef8e06c4f85a39705d913eee0296,1,credit_card,2,236.96
d08bba6d656adbdc54eaf30b29532e89,1,credit_card,2,479.22
d8e4f17201e35b0341b90bf7b8be215c,1,credit_card,2,59.00
"236992e91012a3c75936dd524d4cb688",1,credit_card,1,19.21
"45c5fceca4f4409e9b086fff7c29e6bb",1,credit_card,2,92.06
"25f3f0ae63b48a081e219325f1d4df84",1,credit_card,1,41.96
"195194e3dbfe59a81261af1a6ffe7c47",1,credit_card,8,244.15
"0ece9be8cfc0d7014370475626b74cf7",1,credit_card,4,43.36
"5d2d00e8bfcca1d76a0335b147b1d020",1,boleto,1,156.53
dc8fb3af3f4e0969fc7dbc3128a836e0,2,credit_card,4,46.10
"945fb6d37a9ca75061ff8741ae8c19ab",1,credit_card,10,272.63
"7106145f3789df33a461a2544bc2953a",1,credit_card,4,61.96
d360a6c1f7b7eb35282e2c574c5cbf8c,1,voucher,1,28.43
fe1b5889171fd987d32665de60780aab,1,credit_card,6,460.22
"4f165f4bc415c1db76359351cdec5f3b",1,credit_card,3,165.30
"2a940654991b7eaeb541171e5e1d497f",1,boleto,1,624.68
aa9247a7a8a840b9bc4a0755c1c8485e,1,credit_card,6,75.38
"76aa52a8bd8995742d4da905ed1db5ac",1,boleto,1,79.56
"5790dbdc91eb7734cb388aff90dae5ec",1,boleto,1,68.12
ceb9b6d878227743fd57f4f50dff13c3,1,credit_card,2,277.96
"090967205f5215e5d3053cefdbce5aac",1,credit_card,10,893.62
cfd085695f8aa8900050cd7b077f412c,1,credit_card,4,63.76
ed273ac994e955e0c775eccb0a6512c0,1,boleto,1,1149.83
de76f809479b8391b6166b1448d83f3f,1,credit_card,10,202.82
"56d77d50d54aa1f038e28f269311b4d3",1,credit_card,10,283.67
ff2fa4d5d45e92668ba2af1a45bfbe03,1,credit_card,1,70.03
"7106d4481a2ba708b934d912e3b4413a",1,credit_card,2,86.86
"72ca18d829e0a0e0a9165f32316fefad",1,credit_card,3,383.08
"7a9d100d2a88bd95c3f8acd4af29d3e8",1,credit_card,1,38.37
b0d1a361bbba5b9253ef15ba8fa7b54a,1,credit_card,6,285.79
a347b0e4fa4bfe76bfe8df0c775a9f2a,1,credit_card,4,75.63
"5bb6be5ac31d6ab742083dec19b729c8",1,boleto,1,29.22
c401a80efe63c34dbd890d19e79311a7,1,credit_card,1,75.29
"9a5e2e79294284216bd97c19ba039cfe",1,credit_card,1,92.15
"9843c2a66fe0afda6509bc4274f743de",1,voucher,1,90.98
"8e6c595509a4fd87ead753eb70ea8c9f",1,credit_card,1,143.74
a3d09160e24a1850b3ab0d86e6281ab1,1,boleto,1,37.36
"99b5479599753883c7355ca6cb95b2c1",1,credit_card,10,719.82
d4daa9ee1fe28458773297759dbfe2bc,1,boleto,1,810.52
b0f913cb83681e8a8563b96b641b3e1b,2,voucher,1,9.05
fe4275936c291c453f09fad434e6b3d2,1,boleto,1,51.00
"788981eeae5e313081bd50e623f540f8",1,boleto,1,34.75
de74cb2fd733e35659ccfebf498ca02b,1,credit_card,1,6.96
"3552fddd13638d37dc6749a36ac7e589",1,credit_card,3,661.57
"13ba09b4ffd7128425cc35a9c382245f",1,credit_card,6,197.72
"90c086a01b85684eb03d4f7b99d95501",1,credit_card,3,60.95
"5764ae851e6c27213dc25d7c7e4c713f",1,credit_card,1,50.09
"42a06602c542e66dd5a4377a0270320a",1,credit_card,3,97.20
"60cb9171ec9aac65b572bf0486ff8751",1,credit_card,12,430.67
"26091f048710af6fa1c6d4f39d4897a5",1,credit_card,2,263.17
e33408facb2edeacee1b12d13b100fcc,1,credit_card,8,114.77
fc32248629afaea92d59f7086de552d3,1,boleto,1,175.86
"942ca92b6dd15a40d979cc95c6b8c761",1,boleto,1,95.56
"8a0fb3426be7ed94d14c6b72cb5b5774",1,credit_card,1,115.65
"718780b93362dd897e0d9f9982c87736",1,credit_card,2,82.28
"99b3d468655df7494c3286c020507fc7",1,credit_card,3,185.64
c3fc148b164409876f756553d99a1e6a,1,credit_card,2,135.58
"33481c8e76159f5a3318911105d58475",1,credit_card,1,51.86
"2a08278777d9f1a73321180ce445b630",1,credit_card,6,64.00
"0cf2af331f55382bd5698864658e73f0",1,boleto,1,72.27
"6b21d4143acd1caff8e127e69aba3881",1,boleto,1,39.96
"7dc5018fbc594b1ce9a945e6bcfc83c3",1,credit_card,1,48.32
"1f1ee480dfe62c3f7ab8829405e075c1",1,credit_card,4,46.18
b24cae8a85f1becbb93b9150bdd41a7b,1,credit_card,4,133.52
ffd4172b5df0c16bbd973c196b09bcd9,1,credit_card,2,153.36
"67796dbbc55a23910220b90d80294285",1,boleto,1,75.17
"041d39835d57e12ebcd5d992e2cc7360",1,credit_card,1,31.85
"8d41e13abb5f09190f8323201b806210",1,credit_card,10,356.36
a34f7357d374e2ef18edb18881327a0e,1,credit_card,2,94.21
"07a0bc58f3b841724c5b8c649da441d5",1,credit_card,10,166.35
cef338e968dd35054b01bf8811b30779,1,credit_card,1,29.89
bb8b33cf13619f7da613f72bb3bbc849,1,credit_card,1,73.46
"50767c383e0ad56bb2cd8cdf8f6c1d3a",1,credit_card,4,49.24
aa06ee45fd9abfa1aceccdf308434387,1,credit_card,1,146.68
b9eda83f0864d2d9a838fb0305cbb5d6,1,boleto,1,75.67
"5fd641e5e16c3b056b1fb4dd6e429c43",1,credit_card,1,36.68
"8a9de8d81c80f26c6ed99cfe3fc60154",1,boleto,1,145.88
f84e156e1671129eb01e38a679129538,1,credit_card,1,57.27
"04f026e6517b3845e4ea1a9d0328adfc",1,credit_card,2,35.20
"3d264124266b9f14b88b496f738ef0d2",1,boleto,1,94.67
"78902e5dd1f843cd182f10992137777b",1,boleto,1,41.43
"685560f41db4ede51af9319e0def06f1",1,credit_card,3,47.81
b874cad37f8aaecad0e9de14008e516b,1,boleto,1,41.14
"4fe85ba34d52bb088ed6dc9a821d84fb",1,credit_card,8,330.27
eaaf4c10be63cb2ea3e02a7512d4d397,1,credit_card,1,27.08
"4e574601fa03ae371593a005d9cc7a32",1,boleto,1,126.33
f19b9413f2deb98fbb76c8f57ca52a95,1,credit_card,1,38.30
e0c51c7d23c16c36c365b7ae8bbe6782,1,credit_card,5,206.34
e3071b7624445af6e4f3a1b23718667d,1,credit_card,1,51.75
"4d88b32561e3cedfbea460ffd39810f2",1,credit_card,1,112.14
"4c761041674866c683398d2c3d0d9163",1,credit_card,1,134.09
ac1d2f450b51b1b679146ec9877e7d61,1,credit_card,10,460.87
"14f90c3a16f99d432faf1ed9edde1379",1,credit_card,1,79.29
c8627adf430caff83161acbeb344d8f5,1,credit_card,1,285.59
"41202affb3415784c71821ffb3f95a40",1,credit_card,1,58.71
"2c04042e578878f9e172a2916e039ab1",1,credit_card,1,258.25
"513d0aea6e84d49ab30dda9ab70053b1",1,credit_card,1,45.93
"89775d04d56b85e2ce0007d65a3cd7e7",1,credit_card,2,74.03
"78c68db8e7034d43fdfa205630fe7826",1,boleto,1,604.73
"3dcd704a7a3f197f6c974cc97e5a3313",1,credit_card,1,115.31
"8ea7aebc18842332aad5f41ca74b334c",1,credit_card,10,2621.29
"59d02be1c50fb6e6930cafd6ff6a31e5",6,voucher,1,20.00
"56137cd32ae890d2f8f4c0b770da009f",1,credit_card,10,1069.22
"6c2f233beab45c66d7ae29bc584339cb",1,credit_card,9,94.29
"917d8097fb3b7051788e281616e20659",1,boleto,1,196.19
"542b5e9b74a189f238b8ddb6f4805667",1,credit_card,4,71.26
e981933dec07dfe833f737618e90afe2,1,credit_card,7,73.61
"483b53ea654d3566427a092cdef047fd",1,boleto,1,32.00
ebd7da4bdaffcf5891595b0f78707bba,1,credit_card,1,32.22
"30c902056ce61a4404a706f9dc06b4bc",1,credit_card,3,30.96
"9c54a1816e487456bb7eb5082b9823ff",4,voucher,1,14.20
"7ed0da14ccd5f19cd8f1461de5371f95",1,credit_card,2,153.90
f192f2a33e97d3e6be3dcef144be89b0,1,credit_card,1,107.95
"6d24d19f8842be0e8e1064fb0709528b",1,credit_card,4,108.01
"53622f13efcb7f159787ccafac6626cb",1,credit_card,7,199.02
"3eff384842f72b3a75f3f8a4b97fdd44",2,voucher,1,137.98
f4d3885e12fd29bbafcfd279895c05c0,1,credit_card,5,83.10
e5b1297afacdaf34c9b32c69a37bfa59,1,credit_card,4,697.00
"678a38b0cc3c744c50dc8e0af737eda0",1,credit_card,3,76.51
"5cc63affb50754b86ebcc046f957c65b",1,credit_card,8,177.29
"8f0ef9fa114bf453c16ffc0350da8581",1,boleto,1,116.94
"071251fe3b3493294536f03737a8a679",1,boleto,1,55.18
d2d558357a6c69ca47cc4eca7571f593,1,credit_card,10,262.52
"4d66b3a9d12facad48a3b23cc9fe7898",1,credit_card,1,107.41
"864bbbc2d9b4d93e42578520d5ffcd71",1,boleto,1,298.07
dae4fcb62b78ccf2ff3ac4d49113a8f5,1,credit_card,8,488.60
"02332b54c758506809fd87d9c2748086",1,credit_card,2,54.14
"706617489351ee37878ad03403622f41",1,credit_card,5,135.82
b2556987198a8d2bf699d306c19a9962,1,credit_card,1,64.52
"5a3bccb60104b1251c6a39e051c428ba",1,credit_card,5,91.23
"64a49ec4515de1ebb60ba7e7b26a3893",1,credit_card,2,139.00
b4fc7a3f3bf7a4c6b5b46291dd4be977,1,credit_card,2,73.55
"6291632d14ae01709d25b7f6cf2f46d7",1,credit_card,8,814.40
"04c3bddd55df58e83123e3b174855489",1,credit_card,4,175.08
"9041901a8959b3c7027d294c4f88ea5c",1,boleto,1,171.03
"42ccc07cc09ff8b0c392b43f125ae1d7",3,voucher,1,6.86
"17bac873da4c588c3111d7399f91673e",1,voucher,1,30.95
"1facabb49e0b903e2d7ff337eddbeda5",1,credit_card,1,54.51
"39627a21dc26dd7c2810548c6b6e1e90",1,credit_card,2,265.41
"71425ecd58b4f20236e557902a9743f7",1,credit_card,1,3.68
"8c9e191de5ee58e2cbd018c2943ff9b2",1,credit_card,3,162.18
"3e170726582244699b156f1c7044223a",1,boleto,1,415.81
"477749bcfe4bc5261ca38dd7fad8859b",1,boleto,1,106.50
"9012c3771b9eb03dc645be00aa938da1",1,boleto,1,125.23
"72f73037e114c82d0b49a74b4d7532a4",1,boleto,1,24.10
"86ea637df14082deeadd7600d8c3ca98",1,debit_card,1,182.68
"1d432ff6ecb6a501752815ce48038a89",1,credit_card,5,90.00
"6e09e14cbfbf46215f17805edfb79aae",1,boleto,1,44.09
a4b3883d938d54ee36ea65cdfc552255,1,credit_card,5,101.35
"1f21b2507e0c3918ef90ef86cdb2d14c",1,credit_card,2,22.70
b5e8d13478ad66ec57d480c9e00abb39,1,credit_card,12,1228.73
c41d2dd15394d41590232a9cc491319c,1,credit_card,2,176.98
ac120c30a7e66371f0ff851dfb709eef,1,credit_card,2,179.77
"763267a38e350372137bca040ef8cf66",1,credit_card,5,51.07
ac446e82125c862fbe4c638d69f807bb,1,boleto,1,1620.77
"138db286991b7cc18370680e5f5154da",1,credit_card,8,121.25
"6bdf0266efb0d65c6c32bc9e3d762e92",1,debit_card,1,68.73
"830c29e153b8851069e85be33116ac1c",1,boleto,1,185.75
"178358411049ad27f877b8964564528a",3,voucher,1,12.00
"340bd726abb7b57850b8f3e93c52a559",1,boleto,1,628.37
b143963118349f3cb009f7af2e5e04df,1,credit_card,3,78.65
"9ef657cb5874904c5d3a1a46faeefd7d",1,credit_card,4,379.46
cdc6ceaabb2f687c33736de20f6c0b98,1,credit_card,5,117.94
"3335145dde4116490421d86d3248aaf5",1,credit_card,3,187.60
"7e9af7be40e0983f0c497782cb6435bd",1,credit_card,6,396.73
"1cf4be6f1eeda2457a333fde5abf39fb",1,credit_card,10,128.72
fc9ad67c49c1269a2b4d3e55cc30faa4,1,credit_card,2,138.74
aa73e81062a62cb7834b770ff58ff6b8,1,credit_card,5,367.53
"24257d104a3908bfd7b8bc9f6e1a2039",1,boleto,1,33.69
e18101fc0fac0b563e1b8b3e99c93deb,1,credit_card,1,103.55
"7477146d0d3adc1305846034436657ec",1,credit_card,1,114.36
eb4fc04dec501a9893d00e5090e59f7d,1,boleto,1,37.39
fd018a548150063127f7b24e9d3eae71,1,credit_card,1,89.21
a91fed0c79559403d648c1161a2d8500,1,credit_card,1,71.10
"996763a377a7e96ea28f02058d1e1883",1,credit_card,10,436.98
"8ec2459624c9335e600e5b6fa15f3a35",1,boleto,1,25.77
d2d1dffb59073c276cdd5dc8d4c609c6,1,credit_card,2,189.37
"2a0a79550fc18171ae34cf327fc5f0e3",1,boleto,1,61.14
"5691a076ef144cb3bb777a3eb18b77d1",1,credit_card,3,90.00
"70870c95b39ec198376912f2c1ac8aad",1,boleto,1,258.91
c920c9b4a0fbe334f146d3b9822f3cce,1,credit_card,1,327.77
"20648e7d48939d4edd1dec4781fc1680",1,boleto,1,256.08
"605dd1e8229892fbac9c08a82693f888",1,boleto,1,65.09
"7b3d275dd6d279eae2674243731e78b5",1,boleto,1,42.59
dd6ce2ca4b4f2f7b5698be76252d4c8e,2,voucher,1,76.05
"86c64da3b4983dfc2f8a8f3b5a8f5b62",1,credit_card,3,79.33
"5fbf74426609c2706727d1e358652e36",1,credit_card,10,187.04
"09fdca9b7c6771946a1cac89dd7e89a2",1,credit_card,4,40.10
c8659bbe606f2b5c31cc02f58fce4b5c,1,credit_card,8,457.80
"885cf064fa6aacca6acb757119e01287",1,credit_card,1,32.09
b293c0e73bfa20e036be738d8c66f8c6,1,credit_card,1,208.80
f9b975e692bb1fa35d6fede924b1d853,1,credit_card,1,227.60
e405bc96c83c1abef95a51cc9e8ca865,1,boleto,1,63.60
"7a1309150f5d32c660989e9fc5dbcbc4",1,credit_card,3,106.87
ae168dfba236919411fe08f336fefa44,1,credit_card,4,312.78
debe2bcce0390332d250c9a0176a2888,1,credit_card,4,88.09
"38b85b28d1af68ede15c12548165fb76",1,boleto,1,190.28
a3439a449645e880a92b39f3dc8b28f4,1,boleto,1,103.27
"543e16341e28ed8a88ab9c1f77e48b07",1,credit_card,1,91.05
d7b00090ed4c28c03afc316bc0a2ec17,1,boleto,1,156.85
d23957cc89dc81d6073de66716d2cf82,1,credit_card,6,323.72
"095a4047965f98a409258e1db6c99e79",1,credit_card,12,164.63
db5aee77fcd1883e2dd15e342cc42493,1,credit_card,10,123.25
c2ef540e16617cb62d8c9d0bb874a498,1,credit_card,1,100.60
"1f8e0e89284fdf01a57b281f24e96398",1,boleto,1,65.13
b8376096f4d2956da3ab2e311c30c504,1,voucher,1,30.00
d9cce1189df2e1b16f34c16c80f29f2a,1,boleto,1,158.77
"8fd54efdf2102a4ffc45a0738ed2c80d",1,credit_card,1,38.39
"628fedcd693f3b7d66306884d2c043c6",1,credit_card,1,46.02
a2ade02b971edbc56f74ca5ee48e766e,1,boleto,1,110.13
"7471a79a069f8d195536e2c9c58d05ec",1,credit_card,1,114.84
b06ebf1a46fc060c183c59b092ce49ee,1,credit_card,1,72.76
"56ba02ddcb5947d6fe4d7816e623e054",1,credit_card,2,296.61
"7715ec335869451fe7dda18fddf75da7",1,boleto,1,32.41
"49b1291e3a53100a17731adbbb76eb8c",1,debit_card,1,101.48
"059bbeb3477ed66fd7e670c3f879009a",1,credit_card,4,42.85
e32475f70e357bf610f864d2674aaf46,1,credit_card,3,130.47
c15337f7b22d68e4ea7e1c0a483041f7,1,credit_card,6,81.88
d78bf5f7b32db25ce7cd2f808c72512e,1,credit_card,2,62.01
"2071e513bccda6388b163977db471be8",1,credit_card,1,208.51
"7b3950b933fe73d96ce4359a1caf38ea",5,voucher,1,16.26
bfee9744244eb372bb465abe96603083,1,credit_card,2,63.23
"076008aa37f0393fff972b8b0121fd94",1,credit_card,5,258.10
dad3424b01751c6e21da6a7351174ca0,4,voucher,1,5.35
"157de1652c032429a625d034be79eeeb",1,credit_card,3,39.09
"48972775375677a6b44d8733e4f8c812",1,debit_card,1,32.43
"09ba762d7b29d3771a788d7d039159fa",1,credit_card,1,307.63
"991219777efaa02d272fbd6d04632835",1,credit_card,4,104.40
efab4aff7807bb9194a9f4f434820161,1,credit_card,1,72.15
"24704829c5d1485dea2f9f4c28356b9e",1,debit_card,1,173.68
"4e91282187f8ed281081528372cee70a",1,credit_card,10,829.74
d263c89354a73314488491185858af42,1,boleto,1,35.95
"189f4fd5230d4cb9093778f1fe5545dd",1,credit_card,4,94.04
"71bb4b0d814139920f939608c9d37685",1,boleto,1,130.16
ea7835f19dc6af291955d6e270d443f4,1,credit_card,10,1816.34
d978b987ad3fec35e680ec4e4954c3bb,1,credit_card,2,65.69
"5ddb878dd68b3eac6d0445eeba64d145",1,credit_card,3,82.74
"0078a358a14592b887eb140ef515f5ab",1,credit_card,3,336.38
de58aa6aa9aa113673a7aaa27271b7e0,1,credit_card,3,78.20
"5a8c964d59cf60933991dc8ebb88bfa2",1,credit_card,1,67.24
ce5ca80e8d65bb954be0233c815711e8,1,credit_card,1,56.69
bbfe26a0861cbb443d2a659879dc0cb0,1,credit_card,1,99.34
"4088827527ce8c088c35a2e493940b55",1,credit_card,1,77.57
ba84f6aec57aa48ee3eb1b97964354e5,1,credit_card,8,105.82
"976dcbc03eb11fbed9a4a2fd6d2bdb22",1,boleto,1,74.22
"73cb4ac4aba9d15a0db382e16fc9c784",1,credit_card,5,245.68
"559d83199eaa46854cd06da9ce8961fa",1,voucher,1,3.42
"9ec76eb1505d29c81d9bfadf8c2e3afa",1,credit_card,5,182.86
"6b13656ef58757ab087064a5a263441d",1,boleto,1,350.59
e12b5f95f957079d6d9f368c0c56a050,1,credit_card,2,138.60
"2631d6c1ebced155e8a1b4e87439161b",1,credit_card,4,142.97
"79428b028497103cbec29a129491bc63",1,credit_card,1,37.00
d3964aaa8f344d16a3367d03e540be9a,1,boleto,1,142.41
"8e1b263d5e8ddea4e42b96cc5fb0edc2",1,credit_card,1,163.99
"8b50f9105fdc81f8430bdd9da8c3d6e0",1,credit_card,2,279.38
f16ed2117bb2fa5b3d151a031c9cae37,1,credit_card,3,320.58
"9516708e3c4612677ddf7c9167b54076",1,credit_card,2,137.55
b2a9f52374e167c4c512d27dcefe1d72,1,credit_card,8,89.60
d6c877d8995925578fdeb1d186915549,1,credit_card,2,457.52
b7dd21d38a31885f78f70ed3704bff62,1,credit_card,4,75.84
dea4092d49f4c8bf9decabdbf029322f,1,credit_card,1,30.96
"07ca34c2d97b99d913debf2866805373",1,credit_card,10,131.26
f35e557434d42e2818e3e8b3c4bbf1e4,1,credit_card,8,87.38
"6ee1c0ae2850fce0967f050c82d6a532",1,credit_card,1,53.96
"50c331850829a3e71ba43b46a7785a16",1,credit_card,6,122.25
"8e3952339df2bc934933d5dec232eea3",1,credit_card,10,294.82
"4718e26e21843ffdf11aec010a344436",1,credit_card,4,319.19
"8624ba83187b6280c6d8b7664a5f5607",1,credit_card,1,72.05
"225e39ca6a487e0cdd5c97dfc57c92ff",1,boleto,1,119.34
"1e04d9dd9c6055fe23c3973bcd01760d",1,credit_card,1,105.27
"834780043eaf86f9e26f352161b6dfa8",1,boleto,1,91.96
"66656ddf8a0954cd14d95c8d3ed6678c",1,credit_card,8,122.40
"1114091b46acad2586d4f3b4d9a24ad5",1,credit_card,1,48.82
ef619b0959105492c5adfe3ba5a2fb9f,1,credit_card,6,85.15
c39d785e16b7798f5c2654780d533ce1,1,credit_card,2,34.98
"3937ff0dcfc2d3e0ccf73d9b6521611a",1,credit_card,9,96.65
f7cbba667c1c2d258e79dc28a30368cd,1,credit_card,1,96.71
"3be2b1040cee4f1c19a48c57ca3d2640",2,voucher,1,20.00
"905d014ca3c264f56ba4f6a34f358bba",1,credit_card,2,116.94
"9ffefd5071423b7a0aacdb41dd7bf07a",1,boleto,1,97.42
"5e05fc44a33348e1cb63924603162dc4",1,credit_card,1,274.34
"89035fb6f9ed1693ad716ef81c18cdb2",1,credit_card,4,40.53
"69e9045bc98231a8e6e85723d88a9833",1,credit_card,6,410.91
"110396a9377e9e761e5e14482b0221f2",1,credit_card,1,38.66
fb5114c39f632a52598cf770c6076620,1,credit_card,3,51.05
"37eba161f3994d1eec4b755ba3565003",1,credit_card,10,188.44
"3a5f9959785e2cc88b4618dec84a5834",1,credit_card,1,60.77
"80423624a58421eb6e6d9fd07cafb406",2,voucher,1,246.10
"3cc1a0fb96625b337cdc5abdc7383a88",1,credit_card,1,41.69
"92d277181976dd1ae82d2d739755ec17",1,boleto,1,17.29
"2e612a3508e4bce75344e6bfb68f28e0",1,credit_card,1,71.50
"48c0a263a6f5c112effbec24abbd468b",1,credit_card,8,80.10
"24437ca1637e1b4d98a85138eeaae838",1,credit_card,1,275.16
e51ec609bcc1f3b43e5b77285c4cfaf1,1,credit_card,1,128.45
"40b2dd4813a685a119ff6fd2d213ca88",1,boleto,1,58.28
"05ea901eba2a26661f43478b5c6b02d0",1,boleto,1,164.04
"476fc9fd42dd474f1b044aa18508596a",1,credit_card,10,917.20
"29182856a24c6eeb1d7b81ba1fe63190",4,voucher,1,7.33
"492f9efcbf108782f4de28d4ad0d4fc3",1,credit_card,4,228.38
"2967dd0a1c9da54fdadadb4fee06deaf",1,boleto,1,126.08
"5fc6c1f6b4c22c6e94227cb51109c87f",1,credit_card,1,137.67
"829f9def41c63a3e1d787ae15d45540c",1,boleto,1,179.66
"22693e7b9440fce24aa700d0fb64f69f",1,boleto,1,359.18
"0eb6a12eb37ee53379b86cb351fc1139",1,credit_card,4,72.85
a7b5e82b294d8eac1109824b0194abb9,3,voucher,1,36.81
"1ec4b633f3c13e37a6207860df692d33",1,credit_card,5,155.18
"20530ee11f40ad96e576465649828c2d",1,credit_card,10,118.96
"7a1b533ffb0d462fbbd28037d3540a13",1,credit_card,2,136.07
"72a704e8fb6c499fad9b26bd8873bd39",1,credit_card,1,33.99
"2354dc9068e42c3b75c3137f572566e8",1,credit_card,4,47.43
dbbfe6ff2cb66699ef8bd6725226c011,1,credit_card,1,91.55
"33385120d1dbb98e6fafeeb955d5b28c",1,credit_card,3,422.16
"91203c4e456f0e1cfbd86125383976c1",1,debit_card,1,209.86
c71168b3286e7c26a34e005edb6a63e8,1,credit_card,3,140.08
a8881d1aba506278afbbafb1aca58b5e,1,credit_card,3,165.80
"39772b0c00ea1058ec90761ab94aee16",1,credit_card,1,86.61
"9f2a805b0495acbda211c48398c8d606",1,credit_card,7,143.01
f363b12aa89906f0696246938ec7c6ba,1,credit_card,1,66.17
"96d725684b5d02f6a5ee7a58c17296d8",1,credit_card,1,113.29
ad01d61ec53a43d200f359c11347316f,1,boleto,1,40.21
"33027744c5ca91afba6fe8b75bbfb6a1",1,credit_card,3,45.86
d07ea9203ae0a6ea15a2eacc87b4c0f7,1,boleto,1,33.73
"2463279edadcaf575a27466ac0030f67",1,credit_card,1,45.39
e19a6a3393b0a8dec5b1117a0642252e,1,credit_card,10,599.30
"6be980911f97172cafec8249a401450f",1,credit_card,2,153.91
"19b99fd79d81fab77d8b7ba4f7a5c799",1,credit_card,3,76.15
"6a1ef716317c7b4817987c723669c2a6",1,credit_card,1,90.19
e1a052031a62fc3bc7f2bf2d15241785,1,credit_card,7,145.00
"61816022ac3061c27c63a5432085340b",1,boleto,1,37.77
a15616fe830c593a7ee849e4d2f0d023,1,credit_card,2,67.57
"5b16597db46078bb77a52724f579a731",1,credit_card,10,161.86
"4adf69cec5c1814bd171dafc4c12ba73",1,credit_card,3,35.04
"7ae3a62a49f6479010163c2153e9bece",1,credit_card,7,451.88
"25a42a25fd4223696575df9383378279",1,credit_card,1,50.69
e623a72e994c0646daedbab9b8becef7,1,credit_card,5,339.07
"65f72c812ba4ca1ebb3c3558c69d5693",2,voucher,1,50.00
f1282227fa785dd8dfdcdb22f99be533,1,boleto,1,29.47
"96fa516aa67a6a9a29ed51112f357643",1,credit_card,10,183.95
"24c678d0e706ce6ac170aa7168fb1ecc",1,credit_card,1,113.62
"55241c40e4d2ee72be056dc4d17acc5b",1,credit_card,1,44.19
"72d6593232a560afaf566d6a200fe3d1",1,credit_card,1,47.38
a3a0cfe6661449e2d725b5b1ff658d84,1,credit_card,2,92.12
"5d00da307fb1f170ba75e37b6ff2343d",1,credit_card,4,139.66
ca32e37618d388555627885cae8a34d5,1,credit_card,3,37.65
"613642e8ff12626da63befddef26efa4",1,boleto,1,38.71
"8ba27d0eebcbab5fb3680d1fa19f7657",1,boleto,1,101.63
fdaccd7db2bdc0c0f6632319b9020d26,1,credit_card,1,60.00
cffc9d6f9230a7eb234ba6f3574db1ff,1,credit_card,2,74.96
"6eb5748888c6dd2345d8654d18fef604",1,boleto,1,124.70
f845b688b88cb588500bc10d0a3bcebe,1,credit_card,3,123.89
"5561adcb0fd46da4cad3048fa4e7fc00",1,credit_card,1,109.35
"8264f3d37aec1e2076e41b2af5cd23ac",1,credit_card,2,59.89
"478c69b6c0107cf696d64c524286ff05",1,credit_card,10,104.74
"4573e97fe027ed2a79400a704d2172bc",1,credit_card,2,120.14
c77d22c73940d5b180371f024df0a132,1,boleto,1,217.06
e2ea40e627fa59e27d40fce26a8b5a32,1,credit_card,2,281.51
a79648ef5e1a257af5fde4c5f27040da,1,credit_card,3,75.08
de4645a62b989d300a37b6c4f5164160,1,boleto,1,323.68
"27d168c6a89ffc87604d2e42c7761956",1,credit_card,1,164.15
"4b2dc3d5bb4accd12c73d55b2a10f856",1,boleto,1,27.39
aeebf4abbcfb9bac43b6a31399a3e93c,1,credit_card,1,73.34
a26a698877ae127304d51b9da20bc1ff,1,credit_card,8,142.30
"18248821ee955752db5292194e4b6970",1,credit_card,2,128.10
f334fd16605daff29477b725df9162cb,1,credit_card,2,27.98
fb963833d4480071a9bb9979022ea6ad,1,credit_card,1,102.93
"76a08caeac523a0cc04a06f35b8e9c5c",1,boleto,1,66.60
e8ef78a9ce417db856269e84091403f2,1,credit_card,6,220.82
"86c1a3ab2128e2448cecac7f29c5d48a",1,boleto,1,74.65
"9ea3e77998212b1f268aa1753f3d421d",2,voucher,1,126.18
fa7abaa54221daac45610e9e5ed24cf4,1,boleto,1,50.07
f4929b75acb29f2ae641fdf4848b8ec2,1,credit_card,4,493.51
b925013f2e110c15dd382961cf7e6538,1,boleto,1,186.50
"236c5c6711eb7864803f0f0c739e5c05",1,boleto,1,151.95
"5b15d222685ac39d3110c61bff09b6e6",1,credit_card,6,137.75
"2f745f754793012b39e7806795178857",1,credit_card,1,57.39
"1ec8ab9b7dc304ec05a9e96f6a25217c",1,boleto,1,166.15
"27dd4347486e954e77b2f577f6388819",1,credit_card,1,49.78
adc8df919d6fe4d55a9e8fd9e14e013c,1,boleto,1,74.72
d7cc5fcfee9af53fcd78bb47e4e55584,1,boleto,1,185.11
"333d563479f452dc29b0a94c9c1be6c6",1,boleto,1,440.19
"0ac645ddb846d1373321decb39c9956f",1,credit_card,1,134.66
"7c5a2d5d250c97dae083141ed6981171",1,credit_card,2,157.79
ec00dde786ff2f5a34dda004de0b76cd,1,credit_card,8,99.34
"8651a94589a7baddf5213b1703c98ad6",1,credit_card,3,232.17
"7c62cf0327c291a9f3d7d3394b4c0166",1,credit_card,1,75.34
"672dc03dcc685159a0030d6a0adb95af",1,credit_card,1,87.51
"50f578c4c614fa6e0466f3a624487da8",1,boleto,1,59.10
"906e820b85dd6c8ef9a4aa5581aa277b",1,credit_card,5,57.68
b95abf4aa5b57ad7551356eca72b53fe,1,credit_card,4,321.06
"90c2eda21ac12f7fb2e6fe3db2b81def",1,boleto,1,127.25
d77a74efe1dd9a668ec9813f9c3a13c7,1,credit_card,6,163.78
"78e503838fe18fbfd57a901cbddd1769",1,boleto,1,157.20
"42ff676d61e2f5f1b7dfc8404dc3160d",1,credit_card,1,222.04
ee09dcda8e3b3acff396f084582c8c8a,1,credit_card,3,142.97
c1e057b24816b20c350825a55dcfb11b,1,credit_card,5,55.78
"9addcfb50039a7744e3385c20debb983",1,credit_card,1,46.23
f52b64a627a310405cfd65e2a23acb23,1,credit_card,3,126.04
a9196394f683e767c4c6f64dd7aeed82,1,credit_card,10,385.86
c8b8a114e6f6e79082614222a75d0353,1,boleto,1,91.96
"5af72703d4208ea6a92351eb9806b4de",1,credit_card,4,78.70
"1871b7e8d5edaa09867ed17d91b0d9e1",1,credit_card,5,259.82
"613319dac4811085d26a2e9049baee3e",1,credit_card,3,489.83
"5d5128a0dbb59102263b66505895c98f",1,credit_card,9,95.02
fd16cef57164811712478da2f5bf81a3,1,credit_card,1,23.08
d41b4a82416b8d3138e5b941cb3fa1bc,1,credit_card,10,163.44
a3d4051a7f847866e86aa7e6a7427898,1,credit_card,1,32.24
"23ec62701b81a534e40494d279ea0b83",1,credit_card,1,146.66
"0e62b7f0d74e42edd997cf3dfaac54c2",1,boleto,1,1054.63
"290fd15a601791489cc89d22dd315800",1,debit_card,1,43.75
"816fd1f12f703f9825eb7c4c307388b5",1,credit_card,5,236.36
b8d0e1c664b4deb8dbe8583927497a68,1,credit_card,2,175.79
cd02e1b6a025f2d7003c4c8b2ef28baf,1,credit_card,8,106.40
"84f721afdc3f131a097e0b9627de1d71",1,boleto,1,168.61
"4a8dd75d2cdd9cb708636e1aa5a1bb29",1,credit_card,4,201.65
"628287e102c84327f95402d4670434d2",1,credit_card,1,39.67
"652e317bb6d649095346bf24ba207c15",1,credit_card,8,131.61
"91744dee3192bc28caf20eaa3c2251ef",2,voucher,1,20.00
c26b94aa87e95d1c1eb1b592f43eb223,1,credit_card,2,204.06
fe185068c0d733ffb18fe6636ac8e498,1,credit_card,1,66.01
"975f731e0b62d3884197075bbf60685a",1,credit_card,2,76.08
d62387acb3914789e712406e9882e549,1,credit_card,3,99.90
b0df2a6f7569a5a874e3d15bd27bbd6f,1,credit_card,2,136.80
f7ca7b451be2d25f6b0918320026570a,1,credit_card,2,162.66
e0c8a0e62ecd027577c1cfdb38c8f1ee,1,credit_card,8,166.40
"24b438f705e768756df250d282036292",1,boleto,1,148.35
"9740d42a9b2382330f2b00d90f34def0",1,credit_card,3,247.26
cbe90389edee454fc22a84aacee69e6d,1,credit_card,1,35.77
"52cf0431b5bb17dae2f92c5af5595364",1,credit_card,5,161.89
d22e18fae4fa9ff5b0e28b9685e84365,1,credit_card,1,272.82
fb4de3600d359f84927517e78ff9ba54,5,voucher,1,20.00
"05aac5a18dcd77932007f57de8650622",2,voucher,1,16.87
"1ec979be6088053a577e364179b5526b",2,voucher,1,44.87
"4ef8f514f95bb0a41f58965ea04e7027",1,credit_card,1,49.10
"07684a430f124ffa76c3415f04fb2ed5",1,boleto,1,72.45
a853b6bff6aa5aa6ab496c76492858b8,1,credit_card,1,29.42
"76ef2fe6ef1b33ffff4a14e2b49abb9a",1,credit_card,1,31.09
ac17f36b9ec35c47dc44e96558d33dc7,1,boleto,1,745.69
"3d352a1e37d7eabd08d9104244fa0e21",1,boleto,1,152.88
"73c545df0a564badb07ae15f5fe6f1e1",1,credit_card,3,166.67
"2a5fb538dd11c749a13dd935a06a7c39",1,boleto,1,85.17
"38cafbf33f703cea7d7266c456a3fdf3",1,credit_card,5,55.01
"9d2542bf51fa5287da26940813c6c0fd",1,credit_card,1,37.53
"003cc6161d7a2593f2525cce0c330d32",1,credit_card,4,97.90
d67954930a77c40b72e9ee69fa019a81,1,credit_card,7,132.05
a2abb866736a7dbc26c5cbb3b2d92826,1,credit_card,1,679.61
"94f506e669de10a239ec04627d90eef4",1,boleto,1,35.54
"1fb40f920a832437e543e136c7a8b050",1,credit_card,3,234.61
"18aff2402dfe994cc353173909a740ba",1,credit_card,8,83.00
b22cc8e3b1816483e416ad127720fc76,1,credit_card,6,468.24
c92a1e5ecc2f42594b4c40567e387039,1,credit_card,1,34.09
"0629053d0e1e598c7a5048031e19e31b",1,credit_card,1,50.60
"3ea7135b7064169abacfc10aa72f2e3a",1,credit_card,4,84.54
"0f729d432870db7325144a3e078c9dc1",1,boleto,1,37.76
"6d58638e32674bebee793a47ac4cbadc",9,voucher,1,10.45
e453260163d404cf3b07e977df27f993,1,credit_card,3,313.54
b51274af163979e4ac06da7fe2826e33,1,credit_card,1,18.36
fee76720d4d707fc12d7e5a40cd5c18d,1,credit_card,5,266.62
"248deaf17cc9c8619b300bc14a6044c9",1,boleto,1,14.39
b1268365b664df441154c615681ed911,1,boleto,1,34.13
e3911e9d71dfe83390a806612556c49b,1,boleto,1,43.60
b8b755f4dbfb058b20c5c4ef662ddc9f,1,credit_card,1,170.63
"5915dc29c92ade2a2713fa949d9dec00",1,boleto,1,173.96
"11ac39053e8c6e289d39a845c1a9c3b0",1,credit_card,4,80.44
f5306185c917952d794bb6da1280a050,1,credit_card,1,34.00
"2dde024859f51fefb1cf3975ae42c563",1,credit_card,3,104.87
"044b08f176981f660b98a85c559ad57d",1,credit_card,3,82.56
"82a7cba8d70a10e7e0e44e41a30772f7",1,credit_card,1,21.77
"206fd475687c54cf4754368e15e43637",1,credit_card,2,84.90
bc2f333203bc7e7aaf60226e8c890a02,1,credit_card,1,77.57
db1ae8f588760472271b496a2459ba6c,1,credit_card,2,161.18
"1ef6697da8b7f56f302e5fa61e9966ba",1,credit_card,1,115.45
"4297d3541d2675524ab8f092919f44b4",1,boleto,1,78.65
fa630bc4aa5f6aa35485ddc68bb56edb,1,debit_card,1,299.18
"8b03a3a298d3b5831724d10b7c35ea95",1,credit_card,2,202.05
"73950eeeb87a86705a2e3c7f42f1b4bc",1,boleto,1,177.04
fa28dc999d03478eafedaac9ea359d4e,1,credit_card,2,115.45
fa98b69fc0f7e0d07b0f1a54cd42ebfb,1,credit_card,3,602.35
d0b00b87c4e240a8c84a2cf01548439f,1,credit_card,2,92.80
"05a72117fb063d7fb111490dbf40c79a",1,credit_card,5,183.95
"377696852de6926eeb2b8322d847a15b",1,credit_card,2,92.54
"7729bd24067381622a58a0231d77fe2d",1,credit_card,5,314.41
"2ac520de90670f0cb695af6630a00c4a",1,credit_card,2,108.46
"62fd4c233bdcfa43057b8a4810a855eb",1,credit_card,1,64.00
"1b9c491d2bd15c21c2e2cfdda8769335",1,boleto,1,405.54
d16ee8324145ff91c54bb7edeb651801,1,debit_card,1,111.74
"9eec24a1fa2828ef3fdac074f2928f93",1,credit_card,3,119.48
"2d03cd6c5d4ef95593a9f4ecff1b48cb",1,voucher,1,42.38
fc12a57ca0e1e2e7dd16b215f473c70a,1,boleto,1,102.03
ccc1762fa4bea334f80983e3f3a933b6,3,voucher,1,5.06
c340db08a331e90da6cf5f9bdb0d2d31,1,credit_card,4,40.00
e382697bc6a23a51577144bd2c8f74d9,1,credit_card,1,158.21
"4042753ccc5a8c7ab778aa7856ca6230",1,credit_card,4,128.85
f71c22b4583654c7bd72c16388ab4e07,1,credit_card,3,33.78
"10d8aba5bb573732e70c33750c88790d",1,credit_card,4,314.84
"3e3a2f955d45f35c654bd13bade8e0d3",1,credit_card,3,128.77
"1e27216416d628fcdc4528fe1cae4c0a",1,credit_card,2,51.54
b23e48ed5d169b4b215211bc06e5119a,1,boleto,1,116.74
"0807b732c1e7621078473cec87389c8d",1,credit_card,4,113.46
"9cefab6270eb935eb96a97c56b8e7984",2,voucher,1,161.18
"895ab968e7bb0d5659d16cd74cd1650c",21,voucher,1,0.28
"34f336174dc7538b2fe8d1b6098d76ca",1,boleto,1,36.78
"41601ce3031e924168afb94d2758f80a",1,credit_card,2,106.87
"58af5cb7dd3b38d0e83d7768dade1e0a",1,boleto,1,66.10
ccbd198eb55e22f3b2240d1605961c5f,1,credit_card,10,293.46
d8eada63874f4ad83911e6c388521ba9,1,credit_card,1,236.50
"4b8ccf617b85f640e50a15d3e98cb0ab",1,boleto,1,51.14
"7bd19ecee26cc113eba393a92a3e7ec1",1,boleto,1,42.00
"9afe864f4e1be97abaf15a8107361413",1,credit_card,1,420.68
c01aae679dd48cf072b9e26756b4ba11,1,credit_card,2,67.44
"6b0bd2c2e59c7fb169874fbfeed4441a",1,voucher,1,51.75
"202dc36450b101f8ce80320437f258f9",1,credit_card,2,152.47
"8366bc5a7f299fe8b982e7e3e4aada34",1,credit_card,6,137.28
"76b38fc94d93c9aa8d4f335f8ba87128",1,credit_card,2,169.24
"8d40f6aeb11aa6d03d17b3fa59b14fbe",1,credit_card,1,188.06
"55bb79b4227dafa41a25a45e8462c7b5",1,credit_card,1,79.50
"2a52e807fc3aaa0dc36fb7b01b56e59b",1,credit_card,10,231.27
"10221b5ef57cb66fe37a3b1e594918d1",1,credit_card,4,229.65
"8b7d4b3e8eca5cae93f948e0d7b67406",1,boleto,1,139.46
"0a0e7f9881dffec612b28e2682242574",1,boleto,1,169.49
ef57963ceae82ddbc1e426297439b24a,1,credit_card,3,97.26
"65fd2f07bc74b8df1728cc3ee9e19ebb",1,credit_card,1,239.64
"7451bae6c17cbaa82fa2bb466c97cb45",1,credit_card,3,76.42
"19f925cecd63e4728d771fc9ee389f3d",1,credit_card,1,20.60
"3deeaa4d253d9612fe55428163839325",1,credit_card,1,54.62
aa7499316c24f7c2126ba470534e1ca7,1,credit_card,3,112.82
"5a5896dc84244c4c26d3b06c22167422",1,boleto,1,249.48
"167a89d17687b40764e54424ec1f9afd",1,credit_card,10,311.80
d243808e23f60f3895c6a696df710642,1,credit_card,1,188.99
d0b9bcb0d474f6525456037afe12820f,1,boleto,1,43.00
"4be62b3acae38a6d30f707af9d5c4339",1,credit_card,1,29.33
"8fa060cb54d9cfaa1b5cd7db41b0195e",1,credit_card,1,17.83
"887c6b210d8a2d3a1158dfaaec74e786",1,credit_card,2,80.61
"242a0801712ac98aba33d3db88344ae0",1,credit_card,2,199.06
"7368acd4c19348cd2ff9c3639f47c323",1,credit_card,4,525.43
"4932255e68f63e3a5f809bd4b96fc9a1",1,credit_card,1,91.82
ea9bd69504d710943f9f20a822fd49ee,1,credit_card,4,162.59
"25f881c06011a27d879e9f15328a57e0",1,credit_card,5,151.51
"94e459b09b747f2d80ddefe0e438d4cd",1,credit_card,2,101.13
"61b40f2b303f6b312a3563e508baafb7",1,credit_card,1,78.00
"982bb20d431aa26aea1947414cc5fe20",1,credit_card,3,166.71
"612951fa21ca749d62ad2b4f3e0757dc",1,credit_card,4,78.42
d798a6f2eef74e8cd33a5c79db6a316c,1,credit_card,3,74.03
"6fc4efdbd3590258aea33eda644ecb12",1,boleto,1,89.88
f2371429f5b226299bc9410009b465b2,1,boleto,1,33.23
e702f5931c11055ff25ed94d619f35b4,1,boleto,1,31.75
"192a0f41d4f1af20d8ef537a12a2076e",1,credit_card,1,32.38
"9b0e950bc353338db67ae2750d202ca3",1,credit_card,10,127.98
"98798990f1f8bbef14ca35de7a895ee2",1,credit_card,10,258.55
"334b7054aa71f4d5c7418ba88ea632ac",1,credit_card,5,337.90
"10e080f0e43ef41f43b9ff6da4451835",1,credit_card,3,37.51
"90c4f854c8aa741f36043f09790eb18f",1,credit_card,2,90.54
"66b486554acb55a7b13333a6155103ac",1,credit_card,8,238.01
ca0ff2301c311da1ee20374b77aa4b2b,1,credit_card,3,220.58
"5d720f62073ac5b205f45be3084966cf",1,boleto,1,88.72
c98ec8cb960d61c4375413b70f225104,1,credit_card,3,231.70
"4615c7d39bd730eaba5a1437d22ae212",1,credit_card,1,183.94
a31e3f43f9ed2f1d94b0748bc723b899,1,credit_card,4,52.58
"8a0164c3828be538fd5a402c8bcca508",1,debit_card,1,105.29
"20be6d24b0a84a4e329e5973d524f20f",1,credit_card,2,108.28
"2581504c87d229321f70e6850d332196",1,boleto,1,53.00
"88a385737ede49900eeccbcd1d16fa00",1,credit_card,1,117.44
"93da2265260e364c8e81f490b7d92e07",1,credit_card,1,82.97
"29a2cd6dbc1ff529838a94008207fb4c",1,credit_card,2,103.46
"9ada0db3646e21d9c02c794e3ff4f202",2,voucher,1,24.00
"5d5947bb34252e75f2ff8c0e22c3d511",1,credit_card,4,242.23
"511328761e16e3cabcb23b38f6f22625",1,credit_card,10,367.10
"4bff82a994068f564e54b52b08ef4512",1,credit_card,7,73.20
b1fd045765d02d216fa215c6ab6461cc,1,credit_card,3,61.11
c6ddc05cce8a6edfc4854d4e554d8b0f,1,credit_card,1,35.10
f115b668258e0abcf6bf0e4f5aea2eb9,1,credit_card,3,103.14
f2d4c5e2504657f6ee0b76fb979dd01d,1,boleto,1,87.83
"5f82d80fc04ae3521ac4cdad135aa9b1",1,credit_card,9,97.87
d3754c7e1266c698c42df6695994328d,1,credit_card,2,79.54
"979440acde78c7c04e8c8a92f2bc8ada",1,voucher,1,54.42
"84960d31af78367051a7134bf7b64f29",1,credit_card,4,90.18
"6221a926b908c6aeac5d4e8d3629a539",1,credit_card,1,104.10
"945bbdd66669edb480ca9f0037ed11b0",1,voucher,1,91.73
c0717edb0763a89d97de0330cf4473f9,1,credit_card,1,41.71
"7d1996e6e2897f39ad7ab248767d66ea",1,credit_card,1,118.96
d930f975d0dd17a50eb1bc53fff79e9b,1,boleto,1,107.78
"1f6d786bb7720089e7d0356e1f77fdd0",1,credit_card,5,167.29
"08b9d47b3be61595c61eddc50b42ee02",1,boleto,1,219.72
"6c355e2913545fa6f72c40cbca57729e",1,boleto,1,540.76
fbbd2907c49e21c3c105257b12772380,1,credit_card,3,222.38
"5b74abebfd5bc1d137d7ade71c5cfd36",1,credit_card,1,58.79
"7d07691d1f5e176e6f813a87eb0dc00c",1,credit_card,2,168.06
"0bfa29f2e2ca95b17ab75e7ecf1f9df8",1,credit_card,7,144.91
"1839b1db32d5ea90a7fc3ca19bdd16ad",1,credit_card,3,139.15
"274a6079c2d1a10fac2e7e0154ebf4d8",1,credit_card,1,116.46
f6e7b3bbe5b5e480084e5f0bf5771ec9,1,credit_card,2,128.65
"3676b8a38151270ac285f2fa3c564772",1,boleto,1,46.58
"49b9d47f2bb04361f15cf1537390dd60",1,debit_card,1,80.75
e582dcf977363d169153a6bd4a7957cf,1,credit_card,1,116.24
"6d9a301ad93b5c24c6cff8e4f9cbe276",1,boleto,1,55.85
"398abc38612b5d4dd9f77541c38d06ce",2,voucher,1,56.70
d98a4e525a6240595557fbf149ff82da,1,credit_card,5,110.90
a5d7086b3574973a5df31d93bf524039,1,credit_card,2,95.34
"4247005e8db73363a92a6183698279e5",1,credit_card,1,87.55
b12077e26b8a52d9944ab81e165e5a20,1,credit_card,2,58.28
a833470057703c13293c5d7c2bd5bd05,1,credit_card,2,42.77
a236e52ad4592e2e25502b20473e84fc,1,credit_card,1,63.01
"5c8b55fb57c1225d199343bbc1ab6ee0",1,credit_card,4,171.29
ddea733ed0db4b498f7719f648b89a5b,1,credit_card,2,121.90
b88d53a015d4f2c2ca019f846a7f523c,1,credit_card,2,128.84
"8baa4ad94917218228f7b4939799f9d0",1,boleto,1,431.05
e73ad39b2ffd755fc54d65195a8d87ab,1,credit_card,5,155.08
"5b30af3b150295616c6564e91b8ec214",1,boleto,1,293.36
"153eba378857d7576dc5a338a1d3bbed",1,boleto,1,61.64
"4186a414a7029f2b82f4a83d93151ef6",1,boleto,1,57.75
"27b673f5eff49d9211439ef799bc49b0",1,credit_card,4,203.69
"50a89bcd531ab8c27211eefcd4ae9871",1,credit_card,6,65.24
"342b802870cffb4cca6f8b612e121300",1,credit_card,3,189.17
dc42fc68820b778654a001cb6eab8c96,1,credit_card,4,43.00
dc20804f9d8ea2452990f7c41ccb34bc,1,boleto,1,37.61
f6f81fccfabf745399954eee1c404a5c,1,credit_card,6,165.24
"9f672a6ad991e6e232e91e479ab1d0ef",1,credit_card,8,518.59
ae0be4e1cb2ae75b372e2f055876ff07,1,boleto,1,70.33
cd577ecda4b9cd34a2193faa1143ce79,1,credit_card,1,417.54
"54f53e031329f69ca101726cac52f86b",1,credit_card,2,107.07
a5a9ab54271581abdd06955ba59d7684,1,credit_card,10,1126.64
"986bc2d6613975f7fd8c8e203a90b782",1,credit_card,2,136.05
"177232fa960427ae2a14f6b52a5473b1",1,credit_card,2,189.37
ea07d806c0b64019983aad62a7ee6ba5,1,credit_card,10,133.76
"21c1e4b87c9c6695a749181ed6286926",1,credit_card,2,117.43
d77c90347fa4a918af7227743da9ecff,1,boleto,1,34.59
"44d14514a06127f72cd96745ed0eed21",1,boleto,1,44.42
"48842751df68fccf0ab0caa30930f21d",1,credit_card,5,57.72
"9fdbb4e3852125934395217722756d93",1,credit_card,6,107.40
"85f64d0cfe65f28d287067a0032a3b4c",1,credit_card,3,180.82
ced791864a1478d28bc041d61f8ce2f4,4,voucher,1,4.39
"2812dbf450ac5dd26b952cfc6db60529",1,credit_card,1,107.09
b525cb89f39363a599eef15755cf73dd,1,boleto,1,77.57
dec95374a1bf2366249bf770e0568a85,1,credit_card,3,78.11
aa421b88c987dae351823253084dcbdf,1,credit_card,2,207.15
f2007850ef091173797b879e61610353,1,credit_card,4,72.58
"02e4a3c7ec652c4ab1077763215580cf",1,boleto,1,55.76
"793af9c2995ef7353d68d41e805a740c",1,credit_card,5,70.47
b5bccf69e002eae737904e21c79ad3e6,1,credit_card,2,155.20
d4dd30b0bae8f3e541debeec24928732,1,credit_card,1,312.59
"8890828f16facb8b8a9c48194daccb85",1,credit_card,5,92.67
aa7de70d0bf642d7221cb9b450e21780,1,boleto,1,107.52
"5008f69eb2ec85becc94d3a1c1918af5",1,credit_card,4,237.86
"08f70652fecc748f3ab45ccaac355cb1",1,credit_card,5,72.14
"014a0793ab3d930d6f3b206cee474af4",1,credit_card,1,38.14
"8e713b13661ae56a9bac3fdbd4cd2df8",1,credit_card,10,297.71
"76600853a200fe87e141adae6b35674c",1,credit_card,3,108.33
"9b0159dd88a0319b71984d8d973472c2",1,credit_card,3,164.97
"27b26761047c76d67bee79dc2274df52",1,debit_card,1,138.12
ed7200b041e08a9814ac30587b7e62bd,1,credit_card,1,14.46
c37e8a90411ad06bb2624d9a478de279,1,credit_card,6,163.79
"127e151835ed0bf4ea8e262040fa1c3d",1,credit_card,1,22.82
f3028a8f41ea1ee2b461420913663f97,1,credit_card,1,42.52
a55e31edbee6ade731e6ab84a7a9438c,1,credit_card,2,382.16
bc6cd811b51ffe92ea712a6fda28289d,1,credit_card,6,68.22
"838182c127d317f0eca3ea49a529146d",1,credit_card,2,73.15
"16587ab039631e704fecc41c056967a5",2,voucher,1,76.45
b4dc09cbd4cc735632779c738cda842b,1,credit_card,1,55.86
d7b9c4908a586d159712be1c7142903b,1,boleto,1,93.48
f05cbc7f54dc6bbc92c808e2e8f7a305,1,credit_card,1,63.27
"61dd0efaf7b949ec0c1d45cd9bc731a9",1,credit_card,2,44.24
dbe2d1c6c34f5c31bb6736e1720c9b7e,1,voucher,1,34.83
"69477156227df21c82fda29850060511",1,credit_card,1,87.32
d10090be5f75fb89b6817469f0ce1a30,1,credit_card,2,32.13
"6482040c4887d33a7129473d3db4d0bd",1,credit_card,6,215.19
"45a96807a564f55507a8af6eaf3eb602",1,credit_card,10,200.35
"0b54477549051598bd77d59bee6182a7",1,credit_card,2,104.19
d5d5a70a76401ecc139ee16c5299df4d,1,credit_card,5,693.59
"42a19395ca15b0662870b6b41be02edc",1,credit_card,1,39.13
f744a90daf064199b23ec905bcd31a97,1,credit_card,1,104.70
dbc0a83e6165e4eed41ed8ad3007194a,1,credit_card,2,79.95
e1df61c61699c690427a33fc1b6b540c,1,credit_card,1,39.28
cc2480ffed97aa0b9a9676f40f9bb1db,1,credit_card,1,112.50
"7704a0d92762105c0ba272c37a94b5ca",1,credit_card,1,106.56
"56a699750378066e427e2feaaa048399",1,credit_card,5,110.42
"7c48889642a4142114249d57bb4bdee4",1,credit_card,2,366.74
"020347f6d056bb4209b3ee4711d25f1a",1,boleto,1,128.89
e488e6bcbb9d0e1aa301b9c649dbc5fe,1,credit_card,6,184.93
df04145e2f3426e5693e813561656576,1,credit_card,4,48.22
"21577126c19bf11a0b91592e5844ba78",11,voucher,1,3.32
"3668a28064ef9032629644a5a53e0bf9",1,credit_card,1,90.99
a426fb48d642be17559e3f9caab0551d,1,credit_card,1,24.17
c2ca2bb17ed706c909f7011c18b1ba98,1,boleto,1,59.13
f08cc56e54ab93c2caf71e5a46892314,1,credit_card,2,198.13
fb1ed0a411ea8819f0de26fd7736873d,1,credit_card,7,159.56
"061ba2e2d7544790b6ed6b5b4dd9278c",1,credit_card,5,110.00
"9edec07b1f5b49856627e878dc1a41b0",1,credit_card,3,497.26
"32041c13aeb87f7faadf1f7e8344263e",1,credit_card,3,33.00
"0216ea85f929ce4795f933573c6bb055",2,voucher,1,2.46
cd3b8574c82b42fc8129f6d502690c3e,1,credit_card,4,40.95
"9a8df1603191fe8fa15788692de6f4c3",1,credit_card,1,0.58
dc32acbe8d41196887e5d7ac6c2972bd,1,boleto,1,152.72
d8962b14d78c6bc197f6508354109936,1,credit_card,1,42.69
"07a75ef36022ad882d61416543b23c54",1,boleto,1,140.58
c79387fbdb009010c07a17127bd21f0d,1,credit_card,5,72.68
"5fe019f7d1eaebdb3da79811a3bcd58d",1,credit_card,3,33.51
f5226047c60ee185cf7f497f8c96024c,1,credit_card,1,32.44
"8add64b3a0b9b64eba32b4274ca5fb8a",1,credit_card,2,87.01
c4cc1f9e57162d961e267cf2f07d2fe1,1,credit_card,1,136.83
"1a445e2bf6e78d243bfe5d232187635c",1,credit_card,10,366.52
"65d9b3fd87de7509d12d3cd45c661269",1,credit_card,10,224.95
"5935197a3a64cf91a125aa939d5eac7b",1,credit_card,3,226.22
"98b5257ffee92e64431051eca07f38c8",1,credit_card,4,183.74
"6f814df1f550b59cabbed26b26a96e69",1,credit_card,1,37.22
"2d33b505c88265921a04702415937e30",1,credit_card,8,299.06
d81b4394870364ad09c029cc7d9814a3,1,boleto,1,31.77
ed5c9b0b7aad77a4b3c8135892ac52c1,1,credit_card,10,1161.47
b800ea6bc1a4ef36509ee646e9fba841,1,credit_card,1,79.99
"3ad2e497fdcd8a39a30da81b156b3b31",1,credit_card,1,37.50
"8ae7bca1e289e5b580b39a20f9454900",1,credit_card,7,336.13
"82e2dfceae13e4942e8e10d41fe74ec6",1,credit_card,4,416.55
"07e5d726cba4eb976dc6c2db2ceae28f",1,credit_card,4,75.07
"0ad87ef89708a3c8f63a0016074b24f4",1,boleto,1,118.03
"38f4a818aeb307590cee2478e61c9fa6",1,credit_card,10,153.74
"1c6ba4e1c9d47c2594130a03f164287c",1,boleto,1,32.23
"67d413d255c5eb97d120a90d68e2c3d9",1,boleto,1,108.88
"73adddab7cd7e4f606280f98c137656a",1,credit_card,2,45.69
f51caaad17a98a30ea12622f94c45779,1,credit_card,4,268.29
ab8e509b614e380982f71cb0247aa716,1,boleto,1,125.52
e9541359c8913cd9c5a99703b92f84fc,1,credit_card,2,169.90
ee33d838de5dc1568b5b31d505ccdafb,1,credit_card,1,208.20
"5408eceab061ca3e67853759c88a5fb8",1,credit_card,4,133.47
cf7f0308e07d837de4d5bbc6441634f3,1,credit_card,10,126.30
c2d5c65518eacd599632e3d287f5f818,1,credit_card,1,42.09
bbb67d2853d40d080e6e1f16f5f0a1c2,1,credit_card,4,367.11
"5778366745f5c8c33f8c7f0432373788",1,credit_card,1,3.13
ab7a53a8e94cab448240ff654797c44e,1,credit_card,2,259.81
e33660972fa3937195ecd1545a4e96ca,1,boleto,1,73.13
"672b1bba837c3aa34b3e8ddd95ba6eab",1,credit_card,1,32.63
"63d2c28920a6381ffb2fff191e6e0ff9",1,boleto,1,96.90
f19ea7019ed413c8722275d4c9c08dcd,1,credit_card,1,230.28
e456f27f17ba9259dac72d24dfecc1bb,1,credit_card,2,105.89
"8fd670551839c535568f705a8c23b4da",1,credit_card,3,164.24
"656deadecd45f4e75686a2ae1adaaac5",1,boleto,1,60.00
"0d5fb8614978748bcfbef448c8a74a17",1,credit_card,4,201.96
a503ed3639b58426f15f719d61bfe408,1,credit_card,4,234.59
"0b34845fe9cff17643b298ed508ebb7f",1,boleto,1,415.54
"982b8f41e38f544803f6acd22729a910",1,credit_card,8,254.95
"2a8c23fee101d4d5662fa670396eb8da",1,credit_card,8,287.97
d35ca5de99f9cb92be83a52973b5bbf6,1,credit_card,3,152.33
a7507007d328f9469ed7384cbfc8f7a9,1,credit_card,7,191.58
"2d28ab17a7a4eaa06618d69734143c37",1,credit_card,1,39.28
"3ee9bd56fcb90ab8b29de6387760b666",1,credit_card,1,41.75
"8cf69a287dd56e6cfef977b40928a949",1,boleto,1,194.25
e23156a0a06f554615d0ea438a5914d0,1,credit_card,1,874.33
"6b7c51889439d1226b105ac94db9688d",1,credit_card,6,153.10
f55846241ee01e6a5d8401e58d5b6c77,1,boleto,1,186.91
"91681be83015c5760383644518e80ec6",1,credit_card,2,237.46
"6b5a2cfa488fc5324f22cafe995bd8eb",1,credit_card,1,171.70
"6f518b2ff981751788c8e7dfe7dfbf90",1,credit_card,3,74.67
"72bdfd404277294c8a974c65864ad82a",1,boleto,1,120.43
"3fa397654fcf223b8d6f73a428c75041",1,credit_card,3,90.05
"82700234d97d430ee6c36d8978df2b0c",1,credit_card,3,266.49
"14ed86978b67164350d3dbe3d4f13ec3",1,boleto,1,58.22
"3ddb908d6c179cf271282116f4c5011d",1,boleto,1,148.65
"1b0577d71cd408c29c2fe1c9ec939056",1,credit_card,1,133.35
"89cc4b3fd3de52a930bc92ab0d876d1c",1,credit_card,2,25.95
c17d6a9708cfd25cb90e960da4123e07,1,credit_card,2,132.08
"532018822d75bf3fea57e49294393b07",1,credit_card,2,135.08
d55d5f2d92f548bd9928f3edef443395,1,credit_card,1,39.62
"307ffd3273b9aa8140ad9f386879baf6",1,credit_card,8,84.62
"08d0b596c492f5a5041d003063f18320",1,credit_card,1,184.93
a8f2de0bd364d148696276ada61777f7,1,credit_card,1,55.06
ead42f8f41e34c480a4a9185ab74b37e,1,credit_card,5,169.38
f36a1eff2af8e26d62b33c28ead8063b,1,credit_card,4,236.77
"169bbd065798362db04a47a4f8abf551",2,voucher,1,19.62
"61ece6128fbdf0024d0bc2e6a816b1ff",1,credit_card,3,108.00
bc2e9d05db85d8bdb5e4e7452086e00f,1,credit_card,1,107.89
"3bfcb67badce1259bcc45c6fd1daafdb",1,credit_card,8,243.14
"89873d5ab718995335d753f97430fab5",1,credit_card,1,67.43
"3f2dd0e27853384475d6ead696ff3fbb",1,credit_card,2,43.52
a1d8201182a838255aca3592492761d0,1,credit_card,3,87.94
"711446e2cbe250789dc7b3ecdfce793c",2,voucher,1,150.00
"3c21823fb08a6a2ff770877efffb1c1a",1,credit_card,1,215.76
"3223c7798d7a714bf9d03c6e231869e6",1,credit_card,1,82.23
"28ec57c2ba11d394a43df3a4846055b6",1,credit_card,7,167.29
"6438d704a058758bff33c039c32f655f",1,credit_card,1,106.38
"8223c1c9dfe33eb14644dd34a5213285",1,credit_card,5,240.32
a3897184827e7280957d9201ebb90da0,1,credit_card,2,117.08
d026317579e25a9dc30205ba3dfe5b96,1,credit_card,4,113.90
cdd9601c7f7685708434a68d814fb53f,1,credit_card,1,21.82
da7e4fe598c5bcd3fb94f8f32456a6a3,1,credit_card,15,235.06
"6f80246f2e578e9b708e86681688d732",1,credit_card,6,334.54
"2ccfe5d6558b5a6b11ab972747e26132",1,credit_card,1,31.94
"7e7e972164339f32fadecfdb2c4e93c7",1,debit_card,1,235.83
"9e202f5cc3f2b54ac43a077fa5caf18c",1,boleto,1,148.97
"1679d1eb7779b27771375628ff2f95f7",1,credit_card,3,32.77
eb84a9e87c375d0dd9d1481b5abfd430,1,credit_card,1,58.79
"66565684fb831da6924e8cb4b0e1c2ae",1,credit_card,1,87.52
db8551232150d37b0f71902146aba978,1,credit_card,1,308.38
"0a01aa0d779fc923be4cc5505b0c6dd4",1,boleto,1,116.88
"523a8bb981fdb61599630fe01b89f642",1,credit_card,4,405.24
"9c3d7e9c15eacd69760b2e438fd5e3bb",1,credit_card,3,104.99
"073d1fe6e4e8956db691e04a1656ee9f",1,credit_card,5,92.49
d7592b4ac974639ed08f1484f6b649e5,1,credit_card,3,95.30
"6dce05516fc9a1e16b7a70e49ab656c2",1,credit_card,10,126.43
"18eb4d832e52cddbe2f64a22e306b8d2",1,boleto,1,28.09
"1ad01a793bf3c9b8c126414f162a6a0d",1,credit_card,1,138.36
ed9f2f1d49ae779e0d1953d6197fbe43,1,boleto,1,76.90
"8f56d95ba4712b40163a057ba5ab89ac",1,credit_card,2,90.88
"4636fbfb5ecb1733a2b2cf4c931f695c",1,credit_card,6,63.00
"260ae6dba7f42f9c5e74b4e76a922f08",1,credit_card,2,346.90
c9cb980dd4167a515f9bcb3677706240,1,credit_card,1,75.08
"35baa1b2a801b5181147ad7c02723d9d",1,credit_card,2,567.57
"321d9d09f4d1ffa67dd4ca76b9914da0",1,credit_card,3,107.78
"1c1c151fd9d7a589bffa44635f4f1310",1,credit_card,1,45.52
"27e664e45fbc72051ec6482958367303",1,credit_card,2,44.71
"2f50a3b610253bede0da1b660bf560b9",1,boleto,1,158.59
"341dc4ea81fabe7de6af564b72fcf3e2",1,credit_card,2,162.63
"8d4c9cc7b0041efac926c3c47db0536e",1,credit_card,3,69.03
"6f160d3d9d471193fdc5aa47198ce815",1,credit_card,7,204.40
"79656dfc69daa9e78835e99ea7d54c83",1,voucher,1,131.44
"16b812958d1a00bb75c3256b05b5a632",1,credit_card,9,96.32
"475e7154ea6c9ea4f90d281fd3f65069",1,credit_card,3,31.10
"3d58fd1ee438a43f2a826dda6b013519",1,credit_card,3,61.06
"782c3666584e68ee1fe25859e30cfbe8",1,credit_card,1,102.46
"0b398dbb3e7c81005f3c69b01488c4c9",1,credit_card,1,2.32
"4be80534fe74f207dfb35e7b895a91c5",1,credit_card,1,25.23
"675a27f901e5f0350eed10f052e09b60",1,credit_card,5,95.09
"5682b99fadba58766777a183ba03143d",1,credit_card,1,19.77
"0265de29d2bf47d85101018e7f7d4ff6",1,credit_card,4,77.85
e87eae32b47767da815139559a6ec52e,1,credit_card,2,150.15
"4a0b498204bb56ab863db1f1acd84288",1,credit_card,1,24.15
f81ed3e1a19bd4246ee3e90b01359eb0,1,credit_card,2,61.00
"97117f0564b324e2fde477ebb108bc11",1,boleto,1,102.64
"4000a14f1fc84e2943e3440a9089be35",1,credit_card,7,71.14
"53e73aeaae3e1e18a47d623632bd11c8",1,credit_card,2,87.55
"4a520a26516a2fba9ae35945ac6a2229",1,credit_card,8,95.18
af83f5e5f987977b6420b4763517beae,1,credit_card,4,100.34
"5907e332dfb01556b0eff58839cc2f75",1,credit_card,10,101.34
b12fc1e1a55ad5febf364885bdc26eaa,1,boleto,1,265.76
"431edc9c63424518da8f273659cafa77",1,credit_card,1,122.92
ed530e8c3450732950ed6d49e2cf20eb,1,credit_card,2,124.88
"4e5416cdcf38e8a7fb4084409c778327",1,credit_card,5,193.86
f03ff8d4dd01b31194926029790475f4,1,boleto,1,54.00
ac16a498e09da326e763056460491b62,1,boleto,1,82.33
"078f6e79012194cd9eb77b10f6753d77",1,credit_card,5,171.16
"405be8487a7fde1db0bc31ad6b08050a",2,voucher,1,8.89
"4a9d3281429a5cb0ed545ff8aa3f6f93",1,credit_card,8,203.64
"691a5f36f9c90b44a0cb1ed8e6fe1f8b",1,credit_card,6,67.59
"7ff1a09b20dab40c3d68630eb3b56a22",1,credit_card,4,96.24
"777d025bd646af7e0278d6fb3c51a0f3",1,credit_card,3,213.60
a695521c4f87eeb369e371486b6f7f9e,1,credit_card,2,164.07
"4f6f8c75279983d2c39ca23fca81ffbc",1,credit_card,1,90.32
"66408ac1fd2db14486fb5d2c432aef51",1,credit_card,1,9.68
"9b5f1d8f674dbded691812e5fe07db5c",1,credit_card,10,382.14
"64930a85c555750a1f71af3d49b0c54b",1,credit_card,1,68.27
"98e59e5a0098396c95ba134fd92c2a30",1,boleto,1,164.85
f8e6ae30ab6c20f60adbbadd23f81ca3,1,credit_card,1,246.82
"36d154da5add4de0e1459448ce52a288",1,credit_card,2,114.70
c56734bfd1a27270a864726f2fe96fb5,1,credit_card,1,84.69
fa65d721b5cd6f9f0576b0e17c1998fa,1,boleto,1,75.27
cb392984e12bc8b50d40dbf37f39e607,1,boleto,1,102.03
"20d120b5a95a60c3d599810d5ee01c21",1,credit_card,6,61.80
"02a059e99249511338c51476bf3d942e",1,credit_card,3,132.03
a3629884bf8956b0f572069b8a20cc55,2,voucher,1,44.01
"550ae45f40c5748efec912c204903d9e",1,credit_card,4,332.73
"87aad20d78d6e8072e6c80fe93a0931e",1,credit_card,3,112.71
"8b2098d15b08a80b4d24395b44cb2a42",1,credit_card,1,58.55
"2701d162dabcb83a27f19ae30e8fea47",1,credit_card,2,141.29
"618b0dccb6cd114a77a84daef8d565c4",1,credit_card,3,240.75
b560ced1765e243b3ebf765d80a8873d,1,boleto,1,277.00
d67f2941b4a27d61f6176446533e3766,1,boleto,1,101.25
"05728fca024954ba1ce915ad5c94991f",1,credit_card,5,1024.20
"091b6eccc5e978d6c77d8da3f3cec254",1,credit_card,3,173.74
"3e69be4b31a6af336a20caa4a1379784",1,credit_card,1,28.43
e02dfcd5979ef519870fcf1404cbbace,1,boleto,1,69.73
"4dd732bbd48564f149f8b7ed056c9f4f",1,credit_card,4,106.72
"013e9c654a339d80b53513da3c1ea437",1,credit_card,1,123.01
"6490b668b6a0a9e14980564181095055",1,boleto,1,31.00
"03952349aca310eeba691019501388de",1,boleto,1,102.74
"2e6a1087eb563f7648142859dceb5d90",2,voucher,1,25.00
"4a69d6c8790e0f6d2ffdf98e6522fef7",2,voucher,1,39.22
"69f300c1548bb914121c37910b3f8196",1,credit_card,5,574.54
"7a1f99044742ef1748b76f5b80f9ff3b",1,credit_card,3,149.69
"99d4cf1fbaf4104549feed3c138f63f7",2,voucher,1,11.85
"9aa39389b428a90ff82b0c94fb0afc5a",1,credit_card,2,106.93
dcef4484357754fc205095e165e01504,1,credit_card,1,137.73
da9db8fdc694f5fb8a42e407bbf0a71b,1,boleto,1,117.14
f7efe4b422fd5a4d6415687184ce9059,1,credit_card,1,66.01
"2a30544fe172214cd038679fd1e6c4ef",1,credit_card,2,98.31
bca6e11cbc47e5f4b3f8bd46a39dce3c,1,boleto,1,47.80
b7f45bcd6165e360a95cb43ced5d5ea3,1,credit_card,1,105.37
"5a91aca4cab56a1119249a6ab5d41318",1,boleto,1,172.57
"41907a6e6906a563e6dd54a19d77abcd",1,credit_card,1,80.44
fc04841c5f8cf27654d943a830d4d406,1,credit_card,5,113.11
e4fe3e1517012062f793eccf51260009,1,debit_card,1,251.91
"36c5444b254b4f1810d3ece9523fca71",1,credit_card,4,119.68
fb260abf14e47c95a0b19acb1ab3ed43,2,voucher,1,20.00
"29bcad4b636363b000ad4459d5bd88f5",1,credit_card,3,117.50
"134383561b50fa8eca9c19b2c792d74c",1,credit_card,2,160.76
ff978de32e717acd3b5abe1fb069d2b6,1,voucher,1,30.00
e3d564567e1bd9b72a0376689e35090e,1,credit_card,3,87.76
"14c17d3f1039eddcf915f58d3f126948",1,credit_card,1,75.90
"867b142c274783a46707af07874ac568",1,boleto,1,276.52
"8040ee89b88d6ea587b51b55dbfb4dc5",1,credit_card,3,87.64
"53b520e08ac92c447eee811c9aa93c44",1,credit_card,1,92.57
d50b42288a180cabdc414b2d43b67a3d,1,credit_card,2,151.29
"982210beec2a93bef93d48a68cd2c184",1,credit_card,5,285.16
bbc13e09a09a77b4f6ea6a981a399473,1,credit_card,8,183.60
"54e5702667dea09e5e5c511966be57f2",1,boleto,1,79.56
a6ba5666a43bd5cdaf4a6b0ea268ecf4,1,boleto,1,621.35
"734e7d1bbaeb2ff82521ca0fe6fb6f79",1,credit_card,1,43.46
"1efa3bd33f2a887addccba92edc88340",1,credit_card,5,424.11
"8310cdbd05266e3cd7777e012ad9e5ea",1,credit_card,6,133.31
"6a5586aef88bff8c258fec8c11a31e07",1,credit_card,1,126.43
"0858c9b11272c041d6de2fdcdbc392f1",1,credit_card,3,187.47
bde483878bed3f9a95fed760af049891,1,debit_card,1,79.23
"3e43f42c0a7ba91dfa09d2bfa1969c2f",1,credit_card,3,106.16
c7381c0615627260eabd7cf94bdad2c2,1,credit_card,3,153.01
"9a815b63a6443f94d67d6c8bf970aaaf",1,credit_card,4,49.25
"449d3d757b5497469456e89730d0641d",1,credit_card,4,147.15
"012ea594e035047289b3e7c3f8b90cef",1,boleto,1,72.35
bbc2ceb7904160da9ea4967f93a1a087,1,credit_card,3,74.77
"79ad52e8a08f3b8fb0c5a288a173f3cc",1,boleto,1,153.20
ad6818238027865546d128b11c22061f,1,voucher,1,57.11
"8256c3697a7819795261df09b0554ae5",1,credit_card,5,341.02
ca575ea0d8cb38ef5d4d3bdded6ee535,1,credit_card,5,218.27
"0210f3225937e9d7702e0c3fff098b98",1,credit_card,1,21.41
"087cd9d85fb88c6b0a229b508311377e",1,credit_card,6,418.24
"6b2f7dba402cf63ca207bbe2cc05ef67",1,credit_card,7,71.01
c158e9806f85a33877bdfd4f607b72e7,1,credit_card,3,100.91
"0d4677b0223bd9ec9dc8182d6afa70aa",1,credit_card,1,94.74
de73bf52fe9c690e54d761233b780398,1,credit_card,1,139.17
"13d37da7780bd1fb1eca0512a3e75f00",1,credit_card,1,6.50
"527f95bc978265984802f8ef4ed9dd51",1,voucher,1,39.79
ae270175ffc265c84f5ce6a63c3a56aa,1,credit_card,10,184.39
"9d1f77072af56fc8c0390f8e6f055a9b",1,boleto,1,226.90
"89e0ae495fe8fa69f8e5a8351ec325a5",1,credit_card,1,45.53
"721b6eed5d18982b6869d2b1440e0fb2",1,credit_card,2,146.84
d622712ad2613e0e96681da439b83a8c,1,credit_card,1,504.76
"4d38bf00b95dbf4dcf2820177584ade9",1,credit_card,1,158.23
a809c12014a1497839f797359c3f6d3e,1,credit_card,3,176.23
"1801188abb11362aac0ceadede4a9745",1,credit_card,1,69.97
ea7221ed75c18585b0558f1df2979bdf,1,credit_card,1,104.87
"2fba22888f1373d0c3686616e4caf5c8",1,boleto,1,103.55
d000351234683484e2ef3ad59427bbba,1,boleto,1,59.18
"869534408eb028640def21e75630def8",1,boleto,1,110.40
"35152cb67f98c4fdd13067357f357b27",1,credit_card,1,108.29
"132f922490ba371efd891cf7f81648e1",1,credit_card,9,126.49
d06fe8d6f4bdfe9cd1992aa3322f2f47,1,credit_card,4,147.48
a947b36a514277825c11ad6c9bdf4b47,1,boleto,1,216.82
"4fba3b9d5278d363d0c484bcbc816584",1,credit_card,3,166.69
"9e14ba3a25712a0716d84a955940f200",1,credit_card,1,105.28
a8f67659d37c5f30f8481103b652975f,1,credit_card,5,1016.06
"2e2e88c4bb691287b71a9e1ee8a193a4",1,credit_card,5,399.72
"85c86d629e3c5e477f457be9db748d3b",1,boleto,1,92.05
e9d424615d8805614e254bf5c170bef8,1,voucher,1,76.98
"5d9fde36e9b14f9c646577bb073b1486",1,boleto,1,108.22
"13672bbd5446ca25fe82ddc218f81a3a",1,credit_card,4,47.29
"1d003e03109b335cad4355041e8bb032",1,credit_card,2,176.83
"9c2cd65f37fcbe73d562581e5d53577b",1,credit_card,6,70.72
"8193580d95dea97d43937711060b2846",1,boleto,1,1391.79
"66f2c4c74ef2402a34e32b0156a627bf",1,credit_card,1,76.50
"6113b6607a9b3dba19df73168d0923e7",1,credit_card,3,215.15
"424e818a199f6e82a246973ed096f5cd",1,credit_card,4,158.86
e5a088f3a505f0b0f0f28fda9fef8cb3,1,credit_card,2,185.06
"20ea92819d0fe38fe45b7d09dcc1a4bb",1,boleto,1,55.62
"1cbc5d1981e34d5c950e9418aa02217d",1,credit_card,2,181.76
e630382ebe09e682fd9032c7d269f62b,1,credit_card,1,166.82
e6b945a54e2461068b09cdc3d465304d,1,credit_card,3,263.18
"21f9a8ce5872071fed94d64a8cf0f0e9",1,boleto,1,28.86
"64a2b20e6611bf80d933549f4c45ad84",1,boleto,1,40.78
"2f9db112709bc8611e33dff37de4ad8c",1,credit_card,1,147.26
"55a805a7b2a5cfaa88930d4a265a5938",1,credit_card,5,183.08
f5370142612f3aa9c1a437ba6eb45b97,1,credit_card,4,205.00
"029de66f2ffa0e793ca2aad5e304a748",1,boleto,1,198.72
"7caa123a15b319b74f7eb837012a8606",1,credit_card,1,68.25
c40c8f44fadbd73ec33576de59af7037,1,boleto,1,110.77
"87625edd5358ed519f479259e703b1fa",1,credit_card,1,79.24
"931a37c2cf1baf72a4fdca303da80254",1,credit_card,2,51.00
"0a0d25405f3880fbd46619f0852c250d",1,credit_card,1,52.35
"54220fcc516cabe9ec84b210c0765ef2",2,voucher,1,9.15
"0ba49faaf02e7dc9210e94cd777d1880",1,credit_card,1,76.95
"8c4e90e34f03ddf7c8347d42c6b3c5ba",1,credit_card,1,202.06
"035678e70978296fb0e7469a611c322e",1,credit_card,1,53.67
"6e3b6fda500c10221a01efe3ac910ac5",1,boleto,1,241.15
f154c7c62bc53e3c7ed82713abb2c96c,1,credit_card,1,87.64
"4e27a3667aaa54029e7fbb736175a255",1,boleto,1,180.51
"08c79f0b250cc3b309a69dcbd0debdc7",1,boleto,1,118.10
"92acd9b1e9af0117eee9aa972e0a4841",1,credit_card,1,28.59
"0b1b823864373547749dd203c2c4adef",1,credit_card,5,53.95
f7e9a79b157a77f2b176767e16124553,1,boleto,1,153.13
b719566c82ba52d70bc1312f2cd80fdc,1,credit_card,1,245.89
"70a88919704ffacda73f3c50ef230490",1,credit_card,4,463.78
"110f190bf49ab04f3ead4f860570e902",2,voucher,1,50.00
"4eeb109daa183a813c95015270bf4358",1,boleto,1,42.08
e3c8f0ea157b6f608ea5827c5b39c2bd,1,credit_card,4,173.80
b09d5d8070a14f3f95bbe313d671c57d,1,credit_card,1,47.29
"460af70fcd26ef464f2c55c1016e087d",1,credit_card,1,56.04
"0911e1a17247955a0d55f29f3199272b",1,credit_card,1,46.69
c95fd0fc2b4b423d8ded594da8d1a398,1,boleto,1,40.00
"4912772a793d70a274417e23f3baa184",1,boleto,1,108.21
"9a34a9ac2fd3c9b5b749595e5d4df912",1,credit_card,4,189.44
"0a2de338241b69893fc167f8d0970349",1,credit_card,1,118.82
ad979a858d9d6a2b8bbec764d452d1a9,1,credit_card,2,305.30
d8eeab46fdc56c1066b44166186c2465,1,credit_card,4,94.30
f64d7b26f80457f4d5de8ab2c5e6ecf5,1,credit_card,1,20.60
af06bde35029a2f75949ee83a195f5c8,1,credit_card,2,240.58
"3f50858a49c788f7633204f2fd7bf63f",1,credit_card,5,352.02
"0d6a0453c500662c5e131395aa113900",1,credit_card,1,97.39
"643072b191b07f013f4d88ec43acb812",1,credit_card,3,227.98
e46fb51d8715ef0a91c9e18e9d6f2470,1,credit_card,1,96.61
d4544fa7cc55fc21ef6a5ac0253a526e,1,credit_card,5,91.96
"77b85146fc12a34dd81ef54524f247b2",1,boleto,1,1289.00
eb2d13a05138994cbcc09986aabdb9b3,1,credit_card,1,354.90
fc0b65a691066447aa542589d2b3566d,1,credit_card,4,47.13
"8850fc4abf81a195c5954f60443a230a",1,credit_card,1,142.61
"425db79ac88bce97ec9884db3be0e019",1,credit_card,2,109.90
d3b0d1fdd97b1842ff7f5b3caec74d9d,1,boleto,1,71.06
"7f76cbdccae790b41d0c10e5734c384e",1,boleto,1,42.50
"7419b5c76392ae15b6fcf52012eb6d47",1,credit_card,3,31.68
"2ecf490b77cadc218f299cd6678277c8",1,credit_card,4,164.17
"691b40963b9004f0e49ec2a003f19043",1,boleto,1,56.69
"93b35affb86435b71ca01a6dd1eab2b1",1,credit_card,8,149.88
"69d0959da386c4510dc8cc69db5d68c6",1,credit_card,2,112.92
"333949e8d3532d52be513adc226bc7a5",1,boleto,1,98.46
"973bdd70c3cd13e9d42646b29ab8c9a3",1,credit_card,3,165.22
"23169ab372b70385fcc9668d29aad84a",1,credit_card,6,66.99
"50f345c9d209339fc91c1e9304a94bf5",1,credit_card,1,33.77
"4f438e923ccae9cd39d299ecb138a4c0",1,boleto,1,137.94
"5b33244d158adb23abb0d481fa052af8",1,credit_card,10,144.27
fb5e71b90bc82484e81d1c9d076a4ec3,1,credit_card,3,319.69
"65f87722388463aa7d02023c8f5b11ab",1,credit_card,1,285.85
cabad88da7829d30f53a581fffcd6eeb,1,credit_card,1,64.26
"30db3beab6efd31f72732fb15c2862dc",1,credit_card,1,137.99
fccfd7d65e6d0ffd540eebaf81c2a29b,1,credit_card,6,368.11
e3b7e48fbae78fdbffdf354d08bfcf4a,1,credit_card,4,86.31
"43d5b31ed2c5e37b66622cdc0c4f6452",1,credit_card,2,102.27
"4b78a3c3971b83606a959d5c98208c66",1,boleto,1,244.35
"1c94cd7e47639e11a41267b5c5eb7694",1,credit_card,1,104.27
"2ab52ee7bbc56e3868f74d1528246edb",1,credit_card,6,190.00
a22775141b5e773fb0dec808e36bf9f4,1,boleto,1,37.03
"10bf9305aa4d5fb3382720adad789a40",1,credit_card,1,33.51
"419c1fa500ceff6a8d5ee78cf19d2a6d",1,credit_card,1,138.08
"69c6be5f48a1dd84aa79f4ed149dbb30",1,credit_card,4,99.33
"6ee77fd090a49ec9c4e15bd1a94e100e",1,boleto,1,143.58
bd2909853756962cac320dd9c00dc8b1,1,credit_card,4,46.10
"367d9f6d184cf1d060d92bdc71810d2e",3,voucher,1,100.00
"23f958d8fed53e69461c299f20da7a11",1,credit_card,1,22.84
cbdd135deb197f0e58e13b3168600666,1,credit_card,2,118.25
"580530118ea1a9da5f64b2ce87a6bb1b",1,credit_card,3,154.42
"176654c710164dc3eaf312ae5b533767",1,boleto,1,49.09
"7db6028d54d5921d79f3cb2b95e63a73",1,credit_card,8,167.14
f9f06b8cf6add7953a28dbced729fa8f,1,credit_card,2,35.38
"744bade1fcf9ff3f31d860ace076d422",2,credit_card,0,58.69
"2343dbf79839ce221f3e1ec059cbff9f",1,credit_card,10,140.56
f97bbed1ebd38ac39d7335b1ff49ab71,1,boleto,1,44.00
"2cb6e38ed0cc360e8364ac92cbd72c6a",1,credit_card,6,97.67
bda3c40c66117ac3211d4934f4a43ec6,1,debit_card,1,20.06
"8470b86bd094925355e05df719031692",1,boleto,1,105.28
"8e7f3b97378d8df36ad1b2c206db009d",1,credit_card,1,88.12
f86e32e1a0770b05e7f1b098482cc6f2,1,credit_card,1,59.69
"7f4c5f3682bd5dc074d569ae3b5bc00e",1,credit_card,2,385.67
f2c1189d5573ecb3a877c91242289b4f,1,debit_card,1,97.66
ff22f062d286cb9f0ac08978e3088b82,1,credit_card,2,68.02
d758b90e0bc24cf60e79e90ad8dabc53,1,credit_card,1,42.40
"025d78a44b8f48c66fd09239910302b1",1,credit_card,10,842.14
"96fbdd47df43d3aa6c7f44abdc978f8d",2,voucher,1,43.61
f7886facb594e65f0c41cdbb0583b560,1,boleto,1,154.10
"101a1fdfd16c29a1608a58883902ec1d",1,credit_card,3,106.87
ba4ca9935a3de9d4a25569f1ff9368e9,1,boleto,1,108.72
"59b16f8ad42d4ca115b579dca32f7e76",1,credit_card,8,82.73
"1445ddbb9a2054e295d0ae5b14b1cade",1,credit_card,3,110.33
"278ce3d59dd06d461a1a4d6703790ae9",1,credit_card,10,189.90
"2b5454df04ed163e553e31b7cf96f6fa",1,credit_card,10,108.00
"9e85367165bb242141b1f2638d6fc239",1,credit_card,3,224.43
"91866c79939321e63218d7b71b2b26f8",1,credit_card,1,185.05
"00eb7b95af5ed25aaec66d4ff5295846",1,credit_card,2,106.97
faeccb7dc26c1f48cdfc3881c6644f8b,1,boleto,1,31.38
"811d489212933883305dce687df36572",1,credit_card,3,104.73
"96b8bacb04c05e3e178f33bf738f357b",1,debit_card,1,74.05
"04955e4e1efe5837c88f3d4311a94fe7",1,boleto,1,59.36
"11658ef3bdfaf6a5d20927c19404c1d7",1,credit_card,1,2187.42
"1e6f350c900ca357945126e20117d293",8,voucher,1,11.66
"14b3ab242ab978f908ac651dcae21b8f",1,credit_card,1,36.00
be4f77184693f359b47e0d555b7d584b,1,credit_card,8,308.77
"4ec6e451a636b410f15897c0a67582b1",1,credit_card,2,188.43
"0c29ee02f432c35cb24a70317de6457c",1,credit_card,2,215.14
"69923a4e07ce446644394df37a710286",1,credit_card,1,44.11
"43925f942d825dff700fae3187ee8e59",1,credit_card,2,88.93
"351c9272da4d3af9d74d3b30ee84cdde",1,credit_card,4,106.38
"7d88ea8967e298bd75f4872d79973c81",1,boleto,1,264.67
b28eb422b41546e8ec8ab86afc836294,1,credit_card,3,61.75
"25d2bfa43663a23586afd12f15b542e7",1,credit_card,4,244.02
a21373b020b3665e910d3da0ca078094,1,credit_card,10,249.82
"1f039c377ad805f38658f64f2102c992",3,voucher,1,74.19
"4fc72988165ca65c53de230e436b1073",1,credit_card,1,53.38
e677ab34eb52c66dd39e65b9aa84fe4c,1,boleto,1,922.02
"834bdbbdc1729b2ae17520e7a32397fb",1,credit_card,1,37.78
"9f45b5e1773ed29430665b04170dce4e",1,credit_card,4,317.47
a3c7dc0e0b30a40861c073f24bd4c601,1,credit_card,2,50.77
"916c2499702d55aec9cbad34aedd29ec",1,boleto,1,129.45
e59765e2c90f66afaf17da77d1a658f2,1,boleto,1,129.19
"387d785f482aa3f1844fa843a72d97de",1,boleto,1,203.83
fa0c6595d02f168f7557693dbffa7b69,1,voucher,1,20.00
b6fbf15260de2095643a4aac7876872c,1,credit_card,2,88.61
"42783d2d598dff8ebd48b70e401ca0d6",1,boleto,1,92.89
e3acdd7e09cf9634ef55e156730bb843,1,credit_card,3,69.04
"485a9b5ac4906bb7eaac99931164c87b",1,credit_card,10,265.75
"3d782e9c655f398bd57fc44d3f02b515",1,credit_card,3,66.89
"2eb8e1144ea3959de1aaa9201b3b4518",1,debit_card,1,36.01
e1e993f6e8b2761005ba148892c3af85,1,credit_card,10,412.73
be9fb10d58d9a2df903271600e76e32f,1,credit_card,3,93.54
"080a96bd106fabe8c9a74df5cb5d8d26",1,boleto,1,163.06
"520e9b73b66dd639c67ced184953ca2d",1,boleto,1,358.89
"61016e853ed7b77d222e5a2c38d4a7bb",1,credit_card,10,1989.96
"490580980004a090d98d9d45064db2a1",1,boleto,1,209.01
"9ff74ab0bc3dadafbf2aa0aa674a9850",1,boleto,1,32.52
"1e12bd2ecc7b4ed9cb562be4e64cbd7f",1,credit_card,1,151.78
"88222a046146c4aab763e90b35ab4799",2,voucher,1,50.00
"26e66858735be44e0f1875beba05fa56",3,voucher,1,39.52
"67bd09a5f4c0e40b5a740a78f51a8b5b",1,credit_card,1,45.10
cff5d131d68af2eef5268034defe07ca,1,credit_card,3,224.97
"6248558af11709756b658f25195656ce",1,credit_card,4,203.91
"141898361bb0d46d63ed9006323b19a9",1,credit_card,2,172.45
"44a9994228432b835c3a4e720b6a41ab",1,boleto,1,112.92
"8021c3dc6a034e6f153035028d421c94",1,credit_card,1,64.29
ab344aaf7040ad7bcee8c7ae7db9e87e,1,credit_card,1,63.93
"9da8ef7171b203799d1fac783097c70d",1,credit_card,1,91.39
"37a5204a049f51a78d2a3b22a808a779",1,credit_card,5,155.98
dc6eee28a658fd5850d3f88a9c0abbc2,1,credit_card,6,148.06
"30686c06dbe287c1eed625281774a98c",1,credit_card,5,292.28
"76ed9741ef1e5ae8641e9c885d775c82",1,credit_card,1,146.92
"3eff3be449eaedf0e5b56e9a7d35bb82",1,credit_card,1,209.36
"0759ac0ac1a0c11ab13fc66564f4e112",1,credit_card,10,777.24
"4add09b525bbbd66f6571658ca867401",1,credit_card,3,162.79
c494a0ccf52e43b779d85717ac428496,1,credit_card,4,88.57
"7fece9c7487cb93f6d37df78e2283d07",1,credit_card,4,146.38
"4ea1a4c03356983fb0ac9ab44a7b03cf",1,boleto,1,116.74
"3ccf1aa4144993ddec8287ef8ee0a107",1,credit_card,12,138.26
"1e5b4183205018be34950eae3e8b2793",1,credit_card,1,83.46
b459a0e9653d4d181678247d5f92fc2a,1,credit_card,10,150.87
e66871adf6309bd5dfab0e92fc591487,1,debit_card,1,106.87
a0bb81fda7cf88b07f9a884c1be7ba64,1,credit_card,3,87.39
"6e6872ba4fe6f52ce3b560d569bcaf95",1,credit_card,5,182.73
"8fe860202f0d87213c4056f1030ae367",1,credit_card,3,242.48
b6d8afcbedd981f81cd58c1ecf289add,1,credit_card,1,114.34
ab6d84885a2b1513ec4035973c08460f,1,credit_card,3,31.91
a64639318173368f70e2ce455a49196d,1,credit_card,3,93.75
b779a9b1774b12944ab77d39b831f151,1,credit_card,1,74.10
"0fc4514962014882225600c063477bd3",1,credit_card,8,196.92
bc5a4e5f24b16e6c03294f5f113930be,1,credit_card,4,183.32
c6952ba78d5adfd24e93300fc30718c6,1,credit_card,8,83.13
efa916a75b5d88fd21c5e217c691e81b,2,voucher,1,53.81
"4986ad26a712831bf15208292d72e96d",1,credit_card,10,1269.50
"48a7fc253b8c47a7442e210258118c33",1,credit_card,1,37.09
"0b1bb6f28394acad8dac5b3f4e2a28c0",1,boleto,1,187.49
"0d7839b143597f84b086c444ef9ebbe4",1,boleto,1,108.42
"8d3e3ee88c55c4666fda9d82a922a036",1,credit_card,2,89.03
"5e235e61ce267978794f9d8f22465386",2,voucher,1,100.00
"2a56c0c034674a4f3655fdbd44d8df8d",1,credit_card,1,170.14
c43af0d27028ef826111663d8a3baa33,1,credit_card,6,63.97
f9862e3b43676dc2c34c7293f50c1cb9,1,credit_card,4,54.60
a6a167269a035bae64d9f5a38172c5c7,1,credit_card,4,43.78
d0c6b8ee36354c87e501cc93b88dc057,1,credit_card,5,100.59
bce6cf2e08df303c7ad2f89e5a62083e,1,credit_card,8,170.86
"2da878ecf6888b9ef86f601d9a8b9492",1,credit_card,2,115.45
"7a37faa848114c1dfbe6b90f15af98fa",1,credit_card,5,214.14
"16859c16cad5082b592ab0ecc7234a71",1,credit_card,1,49.42
"70fe29ac539dcf0cfded8f408043d124",1,credit_card,3,40.27
"9bb24e7d420a1f6492f0d5f543978944",1,credit_card,3,180.58
"4a6c07557205c5dbdeae7e289af5c1c6",1,credit_card,9,90.18
"1727e1c8b1ccb4c78510a8524bf1be08",1,boleto,1,76.02
"93dacd550574d8a7b38362c2a6f040b8",1,credit_card,3,113.71
c4c3ab935544a304e782b38b7c7aa044,1,credit_card,5,52.85
"2468e620a816b687f5dc6878e7d847ce",1,credit_card,1,45.21
"49786a9c2b41f65bfb53a1c346f08f32",1,boleto,1,127.10
"2e1934467537a71d1ef09726c4c27b11",1,credit_card,4,98.66
d2fdd09f4f50c75c2895a3252f0c7418,1,credit_card,4,232.53
de06e436fbb3dd6e10bafb5f24ed5530,1,voucher,1,9.18
ae120be8d03530006a9cdc011d8d09c4,1,credit_card,1,37.63
"93fc3bc7b6247585e28ea46b9e8d3d47",1,credit_card,1,65.93
"8a98ad89f447011bd6ed7b90a5cc2b4a",1,boleto,1,236.92
"0029f17cf0e7640c5cb6825af681303f",1,credit_card,1,113.44
"6d58638e32674bebee793a47ac4cbadc",6,voucher,1,15.67
b07680c80c64e1f1ca41d4337b5e773a,1,credit_card,6,136.37
"4f4203f1d877a50d4bd8f02bcb346f63",1,boleto,1,136.81
"666ee8dddb0138c7703e3e2a8bb8919f",1,credit_card,4,114.58
"07f400658513d45866ee381bace93793",2,voucher,1,118.00
f461365902fbac0de671877edd6649f1,1,credit_card,6,128.65
b89fe4be84bbe9ccae46504cda83162f,1,credit_card,6,137.99
"0dd88bb98efb144f8678e3144b5180ff",1,boleto,1,35.40
e6dbbd3eadd03d333cd36b4f5a951f17,1,boleto,1,47.87
"6c3ebcad285020fe222c1bff5a23b15c",1,credit_card,4,133.35
c0a35c459a11bc0953c481dd80ec5fd0,1,credit_card,4,87.47
"05c7aa3928dd1b25667ba59cdc277505",1,boleto,1,236.48
"98177e77e8e13fdf6cf26a7e98d86f02",1,credit_card,2,96.69
"89b55ee54073439836589d42a92ddb33",1,credit_card,1,77.09
"7da502f694a6d35d21b05492a9a315c6",1,boleto,1,130.75
ab07bba4aa52c95cfd9d7a418d9be63f,1,credit_card,12,245.05
"66c0ba5488a397208076ece07748d0fa",1,boleto,1,295.61
"628892249eb28e0376c57474af8ffb26",1,credit_card,2,211.01
"9edafa4c6dbc4a9dd05637c84bf96605",1,credit_card,2,288.29
bcd894d1c63a81b9b1872a8b9579f546,1,credit_card,1,95.67
cde7e4455fa7083f7ab8c2d5eb0c8d12,1,boleto,1,61.80
ed456446aba091a9bc94823a702b262f,1,credit_card,4,296.12
"148f8d19f8fe2f191e43e9289ee17d70",1,boleto,1,146.68
"800287d237dce4a18b42741b52bd4390",1,credit_card,1,129.77
"96b947c986b42f213c9e6b8ccccedb89",1,boleto,1,459.63
eeb52cabd36aa10f5feb6a64e51f8dae,1,boleto,1,43.11
"4b944ced0a85068eda08572e1c5e890f",1,credit_card,10,105.28
"0d309f0a9fa6f85b5f37ec7e95da3b65",1,credit_card,2,119.57
"10b64ed7e88bc66762c2637eb63e05b5",1,credit_card,4,65.00
e10c080e6f7f8136087836cadcd26199,1,credit_card,3,78.73
deddf7d706863120a317dee83aefafea,1,boleto,1,63.27
"0fe8aad910ff05e73b0ddb0a89e61b21",1,boleto,1,57.37
"5b686ee96f05cb6987dda1919ebf2bdf",1,credit_card,9,90.26
"7da4f8ec54a78572fcce6797f62cf1cd",1,credit_card,8,1110.20
b6af840e6199db586de5da4e646cce76,1,credit_card,8,514.16
"0647d9d193d898f2ff46c9e91a3c8c4b",1,boleto,1,837.84
"34cea4a1fdf5fefdf4d48d7dafe53911",1,credit_card,5,54.69
e27d61d435972fe5632bbfcdee617adf,2,voucher,1,27.84
"1693d3b069866bbe03167ef59ecb639e",1,credit_card,1,55.11
"0960eb7bc90d80c2f02eddc17c25ee2f",1,voucher,1,64.80
"1e718fdf3c8a1ab6f3831f7e61ed9e3e",1,credit_card,3,156.73
"5df16667b4591b93ff7b1930d8b7da36",1,credit_card,1,153.22
"089692eb75f455bcb86e1a21ace6abad",1,credit_card,2,56.18
"20c87f647466d582c7f188b6dc4c6b14",1,credit_card,1,73.34
"15c820a6083da915f1212f0945b3d90b",1,credit_card,8,153.20
"32032cfe80a0e36537d611ea2b9342e0",1,credit_card,3,212.40
"9aafcc551d18b973a8088ef74ced921d",1,credit_card,1,41.75
"50b3cc3a81862626b3a95451c8928e19",1,voucher,1,90.70
fe98cb0615a7611265d8955be5ca9497,1,credit_card,5,54.36
"6441bc5d2c43a0ec4e8fa75d5cca8c02",1,credit_card,1,142.10
"4f95977893357c1a4a9ab91107e78cf5",1,credit_card,1,66.47
"6667ce63925742278c4eb0f5d83a913c",1,credit_card,3,77.75
"3df54c9248f6d2eef8f08ad39f422abd",1,credit_card,2,189.50
"38b488d9104334d38fa658cdbcb1ed48",1,credit_card,1,32.78
"8220b318fccce9e7dfd00d9894b95189",1,boleto,1,450.99
b408eebfa22431115ec0811eff9d8561,1,credit_card,1,345.96
cb4fa9a6d95ef2b84743087f2cac2b17,1,credit_card,1,52.75
"7bb79f0edc7627c4bd27cf2979b0b7ef",1,credit_card,4,44.09
"92b8d0b30483bd64c2548331777e52a3",1,boleto,1,53.09
c1156d369c303a211cdb53c6125a33b7,1,credit_card,3,149.33
"408f2f229612df125125c44208331045",1,credit_card,5,55.09
"9e6e335c851fd08c6e1b22a0d70bb540",1,credit_card,1,108.10
"8db2fc638531a7cfacb4b905716ab6b7",1,credit_card,2,176.70
"3255bbc82834f5babe538cf6d868e831",1,credit_card,1,33.06
"5ef22ec79d2414ffa56518f9f631acae",1,credit_card,4,49.42
b85e1b372d0db7f012b00a46dfea2423,1,credit_card,3,98.74
cea503481ea27c2c550bc48e007fc0a8,1,credit_card,1,42.53
"445365618743df6b2fc99573390118c9",1,boleto,1,65.87
b99f2ac35db6241badc2e0a4d74e79a7,1,credit_card,6,126.58
abfb6dbd8b0370761e851060356359b9,1,boleto,1,62.44
b08e0b030ec3af9bc4ca51134a0bfced,1,boleto,1,67.82
"818b470109d94829497e6d4cef2e0079",1,boleto,1,107.14
"5d52a189aad255c960953d7d5d1aa7dc",1,boleto,1,467.36
ab25c53c5259e107072732c1bae15244,1,boleto,1,37.53
"35a20de8aa4da49067825dec7e7928b0",1,boleto,1,178.27
de04c03e7fcd10f5d9ccee5584ebf84d,1,boleto,1,535.97
"08288e829c6b9a810a4392bbc30545dc",1,credit_card,1,31.38
"8cbb4c68b07f1ffbb2a640bcede44b4b",1,credit_card,1,9.49
"344b189b705831ff56d313993ebdd789",1,credit_card,4,98.51
"4d20a88009a1ccbe54db2c4c7e184228",1,credit_card,2,110.46
"3d4cd303bd9e47adb955bbf18db26623",1,credit_card,10,102.59
"36060588e66288fa7e3049a73519713d",1,credit_card,1,184.04
c0d98bbbc820c00ab877fbb053b1e517,1,credit_card,4,66.60
efb26ebfb1e2ef4c7cc691d05bae1e2e,1,boleto,1,145.15
a9db19260d4597e49840ec0146f0d3da,3,voucher,1,7.53
"63b0cebdee19b42e809d4b45866eb42e",1,credit_card,1,36.84
"81939d40c8467167b0946455d61ca8a7",1,credit_card,6,66.67
"1e07ba4e9a6dafcecd0c46111e477e5c",1,credit_card,2,132.48
bfcfc352185cef17fc3a748ff2e921d0,1,boleto,1,172.76
dd080c5aab990b09aebe68a9388942ed,1,credit_card,2,99.22
"9a06f6b071c10b11ce8e6e8646dae224",1,credit_card,7,185.10
cc139c399d4fe7949e1cc628424f7955,1,credit_card,6,86.63
f9e3b033a477076e2b9e014a852af668,1,credit_card,1,52.34
b761638825ae06cc0b14018811fd7ab9,1,boleto,1,40.55
"4dc9fa4d82f350eec3ffcb4d82a3a3c7",1,boleto,1,356.16
"6f99460a3922c5c8fa61c49fa488a858",1,credit_card,2,93.50
b3930c1f3ba41004ea17303295d1fb86,1,credit_card,10,112.30
d7ad2df000aead4e9ad0ff7e9118990f,1,credit_card,2,109.95
f837f3ebff8ee27bdac13d56cb22e5be,1,credit_card,8,87.75
"6f834f2bc49204574e674eaefec43d14",1,credit_card,8,84.87
"492af7055c78ba977bfc7e748dba1737",1,boleto,1,26.00
cf319c0d69f01423a802cc9a95212e3e,1,credit_card,3,141.08
f8dc82b0d1ce6633002e0e0d2d17282f,1,credit_card,8,89.38
"23f592266a54ffc371a5c3eee760aaae",1,credit_card,2,71.14
b210147ed6159ab19baaff71f7e43491,1,credit_card,3,57.24
f7a1e468985217906faa7ad93b8a3f38,1,boleto,1,155.73
"195ca8960d7d0d1604cfd88c7159ceea",1,credit_card,2,27.68
"0cc36282e7b0e281bb99dfdc8c0f11aa",1,credit_card,6,647.54
"2b36fe8c73edb9af80b2d3e73b46122a",1,credit_card,3,222.38
"77265921b538b8258ca73fd168e46ab2",1,credit_card,6,125.31
"8fa7a057aba83c859446538740219b6f",1,credit_card,5,105.28
"2d372207e6e6c38c19f44bf5a7e07e66",1,credit_card,2,148.45
"2a41e607e8c88abf9f0b0f8f982dce13",1,boleto,1,116.39
"30dd13b35c665885d4e25450971f3fb8",1,credit_card,5,404.22
b0bc656fed47584c160f8cff2d7b8bbd,1,credit_card,1,306.40
"9facbaa96abaefc54aba2b8f3722b1a7",1,credit_card,5,118.55
adbac4b12d94ba3f3e7c47dfe548fc81,1,credit_card,1,54.34
"1da9f58fe27dab2ebfd76ca17224cc5a",1,credit_card,10,105.14
"538e58df1e2da6715870a4cbb42a1b4e",1,credit_card,1,82.41
"497b870cbbeda496567b5d75b81c5722",1,boleto,1,49.18
f404d82b87249486a0b5ed80b84f1b82,1,credit_card,1,343.57
cb7e54b683ab7303fa52e2c3975801a6,2,voucher,1,126.18
f647bd085f1616eb4a272bda4d3f8045,1,boleto,1,251.28
"275d77a4c30d29824ec29e90244c95f4",1,credit_card,1,35.77
"1bcc9dd1dbb385cedfcf4d96da5af4ff",1,credit_card,1,486.59
acd5c180c2d3c364bd63013b33063120,1,credit_card,1,85.92
"4723c19c571b8206956b23f22bb10959",1,credit_card,8,416.80
"464324a0ca5b6a5b1448b02f24e588ce",1,credit_card,10,244.60
"8c8c25cdbcc71e7662522da80f4d7569",1,credit_card,4,45.00
"6ed97d236b7eb297787b4002f3efee17",1,credit_card,7,141.63
"6368f15cde8b7283ce52067367693a98",1,boleto,1,176.16
c3b6a8b065e2dcb86aba441017c019dd,1,boleto,1,68.90
"284705e9a68479f4ef401d31e5400948",1,credit_card,4,212.73
"7e09cc861487709e81e6c729d2635208",1,credit_card,1,90.60
"80028e205983856e71a9cc12fe99d17a",1,credit_card,2,111.13
"3b10c12d389da3bd306ab31f1867c754",1,credit_card,1,99.90
"36ea72943a97d3bf36050be233ae1151",1,credit_card,1,163.81
"84b9c4e0d6fa518c27bacb0b602b028c",1,boleto,1,127.42
d2d67eee0f617d4f903febb0279cd805,1,credit_card,1,139.11
f15016a558849089056c7b9fb908ebba,1,credit_card,4,48.22
"421bb69fc426ab8530ef85399541a9ac",1,credit_card,10,588.14
d37e7ffb183809b759828865f66eca59,1,credit_card,1,197.01
"6b2909c0acee3c3cd2b71bcc89e6a7df",1,credit_card,10,525.98
ad0f5b61c49281e7ccac5a986968f347,1,boleto,1,70.59
"171723389846b8fbcea1d365e5719cc7",1,credit_card,4,223.97
"5b4a5c06f7c8192686f2792b0dafb785",1,credit_card,2,113.14
"0bd92af478239fae08847d13e9fd8617",1,credit_card,6,62.78
"260c1e77793a506e09dd0f8135109966",1,credit_card,3,84.64
"818bd73c0b6b0ad178a73807245dc58e",1,boleto,1,71.71
"031e9d02ce26fb5bb1f85335708fc70b",1,credit_card,1,49.57
"6a4e7db21066dff2d18a84059245c6d1",1,credit_card,1,38.74
c36e554ee01d62169dcff7d661d80922,1,credit_card,1,49.30
"751faf67487905eeaf337644003ff82c",1,credit_card,3,49.85
"47cb859a7f526319e3da0015c15c3b1f",2,voucher,1,100.00
"94d1193f2a0ae739f23399b913bd577c",1,credit_card,3,35.59
"4753616d1169e6e7186b8b1bdd847209",1,credit_card,5,117.58
d98e1bbea27add1b46f2f78aa0a3517b,1,credit_card,3,67.30
"76fa5b8de9baa31b68062dbb6e708dc8",1,boleto,1,52.23
ddfb686b5b2ac3fbece69e652701a876,1,boleto,1,173.62
ae78d443f07cc7da4cb961f34f1bc6a8,1,credit_card,2,190.66
"318fcffc93b531c0230bb8c1ebd018c4",1,credit_card,6,441.04
a1e92d086f682e6d8a328e19e14e0621,1,credit_card,1,63.27
"12fe69d4acc9f59f6bec2a0d728f4a8c",1,credit_card,5,208.55
"8dbbc5ad6c925d0327601a5a11b364c8",1,credit_card,2,196.22
b74ef7f1cae2f2aa39ef694089220237,1,boleto,1,119.17
f38755557b9876c68991673e64852af8,1,credit_card,2,107.27
c21e65a4acbd5b33beb95820d4894e22,1,credit_card,5,54.10
"253c6937d7acacfc1ea08401efe0a138",1,credit_card,8,224.12
"6f6bef4f457d0f672f90f3922db69090",1,credit_card,2,134.58
"77f6506ba8fcfa8c923e3297a1cefbe4",1,credit_card,3,40.00
"79616b0bd8740197588c3825106037d0",1,credit_card,1,70.05
a862ecff56ca6a3060e2754e31633320,1,credit_card,1,119.31
ece61a9988cb34a255aa01de896dc611,1,boleto,1,201.84
d4ed3d242ba3c0082668360172454c65,1,credit_card,1,63.55
"054418a6880b7e815bf64730ef040574",1,credit_card,5,902.03
"2d858f451373b04fb5c984a1cc2defaf",1,credit_card,4,194.00
"99ee8e68cacd5e1b674946811a8e0fec",1,boleto,1,30.00
b6508cc635e024a2db73451e22649413,1,credit_card,5,279.72
"8af4559f1066337d1418a13215e1fe2f",1,debit_card,1,72.36
fe2eef3b23570cf0d77e3bfd237aed93,1,credit_card,8,80.14
"93a157bd42d5aee115dbfbca895d9998",1,credit_card,3,307.14
f825ff64b7a15cd4f3483fb00b6ad59c,1,boleto,1,125.39
aa0ad7208dfed775d5b4afb627cef397,1,credit_card,6,60.29
a4fe2ae99d3fcafacc6b88fb848d8eb4,1,credit_card,3,204.18
"8906d9dd8d476768948e2709395ae912",1,boleto,1,40.84
"3f2f8de95118170021d99d5fbc532352",1,credit_card,1,92.86
"7a2a2633b023ac3ee1dc583d44181b2a",1,credit_card,5,88.61
"3d3977c331c2a5e7da23ea7057a4c317",1,credit_card,1,35.55
"0f44bed17f819c79f48b9d260406a445",1,credit_card,5,156.64
a0aa66ea6d606142d5df626b13b033c3,1,credit_card,1,30.78
c5cc5507fd7537da058bf67fb12d28af,1,credit_card,1,151.79
"1f2638f8b42427da20d04f8fe55f4588",1,credit_card,1,106.87
"4ed127b02fb1ebdaf9a0e4be8ca000f9",1,credit_card,1,222.00
d7898ccadc85889e683ff908985b3a2e,1,credit_card,6,133.96
"3cba7817e430400056f23107daafd6a9",1,credit_card,8,103.28
"908614c6fc54de3da2958fbd4bb8d00b",1,credit_card,1,47.82
ceb206889bfdb174fa5455fee822c210,1,boleto,1,44.41
a393492a87f42dc60b9b63b4ec2f6480,1,credit_card,3,54.09
f7780ea2807db31691e83f0013294035,1,credit_card,1,67.67
"01405161cfdf60dd80df1f393a2796d5",1,credit_card,4,74.63
"7b5073d707fbc74f030710dbbd069ef8",1,credit_card,10,181.14
b942bb8edd1c815cd011efcf4e05024e,1,boleto,1,70.93
b02983703060845dbc7fe979ceaf2c3b,1,credit_card,3,34.01
"7a92d4bffc8f086e16f610875cee431b",1,boleto,1,52.84
"73267bb8b187041d0921ae0d6e56e644",1,credit_card,2,79.19
e6df4c16c39fc27fe106ce027883a408,1,credit_card,3,138.50
"9b04a2f1de8fce6edf0761c34dd825c7",1,credit_card,3,172.36
"86c4eab1571921a6a6e248ed312f5a5a",1,credit_card,8,4016.91
"478427fc9787c3fe1edf66c81e466623",1,credit_card,10,546.45
efbc31f25e73773a418a59dcd5ee7fee,1,credit_card,10,168.36
"25cbaa3b665ea64cc34910aed433b5a5",1,credit_card,1,157.07
"1b9d5d91c2a7afffb51beb03f162c6cd",1,credit_card,4,93.19
"72221bc9de65dc6a45b9156909d2b6c9",1,boleto,1,50.00
"6f61cfff949f6d2569a44327aaaca639",1,boleto,1,114.27
a4f28b3c6ced3a0b8f60b9043bc27f9f,1,credit_card,2,262.07
"95e19f10a6f514fa5e093e74d2e3f58b",1,boleto,1,510.81
"396a800e1a64e6e4db379d941a4bc7d7",1,credit_card,12,380.29
c2646971872aa9667e99e3b4545dc747,1,credit_card,1,16.18
"8ef4bed1022c0f48012b556559e43f06",1,credit_card,2,200.16
"5325c0655c8fabfab6654453c2265397",1,credit_card,3,156.84
"110f6ca5866b291c8689e08bebf7f8f8",1,credit_card,5,712.29
"079034c04662f3d7dce287df9e4e5489",1,credit_card,1,47.89
bcae7c1732e28817b7957e6689ffe813,1,credit_card,2,183.31
"899cbfad4bc94409cc6bddd6b602ef39",1,credit_card,10,327.82
a04875dac0e5be70a331df6f1abda67e,1,credit_card,1,99.09
"930fff097a9427c8a9a70559aa36fa76",1,credit_card,1,176.22
d60b2bc250dbee7d1cffe229a0575233,1,boleto,1,32.09
"72ec72091aea2b3b17c98c71172c4247",1,credit_card,4,66.60
a4c0c3903b0f57f415ce5dc9d3bae784,1,credit_card,3,78.72
"3643f070f0ecf3a35acc73cc863b296f",1,credit_card,1,77.86
"84568d93e897d1d8db26cb9b9d157700",1,credit_card,8,169.28
f49b0d1c77d2f8b37c7579f4cbc8264e,1,credit_card,3,44.43
"2a4315659861a015dd1f56bc705121d9",1,credit_card,5,81.70
"82574189caad5cf569fb8cfd3e9d9382",1,credit_card,1,58.48
"0db2c372f61e248e4401702d0ae47fef",1,credit_card,2,177.93
"894f6e0db677f7c543348befc4ecc7da",1,boleto,1,872.60
bb6f77e22d300a3c74436c9ea8925945,1,boleto,1,149.14
"2dac1809f9dbdd8fa97870ee26c2736f",1,credit_card,7,79.29
"7c97f3002c24421012ed83f34b377c3b",1,credit_card,1,42.69
dc8e3dc6a8e29fdc96bb539516a4a175,1,credit_card,7,147.15
"3bbf8497fe206b3398e30cae9791847e",1,credit_card,8,321.82
b5839f6ef0df11dd4912bc5bfa299e3f,1,credit_card,1,25.00
b8f4980c2ec178504101b730e4e49918,1,credit_card,3,115.67
"6301066e2dac8d64b49ee0cafd9c727e",1,debit_card,1,53.29
f1f7bea1d9c5ce9f1f2db79011a29aa1,1,boleto,1,59.84
"4924d4064306a4b2cde5a264e106de11",1,credit_card,2,205.51
"406c8182de18b2d9a20676f34b35ca6b",2,voucher,1,79.90
"63c48765fa94402191d6ee15174b335d",1,credit_card,2,46.08
"3eef2a97c78803eb4ae9dfd2a5779e62",1,credit_card,3,176.71
"8e774bad4375dc8b07125f934984f15d",1,boleto,1,43.15
"4676e642aa92a4ba1131e935a2ac6246",1,credit_card,2,111.83
"88c73414c84d0729fdfc26ad5442963e",1,credit_card,2,62.95
"67756d84a71c958f3c19cd41a7580d9d",1,credit_card,1,105.63
"861b17babeba7176fff231e7851a519f",1,boleto,1,707.16
"9f15e7cf61018edf0f17edb4c4d77b5b",1,credit_card,2,59.22
"51a5a1d89c87180cafd033debbc60f31",1,boleto,1,92.91
"0c2bc0e5935dcca29a9e0cc2e5236a13",1,credit_card,3,378.33
e7336e1648bf13ca6664c8568363dbb3,1,credit_card,4,200.55
e861ee18496aaa4aa146335b10d2fcec,1,debit_card,1,56.50
"4d1169dbb1880a13338378683225356b",1,boleto,1,285.58
bab4194a4df4aac8d2cf6386c4979973,1,credit_card,2,72.39
dde52e7aadf2e606b4c1b0effe1950bd,1,boleto,1,114.86
d9f8272ce07f87bd2168f47bd2010235,1,boleto,1,75.62
a54dca1918f3c9eaa16ac953a5d8c9ba,1,credit_card,4,42.77
fa3a12a1271d743e56d30a902cce0c1b,1,credit_card,9,150.52
c73d5fa01a74c67962173f17716b9630,1,credit_card,1,62.15
"2027c60e9786b0dbc84f5849a80976d8",1,boleto,1,223.42
dbb0da1abcce904dc52dd60ae31d5c12,7,voucher,1,5.52
"7575d831a96234bf02a093daaf34e375",1,boleto,1,42.00
a836557bd25acb961f6381da4f877fd0,1,boleto,1,72.76
"53c6881417e68018f3caf8efba6a72d5",2,voucher,1,25.00
c9a8490e7b2c76d2f9b22369314a9391,1,credit_card,5,51.38
da6de8ffbad4e3941e6b13d8b78d7f75,1,credit_card,2,198.13
"2b17fef707bc0247c11ec3eb00298daa",1,credit_card,8,120.77
"370b3c2ef8fa05039d7f93c4c9f66470",1,credit_card,6,65.70
"84d1b2c4bcd6e1ea29456bedb6b6530b",1,credit_card,5,118.35
f1b8a6915a203e63ddcf0acb3e7dd891,1,credit_card,2,45.48
"9ae3e8595c05d8148c01235627356e23",1,credit_card,5,98.01
"429f1a5343ef9fc8d6b142273c6d14d2",1,credit_card,1,38.95
ead4bdb20456cba846bb4d83e5a870a0,1,credit_card,1,109.83
debac352e54823e317babc2b6182b188,1,boleto,1,62.00
e0d0c37730a3ab2629b6f24a3466ddf5,1,credit_card,1,86.72
b36a230278dc6eacfc8ac950d38e9a2b,1,boleto,1,700.55
"856a6bef735f48ac9d2c56835924921d",1,credit_card,10,314.54
"43dc7ea19a987e4cdafa291aebe38eab",1,boleto,1,43.86
"21264ae81b0f6ee6e1d2664ee10c51fc",1,credit_card,5,228.24
"908e192e4db399ba3df7c844bbafa304",1,credit_card,5,275.47
a0c98bdda8405aeaa4b87bdcdd25da22,1,credit_card,2,68.15
cb79ab95a39d889d936069cbbd1325a0,1,credit_card,1,230.25
"989c69b80eadc79ccae5fe89c92a35ce",1,credit_card,1,22.66
"99d834a0bb72d31e3d0af9bcfe70f175",1,credit_card,4,214.84
"54467f436875fa3701511ca9b24213bf",1,credit_card,2,184.92
c629fd3aa69824b58230aee97ab8930d,1,credit_card,12,143.92
"9d4c848f67a05d1b2d6f9f9fe1c932c8",1,debit_card,1,92.76
"91738f432adb50d3fafd082ebfdecac7",1,credit_card,2,137.20
e64aa875cf76866ccbf740143d575f24,1,credit_card,4,146.68
"7c33b548f0fee23cb4a8afe1f1333ee8",1,credit_card,2,275.98
"4a84e6f77b93de41193b2b792ff366ca",2,voucher,1,48.23
"96cc19379b58b51d6cae968d286bba81",1,credit_card,1,187.36
"90b3ad8bf9574cb0d847fca8a31bdb75",1,credit_card,1,104.17
bd9224b27d07de203a835041550ad525,1,boleto,1,114.49
f320fe2d0f359c67595c70baaf9ffdef,1,credit_card,2,56.08
"58bb1a30c2cb9520d5de66b39ed7cc0e",1,credit_card,3,39.23
"2edc2a8fcbfceea30b10f1a27c5e4b10",1,credit_card,1,39.45
"578de5ff4a91901a3b0150e8b152723a",1,credit_card,1,44.42
a62d1c8ecd8c597d007fc79c5bb5f1c1,1,credit_card,6,63.82
f709f3fec102226ab1dce1018209b7ff,1,credit_card,3,191.46
e04d6a25eb8f61739c0ab02a8dd7b188,1,credit_card,2,64.23
"74b9c5a1b6f7632750a25db4de597512",1,credit_card,5,53.42
"1bac6ce688aa1bcae651dfcfecfe7aef",1,credit_card,10,281.34
"21ce1808ea117d397cae34b95036a4c7",1,credit_card,1,36.69
"23c8038b81572fc7faf9c13e6c82e043",1,credit_card,1,32.42
"01d601c4d70f016f1e32ee8e82d6d4c9",1,credit_card,10,273.88
"971edb451cad61fd96ae029b1248938e",1,voucher,1,29.70
"0232512713ff84ce6ae5c96971894149",1,boleto,1,171.08
"3f1cef1dad28d66ac73d711f75a8ade6",1,credit_card,1,133.05
"36f03c686bcee7c593f6227fb80b7109",1,credit_card,3,107.05
c4cce729f23dd590b26da3aca2d8c598,1,credit_card,2,97.01
"4065c0062f606b943e2fef1d5454ce80",1,credit_card,8,824.08
b457d7e47d6cdeb247295594ca600cb4,1,boleto,1,63.28
de0076b42a023f53b398ce9ab0d9009c,1,boleto,1,34.69
"854bb7838a97e539dd065b30fc08872a",1,credit_card,5,457.95
c8f940fbc25bac4ef4c6c97047d59899,1,credit_card,1,122.43
"906f3bc1c109fc6476f1d3002448f260",1,credit_card,3,363.96
bc2851f553a887920c83a1367a23dded,1,credit_card,3,192.88
febc08cf93a49479fcb455b3f673bd2f,1,debit_card,1,223.45
b2bbb2cca536bb4984557119c0eb3d8a,1,credit_card,8,223.10
"33ba4f801135f88f6836ade6260d0623",1,credit_card,5,83.54
c8310ae899dc9ca256b06db4c50d814c,1,credit_card,3,209.00
"4ed918415e66ffe7823d3e8de95e0f71",1,credit_card,4,115.05
bbd3497e622456fd8b79ba59de1c3ab6,1,credit_card,1,96.80
"8e1ded141534096603108f1ee5c27735",1,credit_card,1,27.68
d1036b47b42a66f67a5c1b350697ee26,1,credit_card,2,43.38
"36eff6fb1038c819d2f3fcbdbbc36df1",1,credit_card,1,93.66
c63f5ac7a6d8ee6593a8b272aa533b5e,1,boleto,1,55.47
"50bfe4eff164a24384ea5b05f633613a",1,credit_card,2,53.23
"553379bf1f6c95489ae135f97327fd91",1,voucher,1,119.13
"0a075803f6a9f73007c86d42003cc231",1,credit_card,1,40.52
c7fda56679ce4368d59d2d9511b3c19d,1,credit_card,3,183.39
"4d9a297fbfa9ba6d8d70c06d4bec9ca9",1,credit_card,1,111.17
bc0dce0474c363f867cd5784ca5ab763,1,credit_card,9,365.73
ee9ca989fc93ba09a6eddc250ce01742,11,voucher,1,1.68
"657453140a74ec1d5771142a82e09fec",1,credit_card,5,106.49
c34751f5d9af314e78959730157ff306,1,credit_card,1,50.93
"47e488415ce9fda6fee06ab849f35ec0",1,credit_card,2,31.00
"1cfd879fba2e07e64229d40d3bc2592e",1,credit_card,1,158.45
"42d8e64b2e4f4669b7bf87f1ba3da8a8",1,boleto,1,59.00
e9e4f6c97c6b2d1844e0ab40e5c3a9d6,1,credit_card,3,161.62
"8c58b2a5e9f75210cd15eae77b7441f4",1,credit_card,6,165.80
"3f003568147c785083d014edfba38c48",1,credit_card,1,31.13
"76dafeb35f47c9cdb8aa7971022e0978",1,credit_card,2,24.77
"6674020dce60ac29b7de0ffa6d2c34e6",1,boleto,1,61.18
"91df17d502dc583ab12bb35678a53721",1,credit_card,1,35.00
a8666b29dbc635b3a029b1ed84fa8df5,3,voucher,1,33.44
"1af76094e8921f4fe77e6ccc5878f313",1,credit_card,5,104.18
bf0d67707bc87fa3fe2cf74a1c2c693f,1,credit_card,4,126.19
ec0a836329e091712f3a4979b6dcfb41,1,credit_card,3,71.72
"5aa89bb7eb1a8dca4d70fcd37878c8a4",1,credit_card,1,232.35
"596288a27579ad1fec1d704efe7d9ab7",1,credit_card,6,327.60
"93fe3d332271d38d6974bec644168f57",1,credit_card,10,121.83
f0cd188382c01c2acf331a637d869acc,1,credit_card,3,300.08
"3e76656d05c5a539d8a720fc5f91b64f",1,credit_card,2,379.09
"4f83719808124739d1936b272a2a3750",1,credit_card,10,735.47
b7293e3014a7261f0d26d28a1e927864,1,boleto,1,33.00
"4b8790aad555862909b489f99383b16c",1,credit_card,6,794.46
"2418eec7948d10d05ec9a51308920227",1,boleto,1,102.53
"7575f0c5a89cdb0c577224d9efde0266",1,credit_card,2,69.03
"878697957b3d5ed7b037b0dbd7b8af8c",1,credit_card,1,57.29
"780d2033f54e261503435dd8a2873909",1,credit_card,1,139.32
"2bfd14409ba8ba1153ce42b2abc44bb8",1,credit_card,5,167.81
"08ade2fc02096cf490d463016e5ee02e",1,credit_card,2,25.70
d1175caace64414de4ca9404ab747e2e,1,credit_card,6,164.74
"39a0eaa2a980c810beaf68d76e52fa96",1,credit_card,2,198.16
a150844c1dfa605f925885746f98fe55,2,voucher,1,28.84
"041aa5c38550649d5b51f38ba03a29a4",1,credit_card,4,49.00
"5d1c0dcecd1bdd50fb9edd53d2680184",1,boleto,1,888.74
f11b670018cde48868c96b03c4d3d1ce,1,boleto,1,411.98
d899e9de06c12640420a628524e4c092,1,boleto,1,114.86
"2d1f07a3af3df1ddc97efd57a74be3a9",1,credit_card,6,112.95
a1baee3abc3766bff428abf6a20186f4,1,credit_card,2,38.09
"4ce5e2d15628c2277ca6ed81ee60f9de",1,credit_card,4,130.94
fe4e52536814275494989d5f8427b484,1,credit_card,10,718.64
"594e2ee9453a2777a4a33e6b9695c8c7",1,credit_card,1,23.77
"227f6b7df58413c52832b11ec24b30a1",1,credit_card,2,173.88
"6f5a2dbe5ccce73a9d053a542baabd1c",1,credit_card,4,307.64
"5f7fcba7792c39066e8479dea103be91",1,credit_card,6,178.90
"4932be6399a0d89ba5396fc1ccf0a7d4",1,boleto,1,44.10
"60b7e5a162d167cb66b9539f14171eb0",1,credit_card,1,37.09
"535a9f00a598a142db67ed0a61a9a52b",1,credit_card,2,112.30
"8f95a252fcb4d9163d1f674ac0c746bb",1,credit_card,3,72.19
"85c6b7c4a9bd682b29898b2ebbcf2e4d",1,credit_card,1,72.97
d032b5a19c78b60d1d65a567c274782d,1,debit_card,1,70.63
"8f09949ac786439a1e679a535495c409",1,credit_card,6,350.09
"4dbf5de576e0e8d18ad0932e1ed8e89d",1,credit_card,4,328.14
"1105262adc6ab25e5b789a33ea9e977b",1,credit_card,1,32.79
"387620ec766797a584b7e92a41daad5f",1,boleto,1,39.62
"9bfd250b031431f5c2da711411912271",1,credit_card,6,235.28
"2e6970c36c93d1de80a4b1ab87ac9554",1,credit_card,1,33.09
"51248b88b0b4821b2e8eb524d990140e",1,boleto,1,110.17
"0cb709ce376d73c096eac3e210ebd5d6",1,credit_card,1,97.56
b446fd5e2b89b4ea9f610815cb707bc3,1,credit_card,5,264.69
"7091b998662c89051acb6bcb57cb43a2",1,credit_card,8,287.65
ae25aaffc9b89e8519bb9b5aa59cc8ef,1,credit_card,2,155.42
"50ae3a5a52b4ff79495a2abff4490590",1,credit_card,4,84.05
"9e81c4ecf83ac3e5fce3ea780b1aa38e",1,credit_card,1,47.62
"2bcb4add2a785006005bcea7b61559aa",3,voucher,1,8.84
"21adb757aaef1f7f6240352b33d30e5a",1,boleto,1,206.57
b883943a11a0c834424c7bf9bfea8b88,1,credit_card,8,236.00
cf6aa522d7b94b77f266075aa45f99af,1,boleto,1,252.35
"0b0f3c7a9bcb6ad1fccab28f9240da6f",1,credit_card,1,96.47
e2331d349b7b06c4d722196ca3cdb096,1,credit_card,1,124.04
cab8cba54a55cc19762e10bf029dae6d,1,debit_card,1,259.90
"0e9f9f05e9d249728b37d577ce0661da",1,boleto,1,117.23
"59a547acd221c8cbc2db1baf4d53ebac",1,credit_card,8,266.76
"6c15ee8450a1710e7495723be99f4030",1,credit_card,2,137.40
b1f84046464711e8064cd70d5232d104,1,credit_card,1,65.43
c5c12589bf677aed3a0747d7c35b7c06,1,credit_card,2,94.39
"3c910682dae253cf479fb6cefab5e751",1,credit_card,2,20.52
"6e00f1b6909c139001c7df4ccadc97bf",1,credit_card,10,168.29
a6ac9b2c62d9ecdcff51ae90bf85d448,1,credit_card,3,56.17
"1f70fc1e13f340ae54f6728d193a93c9",1,credit_card,1,72.05
"02875e2e1d01d7a1533215fb97510b06",1,boleto,1,207.65
"333f77d5d24ed206a3033fba85096b75",1,credit_card,1,127.30
"8ef736291230daaf8c549e5120c51cae",1,credit_card,10,927.87
"892d88aa8747d0e191d10bb0a87b9337",1,credit_card,3,104.73
"72897812c44d785964be11c5266c5c28",1,credit_card,1,51.13
e0b5327e615585edf5ac1051a466172d,1,credit_card,1,1.70
a08e444c29fa117e22e5408c3ffd6646,1,credit_card,6,145.69
"34de5f7952fbd04a9a1e5d7001b014b5",1,credit_card,1,68.03
a67a7dcbea2b5ce61ba8bc99ff7362db,1,credit_card,8,591.88
"4057b2ef485f9beb388fcb296548a5dc",1,credit_card,3,213.50
b8fe1ee18bb4fc8242cafbc4d3edb987,1,credit_card,1,97.72
dee8d1d83278b2ec6e50c6472cd24c81,1,credit_card,2,51.32
"0a84b71d2fd93eeae49d3149a3e08003",1,credit_card,17,175.87
d02a5a29d82eed1f82be00c04745ea7c,1,credit_card,1,51.92
"878d7b205a8f5eb546d03baa3404fb4c",1,credit_card,4,54.27
"0870e65cf1b3551a87735b85ee9dd147",1,boleto,1,71.78
"1c2f3eb4c18b1e3ca9439f2824205429",1,credit_card,6,428.78
"8c006b6688741e47144a6f79f96e225d",1,credit_card,1,82.14
b5129d89b2b35c7c038c6e7eb0ae3e0c,1,boleto,1,78.70
"115986c6100a117f487af7dd08cbb2ce",1,credit_card,2,141.09
e5b56ce7a1b3dd73d7425145a4319df5,1,credit_card,1,35.93
"5ce0709158a972bda105a5c17a5094ed",1,credit_card,1,148.86
"6068425eef94486cf980570a1e00b58c",2,voucher,1,100.00
"1a3a7d56968e2833fcbb6d4f6885c1cf",1,credit_card,9,91.03
"99b224dfda8cffb18398d17cfcba756b",1,boleto,1,66.74
"7799fe2d11ea5199a87e247eab4abcd2",1,credit_card,4,226.73
"91fbaf43eacf41ac78b17d7b7ff38156",2,voucher,1,44.49
"4879882eaf1d5027d4abb2f571df499c",1,credit_card,1,57.43
e0ac12de8c4f2398d96dd807818adaf8,1,credit_card,1,136.60
"065b60cb1eb8ac3e010b81d60ab6a5a7",1,credit_card,3,203.13
db49353d6689dec69c2c2d19fcdc4d0e,1,boleto,1,53.90
e3f7a673dd1981e0d7b330c8a7220220,1,credit_card,3,328.35
"2c12a0b42917704f04946e4ac2cfe69d",1,credit_card,1,68.00
"17e1c5b449460e8f208adb9a2d0f368a",1,boleto,1,37.85
cf3089965e7fe7e02e86563c98a01ff4,1,credit_card,1,256.22
"81f2057c0c9128404edf9896a9269d23",1,credit_card,1,29.77
"8262ebe1e3df8d5a04eb3c663940c9b0",1,credit_card,8,81.55
"1da5abde88d474271f7a8d3dc9206c6a",1,credit_card,1,37.78
"444a494f39275142d9c75bd7307cdde1",1,credit_card,6,67.50
"466a97f80260f9336c1be60a53042e14",1,credit_card,1,409.05
"80b2fb2d49f96b2a3ee411ede91361e2",1,credit_card,1,75.55
"81c6f357eaf465ef806ec128cc5919a5",1,credit_card,4,281.76
e66b89fb2a3155a193afedecce0e193f,1,credit_card,1,65.05
b0dd307838694a75cf71bf19c41a98cb,1,credit_card,1,50.09
"199b954f78aa6406855014a9a935ef5a",1,credit_card,1,87.96
"51274dc531d06d31c1e36aeadd41bc05",1,credit_card,10,105.26
b46eafc0b21e1cddcd5f94167c67c729,1,credit_card,1,99.22
"9f877178dc7e99f524c1b02e99fffd40",1,credit_card,3,53.55
"485c8e15ad0c30dc2d7aaf0165572c19",1,credit_card,1,81.12
"7c1d20d6fe132456d237f95b26cd53a8",1,credit_card,2,93.57
a73d909b08c8058d8c1f42cdb2ada6ae,1,credit_card,1,21.04
"774593a70fbb54cd0a56eb0db24145a0",1,credit_card,5,249.04
e82aad8d522b370541586c367c19a1e3,1,credit_card,7,377.07
fa5a411aff02eb7f724264bb98ff585d,1,credit_card,5,68.31
"11778e1b85f6b679bcaf60a9d114a005",1,boleto,1,428.07
"112ba690c4750a816a8862fefc3855b5",1,credit_card,8,180.79
b9df3ba1cd5cd93a66fa5f902ab0dbc5,1,credit_card,1,38.42
fd7b969d5c0e4e9fd1b64259682a2aa0,1,credit_card,3,30.00
"84919c45bc47815d2b211367a0149ffe",1,credit_card,2,201.13
edc75396403e226e7ac4e42085860602,1,credit_card,10,185.93
da690cd4a5deda7317b9ab2565bfb312,1,boleto,1,173.18
faf5353e864ae43e76a472b039d0a1a2,1,credit_card,3,259.54
"03f8a04136edb44e749e0c70e8793caa",1,credit_card,6,180.60
"0ad366bdd2946abe259eb3095c953dc5",1,credit_card,4,93.30
f11d659584813daadb19252b9659a670,1,credit_card,1,57.00
"29779056b8e8e8dc45effacaef7b8470",1,credit_card,3,152.09
"63d1268ad5a270923a280206fb76bc55",1,credit_card,10,202.89
"76f9204ee569a062f27c7e6e5c51983c",1,credit_card,2,198.99
bfd0c2d2890d1ef6f525a21ac63bf5e9,1,credit_card,2,118.81
"6b9c0a9a69de06aa2f51edb25dd196de",1,credit_card,1,217.59
"62f808f5e8babdf5f0092f748ce5b554",1,boleto,1,43.47
"648a268c494bbf8c97c03ec64c2ff4d3",1,boleto,1,137.47
c36fe9947bce36c97cd3eb1a5c9303aa,1,boleto,1,167.07
"439afa2b3126bff920c9e34798c5d148",1,credit_card,10,1234.62
"654da57158d96035814657b5143bb11b",11,voucher,1,30.16
ef800505ac201cb58850d693b4de0512,1,credit_card,2,182.30
"70e746af5b44223b32c2e1110cf12001",1,credit_card,1,83.22
dab3fc76b1c611fc90d0343f3a1815e7,1,boleto,1,58.59
fd2f3b1ef3f5448ff37c4e0fea64c1cd,1,credit_card,1,69.07
"2aebac0660127ed64f4d59d0498ea5a9",1,credit_card,1,70.40
"2da7849b212a57039d3fbf25ea7b8056",1,boleto,1,67.77
"7a8b9a4ee163fa0b06377953101c8085",1,credit_card,2,97.61
a56600c329635ec16de77fc6b2ed8ed5,1,credit_card,6,279.65
cefc3e3c58e8a79b920d05c63e320c69,1,credit_card,1,66.81
"0be284f82e07ecf4a437f85b82ba09cf",1,boleto,1,115.77
"667a343388666e0ff92e3ae5fe3b727f",1,credit_card,1,32.59
"26571b3afa2184e8287729d2a84f92f1",1,credit_card,1,141.67
"3335f13449d5b75804a0a49611cf11a4",1,credit_card,1,57.60
c82d05a27c07ba92d333b046a6042d32,1,credit_card,2,154.54
f5c7e6dffe1ba6e19b7e8ed0d2605078,1,boleto,1,160.23
e674cdda4bf52dbd8a4a8c474660dbbb,1,boleto,1,110.93
fd038d8e957d1407c9928ef57603146e,1,credit_card,8,364.78
"888145bee8f63a354c8b421852577b73",1,credit_card,2,181.86
"9fb6e7ca3a34e0500eb810d98b00b81d",1,credit_card,1,476.34
aec156801075fbdb57c614c4f69d2695,1,credit_card,10,156.51
c1e6381e0212521187651df2d8d099de,1,credit_card,1,55.00
"248907ae8054cb8e93d5aa44857779b4",1,credit_card,1,45.09
"5ba291a4740d9f7973e2f135a6a7f54f",1,credit_card,2,51.69
"7e1090f3947562c4ac55c5ec2387ec9c",1,boleto,1,287.30
"65312c6e4ce03c0fb633a4ac541949d8",1,credit_card,1,68.59
d1014219440f60c0dafbedd79215e002,1,credit_card,1,36.35
e28092688b076f8a163428deea7e3bfd,1,boleto,1,33.27
"33155e3c770d0aeb3c0e7d431e6b420d",1,credit_card,3,103.26
"08d55e35f34806d85f4d99b62297e578",2,credit_card,3,78.71
d9e61dcd00568330306bd1733a413ae7,1,credit_card,2,66.85
"5f0a629aeece4974825fe52949c74603",1,credit_card,4,323.93
"31c421113f181dadede6afbef5d48075",1,credit_card,1,89.21
e21124ab31068ff2d96510278646010d,1,boleto,1,133.46
"7f923d4f971b7fa555dde1bdc7a9d475",1,credit_card,1,71.14
"139dbedc84f28f9d9da423fb52a57f80",1,credit_card,5,153.68
"09bb35a3939c3181b4a5619cb3918976",1,credit_card,2,116.94
"8173203a530c14fc205d5f87801b227a",1,credit_card,1,185.27
f9f159ecaaa3dff842ad66c4ce03e64c,1,boleto,1,89.17
"4b1e9e86e377397f8b305cc26fb038a9",1,credit_card,1,116.36
"6b1f68a2d5c9524f453ea9e273baf918",1,boleto,1,77.57
"39e1cc336087cefad5b96a4e37ec170d",1,boleto,1,91.18
a2386b09b362176b550c64e738a7dfa8,1,credit_card,1,278.86
ff014de83d667807820e68d8ea975281,1,credit_card,1,35.11
"647435133861948067a0b68eb68b4357",1,credit_card,1,112.10
"1c5ab74a30a7b379ed18bd97d700d84a",1,credit_card,5,57.53
bca6973318908880784628d67b5ac023,1,credit_card,5,123.69
d2c42241f393fe85f13e04a3a402c40e,1,credit_card,3,100.75
f47a19bfce7086d0e3ddfa0633d20035,1,voucher,1,54.09
"8b1789e10f33bfc4af50c1e39aae50f7",1,credit_card,2,55.60
"9f98fbb9d688c4f3356987801b19286d",1,credit_card,9,91.26
d2f6b89578aee72f553aad3c76098e63,1,credit_card,1,53.90
"7affac81820aaf2175139fb5e1f2b4c0",1,boleto,1,99.04
"005e5166e99d1e4d0c4f808b0540ba94",1,boleto,1,136.70
d41f1036712e18ee525939d08b7a1c98,3,voucher,1,17.14
"49bf06962eeb0701f8757f0a7d6d74d1",1,credit_card,10,705.26
e8f84840b3e83e5d117325aad1ba4d50,1,credit_card,1,80.26
ad716a0d2ae795dfccfb3afc5d40a6e9,1,credit_card,1,94.13
cce1b8a1c5f8b1d224e19628299c8f54,1,boleto,1,19.62
"5ab71d2f8c1457987d8674d6f6090483",1,boleto,1,50.09
cb5c1ad1fb0068c83523238259a8e930,1,boleto,1,207.87
"3fd458f81a4ab505469540d26bcdb598",1,credit_card,1,120.31
"88765c7c25c8dd40cefcd887f3c8cd8e",1,credit_card,2,219.57
ea7dfe9f928b33cb2e9d8bc99dd7e0f3,1,credit_card,1,25.33
a7c7a7efd0001000ffec268b29c694da,1,boleto,1,52.92
ec26e3896015c5472a0693f7b2b3895f,1,credit_card,1,111.09
eadacd4909367cdc58880cf410cb7c4c,1,credit_card,1,76.85
"11c97c1505db128db3b46471c5bdc0df",1,boleto,1,114.42
d23b1afea718882b7c22f47dbb27a482,1,credit_card,2,139.48
c01f21ada50a5698452ca20ddc90925b,1,boleto,1,357.13
"26b9d973779b9fe3d4496521aa4d67e9",1,credit_card,5,143.83
fd984ab24b8957a92cf633abe51ba985,1,credit_card,5,57.53
"508d8fa044fdaa4d8faff57a4e72e64a",1,credit_card,6,230.37
"142c8688b5b13e21ac5a448a1688b9d7",1,credit_card,12,327.50
"688caf637d0fff2abbdcc0303cd47b1e",1,credit_card,2,175.27
"1917dc45b0bd8e45ef7e5919e9c35c15",1,credit_card,3,152.88
a506cff68ad939f030138d38c2350dd0,1,credit_card,10,147.18
"7bddd9e6b1537e5eddb67e890e80119b",1,credit_card,2,41.59
e4dd49ba0611671232dcae9e0dc08206,1,boleto,1,88.56
"2af90e72b95362d3b1fe9561ebb3c142",1,voucher,1,191.84
"6fa0a93cdb26addb94babd05cb172c69",1,credit_card,10,320.53
"2f8542c0ec9dabf60950c6ae4403fdfe",1,credit_card,3,200.47
d74c7ba612504db83fd0437803bc9b49,1,credit_card,5,199.76
"4e137cf3d77c73a7969312a30bdbba02",1,credit_card,5,144.31
ea48f52bfae7e6ed254f9e8d052875b9,1,credit_card,2,24.42
"6d4dd79bee1e2a93f09c9501c2ff87e7",1,credit_card,10,307.56
"17295d6651c53865e020aa846be5ce3f",1,boleto,1,212.06
c4fe474b612c47a9371f3404c98aa380,1,credit_card,1,156.42
f23a386d7f29aef06a450737a8239bc2,1,credit_card,1,123.24
"90dbcfe5c30e1fd81cfaf22dc879e81b",2,voucher,1,135.30
"6286969c45053d1fd12f25d712734b67",1,credit_card,1,35.00
"031e976ccc4a1678f5485552ed1ae778",1,credit_card,4,219.67
"2dd8889de2874b9c27e1bec2bf9070ae",1,credit_card,5,117.94
"838134390df33aab81a8bfaf7260b61b",1,credit_card,1,217.86
"04b16c4b451253310532ae8020927b06",1,credit_card,4,77.57
e703f9ab67e765670d62eeec75af5d62,1,credit_card,8,350.18
"82b5afc1133f4b14abbcb31fd3a3fa5d",1,credit_card,6,67.46
"89386a239475a1cd440505e7519404cc",1,credit_card,1,63.01
"6e269660f01d35b9a19cc6221711347d",1,boleto,1,162.81
b650d7403dcbd0ea65de939ef388e69a,1,credit_card,1,55.13
da0270ce1d44a68ad7f23a00aaa066a2,1,credit_card,1,100.95
"3eb03e7a4a9a9197c4f0481415bec34d",1,boleto,1,94.21
"58886807e36e0914413be7ba2102692b",1,credit_card,1,44.51
c233a5be39263e6b4d380d2af589ff09,1,credit_card,1,142.70
"4882f3ba2955233931dbfa02945db130",1,credit_card,3,117.85
"9b36be8204e21a5c4bb5be20c404cc1e",1,voucher,1,42.50
"0b47f5e9432bd433f8c5cf64e60e6e5f",3,voucher,1,20.00
"95fd03e2237bc14cf9c1b6d6abd6ae93",1,credit_card,1,44.00
"05e6501cdfbd86fe9a3a788c3d411091",1,credit_card,4,44.27
"9dd2846e2fd754eb21361544d11a1d71",1,credit_card,5,87.85
a5005eed826f3e8454d90b149ef8e6de,1,credit_card,5,175.92
c0aa7b8e7596f25711073d95e0dbbec5,1,credit_card,8,248.35
"004f5d8f238e8908e6864b874eda3391",1,boleto,1,138.60
"78d58078e70e4f5add3ab8b0a5013212",1,boleto,1,187.82
"115b0af09e238258e470c0ca6350fb3b",1,credit_card,4,166.98
"5abf4d5854dbe45f295e2c7dd390073f",1,credit_card,1,16.78
"25d0b5f3b18171a316c74039473013aa",1,boleto,1,196.01
"68cb8888858976265e5e4110f76574b3",1,credit_card,1,36.10
"327eeec43bd2166ab6b6e0839ec11e99",1,boleto,1,116.57
"72ec38baa39449f9ab884a84c5c8f4ef",1,boleto,1,150.14
"7e6d0e5b8f1f04ddb5b183f33aec691e",1,credit_card,1,217.55
"142ac5357e541e5881d26fc5eb5f3754",1,credit_card,2,311.81
f973d0ce8c26b450f3c57eae24f60f17,1,boleto,1,134.91
"5603a3d307ed6372be265333d4fa32e5",1,credit_card,3,181.42
b9c9ae9ec1ae133cb9d76c6a4d38c316,1,credit_card,1,5.06
b5d08e6b71d4af8f816daf169014c908,1,boleto,1,116.45
"731fce79a6dfc4251b9ee57dc2f6b239",1,credit_card,1,93.31
"3d3bf2f6415d93b07c9b1fa798a19239",1,credit_card,5,117.94
"1dc44ddf13d4ec315adcfc2afafb9a0d",1,credit_card,3,31.77
"384c77719e344da55f8a137a0fc63b4b",1,credit_card,6,133.68
e1458d8518d1632318cd88ead53c633a,1,credit_card,6,62.01
"50109a6c720b998320449ebdf2c0798b",1,credit_card,1,106.87
"49c95c693647934576c041ce758a0310",1,credit_card,7,133.76
b7bc985b499023bd3e281a1779ba0bf5,1,credit_card,3,193.25
ee0ab7251e08896f99e68e22fdb69764,1,credit_card,3,45.27
c94ddd241e51ad691efa43aaee5b7f7d,1,credit_card,9,231.27
cf0df64aec6d7f8bf60b0552a954b3b8,1,boleto,1,110.21
"72b3e44d921d5ac99bd4a388569be765",1,credit_card,3,203.57
f72527ae8967d32220ad8610c273e100,1,boleto,1,55.09
b2377b1954ac905f64a3797f58fc36d9,1,boleto,1,175.08
"55361b153c0444dab69a4f7fc00bbb66",1,credit_card,5,553.04
"7fb803b61e1301dc6887ef9d54cfcf26",1,credit_card,3,1237.28
a33506544926e8200ef81a92ce3c3280,1,credit_card,3,74.16
"8c55c1f57a0d612e7dbfe23c7376b612",1,credit_card,1,50.10
"41699eafe0014fb781dbe9c918179979",1,credit_card,4,56.78
"495116fbd0be5a2ec65dea16e026ca66",1,credit_card,4,89.19
"0e7ce85328efacb39ce2cb345850b969",1,credit_card,2,230.06
"3363e330c754a732795f39079bb76d55",1,credit_card,3,144.99
"1c0fd29e6a54b2331357d1cdc6ccc375",1,credit_card,2,118.61
"714116faf20798923fc240671c0032a9",1,credit_card,2,159.12
"8b6746478f6b44e7b76097d1c2f4dbe6",1,credit_card,2,128.24
dfc5a5525471e9341af3ad103adbef79,1,boleto,1,149.04
"2e55db958a20257bc57183a4e74e6b47",1,credit_card,5,63.99
"11dae77988d96fdf02834d83d7d018e2",1,credit_card,1,227.27
ea921667f0ab37edbe094d0e67c9d454,1,credit_card,4,386.66
"3a56d0fa36b997b13c3e9eee5128b7fa",1,credit_card,3,106.50
cd9bea4c03a88b613f6a55a9526d4eed,1,credit_card,4,95.67
e834a6d9d3cea0c687c250fc654a0232,1,credit_card,6,65.13
e4e95d2b1c7eb000eefef2efea68ef15,1,credit_card,2,69.12
"1702c32d41f309e6e1180ba330a5c8e5",1,credit_card,2,150.05
"2b161ac439724fda87d03abf890234b5",1,credit_card,1,93.63
"8ff75375a7a2cbf26e7fbac0c52c9810",1,boleto,1,52.68
f398a143c0fe171d965db2096cf064cf,2,voucher,1,1113.99
ebcb685bc1704615fc22e5a0b73f2dc7,1,boleto,1,367.56
e29877e3cc2991e3842d677d5e865a09,1,credit_card,2,260.19
"2ebbf6f8d62476a737f41cd9c8679e5f",1,boleto,1,596.77
"9b228d02d9abe567855fe2f934772858",1,boleto,1,351.00
"71faacf7cbbbe99af405624f55e3bfca",1,credit_card,3,246.36
ff2d25d8b1b734099dee10e90e23a2ab,1,credit_card,3,966.58
"033bac5f45a9d0cf7be5e47f03ed1e44",1,credit_card,1,143.65
"71ac32ec5a0e7bc1191a964c4ffa9247",1,credit_card,4,147.52
a396281033c0177b08e97ad5f3a8e485,1,credit_card,1,56.70
"2542fe494d4b37b79ed85377e12c53a6",1,credit_card,7,169.05
c775dea8bfab02a285d4d3b9f247808d,1,credit_card,3,52.10
fcf3f4101d34a36c71f1f83b811e88c1,1,boleto,1,26.00
ce335ca8132267870979c8349b792230,1,credit_card,1,37.29
"4c832b5c447f450474f8470737f7e580",1,credit_card,1,85.38
"04116cd1278a6285625c664dc0d09594",1,boleto,1,66.64
"76a144984e527482dad02200366231c1",1,credit_card,1,256.33
"8b2a3c0228399148a783f5ed8c1ce83b",1,debit_card,1,42.09
"6afee35d4619c0d99cbf16d1e4e461eb",1,credit_card,3,171.79
"413366226243365b3aa9f054059269be",1,credit_card,4,45.95
cb59450fc63a9e7303fb29fbd71748a0,1,credit_card,1,9.94
"9c1becadc6a0c6445eb02167b8d1bbff",1,credit_card,3,36.69
b41f51ebf23530b00f69e5602f81a653,1,credit_card,2,195.01
de745e34eb24d2c0c2b46c6e86659127,1,credit_card,5,292.59
d9d1223099e5613e5667e557b4b4f075,1,credit_card,1,171.03
a2dd8c16ba2548569497fdc4a440b967,1,credit_card,2,73.03
ef58b71f4ad3a17f606417f1737c9d13,1,credit_card,1,211.83
"90feb1846fa42bbfe6d411d2d018d194",1,credit_card,1,82.33
bb0ef554fe35f069cb84d62115f885f0,1,credit_card,2,108.00
"56181fe566dd895c41cb4c0665207b81",1,boleto,1,70.41
"199143704f839c9a7e8eb0ce7b52fcdf",1,boleto,1,53.61
"0e660617f70b9a3f6bfd3919b49450ab",1,credit_card,10,107.27
"6dedf40fe422e8f0ae38641d2ed11f22",2,voucher,1,257.98
ee8dfce1f9bd464688d3b8906b0a4c12,1,credit_card,3,105.70
bbe6905304b4ffcdd776c85a16a71976,1,credit_card,10,400.85
df2d910b8b5e5f461f67043489f9569d,3,voucher,1,20.00
"29658becd07b8b8ae3d13366b9cb10cc",1,credit_card,4,347.79
"3395f0e2fca688abae0a09d15ff5ca75",1,credit_card,3,266.53
"47cb6230e12948960e82a4924f9ca0b1",1,credit_card,1,58.34
"77bf14a61d9efbddff1e34f655e5ded6",1,boleto,1,86.36
c2f4ff5a710ff7ff87f90b026028bf18,1,boleto,1,316.57
c6f9707802d8df093005d7b1e9e8f9ec,1,credit_card,6,126.13
"923739f2c3d4519a00bfcaaed30723d5",1,credit_card,4,45.09
"7797659fa7b8f16a68562da5976d179e",1,credit_card,2,50.00
df120e93c49ad7a784ea04bf8b97663e,1,boleto,1,71.53
"7c1775b55c23f7d7c2f85ac8e2e3c549",1,credit_card,1,307.12
"3a40d639b7d8167f255bbb2b7372cddd",1,boleto,1,21.95
"1a8fc490b877717c9f69454713bd778c",1,credit_card,2,27.39
"6c0baa799dd3fa60c906590be84b0273",1,boleto,1,162.41
"543a9bf05657bd3c5099de23d13139a1",1,credit_card,6,321.69
"550e1d4daa21983f7bac6b2f83c40365",1,credit_card,4,45.46
"9e2554cc1c65d31fec92397a1d6b7b78",1,credit_card,2,73.34
baa7b830de0ad8d2e0b18ebe21372cf6,2,voucher,1,100.00
"01d72d42aaedb3736840132071d51100",1,credit_card,2,166.11
f3685fa8068bd0419d72108c51555ed6,1,credit_card,1,118.35
"6def17fbea3bc7076fe916d298c4b422",1,credit_card,2,94.30
"106b93e7196f2acfb1f73a326770c843",1,credit_card,1,123.23
"679b69f80ba6fa25ec46803b1d838bb5",1,boleto,1,33.81
"5202706af09cfff62208ae5a56926b6d",1,boleto,1,968.51
eeb395f21c0508f1593722cd5058462b,1,credit_card,1,64.10
"19427c3cc9b9461a9151cbff2d5d2c8a",1,credit_card,2,83.41
fd248e3e14c80dc42d16e6d75bd4666d,1,credit_card,8,207.40
d186bb303793c5c807a392fbd08e88f6,1,credit_card,1,39.21
"83c7e450050581ef4de4b03199ccc1f1",1,credit_card,1,8.80
"904a8c5eecb566b06d4737b0cde3e0ab",1,voucher,1,27.11
"0731519818400f39a85714db501f1781",1,credit_card,1,17.95
"3cbdfe7eddec3865455541546f081546",1,boleto,1,377.03
"647e1ede683aa8684314076d4a3b4eff",1,credit_card,2,56.29
a8e595153c8bec02b29e66399b21e1ae,1,credit_card,4,47.29
bd0877736ee7b208ff7f86b6958ca2b2,1,credit_card,2,161.54
"1fdc2609d5cf7bbc42f1af8ff3072049",1,credit_card,2,64.62
bcfd112593a122ae1272e80681e2ac72,1,credit_card,2,85.15
d1e0427b410886678a52f73caa44e264,1,credit_card,1,106.97
"109dfb5756c526e783783356f4384b4e",1,credit_card,2,147.07
d6a41a84e4678642f3d747326570ce4d,1,credit_card,1,26.44
"242bcea719638feb8c102d38e67a4977",2,voucher,1,12.53
e36e70aa092e7f6c4617c664dee75508,1,credit_card,6,143.48
"0130f0f71fb0e831d18e6a3b33a3a50c",1,boleto,1,52.77
afc3d36c156114cfae3aed5b536af510,1,credit_card,6,546.78
"09dbda42baac941ca241f8cea65b2306",1,credit_card,3,61.01
"2158e65196d4219c8f22cf686e1cc8de",1,credit_card,4,44.63
a3d2749aaa405784d0e2b8472e420ca4,1,credit_card,6,133.28
ea048e4dd31fbc0e639a1aade37c7f3e,1,boleto,1,219.23
a7a6f07430f4582429b12cd0c2bcfd3e,1,credit_card,8,204.83
"3a21d68013a49ce0b7ecc0b3a2575c0e",1,boleto,1,143.01
"315098e810ac2e1d1f22bf3db2a143e3",1,credit_card,2,172.84
"889508c3700be6eebc597a173a99c250",1,credit_card,3,34.10
bd96eed920dc1aa5f5ecefcae1ed673b,1,credit_card,3,166.29
c13d9f344c1cd097c0b6b271a9377862,1,credit_card,4,81.50
"621e9c63cf00647b721e1798a1690c74",1,credit_card,4,144.47
"18914d929964317dc0a002fcbbd70d06",1,credit_card,1,41.22
d2d9d607f76c92a3c0c85626e59b04ad,1,credit_card,10,169.29
d44be4540d1a35533a9f5c89377b77f1,1,credit_card,5,265.49
"6e529c2d797e42723921291678213b8e",1,credit_card,1,62.28
a2dbd93b24fc7f52962452e1920d2ec4,1,voucher,1,77.53
ff1c777a8addd690846357ab7d2adf5d,1,boleto,1,72.76
b3b5d713fc857811f634897062f23bea,1,credit_card,4,45.01
"2da57b1db9c95f9cfdbc6947115a3ab9",1,credit_card,2,53.05
"9db5ceb6f107ae0944c19188c8869a03",1,credit_card,8,612.54
"88bf5b4aa46a6a1db2d81f68b8983a42",1,credit_card,5,57.13
feeafa1686889fcf9d24e97b81c34f63,1,credit_card,2,225.67
"1f2715f75ad527f2090c7824de573b9a",1,credit_card,3,407.58
"1dfc614ac8b1f459eef53dd1c85c2e53",1,credit_card,2,65.92
cba1ccee763d2eaeba1c00d3a22809a1,1,credit_card,1,67.50
"81423cb5cab58676a3d5cde8b76b22ce",1,voucher,1,112.14
"8ac3b1365e8a70ae432b2a1ee0f68f23",1,credit_card,4,63.05
"631404548eb153146176a3e3becb73b3",1,credit_card,1,121.09
"66e5fb8842964acac96f3e4afd13b27d",1,credit_card,1,117.94
"9dcb0d9383ad58ac986c6c8fe850be7b",1,boleto,1,541.42
"406d7ae7632b47850ebdaaf719a4c715",2,voucher,1,18.00
"76b1653b8b73dfc5eee0a0cb25c88801",1,credit_card,1,66.10
"38e44f1c4cba91d352a62abf15ecf119",1,credit_card,1,71.34
"7df9eb31da854b5933f29c618f9a6c59",1,credit_card,4,226.90
"1c4cafd25254eee31c8c9b8c141fb10a",1,credit_card,4,671.31
"94fcdee942970d335d394f37a3b23ada",1,boleto,1,269.12
dbd8e1a6d62bae210e6a42ed8bcf8d39,1,credit_card,6,70.49
"6ee51c0635bd64edb1ee4563a3d6d34d",1,credit_card,1,255.52
"474c4ea497345c47f7b63558a380d73a",1,credit_card,1,118.35
abccdfc385eeac64f4e5147bc7d9191c,1,credit_card,6,135.38
ab74744c8fcb2aebc5495e4a03c30aa1,1,boleto,1,37.83
"15da85d19161f01ef880f55143598cdc",1,credit_card,5,155.46
"1a0ef54626e4c3b75d3be7d92dabe9fd",1,credit_card,6,164.56
bcf2e0138ecf66a8688ab369b802d57a,1,credit_card,3,91.77
"22def07395185c22de97ddf37643037e",1,credit_card,5,195.55
b4c80521e552d11e209d1388067ce814,1,credit_card,8,1384.74
e33865519137f5737444109ae8438633,1,boleto,1,42.14
"57cd49d9c9567c5ef10439c81f9a1836",1,debit_card,1,56.60
"26bcf00f6206386e2fc106eeaffefb0a",1,credit_card,1,37.38
"784b0448b2075a95afcf2a55310b7238",1,boleto,1,26.29
"722e7452a1ac677a58f6ad6ed2a94420",1,credit_card,1,61.10
a2ec81acd081aed96da33c73bafd8c69,1,voucher,1,59.53
"11746f9dc3d55313aadc6e6bf8464595",1,credit_card,1,47.13
"4e94d143ec7303c9e8095b6432bb3859",1,boleto,1,50.63
"4c6151d7e5a304ab49f1ef2d76d8a30f",1,boleto,1,431.43
"195a3ab9bf618fe05066b2ce276d2bc0",1,credit_card,4,73.74
da118e571cb51f368ed90483a36391ab,1,boleto,1,115.36
a7e51dc801d3f66371a8896d54d04004,1,credit_card,1,82.98
"01d13850e74efca9a86fe812940de070",1,credit_card,1,89.62
"4fefc3f74b4239ec72723cde525a1522",1,boleto,1,195.12
b822f4f445ecd8a555f37cd6aef591ac,1,boleto,1,47.92
e10c9ad36c79606f76bfc8da8eb83aa5,1,credit_card,3,35.09
ccd4eb95e68cb64e666ddcb84f8dfb1e,1,credit_card,3,84.48
"4bd17c85bd06ed500f1619f6692ea8af",1,credit_card,5,51.85
a28f923e467a199f1c999037c871c9b1,1,credit_card,2,67.66
"70106ccc9d334eb87a749a2e17344f7d",1,boleto,1,144.14
"15c8bb2579fbbb27773fefddd07e4111",1,credit_card,10,168.96
"2f669a3575b067a0f0b88d47f53709c2",1,credit_card,4,199.00
"4beacb05ac875340b9874e53f3f4bbbb",1,boleto,1,60.10
"2a5d9a5a8aeecf75120e38f1249a32f3",1,boleto,1,38.11
b14d78f87f74ceb20b968d853cac66cb,1,boleto,1,81.89
"8bfc63af64083bd9e303d2732bd62470",1,credit_card,4,239.84
"569d43a54c364df5b367ab33e96eacf0",1,voucher,1,61.73
"661620f1b2ab6bd136e9566f2188c215",1,boleto,1,62.93
"830b06516f47e7336e2cb585284dfeda",1,debit_card,1,1330.20
"6261f3240a8778c656bd28aeb2ba9985",1,credit_card,8,215.83
"6bde87b60e1daa6e453bcd0bc8e7f1ba",1,credit_card,4,228.58
ea55649d169dfde9b307707c2d3f78cb,1,boleto,1,131.56
"5a63932fb14d73f88cac39e052c92be4",1,boleto,1,83.38
ad6b07be756ec7284a64503ac34f6975,1,boleto,1,723.48
ef2165ddd56495b711b9a61098a7e6f2,1,credit_card,1,58.69
"3c5b8e9f31061a7aeb8531216a18606d",1,credit_card,10,113.62
"57274b4596c5c76c54168e88dbcf922f",1,credit_card,1,45.91
d94f4fe5fee370911b2bdde33dadb1ac,1,credit_card,2,163.15
"18440dc1eacd354c5c6c6f87747e667e",1,credit_card,2,131.04
"45f794057f395c0410ffb2c1cb716d0d",1,credit_card,5,68.59
"091ac0791556275533697b36e2b00ff4",1,credit_card,1,166.29
cd297c74672655559f2c22ea2a1550eb,1,credit_card,7,142.83
"63dd057d07d57b16236cb3400cd96919",1,credit_card,1,187.91
"07b79f0a3ce4734c9f80f8f932ffd4ab",1,credit_card,1,198.73
a98b1e22983a801f5fdd3deef0cd4b1c,1,credit_card,10,203.84
"99b504380657b5d582c36a7748f77842",1,credit_card,4,53.72
"7ff5e5b4fa580ec5acd92fe6690d0855",1,credit_card,2,102.27
"2a00d2a2be8e1f2b07fcfd5e89a66062",1,boleto,1,72.39
"771d0ce9e2f9b65e92d4acec6372d453",1,credit_card,3,39.22
"6ab838d74d628b6f618844ef50200969",1,credit_card,1,144.75
"3f19625b4e47cbd93b35ea05873667ee",1,credit_card,1,186.94
"69254704b1ebb61fa514636b0d51542b",1,credit_card,4,142.41
b36d2e6b1781d380e140608a4e831277,1,credit_card,10,313.48
b09d3514eb1fbf519bbb6ad42114ea02,1,credit_card,10,321.58
"1809078b655469f11b429102fb296998",1,boleto,1,15.77
a37fcd79d371bcc1cfb7c63a00a3c770,1,credit_card,5,58.16
"98c977c116f7779360e9fecffd3860b6",1,credit_card,4,43.34
"4076d3e76f90825858ffdbf359cd8187",1,credit_card,6,328.17
"931c2c48280fd5fdd6efb2ab446f4a89",1,boleto,1,127.92
ed92e8596b1e39671065510a4f5b0920,1,credit_card,3,76.17
"53d5e4affad7b33468d44e8eba9b55a4",1,credit_card,1,72.45
"65784d2ba207f200197a7f5ebb1f35fc",1,credit_card,2,143.12
"188c13d1aa80d3a7ffc208eb983bf267",1,credit_card,10,614.21
"86142baa5539c0e7ff98213f50d10b75",1,credit_card,1,76.18
"0675ebb5c8a8506766f55599dd95c74c",1,credit_card,1,94.61
"2095de529ec22771a4996c8ef81f6ba7",1,credit_card,1,19.42
b461e43868116fb81d1d91959ae5ea65,1,credit_card,7,91.78
"22ff7c206b68858435452298296c2fcb",1,credit_card,5,50.86
b081a69c4b6f19636549667b897d9761,1,voucher,1,30.00
"80c4ad268f53ce7cf84d89479e4e6701",1,credit_card,1,33.85
"0dc2734aeb43fcd6b5c4a6d6296f50c5",1,boleto,1,177.38
dbf5aec766985e6f34f73cc4560a5123,1,credit_card,1,96.42
e21fd08d7e36f975120cb6392ee71ad7,1,credit_card,10,231.27
a3ef589d94a7dd3b117dc0e46c29d479,1,credit_card,10,194.20
eaa2ff40071cc82bc20cf856cc415c38,1,credit_card,2,31.38
"961f1793d1fa464e0ed6686562936da8",1,credit_card,1,178.44
"52e0844a4571e7443dd8e575e7f33480",1,credit_card,5,105.66
"403bd63a3c63b59c73e32b1ee7c4a664",1,credit_card,2,82.63
ca7176941d0e15c620cebcdcf36af650,1,boleto,1,35.77
"80083ca1275ffdba0b75eabe6fdf39d5",1,credit_card,1,35.69
"4f869174cbff0495e39adbe5a6c4c040",1,boleto,1,68.12
"0b5a860df8a893e7020960b28cd67196",1,credit_card,1,131.94
"7cf83f7bc784d9fe6e59f25a3a303011",1,credit_card,3,36.00
"9573457d2b8a69c0136508b580c7f1d3",1,credit_card,4,150.39
ea6151036572e7eb2ba1a80c5741ebd4,1,credit_card,4,97.87
a5a6a37b03ab138756330778a96a5e3c,1,credit_card,2,147.70
"6c578cefe8f43f6e1394ded9f6f537c5",2,voucher,1,137.52
"64dca5c8f3f8a2c183455337d46ce896",1,credit_card,3,98.13
ce76ba808390da98cbfd753c07545bfd,1,credit_card,2,66.15
bb01789fc0271409b394c7b283e9dd29,2,voucher,1,50.00
"1bd28aade2a26491d158189d9682208f",1,credit_card,6,148.15
"5491f75f7889a6ff2d12c698c19791c5",1,credit_card,2,171.84
b04d1dd669ddb039cfc706d7bc859e70,1,credit_card,1,164.57
"6f8c31653edb8c83e1a739408b5ff750",1,credit_card,3,75.07
fa3b973e0d6218a2905cf9808c158794,1,credit_card,1,100.54
"5bb0a15df451de753efe768d4c907d4c",1,credit_card,2,167.48
bdfe93bb42c76425b86540b96ef4761c,1,boleto,1,35.05
"3ea80782fbbd337428a6a454c4a297c3",1,boleto,1,95.87
d2978c1c5c6b9400dfa6a1c08f735314,1,credit_card,1,35.69
cc625d1a7ebf7409c72ccb3798115ca9,1,credit_card,1,32.00
df1a358e7d663001a78f5c0d0ef374cd,1,credit_card,1,1034.37
"4d0fce2314e3a88cb7371a111cf69f41",1,boleto,1,135.59
fc54ccf498649592ae3befacdc91b8ee,1,credit_card,4,52.27
f7040a177f3827f17f94bd8e437869ad,1,credit_card,1,78.66
"58933cbe8ca93dbada467cc7b2eebd7c",1,credit_card,1,109.60
"0373763807c25ce94a4b85c7c0f47062",1,credit_card,1,34.75
