"order_id","payment_sequential","payment_type","payment_installments","payment_value"
"2b73dbb992c0aa00a2f031c7222d8792",1,credit_card,4,366.65
e4d23e4aa01e7ed940ad8a6c2e94934e,1,credit_card,1,81.96
d077de666ab7b62a7aafd596bfd16deb,1,credit_card,3,118.35
"4f922bb38b84918b2711a293c04055aa",1,boleto,1,106.78
c1875eb040541568d58640849b68b052,1,credit_card,2,64.03
"7719f9708389131806ee9274b88c911e",1,credit_card,1,5.50
"327e9810cdacade85a92b9228ab04d1a",1,boleto,1,35.72
"66409e4f380c789c566f4e64a48394af",1,credit_card,2,119.05
"7bccf6f8e394c22407daecb91ff10198",1,credit_card,10,1220.73
"569e8d50e3105686d32f81ad1e012b23",1,boleto,1,52.75
"0301ec492e902f2630234df285fa2a1b",1,credit_card,3,379.20
c2c7f4f0955b1fcd9425c97f401411b8,1,credit_card,7,149.14
"22cbc77349f8317cd8c241cd2a482887",1,boleto,1,148.12
b71ba668b12da5320995cd74acecb2fb,1,credit_card,1,17.96
a7b10e487b0ab6b5e6f059a7fd2e79bc,1,boleto,1,223.72
"8adc2cd3ee5e7b81b1d476e6878714fa",1,credit_card,2,47.77
cee2b107d70b04f20a6b74b7a086c8cf,1,boleto,1,162.25
cd12238095fc7765f26477b48b9cb3b2,1,credit_card,3,77.57
dd359d3c294458c6d642b2eea9212bf5,1,boleto,1,177.20
"62a906256e72774922d85060d98c8a5d",1,credit_card,6,68.13
"0025081dcf9330f9a5052ae82c6ce396",1,credit_card,3,33.18
"826c215c77d0299238e4a2d52a8f5a99",1,credit_card,8,1458.51
"99a4238f13a11d486a5eabe5c8b1a1ab",1,credit_card,1,58.05
cbe1399d12a3b12bfe8fe73a29173053,1,boleto,1,54.01
"7a2f802f8cd01aa62fb904b952932edf",1,credit_card,6,757.95
"0eb0a41e6b1a9ededcb4102af28625fe",1,credit_card,10,119.19
c8b5a04212ccaad7ba2b0a39fb8d0a1d,1,credit_card,5,240.68
"69a94e2d31f0198e63979f367def14a4",1,credit_card,5,133.46
ff7400d904161b62b6e830b3988f5cbd,2,voucher,1,100.00
"80e2b63fdff0ad53daef256e9b0f2c8e",1,credit_card,10,145.37
"666eb76141bb728bad22631162332455",1,boleto,1,31.77
e3a641fa10d7f975e743158d69c10ddd,1,credit_card,8,95.37
"4afa896b00f5e0ed1bb02ca2e8329392",1,credit_card,8,118.87
dc28a299ebc4b33090b37f7419c9b99d,1,credit_card,2,111.21
"0a6667b832116a7484ae779b7b0b91c0",1,boleto,1,155.18
"6fc43344397e467b002e0255391ffc12",1,credit_card,3,149.32
"0eaa4845a6182d6b72de720fb976abd4",1,credit_card,1,367.56
b6de9023a5c02974b26860e83d1643c2,1,boleto,1,177.36
dd44c368afd216d847ae08235e7e0089,1,credit_card,4,41.14
fd4db108a62ede2be6aa8ef940b04fee,1,credit_card,4,219.18
ff564b0dff20427ba484d7e2efe7e7e5,1,credit_card,4,42.78
"42cebac003b40e6aa0b3e37b99d83c2f",1,boleto,1,85.81
"96bac00ebfd18ba64dabd7cb27471282",1,credit_card,2,167.45
"67cfccdc9f8cc58dc90fecf42712731a",1,credit_card,1,30.13
d5a809a7a258b9196d2bde32e7b9546e,1,credit_card,5,146.49
"3399f91082946658c51c68a6562560ff",1,credit_card,6,183.80
"2c3eb0fe0135ed9d71065de1e06f8e01",1,boleto,1,70.89
"25c3705135caa85f274dc20b48e13104",1,credit_card,1,101.25
"1d090f0194c35ed8b589f82f102bd758",1,credit_card,8,585.39
"572277c7077b3c381368920d578e0790",1,credit_card,6,132.72
caeae132e3ebfb4af85f98f054c37ef6,1,boleto,1,87.54
fc2d0ca5fbd67451a5f6afcac20b4805,1,credit_card,3,143.48
ce322da078046d3b1e267b888d563fbe,1,credit_card,8,178.42
"0577713eb945f355426be26104c26b77",1,credit_card,1,97.20
c57d4208bbf0984e623a7f5dc58b99ef,1,debit_card,1,37.61
e302764b4fa6c74b926997b8b171f5d7,1,boleto,1,33.68
a10231eb95955f12c2bbc1e34e25c950,1,credit_card,3,74.49
"0659ee4a8b8b8da8337c94d35e423c74",1,boleto,1,368.94
"47650b179fe1eb21e4f09dee5fc8305b",1,credit_card,8,365.38
"5cd42269d5b45f62c1193d55b23c5ed2",1,credit_card,5,264.98
"1d6df969542603d9f097e871bff9a9b7",1,credit_card,4,90.18
f975710202a96794f2b466c4dbea49e0,1,credit_card,4,136.64
"80f3b3dfb90795a9b5bf61ed8e8df267",1,boleto,1,777.76
"2703a0a31bb43692da23f4da8cf531d0",1,credit_card,1,130.26
"33797bbcfc4f22d40110f77692f83c78",2,voucher,1,5.09
ee9ca989fc93ba09a6eddc250ce01742,7,voucher,1,1.92
a9d38693624248a1c9857cdbbb58d709,1,credit_card,4,57.35
"960dbad4c14e64cd6b327fdccdb2d231",1,credit_card,2,181.24
"21740bea241f06ee46a7febe29061c31",1,credit_card,1,107.78
ca6a26cfe7350f78f24144bc5f5c588d,1,boleto,1,89.63
a9a38bf05e94ce11495d6c4402730a56,1,credit_card,1,56.78
"1b5339b3d49c30108e0aa8c2c2cbbbd8",1,boleto,1,279.91
"49d87c28f1599b558cc93dc1115ea785",1,boleto,1,35.00
a8afb675f678a7b0b1733fa6c8d9c3e0,1,credit_card,4,40.09
b2ca53045aaa7b6e0557028b4c4e70d9,2,voucher,1,100.00
"8b1c9998d2a9e4a2776b425f90619374",1,credit_card,4,141.08
"7ec6638456231f1eec19f7de8723f269",1,credit_card,2,143.06
"4cd78b110e3729b0dbfbf21df03ec1eb",1,credit_card,2,117.12
dfc227d5e6d4ba1e696be1e730e9e796,1,credit_card,1,32.38
c22f4ba5610aa110fb73444de7600a2e,1,credit_card,15,1635.64
"61fc26d9061aa8b8d2863403ac6f800c",1,credit_card,8,148.68
"5e13d329c7f14276973d82e2cd49b490",1,credit_card,3,93.01
"2d164d0e1a9bf9183533b441ccd8796d",1,credit_card,3,75.03
dc3400f2dd273de43a390ec373f09efb,1,credit_card,3,253.74
"18bb4acb90913593d37049c601660009",1,credit_card,2,197.27
"71425ecd58b4f20236e557902a9743f7",3,voucher,1,14.34
f5194ba2a4560ffa0e87746852c61fc1,1,boleto,1,31.75
"54f6bfdef1d09a3f1d99b3914c93aff5",1,boleto,1,36.95
"1d73d3f30d166ae684a1ae877edcead5",1,boleto,1,56.10
"76931aa364051d5d57f6a23aa352956a",1,credit_card,1,341.00
"20ef4f721610e50167d484f950d19b77",1,credit_card,3,99.35
"0eef7e4ed65516867584806c217bd0f4",1,credit_card,1,229.24
d0f7da7e2de84e667e955f4def9e6698,1,boleto,1,283.78
b77200a7cbfba12d399cea6ab05f0056,1,credit_card,5,56.50
"3aee056d5b3555ca96a8090761a712b6",1,credit_card,1,18.74
"732b59a6f2d05d4b23beade8d0a16a0d",1,credit_card,3,39.60
"55746788165fdcc86610e34f6096d321",1,credit_card,1,42.40
"5c94ad4e194c0e6794688a9d2b9ea94b",1,boleto,1,48.13
"5290c34bd38a8a095b885f13958db1e1",1,voucher,1,206.88
e5c4134a422573e560cba643f9318bc1,1,credit_card,2,127.60
"1c1975ccdbd34c48a241f30cc2258dbb",1,debit_card,1,123.21
b7ae858ca9cd4860f4e6516a5e9c4550,1,credit_card,2,71.45
"20e3ed55e75cbbc8176170866df9d1be",1,credit_card,3,147.15
"05a8c94a9361d5496501f6577cf82841",1,credit_card,1,166.59
"6a03d0d3197b58dac687046338e114db",1,boleto,1,35.23
"54d9fc18967ef28a2841c74e800acc84",1,credit_card,4,146.83
c05dd0beb102cea787767476aa03d03e,1,credit_card,1,56.60
"22a00704584f0604e80afe6b4ce031ad",1,credit_card,1,37.58
"38e31ec9d0ed250702ede5bb610d963b",1,credit_card,4,45.44
"186e57039f508947e4bdc91cf933b1bf",1,credit_card,2,155.14
"78886227da2df65c57f57d2fec577bce",1,credit_card,2,111.21
"807e1137296f0952dc5038aadf9d1f76",1,boleto,1,69.12
e33cd806dc139902dbd4f1e2bb2d1775,1,credit_card,8,307.90
"6c3808960b526766ea7a00ae22c020ab",1,credit_card,2,484.65
"32dbe811ae007817cc04c910277dddbd",1,credit_card,1,51.59
"65f881933f86384f769adf62da94be22",1,credit_card,3,190.43
"599c3870e523bd6be85a650381029959",1,credit_card,8,282.62
a31b5fae4fbd29cc31b52b48e467e607,1,credit_card,1,83.17
"75ca39310ce23200e156063e255c3086",1,credit_card,1,85.21
"777f09795a87e5598924d1f7090deeb1",1,credit_card,3,113.94
"4bae63148c0e5ba0afb03cace07f580b",1,credit_card,10,624.90
"22583f00089ad69e494a302349673c44",1,credit_card,2,59.91
"03a579c0699b16c6fc6d5db022a6e85a",1,credit_card,10,314.92
e43005ad5dc9d4727ad0f093ad35283b,1,credit_card,2,111.34
"4d43bfbb3343be92e8d9b221e34271b4",1,credit_card,1,92.60
"34ba2afac95150bb6486265a234bd3b7",1,credit_card,2,100.60
a3e114681cc1e328e884a174f375e41e,1,credit_card,5,112.37
"3399c5d5b9eb49b7a4ec11d7c39a8aec",1,credit_card,3,121.68
"45ef1c8236d1238dc2e98fb191e40f19",1,credit_card,2,138.60
d6a2e1d3b958b6c5cb3af6f1d4d4a203,1,credit_card,5,254.04
dc2b293e65fec525f3c63286396e2b79,1,boleto,1,106.38
"95e6053477d7169c64e6a34a3e329cb7",1,credit_card,2,862.41
a033e71a9fdc7a30404bd7a39d3ad173,1,boleto,1,27.86
"0212767fce39149bfc2e12d54be96f65",1,boleto,1,344.32
"9f05fdb62980c2ae6d8ad1e15bf7ee3f",1,debit_card,1,86.71
eae56efa72774fecde3f265b1fd74e01,1,credit_card,2,117.12
f04c7589129e26f1a095e07ffc2158bf,1,credit_card,6,117.40
"0f070c89e1bd81ad150167f1c656a49b",1,credit_card,3,71.14
"3c1ceafa085d9c28c784b0ad99895a6e",1,boleto,1,87.66
a4d5fcb131fab3ac106ae40ac7042833,1,credit_card,6,191.56
"70d6a585155b39ed84fc4cab834764ee",1,credit_card,10,167.41
"145b20b69dc0b70579d0754a3d26b6af",1,boleto,1,38.01
"9fafe0a1253661cb02ef32961e541418",1,credit_card,3,94.47
d779d1f64c00cb888484f4b2f5eab951,1,credit_card,3,297.07
"38e68853613891ef987ac0772148218f",1,credit_card,10,570.94
"3ceadc78831e81a4eb0cec59a8d44997",1,credit_card,1,75.08
"46eb75885eca03736c4188871c0a9ba3",1,credit_card,10,188.44
"4a71e2b3cccb7dba085c8961c746578f",1,boleto,1,45.61
"860f0c4fdcb1c4c50661ee588b03254e",1,boleto,1,314.84
fab6c6f55e43abd9875d6f31517d9166,1,debit_card,1,104.83
d3371dea823352e8d3016da2f4d2f24c,1,credit_card,1,148.06
f2b620afa1cd911f5bce90e1f9646760,1,credit_card,3,65.71
d1ef94426d8030042fb422bf0891ded3,1,boleto,1,185.20
bd59d6b6646e18c7a1a97a639ff49e0f,4,voucher,1,5.22
"17d0317e0d3f083fa6f59927059e98b3",1,credit_card,3,164.56
"8f28a6c11335444d424803bc0a64f4b9",1,credit_card,1,159.63
"711446e2cbe250789dc7b3ecdfce793c",1,credit_card,1,37.89
e639eb028398f98b7958207b2a45684c,1,voucher,1,110.42
dd621d7d942344da783d1d390dc06f17,1,credit_card,2,147.17
"1b6a74c497e59ff5342e7a1adcff98af",1,credit_card,8,133.39
"35bb1075fe5a1a4510c3c8915f84a137",1,credit_card,10,374.07
fcb9ec0e86e6d326a21a96c2008c8610,1,credit_card,3,103.19
b3242decb71b67b79f3b2069effcbaa2,1,boleto,1,200.87
"13c275bb0585b060da0d45973177dc80",1,credit_card,3,135.29
"037578a0b32fa190a1fe9f1de5fd3f30",1,credit_card,2,42.05
"55898410e4c5e6aff68607cf55c05847",1,credit_card,1,112.30
"74dc1c443804373ca86896a9b26a02c2",1,credit_card,3,33.47
"63067dbad99fa8dd94df9e6983bff614",1,credit_card,6,347.39
"0f3b2951a363f6a201ad23e3ce2c0313",1,credit_card,3,90.26
b4b82a96ad1cd1dd5071980861bb2575,1,credit_card,2,50.69
"478e6ea13625ffcbd107d95b614d79b1",1,boleto,1,31.77
b6e3915b3670164d7ff568eb2db3aa88,1,boleto,1,163.93
b329c0dc7e78a0caaa2b8d67c8a8c8ce,1,credit_card,2,54.11
"7122be37b1b21797619ed0a6cf64f043",1,credit_card,10,1368.11
"71400888e53ed1698734799716d213f8",1,credit_card,2,126.52
"2d6ce36962726757ee9b668df71866e6",1,credit_card,4,44.09
e22ffd32ea0c410c250cb735498b60e0,1,credit_card,1,161.05
"48f2d0b950703bfb145b7c3c0641b4bb",2,voucher,1,8.88
"3e1616d48a50cea07cdf8ca77e8eb0f8",1,credit_card,5,53.10
"7294705423e48be7177bcd2b15faf44f",1,credit_card,5,106.87
c531e20fbbaf3e7302ff967fb3c7340b,1,credit_card,4,636.74
"9934f2be60d7992700e66e947ebb8d07",1,credit_card,1,44.58
dd53cce9e0ce03ce45f0d42ac4317cd8,1,boleto,1,75.58
"0d72ea72bb291e23fc4da4324144fe24",1,boleto,1,64.10
e102402236ce8457d678acd1d3370e64,1,credit_card,1,55.13
"0aa6d207e7ba004eef415715c25765ce",1,credit_card,2,118.48
d041111c5d8c66db0816ad51870d58c4,1,credit_card,1,36.42
"76eb969a695f694952f79db129b24c46",1,boleto,1,168.40
"0e87d2e51cc9889baf44d689d0f5827e",1,credit_card,3,64.01
"622dac2e43c9fe4e17d08cbc259f8448",1,credit_card,8,342.02
"89b8ad4ff7b96f3b514eb7d8c71d771c",1,credit_card,4,112.28
ebf44ff0c2e9687a275c7a487b71e28e,1,credit_card,1,114.90
f7b736bf93ccc535ded543a109635e28,1,credit_card,4,49.54
"7e3092871b13383e2bf040db363a846b",2,voucher,1,150.00
"224a57164e7d58e7d551cdc70d6d902d",1,credit_card,2,50.65
efe29224ab6af2a162c9cb35940daca5,1,credit_card,1,133.96
"652e395eca81cbe843ef95202a101cf0",1,credit_card,3,87.20
"9de76ec033b835610e97e8b8b78011d1",1,credit_card,5,70.64
a0b1ffd30c671f95ed8065ce07d10470,2,voucher,1,32.49
"3d7eec3ddca1aab85c4f2e70a6ec3fa4",1,credit_card,1,62.12
"17eebf32ee6d0d9dae95956506edbe25",1,credit_card,1,36.39
bdde0e6ab375f21ce8915c8b0c359f91,1,credit_card,1,126.56
"4f5fa78eddf28c3f669aa1554fe38622",1,credit_card,4,96.47
ddee206e57fa8a88cb37d640dbd73477,1,credit_card,9,94.35
f27ae17adead1c0c2c6bff69eeb86231,1,boleto,1,58.30
"9171d836da11db31ce6c50f2ebbbac3e",1,boleto,1,128.86
"2b941f8e6ff81158a52de44909dc2a52",1,credit_card,1,983.54
a48286edf7e187e446293ea0ff08f2f9,1,credit_card,1,49.10
"92d1957925a4ee51cc53c8155c41ba02",1,boleto,1,104.30
eb92f6fdb8dcd9a9ab21c341b4a3ca5f,2,voucher,1,20.00
"9831a29d7f2e1f0526ea5d4f687ad13e",1,boleto,1,126.69
"8f081929c8382616a4b5fe9df406a802",1,credit_card,6,76.18
e95de39b06926e7e123cb18e3a99dbf7,1,credit_card,1,123.69
a092499a9f4bcd992aadbcdc2d5f7843,1,credit_card,5,545.06
"8c1d27c10cc60cc369a428813bb71350",1,credit_card,1,108.63
b471c25ac60e798a0321d7a15415986b,1,credit_card,10,226.12
"191869a6145f8263366f4158ddcf3b2b",1,boleto,1,187.64
d4a82e0a8772db180275f4160d9eb12d,1,credit_card,1,74.16
"324204564b4994a8fefbb828983f6be2",1,boleto,1,134.59
"21e532e1fe87c6d6f72b17543a12af1a",1,credit_card,5,50.00
beff862ded25ef1ad1087c93317e89f1,1,credit_card,10,132.52
"4c689245ea93c43c3bd76bda4dca1403",1,credit_card,10,320.82
c1ae5adcaac94051df90bff4b73bebd9,1,debit_card,1,97.55
"2abb4e1bb6b3c83202111a0900d6fad5",1,credit_card,5,467.51
"21577126c19bf11a0b91592e5844ba78",6,voucher,1,7.11
"59a7ff272ffc5a0a705f006f9b2db1b9",1,credit_card,1,76.74
"9fcae628ca1ff23cc32e259e9335fa1e",1,credit_card,1,82.98
"53ce1063e2dc0e2f7f70b9225c4fe698",1,boleto,1,26.86
"434e8530a696521ae619af1a0072bf40",1,credit_card,5,193.78
"52018484704db3661b98ce838612b507",1,credit_card,7,73.10
b259e2247d6ab1750b9e4789b87b3f23,1,credit_card,1,108.20
"11d8e2bcf6e6cc183404890465b2f402",1,credit_card,5,87.72
ae85b9887d49eb8e4e35cea1435a52d8,1,credit_card,8,381.86
"2dce4900da65c78bfeb7b56efa0dd59e",1,credit_card,1,118.35
"236ec68da130bed142ae4b3f355fb871",1,boleto,1,243.25
"47ce198e173de34ed4c92187e82717ac",1,credit_card,10,1162.88
"6cb6dd42d4278b77aded588ee52089af",1,boleto,1,39.09
"347bc8940faceaaebb95b13bd9f497b4",1,credit_card,1,241.25
"1a3e279645fab98ff8a8dcdef4b9bb86",1,credit_card,6,316.53
"15f03e32c4f15c02ef2461951758bce9",1,credit_card,3,162.89
"663f5bad78ee236c44c5f31fc8c280cd",1,credit_card,7,478.14
beab056c7361472f52bc576a3678c08d,1,credit_card,6,147.96
"352624ca0ead1f999686becd48b614c8",1,credit_card,1,131.05
"278b7931248401487747dd5edf32a710",1,credit_card,10,352.10
f8da7d096b125f74ad5b784140c294c7,1,credit_card,3,63.01
b8bfa12431142333a0c84802f9529d87,1,boleto,1,300.15
"0870d202dc3234340a499505dc36c7a4",1,credit_card,1,46.84
bed5dfd1b6d819c52dbcf83071564974,2,voucher,1,12.66
"71a41b640ae7a650cef9587dd0f3cc86",1,credit_card,3,32.59
"30ba86172fdf3caf123a7e424bcfb3a8",1,credit_card,4,178.08
c2c3dae78e8e332095112da69e79b420,1,credit_card,1,142.13
f36d534d445a4b1a5cef4092573aa1f1,1,credit_card,4,104.22
b53a5ae7a42c37159e3cc26b92174246,1,boleto,1,63.83
a3cf24eff0b2bd4737149569c12c4ef0,1,credit_card,1,149.68
cb0cb26c017d2cfb4e9ed39cd6ee9fa2,1,credit_card,10,352.55
"102e0d3cfdd667c3bdc41494ecbf6db5",1,boleto,1,303.42
"4b1c5ec72d03e8244e7e2c08123df831",1,boleto,1,82.23
"03cd43eb7c373b23a0b55c1c8f76c861",1,credit_card,3,151.23
"6b8e33e6751e356214e7b35ad7df83cb",1,credit_card,1,58.37
"620d254bc4b9c32cda7b908de600926a",1,credit_card,8,339.33
"755c4aa4960614ec096601363b0ea48d",1,credit_card,1,34.89
"94a8d8bcc1d121eda5d59670f27d48e8",1,credit_card,1,35.59
c77b924863d95e0e69aaec7323c1ed90,1,credit_card,3,62.98
"16b0354e89f049afdd965c97e243dac6",1,credit_card,1,43.29
d924b2f481ea43a95856d604e81f9219,1,credit_card,4,112.35
"4c7ef39af59d31fa247f85d10ed414f6",1,credit_card,8,231.88
"11526907a9d9e94078d44fb1c4abb4ec",1,boleto,1,61.40
"3af06414a3acfc16eadcc64c0b6a8f7c",1,credit_card,2,195.86
"0a6f6183affc58729c775e30654be436",1,boleto,1,43.88
d7c877c5db825f754e75a32ac35e13b0,1,credit_card,1,276.18
"6f078a846f0427e42e068e545b56efdf",1,credit_card,1,68.43
d7bf53fc0c235f32fd61f11e6cc99a2a,1,credit_card,6,338.52
"272f2c7a76c95a5f4bae0c236a21df6e",1,credit_card,3,66.01
"6a32c701681d4c31dac221f9a2848c80",1,boleto,1,106.67
f52085b82745f88592fcf7a4a4733949,1,credit_card,2,203.57
d4720dbbca128b0bf8d6c03b640445cf,1,credit_card,8,99.43
"6b27933c6a46e3d66203137ad1fdb678",1,credit_card,1,100.00
e23fa6908df9fa4ffdc5bf2a0ad6ae76,1,debit_card,1,27.77
a85866709015a003ea47e59f00c2354f,1,credit_card,3,63.17
"4447244b60640d0067069c680995049d",1,boleto,1,218.96
"83c1379a015df1e13d02aae0204711ab",1,credit_card,5,271.01
"7124bd2d49c395dc9b4c8ff94d6c919c",1,credit_card,2,127.92
"002691433f09002ac9ca0c4e8dbb8ead",1,credit_card,1,120.43
"48ac23662de1f4a94e29e7f3452a85d9",1,credit_card,4,158.08
"77129217c76b6dcb453393ba67cff13e",1,credit_card,5,283.67
"3030f0e22d19c6ba1366d9628972bec4",1,boleto,1,72.14
"9e1948d3c411c8a72efadb93b6f8a4fd",1,credit_card,4,46.22
"22ae6afbbbc19d8dd88d82e7001f8fcf",1,boleto,1,67.22
f5f9034b5251b9a67898e5be6847e83c,1,credit_card,1,70.27
"5d245c97223bf9ad03cb5568dba7ea7f",1,credit_card,1,32.37
d35f8dc1aab5eb262bfb16db16fccfa5,1,credit_card,3,174.61
c913512a7fa84d29251cc036c4bdcd6a,1,credit_card,2,139.60
"59798edc300f7563a9bdf18b2740def9",1,credit_card,1,14.07
e9d4e2e8fa496212d4d5d79d0b7863ba,1,credit_card,3,39.00
"252e3d8642591a131552842adb8230f7",1,credit_card,1,53.47
"43831dba8cf4791c11ab2d6febf989e4",1,credit_card,3,196.50
b6c8a981ff2379f36a347ec8c9e2ae56,1,credit_card,1,82.98
ad61bdad0a6d5fac6af829eba1fa4e84,1,credit_card,1,68.35
"3e30da31e3bf405f3a0b771a7d935322",1,credit_card,2,168.52
"4f7e18a54264d8e4a97a776cfbad2bd5",1,credit_card,10,232.18
"7d27be18a08a2dbe4ee2d12c2fc5a739",1,credit_card,1,48.19
"82a6e2f5082bd48943674373f6a0fc9a",1,credit_card,1,34.00
"226209d53af16a012bd3c8c7c6a9ca53",1,credit_card,1,89.07
"066bcda20b88b5f4d4870b32a387f822",1,credit_card,1,204.40
"5c7cd811e61b95684de8c9416aa236ce",1,credit_card,3,67.44
"45cb2e92427657e6b10542751b5c6805",1,boleto,1,42.68
"9847fce753aec51f55dc5f6a5bc3e732",1,credit_card,1,92.79
"207fcb4ce4deeff5a3ec9db8f38acff0",1,credit_card,1,97.71
"74da1d033cecf62865d267673aeec395",1,credit_card,4,190.25
"84a80b02b3af075990fc7d9d2369f066",1,credit_card,5,571.16
"85c467a504e5796387bb68fe2adcc256",1,credit_card,6,2204.04
"1ad4a4025f564f7589eb7d378060a63c",1,credit_card,2,48.22
"810c5451b24e7565d14608ed85dd3624",1,credit_card,1,10.01
afd1cd812c3632816691d00b10ac9048,1,credit_card,2,119.93
dc20710a4582a12ed1eb1504bd916272,1,credit_card,1,83.46
"2d8d686ea253f4d2cdfc519f2840fea3",1,boleto,1,45.07
"3ae04700e729d283cfd0b9d1f9fdfec6",1,credit_card,3,193.17
"63638a6806d67773f3adba8534553fff",3,voucher,1,9.02
e6a66a8350bb88497954d37688ab123e,8,voucher,1,9.83
"1639cec93b4df0f2fec8601299c7f4c8",1,credit_card,10,105.18
de3353dc4eb5012999074ce70b124fee,1,credit_card,10,475.84
"4d3acbe72723c00c24fdbf452160d13b",1,credit_card,1,107.10
"68ffb6a8abb783325c37e66d91eeb191",1,voucher,1,68.89
"618ab5fa2138dcabd9046d13f1294fb9",1,boleto,1,84.80
"41ff2ba0d19e828f41b858fbf8b3c3cb",1,boleto,1,42.68
"369eee143e91ca7a46cdddc5f679e1f3",1,credit_card,3,829.17
f2120851611e040d268c3be41ac51228,1,credit_card,1,47.68
"33461765475580d8fa316d298bfdf86d",1,credit_card,2,66.31
ce38feac183edc1669336435be2a2ef3,1,boleto,1,73.44
"6f7e43972ed0a7fdbf29edf7cde6d2ad",1,boleto,1,212.05
"637617b3ffe9e2f7a2411243829226d0",1,boleto,1,1246.97
d1fae75b8b6aec241093c7ccb1a27d3c,1,credit_card,3,159.79
d0917c0a88a601949cde7cec1331de4e,1,credit_card,2,308.80
"68a103d3cbef07b7a8cc14147b26aa96",1,credit_card,1,168.80
"597fa94ef8eb873a3b8d4191931fcdeb",1,credit_card,1,163.80
b74092206cd29b62907516d95e927fd6,1,credit_card,7,73.49
f3c5d914eec90079a826c2b5ea7fe6bc,1,credit_card,2,72.66
bbe02deb41e96f666660dede6c816276,1,credit_card,1,126.86
"5ce4e99e06cd9dc47f1b5a5ab7a2caba",1,credit_card,1,29.00
"61f70a8bbfeb4e14d01039a3cb4140d1",1,boleto,1,38.39
"94f6265a57323f7ddf9795f2d46a50e8",1,boleto,1,97.87
"976fa354f6ecccd2abd6d95c676ab62d",1,boleto,1,57.04
"6620ebb2d24058461a5605a2aa2c6375",1,credit_card,5,315.94
"9eedaa8643ebca26e894f58017d00970",1,credit_card,1,172.97
f0728a029e4b3ff3b00aef28de29e394,1,credit_card,2,255.80
db4c0f9244a52fae664f9325333250e6,1,credit_card,10,435.60
b68dcf49a2ac5d629f24860c2959c6ab,1,boleto,1,55.43
"9c03496a411754169e1433dc70a583f0",2,voucher,1,123.82
"17bd2faca1fa39213be29ec02c669925",1,boleto,1,131.00
"49935c2c36ceb474c290a1987bbb941e",1,credit_card,1,115.00
cdb99aee5b9d12289e40e8ae2002c93a,1,credit_card,1,257.44
fab1440d1e4a7690b4b3305b07de5414,1,boleto,1,77.51
"034c16aeedd39a916ea470f22a048b22",1,credit_card,1,70.90
"2214cc5b55271606e0beb67cc2d09eef",1,boleto,1,48.13
f327645eb13511d92d672ec03773b2ae,1,boleto,1,119.08
"9ec0c8947d973db4f4e8dcf1fbfa8f1b",1,credit_card,3,129.06
"8770d612f74d5015ceb2d739911887a1",1,boleto,1,49.02
"4bfc4fba07fff7db47e3017b9fe22ec6",1,credit_card,2,28.30
e43a94e0ef58ee8b2507c9176c7581d1,1,boleto,1,117.94
"37ac5e2848fe9ffaae862a845c5d7ff7",1,credit_card,6,160.50
abc3e842e38ace4030133da4ebd501f5,1,credit_card,10,119.24
"434f170d048d285d4841d3fa653a4507",1,credit_card,1,200.76
fbbc9a2991b4a6a0fdc9ab30c4c0b7af,1,boleto,1,31.24
"40dc2ba6f322a17626aac6244332828c",1,credit_card,5,54.10
"5da33f2ec794bb55994fc59563a04107",1,boleto,1,103.36
"889ea351c8a3773acec1c4652d87a9c1",1,credit_card,4,83.32
da57afb5411cc92dfeca3968e90860f7,1,credit_card,2,201.23
"34041ba8694b6808060aafda57f6075e",1,credit_card,1,51.64
ea012d24e4317506128e0c9e78719e64,1,credit_card,1,0.77
"8576600e6c8cf9ff884eaa76c8089eeb",1,credit_card,1,3.68
"62a084114b1d8e549fbf1e0d9ebf4da6",1,credit_card,1,53.61
b84945a92dd9b4125072450332eaf6ff,1,credit_card,3,94.12
"9ffdb44f6b79111e57d86b61146fba23",1,boleto,1,56.42
"831e2035989f1b9cb217e1093e2992d3",1,credit_card,5,128.48
"79c96fac5fd38406b272b04b54d54083",1,credit_card,1,133.17
"56f8f42c9ba3fde1fd14794adfa04b1c",1,credit_card,1,63.68
"0753581dc10ba07cdb8302d6c7a40924",1,boleto,1,192.50
ac1e2ddaa8a97a982f9e3bf625bca0b0,1,credit_card,1,26.94
db62e0a0d6c8476c079bda2174228551,1,credit_card,1,25.29
e09e4bef485e6c09fef604841cbe5780,1,boleto,1,152.71
"8a8eb699f875d17840c4b11dd7613964",1,credit_card,1,90.75
"119da8fe76c893e189ee759f82bbc8d6",1,credit_card,7,74.83
"3a41d8f16d339184975dcab294e74d46",1,boleto,1,147.15
f3239f4f6c8cdfc9043534b20c0b6179,1,boleto,1,64.00
"216720f8251b8f0ed3800a7de50ae44a",1,credit_card,10,106.23
f45cb38ce99572f3f71de38bebeee589,1,credit_card,4,103.79
"00a77f9cc25b05b2004752593d7b8888",1,credit_card,9,196.40
"8a32f78d59c6aec1ebdfaf5788bc84b1",1,boleto,1,114.34
"9cc64bcad125a311c53a26c9e1b20983",1,credit_card,2,26.24
"75bb0242b1adbfca55d87a6bbc34cd8b",1,credit_card,6,129.91
f58c538485f196aedcc7a7f6cbe34dd6,1,credit_card,3,120.61
"136c36bf83629aea3290644dabe72471",1,credit_card,1,72.07
bcf5665129063675d2d1006d95d3c813,1,credit_card,1,118.90
"0b055b1ac16d0401f76e361ff96926eb",1,credit_card,10,2124.78
"9cd5810e0e93f3aa22403b2a7371d1a2",1,credit_card,1,61.69
"999a06d4f5f99f712c14e37308f5aa6e",1,credit_card,1,41.98
"02dcfbe3274b16820a9fca74c156dc9a",1,boleto,1,469.52
"6de82414b08e811561e73db3df4fb9f1",1,credit_card,1,69.44
c276a6bf017d697f864fa8b703ce1b36,1,credit_card,10,199.51
"69ab22fd4d1d7d39481c76b4da5b9621",1,credit_card,2,173.60
"28e69219369607a9fc2403113041677c",1,credit_card,4,847.32
c98034f8df920ed8ca430c1105e3b600,1,credit_card,2,101.27
"5d9b03cb14fe4fbb8f4e9f3de26048f2",1,credit_card,2,71.43
"89bed55dd88d035e3b1b2489862e53cc",1,credit_card,1,9.60
"7d0ed38550fa692c0dff9a4d0eddb8e7",1,credit_card,1,8.39
"7f4e9dd947b8c7493391930878e8b778",1,credit_card,4,117.17
a87561bddec57c56c96d99cf74797013,1,credit_card,1,64.52
"1a0d8f4b7cdd8a27c1ef92e118931fee",1,credit_card,6,306.97
"8c232e13890c404488a860c3beecc9b0",1,boleto,1,461.77
"16f0fa8aecf907e4fe3768af883f0def",1,credit_card,2,130.13
c1ab86138a2e18e81c0390d8d9f96f86,1,boleto,1,36.01
dbaabdb0be80480bf6306b5e3c953017,1,credit_card,2,176.09
acf3ac1c437e8674370762c5a482b978,1,credit_card,2,119.00
"3c8f1081e21484680c3885d3bb35272c",1,credit_card,10,230.74
a769cc9f5becd92358f5d4604e17e806,2,voucher,1,19.69
"0a13aec53ae766fb150be89f7c93a73f",1,credit_card,3,35.00
"517b4b7e7f723df3693ae71473078d73",1,credit_card,4,89.75
"9c0aeb926cb821f2644b956856d2d3b0",1,boleto,1,141.41
"028b18bcd128b49e2982741f83b78e77",1,credit_card,2,297.12
dc03f474e6aa58b6f44b644ebc988d49,1,credit_card,3,441.11
"47d3007b20e49d9119fabdb9237374c5",1,boleto,1,28.09
"37f6e52783daf8d5b0a61c8876c23b38",1,credit_card,1,125.05
aaa67a6164a6f353f9da9ab91dcd2509,1,credit_card,1,76.72
a4186d9eb0c08c0618614b111418707a,1,credit_card,2,118.27
ed329ebc4bca317d28016c839ecc714e,1,boleto,1,91.13
ecfc862cb2fabd3d5f9c86117a9baff0,1,credit_card,2,29.42
"16388d0b6852174384f06c9f1509d10c",1,credit_card,4,83.15
c05b4afd0213a3d8f5c4c503b36dfb87,1,credit_card,1,58.13
"2abe97fe40841c06d48dbde9d9df1279",1,voucher,1,49.29
a7881f54a20f4f7547971f089438b078,1,boleto,1,49.55
bab61aa88a055fe040e8868a7507921b,1,credit_card,1,31.27
c5536b9cf89dc947c7c0d0287528cda8,1,credit_card,10,233.88
"70a272d1c01754b91a8709ae7efe27be",2,voucher,1,124.01
e0bd62e007e5e88656338ab10a5c0f42,2,voucher,1,3.64
f9f55a148dc1cd670fc3c9ecc31aa1d6,1,credit_card,8,84.18
"0ff1419cb5d96f6355fc067f02c8936a",1,credit_card,2,142.96
ff09be38535fa5ed89ee63099283986c,1,credit_card,6,69.03
"41656e5eacc8e9cc1efe1609ea2eb0ba",1,credit_card,7,159.10
"073c1615e55e3c047b8254b49d3503df",1,credit_card,9,196.29
"213b90d88023016a64a20f6f19d2aac7",1,credit_card,10,175.82
f6822e0fe1a0a216386fb50209b80229,1,boleto,1,138.55
"6d34c087b843ae0fdb296f15d948e45f",3,voucher,1,200.00
"17b3a4d85ba0793bf46aa81893c3f95b",1,voucher,1,86.72
fe32ff09dc05ef12f7003de0f56f9087,1,boleto,1,122.55
ba5fa5d6fe39ade3049fcbc2966fc82c,1,credit_card,1,58.40
"97b2cbab1ec29ebc9b1d9b113a4b7a2b",1,credit_card,3,36.75
"0767f7b9a6d2c7db242000b27ca8e063",1,credit_card,1,20.85
"904122dde5546809eb8058e42e976ef1",1,credit_card,4,266.66
"335c699e72e2554d20656295439bdcb5",1,credit_card,4,266.40
"965c963c874eedc47cd261cbe057121b",1,credit_card,4,124.29
"1a8e038996bda6eec89b10dce066e0c9",1,credit_card,10,120.47
"834b943d0967a4138b4d2b3874c6037f",1,credit_card,4,146.26
"681eb1e9c66474188164d230257bb087",1,boleto,1,91.79
fe0c59004b59a99b0240ce5facde84eb,1,credit_card,1,93.29
"99ca85d0497f1b958fabcd12b46168e6",1,credit_card,4,44.38
"55f6044cecace75277ac3fb0335bf9a5",1,boleto,1,87.64
ba45595538a13176b4850483d5f787e3,2,voucher,1,79.98
"8d99c825b718517c169c33a6c94933ab",1,debit_card,1,127.38
"76605cf925ed0ddb1629abe46ecf0fe7",1,credit_card,5,138.50
"4a6f711cc41643b625414ca5f0d0d111",1,credit_card,3,75.53
"076dc4ca874b482e0fed6263b1ff1b5f",1,credit_card,3,39.05
"0d556f5bfd6f6a807960f7e971e8dfd9",1,boleto,1,42.88
"6129370214b115f45a7b9b13e33c83d9",1,boleto,1,89.17
e114923f818130cb74183d70a5d22371,1,boleto,1,138.97
"8e90c3fae41af15f01fac3ca5b6037fb",1,credit_card,10,238.19
c2f3a413b93e57befdbc7877ae75758e,1,credit_card,3,47.69
b32d933cbb60baceeffff29dad694641,1,boleto,1,188.42
a44bccae654f637781e1918da79f4fd2,1,credit_card,5,160.81
c4c6f4e48fd572d4d909012e522ab9c1,1,credit_card,3,194.37
b1a7bd6a9d10076c91e88bc510406b46,1,credit_card,5,497.47
e2fb90759edabe8462da889ac54fb0b1,1,credit_card,5,54.89
"43542fbe2e7b735e5db10cb3588d63d0",1,boleto,1,41.00
b740bd4096a75c3d97e686dee682607d,1,credit_card,3,203.42
"1c5ea09d670777647e55f734e3d784b2",1,credit_card,2,98.51
e1bea0700731c9179b4e7e2e0183aa14,1,credit_card,3,31.79
ff0f748c58a386fe2ec19f6e32c9f42b,1,credit_card,3,118.10
"0910cddfc72928e063254f00c73e8d5a",1,credit_card,2,50.00
"69877d0aa8f3f125ac5dbdc5215dbbd4",1,credit_card,3,155.98
bb18a7304967722c7cef28dff0a916ed,2,credit_card,6,116.76
"8dd157f9e9b6d962be4a88d78a5c1d45",1,credit_card,5,115.04
"0d7fc3fc1f6267e80691b89236b7433c",1,credit_card,6,145.56
"06ca213ef85421d96ee0fe529d0f5885",1,credit_card,3,61.11
"7f54da866a82d947b1a3dc9a7c226dd1",1,boleto,1,77.57
f8976b3a54975401f39462dde83413a4,1,boleto,1,125.29
"9725ba7393be89844451138f83d13a11",1,boleto,1,65.51
f139446c99f9da288febbf16f64b632f,1,credit_card,8,689.38
bd5de289aee2b10eb505c63fc91df4d7,1,boleto,1,115.60
"866e0f3023c57babaf95164f170317e8",1,credit_card,2,220.49
"0a84606bdb8331708400882d2e921524",1,credit_card,1,41.46
"1753e585ae25cd90fd3e8adfeaff0feb",1,credit_card,6,181.46
d9bdd8985e722d97a231fc42efcdf238,1,boleto,1,180.71
"03a312126d4985217afef2625df60af4",1,boleto,1,1963.14
"3594036dc631b02c14cd17fd933d3068",1,boleto,1,65.71
"4c1265c96a9e9859ce850f9edeb28f6b",1,boleto,1,54.44
"678563117c6bcedcb0f9d98e8f3faf23",2,voucher,1,117.45
e3c4e25333597368379529a91b6970a1,1,credit_card,2,68.48
"1ec1f0aa2c220d06ace348a757325915",1,credit_card,4,87.41
"86dcddd0920dec11c6faa2276be53edf",1,boleto,1,77.51
b206fde9513a754fa4290463ed1ad4aa,1,boleto,1,62.01
"7c0c61f5d61aad026c439caf370a92f2",1,credit_card,3,230.70
"51b75c5c75f715e5c1fbe8300ede89bc",1,credit_card,1,45.09
fe206005e41f89f9759ece7fe7acc9c3,1,credit_card,2,303.79
d9efb99c346e10af741a8c38b546ad80,1,credit_card,5,55.00
"5448a97fc343f6f23807effd01938241",1,boleto,1,876.50
c04f90bfbbe8d9a50d96feba29339913,1,credit_card,8,340.07
"45cbedcdca177029ad93022f2ebb8cef",1,boleto,1,444.24
"0b29027a3a98807aea23a764ab594bbd",1,boleto,1,178.44
"3d76cc1cc5ebdd45a03c0b51f79d43b1",1,boleto,1,139.14
"8ade7f8460876f64baec1e262faf6a94",1,credit_card,6,126.19
"26398993ea4ace9cdbaa65c00bcaabdc",1,boleto,1,40.00
"418018cd21bcca5f7cc37f9f17ac1466",1,credit_card,5,56.50
"1494db03a5c6e6ed463866c7e1171104",1,boleto,1,123.40
"7186ea4d77cf76753cfe3399c39b5b42",1,credit_card,10,239.68
c16256c7228171d97729420953ec9536,1,credit_card,1,87.06
"726a67ad063495177a87c3958017c32e",1,credit_card,1,66.44
"5189eca8aa65ca525e4929c6f6a758d1",1,boleto,1,486.30
e44944b056633f6f1e86a77eed6a13dd,1,credit_card,6,1293.27
ad8c5820e75335e6117e13d9f78f0a21,1,credit_card,2,106.38
dd66c3e6a85bd67e68275e13bbc71c44,1,boleto,1,174.97
dcf4c7f221833bff3e0167a4dee18489,1,credit_card,9,92.30
"5620e57611d71ee82bf1b40183f57bdf",1,credit_card,2,52.46
"41c045db2d1876be9f05cf4a787693b2",1,credit_card,1,32.68
e625c854b7283c2fc48fae7f8048ec91,1,boleto,1,100.00
a496afd4157983f3262ad36c6afde886,1,credit_card,5,490.36
"8f150b9a5714c94537d31215f638db5d",1,credit_card,3,66.69
"1d71e35103fe8db2e50dfff158650e4b",1,credit_card,1,127.40
"06f40352396b73ac65b6a2059d70441c",1,credit_card,1,107.95
"28cf49bbfe2683759d3cf866b7fda22f",1,credit_card,10,150.60
f99f5bffbe97d450126f330cd970c5e9,1,credit_card,6,325.54
add917dceddf24259c12174aba0159f2,1,boleto,1,393.90
"2a77610e00a6f4db47364ddb4871de68",1,credit_card,1,86.02
f499f2bfdaa69f3b863d1891a6203ae3,1,credit_card,10,287.56
"454a297f19c15e3f7a16c16961029402",1,boleto,1,213.05
"377ed239c64b69ab76ed4d18bdf76958",1,credit_card,5,115.04
"4527fe780d1facd3191d875fd794b233",2,voucher,1,46.25
"9633aa23810f64d3bec8f43b7778befa",1,credit_card,7,123.89
feb1faba52af0ff624c197d3dfdc7019,1,boleto,1,136.56
"1235febb7f139ccf94d83ff97ae8e889",1,credit_card,10,115.00
d5bd0af0e37b739b88fa363a30301220,1,credit_card,2,124.42
e9cc31bb3b7f19962bba87e032a9d485,1,credit_card,1,137.60
d6275af2a1ba682fef89898fec0e7636,1,credit_card,1,38.29
"0c38db7d528620e574c47997981525da",1,boleto,1,130.84
"3e8ef04f228ea2e33b19ff30e0e61f38",1,credit_card,6,108.36
d6199904747af716384a5ddfde0e4b9f,1,boleto,1,189.00
"4317fe882d992cda2fb3d51baeb2751c",1,credit_card,1,9.49
f74d94774320327d0d48e3cc7eff82ba,1,credit_card,3,70.63
"76316d08dd15e53a577758b8f09059f0",1,credit_card,1,71.23
b7c03d21bfaf98c81b21dd94e82d0391,1,credit_card,3,156.16
"0f187bdbef138399bae3eeee9ec1d48e",1,credit_card,1,68.19
fdff9c6a7acb0e02d1cea8d18811e251,1,credit_card,1,28.13
"6a5c18ff38627e8e7fd671b499d01426",1,credit_card,1,55.00
dfb753bfb675436ca257d189c5377417,2,voucher,1,64.64
"61091d227e531114d8759b1372ba1d48",1,credit_card,1,41.84
"71cd324a1b352121198937e95b18f4f4",1,credit_card,3,67.39
a8bb77ab67213461d5c632d41df4fafd,1,credit_card,4,72.97
"4212c4acae39b267aabc4696d873cbcf",1,credit_card,1,17.61
cfcd1b446010715bb44c1babfe225e6e,1,credit_card,2,130.11
"19f99e34df3950b323bd2bbc16152983",1,credit_card,1,52.38
"71dab1155600756af6de79de92e712e3",1,credit_card,10,1988.55
bb98c9fdb30b2e14fede53a445d2b5aa,1,credit_card,2,165.18
"10747be3ee825f1a6d8bead521a4e55a",1,credit_card,5,51.69
cf77a280bc82f1008e6cbf4c16435622,1,credit_card,3,123.18
ef28bc8d9d1354d38bf6c60248bae866,1,credit_card,2,57.51
"3cbf16b8242e78d602909f15aaac29eb",1,credit_card,1,20.13
cf14ed9ce2e247684574f4acb873d39e,1,credit_card,10,136.10
"052b49cd1787ff86171b4e374f53c42e",1,credit_card,7,399.42
ccf804e764ed5650cd8759557269dc13,17,voucher,1,1.11
dac39ed0abfc9b2092f74f36f5157a79,1,boleto,1,51.05
"418764469a9e73f76f56783c1863bd05",1,credit_card,1,141.97
"47c3ce4efeeff5eae692f5d31ef009e3",1,boleto,1,233.81
aa7e3a2bfaf2aa8869ba241172c7ee1a,1,credit_card,4,334.48
c5055a14ef142f940515d5ab43e52160,1,credit_card,1,44.61
edc39c747837ab7258f382372e798824,1,credit_card,2,107.94
"0dd9f7281057d5bc3e2c64016de476d6",1,credit_card,3,208.01
adea49c55eec4c7af7b2cf7ba506d874,1,boleto,1,73.34
"93b3fec4ab5648e985ee7e781e0e1b6d",1,boleto,1,303.39
d427bbc436a25d6dc4b2795547544534,1,boleto,1,90.63
becf90dbbea6e1a229814dab50912be4,1,credit_card,4,318.17
c89f9200f57c5d1e1d7a7c6a98d45ff6,1,credit_card,10,112.79
d4e6db82770ffca02d0bf60e4eede3ad,1,credit_card,1,72.28
"3a46125908fdacca936ce28a0b4835ea",1,credit_card,1,52.84
"5a1fff3c127fb5c7f1faea51f9a8310a",1,credit_card,1,58.64
"01ae629e578b0eb0935ea1ce19c409f1",1,credit_card,10,103.69
"0c8675dc2e52ab52977a76d810e45303",1,credit_card,1,107.90
"975a0b1030c5f60d85ae5431fb40162b",1,credit_card,2,67.23
"3591b137120676965cee41e9cdb29cd0",1,credit_card,2,161.77
b2f010584c935093cccdd49cfa916ed2,1,boleto,1,23.78
"33b50846ef5349564b8be2af1d6000aa",1,credit_card,10,854.33
f7990eeaa9997867008e68d2a8972953,1,credit_card,1,67.50
df30286452a2054192bfb48c75e6287b,1,boleto,1,79.81
e8d814b4bf8b7a90595e115ae8fc83bc,1,credit_card,3,82.73
"29dad235dca65da6ae29389dea7b96c9",1,credit_card,3,232.19
c783d28b6b50273d1c44505fb6276b2b,1,boleto,1,175.57
"77a3f6f5260c3255e7171093cc549851",1,credit_card,1,22.36
a433d013a850ada87efa1fc9d3195a9c,1,credit_card,5,129.97
"37944c14b9384f4494476b8979f9d0b3",1,credit_card,1,55.46
"7865280b7f716318630d85eb2ea9cd17",1,credit_card,2,155.38
"85cecbd067fc6feb989de87d22126955",1,credit_card,4,139.06
e47ac2609ce0ccd8dab33391118792fb,3,voucher,1,4.33
"5ce13e60c6c8f2bad1ea6a41c2b6451f",1,debit_card,1,239.66
e61a7dc1fe0c1e1372543d0de05f809d,1,credit_card,6,219.18
"1cafec050dfd61009e2efb0428f28438",1,credit_card,3,153.01
d02bfb7e0c24da3338699d38469e3e12,1,credit_card,2,119.84
"945552359381c20f8e692b034ba74c44",1,credit_card,5,227.75
"9711d975b961355b4b5d636857e48498",1,credit_card,2,59.28
"27bab736dc987e1f35c6d4140797618f",1,credit_card,8,352.32
"14c99dc23c614159bed88378c219456d",1,credit_card,6,60.07
"7115f68b3dcb8f49a29394c0046e2a66",1,credit_card,3,91.66
e3de39662852f46570f6ce5954866852,1,credit_card,1,55.00
"885c961bdc49f349fbc62709b7ad859b",1,boleto,1,336.98
"5870c61c60ceece3d575eecb68252abe",1,credit_card,1,114.69
"7419d74066b299f2c4c8640ce5fa8e7d",1,credit_card,10,137.26
"2804b32d150c753fbd49da4d9c0c3158",1,credit_card,1,370.10
"7e6e7f8c90f49906342dc848330b3961",1,credit_card,3,437.24
"66d105a8f0f6727acbe752b4da6f29ef",1,credit_card,2,94.47
"7a12712273a3da7417b25f9108162305",1,boleto,1,195.54
b2a5b4b96f199f352ee45d82ac6dfd24,1,boleto,1,85.99
f2fd76c4a6a18c5be5d960963e114737,1,credit_card,8,86.73
"81db4954527dbb6dbda29235cf4bf043",1,credit_card,6,196.01
"672171439e56578d2c9370fe77345a50",1,credit_card,1,123.18
"6f4eebb5dd7d532cd45474ce133dc60a",1,credit_card,2,27.27
"3ae11d2ab3c0a83cfab0b47148e5878a",1,credit_card,5,56.78
"98468461ec50580f3a212ef742cccbb3",1,credit_card,10,1005.81
"26fb6c984069988017b2d12b79849865",1,credit_card,2,33.36
"3981758e39dcdca8ccad652405af0974",1,credit_card,1,95.17
"6c8d10bff26c00a7e916fa8fd5ce56d9",1,credit_card,3,48.89
"7c5a7744669451871d2bd31dbcd8f80b",1,boleto,1,23.79
"2bc23fea2d23b5e157fea231d05ccc28",1,credit_card,4,107.07
"6a5843185f8ef3ed2de016f4d88be0ec",1,voucher,1,110.36
a52ce374ecd1e12480900aa9f5944e4d,1,credit_card,8,99.90
"67c962d7ef6cc2b3d925892e8613dd9f",1,credit_card,2,86.92
d800296ed7f572eaa43c580857d3674d,2,voucher,1,311.98
"4f1482e926881ff58f7384a6e6bd0771",1,credit_card,1,28.41
"4eb3a441cbc81bd1c7d4449e569ae605",1,credit_card,1,133.95
"1c3a814fa046dc2f684276b1ca26786e",1,boleto,1,55.96
beb1c748e3742c97274d107f109c6298,1,credit_card,4,112.12
"185bb8598892fb8715f771ea136623d1",1,credit_card,5,216.05
"8029473fa5eb709b746a665b0597b8c1",2,credit_card,1,35.92
d08cea64b0ea4e19362640cd4b7f5a12,1,credit_card,4,46.00
"1f460df7925acc891d9f98daa8aa0b29",1,boleto,1,118.49
f7404ef9274b77e82cba63629c091e3f,1,boleto,1,80.02
"51bda649419be0084a39cb53e9c6f262",1,credit_card,2,67.55
"6d1f5da238306b0008063ff2f93feac9",1,credit_card,8,211.75
"416e55ae80dadfd48f380ae3b1b1dc83",1,debit_card,1,74.30
"45c72f651e3767b02a9f9938b2cba5d1",1,credit_card,8,218.21
"3aeb3d4e53be38746876f1f83d3726c2",1,credit_card,3,35.83
"6dd0712b5d9d31ab2b006f7b510e8720",1,credit_card,1,41.86
"56f1d06ce4c0cf8a60c9d1af768f39de",1,boleto,1,101.70
cd161a9d0a73af5eaff5b75c6f10d148,1,credit_card,1,72.38
d8f9cc275e4ac13af22f90e26f535e87,1,credit_card,1,70.80
"79bddd312603ec0241e3d42556c6bba4",1,credit_card,7,213.33
"1527028c6f0d2ca7a42e5337dc2762e5",1,credit_card,4,47.05
c2a6e9e49e5282ea4882c738f6137303,1,boleto,1,48.13
ee93f66dd4c1471023afa917f63536d3,1,credit_card,6,214.14
"0c894d8f095e6bb51a9f22123a149507",1,boleto,1,115.90
"3b786bf128186200f49a2d025c9148f4",1,boleto,1,84.14
"01efe0209a92b2f21f6e0edee4bd4eb6",1,credit_card,9,96.65
a2f9ff7df829bc4345e5cf8b5bab2e85,1,credit_card,5,59.10
ed7fc7aafd6ebca5daa21eaa5274d536,1,boleto,1,201.82
"9e04fc75cebeb85d63c311105977d2fb",1,credit_card,10,169.70
de8a1cc20f0f3f44aded9ac6a1e8eaa1,1,boleto,1,90.74
"3055272ae721b2f3c8107ca6ce29160e",1,credit_card,1,106.49
e0d8898d1111db2716c99615cc4162fd,1,credit_card,3,162.36
"8ac9d647425b62394b980e70f7d80d6b",1,credit_card,1,84.19
"491f5fabbd1c4d86ab4ae7a2024d7368",1,boleto,1,193.02
"8366b292b2a97497953e0897d8fdec25",1,boleto,1,59.59
"1f71efbfaebd22c0da59bae196d291de",1,credit_card,2,73.03
"1991b586044e1a42934aa179003b8f2f",1,credit_card,4,689.43
"3d078f07196f735d7513cb6df317e1bd",1,boleto,1,17.38
"93ef9253c47e7dfc633c01f728488cb1",1,credit_card,5,70.72
"7dc0c9624af2f70f84c310c126aa2d40",1,credit_card,1,121.93
"1451f4e1d7e9367d2fe5173de35b9656",1,credit_card,1,711.56
"0c5f4de2e1c08a6da891feaafcf35d1e",1,credit_card,3,221.99
"96fbb3c21966b51cc6e5176010070f2b",2,credit_card,1,19.09
"6fd9d5b35f04ff5c30e58111b9ecbff4",1,boleto,1,17.24
"0ea7c4f19490b13285f00729f7f9b276",1,credit_card,1,63.68
a856b544fe56eea444788271f63512d8,2,voucher,1,55.96
"9ed40c1d290b912f4cd6594bd495b5fb",1,boleto,1,273.25
"1d4a32f1866625f4cb90fe725e7c504c",1,credit_card,2,329.98
edc531c3153d23614049077e7e1e6405,1,boleto,1,136.40
f96187641653e607ec1001aff62bdff0,1,credit_card,4,308.83
e316d83fd9aaec07226cb3abfcf342d1,1,boleto,1,25.61
eda6dfcb0628b8c84aa77ad2d79ed78b,1,credit_card,3,162.03
"396a192aba5ce4ea3612711cf5d6bfc1",1,credit_card,1,64.32
ad47c55e7dc71d935ccff9650ff1beb6,1,credit_card,3,99.70
ac12973b4466733690a5b35ee30d724e,1,credit_card,3,35.00
c8203bb57639618630affac9e8e923dd,1,credit_card,1,30.95
d8d281c1a1398a1e835fdc4adfb81e2a,1,credit_card,7,702.41
"1c80798b60e75536e4c008facd7e9263",1,credit_card,10,398.74
dc7ddd4a05f0c561ece12f352cc4cf33,1,credit_card,1,28.24
aadd5a22c7d1dd16b1fe905a302d70e2,1,boleto,1,118.68
"7f73858012ce32efed89439a20062df2",1,credit_card,7,73.36
"81352f62b2d216f1f6a45bcbb978b078",1,credit_card,3,55.59
e0ea5984952668059b3f3ef6a8554bb3,1,credit_card,4,43.22
"55239e09e4cd4de5e2e69452283e9b36",1,credit_card,10,360.95
"2771d3ac1d43785ed9c2fdcb077a87b0",2,voucher,1,571.09
"6ee745e53a6ca0336b04b022ac01ac73",1,credit_card,4,113.62
"17d1c72c26f43dbcb91705626271e2f0",1,credit_card,2,202.39
dc6b76e937308e88a3464d0f4352b959,1,credit_card,5,51.99
"019aaee09698daf81dcffe9d94a18b5c",1,credit_card,2,83.69
"74c25aa167f9836099a217d0fa82ed0f",1,credit_card,3,175.77
a8efa4edb9c660aab65cfeb8c5375d81,1,credit_card,1,139.36
"553fee3c21ab4328508c8e467806613e",1,boleto,1,148.90
"8cd5aad1cedb4a08e019072b76d6ec9d",1,debit_card,1,25.39
"9a1d40af77296d2106a872c60ec7d3b4",1,credit_card,7,359.54
"434cecee7d1a65fc65358a632b6f725f",1,credit_card,2,62.76
"7a2ea112b017a44fc1ba0eb88979f3f9",1,credit_card,1,32.77
a18250c6b3610d91743d63ac9c8a1477,1,credit_card,1,102.46
e6be4d2a8e251c464dbb1c4e17c93bbc,1,credit_card,1,128.93
"3e264051f522e1ac4d07e648a9080784",1,credit_card,3,368.66
"23558e6c96b846224ae65c90217b9caf",1,credit_card,2,102.03
"603486ac402cf457884d615c5bb8971e",1,boleto,1,52.38
"0ff3566a4db1d9d6c88e6350d7074b45",1,credit_card,8,234.46
b99d02003fd457ff94fde6f7627b4514,1,boleto,1,54.05
b8e5479aa8fa4ce67ffdd5bdd92c2303,1,credit_card,2,473.12
"5c79b8c0c788c246d099ed0ac689359e",1,credit_card,4,149.60
"600a1cc5fe241900d619ca1ee2f3be2a",1,credit_card,4,42.69
a12313a4de4327d266a444688c8e8add,1,credit_card,9,119.38
b6906ad8ffc10ced26f9f5850aabea27,1,credit_card,5,193.36
ecf7b1bde783b7b3efeba24af4156fc9,1,credit_card,5,59.55
"54e6d56639c48dcd78037b9ad99178f8",1,credit_card,3,162.91
"96a54272b41b5689f72e71e52cd9d3f6",1,credit_card,10,263.24
c4e3804381d2267a3b1d6e84b9eedc0f,1,credit_card,4,45.09
f437da70eac9c43477ccfa608ce84deb,1,boleto,1,133.98
dec147b0fad4d41a208b7873dd7900e6,1,boleto,1,31.69
"0c73113256d69beb31380c221529f19b",1,credit_card,1,22.37
"70dc1650fbe7679b733b3d80d3073765",1,credit_card,3,99.33
a91ddb87adec7ff29a8f3e814df0107b,1,credit_card,1,37.73
"6f55dd8ed6e2954105ec2f011346660d",1,boleto,1,54.23
aee019a48962151b8f0a5f2667523a69,1,credit_card,1,50.47
"01d0cbd002be92b5a970cb8f233349c2",1,credit_card,10,376.29
"5651d145b842e1a67239f35b7c6ceb18",1,credit_card,5,142.81
"712d7cfcfc32b2849434e973309ed3f0",1,credit_card,1,86.36
e37dabbc051a3f58d73581522f7eef81,1,credit_card,1,96.22
"6120d49a9bec789c91d34b553c47573a",1,credit_card,1,94.39
"714d72a98db4e167095c024702d7422a",1,boleto,1,591.36
"8ee6bf77ff42839762f8907348ea50a6",1,credit_card,1,39.00
"8ed712c31224f9fd94ce2e6887b46f89",1,credit_card,2,114.53
e4539a1ef30b450fe69aac4b87fe5434,1,boleto,1,358.50
"368f8d217d97abd561399215e13db4e3",1,credit_card,7,157.53
"635a6e08aac84fe50f3b08c49b8c2dbf",1,credit_card,5,678.49
"18ed62e249d4b637b186e91f0374a476",1,credit_card,1,10.86
"0decb14beb4de8d3b4e37103e81f119b",1,credit_card,1,6.83
"861491497ec50d96ed67fcc3b12fdd87",1,credit_card,2,43.68
"2550dc57beb900517cb6bb7afb5703ab",1,credit_card,1,126.23
"8e1424bf1830e231bfb035b447af7a93",1,credit_card,4,200.31
ec28cd8095b8c6aa0d63cd0ff24c6cd3,1,credit_card,7,76.15
"0a84fbd88ba3278bbb66308e79b2f416",1,credit_card,4,414.18
"74b7f4373a78df8c16862d9d0875c5b4",2,voucher,1,15.60
"341fd75c5d23b024ba2c98c53b491adb",1,credit_card,4,43.60
"8d47519f5c9c42540b37bd3db0492878",1,credit_card,4,89.38
bb94354031a1df0364e66b09e197bb78,1,credit_card,8,298.77
"6f07a2b4605f269a97bed210ea946521",1,credit_card,5,100.34
b9fb62bee137cab9842bf7427c640778,1,credit_card,2,43.88
"3418c754c6d0c412d57cca00b6ccfbe2",4,voucher,1,4.39
b03ad7eb6054b01087c064bd1a44fa26,1,credit_card,10,352.98
dbc1e94476603bd8b5058d90842f2eb1,1,credit_card,1,89.48
"5b3367de06e5c2955a98de36a52fbe1a",1,credit_card,9,247.26
"77415617cafb4e144386cee170a52698",1,credit_card,6,125.52
f8269b176544d1f16f51e785046d1785,1,boleto,1,132.46
fc8fa04a6621b92f945b8d0224feac74,1,credit_card,2,97.87
"69d4294063f1e2fbebd209b66859d9af",1,credit_card,4,43.09
"3bb5b510c269261066a258389a2e00d7",1,credit_card,5,351.22
"0518657f142278ad13d645c6b5b0a669",1,credit_card,4,64.09
c25e56c3d703fbb581c19346a9e58773,1,credit_card,8,284.09
"287a3634b689a3b876e3993e081bcc6b",1,credit_card,1,66.37
"428964e746cbd974ac94be994a5c17c6",1,credit_card,1,65.35
"06a3bd42be69cdf39cd785d311b54a45",1,credit_card,1,165.70
"111fce057987458292c1deff2a05d6ff",1,boleto,1,64.12
f8631b34c3dfdad3833c611007f62455,1,credit_card,4,52.22
ee43fa4abdcd5f9e2c4ab7f972628c3d,1,credit_card,1,49.39
"02c279c60b8aafcb89cb42f9bc4b754e",1,credit_card,3,309.12
fefd2241bdaad0b1f5a3ebbc75fcbc97,1,credit_card,1,27.68
"835dc7ae3323802222f5f717e636e30e",1,credit_card,1,62.77
"1657d073874b59831bbf61d290efb44a",1,credit_card,1,23.28
"45eb4503d3f73099fb98d5fa26d2039b",1,credit_card,1,122.50
"808ee3e83e953036fd17d57aaa3d6a88",1,credit_card,2,133.54
bb9bdfcd9397da3c8481ef70b92df0c0,1,credit_card,8,84.34
"5570e2ad4cdbe279714e82215dbca9c0",2,voucher,1,100.00
e74c3bd7b23859cb5dcd7ba8e70dde74,1,voucher,1,44.75
a993bd74c2c4827dda15f121744bcd1e,1,credit_card,2,92.50
"83e50e2e58cfc9839fb932948f1d7ce8",1,credit_card,1,674.34
"4df721b8d3b3a4803b1704f3676a420f",1,boleto,1,42.68
a9fc3ae13c740ad46532fd50b61c69d5,1,credit_card,3,34.42
"937e5f3a8d8e8f17ee884f59b8994eed",1,credit_card,6,358.50
"76df43658d302b7e5418f9c5b366b4bd",1,credit_card,10,304.67
b3bab804c76ad164c8aba19684f85e38,1,boleto,1,124.27
"758ad4ad8206be158e3d67c55c82e9d5",1,credit_card,1,156.22
c518636d32b7e3285f98b15093b2653a,1,credit_card,8,250.30
adfb9e0fb02034c05e4cdf3395bba600,1,credit_card,8,85.45
"620955f27d3e918a0d703400e7a54692",1,credit_card,10,175.79
"06a521049a08d59361b1ae229b3efcc7",1,credit_card,2,113.71
"34f7af5479dd2e19cb5e205d6cc40bc1",1,credit_card,2,42.41
"297d104669f1daa3d656ca1bd1c34750",1,boleto,1,92.67
"6e5042f4099dedf7cc921269ffa0beac",1,credit_card,1,37.36
"4fe8bf212087b2b27d2d5ca8bc866a74",1,credit_card,3,55.16
daae1dccdda7030344927bf7d8bbadb0,1,credit_card,3,126.03
a8aeb93e160470d999c4ead1c7702124,1,boleto,1,51.75
"6288c084b4b8b9ed59cddc6793eba928",1,boleto,1,162.00
"6f7167ff12cbdba10fcff1ad215166b7",1,credit_card,1,26.83
"082c7986084072affce4f8c0a20a39df",1,boleto,1,55.27
"20e87d0bc3b241dd3b4d34a6446d013e",1,credit_card,8,233.87
"9ae0aced36093f0e2cb7510c20b7ffc5",1,credit_card,3,87.94
"12f3b807beab1531c618404375262147",1,boleto,1,39.03
"26449e55a87a5c565d60238999c380ff",1,credit_card,1,91.17
"6c3416485c9a6bcd0118e636c4083591",1,credit_card,10,716.33
"5efadf4b12dd71ad2003ee3b7f2b24c3",1,credit_card,10,171.40
"1b7714170035431aeb7b711f2b09ec1e",1,credit_card,2,133.48
"6ec0422123f3eee03ea0f73c0e377915",1,credit_card,6,101.25
"82092e4ea665844f6f8991dbab00104d",1,credit_card,4,332.38
cf83caae8eba6306ab83c98f7ce4f063,1,credit_card,3,120.00
a1140c6c45de6428c62f4c2322a59fb9,1,credit_card,4,46.78
"41467837b8621b5014b5a91e78ab3747",1,credit_card,4,49.56
a1df9e94edfa8f6ac4cbd9b377899672,1,credit_card,5,1499.87
fc44e7440e7fc16100498d1cc7d9c550,1,credit_card,8,543.29
"654da57158d96035814657b5143bb11b",7,voucher,1,8.38
f06f7b506ca56d1a660918f04f7814ec,1,credit_card,1,187.34
"5a4622fea27ea392ef817c16c9aa3da7",1,voucher,1,26.85
"655cd199cc9b3c52c523833837c1921b",1,credit_card,2,22.78
"8c6a3fab1ed272b02f23bb7dc9061d9a",1,boleto,1,32.53
b715cb1b8af49b3ceed29f8d3562d0a8,1,credit_card,1,67.93
ad5bf590212b05339591fac819fec669,1,credit_card,1,162.21
"7df620c5efd94b149ee17db0a48e4916",1,credit_card,1,96.88
"7059c2afa0f74d0d09b1a8bd04ed2f7f",1,credit_card,10,423.59
"3c0892663d9f2c3fd8d3d7bafc543e19",1,credit_card,1,120.31
ba411c67fe5e146b1838dc69b0c732e5,1,boleto,1,65.71
d13d925b4c366eb57388fbf0a99db1da,1,credit_card,2,70.91
"6a9a4c2b15294a31288a5fabc2427807",1,credit_card,5,264.24
f16558dfebe7951628f0f25e6155dcb6,1,boleto,1,42.39
"956df0791d1e89e540bca30c351fece1",1,credit_card,6,63.52
e53874a6abcec503e0fd5d85948f36c9,1,credit_card,6,168.45
"44ec3a74b2c9dcfe0f2fa9031613065d",1,credit_card,2,176.09
"72c6b41818d5e645f455986b59b7a964",1,credit_card,5,134.99
"2ee6def4881e350b9ebc0f96b08cdac0",1,credit_card,4,163.13
"08a19256bfef2a2b1f0fc654723a9c71",1,credit_card,2,140.53
c8a39e88e6ff246e21f6fc93c50a2e88,1,credit_card,5,109.26
"0cf6d9903d24cb0d6ef8817a9612fbfd",1,boleto,1,579.00
f980e209d6b62a363dc04e2f2b88d568,1,credit_card,1,270.10
"7ba7dee84bae0fca47debc26d678f07b",1,credit_card,1,146.96
ce6773b2916ebbc43dcaa762c0c6f9b2,1,credit_card,2,31.42
"51c88c10daf1d028607325b9f19e3a5f",1,credit_card,10,109.15
"3d260147da4c422ec7b613fcb54c8fc9",1,boleto,1,64.17
"629e289bf8013a1e9dcb5fc8cb9b377b",1,credit_card,1,71.71
f562f8a4adf5a459176f7170d0da220d,1,credit_card,1,76.08
"15f906fde6e6b48fc2f10c413d4bef8b",1,credit_card,3,217.85
"12224004d3218865e0485410be6e0afc",1,boleto,1,58.83
"64214eee33528e79cda8311c1a40d259",1,credit_card,6,61.76
"0b7d200784c21ea7b4f3484da9a4a484",1,credit_card,1,159.76
b3c34fd05dd073feae270c759c46d900,1,credit_card,9,112.92
ebc0d4d91f884f9dc7983f079d1bde7f,1,boleto,1,99.52
de3574da763e9c4950cfc27933332396,1,credit_card,1,75.14
efba1a196f39b8f3451fa4a5804928e0,1,boleto,1,99.43
dcd784b797429055d929d908ce30791f,1,credit_card,1,88.29
eda850474bf71f5b4264dcd0dabbdff1,1,credit_card,4,105.66
e482f259469e05f33b22cda9a76b47cb,1,credit_card,1,305.33
"313c8d52d3e2c7c1fa9e1e1882171a24",1,boleto,1,627.65
"595ea00662b10b0cfeed71a17c7df49a",1,boleto,1,27.75
"8290b671acbc8848d4af959f24bdcc22",1,boleto,1,167.99
"6a3d65da103828be4fcd1d381ff863e4",1,credit_card,5,287.03
bb057bfbaef57c23461268a4788c0a27,1,credit_card,1,79.71
"50bbc4c166ca3f048fea8fb9ad63d625",1,credit_card,2,159.58
"0651282cd5dd7e7103729d800b143334",1,credit_card,3,187.44
"6c9f4896350c87c2f785b1b8be767748",1,boleto,1,144.83
"44112147d25b4af5a31f9ae1fbf07793",1,credit_card,1,76.66
ac21545a31cc2f10904bcc68254c1d11,1,boleto,1,193.20
"7ab608f5a744c8f9c9c449fe54de96de",1,credit_card,6,324.74
"6f6739449b027efcae27be49edf91911",1,credit_card,3,73.40
"890c646ac2f95965fe8b02b81cfcdc5b",1,credit_card,3,56.60
bbac13f5b68d5b86c46f0a89a014b5e5,1,credit_card,4,570.71
"8fb50f9ba98ad9be38b8ffa2643a24e0",1,credit_card,5,52.93
"21a4664de3039c3f5b8bc3701c87a1fe",1,credit_card,1,99.32
"7dca7e268d48febba328f16ddec37584",1,credit_card,1,196.30
"7540402478bad6d66e321312afecfe12",1,voucher,1,49.80
"9fde8604e48e3fb51e7768a2c218b76c",1,credit_card,1,25.00
"55093725a55ca1f9e5f5af23dd5dd8fa",1,debit_card,1,455.52
"97ea8a6df3851db9452426e8aace15eb",1,credit_card,2,41.79
"2d2975aae2e55ee662ad28cb6fd145d1",1,credit_card,1,372.75
fb52772040f4324904abfd196ab908f8,1,credit_card,6,228.41
c791c3d6d6bdfe8c90a3016bc03ec79f,1,credit_card,2,86.15
bd6ecd69ddc8e3e5d85b46ec59f7b4d6,1,credit_card,4,177.68
"1eea3e040d4f470f07e0082d69552ca3",1,credit_card,2,48.30
"5f303c97922b4eed59bca1e3b503f984",1,boleto,1,267.60
ab2a998670fda3ed78ed05b73fa62ef9,1,credit_card,1,218.22
cb799c1b342aad161c953b9680c67105,1,credit_card,4,161.24
b3718f28653857ba876b640844d45d9b,1,credit_card,4,88.90
"9fb29ec1f3f0d8946086310c04e9c5b1",1,credit_card,4,104.52
"569749247450c1251fdd11128a1bb2bc",1,credit_card,1,133.05
c4f5504eb498132dfe82275f26005459,1,credit_card,2,179.79
"03d842e44ef7cae41da34acb402983fa",1,credit_card,2,103.12
"12af24617f25e0c8cd411544f704f2f7",1,credit_card,6,64.22
d167a1099cf2b9ccd885c665394f5fd9,2,voucher,1,100.00
"3434cad6217a61a1d20bee991adbd8bb",1,credit_card,3,63.10
"31c115453235b762093e6f6983bf669d",1,boleto,1,70.72
"334fe6d31dfa8c49583196dda4b260e6",1,debit_card,1,299.92
"1f671eadd2a6b6a109eaa0c5f41b9ab1",1,boleto,1,115.46
bac64cbfd217477d0b1d11fd3552ffbf,1,credit_card,1,61.23
"41b6d9a83b4f55e253cc69d7cd6dd55c",1,credit_card,10,391.08
e2d38ab302de39ef3087f6a3a58c8e6d,1,credit_card,1,313.55
a185a7b54a3d7a345dd5e158af052295,1,credit_card,2,59.79
"9ddba77d69c77e988ac02c012a59d058",1,credit_card,8,339.55
e2cbd2d1481ec11ea5c4b7060296548f,1,credit_card,1,41.23
abb44283b833f61c7c76d92b607ab4cf,1,boleto,1,223.78
"7ecfe10bb4477fa530dbbcca49916468",1,credit_card,10,164.61
d68bca6b32291bfc980e6c3a89257ea1,1,credit_card,1,28.13
"3a1756d7060a993e85f1614b43da0c03",1,credit_card,3,215.76
"487c1451b8fd7347d0e80e5aca887e91",1,credit_card,1,3.51
"73446e87cf3849b92938207c7fdb4ed8",1,credit_card,9,112.38
"578e93018456eabf67495ce86d6e6315",1,credit_card,2,139.59
"13ed81255fbefb7db48926a0a30e0674",1,boleto,1,152.72
fc9bc4bac939adaa600ad59dee9a106f,1,voucher,1,71.63
"0d5cbb8e4c1c7a7fc26899126197a6b9",1,credit_card,2,155.29
e04d9eacedc0dca9d83c14fcb0d7276c,1,credit_card,1,96.10
"800d19e2eed430cbd8e9bcb12087794b",1,debit_card,1,36.94
cc93f3b0bbc28bf5e1bd3ff40b4b2666,1,credit_card,3,133.08
e78ce48c9cd4e84041cfe6bed8be2000,1,credit_card,1,36.85
bc4f1f54c637e35122e5e9e5fa2fe7ca,1,credit_card,1,95.21
"6afcda277482fc479e9abc6f6bbdd355",1,credit_card,2,144.40
cf650037c918409bca8e5e67ee7dcfbe,2,voucher,1,9.34
f7395c7c8462ede2d52c7005b11a8f04,1,credit_card,1,47.37
ef830fd38d5bbbd14e58c18b0459a35e,1,credit_card,4,99.90
"64b1521e5b9b804d124fe8a6edce33a7",1,credit_card,1,71.66
"161505c64f201d3bbcfe5c6116474ebd",1,credit_card,4,119.68
c7fcffa49558768b02ee67ce65140cc1,1,credit_card,2,60.85
"88a2948d780f9ee2d226ce38913ee895",1,credit_card,10,236.48
"1c64a95702ee730080852e28d43a73e6",1,credit_card,8,151.79
bbc7d177c97f61d86a7486d86ed7a8b2,6,voucher,1,2.96
"907424cd045f2dcb775507e367f9ab60",1,boleto,1,268.97
"026d16bd3f41638e1003e974e5487904",1,boleto,1,239.80
a7f40c756eea5c4a37cc8f459df6b8ad,1,boleto,1,104.70
"9cc9e5aaad2fee99a6ba423fed688178",1,credit_card,2,103.67
"9fc913ded51851d30a7ee9413e77d3c9",1,credit_card,5,103.83
"0c5c5872985d8382ec1df7d0ec721875",1,credit_card,2,328.51
fd5c1e8106fe112adf074e53073aa76a,1,credit_card,9,90.98
"468be8d69d6a7ae5dffc7d6c694370f0",1,credit_card,2,27.19
"84ebcff41a92fda70c984a3ef76d1237",2,voucher,1,28.00
"9318f6ca4d567918c67845ec20774303",1,credit_card,10,380.75
"20e9f3d5d268869b86ccb6c13fec2dd0",1,credit_card,2,230.75
cf8599929a878b1cd1ef7844dbf4d7f2,1,boleto,1,105.17
"121c467b693acd6f359cc3e13c73b27d",2,voucher,1,50.00
fc8e9d7ad7a42cc52cd8438eaf428ed3,1,credit_card,3,123.79
"25a328788a40be038f54f6b2d3c54b78",1,credit_card,1,147.70
"26fa398f7231045a2898e0c704f6a4be",1,boleto,1,92.78
ef2774bdeb80c7328fc571f5352bf615,1,boleto,1,75.07
"009fa9bd0d92710e840793bfefa80867",1,boleto,1,100.33
f15028028ff1a3ccfd539531e3321975,1,credit_card,1,134.53
"31c97425f34d48507d57e56e0ec2986b",1,credit_card,6,62.79
"0f932ea7fd11ef18c60feace8c548366",1,credit_card,5,56.94
"7d56ba365c87c8bb457b75761f9a1df3",1,credit_card,6,133.95
a979f259e3f69ceb4f856111481db7e7,1,credit_card,2,189.37
"1982a20c2a9d116da964e488d59eebe7",1,credit_card,3,34.37
"44a7a7517b62c54dff21797684d6425d",1,credit_card,5,51.48
"97b8a149d521ea9fbbbce767a458846e",1,boleto,1,2026.54
f7dc79358f6495f086b1874bae7a9575,1,credit_card,2,138.15
"0e4a4de1d15b6df8d4335fb2db61667a",1,credit_card,2,154.32
"253de8d00f833d7d4d6d002025a8d5fa",1,credit_card,2,138.72
"0d54c04be25f0f72f2f63f5b93d0bca7",1,credit_card,1,47.37
"805c5e08abb1db3756bd998d0aa90d3a",1,credit_card,2,89.96
f3d1583d73bad757e13d4e25b24efb32,1,credit_card,8,1003.76
"73cfaa863221d5987b3f6aa644affca3",1,boleto,1,70.89
"8a5106f01d5d240ca9e315aaf00b8b6d",1,credit_card,2,93.40
"77ad790bc77b40f61485833a46bb6968",1,credit_card,20,206.99
"891a2a73007fba5bc9bfb7ea1f486171",1,credit_card,7,82.36
c6a9052634caae576f272ecf2e3a9b1e,1,credit_card,1,60.69
"2eaf8e099d871cd5c22b83b5ea8f6e0e",1,credit_card,1,46.96
b20a448c655e1a13099ec0a1fdfc01ca,1,credit_card,4,49.00
"1e1003e2b7b4e699106ba079128f429a",1,credit_card,8,581.68
da85428cfb68160e03c36d5555452e04,1,credit_card,10,1672.08
cc7403cc8930609fb8201add01828b05,1,credit_card,3,148.72
"57c4f75f9937aa5eb6da206e2848c250",1,boleto,1,73.43
"1f66126a353c1308d1396bec7cf67f37",2,voucher,1,36.76
"0ea7e836701fed12588fd394c9650d14",1,credit_card,1,111.89
"37e0ffe09382d012cc039562b646689a",1,credit_card,1,33.84
eee77f4b54ff5aeb0312aa795fb9914c,1,credit_card,1,64.42
d4783ba848b3f01d54e6ad0fd20b5f0c,1,credit_card,7,77.88
"469f0b908881368c45917f1bed8240ce",1,credit_card,9,95.17
"5b4877f25d0bb4b4a332dc22f773d001",1,credit_card,4,57.91
ca3b58af42b9daa0734a85b70fefb260,1,credit_card,5,264.05
"7ee39ad7cefae28934df87c631928f88",1,credit_card,2,113.39
b80aa0f66d8a0841be0ce473dc5d94be,1,credit_card,10,246.87
"2c93ce74e002f3f6361a3fea3101e1f5",1,boleto,1,284.23
e2b405ccb5839931cae6f89767eada9b,1,credit_card,6,63.49
e07b8a570c76f85723c8ef8613036464,1,credit_card,2,26.77
f192cff10ef337b0ec9028f2cb9bf874,2,voucher,1,88.85
"07a95f982477a213f498dba6bd405372",1,boleto,1,68.88
"10545ade808b5283e2ef685eda18d221",1,boleto,1,69.31
"7bba749eac1bb22b7afe577fa772f2c5",1,boleto,1,57.29
"468cfd01fbf123dc6840ef293f916228",1,boleto,1,185.05
"856fc8f6f0843d1f0de271cfd64e6cc4",1,credit_card,2,115.94
"32f1eaf64e65f64c1f57ef1612431740",1,credit_card,1,221.96
e69a8cc400ec0d55147d287df178cfe3,1,credit_card,2,52.28
"4293c08add04a8db68205c16fcb0554f",1,credit_card,10,353.17
"13753a4e6ae3b0201fb95003db4af823",1,credit_card,2,23.19
"56fa59437624f620d5695b5cbe89526a",1,credit_card,1,102.66
"368b20312c68710e9d75cbb5cef5c469",4,voucher,1,35.17
"79dadf439ff9c9463421094b730899f8",1,credit_card,2,63.55
"4cccc0d35e7c7a0dc766ad3c4043e33e",1,debit_card,1,69.07
"036d29511908c7b10872e1e72fd0681b",1,credit_card,5,159.46
b4b8e8f37818c443dd4c0c48e9a3707d,1,voucher,1,215.15
af84f0b808d076913403b036e34b12fa,1,credit_card,1,40.15
"92599308ba8d89889268df82c199bae4",1,credit_card,3,147.29
e4b8672f8079cde3f79ec04e8d22a842,1,boleto,1,57.75
"36af11f74568a0546f14fc0e5a0c2851",1,credit_card,8,1042.51
"2b870c394b01b5819a2df099f224b1cf",1,credit_card,8,398.74
"27c2eed354160283302f9d32d3448eb6",1,credit_card,1,117.26
ea41beb1581ec39e1a86554919a543ac,1,credit_card,1,80.90
"2ff5e4926327864448d6e63f2a7fea15",1,credit_card,4,118.70
"1d37e36d44b7056e8d613a4214c9765b",1,boleto,1,104.37
"8772e0a97847589e126a8fc3d6e05782",1,credit_card,3,82.88
"10606f62d4e20dff10d9499d5bc21a6f",1,credit_card,1,124.33
"6f0c6747db38e540068010194f8249e5",1,boleto,1,42.77
b547e3cf7b2399609a4ed02ad7e87f4d,1,credit_card,1,94.12
"965894a29e84a767db7030a6829aa075",1,credit_card,5,52.07
cb7c80837141a1e309f7ab01576e8a48,1,credit_card,1,208.11
d37e5fd46260d155c82da890cb64e7c9,1,credit_card,6,138.28
"7a7375f58149053d599aae579288fd96",1,credit_card,5,448.51
"42752f96b7094cee19928f7b4317d7c9",1,boleto,1,29.28
"61966b6a3c4c582bbc36995227175fc6",1,boleto,1,105.06
"23e328eaf02d129b3928e8012ffe85fc",1,credit_card,4,54.77
f909a30204df41fa3c27e9490f536aa8,1,credit_card,2,103.24
"9a9a504bd8c303044422d2ca234992d1",1,credit_card,6,120.87
d2ef78d642086d0cea1193953c8732be,1,boleto,1,207.28
f40ef9a47f9670b54b9e350f354795a2,1,credit_card,5,103.37
bf0dde6fa777fd2de6aad874b828a9a9,1,credit_card,5,53.48
"89bed55dd88d035e3b1b2489862e53cc",2,voucher,1,50.00
fd2aee7994becefcf7b6dc6b6b9e7621,1,credit_card,4,71.53
c90d12e5994094efc0ee48807d875750,1,credit_card,10,199.69
"56b9a849e6267dc255c0caa855ba41b3",1,credit_card,2,149.40
"1536920a9b41c8aa4e1dd7b59edf7847",1,boleto,1,84.10
"15c1a0aa2e32bd15bfe9302af6280f97",1,credit_card,1,24.13
"74bd06b5f9e79f8761e2b924e65cdfde",1,voucher,1,20.00
"494f869f61ebf5fd01f40a4a2a569481",1,credit_card,7,77.97
aa074a04e180e1202a8e0500297a2570,1,credit_card,8,233.81
"6e9afd04e254b0327d16cc95cfe3270c",1,boleto,1,65.53
"6940e87346db7bae9c22f3b52ea437be",1,credit_card,1,34.85
"0a6312b2e86fe734ebbddaae7fabd14d",1,credit_card,8,164.21
"7818864c8604b6c6114235d245908ad6",1,credit_card,1,80.05
"725c8fc9683d4ff47be7ba7dd796d979",1,credit_card,1,23.77
"326c5dc4aaf9daba2e0b813c4086156f",1,credit_card,5,82.52
fdcf099f6b0c76b932c7edea455576d8,1,credit_card,1,64.24
e204c9b2f4c4eda05420bea7f4b7ac03,1,credit_card,1,37.68
b8f4e6b287baa7c5914f2ddbceee6a8b,1,credit_card,10,1231.29
dcc15ae978fb3fdf4dbe24079e768652,1,credit_card,1,75.46
ff96ea4ad10c612930198ecb923eb7a9,1,credit_card,1,14.08
"79ce3a0a9eba49ff442b392ab05349a4",1,credit_card,4,87.64
a1ca351ecfd6a7962ae956aeb0c9f96c,1,credit_card,3,51.82
dadbe5c0d37a042483c113e0cbbe2208,1,credit_card,10,370.72
"60530b8ca3078f2c9039b970e94e7c61",1,credit_card,1,73.38
"95fb0a173e3c0b9389ab50a9eb673b58",1,credit_card,4,249.49
f9d426c3a20cfd9036440039c5430b7b,1,credit_card,2,95.65
"105b2c7913d00cfa89da319a1d8a9f12",1,boleto,1,204.75
"13745e40e031fc753b072545abbde8e9",1,credit_card,9,190.12
"882abff9de7349a0ba8503f90af0a5b5",1,credit_card,1,191.46
e7ac1f7da9fc50f093b196993cb761e3,1,credit_card,4,42.50
"8006b152280a7ed38378fc8eaa989a7c",1,credit_card,7,78.03
"03a10721769c7d8f2fefab105e64fbef",2,voucher,1,10.00
"5610645066118adab4ba8c6304296f84",1,credit_card,6,62.16
"48065395c10ff14b3c2dc0c3b229fb5b",1,credit_card,8,448.51
"1ddedd282e921efe5e3e931f5a1369d9",1,credit_card,5,198.20
e35d5b4ff8dc9aeccf9cd8ce63c07a68,1,credit_card,7,134.43
bbad587fa5bcc15bc645c80133126e39,1,credit_card,3,62.44
"1a5a0d89a41e32c3a309e6ba2ad29847",1,boleto,1,157.35
"90540cf8cf4df7ed6e10425cdfd522c9",1,credit_card,5,164.44
"532e86bbf696dbc694509cff71c18c33",1,boleto,1,83.63
"1fde32a510f950891c57d6e69c9071bd",1,credit_card,3,98.42
"5a90df645c69ff1165894c2f2c11e1cc",1,credit_card,4,107.50
"5d0b303a697b0b722ed82edf076fa3ef",1,credit_card,1,72.46
"7e047f26cecb3f6373facac7ded4924c",1,boleto,1,223.89
"1636b85eb28fe7afdeedc55ec96536cd",1,boleto,1,122.97
"14bceeaef362188c60dedfe65e428001",1,credit_card,3,37.33
bcc2b6a2acc5f49f9ed5ea31410be28a,1,credit_card,2,201.65
"9da5902b9f9210f370a81ff8edeafe62",1,boleto,1,35.38
"976eb687b0b3abd85328670ccd88e06b",1,credit_card,2,82.60
c9739bdab1e1bc3c6b4260640d1d3e51,1,credit_card,3,57.28
"2b8964f15c12ac5df6946804df101d82",1,credit_card,1,28.79
"1221c36a98cc5135bd2a4933f8512c47",1,credit_card,1,73.56
"9814faa42d794c0595af95705ab9c7a4",1,boleto,1,40.00
"87363623a5528338d66537070e85971d",1,credit_card,1,44.09
"0710ec94ade6724b0816df78ee4e689f",2,voucher,1,10.58
a2ab1f261540e0684d49b5327616fc96,2,voucher,1,89.68
"61bad37b59417cf4967b83748544fd52",1,credit_card,1,116.36
e85c92ee6a3ba1ef47e41c23286314d9,1,credit_card,10,3736.22
"937eff3061f712451d82303708399122",1,credit_card,1,73.15
"93cae495607755570d9b4c0c2d0474e6",1,credit_card,3,126.68
"6ba5ec180235f8b95042925408ed3bd0",1,voucher,1,91.86
f1611d684a8f4867ad7416a958150643,1,credit_card,6,258.86
c7b452fdceffb8aff6cfead40826895d,1,credit_card,3,215.63
fcc9c76cda1ab5637e8ada986e1e3cbe,1,credit_card,3,172.41
"2e4d78cc067d04eaaf791ecbfb2bc3ce",1,credit_card,5,98.53
a95612c7311ad95c69b272aaa4daa6e5,1,boleto,1,68.10
c5388edf36f442414419c24e6c65ee6b,1,credit_card,1,119.09
"7e441aaf6e4a5f2985bbe36be6e59208",1,credit_card,5,187.96
ef15d66d90c1b63dbf3f672d67eb3a50,1,credit_card,2,184.94
"4aa4117ef80bbe1e9457269d73a68580",1,credit_card,8,165.30
abcbd7d5a339a1f5f553ba84b4d9cc69,1,credit_card,8,1322.97
"7cd12f82d867bf5cda813ec60b7c4db8",1,credit_card,3,158.56
ba3f16abde04a2864215c98e536e2a46,1,credit_card,10,174.40
a037897ffc90e9b89c16d0b6c55e9a0d,1,credit_card,4,168.45
"0aed18a03ea2ccdb5981aea3524b304d",1,boleto,1,313.43
cdd2a05ff6a4cd9dbb4a63f46f0806e4,1,boleto,1,51.67
"0334c2700a7e8ac0f3efeb36b4a91e68",1,credit_card,6,71.15
"8eff1cf64f45149216db8e613cd9b914",1,credit_card,2,272.16
e62c3201015050463bc2e3b6599a6bc5,1,credit_card,2,83.23
"497557705ed42b9e7678b808d1f21dbb",1,credit_card,9,116.44
e4b054cad5be6beb018f30ae256b1672,1,credit_card,2,129.91
"539d0e8a233d633cce2f53dc4280c55e",1,credit_card,5,188.69
"8d26b65d067075e451f93045b9c689db",1,boleto,1,32.69
a3e2d1518e63601f43da9b2ed1ac900e,1,credit_card,1,28.13
c0b3a6ec68db87dd98bb317ea6835608,1,boleto,1,34.05
"10aeaa60c0cc101b92c9a5d0fab52f84",1,credit_card,3,117.27
"86f353da4086de44a6acd7faf109e47d",6,voucher,1,25.00
ff7b636282b98e0aa524264b295ed928,1,credit_card,6,65.01
"8a4b6a61039b6aed2d1271fccce923c6",1,credit_card,7,127.48
"059511087f2394ebd55a674537a7c2cc",1,boleto,1,834.94
f216085102c6b913fcbf7f5bcadcb454,1,boleto,1,30.95
a5d11ae16578088b0fcd76de30368bdb,1,credit_card,6,2590.61
"6bb796381998e8a626006950f6ef8dc0",1,credit_card,1,49.95
ec84e555ec0c06ea52e4cd6051f68802,1,credit_card,6,295.81
f54a5247270f147891511428c087773e,1,credit_card,4,72.73
"6d02a007afc7698b7dd60ffb07514d1c",1,credit_card,10,207.90
"9ce0c6d8c2be703af5c2a180b715fc8f",1,credit_card,1,61.64
"3b5adf4fe00431f64c9a4dcdf9d6792b",1,credit_card,4,112.94
f69590fc2203327b902406327ec062eb,1,credit_card,5,84.59
"03b31f549c27d03bed25fc42ddb46138",1,credit_card,10,2045.47
"8b7c604fd9d73cf8e3f0d5389e3022ac",1,boleto,1,21.38
"275b46c1b462043f24768a0b168bc654",1,debit_card,1,22.39
"098f15b40cb74aae030d56b720c5698c",1,credit_card,3,192.59
a8aa4724dee04db3a0440eed8cb33911,1,credit_card,1,40.96
"6496d07172ae780e26a3e57539ca4e5f",1,credit_card,6,245.45
"562e2ed068c6e2de3e56da6209337375",1,boleto,1,235.40
a1a26fd368e8d98c468ecd201ea55af8,1,boleto,1,136.98
"6a541ecac40dc865265adbecf4841842",1,voucher,1,42.78
"27a90e8052f7030cbb1c892d8e59542e",1,credit_card,1,98.21
"155ef0fdd47407446e4fd43d34997bbb",1,credit_card,4,282.53
"5294773561960806e1eb6ce0a58e12e0",1,boleto,1,57.10
c8cdd4400eb4d108c4fb6992339c9fa1,1,credit_card,10,235.28
"345f3128d7ec2b4fe1b30bef9c24ac82",1,credit_card,1,95.73
bde9dcf0dc69c52b11ed05d22d3ae4fd,1,credit_card,1,83.41
"417abe2ef3ebf13d2ce7606ebadbf834",1,credit_card,4,73.03
"28c949172daaa2b250fc70ed64a45517",1,credit_card,2,118.81
"32fbf6c11887296b35662f212b378974",1,credit_card,1,15.48
"44900db49b182f4c5488152220bed716",1,credit_card,5,84.67
f92658c234d93f1b5e25da234dd2968c,1,boleto,1,91.76
eb42c48708824a17f51b6fe934728fe3,1,credit_card,8,432.21
"5cf83f6f51a8b5c52504a09006a69eb0",1,debit_card,1,67.56
"86ddbf551a45045fda65a0b20745a6c4",1,boleto,1,54.00
"98a82341c3a895d022fd7ba18f16e7a2",1,credit_card,5,262.05
"25bd2ad9d282f59e4e6a048ef9bf214f",1,credit_card,2,289.02
"5e22038cfe14c065388be1dd0a85ba77",1,credit_card,1,88.23
"7edc3ed94401904fd169923dd2ba3ecb",1,credit_card,1,120.09
"69667b3cf01cc08504df14966a6b587a",1,credit_card,4,46.77
ada32b6f0cb6b0a58d13dc20a423f2fa,1,credit_card,1,359.46
a3e6b4dfa4c321071ce66af89c4903b8,1,credit_card,1,135.68
"09514821d13482daa26aadf8c2273e7f",1,credit_card,4,358.53
c024c03c4a963e554041ee4a7a2add43,1,credit_card,2,57.53
fc8942567e69a0f7adf0f30d5f154bda,1,boleto,1,26.63
"5f9023a84ef9e64c87bc7c1970da5680",1,debit_card,1,100.91
d8665f349c8a92546c754a7e84627c52,1,credit_card,10,356.39
"2da8bce3611134cc95cb5d33bf1e2d3b",1,credit_card,2,141.54
"6e00490e8e97e8522f6f3b2d440ec3de",1,credit_card,3,116.94
cf27a34836d48e933ab56b845c2337a2,1,credit_card,1,90.83
"0ef67bb260101172d979ae466918b301",1,boleto,1,49.55
b4b09e80aa61b96ac46029edf7e8637b,1,credit_card,2,33.35
"775a7a08701f1131029bf828eb85b602",1,credit_card,1,33.09
"470994fd2c10b6103e0fa4fcd37ea7b9",1,credit_card,1,80.89
"4723727d090decf1ca86404dfe72d373",1,credit_card,7,74.07
f50652beec1e59efe0d56e8f9ad46625,1,credit_card,10,1119.77
c496970811b313659dbbcfd57ffd1b42,1,credit_card,1,45.10
eea78051bcf00afa8b82cbc3a31008d6,1,credit_card,1,82.52
"37e87d7b071633ba92f5ef06491b781a",1,credit_card,1,351.69
"6ab1a03139897853bd6802b6979e589c",1,credit_card,2,82.90
"43b1a006a45825d17b170589b587f07c",1,credit_card,1,37.85
df667ba05e6ea21155bd2b24ea3a9da9,1,credit_card,1,45.33
"434d3eec8dd031c322077fb2452e53a0",1,credit_card,1,76.29
a1e6a1eeef79fc64be1040e5ac6d3119,2,voucher,1,35.00
"8988ef6f1858c7a5aa1615b42f874193",1,credit_card,8,443.58
"4f4ec4d17cddc9375e76be0d91e5a51d",1,credit_card,4,103.35
f2c1fe3c326767f9d341cb347f30ea1f,1,credit_card,1,218.64
"23a2b629fd7a428b5ba4587794ff8b56",1,credit_card,2,46.78
"4405341a3e7abe465e9f0a63d727dbe4",1,boleto,1,90.17
efa7f60c6fa051986a5d8f220106b74f,1,credit_card,4,740.40
f509a7040093f6d9092290c14fb8cdb2,1,credit_card,1,181.92
a57913442118de617c1687f936b0a986,1,credit_card,9,232.12
"92aff898bbb77b43b3ce8c33bc2339f2",1,credit_card,1,124.85
"3d9cd9f9ace18ba32716bd0b93e0ce62",1,credit_card,4,664.17
e032067cbea43b5e3d9a4c1ebec40f3d,1,boleto,1,109.77
c14737c81e2d9c598a89e4f7cb240a5e,1,credit_card,5,58.16
"967684d880b1ebbfe2e94df16af6d01a",1,boleto,1,54.89
"5e863f29e65de81c292dea95ec7782f2",1,credit_card,8,111.97
f736182b7b61b8d44835437f36f5a8c6,1,credit_card,3,139.72
d883754340c635b6b1946e3db8b33ceb,1,credit_card,2,134.10
"59bcef0c3287abc23a5807748b62b7ad",1,credit_card,2,202.46
"4fb76fa13b108a0d0478483421b0992c",9,voucher,1,6.49
"16c9dc0ba34547f2eb228bcb2971815f",1,voucher,1,294.17
"3d55d21468e5f69fdaa6a1c4c829acff",1,credit_card,3,72.42
"8b353b3ac8bd5c8a07201989bdcb8f93",1,credit_card,2,189.57
"7748e0d22cb39dacfbbe50ab2cb768fa",1,credit_card,9,453.33
"55277930669682d227d5eedad65f60f8",1,credit_card,1,127.11
"71ab839e1fe570014f0654f3e929b7cb",1,boleto,1,65.71
"0f6b653ecd118489b9010c30444efe8b",1,credit_card,1,71.05
"4ea05bc522773f72fea5dd4de1f546e9",1,credit_card,1,81.33
"50cbad22f69c1f191f6a883861590014",1,credit_card,7,363.24
"0b27e5029dd7bd0891b5da96fa33a93b",1,credit_card,3,68.39
b5f5d5a89b4ab4bdd4986a2aea4b4f17,1,boleto,1,69.33
"000f25f4d72195062c040b12dce9a18a",1,credit_card,1,164.39
"8a8bf3db20c35d3181fbe956269e0a26",1,credit_card,2,221.90
"81896eba4fe92a3bb71bcf392296f77f",1,credit_card,4,106.07
"59880d8439b6a1a697727592bdab4b96",1,credit_card,1,68.59
"7ea0da84e90dc5664dfa82a3ba9fff63",1,boleto,1,92.50
c51ac8cd56af613cfb3e2c369123b13e,1,credit_card,1,41.05
"4fd59975900e997c6785ec9da06787aa",1,credit_card,8,757.90
"1e8b5739cd3836175c13682f71530a85",1,credit_card,1,22.29
"83d67fe6be9a0ed962f9ce12a1accdf3",1,credit_card,6,121.00
"0741ee0ba3cb46d86325be2879e18706",1,credit_card,8,392.00
bf336f3e46fa42ff45394bd91b962885,1,credit_card,5,305.57
"03b5e0da68374e8ac08cd539d0559cfe",1,boleto,1,70.12
d5da3d3e9a68ba109b6f8f0d2ad567cf,1,credit_card,1,56.95
"55567a8e851b2400b53f74ec9b974221",1,credit_card,1,36.43
f50b6f864012d10caa8170ff1994cc54,1,credit_card,1,3.10
"19f7f56c6be510246f52557f78c2d0d0",1,credit_card,1,182.29
"60b570df9018c6b6441017314a2dd081",1,boleto,1,1351.44
"84027696c2bd36b522bbc8a9d0578525",1,credit_card,1,148.36
c0fb0c31cc56e7ddc07f5306fdff9e05,1,boleto,1,70.70
"4dcebe90e2424ee4fc1a68c8d39aa533",1,boleto,1,147.06
db17cc060cb420c7dbea80f797f010ae,1,boleto,1,88.69
"97d2d4d4e4016a1ea008f1e3a3e35ea5",1,debit_card,1,65.51
b447563e8e07210bdadc8ffac30703da,1,credit_card,2,106.21
"7228268a5d9355b2f1a608f22c5bdd8a",1,boleto,1,77.84
"6c962a878a13ebc179759b22586cfae5",1,credit_card,8,86.84
a8ea05fd33c920bdb1add488f8ef7f9c,1,credit_card,1,56.37
c6ab8a5c6fbd3bf57e9ad8407d950cc6,1,credit_card,2,157.12
"4b28afe5e25f1d2fb8ea4e378b25496b",1,credit_card,5,269.44
"988fa10af6e2e1509c1afc489dcd6b91",1,credit_card,1,115.35
"18ea31163ebdbdd5972db7345aca7ae5",1,boleto,1,29.88
"392139c3311c506adf32de8492011f15",1,credit_card,1,195.89
"0d1125edf803ac46b5804fc0d29730c3",1,credit_card,1,87.22
"16f7bcfa3d20c4e61a2ae69c2132d25e",1,credit_card,1,28.43
"1a4f3b996d84b463e4d60ba560d0dd94",1,boleto,1,43.09
"6a1b1c85cb88090b0bc406c8a6fd8965",1,boleto,1,153.90
a10bb0a8c070d2988fbbc21d66641704,1,debit_card,1,244.15
ba0a364cb39fced1809a921478499aa2,1,credit_card,1,344.94
fede8020c97b05fce24255da2f3e298a,1,credit_card,1,112.43
"2d90cc4980f319e8c0606c44654c9491",1,credit_card,1,261.36
efacca5eaae8bd32666ea169089f3e59,1,credit_card,5,187.48
"04f22b756f6367772fe11035fe75391a",1,credit_card,1,82.08
"7fa41d59cc693e0ed84f2668b7ebe4d7",1,credit_card,8,84.02
"736a0ae761142f7a26c946edd552125d",1,credit_card,1,73.38
ee6af09338de47dd746f2cbbc8f18aed,1,credit_card,2,94.55
ed547e006a962def50f36ec5cedbe46b,1,boleto,1,50.01
d6f49f5dff3052a0ecf30c9493a975f3,1,credit_card,5,67.71
a0a94a840605a83bd0775e894314cb31,1,credit_card,2,351.36
aad79b33466dbbe92bc7c1b9499ad365,1,credit_card,2,170.12
"0173e291db71c3e688829f7f03e2d34a",1,debit_card,1,48.69
c5bdb2a2ef0973dbacf33ad45e0fd91f,1,credit_card,1,304.27
"240c0f6bd7e77f416cff9b55d12d10c1",1,credit_card,6,217.64
c829a917c62d7a244f9be7ae9189c4e1,1,boleto,1,43.53
"56030114e560e8093abc06e38626e871",1,credit_card,2,525.32
"7bf7859f5438406cc20d6f6485cd8b4c",1,credit_card,1,100.96
dde952bfd9402fb3bbbad0b65e5496bd,1,boleto,1,180.60
"1c7c35deaf3a1639e247ce03babdfded",1,credit_card,3,37.83
bed08d809ce385e99da63ae043f7e786,1,credit_card,8,198.70
"4ad67779ba72ded4178661f3872b91da",1,boleto,1,29.90
"690aced0c45baa76c7cb7b88f7113b0a",1,credit_card,1,63.17
"1b489d892646547f7e27765f3438d8b6",1,credit_card,1,46.42
"595c8cc7fe6bf40c3acfe06661759a4b",1,credit_card,4,433.57
"797537628c3c851dcbc329039f6a37f3",1,credit_card,1,185.48
"6dfff7cc7906e05c66834b6562dd8e9e",1,credit_card,1,18.85
"04a2b4ee7fcf9fa8bf25b8d5bc770152",1,credit_card,10,192.15
c5da9ed3db42d9ae4e1938ebd9f77a5d,1,credit_card,1,38.93
ed712eeb5678e9923b98f99407110d9d,1,credit_card,5,491.52
"4a14b4a65e7946cfa68ad61507ad3023",1,credit_card,4,95.31
f9488f6dc3dcb5de76f7ba040405de01,1,credit_card,1,232.71
c75f4211fdf83ec2f56c89a1f41bf3ec,1,credit_card,10,444.23
b72ead808b9621ca4037dcfba0a226ef,1,credit_card,2,56.78
"7cb35b5b001f4ea24adfb322cc509708",1,credit_card,8,86.73
"21a17809c28668e0099cb74b70fd32d6",1,credit_card,3,30.69
"99662b91e0128a7de8c373ab7e566dc9",1,credit_card,1,87.36
"71094b187eea9583286a74a815c5b9ff",1,credit_card,6,249.56
e5f7b0fcd51ebf0d97581828ec5e7c52,1,credit_card,2,137.41
"00bca4adac549020c1273714d04d0208",1,credit_card,3,111.30
"57d952543113d2025900459d06269475",1,credit_card,2,125.50
"004ba47bb589cdbc485e6025bd6d3c81",1,credit_card,6,60.85
f771f4b3d070d0621bf89b9b66dbe8f1,1,credit_card,4,264.37
a476749332fa1502701657ec467468fb,1,boleto,1,52.50
"586079f2888accc928fd49fed7e8243f",1,credit_card,1,76.73
"077a6d2bd20a77531ca2dcf84f5c5d0e",1,credit_card,5,57.39
"03ebfa9712b7dbc7031291856263b314",1,boleto,1,55.78
"922dcd32a34436569d5b2ce409862511",1,credit_card,1,37.38
e71fb32bec49dd4112bcbcc19126d388,2,voucher,1,50.00
"274a1c50ff2991f27b21bd8465c43882",1,boleto,1,96.31
"143d00a4f2dde4e0364ee1821577adb3",1,credit_card,2,121.84
cb064e8f8f0371573859e393d973c337,1,boleto,1,54.50
"241f626916f066b733b1e9013b91f059",1,credit_card,2,283.36
bdbb8c171bf0fe78ba7607be04099506,1,credit_card,4,104.70
e5476d1c0a9bcc909b2f4bc24559bdde,1,credit_card,8,425.07
"810b8bba6a2fb6419db87fe22a4299fe",1,credit_card,8,193.91
d8f7f9be7fb1c9734fecec3ba39cba52,1,credit_card,1,1.71
"75b2d5bcaa2ff25faa70a904109d772a",1,credit_card,1,62.00
"3462b9aa946649acaf4dbd05d3d61269",1,credit_card,6,172.49
"1e7e9d16382d754d9c40321ee0b78634",1,credit_card,1,49.27
"5701526ccd29e0cb831e1324aa60b867",1,credit_card,1,29.75
"3ad46243d0ff8b18130628555fee1f68",1,credit_card,10,448.39
afb1e1ccaac288ec1ab9754e2e36cdaf,1,credit_card,2,75.07
"3d62214bc821ec54aac1a2e240b42650",1,boleto,1,172.01
"4b776c02a3be0e30b22a7e5ff6a72136",1,credit_card,1,64.05
"5f7d84d0a7cea1633979f2b458c740b6",1,boleto,1,60.38
c02325767e982cf63ab102120dba687a,1,boleto,1,203.87
c535d14467a9ffe1f7dc043ae44a7338,1,credit_card,3,176.82
fd2183b67656b8228e073e069c83737b,1,boleto,1,70.70
"7ebedb137cfa670cf57c380d94f8a499",1,credit_card,7,76.08
"311f353f6601e1f99c5ff9c14df0e774",1,credit_card,2,159.10
d63eeedfef9b1272e7e202eb17623912,1,credit_card,3,85.60
"6ba12cf8ea93dd8fbc3b6aa38295b708",1,credit_card,5,153.22
"7b95d76914bb5cec919366223c2f3190",2,voucher,1,279.76
"6add4f25c1ffe76a240131e1e2158b1a",1,credit_card,10,126.84
e8198fb86447455d67c1ddd0b3a068b2,1,boleto,1,1221.39
a02139e1bf51513338d2df19fd5d1d28,1,credit_card,2,209.51
ded456690bcb2ffd4def86541479037f,1,credit_card,3,56.40
"2e93767495538de2e1c896a700ec7a6d",1,boleto,1,321.74
"161e8319860a634de1d366b52f246f8e",1,voucher,1,88.33
"89625d9fd5cbcff8ed1de2eab6ab1498",1,credit_card,7,159.12
e0d87dca2f843a0581d3fbcde874e712,1,credit_card,3,243.11
"1be51feefcd481bee3118900e6777057",4,voucher,1,7.71
e8cc3493dceef3aa38080e02b1a35646,1,boleto,1,396.20
"73cb7b68ebaea36d0678e616423e2618",1,credit_card,1,201.65
b665005f4d6ed76db213ab12680a0237,1,boleto,1,188.96
"8f64289fd97cf4fe86ff2cf5ddd6d653",1,boleto,1,173.82
"3bb01fb597afee976918577ed7697c80",1,credit_card,8,97.68
a1cfeb76f1be888dfc371fbd47344141,1,credit_card,1,56.59
f9281da15642bc69f27307e1dc987b30,1,credit_card,1,10.64
"30f7c25897bac24c9d57f04e7cd8903d",1,credit_card,1,121.62
"8538cceabb941edabecc8ac62f6813c9",1,boleto,1,56.03
"65c863d90026e9dd4888e28d2135c983",1,credit_card,1,26.86
"0ca8aabee13c6aada48490f516f823a3",1,credit_card,1,86.18
"814fe5df303b0c72aeddb331dbfe9802",1,boleto,1,52.34
"3ae23891986e183545f58cbc836a0106",1,credit_card,1,72.83
"89d881134bb068f04011771181b2cb86",1,credit_card,8,368.60
"204393e6bcdb657eac91e88061a0f21e",1,credit_card,3,38.71
"0f548bd29148ebc519d6495e37a284e1",1,credit_card,2,264.16
fd4bcae925b879102eb780d2bfc495a8,1,boleto,1,415.32
"82bce245b1c9148f8d19a55b9ff70644",1,boleto,1,267.80
cec04b13070b06e2f7326de94287d60d,1,boleto,1,136.47
a9e54364dc587f4973da05e26ac8c419,1,credit_card,3,118.93
f7f4144d75e0bde023714f0d78420e61,1,credit_card,4,101.64
"6f64881752fecf2f3a74cb41f7197495",1,credit_card,4,95.22
"8dd925f0031d0e5f405cb0f3ed25edd9",1,credit_card,3,184.22
f481c4a578efee5b662a2df18c3df59e,1,boleto,1,109.77
"1f8956ea49b1eba62dd40aa5f7ac9133",1,credit_card,1,140.28
"0775e96080c552251cd76472d32e0c83",1,credit_card,1,72.45
"455fa9dc182a1003b2d78824f8aaf8d5",1,credit_card,8,335.19
d56ddc412e7725060f044aa15d7073d3,2,voucher,1,29.86
"7158229b50001f9cbebbab387c50992e",1,credit_card,10,548.45
a8f8f03d4c94b67001e0f1e242ec1679,1,boleto,1,98.70
"7a29b54535d222b31198e880d73f0e56",1,credit_card,1,41.23
"183a7d0aaaf6b16afaa897a44424494b",1,credit_card,1,173.53
b67b6f2b2675c892382cac4ba30ef88d,1,boleto,1,113.77
"9f7f0cc34b8ad3893948112ddffed4f8",1,credit_card,2,28.75
"9c38f00a080665ace303d703e03718cb",2,voucher,1,12.35
"119c357aec19161dd3f526233913298e",1,credit_card,3,117.94
"744cf7a330302a9eda7425485b25f2a9",1,credit_card,2,116.84
"4d3e60db45d11fb272ff7586b54b3f73",1,credit_card,1,37.00
"4de4b5399589ac552a438c88653fa27b",1,credit_card,10,1055.92
be8b6bb87fabe5bece6e7a3ecc1f1f8d,1,credit_card,10,656.86
"7f89850b2a19bee52e4e9f6f6fc0bde1",1,credit_card,2,68.02
"04fa206258b069b5900dd56e6cc87a63",1,boleto,1,95.37
"8fd853ced43959cc63ab4c1e06c6e7b6",1,credit_card,3,31.43
"676c554a88771af1264e81fa10e7e760",1,credit_card,3,285.76
"37ef684ef56e80eac9ebcf864d5989b3",1,credit_card,2,70.91
e7cf06bc6a8ae92d204e156e702fd227,1,credit_card,3,61.32
"0725532304d0cfa92301860fe3075a28",1,credit_card,1,43.41
a2a67a1e6b0846e8dd8f93830efe1260,1,boleto,1,175.02
f358900ce6c3997929cb9758ae638a16,1,credit_card,2,119.42
"4ad21bf3605a58ee53dacbad7ddae5b0",1,credit_card,1,64.94
"80cf8a8487e5b2664cc0bacc1a57063f",1,credit_card,3,315.73
"0a721c801fb74738e32f7ffc3c068a46",2,voucher,1,38.26
"6d17ce9c5d7c673c218ff5b2c8aeb9d2",1,boleto,1,76.09
c2e9150ecca583eb68c1e2e2b650caac,1,credit_card,1,88.86
d78e5c7a11bcb261103cb4269bd37fcf,1,credit_card,1,67.18
f9af5101cce51c66f85d9e1f5f0fb877,1,credit_card,10,285.64
"73df5d6adbeea12c8ae03df93f346e86",7,voucher,1,10.46
a16fc9188775803f3b6fcaf961d974c0,1,credit_card,1,72.14
"38f6298aa79584030ff9a7a12d4ef6fa",1,credit_card,8,233.95
a2fc1768223b32630ce93c0b5abf345e,1,credit_card,3,69.77
"1da4a48423b45db9eb872fbd7b5eaccb",1,credit_card,3,110.46
ae9b0da4b0dbb82bcd874ea6c6d355cf,1,credit_card,2,93.30
"336efd31419787f0000881576b3b0f0a",1,credit_card,1,330.17
efb4de6556b343a36237a04683bbbb06,1,credit_card,7,160.22
"9337001e908fabd60aad0728f4a8f5b6",1,boleto,1,170.84
"63292a534f138991d0d55e67f7caa9bf",1,credit_card,6,69.73
feeaaeb6a99fc794212a29c84e6d527e,1,boleto,1,27.46
"6af5d028aa14031c4afa3b5dd2d427ab",1,credit_card,3,108.17
"6d2d513c85c6b40a59a24c477959acdc",1,credit_card,6,129.95
"6d58638e32674bebee793a47ac4cbadc",10,voucher,1,10.45
"05cece27facc8007b2952d0b5bbfe9d6",1,credit_card,1,26.65
"01d1bb79f3dee77d8a6809aff0025590",1,credit_card,8,247.74
"2a2933426794a07b8826c9a59e6d17ed",1,credit_card,3,111.02
"632531ed16e28e070dea1b54fc644fd4",1,boleto,1,175.10
"34a989b4dcc21e3151e957dfe67df824",1,credit_card,1,68.64
"0acc21fa1eb63678e12042b84f8f9d49",1,credit_card,2,60.38
cf287f639abd10b1630574c4a065d4f1,4,voucher,1,6.00
"61d492eeee5fa1a86cd52846bb08fc37",1,credit_card,5,133.20
"09324a6d203673f8d0b62bd726f25a87",1,credit_card,10,153.09
ef50a4a45882a25ea74b3cd37833a58b,1,credit_card,4,125.88
"2d5abff139e8101029312b689bfeae7a",1,boleto,1,213.09
"1317ed43db6962c204745945a6e2352d",1,credit_card,1,41.77
f8fe8d24cb8a4064a82cd795715643a4,1,credit_card,1,52.57
c0408eaa7dc133ee7e7ec2bce1023679,1,credit_card,2,104.71
"8ab0025e639ebf540367464e1c8c8d9b",1,credit_card,9,91.60
"67ec1ff2fc90decdce72e2299a384ee1",1,boleto,1,167.43
"2904c252504167d25044631cfa95a558",1,boleto,1,1234.62
"9611ab69e91e4ac464dc5db706daf0e6",1,credit_card,8,244.14
"3584d93ec7610facf103828da12da2f5",1,credit_card,2,253.14
"3a1f0844864136aa18f6710238f40e6e",1,debit_card,1,200.02
"5bf626cfef41ba2207e9c4ac9b380a64",1,boleto,1,34.81
e7be153374ee8b86fa16cd500243fe79,1,boleto,1,89.74
ab1565bce2736095e4b347db4cfc071f,1,credit_card,1,46.44
"950f0e1bdbb03fb26f76d3373ad70e54",1,credit_card,8,156.92
"2ac69ee25b6ceeb2cc1675c34254f0f3",1,credit_card,1,160.23
"0801f0d06dea3e577f48276a2a225597",1,boleto,1,55.62
"720a99b74861e955a2766b3932297a8c",1,credit_card,5,55.11
"855c2d10e8d3135c6cd5af5dd14d080e",1,credit_card,4,87.64
"7834f61a42c24bfd83ff86a2886344d9",1,credit_card,3,144.66
c9d34829925a92b0d2d385e3f87c9e93,1,credit_card,1,87.42
dbeb01520fa5b47df830feb1a9a1ac95,1,credit_card,10,235.39
"75c2711e9fabc4fc0531917afc748451",1,boleto,1,209.30
"92723afaec3525daf0ecfb20994aafa0",1,credit_card,10,629.84
"2a7f6f7d1d01dcffbddff5e6e3ad791f",1,credit_card,2,113.11
ada48b7ce9fee2a62cd265bd45a9c97b,1,credit_card,4,169.92
"01a49649881d677e0c901ca0f6564382",1,boleto,1,20.61
"47aae990d1ea088fd601ee94fcdfe652",1,credit_card,7,335.47
b2f39212b22fb44dc0d57cdd6d1790dc,1,credit_card,1,102.03
fa8c5007932982d517e2d488553a624e,1,credit_card,1,50.00
"364f451ee38a4268d7c15d317021eb35",7,voucher,1,14.30
f2efe29fe1cac4dcbb6f53f87735245b,1,boleto,1,47.69
"8702ed75cfdc160f18e7e687371818f1",1,credit_card,1,162.26
"1d58535a7efa4ccc8eab9bf3b16111c7",1,credit_card,1,42.27
d7b1b205f635a07e904e5c4069b6859d,1,credit_card,2,24.20
"9ce41d418568ba8baf957d5490932291",1,credit_card,4,188.00
"15764eae87fb040c4ce2bf75f6670a77",1,credit_card,1,6.45
bd8d8c966c76e7dc0c5da96656641c7f,1,boleto,1,83.45
"0cd778893772d400d2ad0a7d2feda5b8",1,boleto,1,48.30
"99c9fec8ab028336e605f216e55337e6",1,credit_card,1,65.00
af168723acee7d4de0144ad5361f547d,1,credit_card,3,79.51
e5a6ecdedd840739a92fde1ed761a9a0,1,credit_card,6,126.43
"50c67fc0ce3ee7959b7dfeeabfbe6b78",1,credit_card,10,173.57
"97479dca48e26f93b2d370551d4603c5",1,credit_card,2,181.51
d70442bc5e3cb7438da497cc6a210f80,1,credit_card,1,14.29
"2fc78ee4879da5d18bf637e3053e4fc4",1,credit_card,1,91.50
ba32150c10a6a25c26b1695af824c419,1,voucher,1,62.68
edc9fcd5f5ab3aa69901aa991026ee0c,1,credit_card,4,106.38
b271c938db8f7fbc62ab95a19eb2becb,1,credit_card,5,326.75
"53a29e509e7c8a60436ba238b0877d35",1,credit_card,10,168.66
e2d5b94a4565c77d5c35af59bb8eea79,1,boleto,1,32.37
f8d5d7ba22e58d80d291b95ac9de9f8b,1,credit_card,1,105.17
"6d230bed2f78fb2634dc7b6910c036d1",1,credit_card,2,66.73
"1cfcd5c4f5a2993d6afb0d7b0227bbbf",1,credit_card,1,67.60
"63ed672e6186f743116b93ccbf6d48d0",1,boleto,1,330.52
"961dff69f04ce00334131fdd62ee57c0",1,boleto,1,174.33
"5b48507655b462586747ad8e8e357f5a",1,credit_card,1,52.43
e98405be83624163fbaadf39f502cfb1,1,credit_card,4,306.24
ed12a8b8c5f0f68831d02ebafb70763b,1,credit_card,2,177.68
"91fbe60f1b4b1e79c0f577bb6ac24502",1,credit_card,7,74.77
"8be0ba0be22f6202ca47271c05e5d915",1,credit_card,9,96.12
"342abacf5185442bacf95ce406225c6c",1,credit_card,10,179.32
fb3e580f779650bcf586bbdbec2858f0,1,credit_card,8,79.97
c1c86ba217bd2363ca1f95f2f6d19abf,1,credit_card,1,82.33
"56b0badd7be47d6b03b5b4a692791495",1,credit_card,8,196.99
"0d249476ca7de9b29cfa25d9bb8f3e05",1,boleto,1,45.00
e800de8b707b17c4fbe19fd465346dea,1,credit_card,5,228.23
"22603fec7e3f3ff128664c52148b0358",1,credit_card,1,35.69
"77f2e7e62b82f2c771bde410b1b3e086",1,credit_card,4,295.85
bc6bbd933ea8d286847d6eb88c6083ed,1,credit_card,1,33.38
d002a94b221c08e6dd8ed72e7662d31d,1,credit_card,8,841.23
c63848e969568be35bddd0e96f1c4285,1,boleto,1,47.68
d0b605ea4abf3ed6e8f7472a634afef1,1,credit_card,10,1080.56
"9b42f8813f6bfa620e0c91a4e132f2c0",2,credit_card,2,63.25
"694bcde1f9a49ffeba5da89982f7b9ae",1,credit_card,3,131.46
"1a6a61fc8a3caaa9599b17984f3f35bc",1,credit_card,1,140.82
"47ef317b6ad85b53ec37aa600167f80a",1,credit_card,1,71.71
dec806358e32446003f5fea8111b10e8,1,credit_card,9,336.66
"23799ee0d85541263f0637d4b86d5e5b",1,credit_card,2,49.96
"39ea1041ff8ce5011a3032a46ccf30e3",1,credit_card,1,14.78
"47e8cbf8f737294d8ca46cb2c4229cfc",1,credit_card,1,55.28
"9bb54391d0f998f18309470a84b2252f",1,credit_card,2,136.93
"55849603f5bc2a49b6fbd19620c59400",1,credit_card,2,125.80
"9af6f205c7247ac28685a350094ce865",1,credit_card,10,398.86
"196c08d79ccead358a5de691d9e86ffc",1,credit_card,1,106.38
"71081f5935795063b2da072531dcd1ae",1,credit_card,10,112.87
b3ba8e02d55ded05adb8e54c09cadd79,1,credit_card,2,57.29
"28ae7dbc99157a977761ee40698dea20",1,credit_card,2,105.39
"694226194013138c43ca10eff850b78c",1,credit_card,1,85.60
"4cf05124a340f768d9d89d5b91a6af97",1,boleto,1,31.38
df5c6aca62db71fbe451c0408bde2817,2,credit_card,1,40.20
f5b364f870f2417bb837200eac7677d6,1,boleto,1,235.30
a3f5ecc297c3584c08399aeb5f263789,1,credit_card,1,42.68
"618f88b3d95d4901c458b985187be809",1,credit_card,1,41.26
"0218bc1c672e0e92f10a6633ca1cc461",1,credit_card,3,311.98
"667c96777c18991310cd8d38335962a1",1,credit_card,8,95.31
fac7a12d71d1e7acb587f748a51d9ccf,1,credit_card,1,108.81
"0fff540f615876d9ffa4a67a83d9e380",1,boleto,1,59.49
"06d6f2f9ce499ed49d414ff36f583abf",1,credit_card,8,317.48
b9885c0bcf45df857434c48dccfcd3fc,1,credit_card,5,205.18
"7607b319daef63a1c1a41b1cd6f4a54c",1,credit_card,10,1507.56
"35347ebe5a17d5710d0790df4b2f0f33",1,credit_card,2,123.42
"5e53ec687d157b73f86dba72cbb74056",1,credit_card,10,841.99
"5e76d3cfcb1b71a6a78fabf6ec3ffb73",2,voucher,1,108.71
"1b39d154e72f232a67b97d1d2545d527",1,credit_card,3,95.34
"9ffb45ae8887425787cc295941f817f9",1,credit_card,1,28.07
"6c21f6a1d56c99f439fe378d0ac026f2",1,credit_card,5,54.72
"09854629eee79bc8d606247198ae822b",1,credit_card,3,259.33
e6fc62ef4617437d265bd9bef92cd9d3,1,credit_card,1,143.59
"2c8574e8710a496641d98e80143c7b98",1,credit_card,1,110.55
"43a95930524a9c5388fa5e417dc23241",1,credit_card,5,711.07
"9e55ecf53f805f324b146ed94f96ccb8",1,credit_card,2,133.21
"698c42d4d45a628919b9b38241aebf4a",1,credit_card,5,418.92
bf8ddc7239b0b3f5f43b0da92b85837e,1,credit_card,1,88.65
d39b614462020b03dbd6b14f515137f5,1,credit_card,2,87.24
dc5f1b52c9effb2ca43d8ddbae249f10,1,credit_card,2,142.92
"00789ce015e7e5791c7914f32bb4fad4",1,credit_card,10,190.81
"15d086bbbae9b9e4b50c916c919479ed",1,boleto,1,73.49
ef457666296fe87ba3d972f610f11394,1,credit_card,2,161.68
"08af87fbe33eeebc7840433d94718046",1,credit_card,4,296.72
"11e51f7edf6a8325f56641580dc64547",1,credit_card,10,362.65
"806d19127814e557e910ad0c90891886",1,credit_card,1,105.01
ad5358e0c5bbbde6f15e29855ba10bb5,1,boleto,1,123.18
"03c8468d3001db38cadd59ac670341cc",1,boleto,1,39.80
cf574d4b1efd3d5e152a4cb181b35f8b,1,credit_card,1,109.96
"5f42573c60286a6f9d6a3809352c86e0",1,credit_card,5,105.66
dde3bf0e00ce7839990af294a0897426,1,boleto,1,36.23
aa13f22ba1dbf5360989f7480c1e099c,1,credit_card,1,23.29
"1dfc7ead9e47fdebed64c8ad48b4bb89",1,credit_card,2,24.09
"60b38cffd151d75929529eb6fe8e6704",1,credit_card,10,199.02
a4ee9df6b5f93107253c0a18145b1e51,1,credit_card,3,554.10
"87787efcca530ffab1191c66c2023af4",1,credit_card,2,72.99
a78ac816235b4503a1af1b74fceb7a43,1,credit_card,1,37.19
c03c0621cf2e7845908985db3355f9e0,1,credit_card,2,184.92
b402f7c02c6a8e6677896d211a72a5d4,1,credit_card,1,647.54
"335323aed1f406d4ee11ba438e5de1bc",1,boleto,1,56.69
de86d263fd8adbf70b390a50f59266e4,1,credit_card,1,338.77
"4d2e3204d03f90dde94de63cb417277b",1,credit_card,1,29.77
a12f4d6bb108cc421a0fbeb4ce5c6804,1,credit_card,1,55.09
aa390c2a8b1889cbd84765ef2268fbcc,3,voucher,1,26.04
a5849d6f70582d4c5217bac6616a45fa,1,boleto,1,74.51
"53a55fb5597f90b6727f82626d65f179",1,credit_card,1,64.10
a3885d945bd33bb3665635ea049b46e4,1,credit_card,2,48.41
"1248580ae351357ac7a36fc314df5268",1,credit_card,2,344.51
d76d5288b928495e3f607a9901f4daf7,1,credit_card,3,353.76
"4f211215000592921381e69e480acbc9",1,credit_card,3,82.98
c831c64f0cd1f084f23944c0f1f9d123,1,credit_card,4,117.85
d07375cf3d3ef985a796fdf0b8e08f5d,1,credit_card,10,136.60
cafa41a943378224e6de08cac484c475,1,credit_card,4,51.07
"5ed946893f9d36c172fc9bbbf31fcf0d",1,credit_card,1,99.65
"371229efe5a72afbbe5fc026b4b8d3a3",1,credit_card,1,14.27
f9fa435b229b328ac3cb116184422b59,1,credit_card,1,21.27
"219011b6543055a960c7dd94cc5e0770",1,credit_card,3,91.72
bae1791d3987fa528b382adcc1de4db1,1,boleto,1,190.37
d7e08a6a516357efaaf0412c6fcb1cad,1,credit_card,1,94.50
"96a8d065c3f2dbde8c6ff7fae00a2f35",1,credit_card,2,152.88
"0d6c779c3d8bec09f198a52ff310ae7b",1,credit_card,8,230.24
"0ce8dd4235e50ae2f8beff18c2ae0c26",1,boleto,1,208.52
"0ef8970186aa8eab14d04be4eda9407a",1,credit_card,3,63.66
"5607f0f13187c06655842d7a41b6d109",1,credit_card,2,31.28
fc91960dc3f08f50d842e64dd48ad42c,1,credit_card,8,340.32
efc59e55658890749e19367044ab1a43,1,credit_card,5,54.06
"1d8c036b52411d073f99e9008d0cd0d4",1,credit_card,3,81.78
"7797659fa7b8f16a68562da5976d179e",2,credit_card,2,54.95
"5f1b8bb7f55f4d47d219bdb855d5a142",1,credit_card,2,143.38
f3b592ea0db671d3d1977e043d2a1b10,1,credit_card,4,267.74
"4d5d37abd78b5223433230deee7d4e29",1,boleto,1,235.63
"55f33d1440ed529bf23f7b92248c149e",1,credit_card,10,968.06
"2ab0be5175c93d7e68f1d91459183a87",1,credit_card,1,3.88
"99e06bf542847322a117282cd1d42c9f",1,credit_card,4,127.53
"96d475858d7ac83b3f89e500dfb736a3",1,credit_card,2,133.89
"4e71d6b2e9f221c46838b30c18443f84",1,credit_card,6,83.31
"8932f7d67eec4b3ed9a4d5ae0b30e06a",1,credit_card,5,193.07
ab0d2dfd951cc21617cac17585f351ab,1,credit_card,1,37.84
"05f9e5c577faa3a272454a2ceed5c64d",1,credit_card,9,90.75
dff84877fe810ec4fdb17a3cb7ac858e,1,credit_card,10,636.74
edf98874f1448a7630f57febbfa39852,1,credit_card,3,612.01
cbec453ddd874ca620b8afc6393e3218,1,credit_card,3,103.55
"6ebaec694d7025e2ad4a05dba887c032",1,credit_card,7,153.72
"0ace216597fa0efc8a42140d99fda065",1,credit_card,3,77.57
"5f827831438fdab57e6b6b98328b360e",1,credit_card,3,136.77
ef394b6ac2a7a089f6142d4449472073,1,credit_card,10,227.62
"4d653190f205f16928ee12a80b571a8b",1,credit_card,8,352.55
"6bc4d884c713e5a93fae26d2e3defe0f",1,credit_card,3,117.82
"51192863a004d47d0e4f5bf5384bf88f",1,credit_card,5,51.75
fe81190c131e3502197b1a4445343380,1,credit_card,1,70.39
"11b60d2ade27b3b62de1a84efc95ecdd",1,boleto,1,60.09
b5ac50103235f27b1d286960df625d1d,1,credit_card,2,75.39
f5327a56946560898f7ddeb8a9ad57ae,1,boleto,1,143.92
"224ec929ecdaa7563512572447c65d02",1,boleto,1,53.54
a15a0b2ddcff917321e721b84d7217cd,1,credit_card,5,201.04
"91eef134a9dc65e566fde368f1772b93",1,credit_card,1,27.36
b70e6b353379423761497f0d95376da2,1,boleto,1,46.84
"51c8ce1ad9c1fdebc69cc37fbff27f5a",1,credit_card,3,75.07
"7fee8248879e6c2eb655918584bb3ba2",3,voucher,1,30.00
"7ea04d381a2ba7d7f14be55b878830a5",1,credit_card,7,2060.20
"64eeb35d3ade7fcdff9fbb1ca5175bcf",1,credit_card,1,23.93
"65cf674e5955bda301bb6619ddc9d7bd",1,credit_card,10,122.33
"58f065048108c8f53b8fe8255fab3aac",1,credit_card,1,67.50
a969ea7670f417da58239666920e9a97,1,credit_card,3,95.67
e4f0b379cb8233db68561f79f774988d,1,credit_card,2,65.01
b2f5372efb1b2840cea18aead69e4e1a,1,credit_card,1,191.13
c764b50847f8a6b31dd92151b3680d94,1,credit_card,1,58.71
"5be7a00f3302bbc55973ecf0d9322ba8",1,boleto,1,55.33
"5fd085507aff13c4bf822411202b4757",1,credit_card,1,75.83
"929fa720a53f0036ad3b444f08d59bc2",1,boleto,1,84.18
"8ac2728285fd4228f35d907768b5288a",1,credit_card,4,156.56
d70fd017aef831ae5be08b4a58ad57ea,1,credit_card,6,295.25
"06c5e0b010707e400bcc627771a27226",1,credit_card,6,134.48
"5e8a43063e2b8bdb8d7902dd4bb62ddc",1,credit_card,10,106.54
e1247131e29e9f01c5ba3db262a4cd25,1,credit_card,1,91.76
dbfc85111e9812da1a864f78aaf6d282,1,credit_card,3,42.78
"3af00e0602421aa412b0f4ef0ebdb6c4",1,boleto,1,46.84
bd5ca78c172780ac8248ce1c4df1150b,1,credit_card,2,164.70
"698dffc04f786cb3f8f5731d96f2d9c7",1,credit_card,2,75.07
"14eebf4ee4861266179c58676b1bccf8",1,credit_card,1,79.24
"102a6b13aa973c8c169ba1d62ffa4cce",1,boleto,1,30.23
fce649f14bdae4f2218fbc00a107d195,1,credit_card,3,59.23
"94a280e9178a824b49777271fdf8e5cc",1,credit_card,4,230.66
f97a4a857b9a91dd1e7989becaed02ea,1,boleto,1,25.78
e6cf0d38d94daa288c71e31d38715fff,1,credit_card,3,38.09
ff3024474be86400847879103757d1fd,1,boleto,1,49.84
"06cc09320698aa17c751e20ac00ba7af",1,boleto,1,75.08
f2b9ba22ee2c63afa897fbd904851168,1,credit_card,1,91.45
e5989171218c1c7948bcca1c93ec2a6b,1,credit_card,4,142.45
c6ce7b16a4f682bbf13eb4a9efce0d85,1,credit_card,2,157.55
"808beec7603db80bc6a975bc9f509814",1,credit_card,1,182.51
"405b235ca935c45dbff98550512b37d2",1,credit_card,2,56.01
"5f43a6b640128ff1e1a7fcc6872ebf71",1,credit_card,3,241.12
"17825f24877a9289214c301ae0c9424b",1,credit_card,1,67.98
"925ee6cfbb7a083de5384773197aa9f6",1,credit_card,6,1138.39
"233dd5ff8fcf29748ef3f96a24750ea8",1,debit_card,1,206.91
"06b7229726fb71407516395c69b6172a",1,credit_card,1,88.29
"57ffea3f7ad916af235cdde3811edb6f",1,credit_card,4,294.50
dec3b3e24194ce1773deab948916e593,1,credit_card,10,1827.72
"92ffa55d1d1e77f655127aac213c1e38",1,boleto,1,328.94
"0bcc4cc85c24f23e22013fd22f99728f",1,credit_card,1,195.00
"7a04f1c505fcb55b00384ea037f73f24",1,voucher,1,52.53
"45e54aacb62da6bd3c079f5148d52d27",1,credit_card,1,0.93
"74a243809fa8841223db188cbcc488ab",1,credit_card,2,316.60
b18ff7eaac63f8d98d0dccfc5310a8b6,1,credit_card,8,89.31
"3403737b992c9f33385088e482793274",1,credit_card,1,102.64
c202ed8340693a8fb2e8bb2a43a1647e,1,credit_card,1,68.96
"77ae1cf0361cb41c1637cc79e170c9c1",1,credit_card,1,99.22
"87df71eb46077c66a8e53d4e92bc71ef",1,boleto,1,98.70
"3dafc0bec8f7cc53ecc6671ca9c646d7",1,credit_card,1,29.91
c470c4940c653080f16ba7e4cf1eb08c,1,credit_card,1,35.69
"9aa048e5cf0be9f697cc0fe8d1e0d6db",1,credit_card,4,100.78
baa5545eb30192ce3b92bcf1b8e19437,1,boleto,1,64.51
da726e4e14776093627536acd474872c,1,credit_card,7,147.15
"12f12b0c970ed338e7a4cf857fd1eb33",1,boleto,1,27.77
"58654344ef4d9b4aefb2ee36618d9751",1,boleto,1,148.32
d69c7c969d600368c5f533b188e402eb,1,boleto,1,30.71
"49f3e0aebd23234fa195ebbcb8687171",1,credit_card,1,119.94
df71a04c6a6a25fb6a6a94f30fa7354d,1,credit_card,2,247.08
"124223dc899eca6ac54187a54f1e3632",1,boleto,1,106.95
b83dec1771b70a81dedd9db612fca052,1,boleto,1,76.08
be1f74dd8c9f6ab6066aa38f00c87d99,1,credit_card,10,206.49
"84ca1ce0b502782387a2afcd5a8e9356",1,boleto,1,21.88
"454e3d66dfb9e670fd53406db78100ae",1,credit_card,8,147.13
"611422343cc9f16ead16e75de8622dab",1,boleto,1,259.45
da730a4d617d48b8e8d136ef1f86915d,1,credit_card,3,110.03
f8348a1010449c16817a418fbb9e3620,1,credit_card,1,21.36
"978314826289d9ec86d6d6a627eaf810",1,credit_card,4,103.13
c74540b0f084f6eef5649cac6541c6cb,1,credit_card,6,118.44
"04af63a78c7e84943b8377fe1b7871aa",1,credit_card,5,133.69
e54ee2d8bb4643b912e14da821c5401e,1,boleto,1,29.77
"0a0eb4fdd818ed6fb62d07792c948971",1,credit_card,6,116.90
c285661a8320d062c60574830bae4199,1,credit_card,4,690.68
"1c8eded3a8ddf56d2909d4713110501a",1,boleto,1,173.23
e8bcc9b5ec88c2aec681b7d52e5abccd,1,credit_card,2,67.09
"0ca768c507d1fc3c61bd950bb1c5231a",1,credit_card,1,112.52
"681c2cfadee8433325e2fbab33593cd3",2,voucher,1,148.89
"02f751c4c2fc8ca376b65c8847b65f4d",1,credit_card,7,143.46
"6a117de68e34eca0b676d6813e59b48b",1,credit_card,1,39.09
e3166f69715e4a1aa466249f0e8a4030,1,credit_card,2,207.57
e03178527556af2aeb2b29af558de49d,1,credit_card,1,93.63
aeedca46099933fd8fd182a71b4f22c7,1,credit_card,10,181.51
"513de686406165c7b540f55a32203946",1,boleto,1,266.49
c5dd2f75157908db9c6c6586ce1a8834,1,credit_card,1,271.18
"5d9a4411068892bb475d32879e076e1e",1,credit_card,2,92.57
b54127e9193743bfe17f7e5d91bb957c,1,boleto,1,69.17
e0100dc88768c6ca8b1b419fde8a50fb,1,credit_card,8,706.84
"38957bce5d0653b7a5b419556e7b9ba3",1,debit_card,1,168.08
e73fe43cdcd166f7f0c6e3c2bf11a917,1,debit_card,1,56.50
"221d6c2816440c5e3102f2a6e78a90b5",1,debit_card,1,51.10
"10010d54b0ddcd2c4ef9076ac5b16e2c",1,credit_card,5,56.78
"2a6c075539c6b091f954bc4af60d1455",1,credit_card,4,105.77
"043ad325c92b4317f9ff48836a7a4e9c",1,credit_card,2,138.65
e7b3238f912e9efb45f970a33d3ac10c,1,credit_card,6,353.62
dd3dd13a29f9f7e18823e1fd5d412696,1,credit_card,1,146.96
b6f200c5c4c61401491da12a925e588a,1,credit_card,2,102.64
"41593546724af38df27bd3f5a7f10580",1,credit_card,10,187.43
"0e5f95185b8be5365f07906c419286a4",2,voucher,1,50.00
"151458af49738a9727dd61b22cde2acf",1,credit_card,5,118.26
f8e76bb341db0c60411beac8a83f312a,1,credit_card,4,217.78
b194904b5bf02c6fc117d73c33cbb728,1,credit_card,1,65.88
"74414263bc2db93856b800f04ded2cab",1,credit_card,4,91.53
"8e0681f2a4f1f64042b59780dc46125d",1,credit_card,4,216.31
"022e34b10acb0f74f51f03b3bf8d996d",1,credit_card,8,106.38
d0f997dc48964e4a7954a09afee32faa,1,credit_card,10,129.37
"2a48623a075ed7b21c8f9ed3ab513674",1,credit_card,2,154.28
"917e815e734e27d699a971dcbac12e9e",1,credit_card,3,38.92
"412e78168592efba1bededb6122b7264",1,credit_card,3,51.87
"52bf28ebedb0f11a3ba0efec670acd4e",1,credit_card,3,74.88
"95428aa94edaeeb8edc0609da66852ec",1,credit_card,1,115.35
"8418f6b2abe992eedc0c136424fa139e",1,credit_card,6,465.99
b4eeb5f8b01e30cfea0247dfbee0d054,1,credit_card,3,173.30
a3680a328f9d1e30589963d953d29d61,1,credit_card,1,113.62
ee45911bb0f3165bc61d3cbf92f37506,1,credit_card,2,226.58
b319de7e29d9ec96df9f75a1558c8ea7,1,credit_card,2,64.09
"789bf50b7eafcaff398ea0b735b4787e",1,credit_card,1,153.10
db9a034f34174edd577b9f64cc982952,1,credit_card,3,92.57
"45fb3f449f9ca45f89ba2d2b062e495b",2,voucher,1,91.13
"8a667bf7baec5286ad76d81facdc85e5",1,credit_card,2,193.50
"24991dc7bdf90c687d06964b2459932c",1,credit_card,1,128.19
add85850d87ec9b2926443c2310561dc,1,credit_card,1,55.28
e30bc9599660c657ce6cf351f1a98b5f,1,boleto,1,187.65
"5394df5f572a529d916abd5272d0bb13",1,credit_card,1,35.84
b001a9f70c34cbf4eca4e48875de711c,1,credit_card,3,154.13
de5518f86eca3ccfc00bb9ba13cdfffe,1,credit_card,4,216.71
c20d393462543fa2a0fe511aca2245e7,1,credit_card,3,75.11
f10c009ca3eae0609b1ad632f68dcf67,1,credit_card,10,207.65
be7a9c3e520e513bf7de720ea2d85463,1,credit_card,8,82.86
"40d390835e3da901802d4c3b4b184863",1,voucher,1,22.29
c8b4b3301b8839f14ea92722cd395e72,1,credit_card,5,151.09
"6f8de3779a7d0b86f8fc43a262e81b65",1,boleto,1,254.74
f811e0db5991b2b39a1fe8a057fc6f96,1,credit_card,4,123.18
"190d1b221eb8c4e51953c2542c6acc61",1,credit_card,6,63.27
"78984e2daa6afc729ccb1ea44b7efd19",1,credit_card,2,169.49
e801a92e69dfa7a3134a15e17ef1573a,1,credit_card,4,79.44
"16587ab039631e704fecc41c056967a5",1,voucher,1,254.19
a6055e208086fe169c0a0f191b43445c,1,credit_card,1,169.73
ec6d1b017b14b90d5c60fcfdc2b7216e,1,credit_card,3,35.23
"45cd1a6af2fc3bbb9c5869ace4eef304",1,credit_card,2,57.61
"0930b4554e6a2135e7132b897c3809f7",1,credit_card,1,29.77
"491c5a96f47a083b2792f1a306a5fade",1,credit_card,1,102.78
"14385cf799c6efba6a9a6d51ea9a1a36",1,debit_card,1,98.72
"006127b8b9a1681a982313ed7129c3c0",1,boleto,1,556.22
"35333dab609becd7a174fdb6537ef2e6",1,boleto,1,386.79
"0ef95641dd406157d56fbbfe60d22df0",1,credit_card,1,42.44
"044cbf8cf2b8839acd8f0fbc6faeeabd",1,credit_card,1,46.48
"50ed8128c8b7ee1458b9961d8b100a23",1,credit_card,5,51.00
"71385d0c646fbc757cfd07df085986d7",1,credit_card,3,159.99
"04ffe5a8a70cc5dd6a00b68fd6c905e7",1,credit_card,1,28.41
caa7dcd7507e6cdcd45f7ba5d29383a9,1,boleto,1,77.77
"4986d3404b3145142cfa01221b069746",1,credit_card,8,555.32
c0d9f365ee87e29a7b16a2c55e1a6d5b,1,credit_card,2,126.32
"9e7076697b77903d67c852e3d2dbcdae",1,credit_card,4,147.07
"41479e5eeb4f7ae644e524566a85a66e",1,boleto,1,362.96
f4adc4de5704b78924f3147944aa7e01,1,credit_card,4,192.39
f7ef6a6afaeb05b9f32f440bf4ef732f,1,credit_card,3,209.94
"3a53c89c1526bec25191f47b5ab57df6",1,credit_card,1,60.75
"4a2a03eba693b69ec224283b56ee486e",1,credit_card,1,112.25
af3437e1167dda813ebc758497db4c50,1,boleto,1,73.84
"6e81be400198dabb3a353cc5c25f7fbf",1,boleto,1,88.08
"8e2f6e8aa36fa3770c9f33a7129e81a7",1,boleto,1,55.09
"0fcc817e41a60bbb439c5ce638f62f31",1,credit_card,1,58.59
c6d3ba7aef0216cb6c540497c845f0ba,2,credit_card,4,220.63
"9faf745260884e1db917c4716491d1dd",1,credit_card,10,333.54
"8b9fde773dec0dfd4be4beaa1ada46bf",2,voucher,1,25.00
b53789a8a5e82c833c06eb2c139993a3,1,boleto,1,93.68
"18706eb4e0b3e500ece5690acaefb220",1,credit_card,1,82.73
"6741e21a24361b07f30063eec3897b37",1,credit_card,1,98.65
"1bb86f8d6d2967cbf88b8a487d536e43",1,credit_card,1,81.75
dce45bc65432c8a78cbd021460178145,1,boleto,1,96.01
"6f30b59ca40f5851d931d146ef6868d0",1,credit_card,1,94.74
"73df5d6adbeea12c8ae03df93f346e86",9,voucher,1,9.10
ebae502e2bd29a26838c7469280f43dd,1,credit_card,2,81.72
"9226ec3974c021b8d68869985603b685",1,credit_card,10,156.46
"5c35bf8376a214c893fc0bb5345cae94",1,credit_card,5,51.01
"214580954d7ba593f5d402590c80d49c",1,credit_card,1,242.13
"6c3b48207e30c29cf9d521795daaa5e7",1,boleto,1,33.99
a29ff9ad73114cca7be0859ec0cddd74,1,credit_card,4,82.73
c086b991f822021af445dbcd355fcf73,1,credit_card,5,145.56
"6478538d03095a03a2562a4fa6a658f6",1,credit_card,3,195.56
"6c71ff58759ad54f8b55ea6414020495",1,credit_card,6,82.83
"66797603772acb9fffb18082921fd797",1,credit_card,1,51.00
db2745f7e368d3ea3c5423712084795b,1,credit_card,10,381.88
"9cd5f349a759d059719d6f62cb3f84ac",1,credit_card,2,63.27
dfa1e5a290276c05629e2d4180ce6aff,1,credit_card,1,71.56
b32b3375c9aee9e103b0c8ef64af9087,1,credit_card,1,27.77
"90c24f936c66006ed735e7b7b313ee92",1,boleto,1,28.62
"95c3381db0f673aa125e10b942d1ddac",1,credit_card,1,66.67
"6b67c8a7a8d08df9590f2ee347cb6afd",1,credit_card,1,121.18
"7b3a63734004e1615b3f06417de1fe09",1,credit_card,5,90.44
"4e40816dfae91a37e97704c0ef372ace",1,voucher,1,106.55
"24f07a52ca6b749c618b46ddb2e94b8a",1,credit_card,2,48.68
"3c37c0f0e8a0e6d94c555141221ddc1d",1,credit_card,4,145.56
f205c6826655efc71379acaa53d3b83b,1,credit_card,2,28.38
"0ca9a58f008bf2603e4b02b0813996e3",1,credit_card,1,92.35
"3fea73b838ea893a25093b7818556091",1,credit_card,7,72.26
f03420f7fe5633764a9eed270f0cf359,1,credit_card,3,348.18
b002cdf5888b0cb1d98500e23f77453b,1,credit_card,6,336.06
"304bf410920449182fb3294bc7405597",1,credit_card,2,160.52
"37660ed0022803717d2eb7bac4300621",1,credit_card,1,20.68
"7f816e4b356f543be68cf6c0fbda9d62",1,credit_card,1,79.17
"0ce5b90b3bd06c388f87fd281ff7eba7",1,credit_card,5,246.04
"0758015124a0c9af755d31a7bf0efedc",1,credit_card,8,373.97
"56fd30fe7e19a6994ac586c1408d95bc",1,credit_card,1,137.61
"47bd07d647eeb63f437e58a1ee3b3733",2,credit_card,8,264.71
"9de85e24940c7fd91ec9ee1dd540b3cf",1,credit_card,6,157.91
"90d730c8aa5c3196dbffefecf4f5202d",1,credit_card,5,309.16
"9aa01fd658d6e6794dfc650349c61735",1,credit_card,1,127.87
"4162db4ff964981d38bc20ff6818d268",1,credit_card,2,90.88
b602e9018426fcb5d4f616503de8057d,1,voucher,1,51.85
"3948c2f40e71b2178b6cec0916332ccd",1,credit_card,2,40.50
"08c7d364923b6238c246df0fab24d907",1,credit_card,2,163.68
"28abc29a8eb4b7bef7ce1cb43dd3cc36",1,credit_card,2,29.00
"31398ae05a544e53c4d51d3866f416c2",1,credit_card,1,174.80
"095eb530e061e441f8ad27b2c8ca549f",1,credit_card,1,21.15
"033c0d8e5bce8110d7900e088c75389d",1,credit_card,3,223.83
e3827a4f142b13b7ab9bf72aea5d2391,1,credit_card,1,180.90
"30f0086bfe1b046a524f8acf1d3eaa11",1,boleto,1,113.67
"71ee60584962dede5dd9685e8bf397f0",1,credit_card,5,284.90
"3fa90d1a16450a2ad12d9b7fde5fc990",1,credit_card,3,84.62
"4bea7c11bcf3f690cb3feee7b57a1e98",1,credit_card,5,180.73
"2dd83692621ae4c375eda73168295b17",1,credit_card,1,42.00
"694c72bb2f8ede1323820186544f9c09",2,voucher,1,29.02
"8f3ad98d076e277ed1beb7bd84e05450",1,credit_card,2,192.76
"520fe4623f683411666af8d286b981b9",1,credit_card,1,86.88
f91346a89554e0c864ce1007a89eaad9,1,credit_card,9,373.98
eccfa9494767cbb5849832af90431606,1,boleto,1,122.10
a7b8a8948215052693fd30a5c9ab6736,1,credit_card,7,128.25
"4500a7cbeb73995b57988b9a3954cc50",1,boleto,1,52.78
"55d56409f0dbe0e3681f5a486ae0cce1",1,credit_card,2,189.00
"85efd92a75055023d5fc1b29e749559d",1,credit_card,8,313.11
"297885db9322571cf7e8f87662362888",1,credit_card,2,162.99
b0db4e1bf966cf4e2b192e3d64044483,1,credit_card,3,63.42
"8dd77e1eb85a144a90a50d1a813bf84a",1,boleto,1,89.36
"66144189f7b5fbb4eb76eb513ac33a17",1,credit_card,6,349.95
"14e741c1e9b28bfb6dbfcd4f9910a0f2",1,credit_card,1,99.53
"422040395c164b8b5c0255af3c710646",1,credit_card,1,6.70
e4e3903e4a2fedf6bc3b6e40262e05c1,1,credit_card,2,189.56
"03d7dd4730b71e0a310c9b30431c1961",1,credit_card,1,137.97
"4384f1e73716020a06569f0802ad8c38",1,credit_card,3,247.85
"43db2bc49fcbe07b3ee17f03949557f4",1,credit_card,6,94.77
b926487e2247dc151723b4c67a252eca,1,boleto,1,74.05
"6bc5fdbc258b650edb7ff262dfbabf98",1,credit_card,5,215.27
b9babcd3be5ab7aae890f68c9fb4ccc8,1,credit_card,1,70.24
"9540c8c39b1ba6b1d92483e4bfc9759e",1,credit_card,3,167.36
"35fad2f607311765a2f38956b26133f8",1,credit_card,3,92.80
"0aa31b21d8142ae99420dec2c667e869",1,credit_card,1,138.92
"20e7a21a233fcb32bbbb2d3613b03426",1,credit_card,7,176.99
"1607aa1dabb96d104838f96ccb72f225",1,credit_card,3,124.25
"66fd661e991babfdd0cc2fc1ba977eb5",1,boleto,1,32.16
"9fd3d5bb20296499ef3fbcaa4db31c39",1,credit_card,3,177.58
"36e898331478ec7492555a7f46d4e9af",1,credit_card,3,41.84
"3d668965eb89ea475911ce3364f73b07",1,boleto,1,100.64
"2ffc25e4c67c5d5ad8a0142b8f542d4f",1,boleto,1,87.64
"2636c69e57fce1b3a556b70f1acd1192",1,credit_card,6,224.42
"49ce81a5bb55c1d1afb2627410822fa7",1,credit_card,2,123.05
"333c80174d4ab24df54210511f4ecbd0",1,credit_card,8,327.80
f679d90195e7c1e11563250d98edffb6,1,boleto,1,518.95
e95ed5089744d5ca7ce51a9f222ff49a,1,credit_card,3,150.39
bd980aa838a928b56ab1e0a2bf4d7706,1,boleto,1,85.33
e439d0a12293f3ce780e73285032235a,1,boleto,1,78.18
"54ba13fda17f8cf8f1f57095a2c7c026",1,credit_card,6,415.14
a73d54d300e639d2e14529f273fc9a1f,1,credit_card,1,41.32
"15c4eca9bee7274388666b826430cb30",1,credit_card,5,155.98
"021d08e4057e5b6414c8d2f69f4f72a0",1,credit_card,1,66.03
"305b0101ce8f8fd2d7b32f7480340018",1,credit_card,1,44.42
e05b2ef0e6f68745846dba198590cb80,1,credit_card,1,250.39
b00bb5cc3213f8b0ea13efd866f4e020,1,boleto,1,162.98
"6c0c4ed997d520a3b737650e43c8e042",1,credit_card,1,43.94
c9d79a65d54550450dac1a0a08b71956,1,boleto,1,53.00
cf73e2cb1f4a9480ed70c154da3d954a,1,boleto,1,61.85
b8b9625b11ffbc12df779c20935997c2,1,boleto,1,112.88
"99bd1b701f5689d68265a47f0b793d20",1,credit_card,2,33.24
a5f26d6de016f2a849296eb5dac40eb8,1,credit_card,2,142.45
"61c79497eea86e34bf9354c13313b7a8",1,credit_card,1,76.34
ef32bb24f4e81a29a305e5285c8d3d34,1,credit_card,4,224.31
"445d0c0872352cc8c31b797c707f4c47",1,credit_card,1,20.03
"94963fb95efdf20c69b7b19e44928363",1,credit_card,1,104.63
"84af086627ce9dba6fc470fb3d899de9",1,credit_card,1,135.77
"6c3753f7fbeb117d143039b581ad02e8",1,credit_card,2,304.74
f203ff896860dd89c812c809102145ba,1,credit_card,1,29.52
"8e7fa56d527246ac36501c8bb7dc1acb",1,credit_card,4,60.00
c0abd38f3c86c3d4996c94bcf99df796,1,credit_card,8,1232.85
"8ed6a8a5676ec75090b339386c390967",1,credit_card,1,271.23
"4c65a418483996868f2e6a6fde9538b2",1,credit_card,10,168.51
e87eab6d3c69146b0c36c905a34600e7,1,credit_card,1,65.78
"90b3ce1268706ec7923743d5867f26a1",1,credit_card,4,1251.02
"45f1ccbf2f111134d9763586f13b76d9",1,credit_card,3,63.86
fd10deeb9842f5c285152824f810fc08,2,voucher,1,65.77
"5ca29c3c00080a507890c89a0323f06d",1,credit_card,2,161.37
"1dfe1249fb9a3871f918c37f1e5f68a6",1,credit_card,2,82.51
acb8a8355ba526f10697c17f40dc3352,1,credit_card,8,119.02
"7b06d8091938a97c0186f6a794cd6376",1,credit_card,5,251.65
"329465dad46fffab333860e92e7ac984",1,credit_card,3,224.98
"891bbd4e052c5f3e894ed330a7419c6e",1,credit_card,1,142.56
"3aba1edcd69ec930c8c006a5e9f0854c",1,credit_card,6,82.19
"2485cabe7d4efbfa58650ef56a0ce6aa",1,credit_card,2,199.40
"7e4428c9e14a7586963f5a518c9aa4a0",1,credit_card,3,61.75
"1167028eaef4a4e52b2ac530aa8beb9f",1,credit_card,8,117.10
f076e6d4f9afe2b9f866bc0dc20abc6f,1,credit_card,1,59.95
"80125daa0fddb9545d564a48f4f8caea",1,credit_card,4,40.00
"8f69c5872bca5b495397ff0a5d681219",1,credit_card,1,142.17
"2fe8d06695835130f65178317d0be4c7",1,credit_card,1,81.39
"62af8efbe1211f527ab062c3b29d7f5f",1,credit_card,4,56.69
d3308b06bdecff9a1d9e67f39d0039e7,1,credit_card,6,97.23
ea122906c8fc6d0da422b4491274099f,1,boleto,1,29.75
"717190a490f69b74799309115b1ccead",2,credit_card,1,107.15
a89532f439dee652b2e9bc7bc3af44c7,1,credit_card,3,76.38
"4c80861e8667ad2c3ec1686683c93ed0",1,boleto,1,193.60
"890f5964e17264069a75405d83bbce38",1,credit_card,10,519.72
"117f055ca23c0229d5cef27ba164f90d",1,credit_card,4,62.77
"1415b17c0425330751b1b6770dc5db23",1,credit_card,10,335.29
"81277706855c514ff89aaaf67d45db24",1,credit_card,7,99.92
"6d2f0dccc294bd2e21a2c8c93d0121bc",1,credit_card,10,218.48
"53f4ca548f6dc3456de1628fa16854f0",1,boleto,1,24.84
cd25a7c65029c84ae2f9ff0e4b968d0e,1,credit_card,5,140.08
"8a5a0a35111f447f72a0854ef30c576c",1,credit_card,6,66.09
"3982b25019d6a59e9e887607e489e3d5",1,boleto,1,415.54
"406a59cb4b044ee714963cd2c70fbb6e",1,credit_card,10,138.32
"7b511d9d317e777fb4552fa4c7dc717e",1,credit_card,1,159.51
"768f22f92ccc8abc5d47eb74d90cb000",1,credit_card,8,133.48
"42873babe11a5362e2b59e1bf80fbd92",1,credit_card,1,45.62
b47cd76a21d19af864c8b5c8a255fc47,1,credit_card,3,44.92
"15584854fbd0fc60db2724d79a08330b",1,boleto,1,414.54
b4903df9dcac3f7fd8d2625c04133301,1,credit_card,1,34.09
"298ac355d24f2f302767f584d6364be9",1,credit_card,6,83.19
"711526597d2e1f1b5ee9bf5c4af2c4cf",2,voucher,1,120.20
"7730b36921bb0194af950d724e330914",1,boleto,1,208.57
"84b00ddee11d116c7f9194d7bcc43611",1,credit_card,6,174.58
b78ba2e791199cc6293f8abf411fa386,1,credit_card,2,152.89
"7a278d560ec8ffedc0f4e11836858a6f",1,boleto,1,170.19
"93d5e6e96278f675c4d917ff0bd6e0e3",1,boleto,1,34.96
fba0ec79b91f909237fd5ea8960a2a5a,1,boleto,1,61.01
"16b1ede10202dd1e72ae0f96b35d08fb",1,boleto,1,150.89
"9f372562f0d05458a142227656ddfc85",2,voucher,1,20.00
a8d69f3045be9fa0ea3aac3971741980,1,boleto,1,36.00
"35e1000125ea64ee7fcffec9d5e110b8",1,credit_card,4,96.80
f71cb2e4886fd0074284be2c8cc9b144,1,boleto,1,95.02
"3d1b89c754a150dde1beea6f7577dcd4",1,credit_card,3,158.78
"0ced306b608e9bc80ef960368a3414a4",2,voucher,1,1.67
fe35b95a8b1a9a4368bb624adbf8f727,1,credit_card,6,311.26
e63244efc2759393ecb3f8a417efb78d,1,credit_card,1,32.38
fd489f6002a8893e03f9b3994f341148,1,credit_card,2,155.63
"55ded7b9e61d1c3f566b5bd78d2705a7",1,credit_card,1,93.78
"331c8aba2d911c0be8bd043ab1c9832b",1,credit_card,6,267.92
fa612a1874826daa30fed5e3073b9d0d,1,credit_card,4,150.76
"169f444739d294d19e4103e460d963d4",1,credit_card,3,91.58
a212cde404c8177ad20508a28c282082,1,credit_card,4,47.05
f4ec40aeb45f082c239a842530a96294,1,credit_card,1,70.57
"949090648eb1ba086b3bb1abb642966c",1,credit_card,1,45.39
c6288a2ebaec7be15c86e33857a13533,1,boleto,1,137.23
b2c02abc77fd85115efdf30b9ca63b4c,1,debit_card,1,114.49
d3306065dcae86789838a31302b6c00e,1,credit_card,1,44.09
fb22db4615517f44f8312846412a25bf,1,credit_card,3,116.26
"147e2f8c0ffbecad4e4f91268c28e1ce",1,credit_card,4,85.22
"55f72a4c8e4ca95e4ffdd60cbbec8c68",1,boleto,1,319.17
"8273d2fc0ec9b9e27e2f3998daebb8ed",1,boleto,1,213.64
f4f6d2dc1682493a4359683682ab4a33,1,credit_card,1,30.71
"6afd909a05ed31cc089bc63300ffc2e1",1,credit_card,1,62.91
d61bffbc774423716f28903a5df2c4f8,1,credit_card,10,296.61
"5c6d04d4860d065452c6ea2d2c82e114",1,credit_card,4,47.13
"5789c1b03492b72bc448c0d523eb2e36",1,credit_card,4,99.65
"41481f110ca58f4d3ee2e077d0313ff3",1,boleto,1,57.09
"294f94df7d2ec239123fdca1a458e0ff",1,credit_card,1,162.61
"92c10d3fad01ec9df6ccf1fc0461ac60",1,credit_card,5,115.36
"81958f88fdc0ca51fb2a42c8e7f416ba",1,credit_card,3,105.41
"2a4a59ba2f6ffd2ab64d38122a957cba",1,voucher,1,30.49
a0ed7e292495e32e3a7e3ae479219c4d,1,credit_card,1,501.96
c69e067f9b64eea56517834d123baf0e,1,credit_card,6,66.11
c49181fdd58a10a077a8a075b9a46e6b,1,credit_card,1,35.76
"63a7d8b766dfafbbb7d9ed520a62f800",1,credit_card,2,53.00
c89cc188bf7fe39307862cb3dd2d0234,1,credit_card,10,301.80
"4e36ca9de4b97cb87ff2c474107c28f1",1,boleto,1,88.08
a62ca1ecd2ebb5a76f2df38e3024c324,1,credit_card,4,48.14
ac0d19143b07550124df5139ba1faa6a,1,credit_card,2,152.08
a4277113bcf10ed364a0182042fc8155,2,voucher,1,62.99
"5508daa213736c46607364c74e226dfa",1,credit_card,1,87.71
"33209e0f87b2ed543a0876812c9c5c40",1,credit_card,4,196.95
"994c03114fc5a6345ad5e3b7aeac3e30",2,voucher,1,20.29
f325e51d89497ec9679f6419ab7a3c13,1,credit_card,7,73.34
"875e0781ef9c68f87a5d998f87502891",1,credit_card,10,627.75
"38878bafc676263af50211706ab39e7c",1,debit_card,1,175.94
"67d51f83fcd035393f57e00d584498fa",1,credit_card,1,567.34
d1e70a2caefe08771e0acbcf89df4900,1,boleto,1,81.67
"646484e2931fb5d965e847f865fbc26a",1,boleto,1,70.66
"3caf6c286c8cde37ea9c0fb2da0e3169",1,boleto,1,179.76
ebb064563b938e019b2627b762ab42ce,1,boleto,1,73.49
"2ca9036cf880a76f0a41894ede902e55",1,voucher,1,0.22
a8aa5290a4b5eecc608328c7438ffc2b,1,boleto,1,57.68
"77f1ce3b8d86fff49b9c811f00f4dc13",1,credit_card,5,117.04
"7835854d5e472c92de2a34543f57f53c",1,credit_card,3,44.04
"59c0ed646a3b30d4054298988188486f",1,credit_card,1,91.19
"55ada6f0482ec84582a6de972bf57dd9",1,boleto,1,64.37
b78ba6ceb060e6cc64b1f92a95c42505,1,credit_card,1,114.42
e218234621ce56589ca6157a7cf827ac,1,credit_card,1,66.76
"21acf351fd39c8a80aa62aed0b2fd28a",1,boleto,1,77.57
e9555dc20eba7e4e62210df1f438ea00,1,credit_card,4,143.40
"5f41eeeb79cbf03f89da17dd1bedccdc",1,boleto,1,29.95
"1cf9fb7308beb8ef95005967f336cefb",1,credit_card,4,82.92
b109cd82203e670b7963d9945099ca6b,1,credit_card,2,119.57
"3c2cc795eaa5a2e2781b13d50f54ce11",1,credit_card,1,94.31
efe7afc1f3087fc5294dd8a208208d4b,1,credit_card,2,81.24
"7cb684204f6e5b3df6e066a7b2249706",1,credit_card,2,150.70
"94a91dc173a9cc2a6b4d38be8f8d832f",1,credit_card,3,133.28
d4361586dbdf3e45c6de2faac0714711,1,boleto,1,259.84
"362c615940e6d0069585388110f8bab1",1,voucher,1,34.00
"5c4ec0b02d869e3ebd5468a344b99268",1,credit_card,3,128.25
"00c47cfa491ef55779ec7557673087fc",1,credit_card,1,72.07
b609be3f65463a74e28cebbbe7eb1203,1,credit_card,3,161.77
"2fd47b273ede4fe30db2d0813629b638",1,credit_card,3,32.78
"33450649f41ed254714b462ecdb050cd",1,credit_card,1,442.92
"349d8e152f810f983be80e244a8030c2",1,boleto,1,149.69
"1f2b7ae7e2372de1f0daf10288d65c9c",1,credit_card,5,55.10
"657467884d9a109179d820f67575db18",1,credit_card,10,140.00
"67ef29c9ba12b789eb12ac5ee9743826",1,credit_card,3,164.66
"13c63bb3df78e4c49ffe2d2c3afcc654",1,boleto,1,78.76
ff130512369110d4190cde918edc039f,1,debit_card,1,50.93
d2b5f540a6876d69b10bd2cd1edf4855,1,credit_card,2,131.57
a526e882f6671f5be8f287590852f7f5,1,boleto,1,45.00
"343ad65d4499c28a305a205b8ebc0cd4",1,boleto,1,130.01
"013bc5ce14f856d31efc8bebdc3a278f",1,credit_card,1,32.61
"95d1a834e8bb4b9a9d0135c658fa9fd9",1,boleto,1,60.39
"79c243f8bca755a9f830a8ad0dc780ad",1,credit_card,2,321.54
"13056739c5aaa31be14c750a7cf9f598",1,credit_card,2,219.33
"1e90871264623f5f891409abac3dc0a7",1,credit_card,8,96.99
b6c6a80aea4ba38af9a9880462a07977,1,credit_card,8,610.89
"65efd756608003e865eb8d80f66a3ebb",1,credit_card,1,185.48
d9b4254b30f9bda1e6cb94a67cd42cf5,1,credit_card,1,120.00
"0b50bea7ba1e8ba7a21b01b7c9d1350b",1,credit_card,2,74.28
ff3137ffb0ead0baad8da8a2a7b063b9,1,credit_card,1,70.57
bfe8c448781919b17936bdd844baefc4,1,boleto,1,47.33
"6061ccaeb9b3f4fd4b9a3eb220d1a3aa",1,credit_card,1,121.09
"56773c6296d19876ac496486dcf2d566",1,credit_card,3,89.27
"5ea6e04d681966d4ae2e0e6dcada5f20",1,credit_card,4,47.62
"8f1327c6715c7cc4ed142be589174903",1,credit_card,5,258.67
"5481cc369cb2fe41d87a0eb98c512166",1,credit_card,1,46.58
"7f69be6a74d05db1d62cff32b2049b6e",1,credit_card,1,24.84
b064e7c32db081ff3c6283331d1669ce,1,credit_card,2,69.85
"4e4aa299535ead6fe63a779d539c493d",1,credit_card,1,88.17
f6895b0153f18f01777a2eeed02145a2,1,credit_card,2,77.57
"8ae8d8173866d2467bdd036f34c5a86b",1,credit_card,1,56.43
"1c723386781fca8d1e45ac747914962a",1,credit_card,1,178.92
c4606ff4ac2ce55892c33ab655ee5562,1,credit_card,2,28.24
d1f60863289ae7cd6e47fd70eae9bec4,1,credit_card,8,290.67
a83cf2c3eb9eb4370ba4d38c591fab3d,1,boleto,1,62.16
d4e42f9170131eed76bf87f17541bc48,2,voucher,1,33.38
"17b2f07a5bf720ce92d905520ff1dd7f",1,boleto,1,56.77
c8a4aa3a9990bffa86204adb8fa2dc37,1,credit_card,5,115.32
"0ee78b4d78116d8d91f47dc4b290f526",1,credit_card,1,57.51
fd1c3bee1ee3b10e9f65bd92b3ebba38,1,credit_card,5,149.16
"2fcb286cb29d51ba670d1ae35aeacab6",1,credit_card,5,164.08
"396ca10a49401efb99c1e55716800936",1,boleto,1,65.09
e2047aaabab2869c1080a51c3e6b64ce,1,credit_card,8,349.40
"148946b469e7c2af2231c7c2ba0c5681",1,credit_card,5,105.37
e3f86830b259752caea52aaeea354699,1,credit_card,1,156.44
d6e1f6c47ebf654ee806ef2891e6b740,1,credit_card,1,38.28
"64d68b5e88c8e4cda34a9d46314132a1",1,credit_card,2,218.64
d9fba4d4669d79e886681d5bfbdf9f17,1,credit_card,4,154.78
"9d1e1148a27502fcc6fce14e7707a2a1",1,boleto,1,135.49
"911ac4b6a3d83be295853192aa63fbaa",1,credit_card,3,35.77
f6e9580f8deef178a36961e557370459,1,credit_card,6,63.27
"7df532e9df5e7185f15df66997e787c8",1,credit_card,10,728.43
"856d4ca373e855bd0cc6f782cd78686d",1,credit_card,3,65.22
"3dc960d5915983c12f6dc9277ad14b29",1,boleto,1,104.28
"9eafd3f1b3f845e19e6aa8779283d285",1,credit_card,3,170.75
"1a1ee1d6d418b44f10671d87bd127b80",1,credit_card,6,64.83
"466956eafdf33e09b80a44e188ceb5b9",1,voucher,1,9.46
c487823afa24762b847f2b24917b04b3,1,credit_card,4,143.06
a1f360ba8499a15b557819850f54b9c4,1,boleto,1,24.94
"10336b3091fc5b6c7a8200b82427cd99",1,credit_card,10,188.65
e2e33b37d96ba30f106c15dd7f77c8bb,1,credit_card,1,46.62
"03e5d6a8dd520898f86f8429ccd07c21",3,voucher,1,42.24
"23a664501e7b09b619fd2aad09cbc22d",1,credit_card,6,637.55
"617e05cdbdab37c1b316a6305d76b3b8",1,debit_card,1,49.34
"7c8cabe92b0d78f64750cd7091610d13",1,boleto,1,59.72
"9c11cb61b9393edca31cfb6d985642a7",1,boleto,1,70.89
"87366ca73707125ffa59204926a728cb",1,credit_card,2,60.87
"9a02960ce092d811e89e50c06d750ff6",1,credit_card,2,115.04
"972744bcdd80014057492bbab6b4e06f",1,debit_card,1,146.21
"2faa51e1d770110c3f415c9b0a957156",1,credit_card,1,7.40
fe59203fdf21267082352e201ad44772,1,credit_card,1,65.13
"995392413cee61cc1fcec9807870ea8c",1,credit_card,3,143.83
cd2774a60636ce7ebc1f7efa829bf729,1,credit_card,1,57.23
"7d3636e9d015024df69d61abc7bab409",1,boleto,1,78.42
"49b1ad01e0a81bc85a617086103e415d",1,boleto,1,144.47
dcc74da4fd99c9e96c775807b658336d,2,voucher,1,100.00
"4188e271c401875d724b4e9ee6fe7206",1,credit_card,2,302.79
"7171245263ae4ceed011a77aed7d612d",1,credit_card,2,45.28
ed9a73914b6e0fca8d1b8939f2c41879,1,credit_card,8,194.91
e4edd7f42d1e4c150c41533aee5e7a36,1,credit_card,1,81.78
"49e3a5faf16d760e0209b520e8364246",1,boleto,1,41.10
"65c599e3998c4243f4e62affbf5bcdd7",1,credit_card,3,131.38
bc0e690ee61ed479d110f301bd4e6b5a,1,credit_card,2,179.60
cd5f64ebe84e37b5af53dc260e536615,1,credit_card,4,87.30
"68a834a7eb37c000651e94145a7102f4",1,credit_card,8,144.34
"62609e797154e9f885bb9e8fd8f48b76",1,boleto,1,59.07
"678f4895096d4e79441a761f3d6c6b29",1,credit_card,2,178.46
"312f43273284b7ab987d5bc4d880d5ef",1,credit_card,1,41.37
f05ae607a2f78a91958f765f204e098f,1,credit_card,1,64.52
"72bab69c50432c6f94d8b50a5f84b69a",1,credit_card,2,136.93
e335a52111017a791750a77349aa2dbe,1,credit_card,2,77.66
dff8b1ccb6e61a785f9fad1cd48df4af,1,credit_card,5,163.53
"612671085f32b1043ce94e650bb4968b",1,boleto,1,152.71
"49843e531464ed9b7fd3024c336faed8",1,boleto,1,32.83
"44e80ef872fd5884851e68555c2ab020",1,boleto,1,42.83
ce8d55aa1c206156fde37e062c716ea2,1,credit_card,3,35.95
"38d5ef6462d5c0929ea356606f4e58bf",1,credit_card,8,266.94
b70023bffe55b2d36ea9ba3badb49622,1,credit_card,5,159.30
"07b632a4645a2dba01074abfe4f34c4b",1,credit_card,5,91.66
e1f58cebd92cdac4b6f7f9a3814a0fb0,1,credit_card,2,68.05
"023b3575b6649cf01cb239c0e9603262",1,credit_card,10,171.44
ac28767a818e6e5bc6895e188ef622ba,1,credit_card,2,123.75
"7dcf28f5c87ece1d91e794b803e494f2",1,credit_card,1,32.00
bbb0f163b011eec0c55e5b764f7811cf,1,credit_card,4,103.61
"441395aaffbe4ce5bca4d8ca3b75a4e4",1,boleto,1,149.78
bfa6db3b1ea85796d80dabdfd83b9d40,1,credit_card,1,136.52
"7b6d60ef9f4bea8469da80168c894820",1,boleto,1,113.89
adb4641524ad981f9ab1886ee54977c7,1,boleto,1,188.62
"712019d1870cae651794147ac4d25da0",1,credit_card,8,464.05
fafd2c21c936debfbe975488ded4667a,1,credit_card,4,309.50
"08a79aa47b2dc809df77206f0660fe5b",1,boleto,1,92.50
e8aa9a21409da6ead91fa2b68f7408b8,1,credit_card,8,136.87
d32800fe9aa5928f98b923bfaa6e7a9b,1,boleto,1,34.09
db7f637a76e327e531bc84d186cc4f6a,1,credit_card,10,344.70
cc6581115f5706e74610adf4449e5899,1,credit_card,3,46.92
ab815320404ada153a9d06f166c961dc,1,credit_card,1,66.85
"762fa054ae976d76eea5688eaa2a92e6",1,credit_card,3,95.76
e1171120e3b1615034d5372b0d3254a7,1,credit_card,4,100.33
b60b122b336eaee3323565272f117bec,1,credit_card,7,221.79
"28bfa0968ea8dceb17513700ddfc0745",1,credit_card,4,134.02
"128db96d96f727da26afde4579e68d48",1,credit_card,5,130.01
de28e8b3c44bdad3ecda851978e1599c,1,credit_card,5,77.57
"45445c1dfdf9122c4399129db31fba89",1,credit_card,4,501.36
"95f55726bc4e323e44e57778ca84c0b5",1,boleto,1,237.59
"4d312c4094736b92bf0f13f99d80ec86",1,credit_card,3,68.13
bf593abe2928b23b60cee1ff3471a4dd,1,credit_card,1,11.65
"7bf9ebeb9ca0448e688b41354069d9ac",1,credit_card,1,32.75
"94fe39bee80c1c3079352b97adba095a",2,debit_card,1,219.17
"47282cfe5747c1c19920f090e491d285",1,voucher,1,92.76
b28cd85f7b7464e08e64f88fc6f6123e,1,credit_card,2,54.00
"7c4c0055ea628addbaf69f0e09eba744",1,boleto,1,37.75
"3142418821f77f94d87514580a5d4bad",1,credit_card,3,334.54
"1cea424dc965d49b8e61503d53a801bb",1,credit_card,1,123.22
b17c37c07ccd370cd72a1884f380c532,1,credit_card,5,259.56
fd03c7890697c1851de6e8ab82086a4b,1,credit_card,5,62.84
"75979ee68f846e2cb2439240380d5291",1,boleto,1,139.11
d54ad227d3a2a78d0be3e553d1512c63,1,credit_card,1,44.42
"6484880197398c11ca3f6a7709f60aad",1,credit_card,5,51.04
"867edfba28b8528f1424668fbdf0d182",1,credit_card,1,82.60
e7cc5ff6366f7cc76c9285821a91b5c2,1,credit_card,6,143.93
d9024d0948b3358a22cdce1e33c9e39f,1,credit_card,3,71.04
"34ac523be174284d7b9df8e47bce2040",1,credit_card,2,108.12
"1c0c505a4321632f6c47fbd27fe142ed",1,credit_card,2,63.00
"77b24e14e65cdeff7657a0ea3c9e9878",1,credit_card,2,132.03
"9839e5fe0b943a8fc98862b6e4e88b1e",1,credit_card,1,44.09
"15ad076013b4586c67a8eaa4c0fa4370",1,boleto,1,157.40
ab0e3f0ce09583e2bb01c40b6b4e32b5,1,credit_card,6,217.16
"2466042f13331acca52c382e1d3ac6f1",1,credit_card,2,171.12
b68bc5e23953ce5d6eb6fd2fc3055763,1,credit_card,6,361.07
dba3d308cfb77b3fcc46a50e560080bb,1,credit_card,5,1898.27
d58bf4dd85230e05725202c1f0b4b800,1,credit_card,10,225.70
"14763e794086449f6d5cb89097b2afd3",1,credit_card,1,166.39
b51dbc584d8ff7bbe0141e28cd79eca6,1,credit_card,2,112.62
e7ff3e04ea51ac8a43db1fc220c76ce2,1,credit_card,1,136.26
"460e7c2c52aecac706c288aab6a044a0",1,boleto,1,89.75
fad008c0d1b347241252af6ecfa81b98,1,credit_card,4,235.75
e06ca49e4892725cc2a5425f4d39048a,1,credit_card,2,156.87
"8b62c0757b9c458179c29c2ea24c7886",1,credit_card,1,110.10
"7097d0ede6ff53506d935488dbe68d0e",1,credit_card,2,21.77
"6407b85bd242ce58598e1ddeaad6fd37",1,credit_card,2,62.60
af6d8cf91e8dbe5ee8d65ecbcda49cc0,1,credit_card,2,476.97
bf9c50664a2f68936562e38446c321d9,1,boleto,1,66.67
f0c82a051af6be8d8bc640ac7ed53065,1,boleto,1,41.64
a6bd1f93b7ff72cc348ca07f38ec4bee,1,credit_card,3,77.23
"2b08b8f0627e686604ba0e5e9f3a06c7",1,credit_card,1,119.53
"356e20d37981e953b14b5116b92979ff",1,boleto,1,175.77
c12a72f72509bcc1317ee119c5ade35b,1,credit_card,4,163.19
"0f62234641212cb7b178923f7820d1e1",1,credit_card,10,470.95
"9115302ab0ba4c1f3499709b47bd00a1",1,credit_card,2,72.10
df6b7e4d84d400a45f67fb12a8b2881d,1,boleto,1,67.50
fb778dbecc94ac70dabbc1bf2d339e0a,1,credit_card,1,58.27
"69563539a33f6dbf50c8e280e4e8a88b",1,debit_card,1,52.78
"6c30510910f5b4d215704b3b2b091161",1,credit_card,3,118.90
"1aba68837cfafa9cc4bba58efee87d4a",1,boleto,1,69.78
f987b0a9e1af0c2ab9667ca39d41721f,1,credit_card,2,253.93
"3d4b0fecd73a9bb32f9159b60da8ff43",1,credit_card,1,292.63
"6334d07e554699500b61eb1cefb2d4ae",1,credit_card,2,144.69
"173d1ec97bb46f172b91b0a6c8a1537d",1,credit_card,10,224.71
da8996a9d4001412806283a4996baf7e,1,credit_card,1,90.85
f238657140944de62a948d0c66b25f73,1,credit_card,3,37.00
c05a01b6c9f5e7ffda5b8d367db045a1,1,credit_card,1,38.54
"675b0980a1c53e959dc721b6e608997f",1,credit_card,5,386.35
"483c22865f4aa9d0bd3cceb535b176ab",1,boleto,1,35.00
efdd6716d5125862a11d4e354bd4ec3c,1,credit_card,3,84.23
"707b0eb6ced8aa82b4f0329a0ee3f3a9",1,credit_card,4,51.07
"3495837ea2ea4a98c76ca37122b2a933",1,boleto,1,110.57
e7475420bf383cf47bda792c4efc13c8,2,voucher,1,46.38
"06c17d1278ee3d265f881df4a58f11d3",1,credit_card,2,80.85
"81b1c5ab3c30ee9f67392bbd60dc0f58",1,boleto,1,175.82
"559609410c90dc1792181a5f260a6600",1,boleto,1,164.06
f739051916865c38153386babb752757,1,credit_card,4,248.36
d744afed01f7a27ac2864f952a787ae0,1,credit_card,10,121.64
"71c7a91ef2c9f2d5717181b75d85a761",1,credit_card,1,59.74
e3807cb03bd879bb71c662d016a448d8,1,credit_card,1,100.34
"1711f625690d080211f8c55bab2e12cc",1,credit_card,3,321.14
"1e4517d4bc3d36a859ca530b462408f5",1,credit_card,2,315.18
"71fecd3061e596fd59e65e9d62886535",1,credit_card,2,140.09
a304822264c42e355a3235fa2395b018,1,credit_card,2,50.86
d4e1ef173ac9e00a6f0c0bd6954183aa,1,boleto,1,429.09
"817aec5fee39a2d4968cb6c48bad78f1",1,credit_card,1,103.47
"298787a86f7ed145b210dfa7262fca2f",1,credit_card,1,35.09
"8a3756b420f3c23e6537a19e9d61a102",1,credit_card,2,58.09
"1dd363f5595f370f90d2a8353444ff49",1,credit_card,8,81.89
d89f2bc7981ac77675e55868ec92f7c4,1,boleto,1,38.01
"19482dab7e55b687df4b2aec7bf23f55",1,credit_card,4,198.04
"3a65b9bc5c2434a4c2675629a610d768",1,credit_card,1,38.29
"3ca7b3fb51ca030ccab5b14f9b68cbf7",1,boleto,1,71.63
"89546ffd3a887671c40c8e0eb8dfd3d5",1,boleto,1,45.19
fdd8197e350ed073eeb591a6dc3e74c8,1,credit_card,5,160.54
"3a66d09f5706316fe219b632a7ba335d",1,boleto,1,67.23
"2ef3c9464dba683f9e1375f7b3416465",1,credit_card,1,137.29
"5a2aaa78e3c69a74dd64b28846deb199",1,credit_card,4,48.02
d36acfa4bc85e54fc27dd9d1cbc8208b,1,credit_card,2,128.88
f5f064b225aee545d86cca63757f0bc0,1,credit_card,1,72.43
"58c3b9078e5980f72acd38350898f93d",1,credit_card,5,165.80
"5cf545017493456f694c201f5019515b",1,credit_card,3,108.20
"2938d86c8e6e92fb089538f210e7761b",1,credit_card,4,152.31
c04fd03cc8075ac11e4d723ff4ec20a5,1,boleto,1,84.86
"48f8621793a7f3a199cad88137acbb86",1,credit_card,8,319.67
"730062427b00e91a6d7aa369269e2744",1,boleto,1,96.41
b6cc16441c0ac5d724fbbfd192b801d6,1,boleto,1,450.19
bf6fa06aa0249987dc5bf7c457f1d556,1,credit_card,1,31.59
"95be8cd93b77a78622e9a813b31cc0df",1,credit_card,1,85.58
"8c76360cdd0bb9fda017969a3d273dc1",1,boleto,1,57.59
f90e3dbda8d123ab2f100a1538f5a43c,1,credit_card,2,206.99
"93fba8d92f02aebd0882af7cb81bfcb8",1,credit_card,4,47.81
c9fdbe9ca5eec85c1f92f5ba3ef25597,1,boleto,1,53.61
"34ada2d009b3c8faa260b58ebfa00ad9",1,credit_card,4,122.97
"49d37a348d815c6538b55ab71396e8c3",1,credit_card,5,116.45
"1e3a4dcb8d7e2e87ee7675a7930caaaf",1,credit_card,2,63.27
"857026945972df7017e1a4930a8a2ada",1,credit_card,1,68.02
dac9fc94a81081df3d4748c438111b9d,1,credit_card,1,71.80
"48d16c1c3913eec3eb5733c0f9fdeaa9",1,credit_card,2,84.08
"610e831f41e8e6fe3214b767f41a17d5",1,credit_card,1,2.41
"87adce6ee525918d852e82df8defd742",1,boleto,1,141.40
e9a87f539448764e674a6b96122c3ef3,1,credit_card,10,300.74
"82598d1412ae8a6ab0939b8d0d12e16d",1,boleto,1,334.29
"8f6f263a5e96515d5534199b74cb7748",1,credit_card,6,1603.08
"3bef345f66e6215315fa59acd680c863",1,boleto,1,175.30
"7ca4e50d72a12009d398a335125b4871",1,credit_card,1,161.08
dc0265afb5f2ff28de815a866decb5ca,1,credit_card,9,94.40
d935a08ef5c50d36476868e9413cccea,1,credit_card,2,47.44
"7109277b7a33daf4d8ecd24795675ac3",1,credit_card,2,85.16
"55fe3844ec031c3bf60449b7e37d4d85",1,boleto,1,143.22
"755a4d6ab201a238e51bc1d1ab18365a",1,credit_card,1,404.82
"1436cb05507a787c1dc757c1fa2f275f",1,credit_card,1,46.53
"32b5ca23bd0b8761a4e3c0fb0b4b4418",1,credit_card,3,91.97
"4b0c84473bd3be3ee00dba465265e79d",1,credit_card,1,237.69
"6d3130927406da969ab807821a93a65d",1,credit_card,3,54.96
"0ddc479b3d0cef2274f5247136199011",1,credit_card,2,201.96
"669efc1e4d498a04728b578a35f6e92e",1,credit_card,2,81.72
afc2fbf9c74b731c616892314ac3e201,1,credit_card,3,108.52
"898f13bcf377cfaa6cf7a53ab25b7afe",1,credit_card,1,65.71
f55cb4fd8cb8b16824c2912514216b2b,1,boleto,1,56.05
"01bb52d7a8dffb8bef5b79268487cd10",1,credit_card,1,176.36
"3c528555482dd82c04d09832f338e139",1,boleto,1,130.01
a40644cc74b7b5cc5d97aadc54b2f8c7,1,credit_card,2,62.37
"379663f7c5cf76e4a3cc7a2833071a39",1,credit_card,1,77.55
"958c6a70e60365b576dd696ad29bbca2",6,voucher,1,15.48
ed79f88a78631eade029d1edbbe02881,1,credit_card,1,39.42
d905856c062516e1bd43377034e5c615,1,credit_card,5,267.28
"2dc89150e25e0d36a6b80cea3c8a1290",3,voucher,1,30.83
"22c8ca185710c015f6ae93a6d78c9b4a",2,voucher,1,87.90
b51edc2e9375a9cc6fd96daf82dcfab8,1,boleto,1,38.41
"0c8497b3a4cac1978ea4ef63fbc78312",1,boleto,1,36.90
"6066c3889ab8affd2c01906b2d3b943c",1,credit_card,1,218.51
e4042b31d83d0e39b199d1c5a0c48615,1,credit_card,1,45.00
b78daf077b6b98f10302642e4c657877,1,credit_card,6,195.32
"7ab7584d518d5220c4d8f5245c28181e",1,boleto,1,346.88
fc297415452e5dc0d06afcd16e864ca8,2,voucher,1,20.00
b9d8b4ec472a40d54e329cc366627cba,1,boleto,1,144.78
"42b3a797a1829ba085add4da4900bd8a",1,credit_card,1,33.45
"2459150b1b6791d5e62fc0752dcf6b91",1,credit_card,2,63.11
fd9a39b683e84eb96a5c8a4f999f22ea,1,credit_card,6,195.00
c19e19a8551bdd68c5a4d75fb4c6f4fa,1,boleto,1,83.25
e857ba066536e2879870375314953dac,1,credit_card,2,473.40
"052ad30f046f581349410a7b366ef674",1,boleto,1,22.72
"5dd92537254a116aef59638c895dc4c4",1,credit_card,1,99.34
"6e258bdc53ebb3349a06f43a96f3fb6a",1,boleto,1,200.87
"68c47b8460f7f1e30cc524010aae7464",1,credit_card,1,57.23
"1c31afd294c1f1247b7d61bd29296562",1,credit_card,2,97.71
"0dbcaa88e213607d3795e96eda505c73",1,credit_card,5,56.87
"064e219a982901ccffc2d33432b77a2c",1,credit_card,2,149.03
"38dbe367a0d3a9f0954bc7593ea53b25",1,credit_card,9,93.62
"4574f007160b73672228b5b6b27f8b92",1,credit_card,4,43.13
d07116348ed0d8c1a55ff50e9d1121fb,1,credit_card,3,61.79
"3e1088f1c96e2b55ef9a070866bd1f1e",1,boleto,1,205.09
"9dad14cb70926812afb5ca62be79f298",2,credit_card,2,53.50
bba5d3c45d232d36995ca63ee0232d7c,1,credit_card,10,123.89
"27687629d1e64c201354bd2599e86782",1,credit_card,1,177.89
"9ae84d27762f3fddb23d96e69a81f3ed",1,credit_card,2,66.91
"5771faae60a2852e55b8cd938a0dab30",1,credit_card,2,141.29
c6ad9ae898bc6bc0f0ac50109d8e45cc,1,credit_card,10,1057.40
bca78450f06dafb5a5a614e9365cbf23,1,credit_card,10,459.01
"7948985f993a3dba42989d5ffef9435d",1,credit_card,1,43.23
"4083ae51fa136337c09bce24beff2fe4",1,credit_card,1,152.19
"28583c5f21217c9d51f9578b37a4b224",1,credit_card,5,637.49
"6b0c5f80e463c04c7658b97d1d37aa00",1,credit_card,1,52.96
"9cb828e4c199d05058a48c78126e3a51",1,credit_card,1,58.59
"0987ca7d6618e8d1a3bcc49207d6f713",1,credit_card,5,253.40
"5d09cfbc4fad0ff520925e4b6d6c4b75",1,credit_card,4,104.84
"8f0f01a6b1970e8f3c336a6b93b96d9c",1,voucher,1,26.12
"2c0b15f658bd85594b7943de2c9719fa",1,credit_card,3,222.17
"6bba56a94dd91fb13b3e8f412d518bbd",1,boleto,1,35.18
"404400118a82aeeb44e856875c40f5e7",1,credit_card,8,123.18
"9a29bfd9264ed56f941e188f6b97bb97",1,boleto,1,315.73
e2b6ff8b7152f1c7bf320b17088bf731,1,credit_card,1,104.20
e07c64fe885ae1dfd6e293336f695e80,1,boleto,1,249.45
"51d52f115820f57bd947308b77f392db",1,credit_card,7,78.36
a052b4ec749ff1fecf61228b8dd68a4e,1,credit_card,1,119.48
"837bf2d48f18fc4d6e2e32cac9941960",1,credit_card,3,162.41
"2e94b3f76e8e8c9aaca60e91b303c5f8",1,credit_card,6,139.17
"9ca192d3fd38d4aff0c137f84cf7e121",1,credit_card,3,37.94
"621e03f779410292b15f82803b88fabd",1,credit_card,4,143.43
b5dc2692452c43be647a4eae573087be,1,boleto,1,135.92
"1f186ad4ad389666cd9482ce1942038d",1,credit_card,2,35.40
"29387d1a6575cfba53d5b7ec40c4a338",1,boleto,1,459.32
"27f01bec8fbffea109aa86d4d3364a15",1,credit_card,1,73.10
"57fe0a3ea5f2eab0a68f2f9fac4e10bd",1,boleto,1,43.98
ee9e4a1d1929cc2d8d2f8c2a1cb3cea6,1,boleto,1,69.48
"37ae934eb8bbf96b80869741b6ec8d7f",1,credit_card,3,332.73
"687b6310118e5776dd599634c9dc51fc",1,credit_card,7,146.06
fbe00a3fcc28965ba29bbe674f7672e6,1,credit_card,1,14.13
"2a898874fbdeadc5df2ea8a0b01b85cb",1,credit_card,1,140.20
"1a5d21f44c73693b9930d0ca33a9d0b1",1,voucher,1,236.39
f85ae34425864282006a444408820201,1,credit_card,8,342.25
c2cd6ce44609af75d061dfab2f67179c,1,boleto,1,67.42
"0605918e96aec0f42a10810d92b5e864",1,credit_card,1,47.48
"1704f72e83ba22cfe2c2bacff1aba981",1,credit_card,1,47.83
"4517217f6929827c965b96a34e5ffbaf",1,credit_card,2,143.65
"0a5862d87bffd3cfdc0615c7aafcf408",1,credit_card,4,43.98
"3e9bdc72197be8d2881273a27efc207d",1,credit_card,5,921.24
"6eb9f3d505ab7a74d384c6b0acf7d57e",1,credit_card,1,87.71
dd8895e91847869a1317a8ef7313e241,1,credit_card,4,163.79
"9f10d04a296cb19c784bb4e4ff20d83e",1,credit_card,2,160.17
"882dd62cfb645823fd2fe550592fd4fa",1,credit_card,4,101.75
"72a052a9ab8a74244365ab1abf627bf3",1,voucher,1,23.71
b9f036a816205e4339b9b1c914ea656b,1,credit_card,2,35.33
"857e0342c23a497fca50823f08d9eb13",1,credit_card,1,135.12
e9200408a4afe99643102fe5ef8c66d5,1,credit_card,8,820.46
fd79284ba0bd11e560e236f939640143,2,voucher,1,161.18
"6dac82bff64207fd718220d97afd6554",1,credit_card,1,49.41
"02e723e8edb4a123d414f56cc9c4665e",1,credit_card,10,117.85
ab7bbcf90a1c2d1b7cf184cc23e18af8,1,credit_card,3,36.78
"176ab7788ed5343b09c9c5442f613614",1,credit_card,3,144.26
"2d47336f7253464c839935f712a4d4d0",1,credit_card,3,111.77
"357b4b724bbf34f1d64b1c5dfdc88120",2,voucher,1,1.51
"858d458b39082890e96fbb1fed8c2a52",5,voucher,1,252.97
"9a1ee1a8feb17ebd8368c1b36e97bac1",1,credit_card,3,175.48
"68d0a2d8ff8ad6e42d160a62d3d34fce",1,credit_card,1,179.77
"837fcf1495a7c0bdacbf9ef5a901fb03",1,credit_card,1,219.40
b8472009a4253f5c47392eb3341af63d,1,credit_card,17,173.29
dc66d93a6a91154ab8dd2e7779e9a1ac,1,boleto,1,76.73
"0cb87161e7b8247087cc93117f44a6a6",1,debit_card,1,630.28
"821c1b3c87d17a24efad81096bee5f09",1,credit_card,2,138.33
"30e5f6d1724b24b1d19d90ec48d9c7d6",1,credit_card,1,34.35
"0b38581eaa98bfe8d55c956b4dab5bcd",1,credit_card,1,59.60
"86bc68d61da741ce223415cef6a13799",1,credit_card,7,73.76
fd3fbd86a0ccdf3ae7981fcb539cf942,1,credit_card,5,335.86
f7fad826bf8b035804bdbe1e8342fd21,1,credit_card,3,77.29
a599309f5f79fbd2d37ff1451b16d526,1,credit_card,10,665.54
e2eb5d52ac1fbe44b4651b9d52b075b6,1,credit_card,3,122.83
a83caeb2e8820ea81aed1583aaecc19f,1,credit_card,2,24.35
d8ab6e868995a618b7abea3119b56789,3,voucher,1,14.97
"44003ab575a9154a1560d283e5bfaab9",1,boleto,1,38.28
fd85717bc49c767347b7b46317392d7d,2,voucher,1,30.00
"146479aaf9d2856e1d613691b0d0b049",1,credit_card,6,104.37
"4886bdc3d38b4558a42cca69e30e0808",1,credit_card,3,310.28
"404ae63d165e7de5dd0bade9787b50c0",1,boleto,1,1425.56
d6e3732aea036f7d71b44db75163e2f4,1,credit_card,3,182.81
"949da213708b3d6a45376f7adf883406",1,credit_card,10,196.72
c69c18eaa4efb1da1d0a89ae4e9ee485,1,credit_card,2,96.71
"46d8abc321ff81d200796807e1088fab",1,credit_card,1,123.52
"6048533001f5fce8b89fa52898d99047",1,credit_card,1,100.97
"0510f632b86f01064ebbde67deb63bb5",1,credit_card,6,113.67
"6404e2bea6a36a8fd5bf64660a5e5187",1,credit_card,2,155.63
"85e05c3c9aa9834518f35d4f286014be",1,voucher,1,612.98
"410ba50fe8c000ab2342ac8e4282b2f3",1,credit_card,3,236.97
ac6c5572c59ca76c1e87fc0ed8415a93,1,credit_card,1,31.29
e810b951987f209ae0bc4bd6279c837e,1,credit_card,4,98.61
"9125562ef8d65ae1d7443c3d64d4a810",1,credit_card,1,94.72
"1d9620d3304b1a785d94220904c4a33b",1,credit_card,1,73.15
e395f41a7b2899eae1063fabe767e755,1,boleto,1,34.09
"75f1f96566e2fbecc5fe22dd4f16f8e8",1,credit_card,2,142.21
"88378ffe8de3a4e0d7ef03e71010d618",1,credit_card,8,137.93
e7803fdf4f98120deed486a41a0f4fa9,1,credit_card,3,81.72
f802f0454d62d229a457b29f0dc41173,1,credit_card,2,122.51
e86076594f76aaab01e5c99b1863fb50,1,credit_card,3,36.34
"9006464e8413a8fed96d20843c6c5ea2",1,credit_card,1,35.09
"155809b08fd56a13a541ff3ea4e9db2a",1,credit_card,6,75.65
e35bd284b205ea082108ae3703c84428,1,credit_card,4,354.16
f69d0a58330775f717bb47e9640e4c04,1,credit_card,5,55.00
"5e021cdf9b42799cd60d771910e43008",2,voucher,1,164.88
a2677b25a26acea6df16cba7c96c612c,1,credit_card,1,79.34
dfaedd65a3ca2a4cc07753c583a535d9,1,credit_card,9,90.72
d33aab7eec3e76dd7e074c6ff1121b6c,1,credit_card,3,34.09
d774b8d135addfe83ea0616b71a2f32a,1,credit_card,1,83.41
"8046235d64b3479dfce835281a85c0d6",1,credit_card,2,51.10
f8c4580716ac69092b8428753aab516c,1,credit_card,2,61.05
b6230773d920876bc61d03d8b93263a9,1,credit_card,2,160.51
cf18cc607f8e7571b9df511e66edb910,1,credit_card,6,64.60
"12fadfa917595c54415e404234e32d2a",1,credit_card,3,117.43
"4c2c7fcf017b1d438e1d6b7898d34a3a",1,boleto,1,65.71
"9cdc72b55b79350079c72ed8a2e8ee17",2,voucher,1,100.00
"47852cb7df51fcfcdcf3f3f9969ac1b9",1,credit_card,6,120.61
e3f50e1c357268aa977efcfc6043c79d,1,credit_card,1,5.31
"1555d6b8d8b15b1080ee70dda21c8d02",1,boleto,1,116.94
"5b57e9de57b0d980b9a9049aeacc5955",1,boleto,1,61.75
"557fe5a8a05a2bbb733aacdf6d9b2b9e",1,credit_card,2,197.90
"373ed2d4d423781420b5755892ef90ff",1,credit_card,1,40.84
"87f53a70fe59ee417c9cb654dded07ac",1,credit_card,5,58.39
a6891e28ce17d3ec9391ae48c5a321d1,1,boleto,1,164.68
a63140ab0b3a71576d5a31bb94f448c5,1,boleto,1,32.96
"642b02cc49a41f1a1edfcad2d7222c3c",1,credit_card,4,506.87
"24e3104e1b85e87a36644fa9530bc9b4",1,boleto,1,88.08
"186f1bcd133540f30b81866e159ea4c1",1,credit_card,1,75.20
"2745579b0446d51b9aa8263485dbeb1d",2,voucher,1,100.00
b8f556e0eb31034a9346b2d045c90186,1,credit_card,5,1143.22
"56c31c03a2fc4a10abafed9320733788",1,credit_card,10,124.27
"62d3261f3aa7517f7d03885db3ea7a97",1,credit_card,5,122.17
"0553f54e437f2d7fddccf81ae9a646c6",1,boleto,1,63.13
"1dab6cb14267214f76fe292d1a79014c",1,credit_card,4,291.72
d7fff2e689eef0b359f58c2dbc4084e6,1,credit_card,3,186.84
"19dba6d1e58b04e7fc820558a38ea398",1,credit_card,1,104.79
"160863da0eb253edd4f43186bfabc94d",1,credit_card,2,273.23
a98f79318168a3b20eca9c4530909f49,1,boleto,1,840.63
d81156ef56e9f63131e4286930b47b89,1,boleto,1,193.91
ab377121ab607d829a167d9796781f67,1,credit_card,3,38.84
"3fe46f6a6327c3afa825f1359f7bf566",1,credit_card,2,49.22
ceeba269d5bac0789567137ac2e6d57f,1,credit_card,1,97.89
b0ed97babdfc249ba9d843fa7eaf907d,1,credit_card,1,83.04
"2c7051c176c93c8ebbf5f8a23dc16e9a",1,credit_card,2,372.16
"916d528035e91b8200b31e89ea89bef9",1,credit_card,3,65.71
"9fcd31b22b1d10dea904f5f5d8e3e7ea",1,credit_card,4,47.04
"0e5423b2f5a2083884f519fbd18dd11a",1,credit_card,10,136.92
"7b47cd1ed3f005eeff2bea8a9c18fae7",1,credit_card,2,147.34
"5d6343c55d971fe043e51c84df19bdd9",1,boleto,1,177.26
"6636dd85ee82b4092b9214cc640adacc",1,credit_card,1,66.76
dc5ba59adf78a3c3f5707f5bc83ca234,1,credit_card,3,69.78
ba4b69317916ce7f91187e885404b6a5,1,credit_card,2,103.42
"3ae4d97402b1cec4506cad07762d0adc",1,credit_card,6,63.51
"6fe0d4afaf96ac0a6792ffa85d4b5830",1,credit_card,1,113.45
"7b4dfba3da6058deea685e1475eee769",1,debit_card,1,29.68
"1fe7851e9b8770f04c394c0d0735fd9f",1,credit_card,2,65.00
adcd0c83cc5c1885f8dfcf0f9db19481,1,credit_card,10,175.88
"1f631e0e2cea6a8604ce260aa970bb09",1,credit_card,5,67.56
e08b081159a2418572e1a0fad41c8245,1,credit_card,8,340.27
"42c1fb96d0ddaa4cd3e00d607bf2cfe7",1,credit_card,10,215.22
acb08a83f62cfd54a98e76c21cd268fd,1,credit_card,4,41.05
"5ea0a482c758f0cbbcc6b10b0962a6a9",1,credit_card,10,248.84
a9b6d8e262a7af70b343cb113509e489,1,credit_card,2,93.48
ffdab5e1596138d37793566aa1424d0c,1,boleto,1,418.35
"4a660f659cd47b892fc643f1fa11d707",1,boleto,1,116.79
"741a069fc52eddb1d68654722abace52",1,credit_card,3,66.23
"517edafccdb3fbe4164342a0f5ada0ca",1,credit_card,3,135.49
ed69463ce85109f7c23511a77f8dc603,1,credit_card,2,52.72
"7bd6f884504774c544ac34655eb8953a",1,credit_card,1,95.31
"4689b1816de42507a7d63a4617383c59",11,voucher,1,56.42
b031da90f1946edd12ee2587d53c667d,1,credit_card,1,192.75
"636f0241ddc83a3b9e37a8088167bd45",1,credit_card,6,290.65
"9526a0630cd88ab2d58db42a981eab74",1,credit_card,3,76.38
cc9f8b649443008d4222c7255fbc7454,1,boleto,1,192.83
"813bd43a2ed21157ce6f32346a63e01a",1,boleto,1,119.51
d83268beec893067aeef7a062622d721,1,boleto,1,69.69
"06a9ff8c19b2d371a45c48568283929b",1,credit_card,4,49.12
"16dc31df327657954186535144a72e95",1,credit_card,1,813.33
"4f9b6a9b3216925859301fc767b0fece",1,credit_card,1,51.44
d37903927d4afa727aff8976a9a49c80,1,credit_card,1,41.84
b887ade3d2811206aea4fb2c9390d0dd,1,debit_card,1,56.40
e9ca4774d5c077b8b4be87d25eaaaa3d,1,credit_card,4,188.50
"52980848cc7019752a073e8e889f97e0",1,credit_card,5,55.79
"2cb6f509b0ff4794888a4f664f857dca",1,credit_card,1,267.99
"5b4f00a35fd58a123ce23e316367c174",1,credit_card,1,32.69
fa3bee504523342f3e1b29cfc38a91d3,1,credit_card,2,86.54
adc12f10b0d49b969eeff04bfef21427,1,credit_card,1,35.86
d5aeb56df77bc1d4b5ff5a069ca1830c,1,credit_card,1,58.22
f47c8a5f13b399d0e46beaf4e9d8b952,1,credit_card,3,193.60
b72a8622beb9d67af92564bfc0f39dc6,1,credit_card,1,57.68
fbe404cf18f22d782369d500d1a75671,1,credit_card,4,53.22
"51bfb3720850ad59846938a017083559",1,credit_card,4,312.49
e67ded764ce696c9991013d2bb481794,1,credit_card,2,47.38
"77ff15a95ac5dbc2c62ece6326365ad4",1,credit_card,2,147.15
"93b9173d182af83f59074baf05d8c13e",1,credit_card,7,70.16
"8381ea8128b59fa52e0bc4470c52ff35",1,credit_card,3,238.50
fbaee591810d3fe0adba011d245616e2,1,credit_card,3,145.77
"8551e4893fc1357dda960b1a7202b53d",1,credit_card,2,114.47
cf099a8029312a7454ff616d5fb6b33a,1,credit_card,2,83.76
f73a22bddb155350e16a991b2510fa64,1,credit_card,1,287.12
e1041ca455e08b097d279568b13b22a1,1,credit_card,1,27.51
"75ac959e92dad3a1807efc845e07e439",1,credit_card,1,25.87
"56a91c78a7764f270b44113386c34866",1,credit_card,2,69.13
"2bbd649e67b9a3708e563c6c08424bd8",1,boleto,1,127.41
"3f7e2597afafe07f94a15e7f5da01135",1,credit_card,2,199.04
"14001e8cd1c29d0bce5b5bfca73338af",1,credit_card,1,195.91
"25c0762610a416a21571e4ab3cf179b8",1,credit_card,6,127.30
"6246b1dea3285b192583bce8da02672d",1,credit_card,3,91.16
c31c5506867767b7649a3833086c2925,1,credit_card,1,31.00
c3ede21d18f8a162209aa5c1eecb0385,1,boleto,1,66.10
"8af910ab3dcf14bd966ba647e2ad995a",1,credit_card,1,25.79
"1aa720b6963ff9b4b5bff9bc48b49a89",1,credit_card,6,72.38
"4a90af3e85dd563884e2afeab1091394",1,credit_card,2,115.76
c5132855100a12d63ed4e8ae05f9594d,1,boleto,1,140.65
"9c8e60a3e496cdf773216fa56215dd47",1,debit_card,1,119.88
"234c056c50619f48da64f731c48242b4",1,boleto,1,75.71
f42fd1b7b634f6761504f8e16bb4e81b,1,credit_card,9,455.71
"3c13195e54b623f3040b926c83503002",1,credit_card,2,120.48
a07ca6d224dc0279ca0e1b48ecdb071a,1,credit_card,2,90.83
cf5e87e100797719b34cfb5855313b85,1,credit_card,1,126.44
d568698e0ce60cca292f739e9a60e8d0,1,credit_card,3,211.59
"32a4cb38a96677e6bbab3a8ea1c2aa87",1,boleto,1,164.99
"9f1d354d0b38456cb1333c100e1388c5",1,boleto,1,198.90
"848a8ddc7852a84bc58017be865b58f4",1,credit_card,1,117.06
"074054ad3d2e5ee3fc6f098d06f321f9",1,credit_card,8,110.09
bedc87ce363e6bf8c8868b96b2213ae4,1,boleto,1,29.69
b7705b2fe11703e8b7e9cf02ddea50f9,1,credit_card,4,42.26
"576e9a23f503e96fdc30b174e8c6d8be",1,credit_card,2,122.57
ef8bdca46820c9cd351e4f5fefb66673,1,voucher,1,92.57
"70d7affe471e6f94c28682a3bd9b5552",1,credit_card,1,42.89
b5628337dad9ae1f38266f0e22fdae4a,1,credit_card,1,39.61
"1644056a29868cbba3251a81fae0e1f8",1,credit_card,3,144.58
"202f7adadd1161d6f5778db2f654518f",1,credit_card,3,334.29
"293d3c2a058c0395d19e7d1a4aa87f41",1,boleto,1,65.71
d82197665b49263e8815437c1e860b1c,1,credit_card,2,75.07
"35039106462613532618b7d841edf773",1,boleto,1,113.65
e9f590ae043019d94174150d8acbc07d,1,boleto,1,47.69
"6be0e40ad5ed600b9e6b90fb9f58ba3a",1,credit_card,1,145.69
"1f9dfc58c0cc9cd0436629cbcd7fb639",1,credit_card,2,127.44
f60f24675fc59697853e289b853f5cad,1,credit_card,1,166.97
f3a11dab21352ec16a6d038ce9958381,1,credit_card,9,114.18
d78332a90347977084cb14932f97ba95,1,credit_card,4,49.85
"1764739dbac867a8d361a7694d05f69a",1,credit_card,1,77.29
c0850e79daf52e54ddc594485a4819d2,1,boleto,1,114.79
"85e84e0247a114a9d610cb0a24710ad3",1,boleto,1,78.42
"8385fe258f97a33bb6ef40c70db6a4a7",1,boleto,1,126.57
"84ddeab730355e225a171d7d4249217a",1,credit_card,1,57.53
"57c18f4284e896f80e8b81086c4f95ef",1,credit_card,1,38.01
e7cb94c5e7b7ce7ea2e83e7e461662f9,1,boleto,1,133.64
"6ce285ecc898105204fa22cd55838f01",1,credit_card,2,52.85
"755b8ce688b56a26332fc83dcc35806d",1,credit_card,3,113.21
e72a36376762439e06ca2defff6e1844,1,credit_card,4,145.14
"4551cef6547305066c9e8a9bd4c5641d",1,boleto,1,62.70
"01380d0df5b7dc8bd13f2266a57bd42c",1,credit_card,2,27.86
b0945a79c684fa367896247e7afa4628,1,credit_card,1,86.73
ad270676ed8a3174f472811e0144761d,1,credit_card,1,161.77
ce07c393d8aef25ec77567483aac364d,1,credit_card,1,369.01
a6e6bba879d27420514b5a4d94627077,1,credit_card,1,88.22
"1323fc7bc118e902322367ce662344ba",1,credit_card,6,140.63
"875465832a4acaeac638683b74ba9886",1,boleto,1,79.52
"984b006a1482a4e7916421a663b1e800",1,credit_card,1,125.99
"3e22362ff8073375db0a40770f897f7b",1,credit_card,1,132.95
"2e9d5ee7d598619b69bba815527c91ed",1,credit_card,2,195.47
"3ddfb3c5858191cc1e798ac13e6ef582",1,credit_card,2,109.68
"123bd704aa690b51cf57438baef18a0f",1,debit_card,1,67.39
d7ae32c7a5b1f93a80e672ce4fe7d7f5,1,credit_card,10,647.40
ac5191d38d98b832e91b416ce1b61e3d,1,credit_card,3,68.53
"81e10459552608b938a594dc56164d41",1,credit_card,2,112.32
"31ccabaa81946cc788f8ee01c7fc5525",1,credit_card,5,132.99
d829ae9ca5e0a9749f2574b62eb7ac10,1,boleto,1,167.51
"42e3af7ec52f821dbad787963f94a3b4",1,boleto,1,264.16
"5f0d1267a27284c0f27b7bfe756b59b4",1,credit_card,1,77.79
"2db85f39c0e605e5805b261330701dd1",1,credit_card,6,69.65
"0b5fac54294af7123ee72a58d00c4b97",1,credit_card,5,173.33
"0ee7b1f086c44cbf2dc1efbdaa69bc19",1,voucher,1,108.00
"049c844d7707d97ba1600196919474f4",1,credit_card,7,144.54
"722472fb65236469ae8a7934269a980f",1,boleto,1,131.02
"5770aa15c9085d967ec2a3ffe34b64f9",1,credit_card,8,297.42
"47aa694d87f6ae4995bd02d6e8d9132d",1,voucher,1,7.83
"9dd1d19c4558ecb8601dd0305c30cec0",1,credit_card,1,96.22
"3a17199c5f4688279c69a931b1950c86",1,credit_card,2,41.87
bd982aee32cd290fc0ecf05ec77c326b,1,credit_card,5,119.32
"45e23c55f1e319a0808c5924598cad9c",1,credit_card,8,205.08
b7e23b7efc57795b6806ef873f1e5ab0,1,credit_card,1,46.84
"149e05c35b52f83ae401b6402b2bf7c8",1,credit_card,2,145.88
"6d781e62fc99f1af77ad37974cb0a1b4",1,credit_card,3,92.57
cbbadd3919b803b6cdeaa2e7811bc47b,1,credit_card,7,248.22
fa1ef91c1e8b0e6058d8d16cfe230ff4,1,credit_card,1,77.99
"6da4587a1165373a6932574c423a0791",1,credit_card,3,103.13
bcaeee361335dfff837f461e0e3011e1,1,debit_card,1,163.78
"57df8f4c76508fd7b520deeb75e2587b",1,credit_card,3,238.69
"1ab592bcd5d82491578a95e113886d3c",1,credit_card,3,37.87
a8efe989c98ee6abeb71302e009de4e1,1,boleto,1,190.06
bfab719f64f6c06620c60d71353b2b76,1,credit_card,1,52.59
d9ba89fb1ef0cec7d158b8a2679186f7,1,credit_card,1,40.09
e66cc852b36edb438911a0865e65ed40,1,credit_card,1,75.53
dda49ab2822cbc8fa455bd3f699b39c3,1,credit_card,2,137.99
"2199c1bff4b83c7fbfe37f9f8818326b",1,credit_card,5,141.69
"0927a99c4c0b6c6b2487a4e869f7fc2d",1,boleto,1,325.41
"79186d3a09b1799222f2860be082e832",1,credit_card,1,39.56
cf6af03cfe2aa7ce2b23c2b77c1ff722,1,credit_card,6,193.38
"955cfc6fc88baf05abb8692e1285a9d2",1,credit_card,2,76.08
"8c3337e8848790574f8d28f6591afbb3",1,credit_card,2,101.85
b9b3a57801f2cb36617b727e256b4089,1,credit_card,7,70.79
"59e5317d09cbdc3fb1a09620de067934",1,boleto,1,89.97
"73de28dd75c1a15abc8a5fb46fb734b6",1,credit_card,3,101.48
faa68fcba0ef1321e0c356db33de5293,1,boleto,1,280.12
"3147cb8f96cb619b380fd37e3da08c93",1,credit_card,4,227.23
c53d2f2ce4d10360456c69e19f991aff,1,boleto,1,472.63
"4b61e59f2e1c4db048b4e39cd0dbf2e3",1,credit_card,7,127.41
"9c987217fb96ab86ca15a379d251595c",1,boleto,1,71.63
a9371d84972a342ce1cbfc0343d3518f,1,credit_card,1,182.14
"83e1eaa798d40149e009b6b70835e330",1,credit_card,2,113.44
"0e54e7e8b39dfc550dfab97b23c7b582",1,credit_card,1,70.75
"0c63a4c9a17deeff24d65bec51f3a5ec",1,credit_card,4,42.60
"9f0e70e8d046d9e0626bbdaf1aff88c4",1,credit_card,1,166.57
ef22458e7cfa237cd68b3be657f4f0c8,1,credit_card,1,60.25
"5c6c22a0e96822517dd3c5ee6cd1fbcf",1,boleto,1,187.43
d32c8abcdc749f46da62424028a3aba0,1,credit_card,1,42.40
afef35dc39fc444cf0a4eb5ef26ed61c,1,boleto,1,28.75
"73ab3121732a6b5bd3e8ad44c1d81c57",1,credit_card,3,48.23
e5e97ea49a63037149fb40b8d41f87d3,1,credit_card,1,70.58
"7762cd5ec1084b412956b01811bc553c",1,credit_card,2,77.57
"542def2bcb1a98c1ad42b899b560ae53",1,credit_card,2,133.08
"31effa440b34ae0432d83ef645db463a",1,credit_card,6,199.00
"18a1c68dfdce96e96b0faf031deb6b67",1,credit_card,1,75.08
a3d974992b6e4d46af6f3c6259ad725d,1,credit_card,1,57.37
"2d8d50ea5c81b884a2dfac05b44f04b2",1,credit_card,1,38.01
"840a77e5812e6cb838f4957339f5aa2c",1,credit_card,1,81.78
"1a611328643ae11146ba09a4425d2e12",6,voucher,1,6.34
"63a0e19325e063aabcb6d25bc5223d5c",1,credit_card,1,37.99
c3ae28dee41a7607da8e659abe468564,1,boleto,1,145.56
"6fc4b5c7dea29fb5062b9fb57e3d958e",1,credit_card,10,636.74
d2e18fcf7ecfd667af457a9e7034c86a,8,voucher,1,20.45
"378e9f1b518253964f1e82f349d90b7b",1,credit_card,2,23.93
ead37570583efe55df28edc4f2470bd2,1,boleto,1,155.79
"084ba79e5ae4e7d7ff0221c538c38832",1,credit_card,1,41.95
"55aa5052d111a948144ba6bcbc4016ef",1,credit_card,1,71.82
"606a4d197c2fcc7ea1b91a89c0843f1e",1,boleto,1,129.00
"9a7e84a8e7529c1027405b02b74fe068",1,voucher,1,242.03
cbe9eae36605cf2bd005c6bc1ae5f864,1,credit_card,8,119.81
"268611f7d2f0106b616e88e532e05a2b",1,credit_card,6,62.69
d72a592fb03726e61907b9d4c2c654a3,1,credit_card,3,38.10
"1e906c082a3aa57596a2fa25a7e6cf25",1,credit_card,3,33.56
be754126110440ba89a5456475333453,1,boleto,1,414.00
"38dea96735b5f6e74378a68f84099233",1,boleto,1,199.07
"72c1d87887d0b9a3965557013e74f543",1,credit_card,2,139.69
"67eb57181746afb1fab832cb7ebe5e51",1,credit_card,1,37.38
"8dd65fba2478cb614c25783cd1be3449",1,credit_card,3,62.68
"4a7f6dd027d9a492108f77d26d69e304",1,credit_card,4,279.70
"20cc195f7abe525abd0697163e2c8e0d",1,credit_card,3,166.67
"287d2118fca00b6778f059045ad3f610",1,credit_card,3,38.78
"4f902f639aad5f00c8e814b248e3b4b3",1,debit_card,1,57.51
a65123674e1b3ffde2fff9af8c009f30,1,credit_card,3,150.14
c05dde0f88afdb953c533a239f6b29f4,1,credit_card,1,89.70
"1ce8144d59eef2763c0fbaf8ffd26d31",1,credit_card,3,65.00
"065963d921de479181824ca8d8737935",1,credit_card,15,473.95
"7b407def87721a29fc233b7ae9ad6013",1,credit_card,4,579.78
f31d5a3e33c2203f5ae326272b1b6b08,1,credit_card,1,105.38
aa0639a3e2aa426f0b46f6a4c2d2efce,1,credit_card,6,315.62
"9f78c08ae4928d0b51b8ec8da9585714",1,credit_card,1,45.86
"06c82be9b8551eb37a9b8e7e05dec631",1,credit_card,3,100.34
ccd1fa6b2fb4f0a8262c3ee88f72f383,1,credit_card,1,75.44
"836bbfbee6382c97c9118b1612dc5497",1,credit_card,1,39.84
ac3b0c224349e4ca9a0b0f2e8fbc4c75,3,voucher,1,20.00
"060b8f810cc106b90824b59a26ceb0db",1,credit_card,4,177.25
"93f09cc1052604f96116493cbf93606b",1,credit_card,2,102.42
"0e1ac2cf21f589ee45dc574349228a9c",1,credit_card,3,108.91
b9866b0dfe289f3a7f15e190b0283d34,1,credit_card,5,141.04
"4c4d0f4c8d4f702981b6ecad4dc40ca4",1,credit_card,5,132.58
"8ef805f6b95cf7f7e95c49e91050920a",1,credit_card,8,167.61
c719df673fd4a8bbb45e7ecc78269d89,2,voucher,1,3.39
dd78f560c270f1909639c11b925620ea,1,credit_card,2,60.69
"4ff1875e3f8c120cfe6cef2ec1aca104",2,voucher,1,20.00
"4b33e7ab86ba5f28513f84e4d75c79fe",1,credit_card,2,27.79
"46539409edc91bbec9b3a7b06b414463",1,credit_card,5,105.28
"514290e30cb76393d6623ca6d7d79ee0",1,credit_card,1,115.90
"17191bb9601eff541e70874ec9c19655",1,credit_card,5,248.84
"22ca2c0914d6a325764b5d09f54c1c00",1,credit_card,3,151.49
ab53b19e9f59776c6556ebf49e85a52c,1,credit_card,1,74.97
"278373e52db807377698eb36337a8246",1,boleto,1,92.11
"7ed69fbc79fbda50e09caa9c127026e5",1,credit_card,6,117.58
"2d7d78a1457c3765a5ee5dcae46046fd",1,credit_card,1,257.94
"371229efe5a72afbbe5fc026b4b8d3a3",2,voucher,1,68.83
cb1d3422684cab64f603f1b70a68e2ef,1,credit_card,1,47.39
"9e56ad5aa7b82470ecf52af83edbe7cd",1,boleto,1,354.45
ba5aba1c68c4ba890bf8700e5536eadb,1,credit_card,8,84.98
"432c429c86371b479f48d4aed000409d",1,boleto,1,286.64
e6773c853a5c599fd82b2289c538a1a5,1,credit_card,9,93.55
"96ff2e51c5b01a50ff5d52ffc5c7d87a",1,credit_card,3,243.50
a914054902523db41cb44dd114ef17ae,1,credit_card,1,77.23
"7d000307a29338a053287f79e225e09a",1,credit_card,2,165.98
"19c1376b2449385d598bc89c73cdf380",1,credit_card,4,43.10
"4f531643f9a824b14d56621d4b679512",1,credit_card,3,36.35
"5d7ebb8135efd1d4b10062c9237915df",1,credit_card,1,48.30
fc18f2b39a405a27ba3597b24a5828b0,1,credit_card,1,27.17
e82d894886abcae9bc58caf489ef9cdc,1,credit_card,1,54.34
"2c559a6f1ac48c4f100f4775a1362ea1",1,boleto,1,1083.20
dbc90d1425b57593618eae51de0bd3eb,1,credit_card,5,53.22
b52f66917d5dcb9b040622761f939b97,1,credit_card,4,113.34
"6de62f929c2967a3932bbfe43a85b0fb",1,credit_card,1,22.36
"2efe3d3b0ddc295d2ce1c43f021078cb",1,credit_card,1,103.02
"7a10425bd53603cfa8f0a9d68b6aeb6e",1,credit_card,3,89.32
b9b02ea6b4c73fad1faffdc7e4deb3f0,1,credit_card,2,103.55
"5adbed163937249660758e9721a42a74",1,credit_card,3,58.10
"60218eecf87eaeb58657769f328f2726",1,credit_card,1,136.50
"3fe0e2ede93f661b59fb83477ac2695b",1,credit_card,2,24.38
"7b5004a23c4918b7c96c9d0cfd6107b6",1,credit_card,8,394.52
"3b28722276b5d42721d0122d688f518a",1,boleto,1,25.84
ea437d6c742d02a7efad561c9ea0fb40,1,credit_card,4,60.42
c526fe83c01c48066394ff5d81f9ab9a,1,credit_card,1,134.36
"2685303a30b9133248bb610af20a7811",1,credit_card,1,50.86
"4dfe63cb6237de0624ec0183a74b57e6",1,credit_card,5,136.71
"99511d2c38a3868964fa72b10e4bdb90",1,credit_card,1,87.35
"6fad49da8f66678c9590e7c44a4944f9",1,credit_card,1,54.42
"761de39b98af23c2f3b771461e2c5e2c",1,credit_card,2,152.88
"00042b26cf59d7ce69dfabb4e55b4fd9",1,credit_card,3,218.04
"0dd483f7dad813785dd28594b02aa623",1,boleto,1,76.78
"2ec795cf2d2eb7925def2e207f6f648c",1,credit_card,1,104.38
"6345437ab1ffa04f5a791c668934e196",1,credit_card,1,49.24
"1079ee0942568d7c4778bad8d4192e0e",1,credit_card,6,62.68
b6d796dfb465b5a87da9b088c718ce2f,1,credit_card,1,97.87
"39fe0f3cac902673a46b974f5d4a8528",1,credit_card,4,116.20
f06f8d3837dbab6729adfd09ba404938,1,credit_card,8,116.48
"1ae30c5681d6d6b47eec63792fda4ff1",1,credit_card,1,60.73
d3b59b9a0767514f777439a668f564b8,1,boleto,1,167.63
"2a426febb90cb52eb50b9fb0f23a2866",1,credit_card,4,94.31
c4f67dd915abee56ff2c2bd41bbbed24,1,credit_card,2,242.66
"09badf53476a6bda72b4728e858a3433",1,credit_card,1,31.75
c39f9e3a2a8caa1837ce092c7184e2cd,1,boleto,1,137.22
"3c655487f0c8e34cde2c7b67de8f08cc",1,credit_card,4,121.05
"8065d94a1a325faa7f4302d26b975a2a",1,credit_card,10,190.86
"9ce19d5b71288d9c2fbb7e5848d28d95",1,credit_card,5,148.97
"72e879557ec303f7f0e457cac42648c1",1,credit_card,1,59.18
"102ea4043e0c7b678470f26f0a726e57",1,credit_card,8,109.50
"9e67cdebb306f743bc4e3b1064f93cf7",1,boleto,1,31.84
da88d77b3b27b963c613719ade2b7dd5,1,credit_card,1,103.55
df1673f73c6ab875ce62808a1e5e460b,1,voucher,1,38.30
c1bef4d15c96b3625b389a5abdd23d8e,1,credit_card,6,592.09
"38a86eb53c2309d6234fc9bad96331ac",1,voucher,1,412.64
"4c844ad892548aa3024f6fbd7cb7211f",1,credit_card,2,48.59
f367411734b07bc2652c4d87e14684c1,1,credit_card,3,159.93
fa390c33c5c4b2d0f270fb0050e8fb40,1,credit_card,4,48.62
"1f68afd1b515cc9202ccaadf56181d57",1,credit_card,10,491.63
a59c87e726e3c78e26769a422a140bd3,1,boleto,1,85.68
"09bc338a4e0ae30bcaebd7f1a2c6d3ea",1,credit_card,1,82.44
"05a5771b1afac9163e7cc298fc97263a",1,credit_card,3,158.93
ed76528f7ed5ae1f2a0dd070a7426d44,1,boleto,1,75.47
"866ac13217bd0a19f860f741453e049c",1,credit_card,2,189.37
"171b2216b2d1b1f42bc9481f06dfaa40",1,credit_card,3,58.45
bf2c58d30170e4cbd5153bacabc31d24,1,credit_card,6,171.27
"85bdbc455bb7860735bbc573bdc5eb95",1,boleto,1,69.32
a060fc338651aeef386d5a7972da2d63,1,boleto,1,181.03
"47531efe4ed25555eba8637f9f6dc6ee",1,credit_card,1,90.79
"41d92de81c9d9741c53203e1076e38e3",1,credit_card,2,114.44
"6255b494d1f33dd8dc68c7e80c4a7119",1,credit_card,2,201.82
ded8a75f89ac9b3ad08c2de7f07bca70,1,credit_card,10,190.83
f6a1315248ae1d7cb19cc912d5239771,1,credit_card,1,39.00
"60c2fd4bd6d23ab4fa7a910b61dac591",1,credit_card,2,87.72
"583daa63abcdc20ed6eab2e6a99e44a2",1,credit_card,2,200.52
b8032632cbd7944f63573ccb8e2f5558,1,credit_card,8,568.85
"4908c7c1919e42e7662e3cbd307edf74",1,credit_card,1,68.30
"7889d1a822285ed5cfe03a062ba9ee07",1,credit_card,1,40.00
"41e866f2cb3db6d51b8e5dc6ef961a0c",1,credit_card,1,61.84
"4550a99f6056026fc76c5030f0f45fe6",1,credit_card,1,62.07
"05ec9565bccc292561dec1d33bfefdfa",1,credit_card,5,62.92
"637829c452a59980120d8015af137b78",1,credit_card,10,1655.60
"020f64bdb28111d057f49277da918771",1,credit_card,1,40.88
"008eaf9004164883520d0bd32b107261",1,boleto,1,157.34
"04ee5eeac980a849efb5ac99abf87259",1,credit_card,7,207.10
"3d8c679ea369975a1e4265dbc2289f72",1,credit_card,4,47.60
"1161d4dd2b98a1d29aee9a19b48d7cd8",1,credit_card,3,165.24
"1dc7e32417078aefd90f48772816008a",1,credit_card,10,876.24
"300f31d0edc9f2e0110bc756c906a154",1,credit_card,4,48.44
"91b6cbbbf1622738a27f04f25306a6d6",1,credit_card,3,224.01
"127ddd8ed5c8c31ad7d8f4c54d58997c",1,credit_card,2,131.44
"493f708b1e1209147ca4bea838be1148",1,credit_card,6,232.54
"51d714716b4df5d56ae92f97bf5a327d",1,credit_card,1,97.56
d105b386fa5b4aab107c43ba2760f64b,1,voucher,1,58.19
"8d7bd36f24580dd73c1adff3062b7f5b",1,credit_card,2,125.39
"7a15f77a2e493fe39b2cafd081785e63",1,credit_card,10,184.17
"0527142b56f235b4936a8573f33b020b",1,boleto,1,206.07
a60b6d835751f3580629da8d3b00b761,1,credit_card,1,45.32
cfea8d218fdcd01ec074136ce618bda9,1,credit_card,1,90.63
"076d71b244e240e104ffe5bf5985faa2",2,voucher,1,50.00
e78602addbd8567873e9ad519d11ad9c,1,credit_card,9,96.80
"107b6dd80460768e617562eb52b4b9a9",1,credit_card,4,44.35
"33c5dbe43ca27f9986dd3c0f02b94286",1,credit_card,10,444.25
"6adde7cd43f44ee3300a1490d5dc191e",1,credit_card,1,116.74
a2dd49b6ff8f34233706aa765cc0607f,1,credit_card,1,85.49
"215081bdcfcac0c856994ef5ad2fba20",1,boleto,1,166.11
"032cf17f7a713287e46999fddea6051b",1,credit_card,4,110.92
f5420da2ab4fb78fd5a967b64cb43acd,1,voucher,1,28.87
a5627a9678ad34e3b24d0ffaca3c2fec,1,credit_card,1,71.15
"431e57fb445e35e908a2d4867bfc9b27",1,credit_card,1,94.26
"31a6cf15863af3a28c926044c0b50311",1,debit_card,1,55.01
"80c4a8fcf4e47aff10048cb8bdd0bee5",1,credit_card,3,297.56
"92ee9f5b7c6f6a37199a8efa52e98c21",1,credit_card,7,116.36
"1072218ec4a811eca0a85325da45ac25",1,credit_card,1,35.84
"1094dc9e3237f4deff27a2bab683a300",2,credit_card,10,165.93
"3480c6733692db0895d7f240dc18d9d6",1,debit_card,1,56.78
f72467d6531722969a365e9bad203276,1,credit_card,4,185.85
cd46e05b6f462a2298868447d193d1ea,1,credit_card,6,327.55
c27efcd088787bad815507fa7f5bcea0,1,credit_card,2,60.00
"1e2751c3d3ccebf99f0de90d7fd2b279",1,credit_card,1,37.22
"70a3acb4b096f675be6a2e03e2fb67bd",1,credit_card,10,862.39
"1bdc66f51db19484352427af89377129",1,credit_card,4,116.36
"02714865c4c2f281df219af0a56ffeaa",1,credit_card,1,125.42
"0b24d5a62da084e9c66959aff6328dbc",1,credit_card,1,80.10
"03cdb68275d2470616d79840dd83e1a2",1,boleto,1,253.13
bb1bb5824c663f60229758ef7bfc26f4,1,credit_card,7,77.57
"18c89078cd21364b7ad7f4d652e0cb84",1,credit_card,1,33.77
"0ab14c7f000642be91d882357d38b8cd",1,boleto,1,241.22
"0c995611a99f81268d859184a416f1db",1,credit_card,6,128.20
"10a3f7e9bf88b7dc86a767fd278e5bd2",1,credit_card,4,76.08
"9bac85c16dd5e1a5836d8b0b9d8877df",1,credit_card,8,105.38
ff8ac98b246381dba3eb9d51e77faf6c,1,credit_card,3,50.86
a632507614b292ff5f60b5282ba78df1,1,credit_card,1,78.65
"7f2765cc6719de94716ce2c081b27f02",1,credit_card,5,195.00
f8941c4e03c5fdb1736fb5cd167c17a1,1,credit_card,4,389.60
a892aed3f3e6cbf712088cd2dd21b733,1,boleto,1,123.51
b09109563f9a006540433672e92f5c13,1,boleto,1,175.34
"7256c798273af7d120d1f9e274e914f7",1,credit_card,2,237.08
"104a64ec4b4a7f18e2427f0ec5faf401",1,credit_card,8,181.36
"54cddd83908c41b0827527921ecd4efb",1,credit_card,1,103.74
c525575fe2d507f74a5908acaecfff1e,1,boleto,1,419.16
"546d146d8027f96ed859e57ada4c2ff6",1,boleto,1,93.30
"00995d799817ecc3bd2abd8fbe59c430",1,voucher,1,62.82
f02487424b729284accf169173a4c240,1,credit_card,2,51.41
"5b431846416d0c400a970fee0d33b654",1,credit_card,5,95.37
cb190fe473562c1202d36076a6769f87,1,voucher,1,68.49
"3aa5f858c83b87da83eadc344e12b006",1,boleto,1,109.78
"9a1925c9ea26df1c4bf618fdd4ebc943",1,credit_card,5,100.34
"8339f788dad4ceb81447efc8dc3ee269",1,credit_card,1,41.78
fdf6635fc014c7f771754eefe24ff684,1,credit_card,8,347.77
c582a4926632a43d138711ca8b412ef3,1,credit_card,5,59.29
"51439e5635af258945aeca18f5a04edb",1,debit_card,1,166.12
da56c7c0b595c544c33fa7d3ea80de80,1,boleto,1,35.87
ba0bb30d772cfeebd2419935f389cb2e,1,boleto,1,422.56
"5a8b1c05111ba4fc4dfc6b9627ee177a",1,credit_card,10,189.98
"045e0b29f969d5cd3bf5ca04087a4af8",1,credit_card,1,91.69
"031d26635bd08bb7f773e40be986cce0",1,credit_card,1,90.99
c756513ece003700723bfa5e6f8abc65,1,credit_card,1,447.00
ae274c9d0348b7a98af73fb40965100d,1,boleto,1,30.69
"8bade36d5fb562974296bcca22a7a064",1,credit_card,2,296.61
b5855f3b4fcb6687d1c662ddf8ca7219,1,boleto,1,66.78
ec618314861f02fad4e606d750489ee5,1,credit_card,1,68.66
c6318a262b5020f830c5355ef73f09be,1,credit_card,8,86.15
"441972a5bbd51a10459a487402076942",1,credit_card,5,74.51
"4cd0392f4d2e88d71f9b8a2283806f53",1,boleto,1,41.75
"503a4b807aa2c90fcf93c3c5e85a33d1",1,credit_card,2,158.35
"2d33e2f321b7f676de5d3ab87c08d1ab",1,credit_card,2,51.39
ec9b762e44b1848fb62eab0de58e8abf,1,boleto,1,52.85
a5f429a0b94f15b78d957ff59c461c44,1,credit_card,1,30.44
c08e5df1a92601e1670f2c5a1f505120,1,credit_card,1,22.68
c7d80ecf6fd042c198c10188168795ae,1,boleto,1,57.59
"8f6a8c5dbe911618a3e81e7fa7914114",1,boleto,1,64.10
"7f63d30a32c2ef0e63febfbc91b9a132",1,credit_card,1,82.83
d2f452ea9e0c96f9005879a9fe3e3cba,1,boleto,1,76.08
"1b3870263ab7aa66a5e2ca30df8fd3d7",1,credit_card,1,77.68
a430286ec021d453ea727f5801d105da,1,credit_card,3,116.94
"4d9e1d72435984adb22e59511ff36b7c",1,credit_card,5,85.42
"6c29a1600608d3f50e40bb2543cc32e1",1,credit_card,2,182.79
"0aec9f1ca543dc390eb38620dc9c6429",1,credit_card,1,76.33
"2f1288c66804d578934425e798226c10",1,credit_card,2,40.10
"0eb7caaf45840732064ba73695231a89",1,credit_card,9,96.71
bf0448def08e9657c8f990eea9bc4057,1,credit_card,4,43.73
"14727b31671d412db797863b9bba8392",2,credit_card,1,34.66
"2a76e895450a367a28355453685b1e21",1,credit_card,7,74.41
"7922e481eb24d257ec8c04c6ca0ce170",1,credit_card,2,194.53
"53f5a7f622d498ff3eeb334b8efa7ae7",5,voucher,1,18.75
"8d282c2ddced263b2c6ddf398e3fb6dc",1,credit_card,5,318.96
d82845f8b7ebd4d9b7ebae995e0ff08b,1,credit_card,10,486.02
"6686e93efe206ed03777981a67e8c1db",2,voucher,1,52.16
"570a37e6dd991a6c2c6b032f41487e04",1,credit_card,1,147.16
f5e5bce7921ab21b3f8b99aad9667d53,1,boleto,1,65.09
"46c25d5c696b53935b00b3e3fa555d20",1,boleto,1,109.91
d386985bfd6c699bcfc94596740fec3d,1,credit_card,2,70.00
f9e4b658b201a9f2ecdecbb34bed034b,1,credit_card,1,194.12
af4de5572edcf4dac89b10578b09c496,1,credit_card,1,84.72
"44a04882ddb9f1358c4d11d83027bed3",1,credit_card,3,192.83
"0bb6d291f1488ae4922e89c2f6105f33",1,credit_card,3,243.66
"6af3d9ab67bbedd3ca2c43eb08be0f91",1,credit_card,1,268.18
"18a3de7f374fa61dc8962d9f000a57d7",1,credit_card,2,69.04
"4aee412a7e32769844bd23a9d6e885b7",1,credit_card,3,260.58
c35484b3b5d9597703a72d8a96839819,1,credit_card,1,37.00
"620b1ca38d9baa23b6691ef54153af7a",1,credit_card,3,150.74
d0a1df38173b0296c8cfb65fd0e1e361,1,credit_card,1,33.45
"4d076eecff1b24fa4d0e85a6a72f3db0",1,boleto,1,65.60
"34e52c9f5c9ec68a599473a73c06a782",1,credit_card,1,95.10
"0e993f47872848e8a028a49f48de0242",1,credit_card,8,355.58
"0cf80be143500050973f324c3e068196",1,credit_card,5,55.11
"4014ecd96ac1d06f8cca3ac729c389ff",1,boleto,1,53.62
"37cacebebb14aa6cdc982d4eb40b9441",2,voucher,1,50.00
"4c4f5be51183d9cebf3ce5a81a43e38a",1,credit_card,1,60.95
"5abf37ab57e23f69a9c8ab98c4800273",1,credit_card,4,174.77
"9edb5899606254447166a651aa65c063",1,credit_card,1,62.13
ef4c4177fd4633c990adb181230e19f5,1,boleto,1,47.60
"60f62691c52a18ebeccd7cb2539d6c63",1,credit_card,4,156.73
"002f19a65a2ddd70a090297872e6d64e",2,voucher,1,33.18
"04b3135bf087618b410a00680576242f",1,credit_card,2,43.89
d3a49dd2f9c21558b7a82c8f076f6c1d,1,credit_card,8,665.70
"843be4a0dcdb9716de7652d53af4acab",1,credit_card,10,227.27
"11c2867ad1d8599464e84641b31338f1",1,credit_card,4,277.57
"89e7c89d4642d0f6de33b1314a209e96",1,credit_card,10,324.98
b57410d258461ade68673ab75276e66d,1,credit_card,1,34.42
"679ab8260055fda03783723687a8fd35",1,credit_card,5,163.77
ed999ce173fe6a6fd20cb8c85bd2342f,1,credit_card,6,63.60
"56edbe59fde7187f278fa6c09a348582",1,credit_card,1,29.60
"6521b1807385a964cc81a47662bd6ca2",1,credit_card,1,53.71
"1d9609dad08db33f39e233dad7556bbe",1,credit_card,1,38.89
"3d24c492f9555a79d4d6fd3a22fbee1f",2,voucher,1,10.49
"9d01fa0e65583ec53f3864ee0e73d015",1,credit_card,1,89.88
"8421b46b3b3fa09ea64c5775ab548615",1,voucher,1,69.23
e4c01d7732af07fff2a3e083d93f0581,1,credit_card,1,47.29
"0700ebb6d2f93a025b6ba09074cb57c2",1,credit_card,5,362.95
"506feda6a5f5513b9d383bb59eb06674",1,credit_card,10,260.92
"4709e1e06850115eafef3681e478ca3d",1,credit_card,2,150.50
e222962383bbf19ad1bee2a2309eadb2,1,credit_card,1,29.69
"876bcc47b24377b358f9f3e7f59b48da",1,credit_card,1,78.38
"23716dd823fe476b656d033ecc6bdb9e",1,boleto,1,120.09
"51fc12a7908ea200b269a6ecfb3e7740",1,boleto,1,30.96
"31f7635117f842a96eaf8c03bf2c8dbd",1,credit_card,4,125.23
"266afa038ae840df982e7b896e48ae62",1,credit_card,3,449.43
"5fc033e4385d689a01dab767e50c6939",1,credit_card,1,58.37
b6d8ffb86091833de0d17a93f919a4e8,1,boleto,1,459.46
"15b556128c60e476389b2957ed666cbe",1,credit_card,1,49.30
d2e0fadb18eae2ce47cee10a51b09351,1,credit_card,2,87.27
d2ac7fd0a36bf75505317960ab81748d,1,credit_card,1,63.61
dcbb049126931a5d6c2d59539617ef7c,1,credit_card,2,54.22
fd4ebf52ca607b4487b38826f0c78adf,1,boleto,1,117.27
"058cb75116972074baa3c4e594d2a851",1,credit_card,3,159.73
ed7200b041e08a9814ac30587b7e62bd,2,voucher,1,21.31
"534129d1bbf7f748aed61a2f41c3534a",1,credit_card,1,63.62
"2c55979729e848c9614426ba49826183",1,boleto,1,211.60
"1ed9a7f3d298570629e4d027458f4d49",1,boleto,1,82.12
"312a52a4042d010e3532ebbf98ce183e",1,credit_card,1,73.15
"6a4d41fb9165f032ec025794db381fa7",1,credit_card,2,137.08
"2cd29419827e04da5523a1af7419b2c1",1,credit_card,1,31.22
"2e66e99189df5b39d5d4820731fc0723",1,credit_card,6,62.84
"3cda6f52ca254406b2c0ce1ae433a481",1,boleto,1,162.16
bafb9bde5f5c7eceb94ddab229f884d0,1,credit_card,1,65.67
a2c583649d96b6b15a0385d0ef630f33,1,boleto,1,30.58
cbea6b1435a20cbc8c49dfdc50479912,1,credit_card,5,209.48
"50ba48feadedab8aed970b1ed1d6e058",1,credit_card,1,46.72
e6a667b8b4e8787c667b00724e884177,1,boleto,1,36.34
"27e4b27a4dcfd36a9ef0fdfb2fd1d476",2,voucher,1,147.33
"754af8a169601b3ad5dc333db745b158",1,credit_card,10,106.11
c5c9e31d0a32df5f612ca8f9b04f8574,1,boleto,1,554.94
d12cad0b8ea6cca0ee8d2d4f4105cee1,1,credit_card,2,108.51
"03f2f876bfee9ea9a502ec0d8a664e4c",1,credit_card,10,179.34
d35fa2f0829d8cb22065f23bb19a6768,1,credit_card,3,41.63
c6d8daf7c4eafd635edcb99748cd1049,1,credit_card,1,30.90
"92907309dff7adcd19bbbb29d5fda792",4,voucher,1,30.00
ea4b86c8004a1dc893590cbe743dfd1c,1,boleto,1,71.49
"4097383021fb2044138f408170bcb379",1,credit_card,5,155.31
cdd732749e9346c0ad3217aaf6ebd2e3,1,credit_card,1,114.15
e64b75fd960c12db7358da68a8b75217,1,credit_card,7,140.30
"6cd91ba388e06035714e1776db85ec11",1,boleto,1,146.69
a02dc27653c8ef244fd7d8c4d5bc81f5,1,credit_card,6,334.02
c40ece9c7721bdfa00fd606bbe7b8464,1,credit_card,6,154.45
"6e3cff2d50d5925354764060c4cc1c81",1,debit_card,1,84.49
"3bcaf78d207317de1cba7507d0ca7eb5",1,credit_card,3,37.77
b4c9f083bce61caf47fb38f9ba058bce,1,credit_card,6,125.12
"90861ef1f4e7a006095e1d5dd38f2195",1,credit_card,1,209.27
a60c6548ab8ab949bbfce006f7b8a513,1,boleto,1,306.98
d9701308650d6bb282d0f1875addfb16,1,credit_card,3,253.52
"012219b6d6d034eb359fc74730a080db",1,credit_card,1,217.40
c3fe6314b2bcaa6de6f9611550dfa399,1,credit_card,4,233.61
e9ec3efbf0e86ef6cbb3d7ad4010314b,1,boleto,1,96.46
a4f4688be9887418ee0c130b6f061586,1,boleto,1,78.19
"8875c81503e02bc22eae5a31637d6db1",1,credit_card,4,188.43
fd71c77a71b5d5d3107284571ec2e894,1,boleto,1,184.40
fd9cab205c6b8e485793804e2fdab6fc,2,voucher,1,24.30
b174fa32929e4af3622213e835cfa84a,1,boleto,1,151.37
aebab300abbae798a2b725d92a3f6132,1,boleto,1,105.22
cd38eeff6b0ebffe1200329846d83987,1,voucher,1,28.69
d758100ceb4279fced396414f81a069e,1,credit_card,2,123.69
"85a00341850d3ac099340d190e2ec046",1,credit_card,10,191.66
b6dfaa6e9eb8b7356276c90969376f51,1,credit_card,1,68.87
"67d7cb75f0cc86ef6b34e80b1b4f02dc",1,boleto,1,32.23
"9b623b8ed71c4e38c722cec8188768e3",1,boleto,1,79.44
"4bfddd9392014699ab2cbae22a27a574",1,credit_card,7,359.18
"0bad561c531f95c3d0c3ef2e03ed72de",1,boleto,1,194.50
"9bb5771c04f059c10c1f9783fe164d90",1,boleto,1,137.12
"2440bc295a6469fa10b79123189bdb31",1,credit_card,1,67.53
"6513d58f817f52bde8e49d1186c1f1f9",1,credit_card,3,36.22
"407ce0da1b714dff0e358c57b4d7bd39",1,credit_card,10,368.20
"446461e627059dcc66c0d83df1d3fadf",1,credit_card,8,1115.45
"747c10818501d15381c0718ba37eb2da",1,boleto,1,149.49
a6f6c02b8388fc133223c9d12095c3c3,1,credit_card,5,147.15
"0aea5ed8df108f7cb387c099ddec65c2",3,voucher,1,7.68
df0036e685fb491dbb08531f082ddbb6,1,credit_card,1,44.28
"30e306d7092ec3bf44efabf012cdd06e",1,credit_card,1,212.34
"47aa0308326d0c781ffa998ee36dc409",1,boleto,1,26.38
"8eeda294fab8a5ed70259afb59a10ff8",1,boleto,1,187.20
"91691e7a660914bb835e82d2f6b12a2f",1,credit_card,1,3.35
"0d2495ab9ff55e8edc50bdc92b443103",1,boleto,1,157.20
"07a038893865b59b24c46892652be2b7",1,credit_card,5,52.13
eac8032acefa88ddda1fa3dffba07365,1,credit_card,1,78.20
"2739ecbc7e87995e0d2efb6f603f6c2c",2,voucher,1,100.00
d9a83a9c593a1f1b95de45b7381cf2be,1,credit_card,5,246.32
c37e429ac201c3e07174f542634638b9,1,credit_card,3,151.49
fd547f0ce35c6569138b865f900cf8fb,1,credit_card,1,32.46
"2e8cf1097e1516a9e3fae72b8ef97519",1,credit_card,3,107.07
f1f0d3a078ebf9382047caf44dbc4c46,1,boleto,1,131.21
"70125414483e2ba226fd0c095bf5b802",1,credit_card,4,227.74
c3a071b5ca0f9c693c5276d4dcf7fdcf,1,credit_card,1,211.35
f0cefee84b19e4a0f9a56b147e89eb2c,1,boleto,1,194.91
"318850f283b818e0b9302fdc7d811fde",1,credit_card,8,291.57
a07d031ec2c5fdaba3a363a4f5a98350,1,credit_card,3,185.26
"6ec753cc542c4392eb956290ddf47369",1,credit_card,5,262.16
"08ea65e91550ee222548404d16eb06b4",1,boleto,1,50.50
b0a46fa6d7a8afcac44b6e1af2457409,1,credit_card,1,78.35
"05751d04e18329aec0f74b16883db3b2",1,credit_card,5,245.04
"8d5169ccfdb4902626694da89865ebd0",1,boleto,1,100.27
"7a958cf333909948af12322dae6f17d2",1,credit_card,1,82.99
e9613fa6e02ff8ae45f37ca30b0468a1,1,credit_card,5,123.82
fe16cd489dc12547d392b20401886aa1,1,credit_card,1,183.02
"30bef37a80d21494c619aea50b367550",1,credit_card,1,89.77
"4f1792824612bbcd94a21516822b86c6",1,credit_card,5,206.95
ebaa5eb35a303a3a68afc58ede4f5661,1,credit_card,3,115.45
dcd8ae10d3d29ae2ef27cbe41848380b,1,credit_card,1,114.09
d0a75d6eda61b8a7261946b34ffb350c,1,credit_card,5,281.60
dbb49dc3b19f34fb60a650706e65f774,1,boleto,1,64.60
dd162c4f0d3abff78621372170e9c19a,1,credit_card,3,205.27
"8c4bef3bdf235d82a1b218de1b3d8d28",1,credit_card,1,90.41
f9b07dd1e93ce7446339491bcbccd1c9,1,credit_card,3,167.25
e1b7f8eb9bb3d4ba1c2e244574a71647,1,credit_card,10,1123.13
"7d899835afebf887c5884a7d4f1399de",1,credit_card,1,265.31
"0928b1d58fe76f5a1e63be5a47ea6253",1,credit_card,6,64.52
a695f02d76cd2c620a5221e0b21937ab,1,credit_card,1,174.20
c138ed76de074431ead0f918198673f3,1,credit_card,3,157.20
d3793d54f38c9790d5db6329288bfc76,1,voucher,1,45.24
cde93890c51e83a6998b489c87ad6cf0,1,boleto,1,310.35
"5e682664f3f3651fbaf00a25915ef580",1,credit_card,8,437.83
"34a0185eb0d4d88d2ad9af1bd62d6a45",2,credit_card,1,6.12
"35ebecec251e4613f0b189b05e05b9a8",1,credit_card,2,130.80
"0bbb3f7791a87d0307555e57da3a1ff1",9,voucher,1,3.71
"82728f6b511aa8dc053ba674db6f8b24",1,credit_card,3,95.30
"74331f5076bce90829fb2bb33e9d4fc2",1,credit_card,1,87.73
"47912b9e87f6d0977dd948e2722435ee",1,credit_card,1,69.31
"9e6928e55ec6948338048d72ebdf2305",1,credit_card,5,159.14
"2b8c8846f8e82bd4956159a513ca01ad",1,boleto,1,42.10
"7aa5fe5b772da0099ed083f51f800e8c",1,credit_card,4,79.66
adf094db594ac7282fe50859f69cdb31,1,credit_card,3,183.30
"188c0980749c33160b4a6a711a58349e",1,boleto,1,106.38
"06c04e62348d799e4c410955a5b5ac54",1,credit_card,2,99.43
"2f40163a18439bbc77fa0f1984bf2596",1,credit_card,3,218.62
"6bdee91009b22f7138ff28b4b3650ace",1,boleto,1,153.72
"465c2e1bee4561cb39e0db8c5993aafc",12,voucher,1,53.47
"31926e0737274f789b936c32798f109c",1,credit_card,2,123.18
cca79f1e5c4dcf95bfadc53c7a97b4ff,1,credit_card,10,1149.83
"7f13a20e25350f4a55fb2a7c9a2e8d88",1,boleto,1,163.43
"8bd7f80baa0df162306e95be03bb7b16",1,credit_card,2,49.69
a711032f5b2df3b039238b1a273076b8,1,credit_card,6,171.75
"5a4f5ba731f3289ca552e3ee5dcbc5cb",1,credit_card,1,174.25
"5bf079ceca716eef6cac727c16bc0a15",1,credit_card,3,143.55
"501938daca40dd78b00d458bed7f28d2",1,credit_card,5,119.29
"1fffdb579470269dbfd6b5b5c0256473",1,credit_card,10,448.32
f85fb1941bed505cf25dd03fb4fc27b1,1,boleto,1,37.58
bafee0b85090ed1545e50c2b5ae871e9,1,credit_card,2,116.85
"19bb820442f9f4a4efe0ee64f855d532",1,credit_card,4,264.72
"183cbdf2ffcf5c0bab28e429185cb05c",1,credit_card,4,224.27
e9f308c243d53135de5a481bf3a9cb86,1,credit_card,1,56.78
"935f0d2ac8ce7ce29f5712d2637ddb33",1,credit_card,8,103.14
be56cbf6122c89bff90a40a8d82a0288,1,credit_card,1,71.04
ab0bb51a710692e96d316072209e1c75,1,credit_card,2,212.78
"6e3aff29a0578d221332c4feecde19b2",1,credit_card,4,40.79
"21a8ffca665bc7a1087d31751a7b7cbc",1,credit_card,1,7.77
"31b5594fc512aedc5f790621219fd23b",1,credit_card,1,35.82
d8764a0bfdbd63c0dbcb665b8eafb7d8,1,boleto,1,113.62
"6b99ff92735c747557e84a5f5cd7a560",1,credit_card,8,271.23
f7fad682a022f51cd2cd7355ae941ba4,2,voucher,1,20.00
fba15b6166570bdffa6d84b98e0c11ba,1,boleto,1,79.20
ac018e51985244ead60060db0a84f1ad,1,credit_card,6,874.42
c75be4dbb0444f5234b73d0e700bc425,1,credit_card,1,104.93
"3c113bd44b17824938911bd89a2df4f7",1,credit_card,2,147.35
"7e05645577366863a93350aac5cc7de5",1,credit_card,6,148.76
"2e429ae793d0065e4efbe7040c5e3203",1,boleto,1,125.43
"1a2a468a88fbd60a59aae3fc94bcf40d",1,credit_card,10,115.25
f55a684badae11bd4d494dd474d82130,1,credit_card,8,1338.41
"743d702ad0112c210a46dd80145e0102",1,credit_card,1,2.37
"5ad3a75d349361186b25fceeffb7a6fd",1,credit_card,7,206.87
"49cf32489672b15ea441df827b693bfb",1,credit_card,2,171.12
"2a9cb99ef87c3d128dc9ad43a7369854",1,credit_card,4,211.98
"2e287cee637969033ec9ab49602e61ef",1,boleto,1,128.00
"60b9132c2fd47eb78c1bcf2a3a621ea8",1,boleto,1,37.37
f29eac5528822e761d5aa42bb8f9c4c0,1,credit_card,4,116.45
f02b294da37145d798be2c6143628850,1,boleto,1,151.61
bb2dfe6031f35f7abc9a3c7dad5e4467,1,credit_card,8,651.84
ddcd959778bf4fcb56c41d1656f1e0a8,1,credit_card,6,156.64
ef8f0e3dd1d5294a7bbffc78a02a21b9,1,credit_card,10,1019.34
"410ca30ef54d25e4deaf8d5babbed030",1,boleto,1,117.13
"28a591d0271b8c507e0380cd95521572",1,credit_card,1,26.29
"2ab07a57988e8be8693cdf89f88fcafe",1,credit_card,2,213.53
f28a6ea562f2a147658c1c5168bc8c20,1,credit_card,1,90.38
"4fb7f38042d214ada4d81cc23d228cc8",1,boleto,1,74.74
"500497099772fef25f1c6fe433ce0f8d",1,credit_card,1,36.75
ade1addf11409e56553de1a62a3d358b,1,credit_card,4,66.78
"290d9d5867e1032867562e8553bbed4b",1,credit_card,1,51.15
"19d64e865802a5330304560f7476b29e",1,boleto,1,125.41
ff365c0a4e998d21ccc46a829e68052b,1,credit_card,3,77.57
"7d9648a2cdd2164cead7a7f126262c0c",1,credit_card,1,145.34
"61c2fee6b0e84bb5aab5cb16b1cd3020",1,debit_card,1,57.99
"795c0e28181b5f39aaa6e2ea7c708439",1,boleto,1,71.62
"6ffb6234c4ed70abafb657b0111fa8c6",1,credit_card,1,72.14
"99bfe67168d67b56c87d3c3ab8b4f568",1,credit_card,3,184.64
"7dd12269fb63d70af90a488dc5e90876",1,credit_card,1,53.13
"9482fa3487de3e3fec62063176aec6f2",1,credit_card,1,42.29
f52a5a508f96400a02ab7d6dd3d73146,1,boleto,1,808.87
"0fa2c93bbfbce2c287bb56660c3998e3",1,credit_card,3,159.62
"9bdc2095c034062781104665d6e3b9b6",1,boleto,1,217.54
cb12723b588f7153304564e192985477,1,credit_card,10,613.84
"8c6f586b26c8ef0ac06c7dd68dae7dc9",1,credit_card,4,82.23
"26f35d2f228f74c5c9ca3a74c3a88d7c",1,credit_card,10,168.28
"659ce33e2ba9b51a83056aaaf3fc92a1",1,credit_card,2,785.18
"0edefae02733735c88d242ce6b781802",1,credit_card,8,92.90
aebe2bdd8b711c3314346813ff5fbc85,1,boleto,1,98.16
"9c074b1d5c9fcaa13fdea5c761dca404",1,boleto,1,326.09
"12d5f23ba1e52d7174d5d15c96972401",1,boleto,1,55.65
eddf1b58726e1b53c010f681422195fc,1,credit_card,1,96.00
"3b2869c5b6a037cf731d70ac76d0fea7",1,voucher,1,50.00
"5ca6beedce6f32eef65de17a1f81d50d",1,credit_card,4,133.58
e28a4c66f1484567d1e42b3fab64d923,2,voucher,1,38.28
e71783fc8cd92f708d13542f6d17ff7f,1,boleto,1,84.33
"4810bc72b32b9b06d7962b3c645faea2",1,credit_card,8,86.94
"3f2502be2cb245c8c7ca170ddf39465b",1,credit_card,3,217.61
"9475f5241a5ee6260ce4aee70f4e7ca5",1,credit_card,4,68.00
"6f20546433de334abe46b79336ead4b8",1,boleto,1,197.95
"9f1dcbf0e12d0df2ee7611bb738a9106",1,credit_card,7,1650.56
"1a89170dbb050ebb1530d3f2c574d4dd",1,credit_card,1,106.42
b3a63aeb668343cbf7b37e72abb932f3,1,credit_card,1,110.60
"3c40dc8defd3678f2751f2e8ee34f06c",1,credit_card,9,200.80
d23d2182819dd427049cf791f8b3f622,1,credit_card,1,37.10
"58bdd869f92592c105dbfad8b492e261",1,boleto,1,339.98
"786a54ce0cf9dab273f41727d56f96ec",1,credit_card,1,243.99
fef894b62a0f41d0511cdb289f554533,1,boleto,1,251.50
"985680a4287cdd85e885a79a6c24b023",1,credit_card,2,173.40
"6eb14a9fb7ce26c557bcf1e0f3eda606",1,credit_card,10,119.74
bfdd46c3c7701671b938ca9505b6d188,1,credit_card,3,181.19
"77f0f62ff8a59620532b7f2ef9065e17",1,credit_card,6,92.79
"511812fa8f384ecf987128b77cdfbc18",1,credit_card,8,312.61
"9a7e2fda18922ba60aba4f140aead4dd",1,credit_card,8,224.29
"45fb34f01dd01f620227b97a2dcb16bc",1,credit_card,2,41.36
dca4a82d39755569d7c236f6182575af,1,credit_card,5,158.21
"9862758b968333823975113b6a970ee8",1,boleto,1,89.86
f08527d5eca32c6e47ff0739e7d3a9ee,1,credit_card,3,189.63
"55ff9b1565b988a5125bc8f70a9df367",1,credit_card,4,65.71
dbdd61ba78716573541e1374b79ff741,1,credit_card,10,131.75
d29cafb654e73fca65371aec22d88ca8,2,voucher,1,100.00
d8d344285c3eb8fe24478102c93f6e94,1,credit_card,3,57.30
"29124c072d8e7d7681a0bebfe267c67a",1,boleto,1,458.72
"58ad53486aa4d662036281295465d755",1,credit_card,6,61.01
"9369e6a8348c5db62ce50008dfc39244",1,boleto,1,98.40
"3cfdba1b62960f88fd96c20a56989a95",1,boleto,1,114.53
"8f0937285bd1bba4cfc8332ee467b490",1,boleto,1,1680.25
"64da8ff64967de481400af6d6c0b059a",1,boleto,1,100.48
"03518b1ed227311405c355ccbda81a80",1,credit_card,5,77.53
"6533a0d9c1703a1ebf0115fb55e01834",2,voucher,1,21.99
"2b24fab07cfb3ca5b34f71a8b9934fde",1,boleto,1,106.78
"4733b3de4bf04376a9d53930899ef18c",1,credit_card,4,654.41
"015a7c64361928a0782ec0e705174b6d",1,boleto,1,31.22
"740ca5d56791bd56068210f715589b51",1,debit_card,1,599.05
"32a854aa037f2b66f8172754fccfddbc",1,credit_card,4,312.95
cdd73574196041c23e5d79e121180830,1,credit_card,1,28.75
b0ef0058ac844b1e34ee3a8c396a21d8,1,credit_card,5,77.57
"73c8ab38f07dc94389065f7eba4f297a",1,boleto,1,1014.02
deea4294a344e9365bcb722dca9047d1,1,credit_card,1,27.36
"21e28426bf49f15032c93153c7a3e206",1,credit_card,4,165.48
"29815bc0973b33856eeba7b668101f16",1,boleto,1,55.10
"4413e915d30cf9e317b0c016f76cdcbc",1,boleto,1,432.54
f7e9f0f0c92fa9d46dc73e8f6d28ab96,1,credit_card,1,2.75
"8ba726c808e76426c3ed43efc7ebce96",1,credit_card,2,130.40
"5d5a1fdc7da7731796374082a2d8d1e0",1,boleto,1,44.51
"9e62fc0a630c85e43bfdc26218538c5e",1,credit_card,10,104.87
dd254408dc9d63326b2028c5ffe9e23b,1,boleto,1,36.24
ca664b8080d78526b0e1f39b46d9ab3c,1,credit_card,2,28.69
"50c561609b802ec8d508a9f48c669918",1,credit_card,10,116.00
"482da3676133323daf4d73c1125ed257",1,credit_card,4,81.89
"8092a6dba7ee1ea9d61883db8a08fb14",1,credit_card,5,55.01
d5785b236c4f065f0ce6432814eee6d8,1,credit_card,4,116.85
f689e331732447a491cab98872e7d53b,1,credit_card,1,91.08
dfd5946b221179472e8f929f1d7b41ce,1,credit_card,6,62.53
e940e33cefca8e48b759474760c2fb41,1,credit_card,1,43.16
aa45e41799067f67755e2e4e41925aa3,1,credit_card,10,171.44
"5ddb2ce1958a158606319b7a9204fd8e",1,credit_card,1,93.30
"2ce6fc632ab62fcef5f2e3095db788a8",1,credit_card,5,66.01
"698c205b3d4d82b6ddf90c51b96119f2",1,credit_card,1,20.28
"3a168e53eaf8e5ae8414ebfa6ae255fa",1,boleto,1,30.13
e55d37ca80ab6c42708d1f5320ac3c7a,1,credit_card,3,179.56
abf40713667771b2f331cca776f225f7,1,credit_card,2,68.04
"3302bf91faabf99f49bb481f349e3c39",1,credit_card,3,141.51
"9ae23540f2733800190476b85aa910cd",1,credit_card,4,112.45
bd48b93e5bd7c6e99a8b886f5add78c6,1,credit_card,3,155.55
ec7d99eece03a8b60c61f6a9ca504094,1,credit_card,2,77.66
b095ec7b830d94cc7e1b67fed0455c01,1,credit_card,1,33.71
"71bd2fa6e6df2e5082610ae574d0b86b",1,credit_card,5,223.14
"5dc05f32211efb743fde17f226adfb6b",1,credit_card,3,96.70
"87ce6f9094188f36623b250901635869",1,boleto,1,73.17
"1daadb218e1c16168ce3c3888ade376c",1,credit_card,1,100.91
"6565a6f5c54e84857daf0400d65f490d",1,credit_card,10,163.06
c2b069d5ec39e0542002c35099d4ed4e,1,credit_card,5,119.84
d744783ed2ace06cac647a9e64dcbcfd,7,voucher,1,1.47
"9b78531e68513dbdcebdb2458f3929e1",1,boleto,1,37.58
"3112aed98b4143a8b6eff67cb5c4dcaa",1,boleto,1,19.77
"163e9678df3d069145613d032b4ab0b8",1,credit_card,1,35.40
c3d92b59600b515ee287044dd4a34985,1,credit_card,2,99.80
"5f4de9e1f0e55dc0fd443e5f4b2b362a",4,voucher,1,6.67
"5678b9b26584bd229904c764c3ede0cc",1,credit_card,12,162.46
"49fdf5b0134c7c1445f6bbf018beaf1c",1,credit_card,1,53.10
fdf262b020267b9e928c136d05e4dca8,1,credit_card,5,106.29
"52da3d9903e65cea92aa96e6d890ff15",1,boleto,1,36.35
"8a9834818b80c700d003832e77e0880b",1,credit_card,3,340.07
e32209bcb9c95a291a1a0e971df14bdb,1,credit_card,1,138.92
d80251514bbd83a5bb165f6e5667c6f2,1,credit_card,1,159.89
"3da53042e56776670fcf05a64d884ce9",1,credit_card,5,98.79
"17eace59710758ffaf764826d45398c8",1,boleto,1,129.98
fa65dad1b0e818e3ccc5cb0e39231352,24,voucher,1,0.42
b1170faa12a2f134d1c75c7494c64eaa,1,credit_card,5,108.88
e8cab458223cfed14e73ea0d7fe1a511,1,credit_card,1,76.05
"791ce20aa4827ff1e05a8139eb1810b5",1,credit_card,1,41.75
"0ab90720b8aeea3179e8f0919884bd24",1,boleto,1,112.73
"9eba5a32e40d897f480d2404946b99e1",1,credit_card,7,147.15
"8e573d30402e9b57443d6dd90ab0262f",1,credit_card,10,297.58
"0231f6b89e5798ff6c0dfb1e18a94da9",1,credit_card,10,648.77
"4669128c3280c4b2c99e4de410143681",1,credit_card,1,51.25
"518e50004c3dded8e8a25b96b47d116a",1,credit_card,3,48.75
"8a8d2bb96afe472415715631b0751551",1,boleto,1,284.63
b4892e6954a2c805cd6512033cc048ef,1,boleto,1,114.61
"725bde8878fcc8a1baf2c8ceef40d726",1,credit_card,1,94.31
"932ceb7851a40ee01ccc9bd9c2d2e772",1,credit_card,2,54.62
"7e24e731800bb0c5a1c85658bd140da6",1,credit_card,6,143.24
b8433dcc9c5745016d68b7ed9087e3a0,1,credit_card,1,97.21
b74e2b985df55c2df5b2be2d9c1f68b4,1,boleto,1,106.38
b6c558bc9bf16297c51b6de95ad26383,1,credit_card,6,60.32
"388a9117213936e0290e6e7d50f9fee0",1,credit_card,8,161.44
c6c96aae858cf470816e5080de363e47,2,voucher,1,73.89
f09942b1e1419e69f7509158f2a9c1d6,1,credit_card,7,72.68
b35ba23bb1c421765752e07fc9a4e891,1,credit_card,4,168.82
"9762ce369c139815a59772bd1efe4496",1,boleto,1,50.86
"54385d537116e5d01683eb06b3828d8e",1,credit_card,4,208.11
"88c7831d968f7cd33c64d1733cb90510",1,credit_card,3,71.82
"3ef3c91a36437f7a1e4d4556a0543004",1,boleto,1,81.68
fbbaa04b3e0910f8ae8711ff03a32fa7,1,boleto,1,79.17
c37e2b2752a33b18419055e591329f5b,1,credit_card,1,71.78
"1adbc05f8bb9f7f40e1566992a9b5e8d",1,credit_card,10,1521.75
"8bae398ae3bdca643616198d918aa8c6",1,credit_card,1,40.96
c206348085f589eaf3bcd60a005bb15c,1,boleto,1,157.51
b2b7d1ff3ff7568a1cfe9035e488c643,1,boleto,1,95.20
"089a371eeab2f86ebe76b23a4c99d3b1",1,credit_card,4,230.95
"9615da76c321b025633e32cfface90e0",1,credit_card,3,200.00
bdc8e349078c5028fba22d1da1066974,1,credit_card,2,69.16
f6015e259b552af1df4a7d889a5da8c4,1,boleto,1,75.53
"1de20a0990748db5dffe019f0cac3cc9",1,credit_card,8,88.06
e80fd26aab8a13c526a26b51e6e337a2,1,credit_card,4,47.05
cec3fc5de594e2fdec6ca3becfcbab46,1,credit_card,1,57.68
"723e240c9c7fab76e64b2c232afb8bd8",1,credit_card,1,131.47
"62fb9bca0ffbfb14ef2cc2b79b4434a5",1,credit_card,2,167.14
"43f8e020752c67130ddf027e0297291a",1,credit_card,10,102.69
"17734155e111af61fc2bb776b29dc97f",1,credit_card,1,63.54
"9f6833a99cc6d2bc31cce30fd2f58aa6",1,credit_card,2,150.15
"0a0ae1b561eab534493c5588efc5169c",1,boleto,1,325.93
"36377e52aa9971718dd22913580b7799",1,credit_card,10,173.47
"2a02e0744a44c3062272575a439947e4",1,debit_card,1,133.85
f188abfc38ef0d8d57378756a27a12ff,1,credit_card,3,105.30
fbeb9a1d7b4452fcc36651a7c0b42400,1,credit_card,1,47.78
e75f1bbf23dbdb449cd179f07abb8eaf,1,credit_card,3,76.66
"4ed868229ad01b5686124edd1f82b18b",1,credit_card,2,144.97
"4bea538b29c975028b7af11cf3bf97f1",1,credit_card,1,133.70
"83167649ca3fb63d1a7daada42232e14",1,boleto,1,2566.90
"3740acc7e5399d9f0dcce30f5a8fbcfd",1,credit_card,1,41.36
f0c53ca3e5e7561fb1ff79116340d113,1,credit_card,2,159.71
eb7d3683f623a9aa24ed0e4fa4a84c2e,1,credit_card,6,147.00
"626167e3684a7c5f8920b89c65b38d30",1,boleto,1,77.57
"33fb9fcb4416d2b74dc9b058f1cca8a4",1,credit_card,6,378.04
d65e0d373069ac61e2aa3f9212451d44,1,credit_card,4,98.45
"5bcdec60d84d4495d0d90b64a3e81804",1,credit_card,2,67.04
cd232b4fa3d7c031b04bc3d97e21344b,1,credit_card,1,76.25
"6af1f36497a4b9ce8335d9a6da709960",1,credit_card,3,60.10
d332666968a0059863107068a656d239,1,credit_card,2,36.59
"4fa9bcd761fc05ff16003d340c907acc",1,boleto,1,64.10
"34cf4093989091bb69a6ccb101129dbf",1,credit_card,2,321.82
"1f43faaaec9d571cead8f6591ff97315",1,credit_card,4,161.77
"22588da93e7ab2d3145f0e004be4c778",1,credit_card,3,71.48
e29cb1f5fe7801584de0f49a7423dc2c,1,credit_card,1,74.16
c28c4378f50e09ee967e830dac65634f,1,credit_card,2,59.09
a7d73128b7dc2644c342e7495ebe8e3f,2,voucher,1,20.00
cd9ef363164449df0bf374f87fa1b1de,1,credit_card,1,64.99
"199d865a833111b42fa9115901dbf975",1,credit_card,1,133.25
"45a6db7c0c90c420e4659ae681f7e761",1,credit_card,3,232.94
a5bc73dcdd8f7c5d608532a6e58d29d9,1,boleto,1,124.04
"0e717e310af82d130a1d253cd5fe8c7c",1,credit_card,1,47.43
"3c3d212226b96bb33fdc655e5b7f29d9",1,boleto,1,85.23
"5ddfb982c9a99a9702ef69513b2b3c57",1,credit_card,4,40.85
aefb6e25e51048718af6f447c7fdfc47,1,boleto,1,53.95
a76643614c2542c0a773b03b5b61b2c0,1,credit_card,1,201.73
"3e2b45761c1280a1c1165c83d3292c43",1,credit_card,6,132.94
"388dda40858e82e8f4fcb271aa62c44b",1,credit_card,1,85.44
"72c061dd658608d47b290082ddbb976d",1,credit_card,10,188.94
"47a5dd9a5772c85c82fbfc11a43a1f6c",1,credit_card,5,1314.95
fc94dbb82eb02d7913d9f0c02eb547da,1,credit_card,2,90.88
c82430e4a84f03b67cc2a82fecd873f0,1,boleto,1,300.76
"4ee8c2344eb547af4169bcee11664bb8",1,credit_card,8,118.93
d8db3d42c20148fb8282efea4061f7ff,1,credit_card,4,44.00
"10bc271bab7798c98b6889a54e45fc8f",1,credit_card,2,57.29
c9527d3d4735b810b3d42d45aabae2ad,1,credit_card,1,21.43
e8d6e91dd3d56ab5e56777ea094760ec,1,boleto,1,36.55
bbd5315a7667b9537e1cf428fddf09b6,1,credit_card,2,164.29
"7e64edc21c29eb4ab27967e6462683b3",1,credit_card,5,289.18
e7ad5555cd68853b98cff91be575f605,1,credit_card,5,53.40
e9c21c4d7623632e74817142131f69ab,1,credit_card,2,157.86
e98ccd0d8ad323ec4feea57417d08a99,1,credit_card,1,94.12
b97647adcfc90ff1abe8f427d87a02ce,1,credit_card,3,156.19
"477be8918d7fc5cede601e622c0870e8",1,boleto,1,113.19
a1a68e110acccf4536909795aef7dc9b,1,boleto,1,51.02
"0f266223a9b8d9e61f09b6e50bf8a757",1,credit_card,1,65.00
"6a6d3cd77ef3a533edef69dccf6c0de3",1,credit_card,10,610.68
"116f0b09343b49556bbad5f35bee0cdf",1,credit_card,4,43.09
aa1b889390528c108e089b5653303727,1,credit_card,1,91.16
"65a6146689b83878d498e1a7d03782c7",1,credit_card,4,86.73
"3f9c0ca2b7837ae6d1c8fa78e9b8e139",1,credit_card,8,180.76
e7d9d1c03c10e6edb7aa4a91581cf871,1,boleto,1,87.64
"6aedefde651c239abf93383dd9175022",1,credit_card,10,136.50
"01dcbb39823b4cda39ddcc6679fb00ac",1,voucher,1,115.00
"34b08d44616ad558fbb0cc8e0f7226c5",1,boleto,1,490.53
"5d27ea6de8d9187a253180f20045dd3c",1,credit_card,6,147.34
a0c2d39f96821598c6189528ce768919,1,credit_card,1,54.78
ee6f7abb8cf6ea119dbd09f8cf6acbfe,1,credit_card,3,82.43
"9ce40c402845819d3d1c88eb10a41e4a",1,credit_card,1,18.90
ff030caf873f5d7290581e2ba5d3fd7f,1,credit_card,1,55.85
ecca6d9e70db69a20c2cca23b23fc8aa,1,boleto,1,133.36
e9b40dee488f04d79f264cfc3d8a2f0a,1,credit_card,1,113.61
cdbbf42ba3892a989ca5b644ee43db7f,2,voucher,1,34.22
"744ce2fe884a45093b4a3df391cb16c5",1,credit_card,1,57.78
a5030749302e7c9a21f56e55fc391341,1,credit_card,1,484.25
c62832207ec12a716aea2fee061b5ba7,1,credit_card,4,42.68
"8ec34abb2dfd64e47f9336f3b6cab510",1,credit_card,2,166.42
e55a581d6b3fcf41394ef2afb9a4205e,1,credit_card,4,358.04
a6a1b8d3aef88816d4db15d9edde7b5d,1,credit_card,8,327.17
"7290f24ffc8f84166426d8727c15af13",3,voucher,1,106.28
"236087c146bdb55ebd6d5316b00308d9",1,credit_card,8,170.01
deefc8712615b2422c59328bbcba7211,1,credit_card,5,225.84
"3bb74b872f957fed010fcdbeaf517d5f",1,credit_card,6,327.42
"7f96bf9d2b7643f96bcb99c0a616a5ba",1,credit_card,10,137.08
"6fcbf1246440ef1de682fcab6ad5757d",1,credit_card,2,114.26
f979343ab80aa950517b9a9950e516ef,1,credit_card,4,87.64
de2bff9e29299dc921f2e276c8408400,1,credit_card,1,1221.39
"5188f7ae18cdf7538841648a7e49bbbf",1,credit_card,1,214.14
"9f73f9300dc3e9f8efc83f19da546881",1,credit_card,1,34.86
"7d2a5a0dfec1d4e81cdce3b0ab48607c",1,credit_card,4,214.84
"2d8ccc19e54ad8d47892374975c1a52c",1,boleto,1,35.00
"95d4558cec2364e0f0b2fcef73148af7",1,credit_card,1,398.06
"4a5dd77c42df1a4cf21c142eaacf866f",1,credit_card,9,217.06
"8f7ebe126fc801255111469be7ff27a7",1,credit_card,10,168.20
"63c3ce671d34493be2e342ac33a8249f",1,credit_card,2,117.49
c3e200f75866c36eca7ac2845f819bfb,1,credit_card,2,41.79
bad0467c52f23cdc71e9fa139d4a8afd,1,credit_card,1,96.93
"54ff9c7f5e48a0e6ba2ec182428b10d7",1,boleto,1,565.25
"50e1bd81c48e7fac3ae7246bd07a9129",1,credit_card,6,147.32
"95293775dce224126685f5a197af2a2e",1,credit_card,5,55.28
"91bcbd0102f5188ea47df5bcc83f3cad",1,boleto,1,227.90
"286f1870198ca5f7249774729bb46a45",1,boleto,1,76.76
c008cb0b0b7d411443c78fcd22282930,1,credit_card,3,81.82
"8755ff039d17ea91d56589e906fefc9b",1,credit_card,8,84.18
a26767d79ed74e1a32e2855451fcfd3f,1,credit_card,1,44.54
"323c0a5365ebdafdd12959475e60b057",1,credit_card,1,106.54
"13bc7bea9d1bce4d95bb4917ed0f94ce",1,debit_card,1,35.57
"23324e673e59ef245b4737662ca5f38f",1,credit_card,1,118.23
"0dfbfe4feb12cdb98beff8efb1c013c9",1,credit_card,5,420.06
ca19d840d5e718f4b8aeec1a40d393ec,1,credit_card,1,36.22
f4b61d27084d490fb0046eeffa1af17f,1,credit_card,3,107.78
a89e0347b6138ab8ed766aeb2f79c157,1,credit_card,1,125.97
e7b87b156cde9f1d3a765da80d093d6a,1,credit_card,1,45.09
d3d265b9a66248481dc2fa5ed773fdc8,1,boleto,1,49.51
"5d30afe97f086b0a5cd532422514c3b1",1,boleto,1,51.57
"626d84eb4cf67fe4d53e9c0d945388fc",1,boleto,1,33.99
b2f92b2f7047cd8b35580d629d7b3bfb,2,voucher,1,20.00
"417beda39306d49016d061e343c27dde",1,credit_card,10,116.94
"58d1f504d2fb65199e4951dd2aaf7d89",1,credit_card,1,72.05
be63f8e1110d08f5003ca1a255ff4fb1,1,credit_card,4,71.03
"5340b130e66f95396ce83ee3f6d36ee4",1,debit_card,1,166.46
"9fe72f719dc088c3eaed6fda02b077c9",1,credit_card,2,60.60
"78388558707957af9310d88b1a22893a",1,credit_card,4,57.00
d27c2efd9421cde0945261467fb1a025,1,boleto,1,108.81
cf6264c37c96bc0cf63ebd0f9fba45da,1,credit_card,2,108.84
ee84d18908ccf2b4c57008c552b98d1c,1,boleto,1,289.07
"2df648255d54fec6e4751bbcf8344ca3",1,credit_card,2,142.96
f71640d90e6e9a31928e18730dbac95c,1,credit_card,2,168.18
bf30a3536883051dca847b3f007a9963,1,credit_card,5,109.18
c96826f70a2d5d38af58a490427b9333,1,credit_card,8,234.77
b86ddd788f0b18de16cd6562b3a9266c,1,credit_card,5,407.67
"66e4624ae69e7dc89bd50222b59f581f",1,credit_card,9,91.68
adef101539535147ca5d0159a80ff7c4,1,credit_card,2,27.77
"7d2dbda1755d184be6e27b4fd0b3629e",1,boleto,1,112.14
a2e1586a9d74f3d08df52b4eea515b6c,1,credit_card,1,69.36
"05a971ae7a83a0b371ae1b5bfc45514e",1,boleto,1,273.90
"6d05cdd0e6f91b65f6b328634ddc86b6",1,credit_card,2,85.62
"7764be5b6bee0dd95410f25abc0ecd6e",1,boleto,1,123.89
a11e41222432e59fbc925d094a9c0c5b,1,credit_card,4,213.34
ecd6e336e4e791c637319f60de98bef2,1,credit_card,2,108.21
"121191d52387cd00dc63011edaeb8af2",1,credit_card,1,29.09
"4ceda92a516e1a970460bedc58d3431d",1,credit_card,10,142.10
d01d40156285b68a07581c2f2321ca55,1,debit_card,1,919.38
"0a245a02fe848f9fe7d36aba3f785d78",1,debit_card,1,40.29
"141dd52930458fa0f2a97285d13639e6",1,boleto,1,180.70
f222c56f035b47dfa1e069a88235d730,1,boleto,1,98.62
"047f9a218bccce8342d77f72c2240f8a",1,debit_card,1,221.76
bbcec25aefec973dfa1b9499147fdf76,1,credit_card,2,425.07
"420f72eb3154e9ae555ce1510011d477",1,credit_card,4,113.62
"7e429b54c3c0a8b4206c8d42b6a55bf8",1,boleto,1,479.42
e97ffba03b587c280382be712f1e3478,1,credit_card,1,32.43
ee88361b6c2439393e5eae2c0685acbf,1,boleto,1,75.08
"42e0016d4e9741a353d671930aa9f3d5",1,credit_card,1,64.51
"11cfb7ef8394269889a34ee7832fe16c",1,credit_card,5,94.74
"99d3564705b8fa6e354dadabe49e8c28",1,credit_card,5,128.82
"6ac7e852b9acd63429f9b6ac61ae165a",1,boleto,1,37.75
e29a4d10668e15562da79e3366da92d8,1,boleto,1,48.49
"1a4868eff22fe0b0291f69c37cd178be",1,credit_card,5,132.98
"7b909c21ef8b4027fc9bda5c7efe0717",1,credit_card,2,77.57
e04f1da1f48bf2bbffcf57b9824f76e1,1,credit_card,7,76.19
"9ba7ed4875ebdafe8b7969fe4417e5a5",1,credit_card,3,524.24
d995e10d1dabcfe4dba1fbd2d796df1b,1,credit_card,1,32.10
fe2ac30768e07e362b649951cc625144,1,credit_card,1,93.72
"646ae3eab219e3a2d2281f5ade632b74",1,credit_card,1,55.09
"55e186387dc4b33d16d86a920ee7f77b",1,credit_card,2,165.13
"383e1abcae2216bb7149870157ac31a9",1,voucher,1,66.79
"6d4f15503da9e2e6278f57468ca35e35",1,boleto,1,38.13
f1b19188d070474e6b24f5e12da6ef4c,1,credit_card,1,66.50
"8f9bea8b0d14b8500fda8f3ca1e3fb78",1,credit_card,4,183.49
ea9184ad433a404df1d72fa0a8764232,5,voucher,1,22.47
"4093b84461e9ee4cfa6b1f720d1003ac",1,boleto,1,128.24
aa1912713ec494655ab9e96900cc3004,1,credit_card,4,223.44
"7f93c9634dcd85e4d1384f583a74ea58",1,credit_card,14,145.14
"387ab69cd89bb3ed95402ff3d7f50b94",1,credit_card,3,103.60
"38b1f1d241fb8a17915d58514c912418",1,credit_card,5,53.22
"67f693e898f3412e68ecfa0035a3b0e2",1,boleto,1,40.38
b302801106ed1f5eb6f08ccdae6fea99,1,credit_card,7,170.28
"09a12008dce38051d0f39f922b380e05",1,credit_card,4,97.80
bdad3d80ef54495a3c2d7c620752ddfd,1,credit_card,2,90.88
"994401fd01721847793a72da7050c935",1,credit_card,6,62.74
"43b9e48ec7fc386f9083ac3153363103",1,credit_card,2,43.70
ee9881886ccdd7fb25bf631d38c0fc35,1,boleto,1,31.43
"20914c76989e5eac4e2675de44f7275a",1,boleto,1,57.97
"0ac37dcbb2a733a4d81866a91ff65965",1,credit_card,3,71.35
c4d641da04a6c3ef517a2f03bf42a151,1,credit_card,1,139.52
"02d0cd05f04ab2e3c1acc473b0abc865",1,credit_card,3,56.40
"455003334f4430e9e9e902199bcecbcb",1,credit_card,5,212.83
db78320762e6c2bbac3fb120405b9202,1,credit_card,1,28.55
ccc10a00d9ec059f5360475ddbed1816,1,credit_card,10,644.54
"60de67cf35d9303bbbb7b559c9eadc84",1,credit_card,3,32.92
"9a072116d6c2ca9839e6d88a061a59d2",1,boleto,1,42.60
b3ceb7d2c66651bd0f6531ffba8745fb,1,boleto,1,183.89
"9cd6015fc7c3321b8cfc4459af284790",1,credit_card,1,0.13
"7367af9267d99af724a071ce9cd37a91",1,credit_card,6,81.97
"3d4b51e124185cb134ebc4fad365dc85",1,credit_card,10,112.02
e8bbc1d69fee39eee4c72cb5c969e39d,1,credit_card,1,10.07
"6397600035456e8e57cbcf89cdf7268c",1,credit_card,5,55.22
"6ec0aac41766e0977d5e0216ecce4694",1,credit_card,1,59.06
"07161bfb5748163ca6d0478bda1b0a5a",1,debit_card,1,32.51
a50d174e10ae3a318551a633cffe8e9b,1,boleto,1,111.18
a90ba85d1c3ec461d94c0a26cbe4d051,1,credit_card,1,54.00
a5620acefef1ff8fa8f9c4f823f5a2a0,1,credit_card,2,183.22
d3220f2771d590e93736b9078ab008ce,1,credit_card,1,73.34
"7970159f69f09e481001d678e5365a1c",1,credit_card,7,141.02
"4a1c879db7056f078a037fdf72b6d0fc",1,boleto,1,325.82
"4be6db35f003429e3739868afdda6914",1,credit_card,4,53.98
a3d6f1c32e941d70a3261b7080854aa2,1,credit_card,1,64.52
"48177994024650e5aed5b373217c1488",1,credit_card,1,29.00
f5299daf77d8dc1c9630692065eeeb57,1,credit_card,6,65.53
"665e56cc29529e3f1c50ab201a0fdbfa",1,credit_card,10,228.33
"66e2e7ab183de22fa431c8fc3351bef3",1,credit_card,15,206.84
"6f6785dde266434130a2aa8af06a52b7",1,credit_card,2,98.68
b6b01d3d01c6df1ff950084e0f9ec7f4,1,boleto,1,84.12
e01f636edc7155ddecc78f311b1f2cd0,2,voucher,1,42.28
"65ac2f0250184b281dd44fd463341caf",1,credit_card,1,54.00
e16650a3a92e18a06ea6653a3144fbbe,1,credit_card,3,262.38
bb20c4604785ba622d796faf32f66d53,1,boleto,1,60.85
"5d9013fe5dce377c791a2c2fdb499f4b",1,boleto,1,203.96
bda890cf0f7976e4e2af17ed814336fc,1,credit_card,1,36.77
"7a460ff35c9e1ba86df5f1a4780f3616",1,credit_card,1,15.78
ee43c2648eadad1558b2e3130b736c7c,1,credit_card,4,87.72
f842cb7e4c6dee42ebdaf6c2a81904b6,1,boleto,1,30.88
"44bdc4b28df8782f4190e4abfcc8cc5e",1,credit_card,2,84.91
e5e9d05da853226a6446801043dddd01,1,boleto,1,64.10
"1ca1fb771325fde9ed2369cbda7f20e5",1,credit_card,5,69.23
"3010db5aa9feaeb7bf56382abccca96f",1,credit_card,3,141.50
"2542b194855edd1820173c2f2cf22e9c",1,boleto,1,277.30
"4313ba67282f2ba99c4b3c4f3e344595",1,boleto,1,102.93
"75d5ef4d60406619e9be0c9be3c3d92c",1,credit_card,2,123.49
cba1b88e10f4504583b2b9750ac67e03,1,credit_card,1,40.76
"156282e58da82d36a58582a6a94211e5",1,credit_card,4,90.49
"154029fef0e3e2f72ef09775cc9d1af1",1,credit_card,2,64.23
c68ebb39f1acedc7b1b543ecb53194c8,1,debit_card,1,511.63
fb8cc84309560b14ab09d560ef375beb,1,credit_card,1,31.78
"5e9d5a2d9fdab80cd5bbe9706abf0087",1,boleto,1,155.14
"3683a05264a0926a8c06607f4623a0a3",1,credit_card,8,215.14
"72e4ee7d458b36222813e2b9707d9d25",1,credit_card,10,164.52
"53051fdaeb4854f9cbde7f3bec024317",1,credit_card,5,56.22
"1c4c5941a5469a3259096232a68c3e70",1,credit_card,3,148.16
bc4405c7d2cce1bf68c0227631d2b9d8,1,credit_card,3,96.69
"7ac8109e735f29d8982f4503586fe59f",1,credit_card,1,73.18
"372043f4a6d2ad2b8447ec94aeca78ec",1,credit_card,1,67.82
"2f7cfcddaa1f9b24454e42d7fb54944e",1,boleto,1,146.04
"1b694ef5b28d3e949a4f0ffeb2c9fcd6",1,boleto,1,18.62
b030a71673f17a9eebed29d9a7dfa2d8,1,debit_card,1,54.01
"42ffa304e7e734f00e981f377dd18640",1,credit_card,2,90.86
"1eb9380debdef5728de9246f8f884f95",1,boleto,1,36.17
"758d844e553488d2af66539369ed624a",1,credit_card,9,1021.07
f5f61cf2cbe09e08293021b6b12d9e4d,1,credit_card,1,87.64
"3004f445a284f236acf5d61bf2756364",1,boleto,1,159.26
"2e36e67d9f5da20bc4617f15a48b91d3",1,credit_card,1,51.38
"73d70dce05cb08ecad51b47c4fd26925",1,credit_card,1,141.52
"69bd4e4ff1a990052d8ae84b843ee045",1,credit_card,1,44.00
ff2af1986f4b629f951d340d0a0f755d,1,credit_card,7,181.81
eb73628992e7d5099384b8016d82e775,2,voucher,1,204.49
ddf732195968469df311feb9d52e542a,2,voucher,1,83.23
"9a43b717c408493ff788aeb5d11d0684",2,voucher,1,72.98
"1769cdad44f0f8456b101d679f33c9f1",1,credit_card,2,173.07
"898ded7ecb1e4d92997856bd8b7a8aa1",1,credit_card,1,1.76
"526043f9d39d510f7a79547410cd3318",1,credit_card,2,64.10
"914b6a66a8869f4e544071994451822b",1,credit_card,5,111.22
b98085eb7a06a725fb101c43ef721275,1,credit_card,1,35.77
feb21ca266014309faca2e2621a1c1e7,1,credit_card,8,189.57
"73f41c25f81a3fc68fefa0cdb0c73d97",1,credit_card,10,138.32
"745820b54841cf6d8bede07c1be6622d",1,credit_card,1,116.23
c046779e1ef14c11e325b9b9a46d610d,1,boleto,1,27.29
b17b0e273b31b9bdc4c86d55ce1f2b87,1,boleto,1,53.62
b8cc45abc3a6bd43c8a4f86b627de53c,1,credit_card,1,336.36
fb19ce6d26a3e32f5effb9e33c18ebd8,1,boleto,1,275.66
"041082480b107a1303236e0c21b8bcd5",1,credit_card,4,216.06
"2f9df1faa244b3c72c69901d8c999539",1,credit_card,2,138.41
"99e4a1f9377bf28f08f54a2eecccbf0d",1,credit_card,1,85.30
"41d1a34204ce66a59daa5590f05cc4fa",1,credit_card,3,65.10
af392de2586db1645a4044ef1e84c47a,1,credit_card,7,152.99
ffad8105f74e3969cb02c795aa3ddd50,1,credit_card,1,32.42
"17d3fed0f8f1fadf86cee573104d590a",1,credit_card,4,134.06
"19d3484384a0e1eef23357b8c193bd86",1,credit_card,1,104.35
"39735cad3fa0e9f2ea20c536b26ac87c",1,boleto,1,36.09
"0b3b5e521f3ad8a57d4c4bcdc034446c",1,credit_card,10,299.24
"553a57de41103c69daac4c829ae9fb19",1,credit_card,3,53.59
"5f892cf10a419532141018e4f162d429",1,credit_card,1,50.00
c00c23faa6f8164515d2cb92ab49a87d,1,credit_card,4,95.22
"10492d21e254a11aa46c125a01702bfa",1,credit_card,1,62.82
"2671fbea1d23cb4415ae5e3902961d61",1,credit_card,5,102.36
"73651881d63f2630709963bab45d7525",1,credit_card,2,53.78
f269a04043c3f398ee0ab759b7af3678,1,credit_card,1,79.61
"9d31db542e64d903e238ecd774d8b301",1,credit_card,1,82.73
"68329ea019781f360d7d04e9edd2825d",1,credit_card,3,35.00
"9c0dd0fc76f974318be91a7fb9dc337a",1,credit_card,1,263.78
"19c85c4f70bebdba25d77c3881cffb2b",1,credit_card,10,121.18
ba6ceea3a35916e51113b91f726b1f89,1,credit_card,8,195.91
d6235477014458ade86158040370fca8,1,credit_card,6,62.21
ba2a9b68f160ce0f85a13210ce1975b0,1,boleto,1,112.10
"54220fcc516cabe9ec84b210c0765ef2",1,credit_card,1,2.75
"1c2fb7f84aa77300fcb6b698481c1e2e",1,credit_card,6,61.33
af822dacd6f5cff7376413c03a388bb7,1,credit_card,3,244.02
"141a3a105ece0b78ebacac138ca4a4fc",1,credit_card,2,142.92
"2528fb34afc8310d8f94f0c29aa72e4e",1,credit_card,1,141.23
"0a187dd7f4efe70e8c3b6e3779b3b133",1,credit_card,8,1333.55
"779f93413b806f6eea6d1d88053f9e4f",1,credit_card,10,349.16
c693197525abfba60b35d3a99954f7a5,1,credit_card,5,147.34
d3ab179ddd49a5edc0540beb88baa168,1,credit_card,3,111.39
"86200deb58eb0b29e666114e87e76302",1,credit_card,2,340.96
"287a3634b689a3b876e3993e081bcc6b",2,voucher,1,200.91
"5491ab8eec3a104e7f0a3a4895c1621e",1,credit_card,1,176.21
"8ded9e858af4bfcc66b2bfd35b762268",1,credit_card,1,134.93
"295458b743d8f806fbd5fb290d0b1b8d",1,boleto,1,45.95
c870c1f3a9ba62194d1060c0accb18dd,1,credit_card,1,56.03
"1fbb942ec531150b361e6042285004f3",1,credit_card,1,47.03
e0be013981866fa58c41c93cab57594a,1,credit_card,1,52.10
"661db6fa562954c6c672ee765c51a014",1,credit_card,3,71.14
aa0ada08c461e7c8b384d1e311d474f4,1,boleto,1,218.45
"97c1f9afdaef4cf63539bf4529a21f68",1,boleto,1,66.78
"5f3c3f02ee527647eadaeab108a89f51",1,credit_card,4,166.04
"36c2be04c43db09655628dc1658e5c97",1,credit_card,3,123.07
a42545a6644c3109108b573210cd4550,1,credit_card,2,70.17
"7d021c7feafd7a1903f66a05481eafa8",1,credit_card,6,135.35
"687accfa699af3e8e717fe27eb506da3",1,credit_card,1,48.81
aaf493c617a22ed7648c239a820ab74c,1,credit_card,2,112.55
"2f78724a34b125e8d8a5f731116bc5ad",1,credit_card,3,35.09
"15c371c7aa7f65f363f03818e30090ad",1,credit_card,3,280.91
d1d4b9ca8be351af77736cab87df238e,1,credit_card,2,92.41
dcc07c60d0b67d006e3b736ed1c75e69,1,credit_card,3,37.78
"88b0d1de10197395da81fd94176b7562",1,credit_card,2,97.79
e299d0b6b42a62df652195edf2b551da,1,credit_card,10,182.82
"48277434cd5835268d90e306c8233d3a",1,credit_card,8,174.97
be16ab3862dd2927ab1e3cb7434007f6,1,credit_card,1,88.49
cfc77d77eddda18d8d9eca3140e2fc6b,1,credit_card,3,96.82
"54745af3cd64e980bb671452c9b01d15",1,credit_card,1,93.89
"1d52ecb64812aade8eda623f0a2f0c79",1,credit_card,6,137.16
"3a3cddda5a7c27851bd96c3313412840",1,voucher,1,63.89
"3de0dbeea06cef3f62afd5bb4f225384",1,credit_card,2,49.62
d8b32d5403c47d8ee3dadd8efa2fa960,1,credit_card,1,76.87
b4767da9668302c3be3309b51f5600db,1,credit_card,5,354.45
e1f693a7777b9f6ff730a9d2b45a56cb,1,credit_card,5,99.04
"31593a3048f6d0e061a4101a6e5fe24f",1,credit_card,2,216.05
"9bad44921c98e1f220a667504bcffb9e",1,credit_card,10,448.30
"826eeb58a3803a831408e5f3e5cb3849",1,credit_card,3,68.35
"1ec2e1de3e116559a59ec5166697d334",1,credit_card,3,177.77
"788bca2425763e7cb77699ab9a1b135e",1,credit_card,9,96.92
"7912f07c4d90e539b2b8f9572eea81df",1,voucher,1,17.78
"9cb1433345225b0c4d9449e593900bdd",1,credit_card,1,115.05
c188cb8c1687e281f8d8e8021bc0b8cb,1,credit_card,1,85.79
b033a34245ae159e80dd599b3c5cb92f,1,credit_card,1,188.00
"276f870fc58da8199417ba83247fb93f",1,credit_card,1,63.17
"8bf14f24c8e8641850e22e01ca1fd3bd",1,credit_card,10,216.83
b6bce07e667be9039b22c511e12bfc0f,1,credit_card,2,38.01
"564a8a107b3cf23a00e2da12351a9797",1,credit_card,4,192.66
ec7c6bfed4adf361322a0b6d6e5bfc51,1,credit_card,3,138.07
d4cbc225f34eaa10be0e578f70bb915a,1,voucher,1,55.10
e417011226af2bd3a4a21d51b2818e36,1,credit_card,7,77.66
e6c31d156f3b4cbe1942da11b01e386f,1,credit_card,7,189.25
"21b9bb429b09c08b2ae81e3ed20e8d2f",1,credit_card,6,138.97
d258634007adc92b160fdbb262456655,1,credit_card,2,105.28
"2855ff46bd8a1e808b3a96e7bda374c7",1,credit_card,10,266.42
"245b2a09d0f787df368d4a370a63eb58",1,credit_card,3,657.63
"72a200617f45c76ab4e2c202a681958f",1,credit_card,1,26.77
"74b4e28e0e0a0715ca63940014536bb7",1,credit_card,10,160.40
d6146bd142ef3ffa19fed2bcc5cab997,1,credit_card,1,154.94
"1f9dc0f030a8df0f8a9d47545d7515a3",1,credit_card,3,140.33
"58c72979aacbc053822e7cc69c316ca4",1,credit_card,6,227.10
"43cc1b49644de5e13af22777e83a7808",1,credit_card,10,102.30
"7621d265cbcc87d4845818b256ac193e",1,credit_card,1,27.48
"92719f3b4fbd484515110bfc47e8a808",1,credit_card,1,4.48
"3f849648ffbabb0562c7668f212e3e88",1,credit_card,1,86.36
"9d8b9a9cc92d7f5e907cf13a99a705e9",1,boleto,1,295.00
"5bf8d66f260e15878a0e458ba4f33158",1,credit_card,2,68.83
b08dfa6db006194a07108b6ff6330313,1,credit_card,2,81.00
deb56ff7a4c8b6ca2a4499ad9acc3b5a,1,credit_card,1,24.02
c6f38ced81ea3f5ba92fdfb726dc84dd,1,boleto,1,134.57
"77178560d74827781c4c0495c5a5abc2",1,credit_card,2,86.40
"284ffa157b684f496366615a6ba3201a",1,credit_card,5,117.96
"89213fd88487a78eb20c786df6abc9fa",1,boleto,1,113.62
c9b1334232f321d2f0a4525120eae634,1,boleto,1,41.62
"9aaa81b734b180a0c3f2aa1295666bdf",1,boleto,1,41.69
"516044c173990b53b7a49309c39925ce",1,credit_card,6,228.62
"68bf8482c9b58cb96095b7cb27e11c24",1,boleto,1,197.66
edc36ee3af11ecb32d7a645157133b06,1,credit_card,1,46.00
ccbabfa81bc2a6cb8f2326278a01d55c,1,credit_card,3,70.41
e50cc13e9d831cb739ab84fe5d7fd249,1,credit_card,4,216.27
"0eef4793bf3001d7eb4df206c37dffc9",1,credit_card,4,148.15
d5a3687b456d8d82fa6098579ee93e09,1,credit_card,1,55.62
"08451f484ac3dba5140399d0b7e0a829",1,boleto,1,90.73
"3168875baaa7b1b7ba3e833c53b34fe0",1,credit_card,1,151.61
"057b58254cebaa14e712b7beb7bfa9a8",1,voucher,1,53.33
e9fd172d2d2a77f5c09321b9c69e223e,1,credit_card,7,262.16
"067ce97888318cd8d89a45bcb4adc94b",1,credit_card,5,125.53
d6c0ec2e67adc2163605b7c0eafe3e1c,1,boleto,1,25.70
a328c24c32a2e3815402210e8bb95c5d,1,credit_card,10,493.92
"38fc895ea0a2aa253a46a6fdbb65aaf5",1,credit_card,10,204.26
ad3054bbcea42d1843d313b93d64d717,1,boleto,1,73.34
"864fb7308cf63ed5141c340f258de1b5",1,credit_card,1,35.77
f3468d6a2c7586711e9952242898aad4,1,credit_card,8,1005.84
f298d9cc0b7aea1a3bdf95d298c3cfc3,1,credit_card,1,68.97
"1e9808b58869f4edf92ce918b62efb74",1,credit_card,1,88.74
"01699d74ff89d35f15093f83d7783c39",1,credit_card,2,161.68
b04d84637e699400841a0140b25cf027,1,boleto,1,53.01
"3391274af8aa8372225f9c42c63d853e",1,credit_card,3,158.59
a8a52afd408a3023bafcd9ed3c0d2e15,1,credit_card,1,1338.51
"9f3c417d0037cf7d6125ed337ada23dd",2,voucher,1,72.69
"64f342fec608b8d7ec942b807e01652d",1,credit_card,3,144.76
bb4355fedc9f43e7270f49187823b24b,1,credit_card,1,53.82
"1566cecea18d487c7958eb073713e8a7",1,credit_card,1,67.30
"8e5f329bbfeedab5a25b115446d23d4c",1,boleto,1,66.67
d4299c499db7e5259f1116d3c3462683,1,boleto,1,27.68
c61762adaef391522b6b437cfe8a40bc,1,credit_card,5,418.36
f0c266a6e7730621db921798f5bb9447,1,credit_card,4,232.45
c6cc60f8aad17b2809b83bd02a1ccd48,1,credit_card,4,217.54
"097c2a2e5ea719c510238bad5d902cef",1,boleto,1,132.57
"9686875d0d9dcbe392244b6773605882",1,credit_card,5,83.87
c57f0cccbb35bc98d5199bb5bda322b5,1,credit_card,3,175.08
b544e719948795192f13772cc29b6316,1,credit_card,1,38.84
a59d7b222600db38a7e511fd9499719a,1,credit_card,5,211.12
"9d490e0cc1734e6efc3c66e08acc7d3b",1,credit_card,1,42.77
"11978d520d85578c9f024b99ac1a87ef",1,voucher,1,30.00
b6f999c6eccbf4df9af77d67c77a8e52,1,boleto,1,53.11
"7ad4319f5bcb490a240f47596df4e683",1,credit_card,2,285.96
"33eef7fdc8d66d56aec3a027f087f8bc",1,boleto,1,90.35
e11f0b384abcb645f460256db2f8795a,1,credit_card,1,63.35
"7571d2e7a9f69174c92679c6018a13ee",1,credit_card,1,119.33
"877ee05a3ef8f89df314644a0136090c",1,credit_card,2,148.00
"82f29ec26f706651b906acc60ba4ab72",1,credit_card,10,119.18
"6f847f9ac6e3766bd689f8761043795a",1,credit_card,6,184.84
bee14f2069e7e9f1ed6ef5e2f76841f9,1,credit_card,3,85.80
"30a18df212b45e1322b6d81521786ec4",1,credit_card,10,515.31
"8b903d86c7982e5c63625f062c56f854",1,credit_card,3,31.58
"19ba784efbf17691a04ac155893e93b8",1,credit_card,1,232.07
e6c31d156f3b4cbe1942da11b01e386f,2,credit_card,7,189.00
b60e4bb897c3faf7417e11850072fab0,1,credit_card,1,23.10
"3818dcc3b7bd25996c0f1684437f019b",1,credit_card,1,103.07
"9f563a8656b5ff2aadf5febbec9cbaf4",1,credit_card,1,63.10
b70007824303eaad6d7736673b76b17d,1,boleto,1,72.48
f417219cc64e796bb6bcd1a41d3fe308,1,credit_card,1,55.69
"62516b70ac5eb69d6be50d3dc3fde262",1,debit_card,1,425.06
"7b2980930a29eada8d40bdc3932a7257",1,credit_card,2,66.64
a96a09a27673f20f77e888e9cb0b864b,1,credit_card,1,116.36
"2b27a6490066b855ca14a5f5e0406807",1,credit_card,2,38.25
"0a31fa5371c2046d273b9fb84e3b2988",1,credit_card,9,97.98
fffb0b1a50e65c449020434fa835e078,1,credit_card,1,15.86
"6718a9b577ce4d3dfbdbdc7d3ec97cb6",1,credit_card,1,109.50
"6e4b5a4f0fc48a4b809d2fdf15c97549",1,credit_card,3,185.43
"1449769412dea5d16183085a97ba3bca",1,credit_card,8,218.08
a437e36732c69e10d37e63bacbb1fe38,1,boleto,1,147.07
ef1c20996f869e915c278c7c6e996d25,1,credit_card,5,136.50
"3c4ec7795b9ef9b762cb33214c19c80c",1,credit_card,1,113.88
"525533c5eccb7f4665306a7e01783567",1,credit_card,1,22.38
"5deb9cf8f8484f3e136ebc956d569aaf",1,credit_card,2,96.42
f489dacdbad0317b1ac5e2c190b3ed26,1,credit_card,1,64.01
ebf5000bc2e96a884fd7536b9d28100b,1,boleto,1,67.09
"9e906dcb08be5abcfe04f3e3a9bbb8bb",1,boleto,1,36.78
"0c0aeabd6ae9d7a303af615334a220d0",1,credit_card,3,342.38
"3d500e622ba77dd0cc04cc8ccd2bb859",1,credit_card,8,765.87
"417530b1f1b63eccef9e9a975a5c9a45",1,boleto,1,77.89
e2cd000d3cc5a9067192e1b9f054d9c1,1,boleto,1,136.27
a523356c905fa032d024c70affee0897,1,credit_card,2,107.22
b03dfb47398de3e47e35c90db919d907,1,credit_card,5,449.48
e9d424615d8805614e254bf5c170bef8,3,voucher,1,30.31
"1fda9a8d1632a5964c43fb8e64dbe3e3",1,boleto,1,158.90
"142721e620ef263e3d3ffa99e7c0e096",1,credit_card,1,137.99
"665a012cd7368e5609ab518539d91adf",1,boleto,1,32.38
eb97cb9c0ed7c74852c09b053bf513c0,1,boleto,1,17.78
"975cb77712bd0680ba72f72f842db285",1,credit_card,1,82.91
b2d002459b0fe0b25867248375558792,1,credit_card,1,19.62
"097abce97e431993434adabc1aaec4e4",1,credit_card,3,73.16
ba6b7c9ac45804edf2da548323f82306,1,credit_card,2,35.38
"39f91df7a4dc89c3ad5fc7ebf794f3d4",1,credit_card,4,96.65
c14317bde925bb399cb2a3cf8b07854b,1,credit_card,1,65.67
"0decbe12758413b8bdfe6128f949c13f",1,credit_card,1,36.98
c68ab0a4c51b32f6b71496f4daac4e16,1,credit_card,6,208.81
"46f07e8bd34a0428dc6dc2f334903c85",1,credit_card,1,50.68
"6b78266e22c19ea2fd49f03f59ef7b47",1,credit_card,4,229.13
"081081d7c1bab4679737b9254c3e992a",1,boleto,1,142.51
e1d476e141862d870436d761b312032d,1,credit_card,1,65.11
d773b2a09676fb3a1a35c45a9edda446,1,credit_card,6,319.49
ee35bdc3d877400fe1f81cf038e84840,1,credit_card,8,106.16
"46bc29944be88ef9dc8d7223421577d0",1,credit_card,1,61.40
e154bd31074cedc28398f95da6dddd55,1,credit_card,2,40.00
"3f4f6a378519479cb0afe338427c6713",2,voucher,1,39.18
edcde7cec7551bfe6606a221822941fe,1,credit_card,7,79.10
"80b0f4fc350532f6e0ce9aa81ccde91c",1,credit_card,10,218.45
d37f6eeb2d27fc449e65051940060719,1,credit_card,2,43.32
"5aca40f90bd2bb6a441b083a2e215d50",1,credit_card,1,36.01
"2702240ee3035b40fae068d0f55e47e5",1,credit_card,5,108.16
cde7b4e633f0dd24536cab563a33ccb9,1,credit_card,5,194.90
e01ad9a69b8b245bbe1076417c1d3f44,1,credit_card,1,33.77
"1c408e58ac79e01aff0f0c29b1322ebe",1,credit_card,1,63.27
bbc45552d5a935c8786792578b3828b2,1,boleto,1,1391.39
a67fbbbf7ef00baa90a44ab097b61e29,1,credit_card,1,36.42
f086346ea98d5d90079f0d0503699d93,1,credit_card,3,69.24
"0d084d7d6f5d7b6a97582e1dc74dda2a",1,credit_card,2,40.11
c8e84603674d71b14595773f1374773d,1,boleto,1,45.30
"80c6eb0edf125c6838e04663a8241699",1,credit_card,3,109.84
"25b5682781766b4b351cc1475a5caf30",1,credit_card,3,32.13
"23f1f636dd6189253847462e5ea2e797",1,credit_card,1,65.38
"2e5dc86c8c4aa663549caf5e31de840d",1,boleto,1,299.92
cd4949eac210d110de63aa0479dcfba1,1,credit_card,3,94.63
"1d74feccf8381303587104e6f647a189",1,credit_card,5,113.33
de290900c1991d72fda0212682ecf3e2,1,credit_card,4,42.47
cddcd786f6e0cb764c7b3d111457a09a,1,credit_card,4,49.18
e57742f8afd4fa79d5d6b11a85f9c64f,1,credit_card,1,76.97
aed3b7b7a6d2e4232394a00ff3fb14ce,1,credit_card,1,81.89
b90c1e9ed0e0b7a17f371bc44ae1f0a3,1,voucher,1,104.73
ceebdce96388304b96726edf9115e1f3,1,credit_card,1,62.17
b98e145c0cd94f225072aa0e619d5d8f,1,credit_card,10,538.36
"10710544d8adf2b743de71711a372fa2",1,boleto,1,52.51
"21d010a46099888da9e0d57e48d5a0f2",1,credit_card,3,32.38
"882106360eb7749193bf51b626d4d835",1,credit_card,6,300.77
e18cd51191ffbe2bca934d1d13805164,1,credit_card,3,190.04
"1932f20df9b3883e48068ecd03e6178f",1,credit_card,4,150.05
d86e65a13d3e7a90d876cb6b9064f1ac,1,credit_card,1,207.50
"884989e29f137d8ce42518666158b8ce",2,voucher,1,15.63
"08061d4bd888415d50ba941cbd4324da",1,credit_card,4,211.91
"581df21026c7ba80ffbaa5c3c21a6788",1,credit_card,3,43.10
"92560dc666cfdbb5594319d742457b6c",1,credit_card,5,253.40
"55b653f93de6e994b6dda90f615c7a8f",1,credit_card,1,51.13
bf9ff7bda0e211e564cf059ef5649e4e,1,credit_card,1,457.07
"700a3f10e64cfd0df7f2aea217cca5fb",1,credit_card,1,147.51
b43a43696d9a9950b681606b8c7786ec,1,credit_card,5,104.27
ee1de1bcd287c6d9584b5e78d1b534be,1,credit_card,4,196.99
"2a380098d95a87f70c9b8d16dc0ee722",1,credit_card,1,36.10
"5c31e5b017666e9ab6531ed55b5f87dc",1,boleto,1,69.94
"7d2e63c38de7969859ec3eee027b043f",1,credit_card,5,233.74
"359004e77a67a2978e6809894f996c98",1,boleto,1,81.48
"1c7fe02ac4c7be50c59afb295cf85b89",1,boleto,1,257.50
f65c770d505adf4e530feafa23e16f4f,1,boleto,1,87.22
f5bce854828285b05f16143027a664c6,1,credit_card,2,85.81
"08b4c8a8808af1f771bd9602e193f9b6",1,credit_card,3,115.44
"24ceed9729a86f5e36fd61ae94183817",1,credit_card,1,0.61
"9ab483dc777aa2cf47ea47d10a72c538",1,credit_card,3,34.00
"718b0347307048ab53739ec0458eb9a4",1,credit_card,3,207.31
"2a75078fcff2e372b9fbfbed5d5bf5cf",1,credit_card,7,70.44
"964bc1b427d6a485b515efcab9985e68",1,credit_card,1,165.70
ae444b0ace16023ecd8b22ea477c263d,1,credit_card,2,74.29
"78dec59f50d90e8c0cb22eff4dac7b07",1,credit_card,2,75.07
"8ab4737e31b330e9244e8e1e9a59000c",1,credit_card,9,90.55
"1115a717309037cd119797dbdc7e57d7",1,credit_card,8,87.36
"094e2ca5a39bcc45b4077867bf5dbdff",1,credit_card,4,128.72
ea67a5b1807c5b8fca4641beaf7a76f1,1,credit_card,10,516.73
"551dc720414dea175fabed81e4ada2c0",1,boleto,1,27.77
"3517e73d0edbc9c46ef7044cbfe14bc5",1,credit_card,2,143.27
aec22e7fdce5eb4bb18379fa44aa0662,1,boleto,1,100.25
"347a523a41b9c5ff0194b0cbdff11fc7",1,credit_card,4,224.87
"5e9fbea0a384b612fd7b6d66c1e21152",1,credit_card,1,40.09
def216a7e23176302ad2eb66d57a2f5b,1,credit_card,2,119.57
"99228ba067d1079de42bfe817f1fa907",1,credit_card,1,13.55
e641c4c52bd0059576b2ed7d7acc2feb,1,credit_card,3,36.69
"0a896d016dd3a53c584129cd14e0875c",1,credit_card,1,31.42
"4575195c5ca6f5a5e4b623b45e865a6e",1,boleto,1,160.74
"74ead5a61500dd4047cd05f77848898f",1,boleto,1,65.87
"3735a11cbccd8916dbc9ccf5f671cc2c",1,credit_card,5,190.99
"4cc9bc748dac6becee93a5f6a4b3a447",1,credit_card,5,378.74
"33ab677344c9faee8b18f69d606bb153",1,boleto,1,39.60
"8a27647dc5f71b1eda4620983e89334c",1,credit_card,2,130.88
f1e29ed944fff812d3fb63c9c0ffb09d,1,boleto,1,129.16
"6c54ede964379de26323adc42faab3d1",1,credit_card,1,504.32
accbeaeaa58ec74bdebcb425e6336a38,1,credit_card,3,71.14
"09905fd2dc65b5998da50f11ae3ed6f0",1,credit_card,4,292.34
"723f134709c05ce129d5e45847a1be3a",1,credit_card,1,42.24
"9307eb406f745cbdb5934be961d05e9d",1,credit_card,3,39.84
"3772c863e089768339269d261fadb421",1,credit_card,8,318.34
"338cd98c972c8d9b015759974ca7446c",1,boleto,1,64.42
"21fdf6a269bd4c5befb28302d4d00803",1,credit_card,6,475.01
"34d3825176b5e4ae141843ed4e313c7d",2,voucher,1,97.69
bdb9bdd2b7e7f7fa3429262ba9cfeca4,1,credit_card,1,94.84
"793bd6f3c3ce5f97fffcf62f2755f84b",1,credit_card,2,108.42
"26309b9af9801e215252ef79be51f75a",1,credit_card,1,67.53
"13f71b34070e465311be5e70a4b726ca",1,boleto,1,16.09
c07db2ecf8530bd60659764d866467cf,1,voucher,1,7.73
"8fbf69d27f719cdac15cafeec686eb37",1,credit_card,7,122.69
"0fd20e900b40f5cb8e6fd31df27aabbd",2,voucher,1,250.00
cf8b06e3cb532f6045a05a87af095b50,1,credit_card,3,110.55
f92b34d1e66d16dfe85adfbf914dee86,1,credit_card,4,1859.10
"9eb880d9b164dc9f49020d887c0de37d",1,credit_card,2,143.10
"6223137644b9e1da72b9876c3de86b39",1,credit_card,6,342.17
"5076401c4f2f4895fceef67a44144242",1,boleto,1,87.48
"8905761cac2180526408a54fdd74a54a",1,credit_card,3,86.73
d3db589726a9b7179c7aa92b6b6e477e,1,credit_card,1,161.47
"7b1dc739a78d04563a4fd62f5a6b454f",1,voucher,1,20.00
"567b5fcbb939e9c7357320d26cbdf4fe",1,credit_card,1,43.38
f8e766dd8b4fe03b6f897a862ce9240a,1,credit_card,8,97.13
"8653f85aa59de4b89435d4b44c8da67c",1,boleto,1,225.15
"60d415e84551cac375bb52d28412c53f",1,credit_card,8,234.39
b3aca462b5aca4e8bca35ac69f094e8e,1,credit_card,1,58.23
"6ab837ed3e0f1ef51f147c0aad2f4cf8",1,boleto,1,206.72
"7cfdf7265c9572fc7b7cbd3b9cc438b7",1,credit_card,10,128.40
"40dc4c4de919b652200754bad3125d2c",1,boleto,1,177.39
d4da0ded1ea8403f03239a9e2a64a062,1,boleto,1,84.24
"76b95d1df7db4efef64048b3f7653dc8",1,boleto,1,263.78
"7cdaa17ad10c7724ac707e1a2fd3a3ae",1,credit_card,5,52.38
c5f520f0bbd21e5f3efd20f7b57a0eb9,1,credit_card,1,36.28
"6632888390f3af5ed95c013591e1d625",1,credit_card,1,104.86
aa1d1ca97c168f757ed08fe8a76225a1,1,credit_card,8,117.20
"85e425a944864c82f7b772da2ac0e2d4",1,boleto,1,79.56
"6782b1071318ad334c2a648586098947",1,credit_card,14,143.21
"427be8c69327b86f12e65fb5fedfde5c",1,credit_card,1,114.84
"1597b20b2beabd6db9dcc126b74bd21b",1,credit_card,4,204.63
b3282c241dc25705fcb8802416a93929,1,credit_card,1,44.79
e213fc2168e6a1892d02c54ead180c5f,1,credit_card,3,98.55
"3045cb6b74fcafec7c76248f1737b73a",1,credit_card,3,37.58
"5260ac84bdd23400bd774a4507093208",1,boleto,1,514.92
"2db6929b692b91f237289729903d37cc",1,credit_card,1,175.70
"74ba3677f15f456d0cf9f7081f3b1f30",1,credit_card,7,155.14
c962c201a85de03ef0e3680ab20d2102,1,credit_card,5,151.70
d2d3a710d923a0349be09988ab8d5ae3,1,credit_card,3,35.90
"6f429f70c82d9e5e7542ab3ddd773771",1,credit_card,7,79.56
"34dc2f9bce0427122de8cd6afdb03c2c",1,credit_card,1,91.86
"1253e106e963fdd39c5d94a79823275c",1,credit_card,1,49.31
"3485750732f5130f210ecbed8073213a",2,voucher,1,92.01
"175e7244409a1c34674cdd3407e25808",1,credit_card,6,214.32
bee3c772bf29c9b56628b4fc2206fc9a,1,credit_card,1,123.56
"67fcbb862147c691c399883bfafef134",1,credit_card,2,82.64
"161436481a8780aea9e2139793246aa5",1,credit_card,2,103.15
cc8412c7495b3d013e638dae26f04c9a,1,credit_card,1,21.15
cc427984e779c3d1dd7e082f39a98fc6,1,credit_card,1,1395.76
c20f5cf8451a562b0fc50dd48fc8d68a,1,credit_card,10,668.04
"3f35b92ed8249125038852a2742bd514",1,credit_card,4,111.99
"345f32d6e7e8e03b359eb5b3d38da376",1,credit_card,4,96.81
"6be2387f026d43a5aafdf9fd969f5417",1,credit_card,1,43.86
"7d4cbd9b923b192e7ee6c0667dc10bda",1,credit_card,5,224.59
"8cd7be194601db331acee102c799242f",1,credit_card,10,181.91
"78b60b2b56698f828379188688d16396",1,boleto,1,475.97
"25c9e543b6963d52aae26badeed1e26c",1,credit_card,5,74.66
f9df671328c983159e6f49c929679f5c,1,credit_card,5,102.13
"6963678ab394ef16d2dbed6ee6d07c44",1,credit_card,1,9.70
"1ee4815d0b4638b47727ce58ef0fbc5d",1,credit_card,1,83.45
e79a40fa21cb8034a56c7e38d7beb090,1,credit_card,1,25.29
b45d11b61c2a68756bbbd7665d67e812,1,credit_card,8,106.38
"564d27104ae4e2c4d3592769b928fee6",1,credit_card,3,89.36
"8f003b284055ebd824f3f4b259a49045",1,credit_card,1,68.18
"893233a6a55e2f152d2088ab047ad4cc",1,credit_card,1,488.14
"259bf446f0b02fe474a518edf7a1862b",1,credit_card,2,71.04
af1c0dc1f2cdfc4a74069019fe837717,1,credit_card,10,420.07
"8ed9bbf52d875aa480a636c3cc1b6dc5",1,credit_card,10,261.90
c79d89949e9c0c15257737ad928cd954,1,boleto,1,72.05
c03a1a47065000233e19e37a01eca310,1,credit_card,3,60.75
"349419805b6735ed9a2cf737205fae53",1,boleto,1,37.77
eb4a3d0046ad19061885dc5ce242068f,1,credit_card,6,68.62
ce6923830776a5f0d2ffd91a11dd6204,1,credit_card,1,109.41
"4d6a47078b73c647206be4398bbe29b1",1,boleto,1,214.14
"7cb7082833b403a3d40a1596b54f2fba",1,credit_card,1,37.51
"5060197f7c574e4528d505af5308c386",1,credit_card,2,369.54
fa9f5a4655d840e1de98632fa80c98f4,1,boleto,1,54.83
a6b4e78fd33ff998a908e7251bb769d1,1,credit_card,7,223.14
fdf04954953ea35ab3c35d7518c0c0e2,1,credit_card,4,146.45
"0629771ee9bc4f49e6d2fb6d637f00a7",1,credit_card,1,150.04
cb07791e2924a69295203fa188d338e2,2,voucher,1,20.00
"4914b5077b095b26dbd6edf293259136",1,credit_card,1,83.76
"26c9c7c372a75607ecbff1e8253f0792",1,credit_card,6,67.11
"08bd4784e35a8be0fa12c4f4f91799ac",1,credit_card,3,90.18
b28f617a18326c00271c43c29364b00a,1,boleto,1,258.44
d9bc6265a0fd5fd74e4c1db0ee72d753,1,credit_card,6,135.49
"9c0b834fc89f4dd70679baffe8bed38e",1,credit_card,2,186.46
"6e4331db29c7dd562ef96efa2b112d56",1,credit_card,4,135.16
e9f2dca2852f01cd6047b07f225f2c68,1,boleto,1,108.20
"41367bf2808c24ee8be2b9709f5a3845",1,credit_card,6,132.44
cc93c76377b9408581cc455bd50de947,1,credit_card,1,328.51
"84db939b1ab9686533e9a06a0354beb6",1,credit_card,6,142.14
c80e3da5b9dc27c8ab6cd05b1c72daeb,1,boleto,1,91.18
dd50520e43525f813b7b2de2422b29ac,1,credit_card,1,51.20
ea639b1119b066a5966041d2367ce1e7,1,credit_card,1,91.98
"7d09831e67caa193da82cfea3bee7aa5",1,credit_card,1,65.35
"3ef3c976c86d9ea7e4758728a87732f0",1,credit_card,8,217.45
"9e78fab71a274225243402d9d1f74166",1,boleto,1,141.39
ce6cb2b1ad992ad81325f7672d407696,1,credit_card,4,45.96
"3fd0aee5e461a0922a15e3747a042332",1,boleto,1,207.62
"38c61d1bbf5143a8c347ebaa490e234b",3,voucher,1,47.21
"97cf410955342f171c31559b5846b379",1,credit_card,4,48.22
bd082df331ea01e5fed75bd20f124cf3,1,credit_card,9,478.18
"179de2e682fa3219ba41a728047be96d",1,credit_card,12,127.43
"0ffcdff33eb40b6ce4b6cef424e1c63f",1,credit_card,8,1871.64
"3161bdf9542e5627c052f52413c92822",1,credit_card,3,169.64
"186ff84d5b5b50a2d790cabc5800b9d1",1,credit_card,2,183.78
b40d597f0eb58c117cb5d9e424f10426,2,voucher,1,38.50
aa5e534574a9f7b3b8d2197ee978af4b,1,credit_card,3,148.13
"37e9481cdd40609c76b3f6da7f9af51e",1,credit_card,1,355.01
"605a65763ded48a0db12fde2b0106a9b",1,credit_card,8,468.00
"94e804cbf3da3ae66126b5d81e1f72fc",1,boleto,1,509.61
"9fdcac8d1f22da3941b458e835f199e3",1,credit_card,8,119.30
d7ac124b50e54544b4cb85315b5f2793,1,credit_card,10,182.59
"3f9cc3bcb97ba27a265c13ff4f540689",1,credit_card,3,146.02
"43c0f811c247046c30643b3c1f3c3e69",1,credit_card,4,113.53
"5e8d0f2f1e06e715aee3eefe4c175e52",1,credit_card,10,619.34
c425022a55c05232ef90584ea3a169c7,1,boleto,1,43.54
"0678d595b99f7162722e241ea36f7512",1,credit_card,1,34.69
"87165c6641d05fb32802b8c65dd40ea9",1,credit_card,1,95.22
"36f4478e93bb401c1938f739d085591a",1,credit_card,1,252.99
"8e3dac8843f85625f54bef3730b457ce",1,credit_card,7,163.79
eef98923f3fe58345e2aa0ff71f97bd7,1,boleto,1,102.64
e61f15c94900d1cc4cebd96be96f3823,1,credit_card,2,142.40
eea701bd5c437bfaf0e473c9012e9aae,1,credit_card,6,155.73
"467ba1d86d45ebd9cfa12501a08f40ec",1,boleto,1,31.22
"8a44c114784f2da023afb7558ff80e2d",1,credit_card,8,221.21
eb366fe32c33e3b4037e9c3290b3ecec,1,credit_card,1,145.66
fff60e5408a9dd1e92ee30023052af30,1,credit_card,1,148.70
"57a5c252ff21dfb77def9d474c54edd4",1,credit_card,3,35.57
"0c0c250234e385578b31a38b198cf900",1,boleto,1,165.70
"548593d537ea3f5e453588407a484d81",1,credit_card,2,116.94
b03b82e985b149d61218a7e0111ed6a1,1,credit_card,1,50.00
d8b5d1ea87d75046c7b453b1b128fcc3,1,credit_card,8,81.08
"421fc9c7335cfa178d12fb8605fe8030",1,credit_card,1,124.42
d49efe682cbc3494ff3dee6263ff7164,1,boleto,1,42.44
ba566f2aa895f419305a7688c55495e5,1,credit_card,1,80.26
"0ac372f92fbec55ca27ef4fa99a6a13a",1,credit_card,1,23.10
"71b3ddf23337fe1597d27c6af949d17a",1,credit_card,3,125.51
"9de73f3e6157169ad6c32b9f313c7dcb",1,credit_card,10,3899.00
dc7a959594336f6171e4fddee0e43e2f,1,credit_card,7,291.44
"0046e1d57f4c07c8c92ab26be8c3dfc0",1,credit_card,1,15.57
"4cbe925cfb272323db0ca38c5dcd6e6d",1,credit_card,1,54.86
"63e4ede8e88252dcabc3a251e84dd7ff",1,voucher,1,36.74
e2755dfe79c25d6e6e7ab1397254d527,1,credit_card,2,121.12
b9fa782d4918580e25b6e3b516a55710,1,voucher,1,21.03
"38fc86c0e01c22306be55394abbbeb3c",1,credit_card,2,197.03
b7d469b7eb3c07c6d4b96d505c811fea,1,boleto,1,31.71
"0f4e0cf683934cf2cc6b45a24b386a14",1,credit_card,1,72.97
db83da303bf20ca0e0c62da48bc6ab67,1,credit_card,1,112.71
"02ff3675b59b53ca5cdcb2b6752aeea1",1,credit_card,3,69.54
fbc40dce4e9b980972cbb7842987ca0d,1,credit_card,5,80.48
"41c3bd8a34828a1a9ed3bae14a535afe",1,boleto,1,306.31
"5dc59cf95fa0dc97fbe9961d2547b278",1,debit_card,1,187.37
"1e80bd664bc120ddf4d789b7b9455e14",1,boleto,1,282.38
"668691a590a0b7cd73f3b6587fb783da",1,boleto,1,57.82
f2b05b43011210214069c513de56b6b0,1,credit_card,2,158.09
ef31025693a0212c0b45d12f12f12a5e,1,credit_card,1,118.58
"90d1a65c251d2487732eb66b09c882ce",1,boleto,1,88.20
"78ffbacf7c5428a637e847e5191e4875",1,credit_card,1,82.33
ba1415261e29b897a230549d83bde015,2,voucher,1,44.38
"7b862ac7558f536ca1c6f388f21d22d5",1,credit_card,1,69.73
"1b64aaf7875fa6e17e1a2013a03ef46b",1,credit_card,1,35.85
"50cf0f713c1a9c9c9bdfbbf31b00eb48",2,voucher,1,135.33
"3c557fef5b5d9315a99f7442ef013a8e",1,boleto,1,49.48
"2408c82f4d0bc3152844a50802d332e3",1,credit_card,2,99.47
"5d5158a88e86989b64a41c1c2aff9125",1,credit_card,1,30.86
dc4dc464cfa3377e0b31a936d2d117d0,1,debit_card,1,24.68
"006557c3221c1fcd02b0106343ab357b",1,credit_card,1,23.17
f683cdbdf58d83a900ba15a1df6351b2,1,credit_card,8,585.39
"7e601e1373744c3c2572bb0877caac87",1,credit_card,10,247.16
ca2c48ff635d7bd831194de9207ca62d,1,credit_card,7,72.43
"713eda1fb337fff2cccfae60fd0b411e",1,credit_card,5,488.68
"265e89a62092ab36c7e1852464cdb377",1,credit_card,10,266.14
ef3564e02d4e2945236a1bacf894cc14,1,credit_card,3,191.64
ffb2c3a5bb149a2f860e5d057096201f,1,credit_card,1,311.88
f09afa8a9cfcfba64cb18282881fe509,1,credit_card,6,188.89
"5b0abacd375bd7093422a42eaf889d7d",1,credit_card,1,59.96
c63d4cef8337f938b3bfb0b96b7b1242,1,boleto,1,73.76
"25fc8722bbbe6078d34f792c3cce00fc",1,credit_card,1,66.34
"9ce6c58565a9f49c421d2c6e9f650041",1,boleto,1,139.90
"18d436f1bd867f1869bc3a16103a4b75",1,credit_card,1,67.36
a80a4dd2b9980b28322554cdb0477b85,1,credit_card,3,73.14
"2614277cdd7148ffedbc0bc25278eac3",1,boleto,1,128.06
fa715569a8d11944307ce94d3413e902,1,boleto,1,155.14
"0eca09e82535e22a903c3653b2c7eae4",1,credit_card,6,175.98
dde44f7e3e37e8a34b9cdffc9bc652e5,1,boleto,1,172.34
"08cb000ba1516a67d8d9fbbe5f9a1091",1,credit_card,4,137.40
"59e620de44dd8540fc9e5c40d5e4ff71",1,credit_card,1,70.53
efa4b51113fdedfdef6dee22876271ca,1,credit_card,8,246.38
"3cb615977522175b4a3af08f44b44dce",1,credit_card,3,69.15
f42bd83a4ab3d73b94ee8df42a589742,1,credit_card,6,64.80
db7974217c78bbcb9b81412ef8268596,1,credit_card,3,174.86
b1fad4d8e73fbb65137e444730f5f99b,1,credit_card,1,87.36
"5c71ea0184088e38bb96418275b4fef3",1,credit_card,1,58.16
"66fc98f7d344e1e2073260292fbe6e4d",1,credit_card,3,45.22
"8fa02a6beaf631e5a3a05daaee039df6",1,boleto,1,56.77
cbaed20b95fa45e7962bcb86140efd33,1,credit_card,3,83.23
d53f2f6c0bd9152936601ea9590e1840,1,credit_card,1,61.75
"445d0f90bcb70f0d6c8edeb350b3dd19",1,credit_card,1,21.43
"225f6489f45108e98290969c71097baf",1,boleto,1,174.81
"955ea2e3177592d909296220d7fcdebd",1,credit_card,8,419.12
"2eed473a355a3965e5a3fbcea0ffa40d",1,boleto,1,66.51
c17d8e9298a127be6a6c0fe4b693275c,1,credit_card,8,81.53
"9e988375e80989b9914b695cd57654cb",1,credit_card,3,59.83
"999f2c3acec30e9b25d21ef56a233e45",1,voucher,1,50.00
"2f124d00fd77d40d0847e9c97db27ce0",2,voucher,1,100.00
"2f80e75d1ecbb82164966f64abf451fc",1,credit_card,10,186.27
"2b101e802b6712f2fc129966a2c518fd",2,voucher,1,15.04
"8ea18c94420645b8bd579dac65636c1d",1,credit_card,6,155.64
b00853fe8ddc3b34dd00f0054914241f,1,credit_card,5,50.53
b57278e94a17f53f5a91bb0aab49c397,1,boleto,1,56.86
c9f987ae7f8399dffe6db135d4cf9289,1,credit_card,6,68.61
bec70b7a1c8969ad58a048aa111bec9b,1,credit_card,1,47.71
"7fe948b9f9dddf12e531b890540b10bf",1,credit_card,9,420.29
"7dda251cd0ccf3b0e0ff56d62b779fdc",1,credit_card,2,106.95
e55eeb63fceeb994b091e9a38be6d0ad,1,credit_card,1,29.00
fe1ec86f91f3b5b6bc46fc3e4b8262cd,1,credit_card,3,31.75
"5ebc0e4396ff850d059771c6a0a3b4ab",1,credit_card,2,127.44
da69511456c7023cd57b53b888f9ab27,1,credit_card,4,40.85
b1501234c007ae50246518bde6945cf6,1,credit_card,5,548.03
ac5505acc449a5a79dce26cfa549dc5b,1,credit_card,10,151.13
"4c16132abeae3fd9a70253acff71ee2f",1,credit_card,3,167.51
"2c6cd2338f9bbc7b19f8177e89e633fa",1,credit_card,1,21.43
f6044945e005e4b173972736e3917bf4,1,credit_card,1,76.03
"1af11afc40559c3d542c842db8248863",1,credit_card,2,47.86
fc0505833ea55953cb885d6694daa689,1,credit_card,1,166.51
fc83eb7b2a806cd7c4ed7abaa9af49e7,1,credit_card,5,54.60
d3b793b04fe8ed20805d6c19cf00c0d3,1,credit_card,4,246.97
"7c735235d243792b7c57ed3ee240bcd7",1,credit_card,4,161.25
"8c3dc89e0f3cb3d2ba28bd9559109b84",1,credit_card,1,32.42
eaab306c6d995d32606b73651e619bc8,1,boleto,1,62.25
"146b5dee10d8a77d71b6e9341fe0a154",1,credit_card,1,48.56
"9460e47bf3fddcb92a2bc8023ae541b2",1,credit_card,2,125.77
"258fdca015115622abad4d8ac1a13ae4",1,credit_card,1,58.82
"086fbd1d738c8b0bf972f0757bc57e9c",2,voucher,1,33.79
c153dd095e8ccdaa7331d24b23bd62a9,1,credit_card,1,36.69
"008c3a655c66f4d92370d0d422732f69",1,boleto,1,99.44
e4a95c672918cd518a26dd7426ddd817,1,credit_card,4,273.32
a9fee536d06608e4030b0a66bdae485d,1,credit_card,1,157.79
"191770cd4f3a7135f4db78a9230ac3df",1,credit_card,1,58.09
"9099fbdbf8ce8489a7546442a0881f93",2,voucher,1,213.89
"42a05f75800f7b2f57f1c57a63955911",1,boleto,1,41.84
cf32d57010a44f75a008544d13445ad9,1,credit_card,2,181.33
ab4e9c7509c66adaea2fe37d7e1537c4,1,credit_card,4,80.31
bda4a979b6d9a0a3993ea2ef51a41497,1,credit_card,10,359.88
"9c8168f2783f0165c272ee971a47e916",1,boleto,1,193.03
"2d2ee060abf43cd4efb55c10092298dd",1,voucher,1,78.79
fba74a1f9422c616cd75a7a9577d2058,1,credit_card,1,39.87
"3e18227567dbe13ebe679ef9eea4d872",1,boleto,1,104.97
"0aaf52291c13507e7fe4f565f079ad9a",2,voucher,1,62.60
e8c8d04eb8aefee37534cee9af6cefa9,1,credit_card,1,32.38
abba5f10cc4fc60d330b2cf362306d1a,1,credit_card,1,36.98
"8136bf2406388feb89749d0801840cbc",1,credit_card,5,64.22
b7aeacfc25789063ab26dcbed69401a3,1,credit_card,1,63.27
"5cb1ebf7fc3436167b8c37a78ceed6a1",1,credit_card,6,463.34
"35e3eedfd9714f8e56fee1b037cbb5d6",1,credit_card,3,121.01
"48a224f9ab91e6f61f0f90e854cd7deb",1,credit_card,5,125.88
"55ceb70ebd207c9b9b99d516c1455c41",1,boleto,1,90.88
"1c11733dbdd5bd01b44d43c1ea15d09c",1,credit_card,2,99.65
cda39e972551602661cd5e8908ee82b5,2,voucher,1,25.00
b313c4c6f6035467d515a2e7e6031950,1,credit_card,7,77.36
"01e9feecd7fba975c1869a8fbbb38b65",1,credit_card,2,303.11
d16387aa75d92aec2dbfa45f9510ec65,1,credit_card,8,86.67
"38886f218185dea64ae0c39a629d89de",1,credit_card,3,64.08
dc8155452b97affece4c5a698beb11f6,1,credit_card,2,53.63
d62324319b4efb72f855f123f06cb07f,1,credit_card,5,51.69
ee6a5eda1f6348ce77dd734f59499ac0,1,boleto,1,48.69
"4f519ece529392f7272828e7c16e1a78",1,credit_card,1,23.28
"15e4f54bacc1f99c567ae071a016fa9b",1,credit_card,6,339.64
"1c0e2a041cbb546001e7259526d26e67",1,credit_card,8,484.55
bc80892738aa55b49dfd74ce6d50cd97,1,credit_card,4,206.87
"8e6f3cb506222036edac14e7db634ae2",1,credit_card,5,55.00
"31a8e53226ace9a58aef6b76fab4ff4d",1,credit_card,5,54.60
"74c766653bb08b7e5e2d66388adb406b",1,credit_card,1,179.08
"95bdac6e96f88756554972d72c5d9591",1,boleto,1,55.41
"65d45b2f40853ee124b911fac597afdb",1,credit_card,1,62.14
"5f208894ebd77e40a78e3ae42e67d828",1,boleto,1,41.84
ed3d1547a4d7808c9cd1b0048f414d29,1,boleto,1,26.60
"32cd8c1de0b106ac12c8bac666e9e1fc",1,credit_card,3,89.02
"326fa4ef13e06290f3b142da7663d4af",1,credit_card,2,27.85
"6212219326faa53d27b3f4c41e98b997",1,credit_card,8,221.92
b3095fffac9c11772e0c2344320bdbe0,1,credit_card,6,68.18
"047250e11ece4201a2083bc3b62866bf",1,credit_card,1,43.30
f4a613f13687a59ba108a5ad756d73e6,1,credit_card,7,215.14
e1174d9bb5f8e6dcc490106c8c6b1bd8,1,credit_card,2,116.45
d57eab70175d8611d6a811d6c2af63ae,1,voucher,1,98.94
"48e785adb7ad7f98808fead60f65fd80",1,credit_card,10,195.00
c7a60c45b05ec8fa2477a5291f1e8220,1,credit_card,1,30.77
a1c70b0fa5138bdf9bea3d78cabdf659,1,credit_card,4,46.69
"5922f7c7645fe4c84b8074f7574dcacf",1,credit_card,1,48.68
ebfce1854c277686a8c92ad97edf639e,1,credit_card,2,115.45
"887496af5da0e19170d08c069e8e98d0",1,boleto,1,108.50
"2819ec2a16c2a605c9f8662af33e1977",1,boleto,1,69.14
"9f746b29d9c50effb250e5b99c2c8874",1,boleto,1,28.62
"72270248de25053e9abc4329ce7caac3",1,credit_card,1,97.29
"1a66f333fc14fa09a218cbb11f00233d",1,credit_card,4,112.34
"8cfce4714e95e2ee39602c28ff8270fe",1,credit_card,2,102.03
"26df1f409adf3bbb2f057e1ebb11b019",1,credit_card,1,137.90
e23ad32d5c15d9ad308baddc6262afea,1,credit_card,8,115.40
e17f744bed784a76426455ca2b4f35d0,1,boleto,1,75.17
"2200d7d4069cfe22127c053c75a26c17",2,voucher,1,62.20
d413cfcd1406d2d501179c9671b727fd,1,debit_card,1,79.60
e5246a33b7ee0e4b0be573c4406b5ee9,1,credit_card,10,197.20
"98e38b5d59b358aaf4d5a08ca9814883",1,credit_card,3,85.60
"27b6badcdaa36a93808ac126acc05329",1,credit_card,1,35.84
"75f041ff00fa67ba7b8b9521ea8d3a2f",1,credit_card,1,29.95
"278340587458d6ef7070f79b08bca8b8",1,credit_card,8,188.12
"2b020fc22c27548cc22ee8447edad356",2,voucher,1,100.00
"8444b7e4c41755b890c97056b19e4713",1,boleto,1,40.00
"5f170cee48e637e0f925477784ebb879",1,credit_card,2,109.02
"3b132068223649635448d659e7826d12",1,credit_card,2,185.85
"52a33f96555a51b48edfbc76f5158dc2",1,credit_card,2,122.47
"2ecc1d9cebb1daded906e43f4c445a5f",1,credit_card,2,116.24
a5cc7c162aead44119ea3820390514ef,1,boleto,1,51.09
"01f48b2a27229e667db384b5b9d5dfa4",1,credit_card,3,68.19
e1ca31317b9d333b3991d72a5717d4fc,1,credit_card,1,839.39
"6524a88ca27a0b23f796705c11087d6d",1,credit_card,1,57.50
"2f3af8ee559ca3311975ba1ee20e94bc",1,credit_card,1,95.02
"7090915026396fe970a03b8c4c6f0d95",1,credit_card,3,71.42
a6f96f5f41817cbffc01b1c756b58b8c,1,boleto,1,97.58
"4527fe780d1facd3191d875fd794b233",3,voucher,1,23.12
"128967b86751f65b5d5fc02f7354e722",1,credit_card,2,86.02
dadb8dd1ec0c5e2a6e53a6e4121d7938,1,boleto,1,49.09
"2905a2371d7b1d8e0142fa8ccd78f28a",1,credit_card,10,192.12
"2bed7602716232f428dd9a52fb9bd809",1,boleto,1,72.14
"7f99c35e1289684c803ee00ca1d2b05f",1,credit_card,4,95.21
"7e3154615c510971dc93f2d63397b3db",1,boleto,1,46.30
"882f92adde58820c4ae257ec5c31bf16",1,credit_card,6,296.77
"260799d8b7f9539cd4cd5a5e513a281d",1,boleto,1,29.29
dd38b886d39ef65944147719095164eb,1,credit_card,1,62.98
"214026e389020b815048174316597274",1,boleto,1,29.30
db7f34935c2b818933171e61c031695c,1,boleto,1,30.09
ebb5116440ccdfdc111d58849b096401,1,credit_card,1,12.21
f7198d6fd9c02f8d7f7646b213376ddf,1,boleto,1,43.00
"3349d5fc8a511315de279fcce11049f6",3,voucher,1,42.06
c861c72a760c0b073de162e9e981509b,1,credit_card,1,147.99
"320ed62040e9d12e3d7cf4795e2b7df3",1,credit_card,1,102.93
"89bba6017e2a96f939c1a9551b4ed4a4",3,voucher,1,15.42
ccfe85ff3893b9efe8d101891fdd40ee,1,credit_card,5,159.10
"5bdc8e61065c6a340cb4a89376bdac89",1,credit_card,2,307.38
"8ca359188415aaef358f04e23e462a43",1,credit_card,1,65.00
"7bad138fc5f9e735ea42ab050ef5e8a3",1,credit_card,2,131.73
"400b234a2cb11507d9c6fe2ff08b5035",1,credit_card,2,123.28
"191d8d46583f6f363ede63402686d936",1,credit_card,2,69.22
f58462e1774fbcabc35c4a2dda61704e,1,credit_card,5,96.02
"0f8c8ddea2408a5ea9637d98f1c4377d",1,debit_card,1,94.91
d32aae18f0f7dfd247193137870ecf0a,1,boleto,1,96.49
cf4b7cb0eb6f15f334b92be767c34bdb,1,boleto,1,75.85
"80c3447167bed567a8646b0802408d48",1,boleto,1,76.78
af6dbf659dbbf1932943adf2a2f6da6b,1,credit_card,3,288.33
f1b070043fd1979039538e8644181f9d,1,credit_card,3,33.28
"0115d160c5fbd758a139ff90821db60d",1,boleto,1,411.63
e3ece21d7c72cb7ccac97cf62de62891,1,credit_card,6,147.15
aaa2176c2eedbba6fb84a3d63e01f433,1,credit_card,1,56.87
"1f99a2d6f950889eb7d7a61f4d97c70c",1,credit_card,1,65.00
cf5fbcc5962bb18037e4cc158c21c14e,1,credit_card,8,267.66
"36c3bf59155e236837a7044dc3821b1a",1,credit_card,1,70.98
b5938717f4a31095fc54c8b959e7b880,1,boleto,1,77.55
"652050879a7da861024a1114f926958d",1,credit_card,1,180.59
"29583d296cc7341cdde689ee5b9f7ccd",1,credit_card,4,124.50
de33a2445c0420d1e174add3c1e5f10d,1,credit_card,2,71.85
"46fc20b4c9de927597e9bcdd9732d404",1,credit_card,1,24.75
f4cb34ec54f101a3e81f542b1a81eb00,1,boleto,1,157.78
f2a4a108d09aa4b93643e9702d32d6de,1,boleto,1,45.61
a24de6b0871517bd5771e0b4781ad5f9,1,credit_card,2,195.30
"1946c4925cef4f63c6d90302b3d8caf4",1,credit_card,1,26.77
"32521e17a0b60adf739498f61d563ccd",1,credit_card,10,171.60
a446e19eaf1b7ae1ac483f47c29c2d36,1,credit_card,2,25.50
c022b7da8ab7a4a04bd561c8f765a14a,1,credit_card,1,194.00
dc952dba5b4ae9cc2ea0eb4757f0cdd0,2,voucher,1,50.58
"8a004a62306c4b5b0a7618f51158404e",1,credit_card,1,215.30
"159b0ce7faa02427505f3ce47f48e933",1,credit_card,4,41.78
bd5a4522a820fc4932b422d462bd8195,1,credit_card,2,68.44
e6878ac5a9f0035c1d0a4e3310abe17c,1,boleto,1,122.88
fe12e676fd493885d417a34bc3917411,1,credit_card,5,1072.41
f714269036f547389a3e426b33e1e787,1,boleto,1,410.95
"15b5cb72b88eef3759d55a8d7cbf0a6c",1,credit_card,1,195.63
caa9ea8230c1a21750f938c306e730c7,1,credit_card,2,20.98
"67d8f4eb477222d7b5b81daa8e007bdd",1,credit_card,2,139.80
c733bae44f0aa970fb902baf713a1372,1,boleto,1,179.01
"87cb6bc6178f0a340e40123b7b042243",1,boleto,1,79.04
"3415d8ed3da0f4c3f72b608ad678a895",1,credit_card,3,36.85
"29148c99dc1bb0cf8aa0a5440a583d84",1,credit_card,4,417.76
"1c7c202a0cbbdb86b7613a8f2b0931e7",1,credit_card,2,133.08
"8a12018fd6af932819b6e06b6e3eeba7",1,credit_card,2,24.68
ce7c736a1e04308e78a6032b5b3a695e,1,credit_card,1,29.98
"6b63e99cee8db08f10bb8f41c56f42c6",1,boleto,1,58.09
"5364d08bc3ef658354a3d13d17051f49",1,credit_card,3,167.20
a24d66d387ac209f98ea7b4eae586336,1,boleto,1,455.71
"380886e93bc686d76d710cff9c36ebe3",1,credit_card,1,36.17
"79bb1292df7d62fc35c5121cf94216dd",1,credit_card,1,46.84
"748959bbfc92b5990235c6b93d114475",1,credit_card,1,15.00
"5fdd5b25e739dbf9a0a25e518836420b",1,credit_card,3,36.82
ef782bb4dc72950173bc2fd3dd651433,1,boleto,1,57.78
c1b0aef054d96bbc7d6c28478af21483,1,credit_card,2,42.41
e18cc7fc5eb938dd26feb68acbf88642,1,credit_card,6,319.11
b9f31e3a32f182587fd629c681118d79,1,credit_card,7,517.24
a3a81e0b3771258744b5002e1ab03ee6,1,credit_card,2,27.42
d8be7210368c4e44be491b1e395b293e,1,credit_card,1,42.77
"08fd8d3e4e30f796d703584db2e27e1a",1,credit_card,1,86.93
b33010cda5cc0e6573b4eecafeb14082,1,credit_card,2,255.76
c71cf183a3308543154b435e645f56d4,1,credit_card,8,530.01
"3b2c1076db50e3fbc99981ae5ca1e6aa",1,debit_card,1,169.13
ad011a3e400b99be12aa7d90ceaba499,1,credit_card,4,97.62
ef0b0dd189a432d8d66f2856c5d3f28a,1,credit_card,7,173.53
"36acd0e7abb8ba0ac7fba360e09c5451",1,credit_card,8,153.17
"73cfd52c2ab878481307dcd97df6155c",2,voucher,1,18.46
"4ef066c3099dcff818ee6123fe0f8195",1,boleto,1,35.79
e07a6c5dd28e6b5ec4806a1ca8325e3b,1,credit_card,5,407.81
f8aba426293f758e260c19ee0f1982da,1,boleto,1,52.69
"02ce6664223305cea5b46ef1f2d81461",1,credit_card,1,54.80
"6a9cfa8ed7b1cbe09dfe3dbba0f4d8f0",1,credit_card,1,533.82
"46d69313b61b50a82923f811db17de3b",1,credit_card,10,168.20
"0c55bc7181a82565bc9da1e2842c84c7",1,credit_card,6,136.50
"626a8ff56da018438dd2249de58f0014",1,credit_card,8,196.17
f963c329c770720f168067c84761f221,1,credit_card,1,43.89
"3d12931b79aac8b5936c7845d6e997ef",1,boleto,1,175.88
"36427c26a33be23e4e8867d9a8245688",1,boleto,1,82.98
c8897b5891a3195ee9cecf410341b589,1,credit_card,1,41.36
de3e2a6586207ab341873057bac579d2,1,credit_card,1,185.94
f19fb77bae3d3b3d2394eee444ad0e54,1,debit_card,1,40.09
"663ccd66895e16bba443625e63a777ff",1,credit_card,4,70.63
"12589ddcbcb65fc7420d1f32a15d2169",1,credit_card,10,722.76
"82acff152625d343c9ef91512401c210",1,credit_card,3,372.00
"90eca4d64c7a259032121fd75766d408",1,credit_card,1,51.32
"6952971feb0ed948e482e6aceb1e3921",1,credit_card,1,67.43
cd6abb02d781babd935ee80555d3972e,1,credit_card,3,204.53
"905564c4ef42ed11c74cc6f3d1919bcd",1,boleto,1,177.27
"6f752180f34073c79120a1f2827a39ed",1,boleto,1,119.28
c9890157779e80957a453686f65ed097,1,boleto,1,27.75
c46deef64dc8913af348b596ff4fc40d,1,credit_card,1,53.68
b4cc15026eee314f397bdfe9767a0a9e,1,credit_card,3,73.15
c79cc9cc01a118d224618bf964a0c1ea,1,credit_card,8,395.82
e3bea81999f3dbfcd2872b964a00fd0f,1,credit_card,3,61.69
dfc2d4a62f7c1fab64145cf82dd95665,1,boleto,1,119.79
bb3728fa34a2d05bb2bd04df7dad8418,1,boleto,1,120.98
cf76c6e04bd586a2cf526c57144cbede,1,credit_card,1,36.78
e6acd035a11603d3f61a37185f681a5c,1,credit_card,10,1022.65
"788991fbee9d367d8b625d471c2d252f",1,boleto,1,817.03
"48ad27781313137346ab40ec8685194a",1,credit_card,1,135.39
"66e5f96d076487a42c974bf90c721b72",1,credit_card,8,284.38
"6e3c66102a47f297ac466cf1881802a6",1,boleto,1,132.34
"875457c60d42163f5d8bc4b4e94b2412",1,credit_card,2,214.98
"4c39d4875d185d6e0e8748fab228a0da",1,credit_card,3,185.84
"5112f4ba4153fe779d42f1cc8701d3f0",1,credit_card,7,164.79
d6d0323138c510e3816e00ac900d17b0,1,credit_card,1,279.70
"3391ddfa9aaeae39f22439c4cf614d28",1,credit_card,2,142.30
c6522dab7d6b83ada4140b653c4db0b5,1,credit_card,2,135.30
"8b80d759e77b43df13958cecc2109380",1,credit_card,1,41.43
dcfe16b7fac604ef53179e3018c26ed8,1,credit_card,5,55.00
d1922da6bb996e9c76dad9202618a7ca,1,credit_card,6,146.11
"130b55c573b5ac7e40d3c3534699f293",1,credit_card,1,33.03
"1a77469cc9045a2ec0ddcb6c608e80c7",1,boleto,1,16.78
"405681d4d6342114f04f4e25f4d90068",1,credit_card,1,32.42
df4c0cdd0a9a9b0d0e9f755537a0b706,1,credit_card,8,243.16
"8050a1155dceeeb15b86996a6dcec748",1,credit_card,3,73.34
"9d704d006740088d815b14ccb103c4bd",1,credit_card,1,188.97
"87a9c87504af54b4d4a686bad72a8e27",2,voucher,1,100.00
d46c64a5be9edab90a1d813f1ac69974,1,credit_card,1,66.13
"065f2124da64e6bddb1120142f2ad73a",1,credit_card,9,625.86
"1190543041e25468b0370ddae215f01d",1,credit_card,1,87.43
d886b00d4a23706eb91d946fc5a33a3a,1,credit_card,10,319.33
"8800d14eb6eb6031624538ca8750b921",1,credit_card,6,125.42
"4bc02ff9a093f3cc4119a960969f5f74",1,credit_card,8,190.87
dfe5f68118c2576143240b8d78e5940a,1,credit_card,6,136.14
"7eb6bfea5daf19a607f08fd25ea7672a",1,credit_card,10,2106.55
"711448d92de73f19d31cda282f5c0f7a",1,credit_card,5,106.87
"728a577861155d9f41746915e7cdd5f3",1,credit_card,3,99.14
b79c981722e101d6b92be630c4df0458,1,boleto,1,42.39
"15ea2ff54aafb487d482a527b120464b",1,boleto,1,190.00
"2c217414cb3f31ad5de0aedf01aa91c3",1,credit_card,5,295.11
"40ccb6520c6922d1712766b66922e72d",1,boleto,1,21.04
"8030ea400239674937d96cff6bf0c321",1,credit_card,10,106.87
f1b64d15b1fe4c26aeffdaa46fa1004b,1,credit_card,1,46.23
"5797b09452273744ac62c38230d88248",1,credit_card,4,175.16
a9c59a24db1cb3aee329ebd6dff06156,1,boleto,1,35.09
"554ed79a85b56443912252c580b0ad02",1,credit_card,1,188.62
"593854837f11564ca02e6406198b42c6",2,voucher,1,100.00
f6f837b4bdc91f8c4306f0819916a11c,1,credit_card,10,109.23
"2db55bc45408ca33aa8ff88bbe7fc720",1,boleto,1,28.69
f5d8546541a4875d1b5702fa3a24711a,1,boleto,1,594.40
"22fee62c2b437df078309d53efb2ec30",1,boleto,1,121.90
"85599745768805ce8a4885e5098d0d9e",1,boleto,1,48.30
"87999cc2deff757e5f5db42eb840675f",1,credit_card,3,174.90
"41d74f5b8f1fb05bdec674cbba8f720f",1,credit_card,2,50.85
e687c9cd3e2434f95fc04a1b0c6c14d0,1,credit_card,8,412.92
"7a8aa142cba05fb6a982d779ded4b72f",1,credit_card,1,40.10
f06059b8f4dc49c4f76378b7715a63b0,1,credit_card,4,307.26
"91efb21be6a9b69ab5e7f13f7dd74b3a",1,credit_card,9,124.47
"24408ff152c5b18af22d2a927b0dc086",1,credit_card,3,76.89
"64c7d8f00d1087192f1615e32b1ae862",1,credit_card,1,79.65
"5397db7879f283d4c554b5d8483d414e",1,credit_card,1,72.14
f5a9c17b18bafcf2b509819e576c7f1d,1,credit_card,3,148.70
dcc5d3c9b9eaab642229ffe7b651e172,1,credit_card,8,211.81
d6d8407991795dae4a5aeed8e2173285,1,credit_card,1,143.10
f5c689533bee49ee840a49ecfb066b24,1,credit_card,4,48.22
e2df40dd64276b2f2040c798751c188d,1,credit_card,1,84.54
dde21840bf52f7327e815543b86afacc,1,boleto,1,180.30
"591d010258be8e3bc48d82503022a507",1,credit_card,1,128.68
"75cf3430804707840056df5ab68df403",1,credit_card,3,180.56
"6a5560b5b974183928205724063cdfa6",1,credit_card,1,139.16
e9dc230425f2e6480a1ff929cd2582d5,1,credit_card,1,14.36
"4044d99051c9cd7f9f00188ac0c829f2",1,credit_card,2,167.75
"1db3715533e603dd564cc484cdcf99fd",1,boleto,1,144.59
"4e74c91d859c944fa7c652b9f05f7fce",1,credit_card,1,220.79
"19ddb42a5be901faf63f0caa5cfbfd38",1,credit_card,1,76.42
c7c5b66918c24322e797d5dc87caebd1,1,credit_card,1,62.68
"819228bb978a781e564b6de402397c19",1,boleto,1,108.42
a71b5dae60672865090c8de14181bb77,1,credit_card,6,76.80
f341c38efd1dbefac09b419d3452a585,1,credit_card,5,138.62
"45ec898b8788003690b15eb232f9de53",1,boleto,1,35.77
"4ac657f0949f8f58a10b48c192df0b4e",1,credit_card,1,43.49
c6ee16bc69a830e4c2e978c559071137,1,credit_card,4,181.40
"7b1219cc26d69c357880055b52d87960",1,boleto,1,78.70
"3339caccb4f94a45abaf8ed1990cfc36",1,boleto,1,16.78
"42c64cc151114d60842f051a943f89f9",1,credit_card,1,272.94
ad635e6771f7a11f6ebac2e8a4260bf9,1,credit_card,3,76.61
"78b99587901ca93f15236685f0ff1b39",1,boleto,1,111.71
a6d9999c33b017f6d907c296e13db22c,1,debit_card,1,95.66
bd6732607590d3b24eb163bcc2085997,1,credit_card,3,76.29
ed01ce003df13cab401ba2ff57ea2542,1,credit_card,8,138.48
b34456bfbeeab3b57566ff099173e885,1,credit_card,5,55.11
dca570055f40d024d88a2d48de7e502e,1,boleto,1,174.04
"8ecbd154ae8606303efeff206a6b42f7",1,credit_card,3,217.54
"44c339e34fab21675d63cd6eca337696",1,boleto,1,45.10
"2c873905af0c5322bd6977727e79d8e2",1,credit_card,5,105.74
"12b3cb06983f9c76f13d142a0eccb640",1,boleto,1,217.09
"9e76ee631c399b238d8407c2f437613d",1,credit_card,3,64.44
"70d8acc0832b3dd2048b71a6fe492257",2,credit_card,10,513.13
"676d6ec8daa75f6ab88d0b539523aa0c",1,credit_card,10,622.51
ac65ff1f59ff445000702d333af9e1d1,1,credit_card,8,365.25
"6bc9f3b6522892d5b2b27203ca6caa67",1,credit_card,7,921.27
"3026c814d0f98a4808e74be8c017da23",1,credit_card,2,103.44
"3cf387bb14e9db171ccbb9b87ea607bb",1,credit_card,1,161.02
f8f1e1019197846c66b6467545bcc6b5,1,credit_card,2,110.77
"4af33d0a8ce1bbababe13c9480c10ea5",1,credit_card,10,111.43
"432d80d2aab5e167192912051828b7fc",1,credit_card,2,114.21
"3bc25388dde67d943ffaf8db488cebc0",1,credit_card,2,73.50
"24612e38026c02a8fa677cd76673fd63",1,credit_card,10,279.04
"8f5b71cb7b725a21f373cf39ddf4bfbb",1,credit_card,2,219.77
f4026d9ae34e982204b4f7b627939d32,1,credit_card,3,205.96
a74120d5c086c0961b39f42282094ab3,1,credit_card,5,51.84
"16a10c94dc005b8e19195327eb853b21",1,credit_card,2,57.23
"1217de8bb29e23b3b4ca52c564fb143a",1,credit_card,3,85.60
c7cd3c19aef809218b54579be10b4209,1,credit_card,10,321.98
"44001fa5bde42ef2bb752eab4c9dde60",2,voucher,1,32.26
"573131fe2b7df5e3ce4d88bf7702f6d0",2,voucher,1,79.92
"5750d60517669a97d14de871a5f11798",1,boleto,1,168.80
"30143cbe639436a82c4936717cc5ecb6",1,credit_card,9,95.29
c7ffb347c8b6adfd234f93bf03ee2e2f,1,credit_card,3,45.78
"3ad2baaef061d3ca5c528ff53781620a",1,credit_card,7,69.97
c13a062c19003147450d2f42e7b7239b,1,credit_card,4,49.31
"7416fe84ef0fab161c4990ff538a07bc",1,credit_card,1,111.60
f2b5d6c7cf7bcd8c765ecc7d1c964bb1,1,boleto,1,33.11
"7ef3a4439f550deadd7bc3891b2f6242",1,credit_card,6,72.76
"3a25cded45c3f7fe9dee01dceed4a97a",1,credit_card,1,83.25
d14e60d6698ad2394741f669a1b6c5ce,1,credit_card,2,144.64
a61379db8a77b3c23fd2f0f60a5bd564,2,voucher,1,84.86
b21b913f441070fd0013003e71bfb5df,1,credit_card,1,5.05
"2fd7d8e43a256d464a02dd7bbe8cb125",1,credit_card,6,139.51
e5b8b27e1436ae108e5e2712a22c0033,1,boleto,1,133.28
"45a641de1ae2ac645aa11afeb528e0c9",1,credit_card,3,86.99
"11a4c9d2fc6b4d2019d5844288bd23c6",1,credit_card,1,103.86
"5e72e690a237d037ac0c7cec81dec909",1,credit_card,1,123.38
"999bf17745df488cb226eeaf1f4ad24a",1,credit_card,10,319.53
f9c47932f5342ee9c86d3492bc4e50f5,1,boleto,1,88.72
b96e1ccfc3162bcd442fccd2074e00c9,1,debit_card,1,89.91
"314fe43380ae463c4b91647e819997b2",1,credit_card,2,36.83
"7416fee595e25348b79a5d82a55c725d",1,credit_card,1,95.76
cb4e50b143da325eb1ee32b9ecd0c80b,1,credit_card,6,203.07
"75e0647c26de647eca3421e9cc66c9da",1,credit_card,1,66.78
fee6682c7a195d411531745fdcd4d1db,1,credit_card,10,507.40
f7b7cd620fccb9f2041e9f3b569d49e0,1,credit_card,1,70.03
"74662215aaa1cd3e23a999f6de5e791d",1,credit_card,4,127.92
"83ef226cf3b661d1cc190b0a983e2619",1,boleto,1,35.84
"390a142c6e05da81665de637c8460ca9",1,credit_card,3,170.61
f33bb10a8083242acc69681587de119f,1,credit_card,1,36.95
cef1e7647823ff3a316d40ca19b3e55d,1,credit_card,1,85.08
"69098b68934037a3789cf7a303bf7b77",1,credit_card,5,382.39
c7b2b75e4013ba825f8617a06936a014,1,boleto,1,201.83
"891344f5dccfec55dfa8c3329ff13aa0",1,credit_card,3,37.77
febbb5a06ba3e1a76d7074adb56ff587,1,credit_card,3,86.19
"0e33e4ed66579e92794c46a5232e51dd",1,boleto,1,44.00
"911022dc32144d6899afd62e7fe0734e",1,credit_card,3,92.43
"3f35e6f6080a0f108570a0f177f8c2bd",1,credit_card,6,138.73
"5352c1dc5dd9f4aa2a6dedff4b9da9d9",1,credit_card,2,60.44
d9e0e6c219155daf624e2cd31056d474,1,credit_card,1,31.88
"94c1a9db6817a4e6b149abc53a7af714",1,credit_card,1,25.77
"429a6c4124bbd33e2d57830062724194",1,credit_card,1,36.06
f1e294ff3cef22b5bf945d1720dceb9e,1,credit_card,4,214.09
defc6ae6af0b116d0e57f31da990ef70,1,credit_card,1,48.00
"68c7b161c0d53a4f67058ca18e0ae6c0",1,credit_card,1,19.89
"66e8ac9d47e54dcd2dd60c629b309013",1,credit_card,2,62.78
b6d950bbbac28a711a71455adc829a5d,1,boleto,1,119.15
"7d962b9178f5ecd3d31dd69811311e65",1,credit_card,1,183.03
"4723d255a158f5b6c5a872264e3529c5",1,credit_card,4,68.72
"2476a3346dc4a10dd9238bc6dac93f89",1,credit_card,2,131.36
ac40627fa08c6c47cdb3648f3e14901a,1,credit_card,3,100.00
f745c78fabb1f206f5e1d67d8e25dddb,2,voucher,1,200.00
a48eabba6adc895c6392572ddd644cfd,1,credit_card,2,159.89
"79839957c6cbd8ae3f91d44c7e740207",1,credit_card,2,57.98
cc06f04e742657f674ab020cdb9ab887,1,credit_card,1,36.10
"61e7365ad2e2ce5a3dbf650586623b7f",1,credit_card,3,98.11
"2a3251c95a3d5c57ed230021faa588a0",1,credit_card,2,311.10
c765801ff1022b82d664e0a1b114d4b2,2,voucher,1,76.08
"6bc6eef38b5af8cc3669240983585814",1,boleto,1,206.16
a817a158841cdcf686cc668a702b0a71,1,credit_card,3,88.74
a275c8910a3b6a6bd7fe83c397afb4ec,1,credit_card,2,111.22
"8c2a179300bd39a4eb4ef85647f8a68d",1,credit_card,3,122.57
"87979d4911d8ddfec45cd5ebccfb535b",1,boleto,1,56.79
b94de0a4b60ee9f23315de77e1dde986,1,credit_card,5,118.98
"18bfcd3049f8effbdf7a7e9b11d07f38",1,boleto,1,74.05
"24f209c23bc564a88e7cbb7f46e17505",1,credit_card,1,211.60
d459a5cd21218ae140bbdf31aea15fa0,1,voucher,1,219.77
"33c2430c9d2f05d9d244895aa53b4a82",1,credit_card,3,148.79
"0cadc06392b4f42042d688c35d6a1c16",1,credit_card,2,163.79
f9245df1b0c468848b543715adf6c4eb,1,boleto,1,134.67
"1e08b6a6408c04834b0d96cb9ce194fc",1,boleto,1,47.01
"90e7e2115b8dc9871bde5f581fc08313",1,credit_card,4,90.70
"5182f75b9ed284e0a569ea4f61e9bfc5",1,credit_card,5,126.30
"69a1237e93bbfef907c3ae4cdae74244",1,credit_card,1,138.96
"172eb17b2fa12d49f274ad27404ad1b9",1,credit_card,1,64.10
"1853e9a86c06c73c095d0657db4737fc",1,credit_card,6,69.71
"247845908b9f43dd4e4f32291924d6b6",1,credit_card,1,61.76
"8a1a4c9d81475d4f07d558d04598e00c",1,credit_card,2,163.24
a0ce71729271d271406d1b34bdb1567e,1,credit_card,3,171.44
"7733c820d89f9e24a262e8fc309a3533",1,credit_card,1,151.89
"52f4d206be495fdbcc211af8b9c1d8ba",1,credit_card,1,58.11
"64619901c45fba79638d666058bf6be6",1,credit_card,1,52.38
"292eca290a6a63a28f9d60e200fea1a1",1,credit_card,1,84.93
"404840d41d032edfc533e78d6e6ee416",1,credit_card,1,133.85
"034e23cd76658cb8d602b1f1e42be7e6",1,credit_card,3,82.73
"59229a140708a54d8e3a52865dd924eb",2,voucher,1,12.71
"9f0d28d789448f7e4e59abe0af2b1eaf",1,credit_card,3,185.80
"0fd20e900b40f5cb8e6fd31df27aabbd",1,credit_card,2,65.40
"0c9f4cd9a2f5e3783d9ec0f4daa33741",1,credit_card,8,84.34
"24d5baa0a610994fc46c99bc62764e56",1,credit_card,10,689.19
e8ea590efa98677641fd4094dea4ebe1,1,debit_card,1,160.22
c410d85093b93e495da87d8041af5ffa,1,credit_card,4,44.20
ec83ca33654b7762ca475188a2152211,1,credit_card,3,59.25
"65dd890ad9d1c2c3552f35e9e0bd6092",1,voucher,1,56.60
"9ba6ed4d05fa307089d6c81bd8b8400c",1,credit_card,1,73.34
"8bb658a8c9f7773ab13ce80bc87ccff9",1,credit_card,1,83.21
f8b3a190c48ca5261da8494b51c540bd,1,credit_card,6,66.50
"5666230c6a680634960e0ad521c2e964",1,credit_card,4,40.55
aec77276e0dacfea29f58e0908b46e21,2,voucher,1,26.83
"80e6ab36fbbf96f969a371eb7bdbcb86",1,credit_card,1,53.62
e910fb096edc468fd26534cb846e182e,1,credit_card,3,173.82
ec4a8b6f050a71bbd34bea77493b7232,1,voucher,1,168.54
"549724824079ea56bf8f03069347fe0e",1,credit_card,3,66.79
d043902d832951c993140ff02e9a74b6,1,credit_card,1,69.29
d766e3aae9fe7c4abb652d767d0811d6,1,credit_card,3,187.94
be9d88133ac0473fda4ebbdc48d5140c,1,credit_card,7,70.64
"62fd94635a316b1af6e68fad6c4f3d02",1,credit_card,5,68.72
"0814daa4d12a646aeb73c429d5852f4d",1,credit_card,2,26.26
"3d984081eecebc3fd30edbe5ae5e7d41",1,boleto,1,177.44
eaa99789a47020b46cb0effbc0db5c52,1,boleto,1,35.00
a59ef0abffbef8ddaae23600b6ee6604,1,boleto,1,116.23
"6d58638e32674bebee793a47ac4cbadc",11,voucher,1,10.45
bb874c45df1a3c97842d52f31efee99a,1,credit_card,2,122.07
f3d2fb271269ba8f728d079575258095,1,credit_card,8,221.65
b7bad41b595c73cedf79fe679bf246d9,1,credit_card,1,104.40
a5f5185eaee82919ab2e647a4d1d8141,1,credit_card,10,602.58
b75a194685421be6ebb7b18c2ec9faa3,1,credit_card,3,265.68
"20b44662cba0e4e87a3d794343c1076c",2,voucher,1,31.66
"4bfcba9e084f46c8e3cb49b0fa6e6159",5,voucher,1,50.00
"3241efb4bf616d6fc2d9ff3803b06a46",1,credit_card,1,246.92
"1a10e938a1c7d8e5eecc3380f71ca76b",1,boleto,1,146.19
"8f335c4c2ed1f5845d6aab602e813d8b",1,boleto,1,191.11
"19a8ddfef7a411a196509d51ee14b776",1,credit_card,1,38.20
d58887281a80d1e9b471be2d2f0bc774,1,credit_card,2,58.82
"9d252a6e320b8830dde812ffd93b4a90",1,credit_card,1,171.85
f19a2e7509db5f744c71cc014d5c15b1,1,credit_card,1,218.09
"011fcb4fabb3e142579ad63472b11227",1,boleto,1,23.10
"4cd9478b63edacb631dcf780b036b157",1,boleto,1,26.79
"0e1628ef32043a2e0c0d7152af698bd1",1,credit_card,1,70.93
e65ddff691f659fab67bed2e90069d9b,1,credit_card,3,63.10
a017bed18c5f129119f36a92642a1cc0,1,boleto,1,278.64
cd237ee594c1e46dd6a74724995d4a65,1,credit_card,8,203.91
eb648c502f9756a959be78b19b069bc3,1,boleto,1,96.80
"71dfbb4951cc7c22499333fc4068a2d8",1,credit_card,10,162.04
"6d771a62f8e59777188b20db61acb214",1,credit_card,3,135.08
"50cf8b336667ffa7386d24568d6716e5",1,voucher,1,31.84
"85c9164bed6016c63dab9cde6887f37e",1,credit_card,5,50.09
bbd33e429ca683f6c4a848acdaab9f9a,1,credit_card,5,152.43
"4831214da07f7723b1d22426e0b4151e",1,credit_card,6,148.15
"54c7a05b85b8bfb331d77346f1241e49",1,credit_card,8,103.55
"4ba3f21bd638fd2e98fc97de01b63a34",1,credit_card,3,33.22
fe6579729423e95a06cb0fc5664185f1,1,credit_card,1,68.64
ebe3541c37938be5fe324645a702d4d4,1,credit_card,6,72.57
"9d7f2c9f33008498700ffdc3162878fb",1,credit_card,2,114.22
"0847671e74f36253e410d74921dff936",2,voucher,1,7.40
"494a9c2e25b72a3d3ba5c1a4adb9c421",1,credit_card,1,65.33
e42d675de97fa2ce82d7090d2e1627de,3,voucher,1,45.17
"4a1c3a5476f1ec2b160b6ccd4e8d8719",1,credit_card,5,218.16
"0354fc44bfc5b7a6d382427c6046f5e1",1,credit_card,1,103.64
cf101c3abd3c061ca9f78c1bbb1125af,7,voucher,1,8.46
"8a4473ef93bedc3e12f0d05d9925f4b3",1,boleto,1,71.14
"63089c5f142cc1148a1d7799a8359e8a",1,credit_card,10,2151.29
b0bfe907b9812101e7b442221ffb8f07,1,credit_card,4,163.06
c86653fc19a4c3bf738d4d94e59008b3,1,boleto,1,350.12
"871f526d138c30fdbcecbcf72a3588b5",1,credit_card,1,85.92
"434c4ed860ba78b06eb3333f8184dbee",1,credit_card,2,102.87
bc8e285705d492abebdf4fce7786ab80,1,boleto,1,155.12
"4d006fbdecd41058974d5d99f2d69650",1,credit_card,10,225.11
bb25167dc960e0fdb1e0bb2934073a9c,1,credit_card,3,233.14
"7bf07dae0e08f5a2b54f5d784c8bdd12",1,credit_card,6,598.71
"71cc2cdf7b8296fbb5cd904caf83b4ec",1,credit_card,2,47.96
"1ad8864bf96543e8989f8f34a742fbc1",1,credit_card,1,45.01
a4a57f1ffa25b90dea9f150fee89db84,1,credit_card,7,1083.96
"3f3af836b5f857d4276ee94f3ca90694",1,boleto,1,30.62
"240143ab3914b9052e329d80e795b1c9",2,credit_card,1,49.00
"2e1205ef23c9d6445449283ddfe660ad",1,credit_card,3,169.05
c952071f38138a067c714cf653f34aa6,1,credit_card,1,128.50
fd79fe34d2fd6389d56e726bfc0bff4f,1,boleto,1,34.69
"8fc3842e23d0010bd7f86eed9c0b3c78",1,credit_card,6,234.15
be13978ecac5e754184c77063ea75e2f,1,boleto,1,83.70
c09b9192c720069e6bb07a007f8db6dc,1,credit_card,4,41.99
c216922ad3d667fb17d7c7b6843efaab,1,credit_card,1,63.11
"5417f73c560c9f52b1a22639681e14ab",1,boleto,1,252.78
de6208f5005c5c2719228610b5975a5f,1,boleto,1,52.68
cd69fdf2e46758d65a29de7bb4766e5b,1,credit_card,10,105.70
"6b3ff248b137a5f8d4efe61a1fd4ebbc",1,boleto,1,35.77
"98e8fe9277c5c75079ffd65eecba9363",1,credit_card,1,54.51
"8b736a8b92d9cf8b26e6754141bf6657",1,boleto,1,59.11
"33a2d5e5c1eda20e8a1ce9445bec4086",1,boleto,1,107.06
"62e975f28aa68109d68f92298a9327ac",3,voucher,1,20.49
a2f8f44bc77354a5f4e5bc4a14573d58,1,credit_card,1,79.39
e6cd4f25f98e93b4ee451af4b06c777c,1,credit_card,2,189.37
"62a4c6ee1b6f43e8a1ac86ad87fb0f35",1,credit_card,2,124.13
"1baa165f6d1fc73d5be966f0b3ed1499",1,credit_card,6,255.06
"60a342804edbf2d8c51f2cf191b373ce",1,voucher,1,146.42
"781e1ca4fa47961d2d8aaa899b3844a9",1,debit_card,1,32.23
"80e3ea9d65b89f8cbaa3d1f08f5dbd17",1,credit_card,1,113.11
"7791eb26e081ed5f8dd15b40c45393a3",1,voucher,1,42.11
b9040b3da32e7ac3e6bddf429155c114,1,credit_card,3,36.85
c5e0e8d3a87b95eb7b2ec0bbcbbec1cc,1,credit_card,1,80.96
"4e389f96f2675b7c829d5f9bc2d9fd70",1,credit_card,2,117.94
"3b6b7b37c486e320124d04045d1f5108",1,boleto,1,48.10
"5c12f254446ca6ab5edd195f6ca79d22",1,boleto,1,158.58
"714baa6be84305523afe9e663c1b8f48",1,boleto,1,76.02
"2bc2d6094a9d3a086277687c589123af",1,credit_card,3,176.99
a56949479e3d5637c235d6d58740fee3,1,boleto,1,151.04
"5d6a1a156fc92ced06a12c6d92e2c213",1,credit_card,1,75.53
"2d1f08f7693e119a191d97d953258189",1,credit_card,8,82.78
"3aa779fc4b813797c16ac4f02fe808ec",1,credit_card,1,149.62
"1840aa65dea7f5258483a49b4558417d",1,credit_card,2,66.14
f2c9428d2c7720cb4e9f2a9634673ce6,1,credit_card,2,155.88
"15e67a6eec264915cd81f8f57dbacd81",1,credit_card,4,332.28
"2be34c2ba4b5bbab97cc1ab70c699168",1,credit_card,1,89.58
"8d21d47aa6bcf56b94fec17960b994ae",1,boleto,1,261.96
"2204abea93cd31bee1de8958fd63f978",1,credit_card,2,50.50
b352b37732770128092c01c05cb2d8f7,1,credit_card,8,607.87
"3c75574b6ba7015391e4755c6c03bd12",1,credit_card,3,119.79
"666a6189eb4abc80b00d96312defb014",1,boleto,1,78.65
"9697d444ca3929fa6e055592b45a8033",1,credit_card,2,220.17
"330c4c1c971ff97dc8128ca0f61f21c6",1,credit_card,8,900.36
dddd54d8113f120fbbbbe593502a2d47,1,credit_card,1,50.63
"22a0afb00de21962e96bef9ec5b51223",1,credit_card,3,60.52
"9cbffd61028eba6badc7fe8367674130",1,boleto,1,39.84
"1ce39c59919c8b2e788a6e5e3ce6e418",1,credit_card,1,122.80
"1b4c43e3067965965564641bf4a921b2",1,credit_card,1,100.34
a66a3c75736a9fa41b2e36a663a42c56,1,credit_card,7,198.51
b0a2ec49c45ae3f6241044d9434ce3b2,1,credit_card,4,156.61
"53619dd8d4a6a651b7e864560eb84fa6",1,credit_card,1,121.49
eabdb3245b41ac12ad9302904538202c,1,credit_card,2,189.91
d1ecf8ea463b1f0cee4ecb78c2c5e3f1,1,boleto,1,62.00
cde18b50957133eca08edb6d44b82575,1,credit_card,2,63.76
"10605be2fc9784c0fd19b78f8b1924c0",1,credit_card,1,58.01
"84fb07b1184d14c73d4062470315b61b",1,credit_card,4,168.63
"61bc36958b1d61ed45eb66755fcf5722",1,boleto,1,162.60
"95340911ff992b7a25fcc0f927146197",1,boleto,1,51.79
a2a0ebaf8a4f82631541cb03b5363bf8,1,credit_card,2,53.05
e5b496243933ca726952157c6d6bb648,1,credit_card,5,138.90
"4615129c8ec596bf8b287b95934c7b78",1,boleto,1,32.37
"2a77dac3cf72264c6013ed1ee5fa8cad",1,credit_card,6,138.74
"815b68de0bc7fa6c117e4bcf855734ef",1,credit_card,2,80.55
"0c00eb38b29dd352b15a6ee44f8a531a",1,credit_card,2,128.09
"6f836daf60e4b6e978d737f822dab814",1,credit_card,4,174.68
"208e8b34ce83784e7f65185eab460000",1,credit_card,3,81.11
"55966b3807b78c9c7eaf6a2c0c820abe",1,credit_card,1,216.64
"98b3885985a1ea8bdd914f2d41f56397",1,credit_card,4,205.87
"11ff5f9ab62000ad8044352a96ad4ebf",1,boleto,1,203.16
e20f1823b7c3cea563148b3d9864132f,1,credit_card,1,16.66
fa65dad1b0e818e3ccc5cb0e39231352,22,voucher,1,4.03
b49180948b6f7e304351b16053fe2f42,1,boleto,1,55.00
"5137f8c3662122707504625d55882d56",1,credit_card,1,42.09
"276d7fb126a7eebc4a3e660c4775e081",1,credit_card,1,148.70
d55fd37fa9914b69900747d27335c7c4,1,credit_card,5,52.87
"0e55af861e63530c56528012f41b7c6d",1,credit_card,1,80.20
bce830798b60635f1cdb43fed38ab2f2,1,credit_card,8,205.88
ed256dd516630a01186afc04b6af7e11,1,boleto,1,190.16
"9d3ec17c877b8a749b1f9523a47773c8",1,credit_card,1,43.09
"371dbb83f599fc061ccd8558b577499d",1,credit_card,2,190.37
"16e9aa07e3c0747d339a73bf9c1d275d",1,credit_card,1,68.08
d124af20920be41458d0325b9827df31,1,credit_card,4,242.80
a6d26cc151cf55506e5fa88970b09edf,1,credit_card,3,159.86
"5751393707f2a02613754fb5d13c8925",1,credit_card,4,141.42
"3a8841b93b2522714e4143cff4f54ca4",1,credit_card,6,124.96
cae3cbca63ed88a251ad906468b11da6,1,credit_card,3,43.00
"0eec617eceb2ecbaec84cb904530b048",1,boleto,1,129.77
"3bce4193e30b36d4d3284df3fa96d77f",1,credit_card,8,87.76
"774b8c52e2dda4cae042a9175258ab1b",1,credit_card,3,731.37
"9a0a6c39b6be7e1b0f796b6005d52ac4",1,credit_card,1,48.64
"4537d337a107a7bc0ea9212bd197d624",1,credit_card,3,289.89
a1265981979b87cfa507c10b94d1931c,1,credit_card,3,38.23
"28d1a3ffec32edd0241a144474f1532d",1,boleto,1,109.29
d2d05762a4554c9d93f8f26540eae8ad,1,boleto,1,603.56
"6191c14b9afcc6173831a7275f92c55b",1,credit_card,1,37.48
b875d3bd65d958d749d6932f6361ab40,1,boleto,1,117.58
"80188fc06b9703f7d2f6f5fac4e11984",1,credit_card,2,122.07
e37462f737a59fcd8f12079e0e927205,1,boleto,1,47.69
"1b27133663a6ff5c26254c7f8f99a4d4",1,credit_card,1,76.57
"613c63ad0aab038e86c572a39cd06979",1,credit_card,2,77.57
b2d3d1cd87d22775690fcff44e275cac,2,voucher,1,7.46
"1213ff0d2ad8c3332f4cf08f5ab96511",1,credit_card,5,55.93
d9c24e4449ffb647e94f0bf23388e4aa,1,credit_card,5,153.51
"813e757cecde8eee7af8d87fea8e50f1",1,credit_card,2,146.34
de850dab321309c862edfd8d24e4acdb,1,credit_card,10,514.32
ed18204b2bef82c1eeb3f13852c9dbdf,1,credit_card,2,146.09
"61598b90b927811b3b38013ec10b8e5d",1,credit_card,1,42.39
"19eb459a8d7383b55473e6be8fe8acbe",1,credit_card,1,26.61
"3090dd6007fdfb9b78972782cb7cfbd1",1,credit_card,1,40.84
c97d02761ac50ebad2f99e2c4b710976,1,credit_card,4,85.49
"7319603b942779e409adfcfb0759e351",1,boleto,1,118.92
"151137bf7ab537c1a2da6bba1368d87d",1,credit_card,3,150.34
"36fb716af0b33abaac585787ccd0c0af",1,credit_card,1,22.36
"4296801e936343a5f6a38e29143c0f88",1,credit_card,9,91.18
"5fbaa35725c08e8527b1bcae123d2490",1,credit_card,10,202.00
"24f42a25ef8ead286299cf281c802b16",1,boleto,1,378.24
"7a9d4c7f9b068337875b95465330f2fc",1,credit_card,2,72.90
"7e2161123332d22deb9d0fe9a4bcaa1a",1,credit_card,5,132.82
"7e0f8681296df43a561897448828f476",1,credit_card,4,46.78
f01557208e34bd6c092c907754981421,1,credit_card,6,214.41
"052b7ade468bbc426187ed75fbc1fb3b",1,credit_card,1,301.42
"4947e751fe684314c040cac7a908143c",1,credit_card,1,45.01
"05c1808ab7242e387b4947245e0c0649",1,credit_card,6,63.52
eb3e4a3528dbc170affc24a94e97f638,1,boleto,1,41.75
ee86b68eb9222b0cad7da50f4f758a35,1,credit_card,1,124.52
a486dfd6ae353f3b1b11f8670c57f60d,1,credit_card,3,74.03
"8db8ac0784a54cf5f37a83fdc88fa2fa",1,credit_card,6,227.61
"0c38244c47b653d8aa8052e9282c23f8",1,credit_card,3,30.00
"1e9cdb2ee26ee17ecb5f050a180cf8ff",1,credit_card,5,147.48
"7e41633529000f80967da24083bb6c1c",2,voucher,1,81.04
"9e0c2694cab5339938c2899355feef83",1,debit_card,1,45.01
"4943203d80c901c56abaabd36a61e76e",1,credit_card,3,55.00
a4f79d60f934a1fdc35b009f9415a8b3,1,credit_card,2,260.58
"3811f683228f7e91c35b0fd2a705af27",1,credit_card,2,236.46
bb82d1c94323c38a3d8124414a6a5ca5,1,boleto,1,34.53
a7586f18de9c78a682d841ea07939673,1,credit_card,2,79.33
"7c84f3ad69b989de803692b81743e3e7",1,credit_card,2,167.15
"9bb59416dfd657888a4df2ec6fbc3b17",1,credit_card,8,185.39
e99ac811e8a9efe60a334a5a985ac28b,1,credit_card,1,146.38
"023af4b88d12c9f3f56bcb55da0450c5",1,credit_card,10,213.74
ce8002e30a866ae23c03293b8d2d14e6,1,credit_card,4,124.31
"2d79c4e3754b1f344d6695435b1a92a6",1,credit_card,2,57.63
"983416e50ec1adc19bffa333e3dc5bdd",1,credit_card,1,27.39
c9abb9f3b4b71b87bfbc5645a02cf8cc,1,credit_card,3,185.80
"60566939937556f587e9c32e761f794b",1,credit_card,8,348.07
f12ff3c8b8e4945b4d0331a56df6ef85,1,credit_card,4,211.81
"61e9a85f2e6a0706d34fc63145418160",1,credit_card,6,62.29
"16d9b91dbb8de7843ced59fe9c4ca61a",1,credit_card,1,29.85
ad005b5bdc8ec1f3085f0967211207d1,1,credit_card,3,54.01
dffb9004059a7aa9a84571480d7a1c0f,1,credit_card,5,111.55
c79a29817509b8122a3b3c3a24414866,1,credit_card,1,107.28
"152f5561c96fd2a7e5d1b71cc158bcdc",1,credit_card,2,156.60
"25b5031c6f1b02a190624b01069627c3",1,credit_card,2,53.00
"1373f8a3742861c26892cc2aab7c41e1",1,credit_card,1,65.26
c5ae2cb51bc67b191845d3b2f0175a52,1,boleto,1,485.76
"491f193fc52075598871cfe6f19976d4",1,credit_card,1,139.75
"4dcf36a6420bf67ae5326a294ef1bcc3",1,voucher,1,31.61
"94c1ff18eed8c1bcedb78b7e0c27da55",1,credit_card,7,360.85
"927a6b1ef2d0f3d510b0aa14885919ff",1,credit_card,10,132.03
"93c6619a4bcc406da04323380c97d896",1,credit_card,1,48.75
"48dcae389be2ddd6ad3ba930055ebe4f",1,credit_card,1,8.12
"74c42ab72711185c3dc65e4aec7b409c",1,credit_card,1,80.15
c22a588780963010739e299de0a9bf51,1,credit_card,5,81.11
"963cb654293e98ba41a3c609d2c3ca4d",1,debit_card,1,214.83
"3955a17bc8a7cef95b535fb96e2abac0",2,voucher,1,60.00
d2f636c21b8c69ea8ceb90f373babd4f,2,voucher,1,62.68
d5bd25a973bf9ea4a5fb210e058ede88,1,boleto,1,100.96
"29d3f2fc23b7f95b28dbe5e3ef783d93",1,credit_card,4,287.00
ad55129ee505d7099cfa6fa9050bdec6,1,credit_card,10,209.65
"8ce27cfd1cf723e54eb8a517a0f687af",1,credit_card,2,218.45
a3196fcf306076770911dcf50b642454,1,credit_card,2,131.76
dad86956863b4f2c6744baf0b3989a8a,1,credit_card,10,350.19
"220a06441d8ad4eee9645da58097ba4d",1,credit_card,4,43.22
"0ced306b608e9bc80ef960368a3414a4",3,voucher,1,9.71
"6deb31531870ed931a10e04108e13c52",1,credit_card,1,29.84
"9ee391a01004a9f330f16ebf9f7f0966",1,boleto,1,137.99
"80012b4a007a0b502a4dd3c0d6224abd",1,credit_card,2,73.21
de12067bfa331f0c8cd1df23a0106128,1,credit_card,2,42.39
"2fc59b5605bf0cfc03638cb2cca26b16",1,credit_card,2,49.58
"508e50f7d8c25e1a24d9d21bb4adaa79",1,boleto,1,98.09
"6b07198fae1bb61de16e845a92fc876f",1,credit_card,1,150.89
"3c52e7be8ba845bcc76da9b51990e6cc",1,boleto,1,1148.75
"8ecd4e086e06a6e3b98920c11b565fc8",1,boleto,1,45.00
"98b3b28db55c9f6e365c56f05004d3b5",1,credit_card,3,113.55
f1b7981b1f973562b7093fef02351b64,1,credit_card,10,215.05
fc24613395700f29adf22b2383c12bb0,1,credit_card,7,71.14
"304ef13cd0c4ae3f7b5f11380f8176b4",1,credit_card,10,136.50
"70110517388311cb851a9e9ba1d499cc",1,credit_card,10,114.46
"096d4376832d3c6a12a5b6815590a657",1,boleto,1,76.90
"09b38400b1601bc9dea9de02c710857f",1,boleto,1,60.42
"6a3f1f1fc8944e768c77c0df361679f4",1,credit_card,3,75.07
"697c79c16c63d9a81a331219b49243e8",1,credit_card,2,87.64
"8a3faec8dc9fc14969c3ec8dc757abdd",1,credit_card,4,1246.34
bff9098ed91532e554b0c12a4712546c,1,credit_card,1,35.72
"6ece326e25f193d084e3dc092bbdd93b",1,credit_card,2,85.82
"23c7702588b2b08f1bf4fbdd15f19343",1,boleto,1,65.53
"1edbad4d98e89b6d877e8460b60052b2",1,boleto,1,26.39
"9eac94dce77597b831e8c0dfc584bc8b",1,credit_card,6,61.68
"3d04db36b662c14acf27ab0dc7057fef",1,credit_card,5,116.90
dc87bbf90ab840098d1b349a5a8e6fb9,1,voucher,1,228.70
"9cb31e241f37e9115ca372ccb5973ece",1,credit_card,4,40.53
"7ce450bb81ffdf0d90e7902f42de59ae",1,credit_card,1,144.67
"8299066c13f491b4cf9bdb486d2058c2",2,voucher,1,0.15
"83d9d9a85946d3089b6b360120a54dcf",1,credit_card,10,1439.27
"142c00b1a365aed0b31af96d7d79e673",1,boleto,1,26.77
f18f5a3bad7d9b08a5339c46ce64fdf7,1,boleto,1,94.21
d54e949458cd42507227cf623fac5f3b,1,credit_card,1,138.26
"5b09dc1d3c9b771ba377ab696f2eb361",1,boleto,1,65.11
"56bbc7d92e6e74b8782abbf5ee336a92",1,credit_card,5,228.01
a68ec02f230006f4c1ed1fd0a64c23ca,1,credit_card,8,165.26
"4c30ca1b003a7fb3999df965167d492d",1,credit_card,6,108.95
b262d7f5db1e8a9c23bfb44558c7e4ba,1,credit_card,5,94.31
"4f53691b758958dca780dbbe19dad2ab",2,voucher,1,41.24
"559d6842e0a3468f1941683ca901b582",1,credit_card,4,594.69
c09ebf7e4d207da975475dcd0db417ba,1,credit_card,2,117.71
"333d224f4b2d2604e6cfd777af5270d2",1,boleto,1,27.75
"7708627520d1045aae5a3e31f89d3491",1,credit_card,2,178.56
"3c81b1eb31a46822410a4fb9b43f0678",1,credit_card,6,158.29
b63843e9d44be8b60cb77879340c52fc,1,boleto,1,136.30
e47ac2609ce0ccd8dab33391118792fb,5,voucher,1,4.33
b654b7344f08cc73e20ed2c4f5855bd6,1,boleto,1,63.73
"1018e87031636df2c2dfa4af21df3642",1,credit_card,1,411.94
e866dc21d680405383a1dcad4821f2df,1,credit_card,2,66.15
"7aa50aad959e4345b45b9732bc346a6e",1,boleto,1,43.05
"6428b2a748ec44017c56190db6b0d500",1,credit_card,6,125.37
"9b63264625032f8a1814eca453114f33",1,credit_card,10,218.63
"441e40901e547f63c81abdd91e7a2d8c",1,boleto,1,72.43
a64faadf772cdd7147ed00192cbf4ff2,1,credit_card,6,68.43
"9ae2acea50ce1f7fcb16485ec6b4d028",1,boleto,1,332.20
"99fe1f54d97630a40c549779ea00e8c9",1,credit_card,2,206.99
b23878b3e8eb4d25a158f57d96331b18,4,voucher,1,0.00
"8931f3424faa278c3e45084b9a3db2a5",1,credit_card,4,215.15
bd2623f3663c5daa3f89e6b527fd49da,1,credit_card,4,40.86
"0b5143acf46cd4dd573604b449451bcc",1,credit_card,2,143.48
c603e35e0405eadd985e681f1a8c95d5,1,credit_card,4,41.38
fa4e26319fe4d40dc11cb63c53be6355,1,credit_card,1,63.27
"106426c15f2c7dbdc9f62157713297fc",1,credit_card,5,295.42
ff207aa3493754ffcea819b8c0c0dbb5,1,credit_card,6,60.85
"4649bedb89b61c0d443ab07ece8b17ac",1,credit_card,1,99.52
fc39eb893101639217a80a552d1c16f3,1,boleto,1,84.15
"0e6f7fb47bffbb13f0c144a12443e5a7",2,voucher,1,11.57
"6caff58e656c5b6c5769918fd09707c2",1,credit_card,1,23.77
dcef8d5b70aaacd6bd89d0b649a95e8f,1,credit_card,6,64.00
b2908d9328eb32bdb9b7ac1e197c05fe,1,credit_card,1,61.05
"9c753fec37c64b5771eb77ef982c34dc",1,debit_card,1,66.50
c11457253eefe1635e2c7acbf249aa1a,1,credit_card,4,181.24
cd833669dc6a68cd473eac313fe69a6c,1,credit_card,5,224.94
ffa5e4c604dea4f0a59d19cc2322ac19,1,credit_card,1,90.18
"34c194055d9ef88a32906284191174df",1,debit_card,1,60.33
abb99f53cc364375e6d5ecb669558595,1,credit_card,1,36.77
fed39ea4db65131e475d2f1ed267cf1e,1,boleto,1,112.33
edf1dea9f76f933cb288087ed17474cf,1,credit_card,4,637.65
"1439c73f16c16e5ec78a3b2ff4e4f73e",1,credit_card,2,66.60
"2b950091945098a44e96447b5c4d9e85",1,credit_card,1,36.84
"482e206fff82661add35d3aeab19fd93",1,boleto,1,74.48
"3c39f4ac4b4520bfaaba2cee448cd823",2,voucher,1,2.90
"0005a1a1728c9d785b8e2b08b904576c",1,credit_card,3,157.60
"5b664e80ddc573f779bc4b33c7a457ea",1,credit_card,3,33.88
cc11801c1a3fe1bf0c3866b6890e8dfa,1,boleto,1,53.79
"318d20803b9e970fb4d7138c443ba472",1,boleto,1,210.89
"947c4f07e94867a7344550a2b9969c13",1,credit_card,1,93.99
bb4078da70b34609d9f52f149dafab11,1,boleto,1,69.92
"5f5009f6c5e45b305e8cab76a5df6a18",1,credit_card,5,255.18
e7c5619d9941aa825f4727fca11dd208,1,credit_card,2,220.19
"30a75160cb7835cf044e45a5ad7abf0a",1,credit_card,4,95.56
"28dee43776d6b4f40164b3dfabb8abe8",1,credit_card,2,105.84
"674f1f9e4afc192f4400bf65ae05df5b",1,credit_card,8,244.45
d49594aea51e89d1b67d2bda3f062695,1,credit_card,5,82.70
"7bcffa5963aefdcd6c8cca5cfd6d0e32",1,credit_card,1,76.39
"6f2849e42b2d61384f499ab4bc2a5206",1,boleto,1,86.75
"79727706d7b541683bd5e4f0d1554076",1,credit_card,1,58.13
d04aa7a56c20579debaf2cd69ce4dd73,1,credit_card,4,258.52
"280e71c88a9ee2c1cb66b2b25dd92171",1,boleto,1,80.12
"5a909d6376edac123359549cd82341df",1,voucher,1,15.27
d474ba46ee8562bcbefd8076c3e0a6bc,1,credit_card,4,187.65
a297af9c433b5e1ac1290d8057386952,1,credit_card,3,112.09
"4e60165d68af3fa7c25bfa95ea5803ff",1,voucher,1,56.78
"01d0f6cd01d79574621a56a1b9e21019",1,credit_card,1,34.69
"42fa07019d8252444a920c348dc8b011",1,credit_card,1,98.43
"6ea2f835b4556291ffdc53fa0b3b95e8",1,credit_card,10,356.12
df56e27fb87ba6d4beb70719ffdd707b,1,credit_card,2,23.17
"6bea4b3d238b2f7104807ff9f128f7e6",1,credit_card,6,76.27
"8ba6f2691ae9f61ed7266e78a5f64233",1,credit_card,7,115.37
"61a6a9d66675969c4d37daae6bb0e30c",1,credit_card,3,208.48
"27bee06c27de3976958f786390f2d31f",1,credit_card,1,47.29
"1d8c63ae552e28d9aab13aa5a92dc389",1,credit_card,4,48.96
"50cb3b5a9be182d708715a0ea7d488b0",1,credit_card,3,41.96
dd73d93a25e576d8dae52c7c66b3becf,1,credit_card,10,127.38
"213d94bed720c45326d1fea2f7fc2b92",1,credit_card,10,634.91
a8c92467b395f106cc93c91b6eb782e1,1,boleto,1,205.16
"0af0621c001cb61ae1559c8f6417e1c6",1,credit_card,10,768.99
"3cf2ae4128b7627b6d9dacd45887cba7",1,credit_card,2,112.83
"915e61444d403c1c57fa206962c3e60f",1,credit_card,6,68.44
"580f3268bc2075c5961b2d2929c7a35b",1,credit_card,12,122.10
b89d417b1ba9f8e416b9e333ffa01a93,1,credit_card,3,125.44
d1e1299424589b6fbfa531fc49452f01,1,credit_card,1,33.23
"5e65f0a09d4d7bc8e34dfc8f4144bcdc",1,credit_card,3,165.67
"473f3340216c06614b59ddce6ec828d6",1,credit_card,3,77.57
"6a8e811c00442dbe2725f7a4edefd6c9",1,credit_card,3,216.64
"4bb429b2f70ff5c85e7fdcecb5efa852",1,credit_card,10,619.34
"9cd81410d5ea20ed0a63e263e018be5b",1,credit_card,4,43.00
c3f5604968d8dd5686a261e2ff17cb96,1,credit_card,8,340.02
b8c38cf37cd17fd645f2e84101c8a679,1,credit_card,2,138.03
"78d1ad5b65aecc8f61c0fab7b28e8281",1,voucher,1,100.00
"49c534c4015249b8c5faf61de763c6e8",1,boleto,1,86.63
"09b748b3799286e3df820f2d5528abbc",1,boleto,1,274.12
e0b26b626296911e7b4c63e5c7367382,1,credit_card,1,106.97
adf766a719fd52b485fa2127fa0dd9a7,1,credit_card,2,206.56
"0ef3a38d9a48aeccab67ab7616924237",1,credit_card,5,104.37
"182499c96e47e2fa18c6d442a1fa6b1f",1,credit_card,1,161.86
"77e4c912a2aa08309f489b558a7605ed",1,credit_card,2,134.20
cde556d2719b7e857f50e3f235f0460a,1,credit_card,3,115.02
cbfef07a94222ac807384ccf69f988b4,1,credit_card,2,106.28
"8fa32d2fb129f27c9ba8eb9d8340d5a7",1,credit_card,6,65.55
cb6e8557d9afadd1aa602474dafddad8,1,credit_card,4,179.46
"66f1a7baf73c12eb3af95058da54b6f8",1,credit_card,4,49.01
"40b36d6345e694ab69d96b2fe390ac48",1,credit_card,3,135.23
ff25dab86f7fc3fab00de25bf1489a30,1,credit_card,1,31.85
"91d74caa280901d4fb685fede0703987",1,boleto,1,42.77
"9eece2f7708adaddeabd82f4f0a02be2",1,boleto,1,94.40
b6a4acd4de8a93e329ace89646cd7363,1,credit_card,1,46.69
d6ad33876be24f1d737a097da6dbc920,1,credit_card,1,61.44
"6957a72f3cc3a47e9d93b8b3b863c425",1,credit_card,6,228.70
"173b36bdb36dc272af0c97bc4f0c39df",1,boleto,1,54.08
ec042ef0cc05d098905c4383c70f9132,1,credit_card,3,299.60
"82566a660a982b15fb86e904c8d32918",1,boleto,1,50.13
"44b24f94400635cc1f692121bc4ef110",1,credit_card,3,62.01
"96ddb703f0673d920cf28984cdcf0139",1,boleto,1,56.58
f77c5146e7248e3ce7934c1a2396ee70,1,boleto,1,59.01
ed3646c08c3440dfcf19f92588bf1ff1,1,boleto,1,62.20
"60c293e54649a6dae7403487d4c21b2c",1,credit_card,2,187.63
"229407b9e8b4a23ecee01a9d354fc79b",1,credit_card,2,123.76
b0707b7956935b194cfa319dc1501d96,1,credit_card,4,46.22
"4abf80e2c1c93771ac91d806e4e51c91",1,boleto,1,35.77
e9bde689f1c05f781a5601e6a9fe7e9f,1,boleto,1,109.68
"4c90c0f02994da677a91bd21fda04461",1,boleto,1,123.33
"8634624f436e04b1667aa4299a7b026b",1,credit_card,5,83.82
"99cf68b71ac96d8b4c0f20dec410d8fd",1,boleto,1,34.00
"7c29f6fa9efcbf410b4bbb9362b9f7c9",1,credit_card,2,21.56
b591d108e5c3f485635223ddaf07dc36,1,credit_card,3,35.55
"0724f5287d69b7a3fbcf9ab02054ca4a",1,credit_card,3,72.20
"4fb826a738895055159e95010e189c69",1,credit_card,2,65.01
"522b77c3143ab6fcea6d948bdf2029dc",1,credit_card,2,125.97
"33bb5c9c0285bb31b6c9cab48da62224",1,credit_card,3,190.65
da2875319484a07f1f78221c26e013c2,1,credit_card,1,77.09
"6cd6b68f7a9798a25f718d069608419f",1,credit_card,10,105.01
"957422760905270c48cddad7bb2b3c63",1,credit_card,8,315.34
ff81a4d6caf5a04e852149c674789478,1,credit_card,2,148.39
"98dd7753912978b85fbcd62a50873bfb",1,credit_card,10,625.24
a910935f581c2ed30ed200064dafbaab,1,credit_card,10,345.87
a0fe3a166733b6b4c91bca9b1cd91972,1,credit_card,1,33.09
"23ed60a4ded86a966ca7f216147a3bec",1,boleto,1,118.75
"344d7792475d51c5c3b9d41758ef8f44",1,credit_card,10,137.25
"650d7fd7f019e7381b5687b901db2340",1,credit_card,6,125.85
"242bcea719638feb8c102d38e67a4977",8,voucher,1,12.53
"5fb4ea19db61afd32a7c48b4200b9455",1,credit_card,1,74.57
d31ccf5695e6ca12b39b5b1f2eb7f6a6,1,credit_card,3,189.98
a3729d646cfea82533ffe6992fe17539,1,credit_card,1,42.37
f060d1eeb07c0294f897df1ff19d4b99,1,credit_card,2,118.71
"2aea39f518e5af3c58b9047d5f0e5e0e",1,credit_card,1,45.00
d30162aca68f89b06d618c38ef7b88e0,1,debit_card,1,49.09
"3b3c727f2f017c3efa05f74a729727d0",1,credit_card,6,120.08
"748f1a8074500891bf8f786ce3b5c02d",1,boleto,1,173.30
"49fe48be474d1436868ce63799d879ad",1,credit_card,1,14.19
b695fe5ddff53003c905080dc456cd7a,1,credit_card,2,92.80
dcc687639a7cb64baa13932efcd03265,1,credit_card,8,129.64
"5597332b7eded552f104108f22b023e4",1,credit_card,1,36.46
"8df5302d84c574cdb1a009c9ccd1dcd6",1,credit_card,1,120.59
"8900d15492ac0e3b382fd3bd53c17e81",1,credit_card,3,141.74
cedd898e1a953e9a8f3d763a364f6717,1,voucher,1,44.00
"9e4d464ffd49d8042318b1f24cb6005e",1,boleto,1,150.83
"49e448ded32d87cdbb3507805d04f64d",1,credit_card,3,184.59
"9f6c2a2b1cf39bcea618bba4db493cb2",1,credit_card,3,114.34
"173be97f981ae72384ff95a719544e7e",1,credit_card,6,101.91
"61b73d6deb118dad91fa0cca4365e4dd",1,credit_card,2,41.46
"3206db48a35131540e67f96b35a30ceb",3,voucher,1,20.00
"6620e428554c0be33f1fcb699c9d683d",1,credit_card,4,58.38
f30bd6977389bd6c34f5447e72d3d353,1,boleto,1,24.88
"2a227abd483c2d9897e7d7f8dd4a883e",1,credit_card,1,77.29
b22050106236d9b58750e8bc6418298b,1,credit_card,12,182.42
f59ee70148bbdacff5fc0b6d1205252e,1,credit_card,1,35.00
fa91e7e50fe0b08ee650cfece2a86c22,1,boleto,1,107.57
"24c2ea18beb03e17972ed33b519950c1",1,credit_card,10,1915.13
"9380c59012c11f49c549ef8dffef1367",1,voucher,1,109.40
"5adbe48c338c130733d09677efb8c0df",1,boleto,1,157.28
cd8676507ccbfc96f9e0908910b9e0bb,1,boleto,1,163.53
a64ed3b52bdd8f1f7a42cf35e82db501,1,credit_card,2,253.69
"529c6a63825f705864c027436f173560",1,credit_card,10,193.98
"288c5544af72d827e566c9ead00316b6",1,credit_card,1,168.20
"40753325f836f577dd8bab3f0e5807e6",1,credit_card,10,158.98
adf3d602a987dfaf1a76aed5aee37407,1,credit_card,1,47.53
f5b3403a61cf8a308100863929f376a9,1,boleto,1,60.33
"536b0208ff21c904d9537690f92f0363",1,credit_card,1,112.72
c3e4094adfa71210e702f8e3f90b5569,2,voucher,1,21.28
"76b23067a9ab8343b34607f1be84ca6c",1,credit_card,2,116.44
"1476819dd3e3d7fc87ee304b36af52bb",1,credit_card,2,110.18
b6f97ad9a7a85e2ad594c746a46dab44,1,credit_card,8,439.72
"256fd7aba8c450a1a97a52b1c9d422bc",1,boleto,1,78.39
afb770251c33fc53665114a61b41a835,1,credit_card,3,36.10
"9585dcabb7fafb1d2bde20a5a995e5e4",1,credit_card,3,131.46
"69f5eed47613a9d3cd0ae94d398cdd4e",3,voucher,1,19.99
ffb47bf24e3f64dc0a2059a9181b976a,1,credit_card,1,56.24
"6f0bbdaf91746e96253d10fe7e374f7d",1,credit_card,3,238.16
"81fdc868fd0f5c56b9ebea53765e4bbc",1,boleto,1,78.20
"9f1db27c49885bed69d54f9d11ba8058",1,credit_card,2,119.57
"34b02644fdec1c2023ccffd67de2b385",1,boleto,1,108.12
b17c8b612641d44b16b1e306763d33fe,1,credit_card,6,159.62
c87eecae26103ac43f825bef3b6a36f5,1,credit_card,1,155.98
"717650ea3d3e58b21de8c7205ce480cf",1,credit_card,10,203.57
"3275a8f39d7083740fdceb655f9220a2",4,voucher,1,8.82
"8bef8b88b9465aa96b8b93eff0525da0",1,boleto,1,79.10
"9e05956862c333308733e2155ca16950",1,credit_card,8,410.90
"81369b7885f7b27b5e7c427f1a812374",1,credit_card,1,39.00
"3ba333b554f8465f34ff42c71561e53c",1,credit_card,2,76.34
ab9dddcfaf2bfc259fdeb299d2ed6d7a,2,voucher,1,95.90
e2a0f7c30f5e78d97892b4140fdc0979,1,credit_card,2,138.85
"0382e1be5feaca880336365b982b8629",1,boleto,1,24.39
cf848a1927357659bfc5aec6664e9254,1,credit_card,2,178.08
cd974875c10f96dfe6a717e02c625feb,1,credit_card,8,672.93
"63a306de6b0e6a648212275a6e0171d9",1,credit_card,10,368.79
bab4c3b7d9e904b2e991490cd65ccae7,1,credit_card,2,86.15
"9c1b3da77c4477dc54252547b9f93312",1,credit_card,1,45.86
"8251eaa2e6ddef54b733bbac505cb57b",1,credit_card,2,147.06
"12919bed2aced6d1fbbf96349b870522",1,credit_card,1,46.21
a21f94aa35415aa7bd905a21f468e688,1,credit_card,3,190.54
b0b558b3576d4787a37f77a5250ff717,1,credit_card,3,166.80
c66e28952e51a57ff70ac6b6d5a4d30c,1,credit_card,5,56.69
"3d3796e51ab31becaee3237763ecd690",1,credit_card,3,155.03
a41b16eb820cfb62112086ea0a18dee5,1,credit_card,3,79.52
"555e1afa0cf180760b7ea9f6d8ebc329",1,voucher,1,88.47
"699376e68c8a6abbf01e7160a239c641",1,boleto,1,77.57
ff3555a6834ab7c343f8b67157dfdd07,1,boleto,1,39.78
"17cdb2d46a5fddefa7bab0474418cc26",1,boleto,1,85.47
b26727a63ae58f7a0f901dd4f2653cd0,1,credit_card,1,95.67
"0ff97226c07e92ca14cbb9d324c624a0",1,boleto,1,73.16
"8d9a9808c4a5546adb15d524d6ab2e91",1,credit_card,1,14.86
"6e27f04e8947d6be930769e3ce557bdf",1,credit_card,3,35.96
e1f238e971539b87bb93b6dbbce70611,1,credit_card,1,35.93
"59d47389a16d7d6ffbd48ec86e4ef776",1,boleto,1,45.74
"296c7c7658a3d5919cd1a5382e141c26",1,credit_card,8,86.80
c83b1508d1ce87e8c380ee3209720f81,1,credit_card,1,54.22
"40c42d9f9f9e938bae28e7716b4a748f",1,credit_card,1,62.01
"97f2d3fa09c8f66f8d26e81695161515",1,credit_card,3,174.82
fd52bb09b1cce1fa4ecbb721e934727f,1,credit_card,1,52.34
"0c986e5002868d137f566b34fb183827",1,boleto,1,146.12
"934b100257c7c0efcf161c10c6353375",1,credit_card,1,36.95
"472e43804bfd61093592dd9ada32ae2e",1,credit_card,1,38.53
aef73437a579952b833ab7d9cbf58bb0,1,credit_card,2,187.86
"5403e41a6cd4260f3804c8887b407032",1,boleto,1,44.09
"0504447548229e075dea8441b37b1e2a",1,boleto,1,221.79
"98b1e2ab7ac5c2be52f3e1d74ce5b18e",1,debit_card,1,68.02
"91fb016286a84fa7006aa6033499914b",1,credit_card,2,87.07
f472c6c9045f35a40845e71c997dcc74,1,credit_card,2,148.14
"730c83933acab283b21bae7b3fcc91d1",1,credit_card,1,590.62
"1a611328643ae11146ba09a4425d2e12",9,voucher,1,6.34
"5f2a70479467ace7fca14db6d059eea1",1,credit_card,3,147.16
a109b4732228abd28233fc31ca544cac,1,credit_card,3,133.92
c33368133f0a06d3c803f11e48f17309,1,credit_card,8,298.79
"4185621f3aaf889fde42176d1f902b20",1,credit_card,2,57.86
"9191e958cc19129b8470df9d933f8e3c",1,credit_card,1,13.78
f57983ca82e3c9bb09abcdda9139de70,1,credit_card,3,113.70
"3c9fe4c12f56411725fc69bc8685adb5",1,credit_card,2,24.23
b31c7dea63bb08f8cdd1ec32514ccf0b,1,credit_card,6,72.28
b6a0322c894b82bc08bc02b35a9f12e8,1,credit_card,2,96.10
"49bf9682392edd732a6f0a6c9ff7f196",1,debit_card,1,83.03
"31198c57e7c220ab18af604edd8609ec",1,credit_card,2,24.85
f3aa2dd753099c0b69934615c49540c2,1,credit_card,1,21.77
"2e5f5fa378d4e95d6db046bb596c4ae9",1,credit_card,5,85.38
"3a0fca622908ee6ccd5f9f2ff9e41d91",1,credit_card,1,44.71
"1580aa3360c01bdd268dd1665a8ff929",1,boleto,1,105.89
a863fef6caa86aa29cabfbf7e0b6f911,2,voucher,1,250.00
f935cc50d7d3a005676cd1093b419595,1,credit_card,1,66.01
"628c545b23b29ba5b8c94769cbbc6ed2",1,credit_card,1,47.95
bab00350f5ef0c26654bc8eb1b90ea9f,1,credit_card,2,161.86
bab6d565d15cd0e292a67fb901aab300,1,credit_card,2,78.32
"4381b4b79d51e72e0eb56a2fd1aea7b9",1,credit_card,3,93.06
a7489739535fa6a82e5cec2b52902488,1,credit_card,2,125.25
"9c91511c612eb17f1db8e983907b803d",1,credit_card,3,318.97
"28744e7a534028309c1d21455f676752",1,credit_card,2,34.93
"6de8edc4855c85bbcaf86b5e27b8d367",1,credit_card,5,86.23
"23fdd0e16ad79ceab4e5f407772d64fa",1,credit_card,5,201.61
e1c49aeb40d4ab159a18912ea48266d0,1,credit_card,2,54.00
c7716af159290b14d5c7e68534ec4b50,1,credit_card,2,171.22
c228fb80043a1ebf0ab361c676972a34,2,voucher,1,20.65
a54148130ca55b63a313eced8c392850,1,credit_card,1,95.30
b5ed14c14034b74bb0ae1c0427d72304,1,credit_card,3,35.13
"3c58bffb70dcf45f12bdf66a3c215905",5,voucher,1,1.85
a0e2544c7da875c21ffe5c1f59a0fc0e,1,credit_card,1,19.77
"9f62f8570f362ce8c44324f7cc9ca852",1,credit_card,2,90.26
"5f0950844b0ba28b7a063457f7709df9",1,credit_card,1,132.05
"3acdc95f43a4fb6a00019abc9e3bfe28",1,credit_card,1,35.09
"6d7cea535a10b4572594c350862c060e",1,credit_card,1,61.07
bf5a0b2281067192ee4215a039245d05,1,credit_card,1,61.01
"6ac885500645362873cc355cb2ae0040",1,boleto,1,232.18
dbb31ed9185a040cb0e9c8fb4877e21f,1,boleto,1,79.22
"50d4fe343ec872ddb397502ccd3afeed",1,credit_card,3,176.93
"4d6aaa0dbe2223eac880e1aad0137929",1,credit_card,8,113.67
"73564d7094858b6a2ae6a2623e78d2a8",1,boleto,1,131.57
"5f2f36a9d5be0e9e97a5b412f4519ba6",1,boleto,1,47.03
e3a645e56f26072a4ea4ca6187ae208a,1,credit_card,2,118.93
f9acbb9c41a974fa5fdd57e6bf85846a,1,credit_card,3,143.04
"070492c570207c7d9207ed0eb2254ec7",1,credit_card,4,156.85
b83ed42a4c8f73cee33121aa4ca4cb14,1,credit_card,3,81.89
"92f97273c78223051feb42da04c49cbe",1,credit_card,10,123.42
f1331ba967671bd1a0cc183d806c57c7,1,credit_card,8,215.60
"2d5a9031ce30f2732d18bb3722b887a4",1,credit_card,4,87.64
b237f95fe1b25147f47f26e69b4214fe,1,credit_card,1,44.23
"2ae01dafe3790417726f148d9f1a90a4",1,boleto,1,122.97
"4bdf67876c8033193a77066be8dad7db",1,credit_card,1,83.41
d0fc40215ca8a24ee1ad72bdac36c29f,1,credit_card,8,92.57
b8ee80bb6d575240f0b5f9f87987be6d,1,credit_card,10,333.45
"70c63ecc0f8619ac9ebb83fd52466e64",1,credit_card,4,174.19
"7e4be1fb343cfb05e87f6a4394420b55",1,boleto,1,53.63
"9980064d9817bacc9e261e7f5fcf3fe5",1,credit_card,7,145.56
"34e356294ae93c00aa77347b2f84ea1b",1,credit_card,1,52.17
d6120dd259a4e9ebf7c31843e023cd45,1,credit_card,1,117.85
"09e0e42eda6d72e0bd2a2e232d1c78b2",2,voucher,1,100.00
"0e905ed8f17c6568a12cad104c041e34",1,credit_card,2,61.05
bb5069a1c4caa1d28fe56f4c647d23cc,1,boleto,1,263.79
dcf834176dc467316b2e4dbd9544a9b4,1,credit_card,2,86.15
f9a799d2f679685212cad64ee906048d,1,boleto,1,203.00
"48d59c59c85665b1dd3b1f81d0f48016",1,credit_card,4,55.07
fc23d0b3d8b6e49fc4e6d021d7f9073b,1,credit_card,1,65.34
fc6f5e6779d59926b0d09334f9a19030,1,credit_card,2,191.18
a06533c9b7cc349bb345832a9bfe3c8b,1,credit_card,1,90.05
"9c40a111cc4f36ac3f23328139901312",1,boleto,1,60.95
"4c61ad2fcbc718550947fed75a4c0ee5",1,credit_card,5,254.18
"96c833757e09a989bb5c13d0470d7f2a",1,credit_card,8,84.24
"334ed4f858d2361daeaf939cd365c42b",1,boleto,1,52.57
d71541c100c5e5c1c55d5db9290f8851,1,credit_card,3,235.74
"0079bca8e89bd52fdb87408e4f3fb94d",1,boleto,1,57.29
f8765f3bdecd553e63bbc4de833ff8b6,1,credit_card,10,1310.95
"36edc30bd66f88355cadd2129f0dfcd3",1,credit_card,3,247.71
"4ddf6c937ee248504c71104627543a23",1,credit_card,6,361.78
"2105771f19af1ff52afe2a18c984c412",1,credit_card,3,232.24
e7e04d4d4bf764f196ef77cbf86b1ece,1,credit_card,6,163.60
ef9acc58a8568fd70de79c65656eaa13,1,credit_card,1,100.93
c312c453f248b2bd69d3e18e2112214e,1,credit_card,2,96.72
ec37aa5bbde25b0fc0560bf7c34a645c,1,credit_card,4,86.37
"703038e5100dc9b85add366da67ad6c1",1,credit_card,4,107.78
eda6d64dcda58906e8d961f3d630b6f4,1,credit_card,2,115.45
"80b3144642f81210b2759d2ae93566e5",1,credit_card,4,222.08
"008cfe221ab054c89bc31720098cca51",1,credit_card,4,146.84
"683eec123803850e3e35c40fb6d5dbf4",1,debit_card,1,64.22
d300dd2390d077cd2c2ec2861db15827,1,credit_card,5,167.37
"45356b921c317565a85a7830994e288f",1,boleto,1,32.70
f339e280c169a60e3d919ccf77765774,1,credit_card,4,41.29
"6eccf2d285566975653dcf25ec2f21ed",1,credit_card,6,105.52
"73314e79b29b8857a78a32853790a9d0",1,boleto,1,297.27
feea1134dca132388da564d8f026a2ca,1,boleto,1,259.38
f9b7ce576ae35e95dd79baeef9024e8e,1,credit_card,1,43.98
f9b40a110c92bdd1cd9c0ca5b73d9d51,1,credit_card,1,135.08
"1d2cab957f150e9edeb3e456cef96882",1,credit_card,1,102.97
dde3f065ba9416ef2eb1e9987a28ac59,1,boleto,1,86.96
"58b7b387d2173cbc99155daa2b3017ce",1,credit_card,1,100.76
dc90e3bb74a1bebc1091534ceb664313,1,credit_card,1,27.09
"266431d2079465fd7c936bc6f9578d45",1,credit_card,1,47.90
"35b2be75ac71d838d1743e201de6bcaa",1,credit_card,1,57.54
"2c2ce5e6f838b293b3297370a80598f7",1,credit_card,8,114.85
"83ca4ac8af7cb175c24225800f0e5abe",1,credit_card,4,81.78
eb1159e15cad602c36e16646e5662b85,1,credit_card,1,26.88
"34496066ab597d64e45c5f1352b7dfcb",1,boleto,1,131.06
c0bd1839e07d2c2eb2f047b50da39f2e,1,boleto,1,255.08
ec02fec9423ae39b2f91ff964bdfd87c,1,credit_card,1,27.36
"1f057fd42c4cc8c1711e2b9ae3719afe",1,boleto,1,45.29
"87d30b7fd5316c576377b79548be7d84",1,credit_card,5,536.30
a22e1b3b7821386e3fbcd6d3c5c6c3c1,1,credit_card,6,322.58
a1fbfc9aab174eae636440b4c8930479,1,credit_card,1,46.10
db2351cb5d7dbd5c45ac607d32f2cb9b,1,boleto,1,68.30
"9874f00b86dad32c32a0017e80cfcdb4",1,credit_card,1,85.60
b70a20de4d773c7d77843695098779d4,1,boleto,1,151.18
fb7ead2842ee0acaace53d1476d0b7ca,1,credit_card,1,73.34
ddc7f4a64323c9c3bdbce657dc3e9973,1,credit_card,1,47.77
"09026ebcef956ddfbc9af4af7c46d377",1,credit_card,1,26.53
fae58c4baf50862a273c6ece28f239a3,1,boleto,1,476.13
b8871d60cf4ec81490da7658b25c1c04,2,voucher,1,46.36
"7d1b1cc13d2c22c1cad811b1fafd0537",1,credit_card,1,74.78
"1d23106803c48c391366ff224513fb7f",1,boleto,1,214.19
"532724cb017a7469c0266bce57eccdbf",1,credit_card,2,240.12
"5ca67c75fe0b43ebc7ff9e3711b44162",1,credit_card,1,45.31
"102dff93d9ff9180027b57feff2f34cc",4,voucher,1,14.50
ab89bb6e241707c49c90cddb12809696,1,credit_card,2,138.24
d0988bd14ea2e2c69217c3f0fe979c4e,1,credit_card,1,123.61
"5db21a1fb73cfdfd6a1c65c7158f4d82",1,credit_card,3,191.32
d35f8048e8ab7b7c8e2080c53fe3cd10,1,credit_card,5,758.93
"23af56e201b15091e86aebe6bde84b2b",1,credit_card,10,147.62
b0c6b466f1a099c343926b4a538a887e,1,credit_card,10,698.90
"8283e42dd17845a4b3621ca92e934866",1,credit_card,3,275.34
"13f122a23bdcdc6de4c10fb7d9fa6a0d",1,boleto,1,86.81
"6811f439ad8873c28f8e1138e02229a5",1,credit_card,9,669.98
d01f15491f3bc2e461d13e32f03978f3,1,credit_card,5,247.50
be9b4aa61bbe31e9d0191e3bfe51723d,1,credit_card,3,163.61
"591697bc2284f1e5acb373a47ff9f0fd",1,credit_card,4,43.09
e33ed9bacaf02833f0c4dff6e8e20bff,1,credit_card,1,99.60
eb1a3c0954dacb5159740856bd53a3ec,1,credit_card,2,156.32
"38e65d97a722fcc306a1ae87f68c5b45",1,credit_card,3,77.94
a02db77e1f2b1eb32c2cf8793740843d,1,credit_card,2,56.21
c867dd64bd728f7a87d1c868c7c2c33f,2,voucher,1,20.00
"1ed68006f84c01fff1085e2f43ef641c",1,credit_card,5,159.32
"9c7da05dae70be359391ea6cd8790045",1,credit_card,5,125.23
"46b6b021ac3c927cdf04d4d7533e8759",1,credit_card,3,42.78
"50e49c6629868bcdab3c499bb73fe2af",1,boleto,1,284.79
ed10c6b029547356822a9f7fca15ffde,1,credit_card,6,107.00
"0893ae2dd572c400965d60fa77f45076",1,boleto,1,126.90
"85415bb7b40d0a71544ed9d6dc1d9d02",1,credit_card,1,59.00
fa5140866cde7c9764922065831a5510,1,credit_card,3,97.20
dd63de941b6998a80f25d03116747f9d,1,boleto,1,22.29
"29b821b6d11aa7db50368287e7d8d9fc",1,credit_card,5,147.28
"6ad40910813e5836d9698b103b222e65",1,credit_card,1,104.54
"2efabe81d42a274dde6ed24c45f413ee",1,credit_card,1,38.78
bb371b4b646a971170ed23d709f5065a,1,credit_card,1,35.48
bfb7ce007bc3f08b946a9c620bbf344e,1,credit_card,2,83.23
"4598f231b79970cbd4afa2bc692068cb",1,credit_card,5,119.82
ce457974a91b6bddfebdf60b46c71b45,1,credit_card,1,68.78
a85c359f7b726c381e24506bd9b1398f,1,credit_card,5,75.53
f70ef37b0768f2e5383b4fc11dc05bdf,1,credit_card,3,34.24
e7f43c9d5f7368426c44a239394c88c1,1,boleto,1,114.33
d4a4c0bce7df0e730b35eb0dfd717d58,1,credit_card,1,47.50
f71e43a268bbabaa7736af38f0c02710,1,credit_card,1,140.92
af7f16b96e01b9947638321949f672d5,1,boleto,1,150.37
"6644da2ecf4d36e3f23343c0915e7de0",1,credit_card,1,66.78
"14c06653b7d532679bdd383da5d8e0c8",1,credit_card,3,91.84
f1487beee9bcc5d6921a3e5ddcb63623,1,credit_card,1,84.76
c9fbf88f9c58364e0434971962dc1a53,1,credit_card,1,105.96
c0980db7048da7ab8724b3d733cdc449,1,boleto,1,157.76
"9ed3fcbe70866599d450a2a00492f7e7",1,boleto,1,50.09
"4e6f08ecede05da4c4e9c73557db14db",1,credit_card,2,143.65
d11ac1d30aa28bac52a87c61ac170cea,1,credit_card,5,157.16
defe6c6f7875ec5d8409143a3d850eaa,1,credit_card,4,337.77
b3ea3f6381d1b6d2683698960134fe13,1,boleto,1,107.00
"79c8c817d8876952db086059ef7f522d",1,credit_card,1,147.15
"08bb21f621b955cf27343f29059d2696",1,credit_card,2,138.72
"371f13dd168ce30a881e0db8cf3929fb",1,credit_card,8,665.87
c9d1d33be3caa33a65cd687e3f3da22f,1,credit_card,3,134.60
"97b29283af3491c2c82f26f6f848d210",1,credit_card,2,138.05
"9cf6d08e57855a633b5c0c79258ee121",1,credit_card,2,133.28
"5c1b09b16e9d36654fedd10fab2b7861",1,credit_card,5,184.55
"28c667d6f66b0f0078e9a521d850816d",1,credit_card,1,113.08
c8e51524cf9ae78ec9f421b1054378ff,1,credit_card,3,58.59
"747cce3ab1f2a36846e013700b93f0ba",1,credit_card,6,280.63
ae2bcbe8fbd1ed3a7698b5d7cae26c43,1,voucher,1,176.15
a6b6b5372d64f5e0b7b724335f7e20c2,1,credit_card,2,486.56
"07da984520cb8c0de39f0b96b92c08f6",1,credit_card,3,66.31
a6d306fdfa4582a936be85949cf98a50,1,credit_card,3,123.49
d3a5c7e2fbe9a935e6a4a7454d4b8869,2,voucher,1,20.69
"908c80ba9160e9d87007015b15aada39",1,credit_card,1,85.19
"7f9e8cb77e9702ff5d15ca7dbca58cc4",2,voucher,1,76.34
"45917d9b3d9fb27201ae36b4f1841f78",1,credit_card,5,78.20
"0927a4ea2d6af04c6e8a1aecd4f9951d",1,credit_card,2,146.01
"9198b4e581a0d75d41d959e9a161d1fb",1,credit_card,1,78.20
cfec3311b95bf95d0d8d30e4ede143c8,1,boleto,1,730.34
b8d83281a0c89e3157c9cd7c37ff7273,1,credit_card,6,387.67
"9ba0165adc8f80295e82cb5418788889",1,credit_card,1,41.55
"15abee31fcd5f096e6eb7c555eb3fca3",1,boleto,1,57.68
"940531f218fb31bd68ef02fff1ff1ba3",1,credit_card,8,83.42
"1896eb87ee7c0749928d79d5ed329e02",1,boleto,1,84.64
"9901f27d2b1cf8df5d7c12241328b82a",1,credit_card,1,41.10
"698c554458e6b44e6f2f1450583c2547",1,boleto,1,827.19
e3f6de94179bede8675ff97d0f3f3245,1,boleto,1,97.77
c3ea366b4645392afd2903b2955a5151,1,credit_card,3,177.99
"639b603f09b7050c96e56cd03703437b",1,credit_card,2,21.95
"1be5aa7ace982878dd1d68b4ed258127",1,credit_card,2,59.86
f20439467653674ebac675290f67e15a,1,credit_card,1,136.08
"49de2042facc292abd730e3dc6c0a75a",1,credit_card,1,207.42
"2714cd9d5a0b89ba0c2429e6622e727a",1,credit_card,1,50.00
"9351027800b2ca5df75c6d6999cd5774",1,boleto,1,134.76
"635b1de13b56852d3dca9d359b7ed8dd",1,credit_card,2,53.89
"67f45b915d20c7c02c711e0fbf871a3a",1,credit_card,1,41.75
"462240cb1ec4e5db517e73fff57ebfc0",1,voucher,1,8.13
a96095e939ac89b2ee0975e7c5300a68,1,credit_card,1,130.40
"3cbf332e7f3e5a7c73f6106f0ba94967",1,credit_card,8,83.38
"5045f8988a109fd596bf3b238219b0de",1,credit_card,1,35.00
"6a5771a7c4b156a321263b020bd7e3f2",1,credit_card,1,45.78
"4582df009a901c9936acf91fb8355626",1,credit_card,1,87.64
"79730096d219216eb484e1e16568ef23",1,credit_card,3,115.35
b2dc8106ee4d388e5f4adb1db500ab77,1,credit_card,1,8.65
a6f1dca3527b8ae1a077c9c9375d9f06,1,credit_card,5,95.26
"05b45bd050b8c16805abca656246149b",1,credit_card,1,68.42
da9783c64e76b5e0b7352ac97f31e423,1,boleto,1,125.36
c15a8fc276881ee3f43d709f3ab7792a,1,boleto,1,120.09
"415b65a24b958bc64f9c3f8c1a7aef29",1,credit_card,6,157.74
"43dd5fd2b9320473a388b6a3a1785ac3",1,credit_card,8,187.87
"4ddb370d653e752b4440027fec64e3e7",1,credit_card,4,93.52
f52830b0ca8b8b633b4c270c33603cbb,1,boleto,1,106.96
e01de4bb8dc46ea4d7e8c5ea3afe2f8d,1,credit_card,1,88.90
"33c72b5830923cd768fa76c738f6d402",1,credit_card,5,149.76
bef85b22582f29dd832b5b75cedadf22,1,credit_card,1,108.41
"415b8ac19f5bc8c2f9796aebb5f4b84a",1,credit_card,6,156.33
"0e9a2f8bcef22eac543de56cd6c24b8f",1,credit_card,5,155.63
c405d436f973cb6f7c1c1523a85cdcc2,1,boleto,1,71.15
"192280704cc4c1f82086c55f0622f09b",1,credit_card,8,82.33
"06a702a3caf8f33af30200f804d877ec",1,credit_card,1,190.64
"5651013318bbb1532392e6d03480e88d",1,credit_card,3,153.71
"3baaa5448af22fe09f43c61e6f2591bb",1,credit_card,1,27.79
"070a62ae87136bfbe6ef6d0e2883cda5",1,boleto,1,343.37
b89b5e15757b5d96e7d67c969324aeca,1,credit_card,1,63.55
"22890d3bdbf453cdf060e03716c00012",1,boleto,1,54.64
eb54462c208a5481d2af421ca4f66780,1,credit_card,2,40.22
"8b8c17015e5e5bea026c24e0f03c9dcf",1,credit_card,10,104.36
de91fc52c5e64360685e51f75ceeeb2c,1,credit_card,4,233.41
"1cbd71feda5da8baea7160be1168fbc5",1,credit_card,2,75.53
fc0da037889e24475a640dc6ef3c32d0,1,credit_card,4,130.16
"1a5eb6a556b01596eb34c82baa91e160",1,credit_card,10,520.29
"1e15a13757311a68ea317beef704637f",1,boleto,1,871.38
"7c7b5f633170511dbd889d3c4b2794bc",1,credit_card,1,164.26
"9a1d09360fb93ff8ae57b066fe14bc62",1,boleto,1,69.04
"60a0b0a1df29ff83dd9083ffa44b6580",1,credit_card,9,95.34
c32295e5877c879f156074c086bb536e,1,boleto,1,157.30
"24ffe5543b23e12690af44dda7fd5ad2",1,credit_card,1,90.88
"61f82b319ee0352b3b8525dfa467e0f2",1,boleto,1,156.09
"4c37681ba7affce78f5b3b78731e1e67",1,boleto,1,63.13
"3ffd3e41fbb901f25a82fa96e9460a0f",1,voucher,1,44.42
"20176fe1ddb4756918024acdffd0cb05",1,credit_card,5,54.00
"107c13bd61028594c5dd87a1acf92f45",1,credit_card,4,176.64
"661daf8e46d57f5f1b916c80f4129049",3,voucher,1,8.80
"7891c58fcaf852455c9b8ed210e31a4c",1,boleto,1,58.10
b5d9716785ce349830c74805f925c745,1,credit_card,1,91.29
"013056cfe49763c6f66bda03396c5ee3",1,credit_card,5,254.70
"2dc53ae306319cbe8fc0db9a38bda89f",1,credit_card,4,243.11
b4c693a7307b4b641db8b474c9875dad,1,credit_card,2,109.90
"5b81d7f0f897982fce8bd000471c973a",1,boleto,1,67.96
"1e2c9c8656ce0a547546849a9383ec0b",1,boleto,1,113.08
"4b038a7f8dfc36755eca741381e379e3",1,credit_card,5,155.20
"82ba6dcd4e23b3992eecd5bcae999c30",1,credit_card,8,695.25
d9432bd8e6dd2eb13a3a1eb8b6f0aaf3,1,credit_card,3,162.48
"354fc19d43cbb0ad997bd631a02fd169",1,credit_card,5,124.34
"08acb70a4f06f300068802d8776fefaa",1,credit_card,1,55.27
"9fbbd9e1516b7cbce439d5f07dd07f98",1,credit_card,2,154.58
f7165d089ce3bd58a12a202c6359b155,1,credit_card,3,37.28
"94cb35fbdd88c96b0718527f8e843feb",1,credit_card,6,93.48
"82a71647905d5965a2d4c6e237ad3e61",1,credit_card,2,50.50
"1c790cabe9e75245d8ecda194566be2f",1,credit_card,3,396.90
b3550a81cd63b5a2e84279ba8f236b88,1,credit_card,10,275.56
a17af8e6044c5ccaa87b1d97559dc554,1,credit_card,1,87.80
"35138e39f9a22af41b39da5df0cc6790",1,credit_card,1,114.44
"60b8f5496f3fa2d3dbe08692dc63b4b3",1,credit_card,2,45.70
"6eba952263622445be84d3536a3aa0f5",1,credit_card,10,239.80
"8e74025444ac9b16544fc2fc74c39b48",1,credit_card,5,315.02
"88596e84592cd67e51c4727732dddde0",1,credit_card,1,51.13
"6adcecbe14853c4a59e88f497152d83c",1,boleto,1,45.78
b1a79ef890283bdf9f95a4a4ef07f4f5,1,credit_card,4,93.58
"3fb89a73b375862ec41e85344c4c51c2",1,credit_card,5,250.40
"9371ddc98fdf148feec83c1ddbdaaef5",1,boleto,1,393.08
"3b70c696a802c8faa368856e6d6309e3",1,credit_card,7,147.52
d6705951df2cac2fe31e4701c9a29214,1,credit_card,3,35.22
d80681e64c64ae8f7056f86223e646b7,1,credit_card,5,123.84
bc1b81dde530e5b064a559906643fcff,1,credit_card,2,102.64
b552bf4c093b6c4804fa08eaee94a786,2,voucher,1,8.97
"8c72f52f7655510c1ec81f3b9019c638",1,credit_card,5,419.06
b2f92b2f7047cd8b35580d629d7b3bfb,1,credit_card,1,31.21
"7744b010dedfdb100e51ac9096022331",1,credit_card,3,62.68
bc491210c65d22f6572a4370f8e60248,1,credit_card,1,51.64
"8e17072ec97ce29f0e1f111e598b0c85",1,credit_card,5,59.32
"13a945cf4dff971e45059d790da4daf4",1,credit_card,4,111.10
"5128a1fb5fd9f44d87fc13d784b3b9b9",1,credit_card,5,107.78
f93bcee6c5595d8b07ad4f799fe5b590,1,credit_card,5,255.24
"9b9e08cb1a66ae45d2a91815cd8f4426",1,credit_card,10,363.80
be49c4e4b3b0f04ec7752ea004feec8c,1,credit_card,8,429.09
fc4bcada7517f413ad3d38e7404c9b3f,1,credit_card,8,162.57
"62ff6bca8b763c877dbbacc1d0230482",1,credit_card,3,56.79
fbe94831a781d534fefb49c93499dd91,1,credit_card,1,64.09
"47d3b12983a4e86dee49b220a689f1c7",1,credit_card,2,81.85
f9068fc0240e1cf103d53197f7820a13,1,boleto,1,416.64
ca0d7c055f7ec0f5ac169160dfceced0,1,boleto,1,27.69
"440b5d8129165b7e04b3c37e3a5e93d7",1,credit_card,1,210.81
"397cda88cf14fa47dd00f8ce20346f25",1,boleto,1,932.54
"760312f5735ee281f01e56d5ddee05e3",1,credit_card,8,201.14
f75d10ef288341085a1387de1052dfb7,1,credit_card,8,404.80
"846c2255d0eedb2043aa0b3dc470f32b",4,voucher,1,20.00
a9a75c64cb5e9f7bc92e68ec13f05c45,1,boleto,1,76.32
"8cf2872446567a22b4bf3c3b713f6f8b",1,credit_card,4,215.56
"4be9e4b74b98f6f4ef1fc829e2a41148",1,credit_card,2,157.65
"042649285cd08ef7c546445419b43407",1,credit_card,1,28.34
"79bdeae310789e415e342ede8f9ad5f5",1,credit_card,3,245.69
"27193efa36420f91e43ee1e1d4416d2f",1,credit_card,8,172.52
d471fa0b4a2b653efa429a9caf70695c,1,credit_card,5,386.15
"010b0f6bd323a9effd095a743e660f26",1,credit_card,3,36.71
efd1e4f4a8dac1a7a89d72d8a683f6d9,1,credit_card,6,447.00
"5139f51749d25619bb9e6153e11a18aa",1,boleto,1,177.66
"8437cc26c9de9099049a5d619bd5ea67",1,credit_card,3,193.16
"3560c6ab31e12b224c896ad27f2f5ecf",1,credit_card,5,59.00
f57fffc1ce29e83b38baed346acf0020,1,boleto,1,96.32
"2261ff9e6868359245db75320f7e768c",1,boleto,1,22.77
"1a7dcdf0c1f8c7b57dab8c7378c79cf9",1,credit_card,1,86.21
"674f118582ce68f137f8a355527a1edc",1,credit_card,1,54.44
"0fb02b37217c9af51e73a4ddd2c5b092",1,boleto,1,49.00
e0f5cf952d89f08c137a437a70f1a561,1,credit_card,10,150.98
"1f06e0b20a4b5a839950bf1f9f779957",1,credit_card,2,92.28
bf0143e772b21f9410ee818a9150d6c4,1,credit_card,1,50.10
"5a211401338dee5fa1388f6b4b70b456",1,credit_card,2,68.42
"2efdc67dc7c8303d759f24ebbf9d2ef7",1,credit_card,1,48.73
"457acb24534ad6018f8a35441a118afc",1,boleto,1,103.04
"8a9e343b555f0310262707c47d4909bf",1,boleto,1,128.05
"4321bf26c064204859cdc39a9fd479ee",1,credit_card,3,88.72
"6ba4f2aae2d3d15f3281258017b4552b",1,boleto,1,112.42
"045acee11e62afca7764429c5710dac9",1,credit_card,1,27.19
d99a07d049ac5c39f6f62edba8d57721,1,credit_card,3,111.62
c0086672990e6dae8d6be4ccb38ab854,1,credit_card,2,86.02
"73e08c12d3981af1a3cf6580a9253fb1",1,credit_card,3,414.40
"6d70b44b2d0742e51c0434faba7c9afe",1,boleto,1,46.82
f6abdf036dbfaa78fa40d68f83a20968,1,credit_card,1,122.56
"0978a75c5390506e56614f327e7fa342",1,credit_card,10,518.25
fec5c44b191dacb759c39338c8c934a0,2,voucher,1,69.16
b5c7eca14b937c34c4eca801d71668fc,1,boleto,1,108.59
"16f7bcfa3d20c4e61a2ae69c2132d25e",2,voucher,1,35.25
ff1037c14208a18e7482c6c7a988799f,1,credit_card,1,30.41
b250f7cdd416f74eabbcd4036c479be4,1,credit_card,5,111.89
"6ff2566f7d79cca0eedc19c912b314ec",1,credit_card,2,142.33
b142695409c8bbe4749969c0a697148e,1,boleto,1,30.23
a3a15a66006f9f79c98af9fce34528c8,1,boleto,1,288.21
"12bc94612964e0cd17a45a286899a3d1",2,voucher,1,10.44
"3b8e6e47439c0aa25ddb6cbfc6dc8ddb",1,credit_card,4,178.21
"3365749860804a01bf35b50fffcfe842",1,credit_card,1,76.66
dc93ba4cf47339046ee8035efb73e2d4,1,credit_card,2,144.54
be97f88cbe71410f91432e2b3cacb89e,1,credit_card,2,83.23
f02d7520026a027c1329f08d01ac16ab,1,credit_card,2,144.12
ce3c0e0e8ff8199031c7539eaac530e4,1,credit_card,3,67.44
"9d6a4798ca60c057f632bed582e5b0c5",1,credit_card,1,18.87
"0927272c1caea73a32570e9de18c2bb7",1,credit_card,2,73.74
ad35e5328e8d920391d2f1914a1b510e,1,credit_card,9,98.43
"9986ac2a8cad0d983e8a964b94aa8149",1,boleto,1,37.94
"023ae47e11483bdb8aa35fa4662aee1c",1,boleto,1,112.09
c51df802abdbca302ad8827db2e62061,1,credit_card,3,70.83
"12bbbb7513f1fe839bf451ba8d06c859",1,credit_card,1,65.03
"0a32919eaa38cf81a09bb4cd2ca383df",1,credit_card,5,55.30
"7e3fe9574a9ef4caef1b086d2abfd412",1,credit_card,2,33.85
bbad5d13167b7fc87a31a92251a6de88,1,credit_card,10,160.22
"6092d8164237b3c7eea663e17e709b21",1,credit_card,3,173.82
a1ecf6ff2702a73805ca6ffa3771ab05,1,credit_card,6,79.39
"13e5cf1e067d58500141bfb2a638ba6b",1,credit_card,1,47.10
"76662f6f2a490cb74e7b97984991501f",1,boleto,1,21.43
"74bc5cd043ebb6cf75b835d27249782f",1,credit_card,1,84.81
f237e8ddc05a21386ec9441d40f8e09e,1,credit_card,1,4.75
"4fe9c22aa06ba861bb93d65446eb73c6",1,boleto,1,39.09
ae4f22807612872a18f951767760f6bf,1,credit_card,3,96.80
"9a161af1014bfe03c925a3ebf67a67ec",1,credit_card,4,290.84
"0d1141bc7e92a45b00c06ed12c5c4eb2",1,credit_card,1,3.21
"076d71b244e240e104ffe5bf5985faa2",3,voucher,1,30.00
"4fac79a44297fdbf2088158540de5b2e",1,boleto,1,91.75
b25df6caf94e05493b149caf63473f1a,1,credit_card,1,83.41
"925d3e6a309173b4f3fae2ce8c50118e",1,credit_card,10,116.70
ba1c50f3276668478a6d911c6a085a3d,1,boleto,1,99.82
"82cb61093ee5284f77c35265ea66c4ba",1,credit_card,1,26.38
"4b60fd433160958739b4e6194d1c9e76",1,credit_card,6,75.36
adeaede19791cc3d2eb6f340a6249aa7,1,credit_card,3,154.40
"8a9c9e6f36131fb108495efe07936f02",1,credit_card,4,204.45
a14159f8a3661833c7d9d030e2098861,1,credit_card,9,132.26
c003c1face3c31cba0af4ab5314f3332,1,credit_card,5,53.72
"60058a96e9d74aba1c66b86edbd0535e",1,credit_card,5,107.00
"5d3a8d8e8b6ececb6cecca1da56f46fc",1,credit_card,3,357.84
"4a4c236dd0a477add66133368e7fcde8",1,credit_card,3,304.69
dc83ed7ce1de08f74d849b222fe7b6ec,1,credit_card,1,203.82
"066a60f7b0700a942ba22b627ebff13b",1,credit_card,5,137.93
dc5ba59adf78a3c3f5707f5bc83ca234,2,credit_card,2,49.78
"0420da8d50a3784011290a782f25a8a8",1,credit_card,1,74.63
"9bfee44b6fa92f64b8dcc72d2170686b",1,credit_card,4,41.10
ccb6252838b1f9b4df467fe221e1f722,2,voucher,1,333.79
"8e64c8a9ce934e47e871b0a4eaa973f6",1,credit_card,7,148.15
"01a921eb5bf5df0c2990e62563ceca49",1,credit_card,1,158.70
f057c0b69a9b64e8579f7873e9d04cd3,1,credit_card,10,1247.96
"9d40c94d64ccd5ebd1cc2aa276e75522",1,boleto,1,219.45
"67a05eb1a593433184f324fbf217cca2",1,boleto,1,259.15
"903b1832e250deb0b1724a7be13dd5d7",1,debit_card,1,105.38
f8cc76d89295e1bdf2215efe69872481,1,credit_card,5,310.20
"431dd865c6ed0d491389a51b12842df5",1,boleto,1,32.42
"79aee5d2f7328b2d701eb4e87f54ce47",1,credit_card,5,188.99
"7aace035422e5537450664dd790e72f4",1,credit_card,3,31.38
f400b5ccbb7d891e27f429355562d529,1,credit_card,2,54.10
a889c83e9d58375bd1747f31daa8ad8d,1,credit_card,2,74.00
"5dd475df54a16b721167533c01080103",1,credit_card,4,102.03
"2826054171c4c4aa3eb41b9dfab2388e",1,credit_card,5,122.51
d24be64fd6aadd3a06ae6afcf8785cc2,1,credit_card,2,662.74
"8931c9e36c3b25b6ba7bfd32a38c1677",1,boleto,1,141.28
a8cdce3722a15379cf3a4eaadb906c1b,1,credit_card,10,225.33
"6643fcf7be174c77fb72dea37c92aa19",1,voucher,1,11.56
ec4dd77cb91b7689d123349c0e06f121,1,credit_card,1,95.30
"7ecd3c8715462334ddba2f8da3988873",1,boleto,1,210.14
c3a4f2b35690a1938c71e4543dc6cb18,1,credit_card,3,68.30
"9f81963426ae1cb630eecb995323381c",1,boleto,1,32.77
"997972977f4f622407b3d9125eeffd46",1,credit_card,2,64.00
ee5392faf51501d5019a14eadb3d59a1,1,credit_card,1,73.05
c52213ed0e3f741940fcd6e40b5817c9,1,credit_card,3,235.30
"14478695ea45a6076e05fb283a9cbdda",1,credit_card,1,69.73
d79f4264e783c7bfb5a7513f811a236a,1,credit_card,1,168.20
e746b487d30866b2cbd774406f2e7d69,1,boleto,1,39.17
"21533e635256523fb56f1ce0d97439b9",1,credit_card,10,198.57
"7602bfb77ab1d67fd9412ad0a048a221",1,credit_card,1,35.90
"256feadf50de02d3bfb225612c16013f",1,credit_card,7,74.07
"3e37861f5eeb4e7f465390b54c79bca7",1,credit_card,10,285.91
"85d0c23b95880fa1aa38c08bac7848ca",1,credit_card,2,37.29
cf290442e580bf03533aabf4c492b6b5,2,voucher,1,11.24
"819cee97d3d5daa9991a8ffda20fc62c",1,boleto,1,36.69
"8ccf9f0aa61387140e1e58cff856f9e3",1,credit_card,2,270.85
e7aa8ec1453b9d7fa35da99ee0f22e65,1,credit_card,6,1038.90
c0c48daac5ca760ce57d4e500886dc56,1,credit_card,4,40.95
ebf78ae12a9ecd09503c7d2f5c46e77b,1,credit_card,3,210.45
"266ceade77126c8832baca0f856701de",1,boleto,1,139.80
cbe8a22b7de5b1b59e05b5011a1e53ef,1,credit_card,2,37.77
"85f5fbdff0f711046e726fd48a2276d3",1,credit_card,1,115.45
"857c7d158a6669fae8d2aa86c645f021",1,boleto,1,81.21
aebe4edc785354fcde0254c24c2d8e72,1,credit_card,8,122.65
"8eb6cb6eb895e7fd9824cb6a22c2a14c",1,credit_card,1,53.09
c66985d27ca5899e6058749d3432daf4,1,boleto,1,71.82
"061a6c0d2222c7c9f49a21e108579b49",1,credit_card,1,94.63
d28915f0c151523811a380f3ed100180,1,credit_card,4,196.88
"1272198ea0829564b49fe8bb6ad3ea27",1,credit_card,5,77.00
"1affc4ad6b0957720114bf91c2f39879",1,credit_card,1,27.75
"093a57d9efa67214acc6fd5c5e1e01ae",1,credit_card,3,67.73
bb789ec51c304aae58b4ba3c11cb2fb3,1,credit_card,3,68.89
d25ec5d787991580395a4dc72118db6c,1,credit_card,5,189.88
c71b55238f1b3f73eedf2cd06c62e959,1,credit_card,2,69.03
"4ec8686587a9b92422ae24861683958f",1,voucher,1,230.83
"79310e415e87a7c31dde5926215d3469",1,boleto,1,159.03
c9a34c30282dc36d017bc912f8d8dc91,1,credit_card,3,262.24
"7c7237e63d10d0c607774c08e171e8f3",1,credit_card,13,133.48
a50c918755157a02054eb1e51cdc9aff,1,credit_card,1,641.65
"5664fde64525f1c1c6a8ef23aa35dc22",1,credit_card,6,247.95
"2e74eaf7ee1417b678a04cd77f4691a9",1,credit_card,1,52.27
f6f0b540e89f9b3f6f256e9c5c739f6f,1,boleto,1,61.05
"3f2d65e9302a444056b6b65922647a10",1,credit_card,3,101.26
"9f06b4c6de2919821c9ab8d71fcc8ab1",1,boleto,1,27.10
aca44cb492f80075220916b0a4486b10,1,credit_card,3,199.96
"952b0a1d898ae59226e8ae13f1ea4121",1,credit_card,4,116.94
"3981ab3fc085c2a1d4dcca88197fe7fd",1,boleto,1,52.34
d9184093392a8a7af118edd2a5c9aabc,1,boleto,1,87.30
"341db9fcd72b3de80c6d9ee4309abacd",1,credit_card,5,216.15
fb4c699559386e0b6b970181177d99bd,1,credit_card,1,479.70
eac9691979b0aac3f3061abaff2f4f8a,1,boleto,1,91.72
"9327c73b786466a6815c3d5a7785bbe0",5,voucher,1,6.63
"1852db4cb1cd327502f1deb0b4285b54",1,boleto,1,50.55
"6c7132d0849d1aba9e36d48456b3f5fd",1,credit_card,10,282.65
"1baafdbda29613148a2517059b996b95",1,boleto,1,881.52
"7dfab96276603768666b7f949b3ea66f",1,credit_card,1,37.61
ec9ddd49d01dfcfe7794a593be6400b3,1,boleto,1,385.08
cbc22d4690ec52283dd156e6f30ba818,1,credit_card,1,95.34
f3b74114022a0413aff30103cdea2cd9,2,credit_card,4,45.25
ddbc0e193a190c97a92bdb12aed510b8,1,boleto,1,107.41
ca5824dc67bc4de20753f881aede6b1f,1,boleto,1,27.00
"2e60890d387b9bcd29da579f25afd034",1,boleto,1,38.01
"196d07f4360358baef663fa6bbba95b0",6,voucher,1,8.06
"188d4eda8fa5f046fce1c7c8a309f61f",1,credit_card,2,78.64
"138922735946aa65c66ca7e7bd4e5980",1,credit_card,1,54.37
"152d7c3d97e950fdb5bcaf5420a6e561",1,credit_card,8,124.70
"6ae15c99eca2bc6444d358fd9f44e5bf",1,credit_card,4,44.69
"3feb755ea67c811b8216af69e346e07c",1,credit_card,2,58.16
"82cb5727dfc9854c228dd5246c17b877",1,credit_card,5,80.15
"19ee088b8cb4afa401a748f8437135d1",2,voucher,1,16.44
b87629f535e915b6f1e1853f764750c5,1,credit_card,2,47.27
"1ccd61f3cd66bdcd294756395581ff87",1,credit_card,4,41.75
"037f4f91c8f5cd2a6ddd52a63d97fdcc",1,debit_card,1,99.64
"14dbe374dedd03ff06285484791c8d4e",1,credit_card,7,70.07
"2a55ad6ead4d012a771ab7ec0ca683dd",1,credit_card,5,250.48
e2be0c01adce5e35793cdc2970d774fc,1,boleto,1,374.64
e6e30d7211cecd2e259b66fb4b6b4d82,1,credit_card,1,137.60
b57ca1f22bdf63514677b6e584ffd542,1,boleto,1,118.35
"0ed075d458580877f351a97fb027b94d",1,credit_card,3,36.72
"71fbb9971d84bf97accb75d2f70b04bd",1,boleto,1,124.04
"3ead4ba601979178b8073243e9878d9e",1,boleto,1,45.08
"7de9ba0e3bb1b03706d71286a15a2945",1,boleto,1,72.38
a63e4b82c362c488802abe5a133440aa,1,credit_card,1,32.68
fd0be5d2bf919cd944fb8c57a5e89771,1,credit_card,2,47.59
a2cfec2310701eb38801890faf296d4d,1,boleto,1,140.24
"610e831f41e8e6fe3214b767f41a17d5",2,voucher,1,48.37
"66ece7c73f4550ac89c08ffa53e85dc2",1,boleto,1,123.75
ece5a3af75e2c8f290990d36bdf05ef9,1,credit_card,4,42.00
c7f56d5704a91333798e6a26628d3666,1,credit_card,1,76.29
"1e183518cf69a3f47a8f2de2105a1c16",1,boleto,1,83.34
"7f4fc31e180fd06c1de45a945223f877",1,boleto,1,116.94
"30d4c11e2d8f40f29583f52fb620296a",1,boleto,1,65.87
"274a7f7e4f1c17b7434a830e9b8759b1",2,voucher,1,48.63
"0f3c5ae029d4593f5dad8e97e29ffdad",1,credit_card,5,112.06
ee24cd508ad57fcffb82c94f9839b7cb,1,credit_card,3,66.03
"56f5ac1c23292d909b75a7d2e00774fc",1,credit_card,2,173.27
a9569e5470a944e2c8787ab08b6e26ed,1,boleto,1,45.91
"6fb578cd2a36797ae65521816a678c1c",1,credit_card,1,54.11
"7fecdb45a98a2b1b32535d5e97788cdd",1,credit_card,8,223.61
"92fdf7b27f6a92bffb0984eba9ad6b78",1,boleto,1,64.03
"6887171d65ab796e9a2d44e6d5c1c097",1,debit_card,1,54.33
"473f6fac1db5ed68ee9f1ad1e7c14aae",1,boleto,1,28.46
"34e0517759f61ad4194136f63ab3f3cb",2,voucher,1,31.37
d0951ca2244d54908c43b6de2aec3974,1,credit_card,2,50.25
"40b726690a12c5fa40e3e0727ad87835",1,credit_card,1,91.23
fd566cfe4efd75cdc3ac93a0e1010248,1,boleto,1,128.37
"3b605dc5eb6e1c1bc6d88b500772567d",1,credit_card,7,147.15
e077d52f6cbef7bb5e3e3e147e44a189,1,boleto,1,64.00
b8ee772df07134efe7ac03586de22add,1,boleto,1,189.40
"153a3985482d189af613f19120de205f",1,credit_card,6,84.69
"3bf4ed8507baa998f5cbeb2e65d6e6f8",1,credit_card,5,309.81
d69373cb870bd1bf9a92059e36241d1d,1,boleto,1,42.77
"87850ccd83d669cf004ea32dd917d6c4",1,boleto,1,192.89
"673eb3db9ca5cc9c43b62b0052e65da8",1,credit_card,3,262.86
aee92405acf40c19e4f73fb75727715d,1,credit_card,4,213.25
"361153d26935f66999c5164b09c19710",1,boleto,1,64.44
"7738754cace77285b4b13ce8ea5979cb",1,credit_card,1,618.95
"2fe95e63972d1a35491a2cf058c422ea",1,debit_card,1,117.85
"1abe7fd5dfa459b6d9ffcf465d5e39b1",1,boleto,1,342.22
"191fb3bcee4d4df8099e3f29d9ff8197",1,boleto,1,33.78
b78c17a6974789efd7a5a0cdaead0704,1,credit_card,2,24.71
"9021245fa468408aa7111005cf498277",1,credit_card,1,28.05
"367cead10022c703e2a1529c52699ac4",1,credit_card,4,113.76
"742e73f061eac95007f20afdd72d515b",1,boleto,1,100.84
b8fba4dc6ff421731ed01f46c701084a,1,boleto,1,27.08
"8d93dbb3a2a6122ad6f94cf0d35d0616",1,boleto,1,42.62
eec1b2584ccac529785cee8454007b86,1,credit_card,1,60.00
"47a3c04f7387c728c0d69265f9cf04c5",1,credit_card,8,137.55
"63e614097c434569e45f77e68b55f48f",1,credit_card,1,80.33
"7593ea1c0af8d1c0915e186ec81d236a",1,boleto,1,313.99
"91c52e15672343c61768b4d10597eea8",1,credit_card,1,87.90
b854e1f985cbc368ffcc401efadc5311,1,credit_card,5,312.62
"655a211f1ef56bbadaf6f8622bedbfff",1,credit_card,3,129.15
"987f3d9ad096993454ef3c2c4d9f7a68",1,credit_card,10,2033.48
d185b3d0bd26a99d5c96601c1fcd2fc7,1,credit_card,4,131.73
"719b6b76d11e7e6f6e8113bbd4565b84",1,boleto,1,155.63
e299b9edcedc7009ca224fb5a856afdf,1,credit_card,3,180.57
a7ccc4df2d363b2ba9037d1ef834a250,1,credit_card,4,181.78
"2373908388bcaa9a225c34e33d9e9f0d",1,credit_card,2,130.56
fa40e63c3c59d4bd7858f31c33e0d882,1,credit_card,2,88.00
"3041108a3798c0b8ce8a9bb8efaaebd5",1,credit_card,1,129.09
"9bcd65834ef8fc54f03ef36f27bc5645",1,credit_card,2,54.00
e55ccf4e8ae6aa77431729b1bf96d741,1,credit_card,1,751.08
"9c189719238fa8362d800885b2b784ad",1,credit_card,1,79.97
c82fe0a88b7cc1ab65215b3ddd3d6000,1,credit_card,1,69.37
"6cf750e29805ce3d37382d97dc7eda36",1,credit_card,4,151.71
ef8ab3e652b44dfe541199dc0b9f5d09,1,credit_card,8,215.14
"2790c1db6fab421570c3a789c96ffd46",1,boleto,1,81.72
e71b5af06924fcdd463a80a6d8bd1e3b,1,voucher,1,161.95
b1ea55e35faa2d64fc8dc9764f1a7e35,1,credit_card,8,561.15
b69a71531e8579d2989792e5fcff085f,1,credit_card,1,72.67
e302325f2e375cbc308a2e09a091879a,1,credit_card,1,119.76
"15c0a0d5bd5e9c58f17414d100104093",1,boleto,1,131.08
ac6c9728a9a697625d944597f41b8387,1,credit_card,7,410.21
"347fd41d0f1089cc83a4fc100a95f3f8",1,boleto,1,121.96
f8e3cc453fdc62a2a374893143fcbd09,1,credit_card,3,52.96
f5656080276fb2a6196e02f88ab4b211,1,credit_card,3,155.22
"58c851c107a9a3e21e03a9e2a1951d12",1,credit_card,4,374.28
"9366d3931a502aa67cc11909c49773af",1,credit_card,2,178.27
"87b25622da650dcff9efaeaad1ebc057",1,credit_card,1,130.73
"9cffe850c8bb0bd7c7e679d7779385c7",1,credit_card,1,55.15
"307691e9d5567f71a6ad5945a34170f7",1,boleto,1,59.72
"1bcee4703d916a7dead99492b946773e",1,credit_card,10,144.55
"8f815207602f16cdf25a3fb1858ca6be",1,boleto,1,86.14
"5896d753079d9faa8aeaf60231b3e788",1,credit_card,3,33.00
"35e01ab254440427a82909f981fa9ff7",1,credit_card,5,102.96
ed6caf9b63bf2103757e2d3bcacc7fc8,1,credit_card,1,146.96
"25c3fbf15b360f74b84875c3a5627296",1,credit_card,6,170.54
fefbe15ebcd87ab3fb8577e635a8b31c,1,credit_card,1,8.29
"5a40c1e92e3512536d5910f21f5e1856",1,credit_card,4,167.52
"1cb4d27eb9d959e7c803e6886b8f1552",1,credit_card,2,42.78
a7708ffa8966514c098d15e1abfa6417,1,credit_card,2,57.75
"3ba42e1ab3dfab510424d0872616a139",1,credit_card,1,130.10
"624ece5892f73fbaf47eeb121c501547",1,boleto,1,614.40
"689bb5b4071b09f5e0c4e3633886d3df",1,boleto,1,86.02
"147358ddf9e49b36b1e82b648678d1f8",1,credit_card,2,93.83
f5d54f3d6cc2c7125dc1de8888ce8975,1,boleto,1,121.84
"96eb3b1e9be34336c89369e6efa182f5",1,boleto,1,55.53
"01311f2795d8463a11f9422173687696",1,boleto,1,128.46
b8cf03f4a08e3dc7eb2509ef520b20e2,1,credit_card,1,87.20
"74d903ac21372f331f2fa52be9681693",1,credit_card,1,75.07
"8193d208442242314fa5a7d9c9b73df3",1,credit_card,4,240.96
fa2925bdbb799073bec7b6fe2bd88a1b,1,credit_card,5,107.78
"023efd060c082063e299dc77891ea1b7",1,boleto,1,56.84
cf7cd0f395801ff5971596509470129c,1,credit_card,3,190.25
b00122d54463704c33f4768470c6db03,1,credit_card,5,319.66
f3534c412bf7774091285cb7c57ca373,1,boleto,1,81.89
"5419867f4aa50888cbd30061ced88b44",1,credit_card,1,52.14
d4d225097cf7faefa475ca4af70f7fc4,1,boleto,1,104.62
fb4ea753f638936f56b4df5d03dc07bb,1,boleto,1,70.17
"9e10abcef882f49dc69054c4b9f001b7",1,credit_card,3,170.29
"08bf457a7ecf8ba28efb48f0add11cca",1,credit_card,1,97.32
"0b3506e1bbe1a7086dc5f9f41c594b8e",1,boleto,1,162.36
df3166e4db1badb2414e9e95790a1771,1,credit_card,2,21.71
c124ca6c2e3c84647f8694c95abec68b,1,boleto,1,131.16
b552361bfa71f85d48c308d95c713f23,1,credit_card,1,57.59
"8438c7840810d9cc49705bc3bd0d030d",1,credit_card,3,35.77
c1a9b3fbea92e83c4a08229da82a0136,1,credit_card,6,701.85
dfac3f1dc24186a8287f0a64c7b9f2a8,1,boleto,1,45.00
f46b842d9b4dfd29acf5eec998837ede,1,credit_card,1,140.04
"96e84b24d3eb91311bd0c42171eb301c",1,credit_card,2,175.57
"5f244a6504c6895a4ab7c4cafe9b9a43",4,voucher,1,72.98
f3946e7bb785f6ad1f6747355f2f0707,1,boleto,1,82.12
"6eb7eedcfbead76c0a8091e1f1d9b439",1,credit_card,6,64.22
b34369ee8397436dd7ceb8bb7783671d,3,voucher,1,37.01
"7ab64f42a8f9ab290e920eed320d7e60",1,boleto,1,76.08
ff5bf12997a3e2a32981ad70369bd708,1,boleto,1,137.23
fbfc97df1457d7d38a31cb4ffd994f6f,1,credit_card,1,153.10
"385bb289e781db00c52902ecdf39620a",1,boleto,1,65.10
dee33d9b548acb609e8b6eb6f540f4b3,1,credit_card,3,32.10
"3dadb2b03a23e46461f8a31a340e3476",1,credit_card,7,394.95
cf63ae7deea63fed5306a81bae27e4f8,1,credit_card,1,188.67
b4e38e01065499f65724c74404a21c64,1,credit_card,8,182.10
"607a53a5c5210e129c689ecfb2c1897b",1,boleto,1,28.75
"25320e12b3d6e8f54f17389037588bba",1,credit_card,1,102.47
a76c04c041ff4afb92ba60bc6385d8e6,1,credit_card,4,119.93
d9a08faa201940dd3302f06944b5c739,1,credit_card,5,50.06
db20f0c71fd126ce34d0b209e634f3d7,1,credit_card,1,144.65
a389c8dd641e5e3bd97578e44f1ece83,1,credit_card,2,154.86
e73e3170000c0a93c0470e40aa0ccf91,1,debit_card,1,123.05
"728935946b7371d6bf3c484ce0ad4ff1",1,credit_card,2,172.44
f642a274a615b1034be368fac85db8e9,1,credit_card,1,40.18
"1887d0f6362cc8dd05b9c7764fe627b7",3,voucher,1,19.07
"87fdbf51d1ca05cd443a8cbc44c1f5ee",1,credit_card,1,77.57
"4955ee3a893b3b780fedd621473486b7",1,credit_card,1,66.01
"0f1dea9ac2c2be3ef6885442dab7ef0e",1,credit_card,1,74.17
"3fbd798d7e8c262456edce32abaee496",1,credit_card,5,190.48
"591bbdc0cd7aae35890765d570a3f0b1",1,credit_card,5,55.84
"12656ffa174ee7dd1434940b8e538f32",1,credit_card,1,32.38
"04dd35719b3865db080c89c54b9f5b6a",1,credit_card,6,146.90
"1030193a05167a7f359eac22342727c7",1,credit_card,5,378.34
"4cc2340048994d76ad8665b2ed98e19e",1,credit_card,1,224.45
cf3274a658517144c009e7a673329a7b,1,boleto,1,455.36
f2d78e5d17d66ca25ccafaec01ccdff9,1,boleto,1,126.64
"745377d5b3a162c57200f0b24796bafe",1,credit_card,1,77.57
"21f4a37ec131158f1615d0f186f190af",1,credit_card,8,212.88
"0bcaff63441802dfa8dd292f453c3635",1,credit_card,4,168.17
d85e7bfbf3642aa30c49c490a914d140,1,credit_card,1,46.15
d3c5d59ee5c6bd9cbb3230d8bfebfffb,1,boleto,1,32.38
"874b937415e8afe58b77b9935e5da04b",1,credit_card,2,87.73
"039749cde6a67a679fa5602f776cefa4",1,credit_card,10,174.04
d11d7966d8fcd073e0d78a137e4c96e3,1,credit_card,6,65.28
"88223c3979b0dac8b52690966235efbd",1,boleto,1,91.82
"38ae2c787170fca619140d46981c5158",1,credit_card,1,84.18
cb3fd1d04f967b6c2d2fbb8f50970c8f,1,credit_card,1,78.12
c264a40f0928de690a343e0f86c8e320,1,credit_card,4,126.92
"145022bb4479c1970ec4387b6fb8cb3c",1,boleto,1,38.22
"481f2db41ea6571226192db2b584fa6e",1,credit_card,2,45.49
"9ed208208c017ceb64e3df1764bec8bd",1,credit_card,2,23.78
"84c0a717575f9477b71d4ffd1615a0fe",1,voucher,1,30.00
a2240447ddd7e5f9f6572b364e927009,1,credit_card,2,118.22
"592f7e6106642583c61e25ecf2cb8cef",2,voucher,1,26.23
fb7f2bd158ff5c98d1c6f296100b89ee,1,boleto,1,38.17
bcfc900d23f41400778893ca87dc5219,1,credit_card,1,162.04
"6fd8d29c2aba16768615748086578d34",1,credit_card,2,356.74
"6a88a7601b1d743db69eb0a4cfcfcdb9",1,credit_card,3,78.80
bf1f8df62b104db3de943cf23ed71435,1,credit_card,1,16.29
f32227b3b1feb07ef88fec29e87d81cf,1,boleto,1,707.16
f0acba5e31c243b3ba15fc908e1c0034,1,credit_card,1,60.30
d5440e126957d8548489716a186fa787,2,voucher,1,74.95
a968bece60cce24072b4a3a5175c454c,1,boleto,1,156.19
"72012d986d81cc09a1e838c7a1f829e7",1,credit_card,2,49.00
"7d70d52cfcf0813165763717e6d32609",1,boleto,1,150.56
"1a73487544d0b9f2ae19eaf22e3c7462",1,boleto,1,82.12
d21d7411b251f35ead1b210dc946ca70,3,voucher,1,18.38
"47649a3165ce361837432d13074e8855",1,credit_card,1,22.38
"7f0bf46f4a4126baeb7987ac4a28ddf9",1,credit_card,3,95.54
"133d08a542c28f4400480b9483517c32",1,credit_card,4,85.71
f7c82561ae5213f3564251a07c475d1e,2,voucher,1,50.34
"7c48bf2308168ce82b8e622eb9dd8627",1,credit_card,1,59.11
fada5293c9a23323a95ffe4129f45f9c,1,credit_card,1,29.41
"808c7c69c2778bdf4689eee0286e2bef",1,credit_card,1,133.98
"6f4864c33cda993b4b5d83ab68c28ef2",1,boleto,1,296.64
"55b0d8973155b2b01e1849cd54bb8d89",1,boleto,1,47.29
c09bf2814fb67faaa01616fa08f0d482,2,voucher,1,80.15
"6190a94657e1012983a274b831d9e811",1,credit_card,2,61.28
"4a9200466bbeb3208e8b5fe268315105",1,credit_card,1,91.01
"67e3d81838ef7ed9d7251f0514c235bb",1,credit_card,5,130.04
"1bd8f8e52f0aceea6da681748be400fb",1,credit_card,1,78.65
d1f4276166cee5a37d01beb15e2426fc,1,boleto,1,24.62
"26da590d0803bb4a4468b3eec5a6f876",1,credit_card,4,44.00
f64b83793e14a3c7d580a03a6c7d6168,1,credit_card,3,49.53
"2def71c3b4ee133da4476d4d0ca8baa0",1,credit_card,1,65.57
bb99de3ac419763812be82d454b8350e,1,credit_card,1,83.44
"22a0171d3b34d1bec10991aed5e9c967",1,credit_card,3,35.91
"9054fc68ad061d062b078986216388df",1,credit_card,1,464.34
"8a7096900fa8a063219b9edd1a9e5431",1,credit_card,3,130.82
"7b0fcd13508eefd79ce1d4710d9f18ea",1,credit_card,6,337.42
e2ea01f68f92f0c55b08ca739af834b6,1,boleto,1,149.39
f431c479d2300988a101976210bc2ef7,1,credit_card,3,97.87
"6bf87f333bb4c71abe25df3afa79b3dd",1,credit_card,6,315.84
fc4e3d907bbca064eee88088667f4e98,1,credit_card,10,218.64
"9e067f88fe5c70d11f75ddfdf358acef",1,credit_card,6,134.59
"5f4da1a51f1cb709019272b1bb9b7c51",1,boleto,1,46.78
b084a8f61aa45461c76604d752a993f8,1,boleto,1,104.37
"2fceb850b57ede815933d3554ae792fe",1,boleto,1,80.03
d54aa60d2771d02a8d907974ed595fe9,1,boleto,1,267.38
f4ab3840a4f72a98a950099cfcb83502,1,boleto,1,34.00
b0af79ece367cf77bcdd30d4f824047f,1,boleto,1,66.67
"836f05665160acaa74d19db5d614994b",1,credit_card,1,82.39
"6c16d886be4fe03174a289a4ca70a775",1,credit_card,2,107.55
a73fadc2e44ce205de32f57d09235dbe,1,credit_card,1,61.23
d883525a20a921f48a549f76c944fce8,1,credit_card,10,226.71
"5849288b1fecd09bf57fcb568162b365",1,credit_card,10,201.75
a4015a55015b0058b93b119716cb188b,1,credit_card,3,139.16
"579f768480c282c494d203cc27acc9ba",1,credit_card,4,167.59
"255f9f53c24c0cf657d03d7a4b67c1d6",1,credit_card,3,179.82
bf38e43fc10f062f5be5368acdac8415,1,debit_card,1,135.58
"1777a8edd4a86d8162c65687bce598b4",1,credit_card,8,119.48
"5d4a04483cce0b0e684e25f05919fa89",1,credit_card,4,111.99
fa1d2f55776a28be054d1b1b3c12bb51,1,boleto,1,210.00
"5712a9cedf6170bd8cb13ef4090cd1e4",1,credit_card,1,25.58
"46cdb74fc020d853a9d8d5100b77dfe5",1,credit_card,3,38.80
ea36139bc595b9fe7aa21e2c78037185,2,credit_card,8,524.96
"9a21763c2fabd9e832206b8020910d1e",1,credit_card,4,207.61
"4a9dc2faaef0d40f57769730138a0be2",1,boleto,1,251.68
"3f79906e1eae95209df3fb74edbdce8c",1,credit_card,3,156.40
c4449cba74f34a08a7c57edd66351427,1,credit_card,1,137.41
"110a462b79593be68884297cc9a31b3f",1,credit_card,10,122.49
b8ef769a959add8d51bf27fad025d316,1,boleto,1,181.11
"7e5ce7d4d9940b4b7e3a1fcf138d3750",1,credit_card,1,89.88
"57be20dc5f786ed372add8e3f28be447",1,credit_card,3,646.44
"6263f4308c3fde5104a2ead5e90dd41c",1,credit_card,6,225.03
eec4cdb15e74c35073cc163bfd9fa2b2,1,credit_card,1,38.10
"10d1972b20dac93fd5808fa6de667a42",1,credit_card,1,55.53
b719af721da8bc41ee0636c4ca0d7960,1,boleto,1,206.63
"01b06b4d63c340902dbe3d9f8b2fe821",1,credit_card,3,195.86
de264356ec25b31b60efe9b940bf2253,1,credit_card,6,320.05
"2f3efd5594cd02b721bf3a23bdd52aeb",1,credit_card,10,265.49
"88f4f8db113ed457801a7d675ed0ea61",1,credit_card,6,66.69
a63205aaf6fff889c9499f4cb08e3696,1,credit_card,5,314.41
"38fcd65b163e9fbd649c5135e629bfbb",1,credit_card,1,115.04
"26da4fbffcbe7dcaf4e1857417920b43",1,credit_card,1,86.15
aaf5a4b11b7c61a6cdeabfba673b4d1e,1,credit_card,1,53.99
da9c1fea6f01b428bb64d42d81269182,1,credit_card,8,685.70
fa03e623ac862f8a010b31c379fff90e,1,credit_card,2,123.68
"639940742b8990ac13f8f953e11d35cc",1,credit_card,4,266.50
bcf4f139b50c6689378fac7fe255a186,1,credit_card,3,35.09
fc34a24a0463d8668b0c6e270eb71358,1,credit_card,1,95.21
"4ff67d3d6e7ebcbcf5cd40998e8a3d2a",1,credit_card,8,186.13
"8c3651ff7833e7345fd13c7132f9880c",1,credit_card,5,240.68
"1212c7b1c4195950e99e75fa6ec2a309",1,credit_card,3,77.04
d5af7f6e2db2c527fe19decfc2d37a83,1,credit_card,1,220.02
"4a924ea5f531ea1fb54abf03073a20d9",1,boleto,1,59.07
f6c07510a39cbc557247e18f069d38a3,1,credit_card,2,45.30
c170c51c1eb31dee8f0771f19fe984a6,1,credit_card,9,94.31
a97bd5e7cb82fc947d946bc4d3505805,1,credit_card,1,246.36
a6d4e95420d65bd5f299dc95d3493e0d,1,boleto,1,58.28
"4f0d4b217cab0b16c36d9bb7aa71b6f4",1,credit_card,1,81.89
"1e13bca551a3fd095b40e24798569805",1,credit_card,5,137.10
"1057bf6391c17f9b6960dd996029e1dc",2,voucher,1,18.12
fe540b103b9d1731fb8941c5ed067ccf,1,credit_card,1,180.36
a4907d55de6b9e1bbeffd51d8ea317bf,1,credit_card,3,79.31
"0b1c59b14d8f5965dea7bc2db28a34ee",1,credit_card,1,48.21
c01a70853733229479ca41a44c99b5fe,1,credit_card,8,195.17
d075def20463f58225a279f6e36d8669,1,credit_card,1,79.20
"62de3bac0c9f33a23cf2c5c42bff7442",1,boleto,1,43.09
"4b4d023762cb66a4517f22ec1497ee17",1,credit_card,1,109.79
"05457977f35122e71095989d738e4a37",1,boleto,1,243.07
"9fa3141e41678109d614cc3ee569cb98",1,credit_card,4,144.65
"0f0add4f85838c9195ce0ce66cceff8a",1,credit_card,8,1425.56
ceff6079b4931d865da8fad5286b30a6,2,voucher,1,200.00
"397a03ca45a771d2663ae74a6ab74e53",1,credit_card,1,104.64
b16edeb533db83f08d8f0cad09834700,1,credit_card,1,152.43
c7712c0f5217ae36e0539a1caea73839,1,credit_card,3,35.00
"43e99f3020b420b8aff15449ff4f7561",1,credit_card,2,51.15
e1dbf5fa2a0830e4f3464b2d7aeb1ed5,1,credit_card,7,176.65
"518cc3d6b4d14d503ee41b6dbe4e1c70",1,credit_card,4,489.38
bb931b0509f3198e76b0e87ef16db694,1,boleto,1,130.40
"39e4c3a989ee082695448d50fd840a2c",1,credit_card,1,189.43
bfadb548852a3f28f3beba2245ccd552,1,credit_card,1,26.61
"29decd7404f211c01bfcc6d216ca6c7d",1,credit_card,3,71.53
d32eb64faa945126f10f655ccdcb6fc5,1,credit_card,2,127.38
"3ce7418ccb9af136b4937f069601ab2f",1,credit_card,1,137.23
"400ff75c92d93b68cbbb88a17d97b447",1,credit_card,2,27.75
f669398378944e9e9cfc10894031666f,1,credit_card,2,63.55
"45209aac6a969b88fd706d4e10804b8a",1,credit_card,6,273.96
b403900b01526c3787b22a9485d9e493,1,credit_card,5,101.33
b22a25c879419b2e54ca118ee3933dcc,1,credit_card,5,89.38
"3ea870dceaaf86d0d1f024d34139d5a5",1,credit_card,1,36.96
eeb001d21f4952518b004776f88265a0,1,credit_card,1,33.69
"3ee542a715481176869e6cf2772d202e",1,boleto,1,45.01
"1783899eca92b0bb639951f0a8909018",1,boleto,1,61.40
"7a5b3f682886d750ce6eae941ad0d793",1,credit_card,1,116.97
"73db7f6cd086270ffe2e67b8379385bf",1,credit_card,2,56.49
"1b2a464e418c7636f68934adaa8571ce",1,credit_card,1,155.33
"9345b6d9c1df4782997d1f2157647d63",1,credit_card,1,95.30
"567711f5024cc71158bb84f67b82aac0",1,boleto,1,74.05
dec5c8b31036f767ced1d8a698be9a8e,1,credit_card,10,124.51
"0ab72bab67e4b9af0dfc369356d70202",1,boleto,1,87.80
bb9fd560a08ca7403789dedaca85da14,1,credit_card,3,217.30
"411863c544c533d3918d4e274ce334c8",1,credit_card,5,170.34
"296354937d156bb322d68e56f8e2729d",1,credit_card,10,742.65
eb7ad8aef38707da6cf8a476dd47198e,1,credit_card,1,163.83
"701ed63cdee1bf7a8aeb7f690acb04a2",1,credit_card,10,134.88
"8328f0c360b46dfb1b46a1e9825c7fc1",1,credit_card,1,137.09
"47ae8f1a8ae0564397524c91d59013a2",1,boleto,1,48.27
"452a4cbe0a3c21aa7b7a93e9da67eaaa",1,credit_card,3,239.09
"1dfb3295da489ecc5423ea20e152094c",1,credit_card,10,146.05
"89d5f92a293efac0b96497f3c0ad19e5",1,credit_card,2,127.09
"117ce86d1ddbcdf65da3ff7fe763ed09",1,credit_card,4,142.01
"9a2b443dc8e6673e4fc330b3ea033569",1,boleto,1,457.20
"09ec3f2a1a1ec11f2245a4538a00eae3",1,credit_card,5,128.08
a65f614a7b51b56f47bb90f4d9fdf16f,1,credit_card,1,26.77
"6f04a69509e62866b1837e6a4f22c47f",1,boleto,1,88.26
cce13b8231a7002dd50506e8c80f44ac,1,credit_card,1,43.37
"05369626de3379a1a26fa24e22048214",1,credit_card,1,162.85
"01358622f65717728b3b2ec2cf4e8812",1,credit_card,1,6.97
"3728cc076b9b664b82517f786f1a8361",1,credit_card,1,155.38
"134ecc3a051e0aef2889ae1d42e79b87",1,boleto,1,59.69
"29c20a338ac69db0ccfe9702b4f94a54",1,boleto,1,168.30
b08e77f09baf59e555941a454cc56dbb,1,boleto,1,63.65
"2e4899499b2a58836683747b7375d7a1",1,credit_card,3,158.13
af2359d82e9c9faf082ef72d57250a80,1,credit_card,8,173.62
aff1be85595c5529e666a04a65b00c4b,1,debit_card,1,817.08
"8d99860c3f335f2c5790a0c85105019d",1,credit_card,3,66.69
"2482120dd4bce28edece66c4a4756985",1,credit_card,1,636.46
"1e6f350c900ca357945126e20117d293",4,voucher,1,17.59
ab2fa8175483622f44ca36cf7f9198b2,1,credit_card,2,144.78
d4350fef900141deed3754217c3c868e,1,credit_card,6,66.01
bb13fa2703eaccdcb1e263eab3be6de4,1,credit_card,2,165.98
febc913d8a07693e87fe06bdd4afb232,1,credit_card,7,158.22
"61762cc32c47f742be3e930cac5d681d",1,credit_card,10,122.57
c862d307944b0dd344a6e4310a345564,1,credit_card,4,116.94
a333f2fe51944b92ce68ef890185dc1b,1,credit_card,1,36.95
"0fcb1e2570afc2d20d3e369a90a39f94",1,boleto,1,44.00
d3aae1141577275792d2c2b724f49819,1,credit_card,2,167.07
"62ce1c9906369b2f38a1d3fb4472c306",1,credit_card,4,138.63
d1ccdaa4ae7486e10616fe4956e7512f,1,credit_card,1,221.89
e5f3aa7d16fea584333063fee66666b5,1,boleto,1,68.73
"1b2d622f7ebb8e65f7de3e389f052540",1,credit_card,4,51.93
"9892a9783f6e0c59081ffd81ba011353",1,credit_card,3,101.86
f21c9390a71ebe18e6b76c7587f4ed5e,1,credit_card,8,184.82
"5e23655bee02f45b9a3f47282ad61b17",1,credit_card,1,191.26
"5c2b38dc10cf46a3224f46dba893d26a",1,credit_card,3,66.78
"92561e6b23660ccced04c88ee24f6df6",1,credit_card,1,103.65
"67b0f99f4462dd93418ed97b21a6c725",1,credit_card,6,64.98
c9bfa5aa446a8a2e13124ddcff398657,1,credit_card,1,69.54
"4479bcf612bcf1a5aa13bd096bbca094",1,credit_card,8,198.94
"6e4ee1e1cfdf990b9c37dd33df4b2bb5",1,credit_card,1,263.47
"352d96ca187708670e0f8ec35af10421",1,credit_card,1,60.94
"71284044cb3bff0706dff7234e8c4e89",1,credit_card,1,108.88
"580a7a884de79afc29f68de2c148240a",1,boleto,1,117.44
f16d36e918e76d6b9afabb3d8189f313,1,credit_card,5,133.56
"3d4359c9a8031f632995e7923608dd4d",1,credit_card,1,129.49
f4a9268b9d93be241636096dc063596c,1,credit_card,2,108.96
"98d93ed6312bbdb0b2d69a889938ed6a",1,credit_card,3,230.75
b4d298d0232cfc779cbfdfcf795e7934,1,credit_card,4,93.45
b6a87380ebe0e02e7ed12272492b3ca0,1,credit_card,1,86.64
"3df55fc07ff463109ce0422439693aee",2,voucher,1,18.09
"36a99d1efdc9f0b6d7a7f793d0f304b0",1,credit_card,1,24.79
"57b25dbf1f14d444551d5e3c67eb33e1",1,credit_card,3,140.34
c5b5ab085f7990b385bdef3b27b2df1b,1,credit_card,1,86.76
dab991912deff0b6f34c2ac665fd566f,1,boleto,1,67.53
db0c4d3804fd0676152a2ac39cf5cc27,1,credit_card,2,186.38
dec9169d4f8c2e229d7421e28ef70781,1,credit_card,6,65.53
"6cd468d56fed6e899e7c7405b3e405f8",1,credit_card,3,73.34
fac46d930d37818d176f4c8e00fc5f4c,2,voucher,1,92.10
aa19638830b7cc5740500c18ace611f6,1,boleto,1,162.47
ad017ea4537bcf364b841c9160b0fa51,1,credit_card,1,44.53
acdfcbe0149e3453b90ae4da5a27dfd3,1,debit_card,1,134.53
e8c9b0d66cadc26a3f329d777f0eff7f,1,credit_card,1,55.53
bd9c7d72943c5118f03bb7524043e0fd,1,boleto,1,192.28
b12634fbd8b98d3805320cca29dbdc9f,1,credit_card,1,82.82
"9f76d1a5ba48abf682161efaadca30a4",1,credit_card,1,128.28
"4702ae46293731bcf1d0be7233d6e56f",1,credit_card,10,199.03
cec61a2f94f55b2b392379dfc9a402ee,1,credit_card,10,112.30
"3a43013148c91141e56e105f93fb3792",1,credit_card,2,24.86
d110ac83a8b313d9d5e17d9ed61e7804,1,credit_card,1,138.84
"416f576fa91c3f4b9ea65b01c99928af",1,credit_card,2,237.29
a3935e4485cd7848426b3c0761728345,1,credit_card,8,168.75
"5a8860de5c94def4edfddc2f88880b2f",1,boleto,1,177.22
"23c6b96eb0aa6024129f306af7befe3e",1,credit_card,2,139.22
a4aab7a5eefb01fefbe85126bf8acb94,1,credit_card,2,119.47
"40ab84a18db0770fecb8449fadf72276",1,credit_card,1,250.70
a915738f85206d05281dba3e9aa80688,1,credit_card,5,52.84
"9f7be9e6940b2bfd52658daa8005d265",1,credit_card,2,64.62
"6c269e3a9b9ff5370697cb124cbc63ce",1,credit_card,3,188.03
a90923ac16a91b92fe65f33d0858827b,1,credit_card,1,38.38
"2f04cf66091d02e84a7996ba8a645c12",1,credit_card,1,35.36
e94de2da68be96cc9b05b8dfc378f03c,1,credit_card,1,40.76
"76932968baa3f3ec3eb6a11fe79c020f",1,credit_card,1,102.86
"5c31daa6b8fe52296b49b6776c8d2749",1,boleto,1,19.33
"677c2ace9fc6945d4fbc83bfd179373f",1,credit_card,1,113.15
e684d169c6ce5450a7cf6af58dfeb900,1,credit_card,4,46.00
"2458754d32649761e2c31fd65cb3fdf7",1,credit_card,4,240.22
"89132053ebde68cc07de4c71adedb658",1,credit_card,10,179.00
b0b89f2837ca16ee790c20e55c95ea4a,1,boleto,1,77.29
e3e1d2fe1c3f816ace8a772a4dff8a1d,1,credit_card,3,166.59
c9151302a710db6b3fd4aa4d140bd264,1,credit_card,1,46.22
"4b31647c78c9dd5484852a1c9f29a14f",1,credit_card,1,91.18
"73129fc6dbffdbd797a012f50ebffde1",1,credit_card,1,64.10
e033b92740c7c25bcd01a8bf92a51f32,1,credit_card,4,55.23
"5dea3bf3570049323c58794169b7638c",1,boleto,1,145.40
"147858a6d815c446dfb3d11e20019757",1,credit_card,4,114.57
c8bac0f86737c4d00dd169cec03acf71,1,credit_card,1,56.80
"187014511c3530fd1ee56733d975f14a",1,credit_card,2,70.97
bdf0dff2c16a74482f5ffce31586700e,1,credit_card,1,72.18
"44d102270bbbdd2cfb70dfc5fe33c4bb",1,credit_card,2,138.73
"094fe0ffb99d42aba8ca2a6b65a8921e",1,credit_card,1,94.31
b2947cf9a8d3084369dfcbe9663dd545,1,boleto,1,50.93
"9cd88e173978b7414b46e60ddc882ae2",1,credit_card,10,155.14
"170dcd772ea4f51c3a859f9beef5d297",1,credit_card,1,12.07
"38936627aa1233ea6b3f8046c93cd207",1,credit_card,1,49.34
"1f4d31c92c16cb108f6eec093728b629",1,credit_card,3,74.03
"69a416ca37d8dcf85093a41ddc92fcd5",1,credit_card,1,90.35
"8efdf8d2129927b7e1f5bead11ab5ab6",1,boleto,1,185.89
"1788d3cfde665564a327c52dd1bcb7c3",1,credit_card,1,37.46
"23f0043c61ae2348a350f3cc20762914",1,credit_card,1,96.71
b65210a8511143d6d2357dbeaee25e74,1,credit_card,10,218.98
b2452c55b7dd1d12fca2480a7dbde11e,1,debit_card,1,47.00
ffc29f864fd689fab9ae81be82baf8ef,1,credit_card,8,84.26
"9de4ca7a2c92510bd3c8940e28e92bb9",1,credit_card,2,92.11
"3b9119591008704806aad33e4ebd3201",1,credit_card,1,66.67
e6b6557ce111de79b31cc857f20ba212,1,credit_card,1,85.36
"21a47fe1418ed7200936d8322e4e36e1",1,credit_card,3,181.38
a65ee79ac9ef387d53a86a7195403fcd,4,voucher,1,13.83
b9eb9fbcca54dfce1d087c752d0f4b35,1,boleto,1,35.01
aad86d958ecbedd8da621bf570b1ab1a,2,credit_card,2,26.15
a7735463a3354273d091f4b989e792c4,1,credit_card,1,178.57
c2366de030bbb08e26d86e7489ce65c9,1,boleto,1,58.09
fc771479e2cf9914989d97b1bd35324c,1,credit_card,7,76.08
"36a37af508b09e391728ea24f49f656c",1,credit_card,10,118.98
"78be9d9900545877cde2773eb0cb05d7",1,boleto,1,43.00
e75011be2ec3dec23d2ed6757d35c792,1,credit_card,10,480.46
ead0bec6842006b655fed967de837883,1,boleto,1,27.49
"93634466f99307a62d5d4d34689562b8",1,credit_card,2,145.57
a3777b94ef07749f031ade4ae824ddb2,1,boleto,1,117.07
"55552985d5c5d0856ddc230a47932a72",1,boleto,1,37.13
e9583867c3868714af8937a417c1adc5,1,credit_card,1,64.71
"95b518c08a9d26012920ffdd7d6dfc1f",1,credit_card,10,1036.83
"5510961b19757530245aca63bf486893",1,credit_card,5,55.00
e0b26f14d2bcc710bb02f77a4628763b,1,boleto,1,155.70
a6832f84211588f24e426d167333044e,1,credit_card,10,137.99
"5b514a1a40e8cd51a1f35c2df28da032",1,credit_card,1,153.10
f86b96a15afabfbffbfe7fcad56b8ff9,1,credit_card,1,67.39
"14455f1aaa833508297244b62e751d46",1,credit_card,5,187.35
"7a3bdd1ce4ff0098b32fe17565739815",1,credit_card,1,73.22
"2c8f8b620f20e83829e70d2e0f32e49a",2,voucher,1,292.51
ae0c255a73ce7465486f62fb5f79953a,1,credit_card,2,197.73
"36aa4db4428eadc81e109f8ffbc0b5d4",1,credit_card,1,194.12
f7f3b76959c6fadfb61d9c5474b885e7,1,credit_card,6,62.49
d39b6a20c700ff329d678922fe1dcefc,1,credit_card,6,214.96
"4bc05b9413beec5d8360baac48258100",1,credit_card,10,157.44
e06c6d2cccfbf53339917bf60c317955,1,credit_card,4,87.67
f3a47ba087f05d39a74ed1b653f0be1b,1,credit_card,2,134.55
"7bcfe636f4605ba8f3e44cae6a4058a4",1,credit_card,3,66.01
"21f4b58b45fe418aed605934ec0ae1d2",1,credit_card,6,147.35
"24508eba7537515f40b3c40133c86aa2",1,credit_card,4,208.26
"03fd35e6d3a78d5e05114e7a1ac319e6",1,credit_card,1,126.20
"9f98d6530155e3b3869f47e53834b562",1,credit_card,6,316.76
"304979f072f7041aca154907e01172c4",2,voucher,1,118.55
c55dca0234aa65398ed85315bcf5b062,1,credit_card,5,121.82
c27a115ea191ed9bad73dac2e0ce82bd,1,credit_card,7,72.48
"2320f88fd7982719055be3476e3e8bf3",1,credit_card,1,22.77
d5e892687c8916b17cafe284780d01b0,1,credit_card,1,89.17
"5daed524d7545b33fafd99b7a9bc03e3",1,credit_card,5,580.58
"8b1be6fcc4f86f65c9f71a73ed439f05",1,credit_card,10,640.16
fc42360e860cbdb1b3200acac82cd5ca,1,credit_card,4,299.24
"1ddab242ec2aa2eb0c3c44bf6002dfe9",1,credit_card,1,104.75
de6d38ce9e3cde2325eb83681cbf5774,1,credit_card,1,94.55
"4c3bec2f85aac1c764e1597247d92b0e",1,credit_card,1,101.95
"8a1afda75a802a8a5dd950aa81756f49",1,credit_card,8,230.54
"53e36d11c76231e0071729977fd0a90a",1,credit_card,4,118.93
ca7d7c95b0f170aae8a2ee59e2f24f66,3,voucher,1,16.84
"4ecf6d1c743c3a78cb1e0d1da3b9ebb3",1,credit_card,3,77.57
b989c3785c2432d0617d9e494703c478,1,credit_card,3,73.05
"49d611a6db43f09965cd45ac828fc656",1,credit_card,8,174.51
"40b1be99be1654dadd7e49f038296ced",1,boleto,1,188.66
"2ca369587935712412b0097c8b319bb6",1,credit_card,4,205.09
"7264146dc0b366ab7e89b2f947bff7ef",1,credit_card,1,70.83
"102253fe87d606ab9c413be7b9caba5f",1,boleto,1,57.10
"4036f899610ca6b249129cf1b59ae8f5",1,voucher,1,133.89
"53345dc7af2a7b39baff492cdc8005c1",1,credit_card,2,146.96
f0ccded2c86244f755de08ec831108f7,1,credit_card,4,187.34
c88921a6cbda2e9973f9cfbd4e771d20,1,credit_card,4,43.42
"31172329bcdd8e70610fe3bee1498a9c",1,credit_card,10,102.85
"635b1de13b56852d3dca9d359b7ed8dd",2,voucher,1,22.29
"816712dda4284eedabcbdf0f9deb1b71",1,credit_card,4,126.53
"4f7ce3efe568a5e57290a9fa3e45b1f5",1,credit_card,10,1727.67
aa94e99bd2554aa3be1d546206cfe48d,1,credit_card,1,47.53
bab0f0b79b3da1f56810300638d94112,1,credit_card,1,2.61
a71c265fe6df02962e2af3df997db3f7,1,credit_card,2,27.09
"750c2f8abeb99e69c24d98485ebb4022",1,credit_card,1,42.69
cd068e0974cffc5007e3b5dcb416da26,1,credit_card,8,222.33
"99cf0f831c62dfbd52e4523910879f0d",1,credit_card,1,138.60
fd9b8ed51e5ffedf7a56bea36cc5b6f9,2,voucher,1,100.00
"3a5cc35f681bd421b9ce2600aa48b4a6",1,credit_card,3,235.23
"2e4e2813ad5d8dd8582c22307207f800",1,voucher,1,135.59
b1674ac203b25f2cc27d68eea3e81efa,1,credit_card,3,33.69
"6e89356727f542ba8a963e10646a889c",1,credit_card,2,51.74
"6859290372581f801fca1dfe0db8d1f0",1,credit_card,10,139.61
"85eaa27aacbad988234b742f85ca7cd3",1,credit_card,10,2133.69
"4b50301723cea92f13519f3ecd8f09f3",1,boleto,1,154.64
"9f860e3990666fdf70352305861a678d",1,boleto,1,89.32
f60ce04ff8060152c83c7c97e246d6a8,1,credit_card,24,1440.10
"1354bddf21d7082f73e70872571f55ed",1,credit_card,3,39.82
bb834ae438c1dce8fa0736a15ac30242,1,credit_card,4,111.40
"07f2e5679e13d0e45de9da85bb833558",1,credit_card,1,31.33
aebaac58f78e552681094063704db84c,1,credit_card,8,250.14
"0fb5213e64d1cc9bbd3be70f3d35bf27",1,credit_card,1,73.15
"7001dd0c9104e283cc76e35b1a73d2e9",1,boleto,1,107.87
"93677192c2b70d8aa87b208b46fe9a09",1,credit_card,4,107.17
"8c2919b1ba90a4a9c174a97fd0cb09aa",1,boleto,1,180.26
"7ef3a302148f7eb4741f831caaaab020",1,credit_card,3,95.72
"292fa4655c8e30747b2b465a8f4d14f7",1,credit_card,1,53.68
"24731473d1e50127ea300c02766ec195",1,credit_card,1,46.13
"7b177fcb9ffb753496f019d4ca317479",1,credit_card,5,184.85
ccc2fdf91b8602da839b8cc89ec47dbe,1,credit_card,10,869.33
f6aeaaa897aaaf586ac05fb8d821ed9e,1,boleto,1,874.90
"7e96e25e50e633b64d640a69f6084dbe",1,boleto,1,44.30
ce19416583ee035a7a8097db2c53f98c,1,credit_card,3,52.24
a38439dea75520fa7c02a9ac0c4328ec,1,credit_card,4,139.98
"9bf24c99c60f8ca327fd952471b5bee2",1,credit_card,1,55.10
f52ec1996d054ab03ddef4968ff41fa5,1,credit_card,10,107.39
cd725c256dd60e25a721e1fe8cccdaa6,2,voucher,1,31.93
f13789f42f165f45674bdfb75866ce1b,1,credit_card,1,62.86
"028558cddca332b40b4ac4cb77407edf",1,credit_card,10,2784.16
"47e96b5cb6f0592d336b6bf8a817d1c3",1,credit_card,1,137.51
"9029e2cb1f2898b0ef72bf80e25bef8f",1,credit_card,3,135.77
"0a0674921d2acf422fa3f4fd78717451",1,credit_card,6,212.76
"263e751209908b03a2f97de2b669f831",1,credit_card,1,163.97
"05200ccb21bae81c6c32914d7c3bb778",1,voucher,1,43.10
"6dfdc1eefc7a125d1bb81feb04a6c2e6",1,credit_card,4,116.90
ac3ae04e5a2751b8cfd9baaa3dc58638,1,credit_card,3,82.78
fa0ceb77da58d23cad52bec9ee895d7a,1,boleto,1,249.49
"45a46954c20efacf8126f86e45a91e62",1,credit_card,3,77.31
cad95e56b8bc5ed2c10ee964ba21ac96,1,boleto,1,27.77
"2204bbb697844bd29a5e76a067ca97bc",1,boleto,1,49.34
d12808b99f819df3b30216808d28259e,1,credit_card,3,35.45
"60301aefa80ed57de1c39335c519622c",1,credit_card,1,84.27
"70a752414a13d09cc1f2b437b914b28e",1,credit_card,1,170.03
dbd74f2a5844c047df77a7722409678a,1,credit_card,10,757.97
a57f69a30b656e82f1c0a04f0f644e34,1,credit_card,1,124.58
"44d66ba7bb976cfc2eece4ec46023143",1,credit_card,1,97.75
"0e6386e1cb625fe4fdbd3d101d2cb687",1,credit_card,1,1338.51
"5bd2f4fa37e9c9eef9ad8e5ebe35c731",1,credit_card,4,156.70
cbd4818fd2df9243a5f4698948f80bd0,1,credit_card,2,97.92
"34f8407f7b8a9e33a001e63eb8d08545",1,credit_card,1,34.22
"281eb181e6bdbdb242207fa323ffe58a",1,boleto,1,168.84
"1fcde8f1d8b0a48e0ce8a212f1fb8dc1",2,voucher,1,6.51
e21a007c09bc0fffafa1ab3ca7a65a26,1,credit_card,1,1629.33
a2b80bbb76333d5b553483db7cc4fafd,1,boleto,1,37.75
f17562c57401466801e6a378f504a6d0,1,boleto,1,54.62
b71ba668b12da5320995cd74acecb2fb,4,voucher,1,25.00
b357c263e1f33cd68e28110443a2d2ea,1,credit_card,1,133.68
f63f9a7699e3674c80a4ba92e56dfbb8,1,boleto,1,236.21
"288b02fbf09f1c9f2ad1e4ef18124c1e",1,boleto,1,97.43
cc4400f0310bb2c674d44b2b0f3a6a67,1,credit_card,1,41.69
"1449e2bfe7a48a4534cd242f0d60e414",1,credit_card,1,255.14
d079556268ebfb6ee516faac531c2f78,1,boleto,1,139.27
"869a11332dfbdd33131c16f1ef2d75bf",1,voucher,1,31.33
c2911ae423d7c8d3766951c51723af34,1,credit_card,4,137.93
"2d394ce1703ceeb355e2446e4a7a6bf4",1,credit_card,6,381.88
c20c39bdb12b843034d5b268c984c02a,1,credit_card,3,67.05
"10aa1337b3cf0ca3578cc9dee7abd1a1",1,credit_card,6,414.86
eb9afe3c048ef7be0e99305193ee4ded,1,credit_card,3,221.70
"4380a7440c4b9d8e47eed3703ea3a6d3",2,voucher,1,47.05
b6ab72d17de0a5c4bdf888f55c9acb4b,1,credit_card,2,110.60
a4c7457da912c852dfb94cca5f35603a,1,boleto,1,115.84
"09ddda124332d6c2489fba71284be7b6",1,credit_card,1,20.21
"2533ad1fecbc15eab2fab48ddc699954",1,credit_card,2,144.61
bcd37480e5f21eaf2b524c8e9724d099,1,credit_card,3,39.09
af3f498fca7722127e186f59f88fc4c3,1,credit_card,1,59.33
"8968fc980ac5028c64249afa13a02920",1,credit_card,2,179.78
"60180f4646c22066c948bddfa24cb0c7",1,credit_card,5,54.34
"5fc156541c3cea8af8784a46dbfcd183",1,credit_card,4,92.50
"4ea74c10d71348796d3a70970d7977e2",1,credit_card,6,137.24
"2a7c74e0d94688e2a05240e3831ebb84",1,credit_card,6,124.40
"9b44dbd50995185feff18a27d242838b",1,credit_card,2,156.32
"6c92e3a213b3733918bcc93dd2224399",1,credit_card,10,758.24
fbea6a49d91331a6874627ab4aca845f,1,boleto,1,48.62
f01febc4e81a79e1db53bb8bd0be50bc,1,credit_card,5,58.09
"7f4990a3cadc07c4c72c6a2b5026732b",1,credit_card,3,103.81
"12c66c45d332a69f08f11ceecf3dd8d4",1,boleto,1,39.04
f83a57cc6e5cab20740d40eaa72dff00,1,credit_card,2,204.34
"1790c6f253dae58fa859ae0c94bbffad",1,credit_card,3,38.62
"19bbda1f882b3aeddba973e935519905",1,credit_card,1,18.37
"00b6e66f005a657a6b13eedcacdf9342",1,credit_card,8,477.32
a05515a2b77ea6b669bd02c1694ea20e,1,credit_card,3,49.85
"0030ff924c38549807645976adeef2c0",1,credit_card,2,292.24
"954aa85181d13fc9199de72bf883168c",1,credit_card,1,32.38
"693baf16595f02138e24e30ba2f1925e",1,boleto,1,39.75
"30241f57ca64887323c3cb0c63b407bb",1,credit_card,4,43.27
fc8e80016b6a2c96e85ae7ebf6f33ae9,1,credit_card,4,88.55
"9c40b23a90b1b14a52a437c385fdd2f5",1,boleto,1,124.42
"56c87d433bb46c7862e35e791b1907fa",1,boleto,1,102.53
"81539e7eb97d9fba708603ac8f00b6c9",1,credit_card,10,819.47
b1d5bcea9a62e23247030b3e1f814ef3,1,boleto,1,40.01
ca929fa6d3db41b0d698c716875ccd26,1,voucher,1,75.57
f45db065a65c6f14f0ac1012f36cf250,1,credit_card,3,116.94
"4c354e66bf6288f312055cb463829e71",1,boleto,1,189.60
"5b0290e4420f938665a61fda8ee5ced6",1,credit_card,3,61.00
"8cd448ae996563c19d5a2fc92c37a00b",1,credit_card,1,88.46
"748db62700c925a0db2c4b00ee25849c",1,credit_card,2,112.42
b073e0d7ee46b9e5b927e06130aeba6f,1,credit_card,2,227.62
a20fd8d03db72237712932934935ab14,1,credit_card,2,56.01
"99496f27b38d83724e8dea944a320b44",1,credit_card,1,51.20
"1a1712253479ea7fd8c020c572ff78cc",1,credit_card,1,32.69
"1a33d98b92df9498c2574ac50784c3ba",1,boleto,1,18.87
"421458b47a5a081467392d21eb42aeb4",2,voucher,1,167.82
"0150004d4d8eb63f9948de164da34e34",1,credit_card,1,240.41
"95dae95803419f516509a4b5fc8a2d09",1,credit_card,1,71.62
"469a7494ad77aec29dcd9958164ecfda",1,credit_card,1,39.48
fa14c5abc51c6befd52768221284d435,1,credit_card,1,35.09
"9d4369173adc91c56c54ebba6712e732",1,credit_card,1,46.47
"6be7d999fa8bac782218f8e6281ff562",1,credit_card,3,119.63
"24464b3dfd623dbde6ceb96af55eba7e",1,credit_card,4,133.06
"76013ca21d1b217c99b5c350c6e67a11",1,credit_card,2,47.71
"17e20d649f47e02e332aed60d2937038",1,credit_card,10,280.46
"6413bab2628f99100c492390a5a54231",1,credit_card,5,146.68
"3dd3d454c46d40fc27a3101c19477734",1,credit_card,3,234.22
f5a46e0d0f766ca0dd73ed331959ce00,1,credit_card,3,87.72
"78f48d9a0bb09969516a9fb25e05311e",1,credit_card,1,93.70
"105c8065870ce3813b08dd00d41d5d80",1,credit_card,5,154.36
"91d34a183e2eae29ccb607481a4d8ca5",1,credit_card,2,24.06
"9cfa13a566f8072bb6af2c225db04e5f",1,boleto,1,57.23
"7b146a6eac41426787d8f35a3df4a700",1,boleto,1,57.72
"3a73fa58ac16869d242abd0320be97cf",1,credit_card,1,134.60
"64dc36f7ade2dd689c9d38c055a3bd90",1,credit_card,2,50.50
"38b584be7174802377777bcd60e7a459",1,credit_card,2,77.78
"66e7b21711a5ac0d6b6a5f60e4c79a75",1,boleto,1,98.56
a36a813c74f1991b48c5e3403bcebba5,1,boleto,1,75.88
"07b0c48ffce8f9ad9878efed80bb428d",1,credit_card,3,186.10
"7b7dfd05d2c719dee808c63d56b8f218",1,credit_card,1,48.08
"77f120015ca363b1f0bd4c879f902eab",1,credit_card,1,219.47
"15bed8e2fec7fdbadb186b57c46c92f2",1,credit_card,2,138.28
"2abac84637c5e0ddd2923f22ba61a96a",1,credit_card,1,41.05
f713f69364d66b2020e04ec8892d1285,1,credit_card,2,136.97
c7aa0d557dc01880717bbcce8c72640e,1,credit_card,10,177.75
"1a927ea2c184c4fc99ba799892065638",1,credit_card,1,77.65
"92acf87839903a94aeca0e5040d99acb",1,credit_card,1,44.61
a9884879d65dd954426915174ac439ad,1,boleto,1,59.25
bbff6155059675574b04a09d10cbb76c,1,credit_card,8,108.44
"00fc308dd7f0937682698becaa9dcc45",1,voucher,1,104.11
d05502e273bca7f1901d798c7d9fd403,1,credit_card,6,222.86
"5f244a6504c6895a4ab7c4cafe9b9a43",5,voucher,1,87.98
df3b978476e9f9edba154f427c2f4add,1,credit_card,8,171.74
"99ced390cb3920dd78d289dcddfc6ce4",1,credit_card,10,116.70
"4898745786b963775c485005381a1f7b",1,credit_card,1,92.89
"6d7bfd3551f91299c7e4b7f0922e9e75",1,credit_card,10,647.54
"5f0f8a9ceb96ceb90d49907d4c14ac7e",1,credit_card,2,135.92
"712c9e2527b759ff2e6cd24a05af51ca",1,credit_card,10,621.35
c12d83e36f291cf576ce948e5883310a,1,credit_card,3,95.48
"46aedb619e3a9e3883a8d51d58269e4f",1,boleto,1,38.23
"03a85a6adb776ffefc4a8d7f845b10a4",1,debit_card,1,73.40
"9bcb423a861c6d643c7ce87c0cf4c7c1",2,voucher,1,35.00
"8705952cd7acd4e5d97fd2f650fb072a",1,credit_card,5,249.56
a229af912d66e534353b1fa59daef44b,1,credit_card,5,258.03
"4819cd593b17ce6f5757d395b2597a9d",1,credit_card,5,143.58
b44d797bd9259818b8e3655230d25879,1,credit_card,1,57.68
a3b12c57a19ac7a13e56c2387b30054e,1,credit_card,3,114.65
a5094cc262d3a6c524bd2614b0cd6207,1,credit_card,3,92.57
cc2bc03e269a96d61ae2718d55e19350,1,credit_card,1,55.04
"952c12cde7094bced1f5b1567d0db972",1,credit_card,2,1437.15
"622cd02bfa274728c8d0260bc7c492a2",1,credit_card,1,91.71
"6166e6ea52d287f2e083adefcff3d19c",1,boleto,1,271.02
a8bac9fbf4f824af91ea3ec34f454ae2,1,credit_card,2,190.05
"4245e49d026ef1f440041837b6eac52a",1,credit_card,1,67.36
"11e7f6565677c76d397e92859292a496",1,boleto,1,42.42
e2722b5691765b26eb6b660a88c8b3ee,1,credit_card,10,273.25
"4b8267d1f715adb8eb69ac677662c100",1,boleto,1,229.70
f719f5e18ea61d821edd4a1c8d191b05,1,voucher,1,116.88
"16be5e70ff2ab4fa7caf1f4350750711",1,credit_card,1,40.79
"261f486a198b17b0fefad4813130cd99",1,boleto,1,44.62
ce4e504de23bdd613ce58b87779fbf07,1,boleto,1,109.70
"418cd8f1328f8746e2483646f1d1b250",1,credit_card,1,105.28
d6717d9840d700bd7be08d9ca8bb791b,1,boleto,1,419.88
afead4c57004d9ef3e766086c1a57f81,1,credit_card,1,129.19
"6ef662a8188539a6881080ef916fddf0",1,credit_card,8,90.93
"4efb9f3d8ba57d35f9f884744e757265",1,credit_card,1,64.09
"6ee453b121f65674cd0525457f985513",1,boleto,1,227.23
e9edc2608eea850423e15031ee579dd6,1,credit_card,1,34.00
"81b8af3e29c26237d24fbeee21ca2b18",1,credit_card,10,268.02
"90ae2acb5c326eaeafc0565e38efb480",1,credit_card,1,39.79
"96b40b4538d0adf167b0e331257f7930",1,credit_card,8,87.81
"83cb604e747a6aacb0a7e425f0b21a77",1,boleto,1,56.78
"42d34c5b74d78872ef8ce334bf839627",1,credit_card,2,203.08
"79b690847d556fdcccfe7dfdd9d77dd4",1,credit_card,4,147.13
"72bd19ef4fa285334b95bda01a3718c7",1,credit_card,6,62.06
"57261741e78d278aab2b462220b787f8",1,credit_card,1,50.72
acaa91b87fbd9e2ff9171781226f73e9,1,credit_card,5,157.30
"76bdc8518c9c3ef50f9a240b93f97987",1,boleto,1,76.08
"0bcaf262925111aa4be36f35bcb92fdd",6,voucher,1,34.04
c58cea025bb7cd3c7140a14e442dad1f,1,boleto,1,36.78
c32dd42a4b8a42c008777be9de862c10,1,boleto,1,42.64
"50782cd44ddec8134f7d93043ebfd333",1,credit_card,1,51.93
"991a833f96a0e2a37ff3edab5969e44d",1,credit_card,4,48.13
"25d3716d0097db13efad1ec47ea26551",1,voucher,1,48.30
"37113d4a4b32eb2a62556a3688dc0277",1,credit_card,1,135.35
bdd235f0cec5fc3c21249b12446542c7,1,boleto,1,467.80
"9d7a96279b14559afb68ea97f4767f33",1,credit_card,9,138.91
"36f00f5d4fdfd85a9efdf83931e3a47e",1,boleto,1,69.73
"8624d8f9a994ef3cd1792ffe142b412d",1,credit_card,4,71.63
ef121c337009d84eeb960c0890bf4666,1,credit_card,1,40.69
ceecd8159f59fa02f847abb28716bd09,1,credit_card,5,102.66
"04e46e7fa33e86e068e66a04601ed8e8",1,credit_card,7,139.96
e243ea7648d08ca3d860047e7ec10a51,1,credit_card,3,67.28
"40d3d467b60d085876c572510701fc47",1,credit_card,10,116.24
"5e8125228086e366702d4aab930260d9",1,boleto,1,66.67
"0d665d0a88c9d2ae8edfcc1053ba13f9",1,debit_card,1,53.51
"3eecd0cb5bdd21bfa681cf52426d0cb7",1,credit_card,1,26.28
beda39ef81ca80ce3226111dd4f35155,1,credit_card,3,115.94
"73211682c98aac44eb45ceae86828386",1,credit_card,10,438.53
"48cfadf939f8bc6a5f3890799a9c62f5",1,boleto,1,34.95
"25f1a44846759c52334309da493877c6",1,credit_card,2,134.49
"0ebf8e35b9807ee2d717922d5663ccdb",2,voucher,1,100.00
"8af022ef5bcb85da7e559f43367171bf",1,credit_card,1,27.75
a4c100660bd4f8af58cf90ef7641d5e6,2,voucher,1,15.43
"4be1a4a38ca262d7488a14c64e13e143",1,credit_card,3,184.93
"25b62036b2db47025c3d61123d159c2d",1,boleto,1,36.72
"6e584156fb694163bf7b2f005416589e",1,credit_card,10,115.44
"454c3851ea6ca1eaa09fd44d2502aac0",1,credit_card,1,32.70
ad43a5e192f5eb10bd6d22dbeaa0205c,1,credit_card,5,261.90
f7e0a0ee22f80001cc0e9e7f0b906890,1,credit_card,10,957.15
feded510efe2a76dd134d8533af626f9,1,credit_card,3,118.24
"65d13486abbd44fdd686246bc21c5b75",1,boleto,1,224.87
e36c97cb9a540d3d118ab4bf988868c6,1,boleto,1,35.01
f346ad4ee8f630e5e4ddaf862a34e6dd,1,credit_card,1,53.66
f94a0d648c163f130c9d36d4ba790dfe,1,credit_card,10,171.92
"4dd8dee86cb2c39cd3cbd25210a727e5",1,credit_card,8,84.72
"5791377a72320ea9128214180b17c54f",1,boleto,1,69.32
"933a5028e093e2ea1bf739b2844d3b2c",1,debit_card,1,110.79
"1c300b10263fefc0edc45c99921586a7",1,credit_card,1,43.29
"6342949969bcfd05fe93e0de9f27494a",1,credit_card,2,30.42
"56ca2955a23551796d37da2e384c7139",1,credit_card,1,30.10
"5fec12a84d3f675f75b06a54e54d6b04",1,credit_card,5,280.41
"4a721ffd84fcdf73673c0abbf2035fb3",1,credit_card,2,116.94
"58764a436cc4fc7c435054c8050cc64c",1,credit_card,4,222.02
"95c65562cba3f7e4f6714f94ee4bea4e",1,credit_card,4,239.16
"8acc22f310ec4d7164182c209ad650b3",1,credit_card,3,76.08
"3d4e8e0a5464da5715162fd9d3602be1",1,credit_card,10,160.34
d86ec98154cea8b1c374cb343e2e0e4f,1,boleto,1,148.22
d1ac79e195d42ffecfe5abe8428c6535,1,credit_card,5,384.27
"2cb3993eaa60e2113a6876e335310e01",1,credit_card,3,416.80
"321ebafc185998f3acb39280b759b177",1,credit_card,4,42.29
b52cc4919de82b4d696a4380d10804a3,1,boleto,1,55.02
ea16006e3d802f9d659b76f07b9681f4,1,credit_card,4,64.00
b153668d9576aeae5c424bf7b125eea2,1,credit_card,3,48.40
a216d63457e3501eeab4375752f0fbbe,1,credit_card,5,138.25
"1f39bca81bb7accc56f053aa773a89ad",1,credit_card,1,46.20
"6d25592267349b322799e2beb687871e",1,boleto,1,201.82
"79a0ca36f845e0bf7e0e21441e0da0ba",1,credit_card,10,919.06
"5539bd029cf95d97ba8f51f6f323c839",1,credit_card,1,70.74
db4d62e39557516a1ce6145d0c659ae1,1,credit_card,7,76.88
"38774303eed7ea4f45f31ba37969381d",1,credit_card,8,300.44
e1a9073ab42d6cbd16dcf2aa7d695f6d,1,credit_card,2,102.44
d2421ba8e68d2ecb6f32d08202ba292e,1,boleto,1,722.95
"1a9a9700a3759028691f3af38138e3d8",1,boleto,1,101.48
"693f8bb47e6135ecad76616fa2596a05",1,credit_card,8,223.53
fc54a67aa2c88278d6475185217dc47d,1,boleto,1,32.72
"233da90437ba0d4dcbe22506b45612ea",1,boleto,1,45.79
"2c78914d7d6e6d7a648d2fcdd67e8c3c",1,credit_card,1,69.49
c9756139ee937be234c1aafe31b8722e,1,boleto,1,80.81
"7d026db5c988be1bc3facec0e7fdb8c9",1,credit_card,7,106.76
c695330abad3cd98237dc4604401af7b,1,debit_card,1,64.37
"7f3be76847c89f58b912a7adf2d77f3e",1,debit_card,1,37.83
"97b22dcad89f4916db427544e655d1b2",1,boleto,1,339.45
"4643426e1efe20aaf5f5a7b5c159ee96",1,credit_card,2,79.14
"42f4cf7ee7d96f2d2465b6f203e531ba",1,credit_card,1,43.38
bbcee2bda0886af84f8dd8f19870063e,1,credit_card,1,427.06
"5c4e4e1d3abaee058758731094e9a7cc",1,credit_card,4,230.61
"33c6c0bb53e5f6b668bc9d9c2eba769f",1,credit_card,5,146.04
d8da851ab137ba5e72352b665d2ea6e8,1,credit_card,3,57.29
b4c11d342cf73a7e8bddf87f046751c4,1,boleto,1,83.17
"94db8945405f2a5bfa3b93346ff1f3ab",1,credit_card,1,49.96
"856f5f8ea98797ecf093d2d8d946d2ae",1,credit_card,1,75.35
f915ed1f1575306e94ead41f9a2a5750,1,credit_card,4,211.91
"71fb5cbef1b7743f40cfc5ba116ee448",1,boleto,1,123.46
"114e12eca60507f3e3153182f258684d",1,boleto,1,161.24
b3420e20ed3efddaec71dd9ba0759467,1,credit_card,1,51.13
c432ba5b3bb83966c1b66696c395a2fb,1,credit_card,3,32.94
aa7c822797dc5690dd629ea428f25822,1,credit_card,2,29.67
"8eafe33c3ac9810a01fc59070cdd4c5d",1,boleto,1,24.84
"06914a88cb181e922cc58fed3d198c98",1,credit_card,10,175.41
faf285370e4895d3358378cedee3f088,1,credit_card,1,76.08
c30a47a0dddaa5e8b49d103368bcca27,1,credit_card,1,68.43
d87efaa8a13d7d43b3464f49c528c787,1,credit_card,1,31.86
"9626ba1be44d8a10039916f18f20abf4",1,credit_card,1,97.87
d4cb2cf063b936e3836fb62b7f296367,1,credit_card,10,146.27
"85cfaced617bb14d7aa5eeacad8c6ee4",1,credit_card,5,71.74
a21d86f981f1cbf2c5f96971c6a6800d,1,credit_card,1,37.48
c75e9a685439f75e990bcf13443f02c5,2,credit_card,4,497.54
cd16e890b276ec7a7e2e93ba379339e1,1,credit_card,1,37.61
"916c26a4b35875fa3e5237c9abb44c2c",1,credit_card,2,87.32
ae97799b02696e7937ea854ed542d015,1,credit_card,4,242.10
"7c70760bf2f07b0b31167c10f6f9095d",1,credit_card,8,298.65
"55b6cfcdaae4a8dc9629850dc635995d",6,voucher,1,3.72
a4cb4720582c75021fae7dbbd99f3375,1,boleto,1,92.57
"746e0019b6fc6170534f81e45e8d55ec",1,credit_card,2,74.78
"857dfb7747277538e123a9086b873cc7",1,credit_card,4,225.42
"4c0b23f1eb4ada3320fb0393a2e14d44",1,boleto,1,114.33
"86ca18fcf43d6167ec5e02d77fb0958b",1,credit_card,8,95.11
aec47b9987c836ffee2d7664b0929ec1,1,credit_card,1,91.70
"306e0ad52724751e50e96b6afeed27bb",1,credit_card,7,76.29
"7e8072dc0f35ebb0c1b2a4743e0f179a",1,credit_card,1,0.22
b8509b6824fafb1bd28f795de8bd0008,1,boleto,1,69.73
ef2960fc071e710c211bfd7d7de5ca8e,1,boleto,1,74.73
"44aa72f4eebc8c0ff7a3636f6369201b",1,voucher,1,1.65
"2d7020e369fc532ef78a4529a7626a33",1,boleto,1,41.43
"9a0b40ce54455397568178b50178b29e",1,credit_card,2,119.79
"4df92d82d79c3b52c7138679fa9b07fc",2,voucher,1,100.00
d1aa2409cda0cbe698a489a0f9364c2a,1,credit_card,2,131.35
"93881917b8e0f2bf11eec7abbbfe43ec",1,credit_card,6,674.70
"23d2b40718f8b1693ff67644c21d9f70",1,credit_card,2,139.42
"923858c3c7a920c2b0ac32ad75bb0280",1,boleto,1,408.12
df9cda79de3c1e888f839780ae7b2706,1,credit_card,4,43.09
ffdb12bf66b3d0145d09d962745a05f6,1,boleto,1,48.09
"54b189d57c850ca60b0a19d7e12b6d40",1,boleto,1,134.19
b06afd29b34d9fc7e3b139bd1739a229,1,credit_card,7,71.63
a60d615fe2a3b8581bc633e0cb72bdc6,1,credit_card,1,47.04
"7b83a2b7e5dd1374c00bd1c76c3438f2",1,credit_card,1,71.78
"7643003db706885af24736e3a12e76bd",1,credit_card,4,164.80
"9a7284f20265daee38fb94a63f91bf98",1,credit_card,7,78.21
"1239d3562a6ab53c79a35595a63c5c59",1,credit_card,2,69.13
fa84bb10b3e22907ee72175763051dca,1,credit_card,2,126.81
df36d28de846593cdbc153e28f195cd5,1,debit_card,1,315.54
"6f4822a6ea32489ed368e0ed3276a3b1",1,boleto,1,1290.79
"79b64ea5b697b2e014789fe969dd50a0",1,credit_card,4,206.08
d5b20c4d4aa379d9215dba07d60c7e24,2,voucher,1,76.92
dd812caab973d1343bb8acb37736f55e,1,credit_card,7,73.20
"8f5e238b871f4bf8132d533e4c41d871",1,boleto,1,150.67
fe6823abc970a4bad1c216e78e92dbe3,1,debit_card,1,57.99
f99260ff704e2093540102a797c0a7cb,1,credit_card,4,170.71
eea61355af8b855cb3b052efc66b588c,1,credit_card,1,124.07
"4a0ecd7c37432ea5916a1f36f7c402de",1,credit_card,4,74.28
c62b6637a1c509d71c093e1e950c2ece,1,credit_card,8,166.58
"47607b002b56d0c23e24d91a519b0856",1,credit_card,1,84.43
"407cc9b2c7575dbff71cb23b6cc26814",2,credit_card,7,76.39
a55945f45b2bf0c2b8b3ffae52d10213,1,credit_card,1,36.75
a2875319dd413ff3a25b5f7f5d403c08,1,boleto,1,192.02
"48684d386e644dd78838cd828e1e4cc7",1,credit_card,1,137.32
"6988ade6a7cc2fe8e65c7a1a622fb6c0",1,credit_card,2,351.99
"4ec19b697aade053fdce351d848f2a01",1,credit_card,1,93.41
"838f02ea52c8e48b8bc5ed2671e7bfd3",2,voucher,1,14.59
"8535a444df0f0b8ceb9016ddc7d49e36",1,credit_card,2,228.62
"1eae54a6465971a0a8814ed25dbafec8",1,credit_card,3,146.66
"1cdf7f2bd959ee4f6bd5b829ec17fd6c",1,credit_card,10,190.88
ecc7442000366925655497d9dc353f50,1,credit_card,1,64.09
"6f2c54b3b1fcaef37893185bd79b7b61",1,credit_card,5,233.42
e2f55ffa361f22212fa093de97e60fec,1,boleto,1,81.90
b8709d077ce71c8db784818569960cb2,1,credit_card,3,93.78
"32a4b9871a273951733039d98aafff79",1,credit_card,3,179.26
f1b0d27b392edf2469778d8885fc2375,1,credit_card,1,95.32
"04bef5ebaab368e72d66decdad88fddf",1,credit_card,5,86.64
"7e4bb624b8936a258a162610147e0546",1,credit_card,6,455.70
"39efca87c5c2d6306227412ed0e09c4b",1,credit_card,4,52.59
"3b7373170271acc24a203e59f70e5a54",1,credit_card,1,47.00
ff08bd71c0a7128029fa586e4a8efc0c,1,credit_card,1,163.11
be84bc9735389c25de6ad5a664bff358,1,credit_card,1,41.11
de2a90ea49d2d479304633d9a4c25324,1,credit_card,7,175.99
"9c9c501f71dcf81d14d006826972733a",1,credit_card,2,49.31
"96099ba3b59c848cb4a6d677c929a136",1,credit_card,1,43.22
de5a2930a7d61f2dbf75078d7bfde0d4,1,credit_card,1,37.78
bc31e8bedc7ea2cb76e1cb0e913ffa40,1,credit_card,1,165.95
"89f0460c9010d52281a44ccf5a287526",1,credit_card,6,168.50
"30f9a1ff42cc19d532df1d4431a9ac4d",1,credit_card,1,27.77
d982abd090f18bcf182f0a41284696c1,1,credit_card,1,45.03
"167ba550f977c45ca5349884147f2bf7",1,boleto,1,85.14
"4edf2392a7d2397850d5c53a1df11921",1,credit_card,2,146.12
"4119f9ae0b1ceaaa966616d6a3ba616b",1,boleto,1,37.37
"48c56cc80e14fbacd59693351572327a",1,credit_card,8,415.29
fc0d78109239dcb41dc110f375f1b397,1,credit_card,3,103.37
"4dcc01481b7ab4f5f37c8eb4c4c67841",1,credit_card,7,72.25
feec317d7127a4dc69cfb507f08c8759,1,boleto,1,105.75
aa4e05bcd5346709bd52562b68ae92be,1,credit_card,1,46.01
"2206d4b3228f595310b95897101878ad",1,boleto,1,43.10
"4ad58fc3a9498d8ab0d1956c398883d5",1,credit_card,3,35.18
af92edb8c53146e6ca0c2a62ecc288b5,1,credit_card,1,83.89
"3e6cbccd0e3c5e4972f1f1f178b81b08",1,credit_card,10,114.53
"097d24fcfb2b0afac45ea41ab4d91694",1,credit_card,10,170.48
"82e0be51b738da8e7e60e27649068de4",1,credit_card,2,63.55
dfc5c1ae34c30f42aba88ae3a51f97c6,1,voucher,1,3.08
"8b39d1c6866286d6ac9326224b43ef95",1,credit_card,3,151.61
fb12ff6f5be15ffae684b3cc37abdf24,1,credit_card,1,57.50
c0c191eae0abb3ed5ed5a5cfd5879a35,1,credit_card,5,283.61
"1ab2b1793236a9b4f5033929476665de",1,credit_card,1,37.77
"5a7ffcbbc09f58743ab1a760ebfead54",1,credit_card,1,255.47
f418966cc0628d3b0e54c9c61ebd32f8,1,boleto,1,85.12
"12c9b99637fcd911992b818793dfe8cc",1,credit_card,10,451.23
cc484d1c7265e544f0ec4d9c7a8b04dd,1,credit_card,1,45.00
eb6027d9c2cabcf472d0ebf817b4ef05,1,credit_card,1,73.34
"3f6efc4ada967d7b5ad1b6c30ca43b96",1,boleto,1,313.20
"81a93b2fa39e104b865b2bc471c16008",2,voucher,1,16.46
"071cf21dda000c6ce3b50a56374b1b89",1,credit_card,4,210.18
"785606fac0b9ddad139f521a70452ca8",1,credit_card,3,144.65
ec6e95dcca4c512f5302ba944bb0e2b4,1,credit_card,1,36.75
c52b847a710480721b6c4def72048468,1,credit_card,1,89.27
"089099bac717ea03540251a8c02858b6",1,credit_card,1,93.64
f4f92c0415cf3360dbf1209032bba08d,1,credit_card,3,34.42
ccc8c385093e913c7bab11ff2a5d6cb3,1,credit_card,4,307.18
"539dddb1ac06e5b2d492d27c95d05504",1,credit_card,2,125.23
"3c8d31d8f2771d0a5bc2c936d5a1440b",1,credit_card,1,100.46
"9b430d2eff640e354b1e8eacb8a30a2c",1,boleto,1,276.20
"464b622b9d163f8703cdfe7e0f24f8fc",1,credit_card,4,47.74
ebbc16c6955354160e1dfd2cd3b4430f,1,credit_card,9,90.28
b0aab812f60f61971b4695951d09766d,1,credit_card,10,177.00
"338fbd3c36de682efeb03bf89d62ae95",1,debit_card,1,102.23
ce3f08db12e92209931e4bff447392df,1,credit_card,6,136.91
"3ef2e89270f0cb8a5461840c19c713c2",1,credit_card,9,196.36
"386ea83ce5d0d303c3466ea227cead97",1,credit_card,3,84.00
"6220b40639ab71c71d26a9ce7d5905c7",1,boleto,1,243.85
"9ddcbdcbc4aaaf0fb65bd81df074f5a8",2,voucher,1,91.66
"785b7df518015708aebc146bd8e8a26e",1,credit_card,6,209.81
d29a401d12ff3433597a0aa1d17d37ba,1,boleto,1,160.22
ff498085978fb1959138f596bd09aaf0,1,boleto,1,273.12
"85eb2a6b95fb63038d835a7b235b47d0",1,credit_card,3,65.22
a9893544355d8abefe6473f21f162c5b,1,boleto,1,144.28
"01218a8a807fc187849529e6f12237a9",1,credit_card,1,30.10
ee28f84fa04da5254221a38a49924618,1,credit_card,10,176.05
"8ee530ebcd1df2efa8f0f5b08ef3beb7",1,boleto,1,395.32
"1ac9d38dde347ffac03bdb653003682b",1,boleto,1,41.85
"0d80d0e27b1dc1e7eab3528b17464069",1,debit_card,1,246.82
da1a0dd3bf29adb14c8a77fca7388c11,1,credit_card,4,91.21
"63a751ba03546afb43799a2dadb49ef2",1,credit_card,2,74.50
f4b7dd32932ce541611390cebb64b110,1,credit_card,1,145.07
c3355e93ebea38e75b9fed5a64a35592,1,credit_card,1,85.73
"4ef1fb511f57ffa4b73140b0ac2d1908",1,credit_card,1,68.22
c39b81b2bd8d2abfff5240c18350f9ea,1,boleto,1,28.88
c4755deb9ed712009d8442d24e290118,1,boleto,1,94.21
"7b6900f9a0d0ecc69d4ac5bdc8b3ffd3",1,credit_card,10,548.42
d01f0aba52a4d7b2cca8d7623538a434,1,credit_card,3,75.84
e02d61b42452cc6737650331d8bc8ad7,1,credit_card,24,515.70
ad79f01d35b20279c363d738c8db9e65,1,credit_card,1,57.96
"11483c6a164cf839a3b0c945acc5935e",2,voucher,1,1.17
b3129a0debe3f118c75c249216364c82,1,credit_card,1,204.06
"55f8a030ae34836632355176608c7314",1,credit_card,6,125.44
b1cd362ad264b0da57a669fa27c8f5cc,1,credit_card,1,105.71
cc6e97ae2828fbe0e3d687628b51c155,1,boleto,1,143.59
"7282f35aaea3e151109787d09a275ec9",1,credit_card,3,39.70
"27a940efdd448db29463b53ea0cfa2f4",6,voucher,1,4.17
d4a29f6b845d320ee77c7e2be449704b,1,credit_card,2,219.18
"2df094c40051a8f5ed95344421039ced",1,credit_card,2,47.55
e4bf4cf0817d499ec9e8807b121129f7,1,credit_card,10,354.59
"7f1026fb759eed811a6527513976db24",2,voucher,1,50.00
"78441b03179176f2ef199bdbb9287f51",1,credit_card,3,38.68
a9061bc1d1e825c458ff521846c5cc77,1,credit_card,3,96.71
"6848d71748f08564d5de7f474307ab59",1,boleto,1,116.94
"068c0507e1af74b156beee1db2deed7a",1,credit_card,6,104.34
"5dfcc26420fd2e456e613e8dfbe6da34",1,credit_card,10,256.14
e1489cb4d16876c628a2dadb8e675c9a,1,credit_card,8,187.10
"6e424a06931a556c15b962b40017f690",1,credit_card,1,11.27
eadb5d6bcbc31439d1d6706a39dba007,1,credit_card,8,88.83
"033dac2c6721b55b4323f622ea5c1500",1,credit_card,5,280.63
"8eea47916641c4c869d6cf2b20d7de6c",1,boleto,1,167.29
"842d9fa6a8cc47a3c8d3021592debe74",1,credit_card,6,73.15
a53622dd658d57199cd7a1e677564385,1,boleto,1,99.25
"3e7ca74af2e30d9f16183f5c9d65ef85",1,boleto,1,101.12
b08358fdbc23fa2201ce6b08be2dddb7,1,boleto,1,92.76
"0e5f408dbf29e3e4a1cbbf07e6dc04f9",1,credit_card,6,138.50
cf744c93388b9e85a6e23911a40891e6,1,credit_card,2,124.76
"25453993dba7bcda3607e0f745672b1a",1,credit_card,5,202.62
fe583f15d230c8ef63b9c1e8053a5240,1,credit_card,1,21.09
fa3564e25054d8ea0e296c7b00233d39,1,credit_card,4,67.77
c5c8d33a3102ffa7d6fe4072ddf0ea8e,1,boleto,1,84.36
"516ddf29a9e99c8997f914e6b389cd19",1,voucher,1,49.42
"9de375e01aa3f39d32001e75abd82b99",1,credit_card,1,67.57
"03225b1b0b8897aa43a745d14fde3c87",1,credit_card,6,117.69
"3d1a2a1af49e4de479ee90a75f5aef6e",1,credit_card,10,130.32
"85a543ebc5aa8bcbbf7974c03ed49ca2",1,credit_card,2,129.64
"21b91053280b58b39247f63e52fc4c6b",1,credit_card,1,31.78
"87353bde98ae9505ac21bf4bc21b5d74",1,credit_card,1,73.96
"5514f341fc1dc2f32da4facf97699be2",1,credit_card,3,151.69
d1804dbdc6ea61e2dc9bf965e7ffffa2,1,boleto,1,1019.11
"4c6e24a5fceacbcf444cdb5141ec1688",1,boleto,1,75.50
"8a15d9098e2b9a4a791e07691801bd9f",1,credit_card,1,80.56
"4c76e48050ae7f0f69ea45b2350a12c4",1,credit_card,3,38.86
bceafe41324f7de517b199a7b4e2a074,1,credit_card,1,35.78
"382e8f286f0c03a978e78372405fd3de",1,credit_card,5,216.15
"5f48fa73561d6de6cd6cca04a466840e",1,debit_card,1,347.89
"56610fa87188c93ee5993a5e98a7b092",1,credit_card,1,46.52
"67cfcef68eea9ea1ea9423cf240ed340",1,credit_card,6,66.58
"77cee551ec0bfd054f82bd2495d2fcd6",1,boleto,1,240.34
"2ee3514e0e2b5e8f574134fa5e036ed9",1,credit_card,2,39.09
dc7997edb72a765e7b39dbb9be3a63a2,1,credit_card,1,82.33
ad0dd8ca440dc2c8317a394821bce7b4,1,credit_card,3,168.15
"5dea6e9d1fedb7b7e4500d453a72b24f",1,boleto,1,64.00
"7893bf5e938b5606e3d38d4d778a4d1c",1,credit_card,1,73.13
"737319bd7dfa30305a850b2735236896",1,credit_card,1,288.19
cc94498194148d51cfb085f11338b383,1,credit_card,4,121.14
"2011ac5bff446ddc9bb1a099d497e634",1,boleto,1,149.01
"50325859f3cbe1386e11e8a253ac1068",1,credit_card,1,50.94
"13c9b5d9c2ccb662b1d4e636b424de20",1,credit_card,2,27.77
"24012690fe6562f4a154875f2f64ed93",1,credit_card,2,144.29
"77d5d33e7905054cee0bdb3dbebe4f1c",1,credit_card,4,211.14
"2e7afd467bd078429896367562ec0727",1,credit_card,4,46.63
"600d041553eb72147b8e475e08156864",2,voucher,1,78.83
"6f3e13f4ef62b348e815f6375cbdd675",1,credit_card,4,99.90
fd03c3724f2a080890613b8e671b2fa8,1,credit_card,1,77.06
d3f9898585d009b6f743c6c53739232d,1,credit_card,8,698.50
c21f62eab437a5529f7dd3076e7da0e4,1,credit_card,7,512.79
b69b78a1865e7b379d633794c80ef7d2,1,boleto,1,103.13
c0fc9ab7bf56d900f1456a75b2cb5ab9,1,credit_card,8,192.16
e39f9d87fd277163f36c3d929e0a8cc8,1,credit_card,1,32.22
a733b21b193138d300d317f855e1d102,1,credit_card,1,50.86
d5fcb259843dadf4153e199f5d555aae,1,boleto,1,49.16
"84388531e60d278c958e9ee95c61332f",1,debit_card,1,42.38
a7b99e52e5bf8862a3727ddafe014d03,1,credit_card,6,69.31
"32b34a1a1642bd401996260030618dfb",1,boleto,1,33.22
"11769750147cf0a49a396b01ca004300",1,boleto,1,226.96
bb4bca7a32efb68689c2d0d08fcd6c64,1,boleto,1,167.95
ae20f5a9812b11c76007a2c389285486,1,boleto,1,75.58
"0b1bd7cdeb2d703ebe602a2989a86f9a",1,credit_card,4,40.16
fa2cc48dfd7ce0f97490bb4ab4c98eb2,1,credit_card,3,65.71
"6fdd6ca7bdcce986b6a442588af840a3",1,credit_card,10,146.32
cb5a90448282b7b65850b10544dbb22a,1,credit_card,1,154.14
"3745cc99bd10a2c16e31403fe9654502",1,credit_card,1,22.36
"397e335a89983e6eba9313c4a8f65e4b",1,credit_card,1,44.18
"0a89bc2ec7e822a78b0cef45518d6217",1,credit_card,8,427.98
"27dbd42aa8b64d7a5b2439f14b649189",1,boleto,1,101.60
"30cf02a409922ad0e5c0f683ad9c45f0",1,credit_card,8,171.00
c56bbf34e57026ecc783dc5db2ad1e69,2,voucher,1,365.00
"8de627d14a078b2047d929756c94546a",1,credit_card,3,31.34
"9aec4e1ae90b23c7bf2d2b3bfafbd943",1,credit_card,10,2234.66
"247775a3bf20c748cd22b1521899ffa7",1,boleto,1,155.05
"1bf3cf4f3a842f629a7a52e336d96263",2,voucher,1,50.00
fdd5c1089ba5eeffbe95fd36269b6d5e,1,credit_card,6,76.76
"61e3ae79a5478b97ca32ec6d148b4953",1,credit_card,3,32.38
"43d0adacfa785ccb9e7544f2c82c5566",1,credit_card,3,362.00
"730e2dc2bec23dbf9b0594dc01b26ec3",1,credit_card,1,69.63
ea2246b752ee2b7a1880cc4855171a1b,1,boleto,1,121.09
c633811fc9f385653545e0f903b60fe5,1,credit_card,3,160.19
ffea20c7630343a6cd9e09858c1295cd,1,credit_card,2,163.24
"9e8253539b3ac1fc283b3d570f7b53ae",2,voucher,1,238.98
"840d0fe65e307594f2f5fcd49d6898d7",1,credit_card,1,14.65
a6aef11a3026e113df62739da7de964e,1,credit_card,2,30.75
f0aa70aa3ed2fbaace3cca0919bbb11c,1,credit_card,2,46.64
"331c75dfc5adf446e9a86283adf9462d",1,boleto,1,188.41
"5fac67d3be074030a8dba9d398fa14ef",1,boleto,1,130.33
"219d7856c8969f8f7087ffe19ae28a36",1,credit_card,1,55.36
"7cbb819f10680054c5b2d2d1992c1826",1,credit_card,6,66.79
"87d28de656e647d923b2d821a32c79c4",1,credit_card,1,43.56
"7d892708f2153d1763c61337cf6ba495",1,boleto,1,120.03
"64a58e424494f1f8ed5895885b9dfe16",1,credit_card,1,62.23
"6c8c2eaa3f73e88dd6dec1b8e00648e3",1,credit_card,3,260.60
"0306b467a7c7d400d265b71cf6608e15",1,boleto,1,75.08
"7d77cbd8b988f81a25289a02429fab42",1,credit_card,1,16.15
"405be8487a7fde1db0bc31ad6b08050a",3,voucher,1,8.06
"6e44a8c682fac139d29384acf3a1059d",1,credit_card,2,81.42
"6ec4d2a3950dd8341ae9b8e458e85802",1,credit_card,3,64.00
"9ac6fbee35025d21c5baed2768928e69",1,boleto,1,165.00
a2dae683f3e97cc4cfc4ee2865c66ed5,1,credit_card,6,321.57
cde001ad61a8e40ea8feff0ea31f9ea3,1,boleto,1,98.43
"0ef7129ab98149bcbd4aadde9ba093d9",1,boleto,1,32.79
ac354a1df0a6139d9bffe004c924c10a,1,credit_card,2,159.21
"1b986cc80c09e314d5989c417e4b7ac0",1,credit_card,3,71.63
"6003757adfc0188f4685e56a3b0084a5",1,credit_card,3,155.63
"99eff86b0ca661145879df56d726fd19",1,credit_card,1,212.82
d9c541bd2935c8217a2ecb05c3162541,1,credit_card,3,271.92
cac7b35f7108f26a0b806132cfee4439,1,credit_card,4,90.25
dad4892a17667aadb726ace75b1a16b8,1,credit_card,2,558.89
e7bbb39c507d08caa0aee263d3d6ca55,1,credit_card,4,201.58
"1962912d9cd5fccb64ac53c3811a2ce1",1,credit_card,2,27.68
e40339cd43c38724ea64647be58ae59e,1,credit_card,3,162.24
"5e526b01963709e583bfc89cac4d9f2a",1,boleto,1,139.38
d8ab6e868995a618b7abea3119b56789,1,voucher,1,50.00
b1e0eb7a7bfee5485a404147109a9189,1,credit_card,5,150.64
"0e05c0027e31a0a9cf1074ec1b95c8da",1,credit_card,2,57.88
"9d7f8c7566bb8c83694361b9838d9a2a",1,credit_card,6,82.58
"98f7b0bbb8eebba6398ec18bf1a8cf12",1,credit_card,1,161.10
"8b287c802866ec3b7b594e5cbc2d5acf",1,boleto,1,147.70
be9cb960ebc9760ede83876149977438,1,boleto,1,40.97
bea8e045e01a9594d652427ef4ae7236,1,boleto,1,106.29
f0ab754d500c0fe13432dea76cdb2aaf,1,credit_card,3,298.22
ee0d500361ede7d039d9ce2eac9b8f99,1,boleto,1,49.00
a4cadd13645cb16e2e4252ee2e39dd80,1,credit_card,1,81.12
e160178b51f7ee94f6feb650d7d7bba2,1,credit_card,4,341.02
"0a7cf771945fa809fa47399a1ba0eeaa",1,credit_card,1,81.14
"1f10d8242e602a2a444715754f739d95",1,credit_card,1,124.60
fd54e2afe76bb472b26d47b2aea174d5,1,credit_card,1,94.21
"58d91d85a637d0643c2cd08aefd19532",1,credit_card,1,104.55
ee514292cc5c49e7bb2856b564c4188f,1,boleto,1,149.31
cd6426e4690d765ab066e248ae03d67a,1,credit_card,1,27.59
d2d845154c7f4e7f7861ea8697c628b2,1,credit_card,1,340.07
"89e45e1dff3201529f9f95be3a986e8c",1,boleto,1,95.21
f7a8ec3f633e448f2e6a8e76622eeb9f,1,credit_card,3,173.96
da97ba90124c049efe564e689b626042,2,voucher,1,37.06
"88594435967726f387be4e2e6db45f41",1,credit_card,1,38.56
"15fbcfbb34bc49b1bd1cdbbb676de135",1,boleto,1,128.66
"4a110536f892fd4dd11c3c74dada0d1a",1,credit_card,5,258.87
"878deac45277a6693260658cbce58cf2",1,boleto,1,28.59
ca568c428649f0aaaf41519c7010f093,1,credit_card,10,168.92
daa7bd63b41e09a4d28579829649e6a2,1,boleto,1,54.00
d225bda2584ada7ef0895192338c3dd4,1,credit_card,8,81.04
d2f0bd580c8365d4e71493d3493ad2b3,1,credit_card,1,93.21
"95d58200aba7137d350ed9a168c84421",1,credit_card,2,49.31
ec4e8ed85c9970f388bee1ee69bb2ebd,1,voucher,1,30.10
d45cf0ee12449d5401c6debe3eac6075,1,credit_card,1,79.79
"506d2f43503ac1882d80adfd1f523fd5",1,boleto,1,22.84
"4cc1cf702abc75af4f48044d526062db",1,credit_card,5,206.70
d3af2af4c9e5b37fbf3379cfd6d45b01,1,credit_card,4,82.71
fe9b5da05a7ca954d7dd62c7ebde8f51,1,boleto,1,98.62
"36aa2198c0e91257b4b146cc25267a45",1,credit_card,3,138.53
"8b4fc455b9a8cc1559dca8dd2d392ddd",1,credit_card,5,278.16
"7d9bb415ee7bea63cedc5efacddb02d0",1,credit_card,3,320.58
af86b8dd80134775dceda700fc2ce5ee,1,credit_card,4,47.62
e2b7031b8151dd5de69d77a161b19c44,1,credit_card,2,162.55
"0e1ddbe485dfa358d24e22e5394d0484",1,credit_card,5,396.52
"367085f34fdfc417d0087dfeab08ad73",1,credit_card,2,138.03
"96a2ebaf09ce36a4370b97e9fd0d5a85",1,credit_card,10,230.11
aac512eec9af2f337dab624bf711cad7,1,credit_card,6,74.07
c5aedf9da65864ebff200366da7fb389,1,debit_card,1,142.89
"028ffc48d3a4004a010e5847d7266cdb",1,credit_card,2,27.07
"9f31ff10dac68801116cdccf40f85471",1,credit_card,1,55.69
"71bd2b49a4e92c385e1c668b56aea592",1,boleto,1,91.23
"44ac5be3803a136ad51df67f789a2dab",1,boleto,1,204.13
"3076ea1c1a37131c434eb5105c60c55f",1,credit_card,1,68.13
"0b886faaea82e30898a5dbf0ffa73e51",1,boleto,1,60.75
"547f2652ebd95d8e369d22057e1035a2",1,credit_card,8,117.76
"4780df3ccba2421e8403792f2a8a0d67",1,credit_card,1,22.00
"94257b7c9b794f53994f042c218d8799",1,boleto,1,158.21
b8aea51136617c5b9e79b074849b9144,1,credit_card,1,43.78
c2be39a9987d992896de790f005d1bf4,1,credit_card,1,100.60
a0e5d064377d8e6cd6a615400b70bc55,1,debit_card,1,40.83
"3d23ac3ba9442ed723a59fa3f89b516c",1,credit_card,4,224.39
c2e3454f93d7b6dfdf292ec8c7ed9f99,1,credit_card,2,76.78
"24ac7fc612c1995049d602089ed733fe",1,credit_card,10,264.08
"6574e472aab8b68f76831790f2212403",1,credit_card,2,161.45
"460035f51387f5c9731f812ab180d3fd",1,credit_card,1,37.38
"902540001de909e522ef26569c6a2c8e",1,debit_card,1,219.58
c6fe97ef4a94879e61bd71568ead79b0,1,credit_card,1,95.42
"314fc0121ed16cbe4f7979e96f3768ef",1,credit_card,6,213.95
"8da7a1c49a88ecf2f5a92925c9333af1",1,credit_card,10,563.77
"52b226b1528922785f17fc4dadbe7110",1,credit_card,1,44.34
a93517c2ce1c5cf1b4d0f513f712e6dd,1,credit_card,3,44.10
"252542bdcaff281720c6460e5868ce06",1,voucher,1,20.00
"23ab1be99f36d5bb2c599fc1c95829ed",1,boleto,1,239.65
"6a756c298a96106ab0907b1b1df28e31",1,credit_card,2,127.98
"053424c24c059910d1e31829dddcd4d9",1,credit_card,3,58.36
"9d2d5b1aace1a7c5fd2b594e38975fbd",1,credit_card,2,40.69
d0d81e67c6d3eaf8e25100c3d1499bc7,1,credit_card,8,304.52
b703337465b56b40ca0fa126fe39858c,1,credit_card,4,209.36
ec24ea9acb22b2520d36d72a75eab525,1,credit_card,7,71.14
"14819d9c6768f38817898f5c7ad3a8c1",1,boleto,1,72.02
"4226897596086a3e840fd72442221850",1,boleto,1,153.09
f62e1cc968992b573558a1406edc8ccc,1,boleto,1,35.00
c67440872252c7c4079023160409025d,1,boleto,1,289.68
"6ceec659ff4d6720d0296d133cb49745",1,credit_card,6,66.74
"122ebb4ea3cb1281899533fc66f7d179",1,credit_card,1,414.08
"058350ebe1e9c9b426d1331b4b6063d1",1,credit_card,4,58.64
"1e55ec3322465b5b6dc07d7f5ef45f99",1,credit_card,4,84.25
acf01c9262ddb5d9adae8daa34e31568,1,credit_card,10,2416.00
"4f6b1944e5dab6270cb4010b00edb3bc",1,credit_card,2,48.83
aca32a744ead78cb64a902170bf3147e,2,debit_card,1,138.85
"22b559721353b303d170debdcd4b58c8",1,boleto,1,99.37
"3dcb917fc27fe1beee3ddbea0fd4e9b0",1,credit_card,10,276.08
"726dc9c6c71556f7c7ff01eb24278bd9",1,credit_card,5,58.00
c91ab67852b71357615925883e88cb8f,3,voucher,1,20.00
"60808ac1c068fd05819ae92b344d9b0a",1,credit_card,4,202.50
be79bec4cf283fa33ea0da903f3ca6ab,1,voucher,1,60.79
"0d43ce52df043a3cdf371f10d03764d6",1,credit_card,8,107.27
"2e90d155b85776a842b3b1c59aa4b340",1,credit_card,2,47.05
"7bd48b3739f397fed1450cf240bd27a5",1,credit_card,2,172.97
"30ca6695cae8ac10c2431a366d30f0c2",1,credit_card,8,186.65
b77e821b63e7996ef7d5938586acd7e9,1,credit_card,1,19.29
"492d9d1a1eb3b5a079dff6d1eb3f4b67",1,credit_card,3,134.28
"8ed4296590754b5d2eea172a5fdb7046",1,boleto,1,128.88
"97a2cf1bcffc778d8661d305a6d344f9",1,credit_card,1,9.16
"373f8831c38f949e1a6bbc1af1e4a72b",1,credit_card,3,116.36
"4722880b47a0cc081c878a5a1ba8fc21",2,voucher,1,24.20
d8f219ff505c49a703a25ffac1126614,1,credit_card,4,192.72
ef13a698cf88c9e17ccca0261e0b9e7a,2,credit_card,8,94.49
"9f6dfdbc41dfe578aaf31edd0ba546db",1,credit_card,5,135.04
f52125f24dc9a5dd53c292410359460c,1,credit_card,6,69.67
"7b7aa18c12be9bec06ecb74c33609bcf",1,credit_card,4,120.09
"8e075f06285446d7a9e69956e64309ec",1,credit_card,10,107.19
e7daaee877792db6b869745a7bcca11d,1,credit_card,2,173.75
"1d7f3280ef428fd4fb454e6d0d1fef43",1,credit_card,8,85.85
aa171699ddfdc0a2db68be25bd08ea2d,1,boleto,1,88.84
"55c22802abda3dda5ccb0d14c0123915",1,credit_card,5,101.34
e56bc2e95abb435cbc48cd0002499852,1,credit_card,2,134.48
"9910e116d36a19d176b63642db85b559",1,credit_card,10,202.91
d744783ed2ace06cac647a9e64dcbcfd,3,voucher,1,1.47
"9f372562f0d05458a142227656ddfc85",3,voucher,1,0.65
"5394217c78ea24ee2b377c043b6bd7d9",1,credit_card,10,686.10
"0093cbf16a6afb7f0ab7cc821b6f9e92",1,credit_card,2,142.96
f92b608c97b4dfa2e808d0b4008d2475,1,credit_card,1,35.43
"9b087af1d905d8987ae126797c9d15b1",1,credit_card,4,102.73
ff21d2af725ac280e439dc584456e19f,1,credit_card,2,71.14
"190c71c36bb25e9a85f3a53291e475a3",1,credit_card,5,109.50
"77c885e668bc660993cbf7789930675a",3,voucher,1,30.58
"5c36bfa841c242e151f81825303d9591",1,credit_card,1,69.12
d3037ef55ee7f4d6c892da7493f4912f,1,credit_card,5,154.47
"3be920fd3c1704bf6fe6102ff9641407",1,credit_card,2,118.36
f35eb369cd2607e2157e8b1a7376befd,2,voucher,1,62.43
"211160e7b0db5dfa4ac81e253f412b4a",1,credit_card,2,49.69
df568f7f29522ff496adab0dcd60a3f6,2,voucher,1,50.11
abd23f048bf60025ad66f8cf56c85379,1,credit_card,5,213.50
f7bb51594cfc866efaf10953ccb34f85,2,voucher,1,23.09
"52472bb5641bc4069affdcb1210d2feb",1,credit_card,2,113.56
"84266e419db22394dc87bd8c110770fd",1,credit_card,2,155.14
"2d656749f55e9781665b9c467e55764a",1,credit_card,1,132.08
c478e08fbbbe0525997a381b60bf8a63,1,credit_card,1,38.47
f5c5440eeced6d9ade07af5e1fcc69e4,1,credit_card,8,210.82
e804510d7bf65ec23803813f9bc9dc15,1,credit_card,2,69.53
"0cd5a59b77b1409abb6f791b2322b910",1,credit_card,1,21.77
a574693e67b5acd2879ac5d182122fee,1,credit_card,1,120.44
d9ab642e5dd85a1f2bb53c6c546fa575,1,credit_card,1,66.42
"1798a9d3b896e39ea128c25cf6b84ee4",1,credit_card,1,14.00
e704e063847a3055d24d485db17e30e7,1,boleto,1,671.70
"86c25bbc1d16736365d6e747e71695f0",1,credit_card,3,178.93
a1b80d424c933786ee29fa4759d028cd,1,credit_card,1,81.14
c506c39efc92ce2be6baf5046afef5c8,1,credit_card,8,85.23
e200353d6fcf40efe2cb8699aa821017,1,credit_card,1,82.98
c2444bc9b1b352c434dfa9a4baf7236f,1,boleto,1,173.27
db658dd622104d1e0dc6d4728bb3e267,1,boleto,1,55.10
"2636a02ee7de9590df86a4c24b739c49",1,credit_card,3,142.09
"1c36473b9a0db63449081c0408a96dc8",1,credit_card,3,32.07
"8e037d22abe0755825b4a5bd17135b23",1,credit_card,6,81.06
"4c33e33915d6aca583727659dc16fc98",1,boleto,1,38.10
"8e149b3d8483d3f623d3e6e0c9f824b6",1,credit_card,1,10.59
"55adc5cef9556477770f0b858669f8fc",2,credit_card,2,65.55
eb3042b24ee09562fc9367cd1c24947c,1,credit_card,2,119.93
"3085b7ef3898f0caa9793f33a175b07e",1,credit_card,2,100.48
eec93f9fe0cc92067ebff02639cfd67d,1,credit_card,8,354.24
"0aba00d509b25a0a90084c7137a8cec0",1,boleto,1,76.33
"56f3eb3f797bf95b964817291410d0a2",1,credit_card,4,283.79
"26e91b596719ec194aaac895f6d2554b",1,credit_card,1,291.37
"73eba298beda4ec4a20b9f2cf082a422",1,credit_card,10,194.08
"65a0e23dd4d092969ffca27ae31db180",1,boleto,1,105.63
f52dfe42e170d582737b05865250358a,1,debit_card,1,367.20
"1d9a9731b9c10fc9cba74e6f74782e8b",8,voucher,1,6.74
"74d6693eb7494300ed4e2e9d6b7a79f1",1,boleto,1,153.26
b4abb149fb1b128bbd21db842a86e891,1,credit_card,9,94.04
"1d5c39819bbfb4a4e2443ce5409d4148",1,boleto,1,37.61
d52d8b400bb758fb5b25ca1af464f814,1,boleto,1,296.19
"3f5d83fd2c551b9eeac583644c97ad09",1,credit_card,10,537.18
dd129706fb900252b1e9193815d80970,1,boleto,1,82.97
"5fd5c981a4232eaced70a8003d560243",1,credit_card,2,83.80
"78677d29b6ced35c181f0d59b0106355",1,credit_card,2,98.44
c1742783834afde8109d74422e9a4bca,2,voucher,1,100.00
"00b8d354b36820e9d6131fd5173c5581",1,boleto,1,65.31
"70dc122cb381c36bb405197904788449",1,credit_card,4,120.36
"86fe069057d591923b2a30a47b2fa5ab",1,credit_card,3,47.00
b67a584082fe23b966934beacd6413b4,1,boleto,1,511.37
a9d9773efe0a981195d2861250cff4d9,1,credit_card,5,152.28
a841d4f6334d9f62504a151e34babe90,1,credit_card,2,131.25
bcb093f60b7e48f285bf92f681e65651,1,boleto,1,101.14
b32bea08665333132796458ad00833b9,1,credit_card,7,169.11
"49e7180375786af0f0ba3d10aa233bd7",1,credit_card,1,46.00
b10fbded9b8c10d0892d9cce947ee441,1,credit_card,1,69.65
"21a6a3d0477ec6bada948436fd516e84",1,voucher,1,237.53
c49d07f9806a006e5b310764f661e911,1,credit_card,1,57.68
d2552e76ec6452aab67702bf3ca27f7b,1,boleto,1,199.27
"98acbe0ec0c00e9baa6eb51e7c9f85cf",1,credit_card,1,108.30
"40ea731f6fa10cf721b503b64f3b178e",2,voucher,1,18.84
"79ec7fcffa4121dbb55b945aee306e12",1,boleto,1,249.56
"5c0f0295fe2930de5bec81e461a4bbb7",1,credit_card,1,70.44
b90ff29b64c30c202414b3bdab0160b5,1,credit_card,1,47.02
"30123d8900ab69af8d7017c4e66ea57e",1,credit_card,4,101.34
"3fa91d0a7193cb9564de5db19fdbbd47",1,credit_card,1,68.88
"8520eafc9a1dbeb250d4054499da5a7c",1,credit_card,10,128.42
"0f275b411f77d6ea9ac2132609f4a332",1,boleto,1,121.39
"118b09c1cf1b29c8401cb7833d29c10a",1,credit_card,3,223.12
d8fb797beb3bc5099a065c4db4a4d8fa,1,credit_card,1,52.71
"664934b310cca178e1ac86c17c97f61b",1,credit_card,5,555.43
"5cc1c83e5cf3aee8af42167bfe2a7024",1,credit_card,1,177.30
be04ca2f1365ded8bb52c193a32e33e5,1,credit_card,4,163.84
d876b34afec9a37354e30d656829878d,1,credit_card,8,400.36
"95cf9f239f724799131f7ca949209bd9",1,credit_card,1,97.88
efe25c5060f2a7fe3f1db0477f58b0dd,1,boleto,1,26.00
"05a5446738fb49ff21e44d318df1189d",1,credit_card,8,231.15
"1a11672a79fb683c30fea0100e3a1c88",1,credit_card,10,142.20
"835dcecf534791041554b984434d72a0",1,credit_card,10,110.26
"756d62fd1519d390705464ab14c102a8",1,debit_card,1,34.35
b3b8133868458b6acf08ea6ffc22e3f2,1,credit_card,4,478.56
"63f4e8e0d0a8785a8ba9e4e86e0cbb91",2,voucher,1,62.70
"64041309de8b56af89aa23c98870eb93",1,credit_card,1,67.02
"09dda1ced4a7c14c742c7f2678c36641",1,boleto,1,145.24
"753356c741c466246c76d087610811e9",1,credit_card,1,82.73
"033cec9a46b0dd28fc10c800f9f3d878",1,credit_card,1,1226.84
"0f7a031ff7235289c8ce7270cac7c4ec",1,boleto,1,100.95
"13e22fa9743822ef30f7e3bdcfff69ee",1,boleto,1,76.74
a9fa7ea99c0724de00e9d31f2a39a723,1,boleto,1,332.07
c765302c18a92bcea0bc5c976bae0174,1,boleto,1,22.36
"45ec58d30f2023e4dac16d956a657ddd",1,boleto,1,87.51
f9985288469173749a1fd05693c5aa2b,1,credit_card,1,112.77
"68a688be62a4e82e6f8450c215d3fdae",1,credit_card,2,224.87
"7073808620bfe344668e896056584155",1,boleto,1,57.69
"42a9a8505ab685983ac28e300ba47c2d",1,credit_card,2,128.31
"3abff6f47304095eb8da87b12ca07046",1,credit_card,1,208.55
c8a4d0038f3ec7b553ecf27a699d6293,1,credit_card,1,43.13
"8c46cc97ee8884e95fc747ef323d6c08",1,credit_card,1,49.94
"43b54e069a51acaaf7d8b494ad04b96d",1,credit_card,2,123.49
c0221d9a3d1707e52d0a75170f33e622,1,credit_card,1,42.42
bf8335c7f470714a6a72b83d1fd1796c,1,boleto,1,473.28
"1048ce07df6dfd9d7ae971bdcfd03d77",1,credit_card,1,108.73
"99a6742739034cc06392ab883f64359c",1,credit_card,1,56.78
"24125310335475b73015f74ec4327c2a",1,credit_card,1,76.61
"18f4834a46d0ab990c2e0b565fdf646c",1,credit_card,15,322.96
"510c73928b73404e2d64851f6b4bfdc5",1,credit_card,10,246.28
cdbd8e67ad713458b75e3543d685f456,1,credit_card,3,138.75
"28ee4942e257119c5bdc4d00b182ba6d",1,credit_card,1,169.53
c256d21967285da68304dbc784bae3d4,1,credit_card,2,83.99
"03c7acb8cfb3a3567a70fee4a1e2f82d",1,boleto,1,195.63
"473579cef3b75f7764b1b4e7cf650218",1,credit_card,1,93.12
"83db5c54cc71b8c55ff3cb2034c66ecf",1,credit_card,1,77.66
e9c84eca2fb9e4a208e311ac45eb220b,1,credit_card,1,135.46
"1aee3456393950993d316010ffc4088b",1,credit_card,2,169.49
"77baa217632fcbf3656de4ec4a66b0c4",1,boleto,1,204.17
"59a19c83ff825948739dd1601cc107b6",2,voucher,1,24.42
e29802498c81638fb4377d7c7137031e,1,credit_card,8,627.06
afb8aeea3fe0100ad482da1f5c8cd860,1,credit_card,1,64.61
b2997e1d7061605e9285496c581d1fbd,1,credit_card,10,101.36
e65fa5f31ce4436d38bcf5e109fd43e4,1,credit_card,3,159.77
"27dd4347486e954e77b2f577f6388819",2,voucher,1,80.91
b6a54d4f9fd929e75e299ce1a0963094,1,credit_card,10,1149.83
fecd25ad892371b02b90415a64005d61,1,boleto,1,28.85
"9f2940e7c87aa56f8dab37ac0be23138",1,credit_card,1,27.79
"59448c2e076491032bae1cb956f03ceb",1,credit_card,3,70.00
"09545768adc993877dfa9a4024b360c2",1,credit_card,1,98.15
"21938ab3a8cc42a797d428700bcf04ee",1,credit_card,3,200.33
"7f11b258da5d293493da13b0d5894302",1,credit_card,1,32.77
f7b919c0d2c64a38f645de0bb6f20e4e,1,credit_card,4,75.35
a455e8eb199f11350e3bd632e278366e,1,credit_card,10,119.68
a7ebc0809890f8a034bd5bef34068aa8,1,credit_card,2,88.72
c56bdcd0ef1249dcc18901b491b1b976,1,credit_card,2,43.10
"15666ae129eff99b7d7405a5023b0d3a",1,boleto,1,156.38
"1c95864be748aeb7e70002b2d365646f",1,credit_card,10,1161.47
"91fbaf43eacf41ac78b17d7b7ff38156",1,credit_card,1,4.60
ef1003827eb818ccc2c41557e21b2aec,1,boleto,1,84.85
"1ef7cb5f7b16f51098a0010102cdde77",1,credit_card,5,226.14
"82e3a65003da8fad958036c94ad785d1",1,credit_card,3,168.33
"1004139d05100b9f27b8eda1b40b516a",1,credit_card,1,80.86
fddac1185cdd53d496b4279d6fda1112,1,boleto,1,32.79
"6e69e79ae5c37939561c11bf79f4b866",1,credit_card,1,69.65
bf4e354422376ccee274a76ef5f26817,1,boleto,1,32.10
eb6b32a82d2459d0ce7f2089f9eba0f2,1,voucher,1,11.80
"46502a9584712989d3872f32e0e2176c",1,voucher,1,17.90
"832079e71d5ee058d10e1ee1abe0e0f9",1,credit_card,4,153.70
"260f6f8e1f649aa1a17a1cbcaffe7726",1,voucher,1,163.90
ec1692cdaaac26359dd2b8da5e6a409f,1,credit_card,2,75.68
dcda6f9e7ef0110e7cfc192c003c8ae4,1,boleto,1,119.37
"77749ba00bdd3c6d19363c493a38bea5",1,boleto,1,130.73
bfc5d96c97876c3ad4475491caf370b5,1,credit_card,1,101.12
"2c85266fde39a3694a2b4f7917680ff6",1,debit_card,1,121.44
"3843764d4f30d3653388f1b55c3a9ac5",1,credit_card,2,128.77
"4f7e398a1ddb1c349465b42b6865c60b",1,credit_card,4,171.84
e0c49af20b2a6c2089f40a9d7a60d6a5,1,credit_card,10,589.75
"260ec445d18b2120c8ab6f87ecae2a1d",1,voucher,1,129.42
dbb96df7d9b75d3dfde8d10da0d65cde,1,credit_card,3,147.64
"366ad1dd93fb7f77b686017bc779447b",1,voucher,1,45.00
d7491ab46e00584734e88ea402f23e78,1,credit_card,3,35.59
"294a3f0960f3588f7b1597da079f590e",1,credit_card,2,94.63
cfd0882d46442939d8457d3508170953,1,credit_card,4,246.26
"46095dff98fab25f0cb4306a0430612f",1,credit_card,3,73.38
"4c5ca64fb9410a3ee7bc041df508a9b8",1,credit_card,4,144.13
eac07a0dbd3a43600f76d084fb472e63,1,boleto,1,208.48
a9de9da3261a82140a4a82b5fb13494f,1,credit_card,1,64.09
"6cb7111806a9b07928d2623e7708e8c6",1,debit_card,1,34.89
"072d46cbc49c2ee26ddde8f25d22f617",1,credit_card,2,165.98
d805508e2cdf3a5b1453bc2eb0371880,1,credit_card,5,50.12
"8ddd550f59752f7efbbf0284aee4631b",2,voucher,1,136.54
"4baeb46418ac44b0f5ab2795772663b3",1,boleto,1,45.00
"59e55fcdf11e934a4e452c01ce6b7fde",1,credit_card,4,415.78
"66059239f0bd74e72007ecfb7db524f2",1,credit_card,2,40.23
"9d801d85cc51d478469f2e1b0f9a9cf8",1,boleto,1,55.22
b775461d5210de56e464cec14c813e28,1,credit_card,1,32.38
ca2d86fb163d5e6c45cd1eeaf6c76a43,1,credit_card,3,30.25
"441e21387d52f5f2e85249669881fc79",1,credit_card,10,225.12
b38eef08b40fc62c878cc175dd26cd8d,1,boleto,1,46.18
dffc09c8763a137aa9d90c1e1a27247b,1,credit_card,1,117.97
b9385ac2c4b80d5339b96a2593dd84cb,1,credit_card,1,31.90
"84bd1040859c31fc8d677a25de8093a5",1,debit_card,1,64.68
"83b1fe04ebec197a8059297cf62e4c40",1,credit_card,7,368.38
a2908f88f2dcd20c02cca686aa5debda,1,boleto,1,111.78
"9827e4903ee46ce7cb6f926533a82abc",1,credit_card,1,89.50
e2493d49c7ac426207fb7575814ebbd4,1,credit_card,1,45.62
a28535f14ee96c734e574170b72034aa,1,credit_card,1,88.57
"3a25790f0659c035cf7d5e3208deb6ce",1,credit_card,1,208.09
"59823eb85efc0c6ee2cbc0567486757f",1,credit_card,7,836.34
"4bdaaba79beb58b6ac0b35bcc649693c",1,boleto,1,53.88
"2ab340837ecacc1da5c088346b0d873b",1,credit_card,6,257.61
"97d6ed0a050dac6d990b16908ce0a5fa",1,credit_card,1,265.46
"0010b2e5201cc5f1ae7e9c6cc8f5bd00",1,credit_card,3,65.50
"56cbeec7ba721c09cf45937ec625f675",1,credit_card,5,153.22
afed4d2938154fa926667651aa232e9e,1,boleto,1,160.51
"3127891eb38cfdbbe6d5603c658c1509",1,credit_card,1,53.35
e381abcae5bf5ba29ff7855e91e40837,1,credit_card,1,63.41
bd385d0011b10c0d7aefa73aae6ef935,1,credit_card,2,29.75
bf5155dc24b8690b94d2a021bb3c5a9c,1,credit_card,5,155.14
f73f8b967be6b99c1a6aa84ace884e28,1,credit_card,1,126.85
"8377e4fefc687781d0b8b68780e2e584",1,credit_card,2,149.05
c76b8b4f31097feb8351e62691177012,1,boleto,1,143.48
dbe0b2da93e4487aef10a366e1aa6efe,1,credit_card,1,71.82
db681ddec887abf991bac122d6c6d4e9,1,boleto,1,115.94
"4424106c5b68a52e3c47371526b4a264",1,credit_card,1,46.23
"3713fe13d5a4c736c62e235af932a494",1,credit_card,4,92.04
"210e60465099814a1d2c7635e4065153",1,credit_card,8,231.79
"821e2d51e9088af9975ede10f80a04a3",1,credit_card,5,74.16
"1e9bf802b8192eb97af61fd92b586471",1,credit_card,1,38.68
"82721df8ff0f0ce187f64c59238e585b",1,credit_card,1,3.57
ee3a623a32094351b321bdbb22394aac,1,credit_card,1,138.60
e43ed2b08857c6ddca4d7337c055debc,1,credit_card,1,119.62
"10074a98ead181e64616038989bf97f1",1,credit_card,3,188.67
"9b8f6a6ca0b17d35ff480e9a2ad8b7ed",1,credit_card,1,28.50
e8470f7ea8b4ca604cef2a97b725c27b,1,credit_card,1,105.28
dbfe4e468c74ac901314aac3d2915e40,1,credit_card,3,109.86
"9c4dfa7a4f01d5042e9363edd0c7c7b9",1,credit_card,2,128.88
b7c3462b308e3d9d375ba7d120ee0893,1,credit_card,4,89.29
"4ba61a173049b183dab04f266855be13",1,credit_card,2,48.59
"4ba0b1853e0c90a33281e484fffc7308",1,credit_card,4,148.32
"16fcb558c864b7eb62bfbf4a55be23d2",1,credit_card,1,117.41
"37279733a7619c85ddb78e515811e665",1,credit_card,1,231.12
"91894a6bee2407fdec8f29441d75541e",1,credit_card,3,45.01
"583ad689dbd7bd2d996f11aa82865ae5",1,boleto,1,896.37
"52432d42fb818ca588e38c5067f73c3f",1,credit_card,3,86.02
d7c3ccdd543d055308e28910eb0a1ebb,1,credit_card,1,50.23
"6bf618a21a2462c8f05285526a277d36",1,credit_card,2,135.08
"0beb6d45320a3ecbd50c0b5fc7d8dccb",1,credit_card,1,195.91
a1bbc50582a23583fb463282d7807e6a,1,credit_card,1,79.98
"882532a9d3af41e668e0d305aa7bfe2a",1,credit_card,4,89.72
"3e6e1b157030813612778573761473cd",1,credit_card,3,69.22
"77f1154408d21b17a8bb5ff045e9153c",1,credit_card,3,102.97
"5a2ea3fb1f6f20d1e8c5f2222cb383ae",1,credit_card,4,77.49
ef2cace7e3c2895b51eae5d230ea336b,1,credit_card,1,76.08
"69916f0664db53d3c547f4a5644f701a",1,boleto,1,84.04
"5cc05e57c52bebf2882278793ed1ba3a",1,boleto,1,49.32
"97cf031e8c5bf37a0b310c07800e323a",1,credit_card,1,157.60
aec9735c10ae64b07f60d33908e5b58a,1,credit_card,1,126.99
f1b077d44b598f5bdb44d7324e527a04,1,credit_card,4,134.23
"8b0bfe5491af8bcf2015a54522f50a9c",1,credit_card,1,41.16
"0fb7c15330c0eea20674f1e5a8be3b9d",1,credit_card,1,31.00
"0ecff8cca2d76a428d055ec79b94f0a1",1,credit_card,10,183.25
"4a1469ade7319bd8ba134c98ee7f0c8f",1,credit_card,6,238.85
"94d293ebc179b90794f06131fdae1883",1,credit_card,6,107.78
"503ff9670f30b2971bcb5df703a3f405",1,credit_card,9,113.12
"57e784238be7a617f533ecdc347ece0c",1,credit_card,3,38.00
a42b8e89c40b20239fd256bd449eb7b7,1,credit_card,3,143.78
dbc097913df341f30b9f9e92f459cee2,3,voucher,1,50.00
fcc0c3371e0af4947b6b4c013ecc6e35,1,credit_card,8,195.90
"393123cf50678c8c2e0921146719d7a9",1,credit_card,3,77.96
b2f832c9f6b30237f231cfc09f82ffbc,1,credit_card,1,38.37
"67829e8aeacd9535f561fa24308579b6",1,credit_card,8,684.01
"3d9ffc9b8fda8e673afb17351d2c0ec4",1,boleto,1,54.00
"19419b6180c4c7b9f57c1753cef7b41f",1,boleto,1,41.97
"1e0d311945858b3394e3b6860838c9f7",1,credit_card,10,709.03
"96e5540d02eba5ac4f6a17083cce7391",1,credit_card,1,24.38
"0a8488f892c3e8631099327c1ec55d08",1,credit_card,8,131.28
"6909a8c6873376d008cc1a51fc63dd98",1,credit_card,3,166.29
"0655a10c9ee5cb0fa451edebb94102be",1,credit_card,1,215.76
bdb52fcc684d212ff85ba88d4acc3b7b,1,boleto,1,74.49
"8fb7236f391b9205b932db6f239478c0",1,credit_card,5,218.55
"4de1d6ff6036a6aec2cedb92da5f8241",1,credit_card,10,185.05
"0c218bb391f7d78332d4d53ad73b51bc",1,boleto,1,73.40
ab7c89dc1bf4a1ead9d6ec1ec8968a84,1,credit_card,5,120.12
"825ace52d27a25d68c72bcbdd7c66aa0",1,credit_card,3,111.02
"6e0b28c14e19f98166a6c136548dab7b",1,boleto,1,191.44
eeac3b5e5eeae743c6f222f4975e3011,1,credit_card,9,93.36
dcfdf4c257739648a81742a5ea7f8a07,1,boleto,1,249.95
"143bfc6b9cf902d763549e6764121aaf",1,voucher,1,43.91
"2e1b58feba35b519cd774e6016c56e19",1,credit_card,5,76.86
"501c116653eaf88cfccc776f8066c13f",1,credit_card,1,47.91
"28e4584280c4d5de2fdd95ab155da4d0",1,credit_card,2,48.13
"3e73a3d4003ea03e955b2fba57e2dc79",1,credit_card,1,86.05
"4a1a527ff317ce92a076fa6aed06508d",1,boleto,1,55.65
c4a40587b7d37bec13caab195e89b240,1,credit_card,1,91.23
"2d7bb18faafb815ac7c8deaea1c08381",1,credit_card,1,65.95
"1aaeb5badaa812e15594d2c5d04e474a",2,voucher,1,53.37
"15cd24278cb6a373aa6bb2ca34837e16",1,boleto,1,24.60
daaa1175302ea22f08aede6bd5bee8bf,1,boleto,1,454.76
"5e8c030bf29e47b0ad1f3d21299793cf",1,credit_card,2,38.23
"5cd4de56d310f9546c7dea5611b658d0",1,credit_card,6,67.57
f45d4bc023494c0c4d9c67630a9d52fc,1,credit_card,3,39.85
d0c468c107ade3688fd4ffacea8e072b,1,credit_card,1,152.35
f7c5c5ff5045e13c98901bbbf8e871d4,1,credit_card,10,231.27
"0019c29108428acffd089c36103c9440",1,credit_card,7,79.85
"6355eaa9ea0d6a5946978835f89effbb",1,boleto,1,29.00
ae20eb35b4db0fe168b36c6c6e3ff0a0,1,credit_card,4,44.08
e21a80eea8af4c40c61e96affe0f3a83,1,credit_card,2,29.38
"32ca67f15446af973fa1b0a5e0cae6d0",1,voucher,1,72.14
"3580fbd460098a41fb19ad93e010e638",1,credit_card,8,160.76
"6f50dd4b4117e4425da9ac374632e010",1,credit_card,3,79.20
"21fffc2b5c2da5c102a2faec84d352b8",1,credit_card,2,38.96
ae8e6884dc60226ca8e43dfe17895255,1,credit_card,1,23.61
"4846854b57d6c6567ce3e53b2f96f0fe",1,credit_card,9,211.81
de658852c7c4ebef68f148bdd87fbf41,1,credit_card,3,31.75
"814d6a3a7c0b32b2ad929ac6328124e9",2,voucher,1,71.23
"5b19cc30f1a0a44439a744db5c2cc979",1,credit_card,3,57.69
bdb9cd40fa95e5b9ee433e9c1b8fa643,1,credit_card,1,32.38
"0c0432a85e60b5eae5f6b1e0c3ea9e0b",1,credit_card,1,85.14
"9c9d7c2faa49c47d07ddf13a35031837",1,credit_card,4,92.57
"47cb08d5bac6105ae32587814fca96ca",1,credit_card,1,49.09
"25f4376934e13d3508486352e11a5db0",1,credit_card,5,82.33
e0ef63a06438a4f6dfa047fc41217f8e,1,credit_card,6,118.35
"9667c332775e4590e952d1ed2b4b5983",1,boleto,1,163.78
dd42374a06906225a225f1e6edfed9b0,1,credit_card,5,144.03
"74fedc6aa056c9359846751fe21a8676",1,credit_card,3,171.09
b6b3633f97c686d8e188ac6fa29ff20d,1,credit_card,7,698.85
"06691ef50a126916cb2d45040258ee3c",1,credit_card,2,149.43
d67ba8aafdc70b372ea99f74795a039d,1,credit_card,1,126.64
fe4033b5e6c7a364a7c3e22083414f85,1,credit_card,2,115.42
"56a97868cb13e5f9af3e4d72256ffa54",1,credit_card,1,159.42
"718cb93721e3506215a31dae8d73074a",1,credit_card,2,65.06
"4420eabc0fdae293aa0f049071c5d871",1,credit_card,1,72.67
"9dc7932b1c116c2d56c1a2c52442d0cb",1,credit_card,3,573.62
"8a98b899923f5a4f37a74af5c8b1d774",1,credit_card,2,284.06
eb7efe0b8397cce63c22e0d6bc566dd9,1,boleto,1,85.89
"5b51c10e37ad26b98a3e168dc9be446f",1,boleto,1,57.78
"4696cae9482bc7043c17dad5cd2e50d6",1,boleto,1,45.00
"21901d247ec987a042a6b89bc3a98bd5",1,credit_card,8,314.53
"6105321bd9c6d494502e32dd1d28c53d",1,credit_card,1,77.28
"104aeb5f53808a5bae6b96a7784a2b04",1,credit_card,2,21.10
e9e0b6e4707812a18fce7da5edd5cb41,1,boleto,1,36.78
"2aed991f5c4a0db2a7aa9bbaf9f4044f",1,credit_card,1,45.05
b78d95a93c70ace32ceafee76789a2f1,1,credit_card,4,210.48
"1b546846285271f61f42bf2954352172",1,boleto,1,73.07
d77031d6a3c8a52f019764e68f211c69,1,boleto,1,39.95
"9698ef73f56e1b499f56bf40ef93b0a0",1,credit_card,5,59.28
e2eaf909eb6ba881117aa407992a5ffb,1,boleto,1,115.22
"40e7e406d2aadf3fb95b04e41909b29a",1,credit_card,7,142.99
da0e581c499ee074995f6e997ae5cb15,1,credit_card,2,28.41
"4064b7bda3dcdab5dc717705f524d3bd",1,credit_card,1,26.16
"5a80f55b30d5104aec28b1bc6b59b796",1,credit_card,2,128.31
"8e6f75525b0560b96f0391f462dbb959",1,credit_card,1,37.86
"2e0c591aeea96a822de207d1a2a5de9a",1,credit_card,10,506.66
"61e278d1de3edd9fe7a19d62737ebbf0",1,credit_card,8,223.02
d7b9a152c1afa4cc6369201a7b04dc68,1,boleto,1,183.84
"8d23fb4e17833d8bf866d3ae3481a3cd",1,credit_card,2,252.38
be1aff1e5ed8adabab251a979e96bdb9,1,credit_card,6,532.77
"6f1a5c9e21e2e48b21bbe4519b8cafc9",1,credit_card,1,119.84
e0a7b1bed2f7b6ea6f1ad9fab878cb12,1,credit_card,1,370.23
"1b0bca54c8db32dd715f2c60c63268ca",1,boleto,1,124.42
f1d5c2e6867fa93ceee9ef9b34a53cbf,2,voucher,1,9.28
"4c69bbdad86856084206eaf2d9349122",1,credit_card,10,1925.81
f3cdcfb1e284df216c693101dfd1f864,1,credit_card,7,76.08
"84725ed03be12141b53a435b57fbd336",1,boleto,1,46.78
"9cefab6270eb935eb96a97c56b8e7984",1,credit_card,2,189.01
a2f11c7013b28222f6c33526257ce2bf,1,credit_card,1,38.14
"1749aa0c3e963525049e36964941cee5",1,credit_card,1,69.03
"9e4490f14f9c72dc40d107d497fa7573",1,boleto,1,70.02
"16841c9446266366004dba2af55469d9",1,credit_card,1,104.95
"14433250d2268548a917e1a0bdfd19c1",1,credit_card,1,31.75
c5fd5386640ddd76adc482b72d24a02b,4,voucher,1,5.79
"04f352fa3f3b02bb7c523906d577c4b8",1,credit_card,2,242.54
"2affd5996127141118380e30fdd8964a",1,boleto,1,114.64
da1990d1037cd108f89b13fc5db97476,1,credit_card,3,181.55
e116eac042ce23ba779ba603da515b4f,1,credit_card,2,127.97
"482538374ee64ae910d1c2e2d7d58f28",1,credit_card,11,129.22
cc1ae65f9da3e917ded9ef6cc5325e84,1,credit_card,5,143.83
"1b307ea4f5d5bdc7289afe051242dc2f",1,credit_card,4,278.06
a90f2cf8d5c323e4a3de7437de1ff1b7,1,credit_card,1,24.77
"42895607072db349b61edb6cdbc363a3",1,credit_card,4,213.67
c236814f448d4536d236cbe7e34f94b4,1,credit_card,1,55.83
d4e413e096efb5d9b209b28ac79c62b7,1,credit_card,1,41.84
b7a77aac1be341d2f9009b231cd3b4e8,1,credit_card,10,173.21
"31d9e006c7c94bccba8798ded8f50034",1,credit_card,1,146.37
"8d5be7c8d0ffed4ce5f1b92cefbc35e1",1,boleto,1,83.41
cda873529ca7ab71f677d5ec11a40304,1,credit_card,2,75.90
b226cacb0f9d03a94be963d2d8ceff65,1,credit_card,1,40.72
ed35f59756edecbfcefb866146f00905,1,credit_card,8,1344.82
"16bd3fc02551c1d7c7adcfba92b674a2",1,credit_card,8,163.79
c91e35b238a6f290a0ab89a40287fc40,1,credit_card,1,132.49
"953924bfb9b567973c9f02020eb17eab",1,credit_card,1,67.35
"9a1fd7b63a47bfa545b120cece07526d",1,credit_card,2,57.62
"69b324e5a47d15d61742ad9e0e3e5f62",1,credit_card,8,84.23
"0010dedd556712d7bb69a19cb7bbd37a",1,boleto,1,111.12
c2df028c86d4158c1bae5a4028860656,1,credit_card,1,142.76
"12e3ba822961de771f16352fe1c11ef7",1,boleto,1,22.19
e987b29cdd5c19069d7c65a4eac2a806,1,credit_card,7,72.18
d7223bda384121339a1417576984d28e,1,credit_card,10,492.53
"169ab175fb915582d84c0c5c95bb0fe3",1,credit_card,10,741.10
fab488165423ae4a65b46569091cf205,1,credit_card,8,100.57
"9e5fc42becc8679682eb9d170dad5705",1,credit_card,1,68.22
b00226019e5bae10bcb0b8ee041e96d4,1,credit_card,1,83.70
"6bf136259829d50a608304ba02fb14b3",1,credit_card,1,61.05
"05535f67cf6802000ad3107136cff4bf",1,credit_card,9,116.45
f640183c8895bffdd9fbe37601bcdfdc,1,boleto,1,82.63
acfd4e73993d49708599a826d48978dd,2,voucher,1,15.23
"901a84df9454849d20d02683117105ac",1,credit_card,4,88.09
"9ae8993f1d41f39505759f4683e0d2ad",1,credit_card,1,51.84
"0653cf037de0812e8ba775b4a0ea9c2f",1,credit_card,4,97.71
a3b2f732ed4ec79b2aa8ac4a897122a6,1,credit_card,2,26.28
aa92022889a8c635cd807d74cc6878f5,1,credit_card,1,67.46
c228fb80043a1ebf0ab361c676972a34,1,credit_card,1,15.70
"177777137ce0af9e9cd2cff572728cca",1,credit_card,8,261.46
"0902d364e14a1dc0b156a550d070cbb6",1,credit_card,2,257.22
a27f62a78cf61c0b88a3897a2e5cd8a6,1,credit_card,6,80.20
eb0393138e2e8b7164947608489f069e,1,credit_card,6,225.86
"3dbf83f783c5b8b10a714e9c887347ba",1,credit_card,1,121.39
"9fbb5a7911ef83cac2881f1bbdaf7812",1,credit_card,2,236.23
"1c437b4d4326d36b71e91dd7a7c2c4f6",1,credit_card,2,263.45
ca46dc3fa4fe36c0a82c9e69bcb94fb6,1,boleto,1,531.45
"4b30471e79d2d257fa289b154967b203",1,credit_card,3,65.14
c9c197c62cb2a03cfd83624c690744df,1,credit_card,1,37.61
"38bf87ca0f718d17d331fe70eb7431aa",1,credit_card,1,2.62
"90b1834032530ed03e7bbb0f6f2d7125",2,voucher,1,105.72
f76a62e24ff0dd2fdb60bce08e50f30c,1,credit_card,2,32.70
"1d6d28833a5f36495de13114e3f5f505",1,credit_card,1,67.05
"189eace082b66e404c26e75f43bbccfc",1,credit_card,1,80.02
"64efffeec4731f7a196d327531aa95a3",1,credit_card,4,45.09
"43bd50a07cc1758b29b32804f1a6d552",1,credit_card,1,57.67
"4e53a913dfd522beb67229c2784dde5b",1,boleto,1,154.38
"43f4a8049581a91b58328ac686bb91e5",1,credit_card,1,124.26
a059bf220c121cd3d48e82b036e831d0,1,credit_card,1,50.23
"9c20d32da9901199ffd5a24288b6c259",1,boleto,1,222.92
"4e724a5cf81fb255b3e27cca2632e90f",1,credit_card,4,83.79
"6e60f42eb32450c23ec4595056312745",1,credit_card,2,60.00
b26281af4e5c3a50b10887f626ee883f,1,boleto,1,129.88
f0879b6057e432d81b2eab159c70a0b5,1,credit_card,5,96.80
"702c1e398b49275935f9d3a6e344083d",3,voucher,1,3.85
"0c1426109d8295a688ee4182016bba59",1,credit_card,5,61.11
"81935e523702224d87bc6b915f51649e",2,voucher,1,39.70
"07c60b22ef2c61750215fd44cf67f928",1,credit_card,3,117.66
"1184f47611befe5e28db021be60171c7",1,boleto,1,27.75
"24a31355e0e690141e93c85f2e846368",1,credit_card,2,137.23
e00a6c9e0c7028b7284c5082d59ae5f6,1,credit_card,2,138.50
"34a1e7e0bd6987d552a7b050ad68a314",1,boleto,1,169.92
"5c097b2906957e90e5958008194041ba",1,boleto,1,88.19
"8692f02bfa6e672dc1feec8381f8127e",1,credit_card,5,52.85
"3b217ebe4d179dfb38b00c9047569dd9",1,boleto,1,144.28
"10dcadee7d291d6dd245b3f85b11fa65",1,credit_card,1,23.84
ff0b6187cf7193bed62f8974ee957d5f,1,credit_card,8,106.38
"6e7e9fd0c7c9256e1119cbb95fd12bce",1,credit_card,1,10.08
"284f45ebbf2b9dae5ad6699417798e08",1,credit_card,1,97.20
"0e308535f2149cdf7ea180fa7495d659",1,credit_card,8,309.07
"0aac3f6d27bb6ca9544b436813cec8aa",1,credit_card,1,147.15
"1d205ebf60a8861d97019102c645668b",1,boleto,1,31.75
c000556923c9e9f96eb1121213f153b0,1,credit_card,9,99.43
ab82b0d931d692c586fadda4ef9c1397,1,boleto,1,73.34
"083606af9191f3c3119ed90e616df1ca",1,credit_card,1,383.32
"6b901164a6a34cde6b892a1a3c549294",1,credit_card,2,60.63
"7e838ceff164e744461d1b4633150d7e",1,credit_card,2,83.42
"73df5d6adbeea12c8ae03df93f346e86",3,voucher,1,29.27
e5e48a59f8f3bf0f381be370b1ccb35e,1,credit_card,1,49.10
b1d12607ff873709c10b5f5076e5b442,1,credit_card,1,67.29
"665f2994ddf4e79dc7a0dbe27e851e8e",1,boleto,1,225.67
afb7c0f7929d4ac3b13a200b2137d90b,1,credit_card,1,64.02
"593820c7bb9aa1200abb7e6404b2143a",1,credit_card,4,41.09
"814707e8df2523bcaaa907ccf2509212",1,credit_card,2,141.58
dfa0b68ab249dcab78fb4046b7f3050d,1,debit_card,1,129.55
"9e0d565b6426f0ec14ee6e1be3047f8d",1,credit_card,1,64.86
d3d4b84b9e497a1bcec277409c35176b,1,credit_card,3,186.71
"309f6784abccce4e6e99672dca8ff4cd",1,credit_card,6,1702.35
b8c5f369bfaa01d560abf962a460e01a,1,credit_card,1,100.70
f237e8ddc05a21386ec9441d40f8e09e,3,voucher,1,11.12
"3359d2d84d5a8f9b5f53c65f926c5ec1",1,credit_card,3,96.22
"42cfc35f78bd1eb6e25d12d8920328f4",1,credit_card,1,166.99
"97ed3c46d9b6ed13afaa7d8779322d5b",1,credit_card,1,65.76
d15b470095fbc3ced455be6889f344fc,1,credit_card,1,37.00
"72da19d53265a57c6e81454bb0c7add3",1,credit_card,3,174.59
"58b178ec22e2b12ab0757e446b2ec4fd",2,voucher,1,50.00
"61f4d740ca1d5469d7aeb49f65719f3f",1,voucher,1,68.32
"34f18b550eaf850333060c58ac00261c",1,credit_card,1,38.01
"01f80c40f143af17e50622fe26ca76c4",1,credit_card,8,137.27
"20aac17e27ac5fb3ebbf44a26b0e2d3c",1,credit_card,4,118.35
"968cb4fb4acbc42bc8ad87fc3caba34d",1,credit_card,1,228.14
"64104832b73ed5ba84d57f80a05cf01d",1,credit_card,4,233.21
b0f913cb83681e8a8563b96b641b3e1b,7,voucher,1,79.96
"98a2a4cca9f2d2ff187a6b456abb7c74",1,credit_card,1,52.69
"9a613bed98997c9e9969a5b93500f491",1,credit_card,1,25.39
"572be93cb31b1fcee2a7fac8071c8208",1,credit_card,2,105.87
"855e755c4e5146e0db241ffade6b94b2",1,credit_card,2,27.29
"279976cba5252901895ff5af44890cca",1,boleto,1,577.00
"8f19b1466924e815b715190893700dec",1,boleto,1,199.51
"0e8ff627f13a661a3886dc96e386f84e",1,credit_card,1,25.29
af42887f85d980291a066176c4d13709,1,boleto,1,100.00
b69321fb7d3000994c5a2b55c4f3cb01,1,credit_card,1,26.73
"8628004441d1bfed0eba2925c11f0a9f",1,credit_card,5,106.78
a8cc5640bb6e6bf0280850917666c4d5,1,credit_card,3,126.86
c919149cd022b45a249fb326d2ee89ab,1,credit_card,8,137.74
"89331d59a40d00a147e107abe6fd9778",2,voucher,1,80.00
"800dec7675338cd2670326aceb153f09",1,boleto,1,167.80
"3516e5d5f67c23496363aa89756c4cba",1,credit_card,7,145.57
"3a02f2abd527b2a2b0504aa48bc1b7c2",1,boleto,1,73.15
"0608991422469365a7b98644f2456aed",1,credit_card,10,243.72
a3631f17471dd636e4886ce7c7f49e04,1,boleto,1,545.14
"9b8ac5a3f09f1af11380aa4451dc2ac4",1,credit_card,8,206.88
e81f9367113fbd126f1b01da8b50f0f3,1,credit_card,1,129.58
ad6305c54a1fde395aba401db42bf672,1,boleto,1,208.64
"33fa357691a45c05120f01f4fd386dca",1,credit_card,1,66.01
"534d77dfe962b8d3c624d2f069723b92",2,voucher,1,50.00
"4e5d55d40118f10ac43d483e9094246a",1,credit_card,2,87.12
"2cd8dc22010a36c69e3fba6aa751182f",1,boleto,1,116.07
"61d54e16685b5da6db2e220e6588c376",1,credit_card,4,203.23
db2591092d4d4eefdacc5957508a3af3,1,credit_card,1,50.19
cf18511cb84b8a7ca3c2b417bf1971a7,1,credit_card,2,110.42
"30bed8eaec2c3cb8f77fb3da3b9a8e45",1,credit_card,5,118.35
a7e2e99e49329dff2ac305e42c7fb59e,1,boleto,1,14.67
"2fb5944fe8b440b6b1e35e1a05eb92cf",1,credit_card,4,225.43
"5f498836a73a6ef414a303556f3f83bb",1,credit_card,5,171.52
"3575f2d00b5591e5462a2fdf78ce6750",1,credit_card,1,270.16
fdd678635b39274d95c2c554ab99c6f3,1,credit_card,2,39.75
f4e3efa8e78dfe5fcf02d849dabe3869,1,boleto,1,118.62
fc22b5be95b78b75981e0941fde2d34c,1,credit_card,6,155.63
cef5090298d950b6fb6f220e7e1fc9d5,1,credit_card,1,138.28
"737b63f784a8e20dbc2a9abd527f3923",1,credit_card,1,65.69
"027b013d2186e25c2b82beb3679d0833",1,credit_card,4,139.17
"8ff2a1bb6ca93be212d4ecf85de7e14f",1,voucher,1,122.37
af4406338c93f1ae4eb1ce820f3506bc,1,debit_card,1,73.34
"3ace6f2805072fe7b4512a1e3d11217b",1,credit_card,1,99.16
b646230340125ccb34ad274da72e2d55,1,credit_card,10,215.14
"8c832bb62350baf5d5bf4138f91787e4",1,voucher,1,87.64
"0e2aae39225d075cc7fdfda12ef5434f",1,credit_card,1,58.18
"067f9d27ecdd6f2af735e17be1b064ea",1,credit_card,1,114.84
ab3a669dbdc7a8d447bb6fc7a158cf94,1,boleto,1,43.17
"0f30dd4c9af7aabbce81fc381ce2e807",1,credit_card,1,56.69
"270876310226d967a79f278abd5eebdb",1,credit_card,8,180.80
"126b4962a09981cf9da3c8dc0470154c",1,credit_card,5,107.84
cab69d0a36811c4945aec2d4f744c8b5,1,credit_card,10,230.19
"641b3f1c458e28bcc1ac2e6e5e526489",1,credit_card,1,47.62
e4d3feeb8db71932f3211bb585169c4a,2,voucher,1,50.00
d9164ce0fa1f133d586e4373c8571614,1,credit_card,5,54.50
"4d9190887b47ff1b89c657c788c038f6",3,voucher,1,12.80
"0cd74b0dbfef5f1f8dbdcb3128f0dc51",1,boleto,1,176.20
ca4ae0f72099b587c67669fa71d105b9,1,boleto,1,126.47
"35133d30b32f389949394cf5ce8ab03e",1,credit_card,16,167.37
"222dbd787fceffa6d29b3586ef4f9c11",1,credit_card,3,174.14
"43e4d5ff99bd1ca2d1cecbbf81067f4d",1,credit_card,10,639.90
"96dcfa01eb8318b92700f1e4e3709fcc",1,credit_card,2,54.78
f8a9c0be5071e2ca36f561ad567b1800,3,voucher,1,14.98
"754effa06b71f54d7f439034c128b509",1,credit_card,4,737.62
a5a76b3c38acb63a4d867b5f3f59f941,1,boleto,1,40.99
d8c15550aee132ffe4ed54c7da238e35,1,credit_card,4,86.02
e697685891b55205f61d598d64db1c1f,1,credit_card,3,244.06
"63bd88cac1061f6574789bd7921dd5f2",1,boleto,1,43.71
"9193ad4fecc33b317e85fa7bc19600b3",1,credit_card,1,57.43
afe9b142aa12b2e05162e32e1e25fd95,1,credit_card,7,78.94
d79acd725bc4a0f28c6b42a9471d783e,1,credit_card,3,171.55
"64fa84c83d247d06bdb6cc81564890e3",1,boleto,1,66.47
"0ad3d55b3745d0afb5dd2d9f86c25dbb",1,credit_card,1,38.01
"07f83d154c11676890dc6275328ba6c1",1,credit_card,6,269.93
"66565684fb831da6924e8cb4b0e1c2ae",2,voucher,1,250.00
"03515a836bb855b03f7df9dee520a8fc",1,credit_card,10,106.38
"35a23162541ebaf7dafa1a7f30cfc9ee",1,credit_card,1,48.27
a4569e83b396f45f5bad001bce729da0,2,voucher,1,46.89
"811da02bb93fa66e8ecc0f6b500cf62b",1,credit_card,4,91.36
cb7a163b5a7bfd95bdecd89f04bba256,1,credit_card,10,175.25
"6da34f9b88619e4ba847c49363dfb425",1,credit_card,1,116.36
bdd09f356f1fb252571e6834bbea357a,1,boleto,1,94.77
"5f126df05a309c7dfe7ab136cb03ae08",1,credit_card,1,170.00
"9dfd36609f9bcc11f7712d98466d9aa5",1,credit_card,10,216.80
"5705f0ab5240ded54a1da959e74813c3",1,credit_card,4,41.01
"38ece426df6061a1672fecbd2cd3001f",1,boleto,1,113.44
"8413ebc651b8c647366e0e2c61dd63dd",1,credit_card,6,467.89
"095d64baca2fe257a3dfe98da12f0460",1,boleto,1,61.06
df1b3a108a46e8bea6a2469a6dd24863,1,credit_card,2,24.75
"63c0c13581a5bb9483b698f6bda9fce2",1,credit_card,1,123.68
"1d3a68238096f9cec486437166e57716",1,credit_card,6,146.25
cc3db854dd878770935397762ee0e1ce,1,credit_card,1,43.22
f64838e53785a6d7f2f0b9814e11a55f,1,boleto,1,182.76
"85728ab380c0bb7e1c0f5f26d1e48cd3",1,credit_card,5,254.47
"734fd23f82c457088580cf5a8c9da909",1,credit_card,1,47.44
"398c8e07a36c8e10448623bb36a16bec",1,credit_card,2,55.00
"2b91a37b71adaff0cc49079ce382939d",1,boleto,1,135.72
"4bcb31b6a61c7fdbcb397a502edd29a1",1,credit_card,4,44.10
ef759931a1e239c554b2d2a25957e7cd,1,credit_card,1,252.38
"302af85f51f58d45da103dc1d801704b",1,credit_card,5,91.21
"0fdf3166230480d0c55e5d70a2da40c2",2,voucher,1,15.39
a29603735d5063717c14b5f074b32c99,1,credit_card,1,62.82
"8fe92dd4725e5491f940344206b42fe5",1,credit_card,3,45.67
"2c115ba9e25f2b8932ec710356d9eca9",1,boleto,1,32.96
"073049331da5458f61598e5d221f4928",1,credit_card,10,108.59
aff6ce4c3564b24d8ecfa5f9d9c62fb1,1,credit_card,1,87.00
"80850824446cd379f755548b967c61b9",1,boleto,1,184.88
a4521fa62b4f3bbe260aecf4dbc78935,1,credit_card,1,50.00
"652dd239023471248957a1a2d5173b60",1,credit_card,3,140.44
c263f74f0ce9f6d9e0f4608a22a67dfd,1,credit_card,1,70.53
fdfd424dfca9dd4e5e8a895e20bc97e3,1,credit_card,2,158.09
ad0094254eb3881ba1fc670676ea7c06,1,credit_card,4,109.62
"44c497744f3f3876b15039fac1716dc2",1,credit_card,3,195.54
f698a227c98dd9263f510f1cbdda7985,1,credit_card,5,102.84
"8a3ed0cb80d59a07e9eae72442eeea63",1,credit_card,2,171.00
"60f262077cbc086086e49d225d09114a",1,credit_card,4,193.90
"0b7b12a402b064d880d3cb31051f6d29",1,credit_card,1,86.83
"87f1b9ad1e34b07badd5ba188838d127",1,credit_card,4,137.47
"15326c34cf9b21f614aab987f04df16d",1,credit_card,6,196.07
a33491b78e10dbccf1e59fa7d5daf81a,1,credit_card,4,237.78
ca7d7c95b0f170aae8a2ee59e2f24f66,1,voucher,1,20.00
"68ad8f293045e31f9097444f2814e436",1,credit_card,2,51.88
"21fc87cfedd833f6e6749fd823dc9754",1,credit_card,1,28.26
c844fe47e745e3199e1f985e6dec1618,1,credit_card,2,159.54
cfb94976becda338ad4171c3c072561c,1,credit_card,1,52.23
"0fe1829613c45b423f51aa8949dd8d57",2,voucher,1,50.00
"0d6095ca2592bbcc590d4954e29c7924",1,credit_card,2,35.19
"89d027af13df8cb1af1f0da1216481fe",1,credit_card,2,66.08
f6bacd0dbc1aa8e5256c4bd6e4b08b03,1,credit_card,3,56.50
"2776f1ccb5f02e632cfad6beddf14af8",1,credit_card,3,133.75
"361a8e5d36aa919ab0d8de09ee9a3013",1,credit_card,4,132.61
c85e13fa13301ec2cb996db10353e737,1,credit_card,3,68.40
"8a77c13015238c33f75ceca24b5392a6",1,credit_card,2,74.16
"7fae897a23c0c0b24a16aa156a536f91",1,boleto,1,63.62
d72d3f4cc43d48736c9d01b802a85bd9,1,credit_card,1,178.74
"682332c2474e425ea23c40848faa25e2",1,credit_card,8,184.93
"1ae9416cc460b54e019ac44ba53f5b1b",1,credit_card,1,64.60
"2dbc4c66728ea83e323443d858586881",1,credit_card,5,470.62
f9418673303e682d25b8e8a57bb7c4d8,1,boleto,1,31.22
baff031eabb2b15f770c6ae2f62d76dc,1,boleto,1,102.64
f3a5912c19c19f1c1bbbb7a47ed9afc6,1,credit_card,6,610.92
edc2a37b6c40c6ac0a792e46cf248848,1,credit_card,5,621.35
"8e111be7da8066764ce7894bc1623c69",1,credit_card,5,68.55
"567653c46861b54519b6f4cdee500f0a",1,credit_card,1,70.06
c29f77479a4983291796c220560a9646,1,credit_card,2,126.42
e05d47db6161413ab417d533c1424904,1,boleto,1,81.63
"65b5c34eac96c508fd60327de50a2d3c",2,voucher,1,22.10
"8f15948ef0bdb4709a5801084a564c56",1,boleto,1,84.05
"53595a8aa421790cc9d2e85db64cb3c1",1,credit_card,1,87.39
b53712c11389475059711525053a7f35,1,credit_card,1,74.14
bca438a94b0b58bd0f7a15666e522042,1,credit_card,6,73.49
adad66be45caa015d25e03ed17610197,1,debit_card,1,153.90
"4b7f3bc13a8180b1cb4de82745278846",1,credit_card,3,225.71
"9a4705eb98d3d163623b45352b54919a",1,credit_card,2,268.62
d108fd23680159d7981c0da9a46fba79,1,credit_card,1,125.90
"2fd30a0079e9100628c92bb583ff56ec",1,credit_card,1,47.62
"3b0dd50dc2aa331331704962064c8a8d",1,credit_card,5,356.79
b55d769ec9ecc14f35096c6a4c5d83d7,1,voucher,1,62.34
"8a096b1a1ab9573d96ff53df946afc68",1,boleto,1,47.29
"26047bf46b017a9f8e502db4ef972500",1,credit_card,4,75.69
"65eb6250136c43439c237f613a616d06",1,credit_card,2,67.22
a201df9049369ecb87e5c87029a23e1f,1,credit_card,8,784.07
"5043f784269d4557975f07e2ceae445b",1,credit_card,8,80.21
"1a2720764e8d2ce638f1696f2951a9cf",1,boleto,1,439.76
"2ed48d726a289639aa011e94ad6dcf87",1,credit_card,1,56.59
"2ae5260ce606b477a55abe5a13cd5cad",1,credit_card,10,1031.69
"93042fe5b79e4daa53ad9d1b34bd6c15",1,credit_card,2,57.58
"2942de5b4c34fa90c38954a9e86f7fcd",1,credit_card,1,82.98
"2195712688ef03e20c8053de61c82493",1,credit_card,2,187.49
d8393142319e943a9b883adab79e9561,1,credit_card,2,57.68
bed231219468923a99e746ad42b9ac8c,1,credit_card,1,82.60
f66bba404e7e0fbb79876e72ebee3d76,1,boleto,1,23.27
"968881fd0bc1fa8d068c381b3484223d",1,credit_card,1,47.75
dbf30005e577a1120ad6ee6630cd8720,1,credit_card,4,85.63
"0bd81c3fc5ab72f8089147192cfc3f5b",1,credit_card,2,70.15
d6a3975b1c9b18752ebf945128ff9c3f,1,credit_card,3,36.75
de0d5d6bf2003cc68cddbcbb3783b87d,1,credit_card,4,64.22
f119f2d71c96714540bb893bff51e122,1,credit_card,2,110.53
"441c5a5da055ac9043e37bc8b976654f",1,credit_card,1,111.65
e50d7ddc8da687eef58e56ea9444d302,1,boleto,1,144.68
"5b26d9049a86fab0a83280e17de710ee",1,credit_card,1,17.59
ef8c51f3610d990552701e064e71291f,1,credit_card,1,2028.75
"497b22cf27e02673170a190f5c0f621d",1,credit_card,4,184.83
"694b1193d18ad057554bf13679e6a0b8",1,boleto,1,51.75
"264d1f3efc32d8d8243d16c9a582a0b7",1,credit_card,2,250.61
"938324ab7faf3c0b99fe286fdda92dd5",1,boleto,1,36.84
"18a8bb432be9ac26b2115d500adf86bc",1,boleto,1,217.36
cd62738b275de1aca104da8e9ee761a8,1,credit_card,10,269.78
"02fe1a0806a5041f35fc69f658202c34",1,boleto,1,95.34
"95a7802de396f3df0c682ddafc8f3152",1,credit_card,1,76.79
e3433a7caf6767057e8df08f1ac6d457,1,credit_card,8,87.13
da383ff6aa9558f3bd909b1d76789381,1,credit_card,3,69.44
"5a339130640419f9e00ab4b6ff61dc22",1,credit_card,5,163.65
"72803a35d778ec37f2abb88ea76620c7",1,credit_card,3,100.86
"08c182b2e7095965cdf8fb5be1cd5b3f",1,boleto,1,65.13
b489f7ae130ba3fd26b0a20f8cc81c61,1,credit_card,6,153.61
"272af191d9b4e925f8c0281ac0573753",1,credit_card,2,256.31
"17763f2297211e949e3925cfb2d30cdb",1,credit_card,10,376.12
"9752eb052b38b8f258d4547b4eed7e0f",1,credit_card,2,52.26
"1f7ff21f05c5258ab082ee51e8b2872e",1,boleto,1,151.90
acc3d4031cbd2f28ac6b5b71427a054c,1,credit_card,2,130.75
"76a8885167de6cebce9e33f8abc9f149",1,boleto,1,72.52
"23f563c1e12c5d6d279ecc446b5f933b",1,credit_card,10,185.39
"56400a721b65efb0da1a9f11ea5b2dc7",1,credit_card,1,72.16
"8791bf41384da9d1984f98c71a007e85",1,credit_card,8,385.30
"8200c0f5298c25d0c51f66b1c63b6ebc",1,credit_card,3,460.84
d887b52c6516beb39e8cd44a5f8b60f7,1,credit_card,1,100.25
"1228dac9977828d7f61c8785ee414064",1,boleto,1,102.03
"2c9dc43931bd73d816deb0582edff245",1,credit_card,1,298.32
"9df975b38ffcb2931968b4949c8b29a2",1,credit_card,5,138.63
f877f47f62455df158e69f767fe6b9cf,1,credit_card,1,118.96
"83924e024872f99a5ff6ba31d7161b91",1,credit_card,8,200.23
a29e1c93ee597410428699bb1e339edb,1,credit_card,1,55.64
bf5bcd59f69c6840dc0f1d9732abf47d,1,credit_card,4,271.38
cc7dfc8992e6aaa96f3248ff602ee264,1,credit_card,1,132.72
c36722bf525388104790764a7917ca07,1,credit_card,2,63.65
"572acae7da06b5b656a1b296d1fb131f",1,boleto,1,35.00
"20824f4d96365315a1f191746a385a0c",1,credit_card,3,32.69
"4f53648717b48854fb9db283e2cf5d27",6,voucher,1,4.74
a9c5d437c9cc6fe13dfe671f0dcc7ebc,1,credit_card,2,168.08
"15de6843350851629a5466a37d2b3486",1,credit_card,4,108.44
"70c77e51e0f179d75a64a614135afb6a",1,boleto,1,263.47
a7b1bca7ec838a8ddb2a1a1403c5d1d2,1,credit_card,1,0.49
"66f4d4cb45642e879ba8c00484e13aa8",1,boleto,1,101.46
a5002a450fa93774a5c3f26f67889bf9,1,credit_card,3,77.95
"8f90bd287474f07e918f11e649848539",1,boleto,1,47.53
"707e74158c5b971316d037bf93366df5",1,credit_card,3,102.70
"9b42f8813f6bfa620e0c91a4e132f2c0",1,credit_card,2,63.12
"514ed457190c903720b7fd33660c486d",1,credit_card,8,366.19
"56f251ca89f74d06076966d5d49b9dc6",1,credit_card,4,110.40
"61b99e917a3da2c77c1a3ef38cdf38de",1,credit_card,6,62.33
"69697763300040978b1c88f1bb60ad24",1,credit_card,2,190.17
"6640f59de104f0d99080a84abb0a9bbe",1,credit_card,5,103.55
"63a4d488f28716c95af9ef41eaddca19",1,credit_card,1,215.07
"427985079f72032e3d53ac33888b88e7",1,boleto,1,66.76
"9edcbab43a1784c6aa3737a7f2fb5dde",1,boleto,1,22.55
"2b5d5c1847d069c5efeb82f4056c15d8",1,boleto,1,257.67
"064eacf6619a7203b06b7187bf3a3779",1,credit_card,1,37.80
"5fdcee361d689906697597a4415711b2",1,boleto,1,99.43
"24f6d178b92691453bffa42151277fbf",1,boleto,1,78.12
"38acf4355fd1e66ca9b94df9f275b673",1,credit_card,1,319.25
d68ac2a1fe441368e9bdea2c2a4d5ea6,1,credit_card,1,42.48
"78a567dacc45a1f72d4ad754a6cf82b0",1,credit_card,3,157.45
cac424e74cd7f269d55aecca60a99333,1,boleto,1,40.17
d5a71b64c3592b5ca24b856cba608940,1,credit_card,2,366.24
e7b90dc72945b8cb0896e981495522d1,1,credit_card,2,69.22
c52fc1fc33756cfdee5d0cd6fed55765,1,credit_card,7,182.63
b8b2320bc7303abbc19c6976fe8b2fd6,1,credit_card,1,112.58
"570eccb41678dc30af2792b28b86bb45",1,credit_card,4,398.85
e14ffd08eda953986d92a6cf45978ad3,1,credit_card,1,55.22
"096375c5433ecff9fd971ca2bdd40f1b",1,credit_card,1,58.13
"67d96fe2be34f84e637cb249cb019726",1,boleto,1,95.30
"6f3f7659b58b0787d5881b1cad295af2",1,credit_card,4,291.28
d1eeb7258c6971ef8e350b3cf74bb7cf,1,credit_card,3,189.08
"8abad7f94ac09beb87ae2286a4964e7e",1,credit_card,1,340.46
d55ebcbe4bbcf9c842471f10b1b82f1a,1,credit_card,1,103.87
"38fd5de0bdcbb66b8c100656463bc730",1,credit_card,1,83.80
"068b6cedb09dad00249cb7fc310bc067",1,credit_card,2,151.96
c547c9add673a922b5bf997e06202754,1,boleto,1,64.23
"3311d98897ca2c0c66c09cb3e4c45447",1,credit_card,3,57.73
"518a27a223dd20b3d2030d2a5d9574e8",1,credit_card,10,312.59
b0930bbc1fdf3886c30a8066bb647148,1,credit_card,1,29.47
"579332417ec95ade5b2e5ebe06de5d2d",1,boleto,1,116.27
"1aa3c5dc3d9668e8fa8a0af87a8dbe55",1,debit_card,1,72.14
"1eee90122489f645e511e11ab3ffeedf",1,boleto,1,53.99
"6711fee36dd6c08f101b5b21eb439ddb",1,boleto,1,168.40
"468bd6899c762e315ec2a00f6d936b8d",1,boleto,1,26.68
b8eaf5e9d1583c47190523695464e441,1,debit_card,1,54.25
c36078aedc2e7cf1108ddc431667f517,1,debit_card,1,148.15
"71c0d1686c9b5556355dc29a0f5cf8dd",1,credit_card,1,98.20
e6f93bd585302afc87091c7d85c21ffe,1,credit_card,1,39.91
"0b405b8ecc88bad4a3f2eee0fba1419f",1,boleto,1,165.25
"3d2dcb01fbc5f4d34251dfc216cb2034",1,boleto,1,61.73
"62b0218b2b5a838f1aa7f1fcd11a59d4",1,debit_card,1,146.83
"02950daa1214da108fb29cb5a0a3f74e",2,voucher,1,38.09
"01ae5e4c5d2549f7c05000a2f5856c28",1,credit_card,1,55.60
e75f1da586f734da31fb56a851068857,1,credit_card,7,77.57
bd34c0a8e58e5e3a0116f8be431a86ff,1,credit_card,10,913.70
fd95894b24d15538aa7d85f7039d81bd,1,credit_card,3,255.36
f9f15e02ed74cf8a21b8266a55498942,1,credit_card,5,112.94
"8138944aa954bbc7c286a30839130583",1,credit_card,10,758.93
"1b88975e652b474825e1d68839f836be",1,credit_card,1,51.54
"79f0079f45f137b3a4d31ebbd20de6c2",1,credit_card,1,75.53
"465c2e1bee4561cb39e0db8c5993aafc",6,voucher,1,13.40
b512ddc51c7e887830f3e11d3a4d0f9f,1,boleto,1,82.21
cc91a8e555c5d0b61066e4be9483fa57,1,credit_card,10,239.57
f0de831f6d96e0046743adce5f86c695,1,boleto,1,74.88
"3b6521c57fb29190883e68aaccc86cde",1,credit_card,8,288.38
"39444c4357a54def3a087956dbb17e62",1,boleto,1,41.00
eed639faf065efbc912dfe75efef590f,1,credit_card,6,442.74
"62dd8e5f0825db70280fd7e07e599900",1,credit_card,2,113.96
ef6ab439f4c596638239ac71cf5fb391,1,credit_card,6,236.65
"2dfa14496bfd2a02b3ab479a58171bc6",1,credit_card,7,79.32
a4003270744e89d81a5b5b0a2abce572,1,credit_card,1,54.77
"4c48c455b847c7a5d291a519e1e42d28",2,credit_card,2,26.48
ff36dfa12cb7e25f1e145ad701e2f994,1,credit_card,2,80.21
"912013de8efa1e912b59b103a537071f",1,credit_card,2,117.73
a8f5ea0830ac9ffd1d2864434bcddb70,1,credit_card,1,2075.48
"28fbe65f18578f91f026300af5e6bdbc",1,credit_card,5,110.25
"0a8c76aaf89178fd0f7655214a6b5223",1,credit_card,1,74.17
"31aac8ab69f5fdbc7c0ae9b6e1beee30",1,boleto,1,28.77
d1c8a4c31e8c7baecf7db50c988e5527,2,debit_card,1,584.33
"4069c489933782af79afcd3a0e4d693c",11,voucher,1,11.37
b3ccff708b4d00e9f5ddbbadfdf427b3,1,credit_card,4,48.69
"656689d74b6f04ec228f13e98fc9b15b",1,boleto,1,548.90
"7fbae6a6c7e8dc9e1ba716644c416dd9",1,boleto,1,74.03
cfe7b4c34db01ec6e038ce0d1f4e75c9,1,credit_card,2,44.69
"05547569f5543318997d30464eeb74e7",1,credit_card,1,207.62
f1ef0cea033ae487dc3ebc664cb10d1b,1,credit_card,1,59.36
e3530cef4397fa883a4cebaf1c967a80,1,credit_card,10,164.21
c88b1d1b157a9999ce368f218a407141,1,credit_card,4,42.77
a739bf4717343c5f9c84196b61a9c53f,1,credit_card,1,67.83
c0b30438008f3085a4b78b9cd36ade63,1,credit_card,1,23.78
"12110189ef70d77e946c6a0bd7b945a8",1,credit_card,1,39.23
ebe03df05336a64593a9d06ed6b09db5,1,credit_card,1,183.10
"7723b5b9aece2fe48715a349e72ce1df",1,boleto,1,75.17
a17aee38be3194baacef391d7ef26415,1,credit_card,3,37.77
"262b5cf0ac08cc1c0d26d129b41f870e",1,boleto,1,41.83
"8413ac0b09301d03b78adeca5840866f",3,voucher,1,2.23
c05002c71f007c6a4056ca538113e991,1,credit_card,1,5.08
b4991992f14d4f5d1283bfe1922df009,1,credit_card,2,126.54
"8ad2cc00eef89bdf0cb90d5bff14d90e",1,boleto,1,403.81
cffc3fce7450b2db5f6294229289299b,1,credit_card,4,43.69
"0cf1684e713ddfe42529ec72206b25b3",1,credit_card,10,551.49
"3c58bffb70dcf45f12bdf66a3c215905",8,voucher,1,6.20
"8a7f0e6d9767d52a05dd48229e24d766",1,credit_card,3,158.72
bc1407516b972c301cdd874626028952,1,credit_card,1,72.16
bd6ab28252f15e7c57f212a725aa1c37,1,credit_card,1,69.97
"21446a89bd1b60e7daab9013a9b1f6de",1,boleto,1,55.62
"8a5fc33c79bf3f4d9bbcc3dceb6b67c4",1,credit_card,5,269.73
"9ba1d15b07227b24bacaa5bfc9e39b66",1,credit_card,1,64.32
"6e8e402e44bcfbea3974580d3f442a33",1,credit_card,2,43.71
"18eadded4d37d643ad53765a205ad45b",1,credit_card,1,46.72
"0e92646f0fb7e56168e677965e18c1f4",1,boleto,1,76.36
"27b286dd0016893043cae6da2f07a2a5",1,boleto,1,26.35
"72378705715d65c4c66b78effc08aae8",1,boleto,1,173.88
"47aa4816b27ba60ec948cd019cc1afc1",1,boleto,1,71.91
b5b0b49d9903b852bf6c638643a89dc3,1,boleto,1,334.86
"08fa8b49ff198d1332df4668087150ed",2,voucher,1,50.00
"71853944ebfe6bd5f5de0302cba14354",2,voucher,1,29.18
"9b020e5824739b6431c878d26e85143a",1,credit_card,1,96.80
dd2be9f213e992cb42d67cb32952f8f0,1,boleto,1,95.21
"494df7e03a951e947ea15c177503ef84",1,credit_card,4,111.18
"865e82f5110c9e32b37dc8909994c6da",1,boleto,1,31.38
aef44b8c84ba0725db5b3c5bd7b29200,1,credit_card,1,1.90
"9980a5ade25fc8add3023440935ef36d",1,credit_card,6,609.24
"67937bb4e0c9a4156fe47c89382d33e7",3,voucher,1,90.07
"0a393be90b03100dcea4aa21f2e027ec",1,credit_card,1,231.94
"22d764197653b8e72e86fa89109d3a07",1,credit_card,1,35.93
"0562a20526fecdaa1eb5019bc3920cd9",1,boleto,1,73.72
"50af5eb21dfe120d3a7950feee50d90d",1,credit_card,1,24.22
"343c79502b5f394194fbf53ba4a561c1",1,credit_card,1,56.50
"8a2e7843f87846d9318900e87497574e",1,credit_card,2,166.54
"7f9b0e95f333a0afb5cce5b78afa17c5",1,voucher,1,5.89
ee92bc34f8de7fa0c865952a83834964,1,boleto,1,313.55
e6293b688f0d1387e634ae8841feca17,1,credit_card,10,125.08
c5976da90bd31c7f760891b7db4e0c9b,1,credit_card,1,67.68
"5dfb8335958a3157a733c424ba959ced",1,credit_card,7,399.22
d9bb91a82e6e6e885f8509496e458d53,1,credit_card,1,78.91
e2da042c42ce790c81ef3a9f666a92b6,2,voucher,1,67.33
"942560c0452cea75a56bf3d4736511f9",1,credit_card,9,166.99
"5e24cd2a73451af2660215702f8abc57",1,boleto,1,230.57
"4799c38fa3f9263d65b42c5f923538c6",1,credit_card,1,181.84
"61e6dc4087b12fa0d151b2c4d537e355",1,credit_card,4,149.59
"7401e9523d2377080c54f7ac11967b95",1,credit_card,1,154.36
"0baa34fb7824f076c177df17da43b62b",1,boleto,1,34.68
"784dc805e40803fed828b9fbf45b4858",1,credit_card,1,72.77
"62c57504fe094246c5feb3cbc8692aab",1,credit_card,3,110.42
"90087834f1b051b9e44f4fdbe2aebd8a",1,credit_card,3,174.28
"05cd95d42f28b378b5abde39c13473df",1,boleto,1,34.59
"50016ee0bec18cb823bd67b9c438267f",1,credit_card,1,73.02
"7cd5af34e77c36b52c7af3c605135722",1,credit_card,10,423.19
"66a78e85c6861534eb1d18df457530db",1,credit_card,1,35.36
"6f79ab44c1626d8b73b8797f179b9c0a",1,credit_card,2,27.99
edc5c94770796f4212d272830dd17840,1,boleto,1,42.58
"9a817712555d1bbd18414531f1211275",1,credit_card,10,1348.66
"850a1a50b15538e71f05dab30ce0099d",1,credit_card,6,130.57
"1d2405e906478ce05adcbe8878f77bce",1,boleto,1,238.69
"50bc730e6b9b604528b9e2af69b9fe5b",1,boleto,1,169.70
"2146afbdb82c47a7d5e459bfee91e760",1,credit_card,2,103.48
"2c024a45efe2ae33a9efefcb6e75e92d",1,credit_card,4,72.14
f4a9a8dac06f384b1b71b01d433a1a5b,1,credit_card,1,58.59
"6ea54477ac162f4f343694737cf53f82",1,credit_card,10,182.45
afc72297ba4fcad6dd5bbd73e9cfa715,1,credit_card,2,121.49
c3fbba8f64cc6b2e99abc0e00d5ade2b,1,voucher,1,1400.33
"539089aba239767ab6256f0eb9a48c75",1,boleto,1,20.38
"2779755b606fbe6d1b4b843771756dfe",1,credit_card,2,66.34
"83eec8a1bf27d833e0d2f468cf456ab1",1,credit_card,4,2314.82
"7c544ec2abdd2f2470ffdaf4215d8706",1,credit_card,3,155.67
"9dbaf3879dfddfc43171aaf9a9c0a82a",1,boleto,1,61.73
"1ea11b975aea60ca92fa0559184d3d34",3,voucher,1,12.69
"89e551559b137dc03d8b5cd618b523e8",1,credit_card,1,71.05
d050bb999c176f3275ed9876c64e0033,1,credit_card,1,38.18
dc0faa2850ff8a9f74623864b2e6214b,1,boleto,1,340.73
"18226871b4bd351a6beee8c8310748e2",1,credit_card,9,91.18
ab463224aae0075d819f1a6a7d99e9ab,1,credit_card,1,65.40
"5b5270acff888d4eaf14966f98eabd54",1,credit_card,5,276.76
"8be6c4274ca6e725ec732002b95ccab5",1,credit_card,1,139.32
"98851e1a5afa44197e521fc8656fa598",1,credit_card,2,201.84
"468c8b5d4cee2be214b52f9602980779",1,boleto,1,270.00
"42630f2be2de37afca07bfdecb0b90a4",1,credit_card,4,116.94
"368df49737936bddc9d47a700a1920b9",1,credit_card,4,93.19
"74afb33a8db1143adbf0e62541a4ca25",1,boleto,1,118.96
a70c2731036432f7c710356af12518ee,1,credit_card,3,134.18
"8e25d7ae5953ee779b0bb0a71e434b4c",1,credit_card,10,236.97
b7fa03eeccba341d5ab0dc86bfb1b08c,1,credit_card,1,103.05
"1a6b1c532300b42629e52ada22f26ccf",1,credit_card,2,68.94
cface3d9f0cffca04d1a90e042db06a3,1,credit_card,10,130.62
fedcd9f7ccdc8cba3a18defedd1a5547,6,voucher,1,8.60
a54b6622315e2bf96c8f5656b0a9dd15,1,credit_card,1,56.78
"01f9f30f42a15cb09e70666d0df18856",1,credit_card,2,66.06
"6e9583ad9400699e091e33534fa84aa4",1,credit_card,3,236.29
b25487d8a6e4f29c0775a2a7d3c81610,1,credit_card,2,135.51
ae59c14f258eb3a13024c976485ca68f,1,credit_card,1,38.89
"44c536f6ba15a4faf44a3b9aa9ee803b",1,credit_card,6,920.94
"827ae2d7b97c04f655e43e23aee5211e",1,credit_card,1,157.30
a38f658be81cb0101121c8a7fdc5efae,1,credit_card,2,94.40
af9f47d85cb6d0717a873ddb331a1b6b,1,credit_card,3,38.91
d1c3d911ad830cab7d16ad8acfc36a46,1,credit_card,1,251.94
"2e238e6200c0ad4183d34d99feac7321",1,boleto,1,101.64
"7532f61a8fc7649fe822d89af2ff0a76",1,credit_card,3,36.35
ce2c9e84f00cfcc06d866288b23d051e,1,credit_card,1,87.95
ead00e0026023c03ce71d6d072050bf6,1,credit_card,3,48.13
a6d06e627f72acfc190254c5b4757637,1,credit_card,8,913.70
"2a3762b415e231ea52cc41aa0c4530fd",1,credit_card,1,34.06
"06eed67b7a87cac349143f3319c2b9fe",1,debit_card,1,192.32
d19cf6ec40b00db56211b4db0a663266,1,credit_card,2,244.50
"264ce11c5e766e56fad7ef4046030511",1,credit_card,1,82.92
"8ba268235fbb748f118500dc2f8f9781",1,credit_card,3,246.38
"86d715fc34a3dcdaa28d66fab140f969",1,credit_card,3,68.32
dda1bffaed62982b5b1608c765989f75,1,boleto,1,123.21
c4e9cf40a9cece6172750e47ddc74b20,1,boleto,1,44.52
d220d9ce04a20db90d0cf9b2ab34ed7f,1,credit_card,10,224.19
"35066d34d3d361931bd8dbad2a94bb0e",1,credit_card,1,70.97
"028dc52e12ddda803ec1e35eb0b7b0d9",1,debit_card,1,61.72
"334835dee6d2994b7a4c3a396763520b",1,credit_card,1,177.49
"9e46071b97517d67ca29999622adb3ac",1,credit_card,1,28.09
"4d70edd024b83dac3189ecc2c9d802b7",1,credit_card,6,67.65
b3a60e4531d82485b6ed7c49ba266c66,1,credit_card,3,173.00
c5e06e750cf18e0c0a71e1d5ae97f749,1,credit_card,1,187.08
d062df7045ef15cdfd841bb52d798a0e,1,boleto,1,97.23
"51d33e03b53c86c11bb49dac397b1a46",1,voucher,1,224.10
e8b796d802e4323ebd1f364b69141f60,1,credit_card,4,83.79
ea6de7eb6a7e8b6c49c41fe6bbd4e6e8,1,boleto,1,31.84
"21a3f15754b759c91fff4535aaeb3486",1,credit_card,10,1224.03
b50261ba6fd497d968f45d9687e27e84,1,credit_card,8,120.11
"35c31bbf66e9a7ff9c29f0e1ff07af3c",1,credit_card,3,97.09
"1b93c74fca59a2ccbd51e3fdcb15d36a",1,credit_card,1,67.27
eaae5bd20fb15d85aa673d9b7c0e8ca5,1,credit_card,2,148.33
a229f8f10db36361d958831698ea6e68,1,credit_card,10,132.45
eed4f2d2a85ee44d1b55652ec08dc645,1,credit_card,10,110.61
ecab7448f4b42657c66bc603971693c1,1,boleto,1,152.58
dc12f9e8414131e62897902a78e0286e,1,credit_card,1,85.84
e137f3b8d8f48a149df7322275e474c5,1,credit_card,4,43.93
"881b1412b8cff1e5c88e905fdedd7605",1,credit_card,1,91.89
f255802c9fa377d64b1699bcf855a608,1,credit_card,2,54.00
d5e6b060ecc28faa0d97b0202f739106,1,credit_card,8,102.70
"833161948da9dc7becc70ebebb93ef4b",1,credit_card,1,214.04
b32380b35702c76f59411aff8963a676,1,credit_card,1,96.80
"424082e645209b3418f1b60266c28976",1,credit_card,3,287.10
d78f157135db9ba4f043330c2b62dfb4,1,boleto,1,359.11
b0b0d3285e59abf2f6c9d7e1bf761323,1,credit_card,10,3044.12
b38a6a796d97abf00c33609a618732b2,1,credit_card,1,84.52
"1193dc51dc3e6edfa7bb886fa7f5192b",1,credit_card,4,157.22
"021d35119e0e191a4fa47715d479b6f8",1,credit_card,2,97.08
"9f3dfb593f24a7bbc85f61b1690fcc28",1,credit_card,1,122.27
"1f6ed5c41056590e82cd3764a809e2f2",1,credit_card,8,267.45
fbf96285c7d996a4ddcc48002f857af1,1,credit_card,2,133.83
c85fe66e2c1cb66a9461604acc956de9,1,credit_card,1,66.29
ded23cb7c51665ec4015e629297ebaea,1,voucher,1,63.42
"8678b97b317b045765dcbdf85bcb74fb",1,credit_card,6,61.75
"7b8ef69133bb95128e53e14329bdb03a",1,credit_card,4,227.62
"57c69ed198726d2114eb47ca8c2d64c4",1,credit_card,3,185.34
"3e8de743dd3009df8fc34e0555124ed8",1,credit_card,1,37.78
e1b1c48c3b7d0f02d03e3f09d85a9dd6,1,credit_card,2,120.33
"26c9592d7817db41a41b0fd3e65219f3",1,credit_card,9,98.13
e79ce960e58239f855503114732d9d09,1,credit_card,2,48.73
"36683f777b9845c20b2721501c1e67dc",1,credit_card,1,76.00
"56ce64b53ec3bb5b0525f21506619f8e",1,credit_card,1,66.64
a95624561ff5062159952d1631e5b622,1,credit_card,2,71.63
"283882195739ec4b5092b247f052f6d6",1,debit_card,1,25.41
"5ac5d1317f3d5cb2aafc061720b4ebdd",1,credit_card,1,79.33
"5e1ee454abff53066b6f4b3455890977",1,boleto,1,142.10
f6cb852e20e90f3e19b230d78b0bb97b,1,credit_card,2,76.66
"3d899cef0274e49a294ab4ee8bd2f9a1",1,credit_card,2,116.26
db37f3a504d63cd9e2fb6133c80e0219,1,credit_card,1,147.15
ff85477840bd0948f7a91e3af61963ec,1,credit_card,1,24.47
"1d7ee49ee66da430b533a85af951430c",1,credit_card,4,213.76
"39d8500c0e37306e6bf2c13d7f298972",1,credit_card,4,43.77
d23555007fbb6b414f8bb5ae6854782a,1,credit_card,1,245.68
f5d82c89a8e580c89d24d874bdb6da0f,1,credit_card,2,78.71
acda113f032ffc47eafcaad99a617bd9,1,credit_card,1,133.83
"93dac07d310a7f6ef301a01a2bd2e33d",1,credit_card,1,76.66
"3e71c6639efc622b22bea76bc198841e",1,credit_card,2,132.00
"4e007faa0b64196f3b99b484f462e2f1",1,credit_card,2,160.67
ed41c1516f84bad938d8f086a1503029,1,credit_card,1,37.77
e339dedb65f3cb8513ffe6dfa54addae,1,credit_card,1,63.10
acf02c5ab56a3df0a845ccd5cec4e057,1,credit_card,2,102.64
"034a3d1faac58f35a7364de005209f13",1,boleto,1,66.85
"5b767b3bdf9b75abf789c32a244105d7",1,credit_card,9,285.85
eeb5a5b729f6a175765204cb5c364ee5,1,boleto,1,116.43
"75c72037b139a024cbebfdce5f58d213",1,credit_card,2,65.71
"048860a9cc82e1ab85c2d34174944cc8",1,boleto,1,71.05
eb4194a9e5d967e208c0fa8fd834cf0a,1,credit_card,1,89.74
d1dc1009ec8edc0f30c6a3477a57a143,1,boleto,1,35.00
"533e104c4193cf07d264603f7800fb71",1,credit_card,4,44.51
"2df2cf698fc8633cca4e90baa85fdf0b",1,boleto,1,48.95
"343c609ca3ddf3294e1e2d54ce6d9a76",1,credit_card,1,61.69
eab659d04f2bba5abfe11a2e6ef92bd0,1,credit_card,3,50.22
ce4ba4deb893a9919c6fb459e3d59fcd,1,credit_card,5,156.85
fcb8a446d79e5b682882d9e73014526f,1,credit_card,2,138.81
"9e3239dcd0d89b2b4e9315e93f265c84",1,credit_card,1,82.12
"16b2fea16c665281ed07933ee9b9f095",1,voucher,1,91.19
"32751a5c3421cf9ebf41c8b2d0d07634",1,boleto,1,401.37
"33b7a15ce8edde0ee1be98069f2f5fc7",1,credit_card,2,139.62
"7018b49455a47164272f9272d400f363",1,credit_card,5,115.36
"91bcd07862432971bbbe7b27698fe59d",1,boleto,1,139.69
"13d7a56c8538c342f96bc88730ef2919",1,credit_card,1,302.95
a7052bcfd0db0734e92716ce1a188143,1,debit_card,1,61.63
"0c921abc41428f29f1b5d4c52714fe44",1,credit_card,4,43.13
"846ddcf1c6b8e75dc7639b3ba919937c",1,credit_card,5,105.87
"5a69efb2f5e59a71c1bd5f89be84b23f",1,credit_card,1,121.96
"3bdb9c65ca79d76edc98ae76864b3d00",1,credit_card,10,156.08
"06f69fec6e098f6350cefea19ca51ff4",1,credit_card,1,103.26
ad075cd488e1c655afdbd461e1946cda,1,credit_card,2,65.09
"91dd5af14efa32795fa00503841506c5",1,boleto,1,169.15
f1b8058b666097152bfa8495286f8c61,1,credit_card,1,36.73
"3e24f7d95766568a604655166cde923a",1,credit_card,1,65.06
abe83805a67ed7f77964c988b79f5598,1,credit_card,3,111.92
"6a8f2976398f920ad337da439b22b202",1,credit_card,1,46.54
c60d18a54f71a95ef52f69836e66473f,1,credit_card,7,418.04
e2005caf6477eb1b0a0bcce785ecbb5d,1,credit_card,8,297.48
"0918eb0a00743c2cfeb69cce4fe4fe1e",1,credit_card,1,44.52
"24642ed9b8393cd8355bcc2e7cc6e7ff",1,credit_card,4,123.10
c4e4f418e16546c854c899cde06a3385,1,credit_card,3,126.74
"7d62309ce7160a95af5b22f91e039c75",1,credit_card,1,47.49
abf477397730e4da1404a016e901f543,1,credit_card,2,117.85
"24385282a9d0bd77f93f0dd5accbb592",1,credit_card,2,139.00
"4334cbad2570eb17ab0f2be70bcc22b7",1,boleto,1,23.78
"53ad0f90be4c36080d70c96aa70eafe9",1,credit_card,4,103.75
"9e4429e3ca6daefcb5a085302eb4d9a9",1,boleto,1,600.43
b2a075b61f56f754745f60eeca7c0f63,1,boleto,1,93.65
"11177b43d0995dfa2114ceefa2c0cc16",1,boleto,1,175.87
ebabc8ac474d11be84da632d48790ac2,1,credit_card,1,82.33
"31491a6bf618385b8b23b9924a119e4c",1,credit_card,1,21.77
"57d9af1de34ab593d3ecb3c06abfc12a",1,boleto,1,243.11
c012d344cb9c8788cdbf60b4e4d1fc43,1,credit_card,8,83.70
"6232b520aa859c47ba46e5213737f418",1,credit_card,4,95.65
e12b47202bb4acb32f6862d4d9666a6c,1,credit_card,1,201.08
"301c441176beabdc9ef015807d9290aa",1,credit_card,5,109.42
"01d3d4cb8c553d507dfd26fbd8b41e95",1,credit_card,3,149.10
"8ab162fc692c0698b0c3de0c76efc41b",1,boleto,1,40.76
f1411a1d5c32efefafd71fce9773de51,1,credit_card,6,286.64
"2a757a7ab0204f779c01da4557d982ad",1,credit_card,3,98.00
"1c6538c8fc11f02d495ed84516f5c645",1,credit_card,5,89.45
"4ed7bfce6beab8e845d01d46439d9ad9",1,credit_card,3,64.14
ef6f25d7157243ccf3dea7d938259533,1,credit_card,1,81.12
fc20b8e282da6f3fbcdd3a3cedecb723,1,credit_card,10,3782.19
c24d2f7d4ac8f5e961e730da59972c7d,1,credit_card,1,59.93
"06b7df1d1d3dd3e36628fc7078908592",1,credit_card,2,200.63
a8f801a1403d5a8903d000d45686cd91,1,credit_card,1,58.28
"8f3f26027859349e29776a53fcf17963",1,credit_card,1,29.95
c663dda98ce9577e802b009d257edeae,1,boleto,1,21.38
b534b99a55f093b594d8306e8774590f,1,credit_card,3,116.63
"4ff0384bb5e2b09d746a503c071f2d8c",1,credit_card,4,138.08
bb7212057f59214702cd81a6bba10fdf,1,boleto,1,157.03
"4154d7944db36e9140645486ce34027f",1,credit_card,1,32.24
"92fca7ed7b7df4695007bd7f227e3333",1,credit_card,1,52.57
"2291ee4be39fe350accf088e1b57a5d1",1,boleto,1,48.79
"7e680cdc973a1bda4710a1fc19e990a7",1,credit_card,1,69.90
b8783952ffb07e62bcd0b709e8977f60,1,credit_card,4,48.08
f0a5b7c94819c69d12a1c0458ec74756,2,voucher,1,80.40
fb2dccfadca8cd6ebddc5d10ae48d1f7,1,credit_card,3,1134.44
e3db241d7377ac91f1253454bdbeafe4,1,credit_card,5,64.11
"36783db8698edf3ba7585d93b5a1c4bf",1,boleto,1,48.13
fff6889749958e42b47a7977a4cf0ea0,1,credit_card,10,123.60
ba794dc7ba00e8dcbe6e0f729be0b845,1,credit_card,8,330.62
"78db0b29049b6795343e2a8ba2f48ff7",1,credit_card,1,84.54
"9e8253539b3ac1fc283b3d570f7b53ae",1,credit_card,8,231.40
ce22c4e0009f3c42ea02d36a32e2b91b,1,boleto,1,76.17
"4fbc2bd17fd14bf9e9b4f28f96351edf",1,voucher,1,27.86
"69dca366b923580fca5a6c04992098c2",1,credit_card,1,165.71
"195aef69980a745473d3fa7be3523f58",1,credit_card,1,105.29
f474a46ca16058fe246cdabe215c66da,1,boleto,1,189.68
de120713387a2f5797786ebd0795ef04,1,boleto,1,23.40
"37d089b7d517ada3881ba31935310e4f",1,credit_card,3,114.25
cf101c3abd3c061ca9f78c1bbb1125af,3,voucher,1,8.46
"293f88e33dd760720e689b394b3fadcb",1,credit_card,2,71.92
d8893f2dcbccd15e2dd6d29ef69636ae,1,boleto,1,38.11
d0bff47153ef056bb4f884a2ec2f0691,2,voucher,1,41.89
"189711984919a2bdda375153d796d096",1,credit_card,1,0.54
"976967517bb3199cd529dd524e39e82a",1,credit_card,2,64.42
"2c3bfbf5ecf75f13c01dd54f87ebbc36",1,boleto,1,96.80
ce447c4109907439fcfc1013c8a242d4,1,credit_card,1,194.38
fefeb61b51f4a30efa5d44a833e3a797,1,credit_card,1,48.79
"1409fa8d66178147ed431573330397c0",1,credit_card,10,441.32
ce0a53468ddde09e79f73edba370ceec,1,credit_card,6,81.89
ad44597ced31488d80422a8f55428c6c,1,credit_card,3,38.71
f861cd4fdb01ef5140e9a260279f0a26,1,credit_card,10,150.03
"92dd2476d7296d1f17c077f2dd00e94d",1,credit_card,2,117.26
"063f2375ecf74934d05e78a476f92cb5",1,boleto,1,93.50
"16a02781e79ebfb2354323d102e53b8a",1,credit_card,3,75.07
"5c5372ed5680de60cbf2fe6c15deb92a",1,credit_card,3,52.78
"67ba689f4426cad886c40eaf487258b1",1,credit_card,2,93.26
"1e90f6912f47b660fa57730f3885af08",1,credit_card,6,127.71
b17fd4c033b06e8d888de8ea6105ef9d,1,credit_card,5,103.10
"7b6e1f2c12c784e2ddc7c71547cb6502",1,debit_card,1,23.29
"1096a1eeabcd71f259a741685744a77a",1,credit_card,1,102.03
"573131fe2b7df5e3ce4d88bf7702f6d0",1,credit_card,1,15.53
e035b961b5292eb21034e4462013fa66,1,boleto,1,39.04
c1deab56eafcb4bec7703bbe7bd25137,1,credit_card,1,8.70
"6eb2780615aa0cfbaaef6c8d0aec411a",1,credit_card,7,158.30
"4dacdd4bc2de0f5f0aa9e11a735e8e33",1,credit_card,2,138.02
e055ea75678450065cbfb7af8fc4d16e,1,credit_card,2,110.44
"44dda2cb3f0a0d9e29546d8afcb6c27a",1,credit_card,1,135.49
"0e631eca89e976f885d1ef7f7a4a4698",1,credit_card,1,108.89
ba19b234cabc645ff31e7c3a0076de18,1,credit_card,1,27.84
fd86c80924b4be8fb7f58c4ecc680dae,1,credit_card,1,76.10
ae647800f7009520d784c9c9ab2de7be,1,boleto,1,309.22
bc307d2f421c01c51c15f828da785142,1,boleto,1,147.67
"108f58a6439933a88e7950ee7b46ec11",1,credit_card,1,54.13
"87a330a52c9e677f1252f2f17e54cf65",1,boleto,1,56.69
"4198c92e06d92792e49f119f659e723e",1,credit_card,10,1294.26
"60cb4dff7b70f5122c9ecd1fe2058b38",1,credit_card,2,110.19
b31eac1961980ead26d0df38911ac5e6,1,credit_card,1,71.15
"8b21fb2df5ea38807dc254552c40cf84",1,boleto,1,86.00
c2544ad612ec331d963be4a4daa7fcfc,1,credit_card,5,106.95
"3781ac3dce6816dac8729c87afbb910a",1,credit_card,6,67.67
b4180badf3ac49892e23d6e0276f1e84,1,credit_card,1,76.36
bf727ca6dd2dd84c2edcbebf0a33b4c9,1,credit_card,5,70.14
"05fcb26e37b34aa73157fa81401b6b15",1,credit_card,1,79.19
"0f121110b75ef7c38c79d67833c49830",1,credit_card,10,956.86
"8b0da5e289d763ef6aa842f3927d6421",1,credit_card,9,105.08
"59c89c6f877fc8863ea3527950e3ae68",1,credit_card,1,90.95
"59de68e3ef040153cc9ea7978eaec149",1,voucher,1,65.71
"3e94e8193697342790ce0f1f8876fdc7",1,boleto,1,41.69
"989c8bed4ad2e187516317b3e12f44c0",1,credit_card,3,169.62
"4f259869d5c650af6f847b027032515b",1,voucher,1,176.56
ace1fa00a0f5414248ce3e4c1ccc0c0f,1,credit_card,1,34.05
"8da1b0cac91830c54472e2f91579aeff",1,credit_card,2,186.27
"7e1143a7f790cb46901efe6d2c3401b3",1,credit_card,1,28.76
"9bdf0443f07f3b2fcff74937bf1df6d2",1,credit_card,3,150.36
"10a00d04ca3504e6a7804ccc87050e81",1,credit_card,4,248.73
b87c9466fb7a6b04a632222b07c1922d,1,credit_card,6,125.42
d81f58104990dbe67a63f3001b38b218,1,credit_card,10,238.38
a722dd5ab3a3cf4065a47d75a502fdab,1,credit_card,6,226.70
"974f9f87a3bad01b2ac72fe987505e9b",1,credit_card,3,91.18
"312384a598132f165ae6f58bc210f8fb",1,boleto,1,45.00
f0e01d6f2b6f8e6d1284230a837c26c1,1,credit_card,2,135.05
c0412e955e8866bd36d56c196d1c9d82,1,credit_card,1,132.24
ab1e451ac61a9e1ed83028e67458d722,1,credit_card,4,168.20
cbb44ec1d51ce52987925f28f64ba2c3,1,credit_card,4,47.59
"2ab10ab526351fd3b05219e9eb4f7d9f",1,credit_card,8,366.73
df8ab61cb615d551483618533aceb364,1,credit_card,10,713.65
"66eee0f0bae09aa30b023e20bc83ee80",1,credit_card,3,162.29
"31b39339d93a6949e2f2addf798d8904",1,credit_card,1,114.49
"6d4616de4341417e17978fe57aec1c46",1,credit_card,1,19.18
"81f667f73efffe2771ab8b77d326f1ee",1,boleto,1,94.30
"064558d37369c187c5e1e37eb534ba4d",1,credit_card,1,48.71
"80b088ae48ba538f0d70f0eeb541ccfb",1,credit_card,4,88.36
"9bb6a265f3bbeee30eefc244d21ae1d3",1,credit_card,6,120.09
"02661696e065aa02977870f3a87940ab",1,credit_card,3,92.57
ed60085e92e2aa3debf49159deb34da7,1,credit_card,4,90.88
f733e2c200f38406f8a21125a05a5670,1,credit_card,4,83.23
"16ec508e18e1d4949fb54daf2539f7bd",1,credit_card,8,109.33
"1ad1ca4550bd6dbd299d8538a86e5400",1,credit_card,1,43.05
"887fd510f45be7bea78ff0a3b0b334e2",1,credit_card,4,76.29
"914ee15dc01a54f3bcb1df425276d627",1,boleto,1,141.78
"7e3db8d87e79e50d7a08312194e1cf01",1,credit_card,4,164.46
"8ddf10ae2f0c4148e4cd1fbd889a7ebc",1,boleto,1,150.14
"88eaab55607693a963f94efbf5ed8f1f",1,credit_card,8,159.36
"8a54c9464b6ee0a6fe3502c6a6547eca",1,credit_card,1,148.97
"573de7df35639ded5e09b11ea2542d17",1,credit_card,4,86.25
"8da21fa53a570d0624c7a5d0c14c617a",1,credit_card,10,252.68
"7f1a31c40930c708c3439ddaff502b79",1,credit_card,3,37.37
"01e4121d4b2dcfb2ba6b8f367652aee8",1,credit_card,5,110.69
"93b055de61a2d8f6fb20ae3a2ca073f5",1,credit_card,2,189.25
"29667756c1c215acb0eb87fa48bde75f",1,credit_card,2,76.74
a2189edb3c692c5c1ff9dfcb7a4c2208,1,credit_card,6,268.13
"3fa77b110b9ab22eac07c61566e1370f",1,credit_card,1,38.96
ff269db61cf306545ee8f5ada41a4a3f,1,credit_card,1,74.16
"93c244c6bb63cafcde3117a2b2a5e151",1,credit_card,10,195.86
"262bf694d9c87de7844dd80b98fcfef3",1,credit_card,5,372.08
"8f82cbff74ca9eba2273adac86c08a2d",1,credit_card,4,48.38
fbf5670723916ebf3bd62b1e33ed3ea6,1,credit_card,5,302.46
ef6f87b9bee14a58053b754eb1be1fef,1,credit_card,1,37.00
"803e822a03730624352b85d6bb2727c3",1,credit_card,6,298.22
d19f4ab4bd008d9b26f5eb3afc6cc251,1,credit_card,1,26.77
"9a87b7f9b871b4725233e41e08811caa",1,credit_card,3,93.97
"6a87a0371f263aa8c1779c2c115c1427",1,credit_card,2,83.09
df982d6b3644712f7d5070f053c8009a,1,credit_card,7,153.87
a4052a184e5a78c6be9f09a9fed53279,1,credit_card,3,179.32
bc2b2f5f5aad2762906c62abe09d5677,1,credit_card,1,114.13
bd1d2815016a0d22c926101c1c99d140,1,boleto,1,94.99
"1092bd1c4047de3d8b0445f8539f4dc6",1,credit_card,3,86.15
aba440032be16b32505c6e14bb755b0c,1,credit_card,1,36.11
"31001a77165dd554fcc32640defe98a1",1,credit_card,3,104.85
ba1e49527baf8b4ad4b501e9dcaa9f6d,1,credit_card,1,124.52
e0657085c2b6297a32f39efa200cdf72,1,credit_card,1,26.37
"31bc09fdbd701a7a4f9b55b5955b8687",6,voucher,1,77.99
"691688405bcee3ff9023639514498962",1,credit_card,1,356.53
"807f4ef550f104708e2190eca7e4c37a",1,credit_card,3,205.71
"4b186efcda6f283e9c4a71332f6d3ad0",1,credit_card,1,57.51
c11717d999ffc510a6441df946f0a94d,1,credit_card,9,96.90
f593228a7a25e9633ff78a4ce0d0d4cc,1,credit_card,8,165.80
"387c2c33e495538e94878a500bf8e6d5",1,credit_card,1,87.58
d5639d8a973cec351be75a3186835068,1,boleto,1,160.89
"0020262c8a370bd5a174ea6a2a267321",1,credit_card,2,100.55
c9b01bef18eb84888f0fd071b8413b38,1,credit_card,6,238.16
"9ac048d7ffebba67d54456aa9ec07d7e",1,credit_card,1,60.69
"20824837882dd673707e0adfcaec1bc1",1,credit_card,1,84.23
"38d11c87fc409de31e930084abb0c7a4",1,credit_card,7,91.03
"40ec2cf5cb1eb0bf1ea2b117552fecb5",1,credit_card,2,90.28
d41f1036712e18ee525939d08b7a1c98,1,credit_card,1,3.57
"60aed0a4eba0e424eb3cac85017fd752",1,credit_card,10,170.14
"0872d0faafe0cb56e6f2c594cca1522c",1,credit_card,2,127.92
"3531718b24dfd5022fb0d101e10e33b9",1,credit_card,1,194.11
"2e3d96522c8c378d4135c12a65c977aa",1,credit_card,4,47.62
c45067032fd84f4cf408730ff5205568,1,credit_card,2,198.94
"7159096c5aa9be77f7f0c26c01ee9793",1,credit_card,4,280.65
"0406037ad97740d563a178ecc7a2075c",1,boleto,1,363.31
"7b905861d7c825891d6347454ea7863f",1,credit_card,2,96.80
"32609bbb3dd69b3c066a6860554a77bf",1,credit_card,1,47.77
b8b61059626efa996a60be9bb9320e10,1,credit_card,5,369.54
"28bbae6599b09d39ca406b747b6632b1",1,boleto,1,191.58
