"order_id","payment_sequential","payment_type","payment_installments","payment_value"
d1a5645d176964e7fc023cfc80d06f1a,1,credit_card,5,55.24
"666591477c57a4ac4d43d1f05718fc91",1,credit_card,1,4.45
cedca39b10d8d496f77547b16e2dbf56,1,credit_card,5,163.70
c2fe2f550416c0b36bad93166e4d2d1a,1,boleto,1,76.81
"2a1ca5e0a47b3b8fdbb8da5b34ed45e8",1,credit_card,3,191.51
"04158f13c5f4533ee32baa89521cf9ba",1,credit_card,3,131.94
dfc6c80c73f6b324371273bd97e19c3f,1,credit_card,2,24.08
"25343b5d23ba1a73d782fa405c9a5886",1,credit_card,10,534.69
"17b374e5c126d99970336dd8a72bcb91",1,credit_card,1,31.85
"7d8cbe66ebd79f0202cc906a1dc9c91b",1,credit_card,1,82.28
"17ff863d51f7f8ee2c9dc76413c43b54",1,credit_card,1,139.02
"9547786c84d40d35e99e684fdb1fe97b",1,credit_card,2,88.26
cf0e37180a383036ea57e9a1b440c593,1,credit_card,10,127.40
"40d158e9f78f7dd903dd0490fd1baf40",1,credit_card,1,57.43
"0b82d0616f1ad8da15cf967b984b4004",1,boleto,1,33.69
"65480799a0ea99cc43f86d3af16e9d1c",1,credit_card,2,275.97
"5c9a0939b9e4b6d310a738b443bd44e2",1,debit_card,1,34.09
c141123e3bc9866f39f5dd9a3b3bdefd,1,credit_card,1,134.96
"3ae126761938741db80da6163567b03d",1,credit_card,6,318.57
"4d5bae0860712936c87891ce32cf0d76",1,credit_card,6,821.98
c487fa98ecd15cd13d1467d49ec6af47,1,boleto,1,282.82
c554c7b7a41cc0523090a76a432cf6ef,1,credit_card,2,51.57
b5b103fe531168050d785d5b8de74174,1,credit_card,10,2217.99
de25bcc5c5215c6d39641918b7f4cd2d,1,boleto,1,43.51
"1a597bd140cc8bacc4af88ba909da8d7",1,boleto,1,56.94
"4eae2c0464a15323f650d829daf9b778",1,boleto,1,57.37
a091ad657d4d673814a9dc6b64829a42,1,credit_card,2,142.82
ae8d2355c75c103cecb78b4b58ed7a9b,1,credit_card,1,28.75
a41db3ba7cb50a96c768af70cd98e189,1,credit_card,1,88.28
"6363b59d2e7f542672e0f11910c0c708",1,credit_card,1,32.29
"83d20c082afe59cf5cc3541afbaa926f",1,boleto,1,169.73
"628c4dc07e38c6a4309d58e8a42e2f27",2,voucher,1,100.00
c3b2c9ce918dcc0fdf5053927cd0ff8e,1,boleto,1,1533.62
"07166782eef2ad2a57e415ec606fa7c3",1,credit_card,1,27.38
a969d2592327e7f49ce1f3edfc7658eb,1,boleto,1,142.92
a3a5d73f1d5b6acf698fdd0e795d2ec5,1,credit_card,1,54.56
"786fc675ce44d2428b2dd7acff0d890a",1,credit_card,2,105.13
"850b5d9b28b3d833f9c596f33a22fda4",1,credit_card,4,337.10
eb4d305848989350701a75e1cb3c0a93,1,credit_card,1,74.94
"51588073e1f9014c44225282b8921690",1,credit_card,4,43.22
d9e690521484caca3fe0ed22443df035,1,credit_card,3,184.55
"31dd19623d916b1848334732b797d5f5",1,credit_card,10,346.44
"3020a6cfa8cb88da6e6860813b27167e",1,credit_card,1,169.35
d16112398f9c83cdef02abee328caadb,1,credit_card,2,23.66
"91575acf2a356af85894e1c3b1612e81",1,credit_card,1,97.71
"455c8cc6fcb8015c8fa06b087cf373b1",1,credit_card,1,111.71
"8af380f996db86bc8ab5a4c0da0e91ec",1,credit_card,4,783.28
"38c529a4eb301fab3df50bd0e3c0ecdf",1,credit_card,8,570.88
"3f78fdb829925037b11baf136f99980b",1,boleto,1,68.12
d80799e45b1938827bfd57d8ee9b3c50,1,credit_card,3,63.18
"61478fcfdfbc524f57df31651d8f38c9",1,boleto,1,342.16
"5c55ef550d5ff75bae4c1473c8dd06a5",1,boleto,1,54.01
"7ec273502855ec6b503c931eda7b3875",1,credit_card,1,40.00
"971b9fcdf6d782f0ab6bd66e821442bb",1,credit_card,2,177.52
e7567e43caf379d79065cbb612f06554,1,credit_card,4,221.35
"4074c8247a20a28ee6bedaa09cd94d76",1,boleto,1,143.12
da17a7a38c09dce18dcf5af9fdb27e49,1,boleto,1,95.36
ad65db823bb3d24954abfc66ee67b165,1,boleto,1,61.32
"9af75af133e554afc286c77a5684cd6d",1,boleto,1,153.13
"46b822b7e203850a10e485ed02abf2bb",1,credit_card,2,161.90
"53402e7be9b39753e8382ef11fe74a2e",1,boleto,1,128.90
"57eede1060c3e289d5be82560b4874b7",2,voucher,1,50.00
a2dd2555832adf77db576aeb3906f57e,1,boleto,1,38.40
bd59d6b6646e18c7a1a97a639ff49e0f,1,credit_card,1,0.28
"4d9aeb0219e736ad9dd72af9f25b3f88",1,credit_card,1,50.86
c455e8ff84c22c9e3b3e1f5c8c8ef95c,1,credit_card,1,66.63
"5639e62ac4812b66eefbb05288c44eef",1,credit_card,9,184.53
df73920801529869f3f9aabfd3630c8f,1,credit_card,1,452.66
"8d2a68ca0ac61329c56e0b74695b04b4",1,credit_card,7,72.90
"8fec1057df930bcc1be865fbfef606b4",1,debit_card,1,258.56
"239960d8af96f541e9a7153b57c0f4de",1,voucher,1,55.88
"0848fc09700c8afc1c372a4b2b7be70a",1,boleto,1,131.55
"1078cee780187c1672d97d4ebfb4cc2e",1,credit_card,5,89.27
"3e05b487699bb38012c6b974d36a6a56",1,credit_card,1,405.57
"5ff4c9b40ca89e41de1f71a26d088921",1,credit_card,1,36.17
"125005c942aa889a867518019392d649",1,credit_card,1,88.71
bcbead00f0c2dfabaf82fa4af5611f71,1,boleto,1,317.85
"67ff64203c34a9d3f2bf38605aa66bd5",1,credit_card,5,154.38
"1270910d921270ad6a35e504554c4068",1,boleto,1,264.69
ae86389756e9af7f5f5f64aa266a439a,1,boleto,1,131.05
c33c6f0573546babb3f2ec2f6c1a7825,1,credit_card,2,129.73
"484e9a27d27ffe9d45ed4469cb357475",1,credit_card,3,82.70
d57d13bf49ecf7a6274ac017e98eb4e6,1,credit_card,2,29.74
cb71bd92e29c501f67b650fa19bee739,1,credit_card,4,178.08
"39fb1fc5a9e0a1429bf9c25c1ef75ee6",1,credit_card,4,96.02
"54cb48b7df9ff45bb173611bfbee0857",1,credit_card,4,43.90
b30b21d5d13aae0cb5533dd7ab3f90eb,1,credit_card,1,295.38
"906368486fd64a44a16e7190972e3f3d",1,credit_card,5,116.67
ceb9ba23c2692423f47bd10e0f86bcc5,1,credit_card,8,249.40
f19584f0d2c7cbccc05621c23dee5cb3,2,voucher,1,37.02
"84d6d9710c8af32b5e88f2d1c14ab871",1,credit_card,5,61.70
e8a923aa92f0c87c9bfcd7be05546918,1,credit_card,1,37.40
"71df40458537292f7d7fb3a95e0d3786",1,credit_card,3,68.75
"838263e3f79563bccd736531aec2a915",1,boleto,1,57.10
adf119c06ea77cd7d347b943780c37de,1,credit_card,6,139.41
"5981274f06cf3953980d92c65e01d6f4",1,voucher,1,85.36
"8c942d6d0cb6781e00df7a3fafc8ef86",1,credit_card,3,102.88
ac5e42e77576b755d49cc3bb5db277d9,1,boleto,1,100.16
d57be2dc327f29fd0ef3927ac58931d6,1,credit_card,2,24.17
"12774673db08de6a72c23442fe16e9a4",1,credit_card,1,31.91
f06e135f2a783426a58b29014f2346b3,1,voucher,1,24.42
f71900fc3435a929b2d4ecc3860bfc56,1,credit_card,1,18.84
"2f5112688e80d5d79344cac900d6bd0b",1,credit_card,4,48.30
d6f9e75b25f4d86db87bf9c7e6d14a4b,2,voucher,1,37.43
"02457250c331120c9dea3bf840316d54",1,credit_card,10,368.75
a8347ba04591f966205182a1c99c310e,1,credit_card,1,33.39
"5c11e238c0563cab5491de26eb68f99a",1,credit_card,1,50.01
"6ca2b1dbcac1751cab45df5faa1b892e",1,credit_card,1,22.72
cf6216ebb7cf47589938fa83341bba0e,2,voucher,1,58.96
"14aa8f56b7d871b721f38b3e355dfb94",1,credit_card,1,56.77
"8a0ab628dfb76b8bd7688ac87d051391",1,credit_card,5,146.28
"43c04de0613b79c2470b22e171cc848d",1,credit_card,1,15.38
f5695fb0596df12b626efc77bd076d57,1,credit_card,6,104.03
a50f3e03765e8315c06a23e128aca380,1,credit_card,3,221.29
"94e5d86b81534a5f11b5b57af7852aed",1,credit_card,1,27.77
"0f8cf123486438ffdee527bf82ec87d4",1,credit_card,6,118.03
"62492d216bd7ca39cab1f24109b6bfd7",1,boleto,1,215.94
"055336f2daf168319875b812d23de1d4",1,credit_card,2,378.20
c8190ec25152e9e725de81876f1b9125,1,credit_card,5,57.51
e1014aef09115ba24cf43cccd31820c0,1,credit_card,3,240.04
"670ad1c6fd20977956e8ee2e09f92baa",1,credit_card,5,201.04
e1df35a4d8a73d8ad53be0f5993e6af4,1,boleto,1,73.16
"5ab0f11d0dffdb3aa7084f276108fdfb",1,credit_card,1,85.78
"7aa7d4fb7e95700145b7cabd86b1dc93",1,boleto,1,647.54
"9e3a542f51363bda001167b7f5bd8dbd",5,voucher,1,5.23
"5b469b3ea9234b5dddd05acdf0b45849",1,credit_card,5,169.87
"2de300305c4fc64802a63341e5780c24",1,credit_card,1,82.16
"96b38b3c9a1ed37a972519924e133f63",1,credit_card,9,96.02
a3af1cceb020d287564458a7cd29f969,1,credit_card,1,74.06
d451da9b109e1786f303924d04ed72a1,1,boleto,1,26.27
"4c3c77b27f585da8c9e4629aba2f7817",1,credit_card,7,296.73
"911e92767c07ba9926268bae6b4362b3",1,credit_card,4,49.73
"51c5d44ed3cbadb44f409c04123a9402",1,boleto,1,77.10
"6ad8f26313f94953c151cd98f46d1688",1,credit_card,8,211.89
"2eff66aa79a98f80268d0632d8b0c6e1",1,credit_card,1,82.12
ff2ac13b0f36dffb6af9699f59b18377,1,credit_card,20,885.36
"4f533b4e7c45ae5248904a961cf710e6",1,boleto,1,78.71
"3eaa0a2e223ae1b2ed934e0274bdd0cb",1,credit_card,5,110.18
dcc0c6d219152ac96b033d223d08212f,1,credit_card,1,25.50
b9ac97245b38bb678929cfbe68a37a5a,1,credit_card,8,172.01
ac0453dee118265767bf9c26966ccbde,1,credit_card,2,154.56
"87c15b8f29f9fc59405db62dcb5697c9",1,credit_card,2,81.09
"984d7b91d51b86ce72cbfffc2dcdb8d5",1,credit_card,8,219.10
"7f14c64f7f48c0243c290e47dd51cfeb",1,boleto,1,31.86
"52334e03e9dc25babfc8207b509b2acc",1,credit_card,1,68.47
b0af6cb248a6887f0695f4565bda91bb,1,credit_card,2,140.02
"607151a6fd6a09510f6ca248e8fe1bc3",1,credit_card,1,187.76
"443cb0e10e1568b0aedc7e11ab91dd2f",1,credit_card,1,120.14
"941638a41a3674d12166261747988666",1,credit_card,2,358.65
"2d9b91a78d7d0b728d2c29ce3006d676",1,credit_card,9,98.05
"32c49c2531dd2c94af0c74906c13abcd",1,credit_card,1,117.38
cb1529a953c6df155505c4e2863b3b10,1,voucher,1,150.50
cacc1fb58a377d93574c303d6c901986,1,credit_card,1,36.35
a0b44209913b27635b5d9813244b7f87,1,credit_card,6,116.99
"7a36ddcacbdd80a7dd8771aa4c6e465e",1,debit_card,1,43.60
"3daeecbd44a76530c8e9d0ac1ea4f581",1,debit_card,1,26.78
"5509f25fd68fac3fe49fc1a532ba33ef",1,credit_card,6,64.00
ad6ee9479111c0c9b69de241c98009df,1,credit_card,2,40.87
d9ed186abc625ccae42014887b7af04d,1,credit_card,1,40.58
"734a45cad1f49226013e72303953d6ad",1,credit_card,3,102.10
"1098a8cc6b7514f599126c5f27706dc5",1,credit_card,6,61.05
"8b761bca5ade41b47694b0225c668b75",1,credit_card,2,92.57
"9770754f26c646f06bc8d8aba8b6af34",1,credit_card,4,47.05
"6bff2212deea719e5035c70aada2a045",1,boleto,1,87.80
"89c5271497489d8c7fe6d3432f8ce193",1,boleto,1,39.09
"71364fd8f029fcfef871a2b7c1c45eef",1,credit_card,7,154.38
bcd5dcb4a6d89edda53dcf1e9328823d,1,credit_card,4,47.79
"7701ecd93e987006334fba168c936f20",1,credit_card,2,101.56
"5df8cdb8acb96693580f58ac6df8d5a1",1,boleto,1,30.19
d53a39ecbd90d0e5111214d0e9c7c1c4,1,boleto,1,40.00
"5bb2ac7aebe3947d94881867c1bb4056",1,boleto,1,157.55
"29d2d0b5d721da94d080b50f1b039e0a",1,credit_card,3,213.75
a083251915fff736585a9c72e902b0bb,1,credit_card,1,157.74
d5cf2633d9ecb6dba748bca164760855,1,credit_card,10,226.88
"94d865ff58ce43bdb66ba4bb0fcebf12",2,voucher,1,18.52
"4530ebf341c28451b56c66fc4d70f8eb",1,credit_card,4,203.19
d4779354e609274fba14da72d3456c44,1,credit_card,3,36.96
e3c8ec2636b34ec7a41bf25dba83440f,1,credit_card,2,40.27
"7ef39a532f477b4191cf782ff7ca8f81",1,credit_card,5,54.23
"3a65edca4808817234bc2f2d84576af3",1,credit_card,10,123.99
f70dff3502fa3fe88532b170cf4f126a,1,credit_card,5,277.86
"38e80d72b34e2f2812529ccf6edbdbb4",1,credit_card,10,167.13
"2bcc2646dcca22a1e6da38a7133cc8ed",1,boleto,1,147.44
a0147b55f1d225bb21f981e58f735589,1,voucher,1,219.30
"09903d25ea3d162aeb40057420caa5bb",1,credit_card,1,125.20
"3237491ee1f51f346e175b2dc581b734",1,credit_card,1,43.03
"0a36bd172604d49ae57f2ae440a0dc70",1,debit_card,1,228.34
a1cbe609c42dfd019719610eab787873,1,credit_card,1,285.11
b5292e949af082478a408f61a52eac5b,1,credit_card,10,1097.94
a3032220da3f83acf7fa0db99dc28804,1,credit_card,2,179.35
"947f3467c45aa7dbbf64b2b6fc5dc3c6",1,credit_card,2,267.12
c99c438d8365d61dbcd8f6b7ffaa6b5d,1,voucher,1,238.79
"41bb5cee06dbf170878a9ef93ac7e7f5",1,credit_card,2,23.69
"6acc8cbf2b089aea1e6f6e7d512e1da9",1,credit_card,3,38.85
b6a2d13e218643aa2ad2fb10a8cf567a,1,boleto,1,829.08
de5c6352db0b15363de90c22e79d322c,1,credit_card,1,35.33
"2356321f56c436e5108239a15643f42f",1,debit_card,1,40.39
b2bd1f09c1b8a4a36940f6f6e49d5dec,1,credit_card,1,23.09
afb49153594bd2f7d55889b1c234a59a,1,credit_card,3,340.49
"6f5632cd906ec2ef07ed45c8af2e8811",1,credit_card,6,178.03
"6eeedb3e16d8072305be02562c253602",1,credit_card,2,114.79
"483483db7f8737f623ad88c392109242",1,credit_card,3,413.12
"8772c5e10262ef05600e102a05de7eaf",1,credit_card,4,81.05
a39f565fb24832fec6f96a476444b02b,1,credit_card,4,227.05
"5e5c29987bbb83ed38c9b25a753f978f",1,credit_card,2,106.69
"2631dba338efbcea9c3ace77ce210c01",1,credit_card,1,594.46
d35703faec55cda0ceeb4f50a4d584ae,1,credit_card,5,252.27
f887e6cba479b38cfeb57c84d0b5c2a6,1,credit_card,2,51.23
fe400e74c1744f744f187225eb8d417e,1,boleto,1,51.52
ddec8781012135eae3bc327d84072388,1,credit_card,5,290.40
"8085aaa6e2ee2116465a459fdcde64bd",1,credit_card,3,141.13
dbffa5e34cf40fb7dc1292bd10d22971,1,credit_card,10,228.28
e7720e61a7b5077592d07d61c313e559,1,credit_card,3,64.01
cfd5d5311ae38742b4ecdbcf4c3662a7,1,credit_card,10,839.28
"63e4d9a8a382e43251ec90778af9db66",1,credit_card,1,69.25
f3084f2732a99c1ed0707032aca45026,1,boleto,1,332.58
"6d5e087df6cf3e6440c325e21c9a1c7c",1,credit_card,1,69.90
b66836a7408ecc382cdd4be702060220,6,voucher,1,43.55
ba42c755d2fd20af5e6ccc193942e46d,1,boleto,1,33.75
"69adad596ce64d77dd2a23f85ce3aa98",1,credit_card,3,106.45
"3decae904e0d1597367e65995c3f20b2",1,boleto,1,47.72
"81a9ef6a0791099bb5859d0104f94dc9",1,credit_card,10,271.64
b16cec67cb3f5a4bb31abe8988b43d19,1,credit_card,2,141.67
a39390147d69c333ddd022bdd14614e1,1,boleto,1,160.46
"7dc27189eb855013011423a5dcac71c3",2,credit_card,3,36.48
"468196883cd3a3d826387fe94c67c92b",1,boleto,1,35.14
"00a379dfab816a83741012b71b264098",1,credit_card,1,23.38
"349af77e71491a1aed28d6bf0528e09b",1,boleto,1,135.70
"41b57867809d384e30064b7b36656b0e",1,credit_card,8,163.39
"1b5e2881604b415e9f8ac15e575dfbf2",1,credit_card,1,30.15
d4a16ee6be0a801a99aa5746b2eb169a,1,credit_card,1,33.00
d63f6af53a35a1d7e6a58ec09548b9ed,1,boleto,1,126.92
f422805096570eb55302abeb0c77137d,1,boleto,1,87.62
"5bbf247f8a09d52540eac6e2cddd62a7",1,credit_card,1,64.42
"8cf18ab59e81ce7230e9bdb5a49d4c72",1,credit_card,3,39.09
"0da349c060ac948eb81278fa539fd719",1,boleto,1,75.16
"46347dc54e84dc7863cb5c90cf57a9d3",1,credit_card,1,148.29
b2ac82e9e513a7e0dc542d9689025ba4,1,boleto,1,75.73
c65a9006ea98064829711ea412e5d9a1,1,boleto,1,127.42
"4ede1c35f4c10dd5bb44f480e5d1bd62",1,boleto,1,122.78
"5373c26702420c0f842871e489365e20",1,credit_card,2,27.25
"73fe3ec6e789782281c550a9349e0edd",1,credit_card,4,85.36
"64c0c5937e0922b1d2f1124087499646",1,credit_card,2,62.54
"06c07d5b2696b9631375e2877c955b3b",1,credit_card,2,132.08
"996259172fd54f591a1046dbffa906d3",1,credit_card,2,120.53
c830cc216aadfbfc979193cf372cae2d,1,credit_card,1,75.50
fc5940447e1729d88293fb999ad3c2da,1,credit_card,1,25.67
"45d415631ccea18d79bed1ea8088b58c",1,credit_card,3,118.17
"6f30719645a7c81a06ce38e29981b899",1,credit_card,3,310.68
"2e143861a5240d0e457622ac38913826",1,credit_card,2,69.81
e6555e78046757613e040b01b153fc1f,1,credit_card,1,46.39
c2836ff9ab20ff55026da2c7278840b6,1,credit_card,1,38.97
daf485798ac9032e3dfa16ee39d2d75c,1,boleto,1,167.82
"6ee68064c217ce0b644b6e3bea56d50e",1,credit_card,2,318.34
"3a61b3fbedc733000b0529431170ddf8",1,credit_card,1,120.09
"0025c5d1a8ca53a240ec2634bb4492ea",1,credit_card,7,419.39
eb72f50f943d8b05355b3e50cda1892c,1,credit_card,1,194.00
a2344ae300ac3c903f74d04494e45a2e,1,credit_card,8,248.80
"0cf04ba4ccc895b3134799f74e4c2557",1,credit_card,10,117.59
c8111f39ce798f7761d4f6e8f0c3a665,1,boleto,1,187.91
"590df012be2d6ced593daa265e628b1e",1,credit_card,2,61.13
"64a364c5de0cfda3d0621b433b516203",1,credit_card,8,499.40
"0be098c4a208559b0e6c96c3254481a7",1,credit_card,2,315.69
"2147876cd801aed5f273ba360d0960ac",1,boleto,1,33.51
cd466631c2bd74fbc4e744b131819ea5,1,credit_card,2,58.94
dad151e92378667093156fc66f981742,1,credit_card,2,191.46
"1853610c46a77ba436f5e06e16ec8302",1,credit_card,3,74.97
fee26dd998861d207782234217b367ec,1,credit_card,5,373.69
"247c317b5fb8366262f84e1a5e99dc22",1,credit_card,1,68.37
"4244bb7994cdcf8c2a63651b4fba924c",1,credit_card,1,92.57
e5106297a2ffc7dc6e1156fdd748d382,1,credit_card,3,167.32
"35439f221b37eefcebad6204ba171769",1,credit_card,1,71.75
"838e05e4f58ba2fc4a4fe39bcbdc7284",1,credit_card,1,46.96
ae181b10c96125c3d1bbe9d7dfc1e830,1,credit_card,5,418.42
"9192399976bb077688f5cf72fc8ab37b",1,boleto,1,88.55
"219333770b2c6b51ea06298d29555097",1,credit_card,6,137.77
"879a1b657dd0ac822411797d57cfe29f",2,voucher,1,113.70
"92a8bbc7ce477331df10e39cc3ac8b43",1,credit_card,1,73.25
"1470619b8b354e627045227e5509d6b7",1,credit_card,7,73.34
"74f5165a6e6e8adda316b90e58856eda",1,credit_card,3,147.65
"4ff17917a5050a11678d9af3fb12ef57",1,boleto,1,164.79
b829a9df2bfb08f7e2a0e9854656fdfd,1,credit_card,2,141.78
"001021efaa8636c29475e7734483457d",1,credit_card,3,64.10
"974c1993ab8024d3ed16229183c2308d",1,boleto,1,84.56
"41db0ab7c0c615a697ca63860cd13a33",1,credit_card,1,130.57
cab5ff5f1347330a7576a8aa80bd1774,1,credit_card,3,93.11
"4fd754f42b2d84fcafd63991c1680329",2,voucher,1,29.32
c72c0ab643f76818c56b7c135e806360,1,credit_card,1,107.85
"1a302b3c311d6fd772e886b742c24304",1,credit_card,3,78.87
"2ef2818bc1477c39bc32b093812b85e8",1,credit_card,1,108.51
"13506ea47f50a6c01fa3dce68138ee1f",1,credit_card,1,97.87
"5e0d2c150ad3048c4cf22d46956f0585",1,boleto,1,44.00
"5b1ac5be77fb87f6f96cc73e47887575",1,boleto,1,152.99
"442c6fc8659cdf5bd32a9631cf51b3c2",1,credit_card,1,78.30
"1498068c608b11a2902e212d4d65d62c",1,credit_card,8,410.19
"71269bfaff77cbd93b48e1dc0f548f69",1,credit_card,1,38.11
"1be51feefcd481bee3118900e6777057",9,voucher,1,5.39
"432f3cbc9941551c41eb9884f7bfb879",1,credit_card,5,104.87
"618450817fba79842e9347f1c03714d3",1,credit_card,1,82.81
c7242d2d9708ff29c884e7ce4faf6e19,1,credit_card,1,58.72
"361f034789232a97f47cc1d000c930ae",1,credit_card,4,231.27
cacb1996e2de4ef6334c5223259544e0,1,credit_card,3,64.10
cde75c00788fdeeed7584baba51eae41,1,credit_card,3,58.00
"6bbc1892d79fc89cd656a04b7d96f622",1,credit_card,2,94.66
"36272970346cb4aadae6ef0defd79773",1,boleto,1,599.30
"2180c97a87cb56e53fff589f28985825",1,credit_card,8,376.97
"82e4f033f60598903866557d89c9c042",1,credit_card,3,44.74
"581ef4e5af5c7bbdcd26579839290635",1,credit_card,1,127.30
"12907443c80937b0793096099e22990d",1,credit_card,3,101.90
"6d8102dfb9acad707f6e15b413270621",2,voucher,1,106.16
"895ab968e7bb0d5659d16cd74cd1650c",20,voucher,1,4.61
"36b8a8489ea76d561b88cf2d22bd965b",1,credit_card,4,82.56
"539e4c852e657b3cdf03f83c371853b1",1,credit_card,4,142.35
"9c893d6ab03661d6f07382306b4de688",1,credit_card,10,113.80
"874c69026a5bf0c3a422c298e7ebea9b",1,credit_card,1,132.05
"4b8343f1c0a8eaec620be378f9a580c0",1,credit_card,4,85.24
"1a5f3cb34d205c22bc1a1cd8538c5882",1,credit_card,3,278.65
"017cf0b342401318dcaeb25478e13a6f",1,boleto,1,67.50
d3e8a13414ab6f219caf1745f1384b48,1,credit_card,3,132.05
"08d7ec7381dc51d41a0e4d86314b7a98",1,credit_card,10,719.76
b8bcd5c4f80a3e88b4d4581527e1d2cb,1,credit_card,1,126.78
d59ff07b4c44d8924d08a48d8eba4c4c,1,boleto,1,72.43
"4ab1a1bf9908b4d876f0706c742fb14d",1,credit_card,3,32.43
ac11d10a9d24794506b10133391eaf2f,1,credit_card,9,93.04
a01f15efc2aa7e4ee731663d69c0f0e2,1,credit_card,1,34.43
"2bf122032657da71d81f97a2e1e1ce66",1,credit_card,1,63.27
f97038209977e4fcbbbb7ca58e55bc1b,1,credit_card,3,182.62
a51c103cee3ac676ea1c9bd8faf4d0be,1,voucher,1,66.00
"09ae00385becd9090c7e85eb465605e0",1,boleto,1,189.00
"96c01643f38c59fe8ac1ef0480d423fc",1,credit_card,4,86.98
db6a112d731420965a4db369191a8d86,1,credit_card,1,24.51
"6d513020e217c98e25467103ce6be42f",1,credit_card,4,79.56
"0f9ea2184ab597f17a8705fc0bb1c9e4",1,credit_card,4,117.34
dc7309efcb9745f3a27ffc133c309ec8,1,boleto,1,199.44
"55881111d8b37a0e45cf97b156ae1943",1,credit_card,10,305.57
ea11e787b7c89e4884a0fa8fb65be3fb,1,boleto,1,23.60
"76b8258d41352cf46d8f0a57404d9c03",1,credit_card,3,187.59
"8707490ec96f386b36d2582753d9fcdb",1,credit_card,1,94.74
"87886486a0abc01909fdaf209fdf740e",1,credit_card,3,169.62
"58cc4646b6b5a706c9314c302ae00714",1,boleto,1,32.22
"531327b704efe1a9d929abf11f2327f3",1,credit_card,1,61.45
"5fe0491bbf2891e0f240aee0fa0332a1",1,credit_card,1,56.10
"1cd0c408983d3898972c78f60ec9fb6a",1,credit_card,3,390.62
cacb4e68a51765f58c6cd9ea8359fa9b,1,credit_card,1,40.13
"4de12ffa449686d58b268a6441afe8a3",1,credit_card,1,76.98
"8057ce8ffded1481446ada68f97941d6",1,credit_card,2,263.47
"79b57d07c97ba24547cc8ec969785e64",1,credit_card,5,278.47
"597762c317500fb387313e761eada089",1,credit_card,1,76.38
"97a25cc4e813283eff216448e5e0fcb7",1,credit_card,1,69.16
e5af575637557e5be53b2df8b32a5452,1,credit_card,2,115.35
"8c0036d43acdbbfd4d107d78bb1c6865",1,credit_card,3,294.70
"9325417ccf2008bcf613acffa684a24e",2,voucher,1,135.00
c48fcca52ed71dddb6f8433c2d7d49e3,1,credit_card,3,37.84
"474422ad1854778feb30bf77b7801bf3",1,credit_card,6,131.67
c239944e346dc1fde937d68eaaf858ac,1,credit_card,2,84.14
ed7b2aa82a62a84abd2c43e68d6fccfd,1,boleto,1,23.01
"636b730a85bdd05024f5570316c55597",1,credit_card,1,28.20
"5d77e1d80ea67e8a68570ae87730fc2d",1,credit_card,1,69.73
"558664b1fbd872709e44602c70ff9256",3,voucher,1,45.80
"4da4840a1f38aad712a0857596e24b44",1,credit_card,3,197.12
d974716b98a0c162cd1e80fbf0d882bf,1,credit_card,1,369.92
"4e81a6ed1cdc31e84c13a74ec121798c",1,credit_card,1,29.74
fb38f809a5084e2ad016d4ed46d60780,1,credit_card,1,35.44
"2f80a0b08926b808eafcaa9ceb2e7af4",1,boleto,1,99.95
"29c8471e22b812817dc9d933a3690694",1,credit_card,2,207.57
"0ef95a4e8ed73bc72863cca218c4791a",1,credit_card,5,284.62
"6203c81147d0139e07867d4a07e3ec67",1,boleto,1,47.13
aa1bc9f5fb6999f433bcbf6990661542,1,credit_card,8,236.80
"27587cc5a5f975239e49460102252868",2,voucher,1,24.75
"903b9800ae4c27c2f80b83ea286fb0f8",1,credit_card,3,156.52
"02cb37269f256232b81be588ef056c92",1,credit_card,2,150.83
"0a2d541ba7c40984543d72b5eb0abcba",1,boleto,1,49.72
"56c342adb8f074b20da098539a429d68",1,credit_card,8,319.99
"0035246a40f520710769010f752e7507",1,credit_card,8,99.11
bb9a2de2f513259a76f6cab031523257,1,credit_card,3,152.88
"9ec184faa31b594424cec063d4e4b4d4",1,boleto,1,305.68
d08af97946f43d83db8dfda3f21dfc94,1,credit_card,3,158.42
a2b01f72ab3f4fc8831837432d5a0117,1,credit_card,2,150.26
c9b08bd33d449366d3b89454a3071b98,1,credit_card,4,192.03
"7e8802ecbf8198fcf26de06bcc322bdb",1,credit_card,1,58.62
c0aad5efb9be7c339afb7dedd1acae49,1,credit_card,8,167.66
"739677eada57f8079787189697f71d74",1,credit_card,10,171.00
b14b0dde0afd46bc7023f812bccb6abe,1,boleto,1,49.03
e47110d41905de410a2e6b8e4d9997ef,1,boleto,1,89.57
"124f1c960dc017afef91dc9c65b771b1",1,credit_card,10,913.63
"9f188fd1c4dddf39da5a0db98006c240",1,credit_card,10,192.50
a9342834aa696e06f0b243493288351a,2,voucher,1,61.14
"1887d0f6362cc8dd05b9c7764fe627b7",2,voucher,1,20.00
"180fb4e6556687774c55bc255a5f7d8a",2,voucher,1,47.78
"04d551f13024f132b86b2fdb707664ed",1,credit_card,10,431.18
fd4907109f6bac23f07064af84bec02d,1,credit_card,2,219.00
d29cafb654e73fca65371aec22d88ca8,1,credit_card,1,66.90
"4e6bffb5dac92c9750467794c5964bff",1,credit_card,1,67.36
aa20a93ef3a47575823a475a8dd8399d,1,debit_card,1,189.26
e1bc1083cd7acd30d0576335373b907d,1,credit_card,10,335.00
f8ad47bd9f9cbbd124d9d68f97e6c000,1,boleto,1,87.94
d23a16076a7e0b48e1f7d598df7136c9,1,credit_card,4,42.77
"19e2a5909c8b0167ecbe280ecf35112c",1,credit_card,1,25.50
e35151d8b3a7673b477de5db923af75e,1,credit_card,10,180.24
a6cbdf5ace75b2a9e73a68a9a478060e,1,boleto,1,70.97
"9f5721ac1a943468f5591f34f17bba7e",1,credit_card,4,146.13
"0c4284c2b4798ef2f308a6748fa63dc3",1,credit_card,1,8.45
f027ecaf5002b6e557ccdfaedbda2ac6,1,credit_card,1,97.04
"70bc63a4b15c36daba5d68676c6eb65d",1,boleto,1,126.01
"3fcef5a4695061c567a02de2dd0cf7b7",1,credit_card,4,238.18
"138f041df3644d9ad82f50c67b7bb304",1,credit_card,10,135.28
"86c81a5199aa303d0b44657a790f73bd",1,credit_card,4,49.09
"6c00e2ff02bbb412fcdd1b68c6b47436",1,credit_card,3,70.73
"242efbf997dcc144609030002b91446e",5,voucher,1,8.32
"09d8a4bcd943fd4bfc7dd6b64b7c328e",1,credit_card,1,36.23
f29cc3f249ead9567a70f592ac61f051,1,credit_card,1,84.70
b0720f1f1ffe718701fefe87c8bf605b,1,credit_card,1,90.76
e48247404129e18919a1425efabcf422,1,boleto,1,200.28
e823ca8c2818557c5f8afc10f1e2cf2d,1,credit_card,5,59.09
c004caad90ab5b86dcc0e253eee4491b,1,credit_card,1,137.60
da05f479ab5c7e23b066a396865bbfd7,1,credit_card,5,103.43
"35f1c7a905180687002390a212d166be",1,boleto,1,79.72
"1a611328643ae11146ba09a4425d2e12",12,voucher,1,6.31
"73e6f205ca3c002b2f6b477a6e479cf7",1,credit_card,1,348.18
"30ae6774935cd2a70fa74306f407495b",2,voucher,1,50.00
"8cd5a8ed660d7c0a352769c18c7b8f9e",1,credit_card,4,46.81
"6bbc42789eb069b08765ebadaeee4e71",1,credit_card,6,491.37
b6658ba6ace73d4a24ff0b48662ec452,1,credit_card,1,46.00
"4cb20b515815d480b0dccbe2fa6ea5bc",1,boleto,1,60.38
ffa466d3e55f98477b7e0da764df3c6c,1,credit_card,1,93.36
"72338cbe5e2e8e0e6018f8497ee34420",1,credit_card,10,187.34
"13fe5b8b3ad46c558f0c53939589776b",1,credit_card,3,207.78
b40f817b50535e75d1708b22ef4f6484,1,credit_card,1,29.38
"801524a8fbd37484e8d8c23448f113b5",1,credit_card,8,85.68
"19018a1b097164d2fadb3018902f3221",1,credit_card,2,29.78
"1aaa23146b41cdd25da482e0b2dd0534",1,credit_card,1,39.36
"067bc1024a45f0e3cf23b724757e55e2",1,credit_card,10,484.02
"84f9e55a4538777400d2fa996b626570",1,credit_card,8,237.59
"3ab3084e2fd91af8e021237e7bf08cac",1,boleto,1,123.85
f2295bca86e6c4a2a1c211330a5c5779,1,credit_card,5,315.75
"470dea50dbd9c5e77735b49bd904af6d",1,credit_card,5,149.32
"83fe87eb0a04cc2e1e9c68129e40f62e",1,credit_card,2,126.74
bda01d1992abcd24a7b25fcf1363e893,1,credit_card,4,314.26
"3ab0d24105c6aa5de67bd849dc3691f9",1,credit_card,2,101.12
"917f26ec1c625573e0d0aee8b162d3e0",1,credit_card,2,41.76
"1254db2858a5edb97a4c724409299e13",1,credit_card,1,118.35
e4b6df3eb118302bd304c9d02ca19afd,1,voucher,1,828.32
"3ada46ab6e80f69472ec0d7a930fc64b",1,boleto,1,52.00
"0539642c2ba6dfd6c8ca8dbdb16d85d4",1,credit_card,2,202.73
b115422b830bf2840fccf6f0d6678ab2,1,credit_card,2,80.38
"614a942e991f27cc67f45c0b0ca5470d",1,credit_card,6,101.63
f08e7cbe4ee33176122952f10c7128b6,1,credit_card,1,105.16
"9b643bf8a8614206d936530d416aef57",1,credit_card,1,34.00
a1f12bceaff1b0d9d2a457fca14d1fa1,1,credit_card,3,51.69
a5aa5239c6020daa6c90c0a34b0fb2ad,1,credit_card,3,162.25
"9ea0a40497073e1fb4b7e78c1df24073",1,credit_card,1,126.37
b551afd1cbe632e6dd51f14132235d27,1,credit_card,3,76.36
"319d398b7ec933febdefe3104dcb8679",1,credit_card,3,100.33
"202effd51a18d9717266ec1935672741",1,credit_card,3,92.30
"95a74a28d622001aafb5dd088ea0d88c",1,credit_card,5,50.68
e884177a9732255a4b37042acf760c06,1,credit_card,1,122.99
"5c39ea77aeff2cf75f3eb07b78d3c13c",1,credit_card,1,99.43
d9e5305b48eff370ffafa031d6027518,1,boleto,1,104.85
b67a8588504e07ca0dca52eaa72a1829,1,credit_card,1,35.93
"856f18ac2d008bc9a92673a46c6057ce",1,credit_card,1,161.90
ccaf9bc3712aea66d07acdbea64e069a,1,credit_card,8,232.45
f76f64ce61b3764c70b30ee618b71fba,1,credit_card,3,87.70
"4668e269b27ff744f3bd603a9c444d32",1,credit_card,3,167.51
"5db31af449c668e4ed0b7efb00f802c1",1,credit_card,4,40.69
"6644c3cbafddb2afeadec90afcd51454",1,credit_card,5,52.20
"556a840ca8df33d08ff39fed4a28792b",1,credit_card,2,106.52
f5b582be9c6e306e36009285ca71038b,1,credit_card,6,66.67
"4fc7ee0d4813a5443edc4f7348eaad58",1,credit_card,10,823.16
"6bed34f9ca7da44775aa6a7c00ccbc4f",1,credit_card,2,84.42
"21713fc60242d920d3fba8a37dcaf0e9",1,credit_card,2,153.84
"84ef6a73c1fcd8d48177e81dcf29e886",1,credit_card,5,117.94
"317ec820fae6ec9ca71bd677229fcb78",2,voucher,1,20.06
c13ac59826a76ae21dbe5b33ae83b857,1,credit_card,1,91.18
"34ea00820ec035b5002e8c3b026a3db8",1,credit_card,2,59.59
ae125b80547d3ba1360e23d720f43e8f,1,credit_card,6,393.15
"47e90f9c867597102381120afab2be4c",1,credit_card,10,218.63
"6aa1b68888b0cf160c7072009c46ea24",1,credit_card,8,161.26
"065ac4b340bafd4f6bee041c63e10aef",1,credit_card,1,32.09
b042196844fac663617a8534823b6720,1,credit_card,1,84.36
b5f223689362e69338adf9d075524007,1,credit_card,1,68.22
"55818ca5e8e590285938c49fccd72eef",1,credit_card,1,37.54
e68635b5cb368d061f2acf5de4d617e7,1,credit_card,1,111.19
"1d0b0f924b8d43293ce021e875a67eec",1,credit_card,1,70.91
"4e1fb96e2f63c315a9ca0c11d9254ada",1,credit_card,5,721.74
"2193f5bb6c9f9d32aa596cda03c6aa03",1,credit_card,4,46.27
bf321eacd8e3dad568b84111dc820e55,2,voucher,1,52.51
d53709cd2507666542fcf8f6120b99f0,1,boleto,1,44.83
"6f6e2ce5689b7ab446f49cb9c77766c2",1,credit_card,5,347.00
de2d0036fb45333e82bb658ced9a4fd0,1,credit_card,4,105.28
"8c48de2f61b3d074a30c7268fb8ca85b",1,credit_card,1,96.71
"20dba2f8adcb7effe9f8fd64c8818656",1,boleto,1,144.72
f409f5ae35c08a9135d9e5d15ec6ab67,2,voucher,1,100.00
"1e697d52faeb26c57898a78240fec685",1,credit_card,2,243.25
"31f67bef2180ffdf0dbf11db4b0a4380",3,voucher,1,20.04
a209f1e024c8fa7bc5c6ba43084b2a88,1,credit_card,3,34.29
"7d01cf337c32eee6c03ebb4c19a7082f",1,credit_card,1,183.69
f1db3b4ae1a3252075e1bcb338303e7f,1,boleto,1,144.90
"90ce0511d1c55fdb081fc064ff96ecd9",1,credit_card,2,220.27
"9bfcc088220bc74e76f4341292d16d76",1,boleto,1,38.27
"742d23b61a40b16eec4c1c5998da1c39",1,credit_card,2,98.62
a4652eb1954cd0c3121a95ba49122673,1,credit_card,1,54.04
b4830eb292356ee360c41e0d3c239277,1,boleto,1,145.81
"0a0d4509c14ceb9b0f6555e07c45d167",2,credit_card,7,187.72
"1b0e1058a094f333948edf16f4248323",1,credit_card,1,39.42
c87de2d1aece481642a24bae4b964b07,1,boleto,1,1949.52
"219666ef9b38f40246321c0e0df41cb9",1,credit_card,1,45.85
"05252513392111e8721062d8ecd9edb1",1,credit_card,6,64.26
"7ba6bafa2332bb4f844e2a2a29946773",1,credit_card,2,72.45
"5ec57659b85eb947cc673208c233ff65",1,debit_card,1,206.72
ca1a5d05634323c6aa39defe3db5c99f,1,credit_card,3,165.56
fa9aefedb556db70fd8ca7a716f79802,1,debit_card,1,149.50
bdc19e734eab622dbbd2162a226278de,2,voucher,1,45.00
"24dee6ff7fd74dab4ac9bcf1f77ee3e9",1,credit_card,4,2060.20
"5f9f506121fbb5873e965264b8dd76bc",1,boleto,1,70.46
"9e26cbec7523f810798d1b3df04fa17a",1,credit_card,1,41.06
"4aaae2aa1aaf68062749b93fbe24d6cc",1,credit_card,1,21.51
a68a639ac918e408ed684ffd22872fa6,1,credit_card,4,104.65
"2f547e1278ec9e38b722447379fa08b7",1,credit_card,4,363.46
b87f290b049eb668936a0f94149a1e2f,1,boleto,1,73.15
a6288025a106ed8a4db8010e42d44577,1,voucher,1,31.71
d0032af1034824fb3c4616830075fcb1,1,credit_card,1,42.77
"16335761ea48f493e1fb30770e982a36",1,credit_card,1,77.31
acc2a63ccf0116a0851f085f5f19b7a0,1,boleto,1,65.00
"46825d76addbe7655c8ed2ab5afaefd7",1,credit_card,1,36.84
"3958b17a88c13dfb60674b04bc79168c",2,voucher,1,100.00
"1fba572d64e0fa6d6bbfdd06b5704e6c",1,credit_card,1,76.66
ecc7cc27b69424be1699b4551e825a0a,1,credit_card,3,147.15
e7ab20977cf6ea5cc4a63b3ecf897dd3,1,credit_card,10,1511.86
"56086e96a54fabdcbfc3c78440bde7c4",1,credit_card,10,629.51
"39db24edc355863bd882c7e44c782993",1,credit_card,4,207.73
"161e053585557a1c61af92492bdb4f21",1,credit_card,5,207.17
"7bba6be8b33b014bb9523db5f992d070",1,credit_card,1,117.94
"1fe07512d05f79bf44e02f7052cca2df",1,credit_card,3,163.29
ce30373e8d97c7fc959631b6224af95f,1,credit_card,10,1416.41
"2ec564275bf015d015a113511076b4e8",1,credit_card,2,197.98
"1889699f134c9af589ab3415c75f0a04",1,credit_card,7,194.00
ac244956f757aeeb76242334254bf9a5,2,voucher,1,89.70
ed35e61f1ad9eb350bf81839d6bbda23,1,credit_card,3,81.11
"02680f764ca402aabbb86572ed2731ef",1,credit_card,9,185.89
c6deb8388ec8288e163d7b5ba4f06099,1,boleto,1,75.10
f7c60481e9597efaf926c7fd126b2483,1,credit_card,1,21.62
cc94a3db006a9dbbf0a57bda0091d616,1,credit_card,6,236.86
"6ed584543833dc37e292f333c63778f9",1,credit_card,2,206.53
"2ccca1fe20c84ea4cb95b191e260cf16",1,boleto,1,31.38
"6eec08eba397611760a7ccd3cd4aa98b",1,boleto,1,32.78
"3a31fc2eeec3c45ebdb6a390a5b1d3e2",1,credit_card,1,30.10
"91bd30c2bb59d00a3f3710013e7c4365",1,credit_card,2,59.89
e61f21c687d3607657f3799b5e182916,1,credit_card,1,34.10
bb4fb8e6263745e0b5dfb72b42a9b7e5,1,credit_card,4,172.67
"22cfe8ea8be0dde8f8190b9fa000e365",1,credit_card,6,281.30
c87d92d5c64c70c79d7cadac8d53ee3a,1,boleto,1,155.95
"03c765107c8fc34c68a82bbd6c686856",1,credit_card,6,126.95
d71112c1e6312bdd9d6543a9b6902789,1,credit_card,2,80.56
"2de2a81f489e7ac7cc08d8e49dbd6c13",1,credit_card,1,61.27
"43d7305914fd70e58c762b287e0cde53",1,boleto,1,93.21
f4ed6d734bd3faba403a2dfdf49400b0,1,credit_card,1,25.51
d2116792f51c05e63040003857b5fb91,1,credit_card,7,102.03
d22f0b06e1519065d7eddb2ba6b79b63,1,credit_card,6,66.64
"1f252fa03fef3a7b2d16c2dd20de006d",1,credit_card,1,148.24
"3afc0f9406e119df79d4b5ea3b236712",1,credit_card,4,72.14
"17b3d1031f921e564f12f09e7c4b25e0",1,boleto,1,27.80
"349982921dd24028676e068b97e126c8",2,voucher,1,100.00
aaa8a5ae0929b8960979af7f39d3e90b,1,credit_card,6,96.66
"07fcf4ec8cadbea34c5b508e35e716c0",1,credit_card,5,163.73
"4f1e72c86c397722120a1cb409714f5e",1,credit_card,2,59.05
"626ac0ce1580c1c2053b90b0d317f56e",1,credit_card,8,341.49
"5b6ef6be2fa71ebc92c95847830eb35f",1,credit_card,1,54.00
"4f2dc4a949823819bfc75b784fb32686",1,boleto,1,51.56
cf8152b6a51ad306ad09a2d253c8133c,1,credit_card,2,50.93
"952e4f8f61bc655acb5734ca68d878ca",1,credit_card,3,126.81
"5334316e328fbb4a7286479768342ad5",1,credit_card,2,116.94
bd5ffda97fccc263e7c4f0f4f3f42b88,1,credit_card,1,65.35
"922162cabb84e44a2efa143dd96ef464",1,credit_card,1,51.78
"336ed4e4f5edad73028eb4fd741e804b",1,credit_card,2,97.78
abbef8344e1fa422d2c70c1f00ee8317,1,credit_card,2,203.08
"58091d2b77a13202800dfb2a00879f51",1,credit_card,4,173.23
a95c94841ab5bd6b075e7f6f2c9670ee,1,debit_card,1,91.95
b69757ea131affc405c02bb3b04e9a69,1,credit_card,5,111.15
"932fbcd8ff83452581f2b710115f094e",1,credit_card,1,156.72
f3cd1b70420f1d1a3cbac5acce1a5b3d,1,credit_card,1,286.12
"12038c61d2a50f95412b96ac0e47502d",1,credit_card,10,548.31
"5a2a431c383bfb1cf91cef8f21db8751",1,boleto,1,45.13
"6da6cf03f09e5b28013185aff13ba6f8",1,credit_card,5,121.60
"0e439875ab5824a65c5c2402b6302f3f",1,credit_card,5,335.32
"05a0f6d062da2d6c66fa846737770d35",1,credit_card,1,178.38
"28d6266168cfd43a9f7d1f2f2f07f54a",1,credit_card,3,39.75
fbb3296cbee389d9961a820220eb62a3,1,credit_card,4,120.08
"2f7b0d36ffcaf0277583329ded34c97d",1,credit_card,1,72.58
d340d7c22ff2502b0385a1bc50c83999,1,boleto,1,69.22
"256cb711364e60ad3e99bbf41a2d9136",1,credit_card,1,86.34
cdb1faa859205ebd457e594dfab53801,1,credit_card,1,4.33
"6101a3cad652012312ccd9284733ac2b",1,boleto,1,122.90
"287445be3e2a5f0d3f5036b2a778d1c5",1,credit_card,1,82.90
ee4400c5937463920eed95003b8fd459,1,credit_card,3,364.99
"624d5e149bcc11515ce32c6d710f566e",1,credit_card,10,375.43
"45776460b7ff952460b7e9d32c28bd9b",2,voucher,1,54.09
"1bdd4c66aa68cf72d2fc25b9f9e4bb48",1,boleto,1,42.09
"640f82f9967dcab29b95d5a62abf911b",1,credit_card,2,60.62
"2d5d28288be492e268303635a7aa4fec",1,credit_card,2,74.16
"4883042a7a5f22fee4e519f15da7f9e2",1,credit_card,7,130.56
f847298c3beb552989d31c5f673da6fc,1,credit_card,2,76.34
"2ec8350dfe84d1726bc5bc3921003fd0",1,credit_card,1,4.31
"12b14ff427f6ae44eaeda7943fd08eec",1,boleto,1,125.77
a198fadedc070d85fe672afa298f1a84,1,credit_card,9,136.99
"7c0ce5e0916d0bca80839ea19d6112c7",1,voucher,1,45.77
"5e8752fb422500b68d03de8db7555dc6",1,boleto,1,185.62
"16f3197b63d493ba1c9fa0fd6c75f985",1,boleto,1,74.78
"5a213cd2c31b85edd98ae1ab50c50aee",1,credit_card,2,543.75
"611e352f93ae51674ed15e44ec53f99e",1,boleto,1,67.12
"475884ab4a0fd44c36d533ce24ba64c7",1,credit_card,2,27.39
"3dcca0000c916de0c956a7cf2337dfc5",1,credit_card,10,240.74
e897d96adf4da16805cd6faf2913ce48,2,credit_card,6,430.89
"5f56bb9578e8e67b832dec24bf5e0a59",1,credit_card,2,298.21
"427bdcc4eb03caf53fde12f57a84d443",1,credit_card,2,144.63
"417f9f65f61787a7bec245c5e8c589dc",1,voucher,1,44.89
"8cc9f4314e5d248315bbefd0481e52aa",1,credit_card,4,149.44
b867ed36fe57004358a5c654d886d389,1,boleto,1,137.71
"0f96e9894259aa8c07c655cabec46c2c",1,credit_card,2,28.85
"304de8e45238077a307c2676739f3c8d",1,credit_card,5,54.75
fa363ceded15b46744459dd87ba1e281,1,credit_card,3,492.25
"172c16ad22d7fe8a23ac0873047d8f16",1,credit_card,5,117.36
"49d9f3721c033d155e61cfbd798aa0b8",1,credit_card,2,105.37
f1724bba252ecf9cd468ae63c9a6adb0,1,boleto,1,35.00
"3a754d9436ef0dd5d52e94a0e7ee2f0c",1,voucher,1,49.24
d1b3c3d319347abd31b56c3d894b2b2d,1,credit_card,5,56.70
d51eb6c998198af68efed5deb04cad17,2,voucher,1,100.00
"4243bef9583d689a9c8fe6f055cef332",8,voucher,1,15.16
a04a09199fc0fc084effc228a81249eb,1,boleto,1,92.39
"719cb31645fb8251f1eeecfe977c16c5",1,credit_card,1,301.81
e192b63496e874f9ec02a62d97ac23be,1,credit_card,1,219.28
"85111915ffa25daca9d9ebd027aca85b",1,credit_card,6,66.73
b706405cf60251b5bc3c338db1418213,1,credit_card,4,74.91
"44e4e6de79505211800da6a7b4489511",1,boleto,1,149.71
dced94fca9ee52e79241961c0e5a3d0d,1,voucher,1,1.98
aa942d6c13162cf699a9ed59746af588,1,credit_card,2,145.56
"35ae4b5e235b60c40502a1a5cab8f2c3",1,credit_card,3,152.10
"1d93c24a42872d2410be202e128bf5c3",1,credit_card,10,403.23
"0a7d898c6305101e69e9f5a05cd0130d",2,credit_card,5,215.47
"2d16bf1b00214008228bd3b4cf16d256",1,credit_card,1,101.71
d9f8dfc775170aba5d24809cc2c04058,1,credit_card,1,106.50
"7cfbcf0f0e692bccbf7d7a4c997e80fd",2,voucher,1,84.07
fc9faebb277d32cb60f602a7c4b769f5,1,credit_card,5,99.43
"35f34f644e23f2201ccc411a2cbbebce",1,credit_card,1,36.19
"1824231549dc0859a6ce9f7b7ada733a",1,boleto,1,96.30
"9beba6ff447f3d28862f7c0079eb0586",1,boleto,1,105.73
"99763d9a29968ec4bf66eeab50245db0",1,credit_card,2,114.33
"4d9600658f731503a9d1952aea2df44f",1,credit_card,3,54.56
"5e73c84a4d8bfcb7f5f1aca946e843c7",1,boleto,1,219.79
"21fe49b64fa913953b308f40345336cc",1,credit_card,4,56.37
b842a958b4bdb5de1b88ff1795c361b3,1,credit_card,3,70.18
"7cf64ae8137941a44a6300e23b7e25f1",1,boleto,1,152.52
"0ab8d66a698afcb3665ba9be03cedc6d",1,credit_card,1,101.73
"85eb5489e874a057b18c8b01ef44d1e5",1,boleto,1,65.62
d871dddcb611a31e705345b5c37d7a72,1,credit_card,5,50.22
c54a395b5f384f7eb66433d136522b7f,1,credit_card,1,114.45
"07f970754e737efe221e6349eeb5a8e7",1,boleto,1,198.62
"79db7436f36c45d0ec5cd158424d7ce4",1,credit_card,1,51.22
"9058bc799c3791077efb3aaa8e0d5e02",1,boleto,1,91.07
a6f6ef4007557b03f6b82beebc22150f,1,credit_card,1,58.14
c374e19bcd2d8e8ea40c216011e8b254,1,credit_card,6,70.72
"82bdf2be6cd75f6a34999c235f18948f",1,credit_card,5,104.28
dd148019cfd83f2e45f6c5d5a09771a0,1,debit_card,1,67.68
"0343fa2096b6d04743321f9b9f62c1e0",1,credit_card,10,111.96
"873b10344643e4206c7f04cd54a1fa72",1,boleto,1,205.07
f396e1280028fa9c8c83111abee5f2e9,1,boleto,1,455.38
"5fa652d6a0d79befbb256a3a2883469a",1,credit_card,10,181.98
"42cf7a7b52b1c986f62a886cf4d24422",1,credit_card,3,64.00
"59d56572217f98b40bde09f04f73db88",1,credit_card,1,77.57
"9fc6ad47ea55766ef9dc9dd7d2fcf14d",1,credit_card,4,40.22
"4d1eeeb5922d5d55dbe1be7623dc18cd",1,boleto,1,208.20
"8d1129b31f1bf3cd5db9d36e63bb5f75",1,credit_card,3,44.69
"632532c6ace2a1281a27e66bd5f4278f",1,credit_card,6,113.23
"82a2e37eb201961bce71db63453b6b60",1,boleto,1,148.06
"668a8c6658202dfcedaffee43fdd4523",1,credit_card,1,22.68
"6a6aab31a11f630e4907ec3bb0ac8958",1,boleto,1,139.42
"0cd93455c51655ebb590c07a06d584a1",1,credit_card,10,191.56
bfca565035711cdb02880c530c383872,1,credit_card,1,60.92
"76237b6fd0f721a714d6bb93439858fe",1,voucher,1,88.62
"45df056976e1015aa17da9c75858579b",1,credit_card,10,217.96
"680c9251875caf7afd565340a52e89f7",1,credit_card,4,126.47
"508febacffe1f7bfaf96a76a59677e6d",1,credit_card,2,117.14
"90266667267c61999c7efdecc81f99f2",1,boleto,1,72.08
"484e00a4ba79a175cd91af90f5656055",1,boleto,1,75.53
"97e080a21be085e3e36d5f7c0f8f0b43",1,credit_card,9,93.76
"5e6786653a325a061d408b04a91c0233",1,credit_card,1,67.50
"8b36489702231f1b610f9fcaa210b23e",1,credit_card,3,57.38
f8b487bb6e67375c11888e7d1c2a90ab,1,credit_card,1,46.00
ab7544e83b5c2c2408039d0700064951,1,credit_card,2,115.44
"8e4b89ec7102d637fcb7388ddc61d5c7",1,credit_card,3,102.03
d3f9832594bb9037370cdf8bdcd052cd,1,credit_card,2,46.21
"523f7d5ee2ea5775addb6d622b17f92b",1,credit_card,2,142.96
"1fa3a19d9a9a74d3fdff66289fa3ae7c",1,boleto,1,49.49
"826b47e4cd7bba4e4c6fa5485f898b74",1,credit_card,10,364.18
"65dfa8121b10dd8bbb055a2afeafc9ee",1,boleto,1,64.52
"54840a5ed7a4f22b46151119aa560fbb",1,credit_card,1,117.94
e0429c361ab5500f38ecdc7a37f99955,1,credit_card,9,91.45
"893fff1e0e8a0597923ff86966aac6d1",1,boleto,1,113.33
"6794ab5374144f767116f479c562f7b4",1,credit_card,1,43.86
efc4bbb3d32651353b42356e387c5760,1,boleto,1,146.04
"0faf27f68362829970b17e9b0989b20d",1,credit_card,8,816.89
c39256279451486ab6eed803a7c5b094,1,credit_card,7,136.74
f09f067e8ad2f131f31e6394a71b48c3,1,credit_card,8,137.48
"36db19001f33a6f23042adbc4a0e30a5",1,credit_card,8,1240.85
ecf330e2463767d0a37a17786360899b,1,credit_card,10,618.86
ffd5e80bfdaf69504efd7562a3d522dd,1,credit_card,3,601.55
ffdd178654127ccf34a439e8704fecd9,1,credit_card,5,108.61
"2b101e802b6712f2fc129966a2c518fd",3,voucher,1,15.04
"2431f37c6b8654b085c5e96c606acd2c",1,credit_card,2,47.77
fc1be7f6cfb7b99bdf73f54a357bf4b7,1,credit_card,1,68.97
bcd65f5ba3529e137c55725d99f71ae5,1,boleto,1,37.09
ace8653b9b01a6d0347aa993f8e9b0a5,1,credit_card,8,88.27
"3b9a17f139dcef391577a6dd21f65093",1,credit_card,1,451.76
"39af19b1c6ebb39c4e7100d28e4330b6",1,credit_card,10,974.17
"4989d3c937d764f91bf6697dd572f524",1,credit_card,1,28.09
b341df7d52419536e264834ea45afd16,1,credit_card,4,218.07
"3f0c4716830a238b2b31f0ea8e6abeb4",1,credit_card,8,236.28
"2fdd2e028b2bcf3930e37c1088ecfe2e",1,credit_card,2,111.11
"70ee39a40074e0c39dda6d286a77d5c5",1,boleto,1,418.56
"49e16a61a02330e3982bcb6c57f39377",1,credit_card,2,227.34
ea677a4ea5963b5e28cab998b15f69a7,1,credit_card,1,36.78
"49647412596db97b7d3b1b7140d380dd",1,credit_card,4,196.99
"29cb6a71f2aefea7831e8dc7c7afb690",1,credit_card,8,142.20
fd65651f855608ad1aa52ff4a741c31a,1,boleto,1,249.48
"3f1d42a217afb22fc9ee819f602664b2",1,credit_card,5,69.07
"1239e8b4884c746e8d1ea651d4ff74f1",1,credit_card,2,115.36
"6b2134214d3f248bfc733cdf51e7faf2",1,credit_card,1,69.73
"106bf10ecc74f90c8848d0f613288a15",2,voucher,1,88.55
bd311764a2c2a541c99f90f076923b34,1,credit_card,1,67.05
"2153e9009ecf443d84e5f48861fb7094",2,voucher,1,21.39
a2cdb45b86dd3f134e347de049aa78d7,1,boleto,1,94.70
"985dbac2172bbf6b32bcca35da50d7a0",1,voucher,1,100.00
de9517fb01c6e4692d1cc9ff37c4d9ad,1,credit_card,2,115.35
eaca2f45fbeb00cc1d069840f0f13990,1,credit_card,5,130.00
"0806cf8565810770735ccbff09d9d4c5",1,credit_card,1,74.80
ec089ea63c9167d2ee9a19ab32d22062,1,credit_card,1,45.28
"25fd9ab410ed941187c41224aaecd049",1,boleto,1,279.52
"0d36ae23909d6afcc7030279ef2f921f",1,credit_card,1,173.27
"7403666e15b97d6e987f597066711845",1,boleto,1,126.34
"187866e696f75b2a1383f04953c53cd6",1,boleto,1,152.19
"738d6dc61c6c4ddc88d8996cec5dadae",1,credit_card,3,299.34
"88362b1861d6006c64c8a30e48a3be01",1,boleto,1,44.11
f8bbef6f308acd23949b5560c282ede9,1,credit_card,2,46.00
"43d8ceec1139cb3e75a6ab9d25e2e6f6",1,voucher,1,100.00
"158e9141121ed2f3cf9904a08930ab55",1,credit_card,4,40.00
"87ab9ab3d80a94a8bf706297277c0f16",1,credit_card,5,178.27
"6d5774791f826a27e8e5521a9b816ba2",1,credit_card,10,953.53
"6fbf5c6d1c53bab3c747fd72eff577dc",1,boleto,1,85.98
af48a5477e351edfe43fbff2fe9dacff,1,credit_card,1,90.98
eb9236a155ca9a3bb5059cdb8e167724,1,credit_card,10,157.07
abcb5732ae98a4a1c26bbab6f10d008a,1,boleto,1,40.77
cb60e1bd4be02e75af4e863c3c0fa773,1,credit_card,5,102.96
a968af310ab09611023e0efd828ecbde,1,credit_card,1,115.00
"886705cc2c44ec5ce3560d7a2fc95810",1,credit_card,1,55.37
d5fdd830fd27ad1acd2e9b17c08e6e92,1,boleto,1,100.62
c5222412ad9d123721c453c7c21a6cfa,1,voucher,1,20.00
"1fea99244761fe0359d759672fdbcf4a",1,credit_card,4,101.70
e8e805e78f96e0ff9ba477f9cc5e3448,1,credit_card,1,94.30
"49db6a08de9b99d6d0237da803888c22",1,credit_card,4,40.79
"75434d9f9fce6b4c6cd9f4736db6fa16",1,credit_card,10,289.42
afcda0566edd7333aa8184a5985a47ba,1,credit_card,6,903.81
f29f35a09c1dbda89c4cab0d09b89efd,1,credit_card,7,141.15
"6031b4a1dbafab99322d682f7d2070fa",1,boleto,1,119.66
fd571ab12e8d263eaf309774eedfcfeb,1,boleto,1,948.69
ae5c6e1388284e38412e62dd4bdbd966,1,credit_card,1,282.43
b77c6d3c0334b27a51f220038f0ef8ac,1,credit_card,4,135.63
"26a6d863d24d0d5bc79e4cfa85ebf566",1,credit_card,2,94.04
"9695b39a3c85c3d4651b63f03864fd38",1,credit_card,1,33.78
e8bd6a70539a3b4888a2b8dd053b470d,1,credit_card,8,120.06
"7aa4279cc25c67bbcf033b0ffa8e5587",1,credit_card,1,127.04
"5b9680f27b5067afded00b23f9cb4d61",1,boleto,1,29.42
b3311a70844e97acd4e111dac452a341,1,credit_card,2,130.25
f12ff2a4932dcfb02448431710f346f9,1,credit_card,1,65.62
"663ea079977e933b9c2c27fe78b93629",1,credit_card,1,105.30
"40a2f98011d4a7be3a934cc6ca8afd9b",1,credit_card,1,76.08
"599f88486aefa57adef7d260eb589778",1,credit_card,1,29.46
"00b4846d477a7baf5d4e47970bc08c7e",1,boleto,1,48.01
"997cd0cc21c4cc23cf4b07c4f53834db",1,boleto,1,163.06
"83278a865f8f9c152f76597d22446aa2",1,credit_card,4,134.47
e83d0b32f94299783d4e8b9a1fdb6e38,1,credit_card,2,75.40
bda15d43b16684fa4eff328a7db33d8b,1,credit_card,2,128.99
"1e5de131e124a28163dd61ca832e722b",1,credit_card,3,205.42
"3216bdc94713b4b433cac7f20212fcca",1,credit_card,2,39.25
b68aee1125f73ebb79b5283c7498650f,1,credit_card,5,101.77
"0d6f62563638954592b0be58407a367a",1,credit_card,10,116.94
f34f5fc0699f22c0ff25056c89074d28,1,credit_card,3,66.62
"1565c265f6580c91569b142d96aaa19d",1,credit_card,5,57.82
fdab24bf4e3d761c7072e39c69308da3,1,credit_card,8,673.20
a19e4d493994f0d2b444b5af6d7e93de,1,credit_card,1,113.71
"130654953b9f4e7e9f1bd08b1b882bf4",1,boleto,1,189.19
b88d7ae9bd78eac18e8b6ceb04695fb8,1,credit_card,2,46.00
e7ae3271e5b38526b2bfdfb2d7695689,1,boleto,1,90.78
"02f8584bbcb3aeae87d8e697737fb5b1",1,credit_card,5,106.07
a71697ed5952ec8c72a86901131efc9b,1,credit_card,3,221.64
"5af267e0e81330ccb7db9a0e9bff5075",1,credit_card,5,118.69
"6ac559b49cbb0d6d7c3eb071891785c7",4,voucher,1,20.00
"31fbde650320b9ce55813e075a78aee2",1,voucher,1,3.87
"6ca46f2b9a1592929647682510800e0e",1,credit_card,6,166.46
"9fa33f47b8defffcb858b25dff6c55e6",1,credit_card,3,89.88
"0fb0e71d92a103ce203e4b32be458d9b",1,credit_card,1,78.55
a61151bf7c6ab99c973aafb3382f4781,1,credit_card,4,94.92
"5e41827b759a0bb0ed7c166e8f9f43e1",1,credit_card,5,174.32
"1fe7938fdd30309ca9b8628091e0dcc4",1,credit_card,6,62.78
b23a3fbf20082ffb8fce7107c46d7355,1,credit_card,10,267.94
fc81cb044ec3b7f1bae90870aa0db705,1,credit_card,1,129.14
"0d28f995a2a25ad8106b1fe23e23297b",1,credit_card,1,19.26
ebb1c6b241437a3a506a9a9ca419cbb3,1,credit_card,1,117.53
"71f500b84266602e89447c7eab602ddd",1,credit_card,2,58.55
c513aa3d06f7b36a3e3a95d73e91374b,1,boleto,1,636.74
e8e35dc6e0c36ff56ab31bb1f55a3d8a,1,credit_card,10,987.15
c6b834f817f95bd7f31d78814dbb14ac,1,boleto,1,203.23
"4fa1b6d5d3ca98e8def932544cc51b90",1,credit_card,4,89.41
a7b5e82b294d8eac1109824b0194abb9,1,voucher,1,105.98
"277de059a7365a4f74aa03167d68bcfd",1,credit_card,5,87.75
bc68edad1573b158a94188df0cd960c0,1,credit_card,1,40.48
"2b0991a89bd6f0e75a51275d3d1dfe71",1,boleto,1,62.99
adb00f908ea2044d0001f86671d882af,1,credit_card,2,102.96
ea2f9e46eaf5311b2a097a65699bac5c,1,credit_card,10,149.56
"65d5ab70320210b215c305db9ff2f1c8",1,credit_card,1,101.84
c5b438d2be9a4bbfd2b0611d477a24b3,1,boleto,1,48.21
"7a76691d8f0fed490e0d88bfb803b8f0",1,credit_card,1,115.90
"7d9dad1ac923f80a77b7a8fdd10a7201",1,credit_card,8,155.34
f5021290eb1a1105d7b9a7445f120c3d,1,credit_card,2,75.46
a65667bfaf4b4ad478d78ee8a6a1d369,1,boleto,1,386.02
bd2e19f9042680bd81bd82e31fbf09cc,1,credit_card,4,125.91
c69eeadb2be025a8483b632013bb0788,1,boleto,1,66.24
"50ec02cdd09a0a80fbb65a1505eed464",1,credit_card,6,138.62
c8cf9cd92734a5803265426a94989d0f,1,credit_card,3,93.65
"81f8f469c9ebd7916d4d35d7b379127c",1,credit_card,1,5.13
"18e4264c34fe91aab3b39ea012932f3d",1,voucher,1,20.00
"6efcd938092fe73904610b4bd39b2e7f",1,credit_card,2,146.44
d3b019b69082303782e91f315a23491c,1,credit_card,1,701.47
f62782261085fc03b796056bf3eb005b,1,credit_card,1,19.64
"05fdf5f17c4a8b374e99ed52416d8766",1,boleto,1,54.33
"66c6a58505e03067481f59a56fd5b362",1,credit_card,4,92.12
a713bcbeca6421f5c01ea32964ac2b94,1,boleto,1,69.12
"4caecf79f2dfbc0304ffdc8637ff5900",1,credit_card,5,50.15
ad1aa8b8efedf5f8fc4712a4e380cc4d,1,credit_card,2,31.11
de70c6f08877949ed4973bb0e4aaaa77,1,credit_card,3,165.81
c534d23a6f5c3e0eb5aca558915d4a81,1,credit_card,1,102.66
e39d427402fa3f754c7fd38ceb788901,1,credit_card,6,95.80
"34f275d9e157cbaa33ca327cf52e19b0",1,credit_card,2,226.22
c4ddf9f60eaf139adc4814d91915f5e9,1,boleto,1,44.29
"46cdb9878bdee04146a71668b8c0c5e8",1,credit_card,1,174.43
db70205a4fec901db7c957ac7d335064,1,credit_card,2,33.07
"2b0beeb414c4c929b10570f53441db17",1,boleto,1,104.41
d995bfa6db04d756cbb7368ad277887e,1,credit_card,5,249.61
a7d73128b7dc2644c342e7495ebe8e3f,8,voucher,1,7.54
"1f4e46205be9ddf4f9b0e98b11a1a570",1,credit_card,10,112.36
b07725548a706259d0cbc2aeaa780e18,1,credit_card,5,57.68
cb54c9069dc123fa6cfca4b4cf94eb9c,1,credit_card,3,138.22
cc5e04828d40b15276efba4b0cd1f566,1,boleto,1,910.20
fc0b3be9d66d6db8d306c15407ece0d7,1,credit_card,8,1359.47
"96b167a5afcb2a93da774f9135bf62db",1,credit_card,2,249.50
f38bf6fe56ece7d6029b0c1dfaa00276,1,credit_card,8,220.04
"0880410ce1538dfc180e260708256fcb",1,credit_card,1,0.86
f1cd9d30a289847f9a18900d191a4f05,1,credit_card,3,197.02
"333977327b5c548879a21a3b1fc87c48",1,credit_card,10,203.81
"5536991d71116471b32ce34a02e42cc6",1,boleto,1,238.07
"1e9ea7d5f669d780b187f487a03c3f7b",1,credit_card,1,46.71
b54b301e4b2333df9c1e34a99ae270ee,1,boleto,1,103.79
"730dca8eb849beb16fce32d000b8e7df",1,credit_card,3,62.48
"7096c65d6b73e123fdf3a4e611a46389",1,credit_card,6,305.29
"5f79b5b0931d63f1a42989eb65b9da6e",1,credit_card,8,114.74
"45a48df7b18435ce6e3c03ba6c6c2386",1,credit_card,1,87.64
"5103f51cb81d7359a0e93c8cc9d5203f",1,credit_card,10,661.10
d20ab6ddd8baabe785ac1209528fab7c,1,credit_card,6,155.12
"8be7e186574461ab90c1674973c58b12",1,credit_card,1,20.62
a5a5b331d29606783958e39e046d4024,1,credit_card,3,38.00
a7d77bb60d2aa33086558ed980891f8c,1,credit_card,3,251.33
"140d5c0a692987d62971b1e5f8c02397",1,credit_card,1,39.84
"7c11eb6e7bdbdf76e17fd6cf7e1eec53",1,credit_card,10,127.21
"22b26e86702b56aa7da5d50d7aaacdcb",1,credit_card,2,155.45
ea76b783be73447f80e3e334ed8d31b7,1,credit_card,2,123.92
"7870e4898f865975acb43fb1c282f4d3",1,credit_card,3,69.33
"8634ecf96bfb8450dd73fd6596ec4f3c",1,credit_card,2,66.60
"2c59b65408953b66cc6cac915015d8f9",1,credit_card,1,27.85
d2ff49a57446cba2b7cd5b8211d43db4,1,credit_card,2,99.43
"07d4b24a68e2180d4bc5aaf5384fa78b",1,credit_card,5,138.26
"6dc1b0448d8665a1ad93f2c1ec5b925a",1,credit_card,3,204.12
"3d7bbb0855485cbe41eca68eb774caeb",1,credit_card,5,62.98
"446fdc806b0c1bade7477c8adb83b9e7",1,credit_card,10,102.67
"4af4d191d7e83818829a9af9ea7fcdfc",1,boleto,1,88.02
"5f01dcad71ad545ba83a3bd4df58d6a1",1,credit_card,4,609.27
b14b52f3d9077665df2361f007c8e6ec,1,boleto,1,65.09
fa25b9a1756347af70473e84988d016c,1,credit_card,3,114.93
b084efba670d1b2c17c0e253d969738a,1,boleto,1,60.62
"3ed194a912f562ede28628d0ec2ad218",1,credit_card,5,127.92
"311eb3425fa63439e2f9bba0d60d8768",1,debit_card,1,43.55
"867318eda451a721d23a5e0fbc82fcc9",1,credit_card,1,116.91
"70e4a16cdaa84276ed287a38cf800b41",1,boleto,1,57.60
"62d2be1fdefb1437c1d94932ecd95545",1,credit_card,1,133.85
bbccc293dde3a6b72a942c4117678017,1,credit_card,2,73.27
a517b2402ab4954360e54c6c0ad9428f,1,boleto,1,352.55
"48fcb88788cb3df0296a5dcf8f95ac68",1,credit_card,3,61.01
b2be2e2f35e143f8895228b3c9b83eab,1,credit_card,10,278.06
d27dcb450ff82aaf3b5c1dd27389f251,1,credit_card,10,155.14
b7d49ac93afe42c4d1c6db6c1301b6d5,1,debit_card,1,205.74
"02bd584dedf7373cb07b6540cadf9a76",1,credit_card,1,77.18
"157cdf5ef06664d53e7449d529e2bad1",1,voucher,1,49.33
f03b33cf5e0a3402a67dd84f2b9e2c3e,1,credit_card,3,67.94
df2d47392b52182c652465e3ec8f5ed4,1,credit_card,10,828.08
db869ac5d1058a4b8528b9006d73ad06,1,credit_card,4,671.34
"45cabff7376f8c028274aea4f717966a",1,debit_card,1,35.69
cbe59472268ccc3ada89c57c85b2c41d,1,credit_card,3,68.83
"147e9f4682b02a1b8ef314d880654b45",2,credit_card,1,117.51
"8365dc5dc298b24c2dfa22b90c5df20e",1,credit_card,1,39.50
"456cbabc88163cbe54a149c9d51e55d3",1,credit_card,1,35.40
b9032353fde3f5b180ffe6b573c61cca,1,credit_card,5,266.75
ff0c42884b1cfcd5376cc7dac8ebe375,1,boleto,1,85.63
"9c5548e522bd06824106a8713a019e1b",1,credit_card,8,328.17
ab042583eff2cb1ffe2110a95da95d4b,1,credit_card,3,158.22
"5446ddcc7951680ce606991e1d953e6d",1,credit_card,1,217.64
fdd2049f954806e2fe0d0bb830563035,1,credit_card,2,28.86
"4802922b16a37af8db6fb3df54b07860",1,credit_card,1,21.14
c191988613dfd09d8904cc6b1147012b,1,credit_card,6,86.73
"6542055e71e2ba285676fe57d0822618",1,credit_card,2,40.37
d5dd1655174fa071eda9b9d3b6e9e4e5,1,credit_card,5,308.47
"969791845aebad4fe9d49530189384b9",1,boleto,1,819.32
"51526aa307cfd9cd8d3e9d4fa0c26121",1,voucher,1,46.78
"6e6242aabab7596add1baa594d4e7208",2,credit_card,4,45.24
"5c30ac49014e51744e821a352437d1ca",1,credit_card,3,133.35
cf37324c9d35fb8f5f9d14cd6d48a3a2,1,credit_card,6,139.09
"8a6b8c7658bafc61e02ea8982ffa1d4e",1,credit_card,5,521.71
"1825a3f130b2692290f29b53f5dd1c66",2,voucher,1,218.01
"0a03f10c3075f5566e5cdbef7c487e14",1,credit_card,1,28.75
a812412fc83a2f622db5e6f89e46d979,1,boleto,1,128.23
"5f476a80b69ebf2744c36c282812abd5",1,credit_card,1,196.32
cd725c256dd60e25a721e1fe8cccdaa6,3,voucher,1,24.05
f4508bb7696cb9597c0bdbb0fba901a9,1,credit_card,4,159.02
"6732b3592160273b239f331a101494ff",1,credit_card,3,75.29
"8c0cf4e06747b0264127ced0718f8fe2",1,credit_card,1,18.67
e9a88f18e874c214619d73691f41ce5e,1,credit_card,8,246.81
"2464a4f54814d3de636541955feeb947",1,credit_card,10,208.88
"8b41e34451a7b359ebae366d22e4abd4",1,credit_card,8,610.51
"0f72cb4b59a055ff45e334ecfe7cfee1",1,credit_card,4,140.91
ffb8f7de8940249a3221252818937ecb,1,debit_card,1,245.12
"90353280ac36134265557e340e97032e",1,credit_card,2,96.59
c4b90fb525d93e4746a762fd136acdd8,1,credit_card,1,58.13
"1b27565cc48efbd53ada61fe61bb9c2a",1,credit_card,1,77.57
"6c241acf57ed5ad34e75d73e49f80f0e",1,credit_card,1,29.00
"072b97d5244a16a4573ad547ea7d15b4",1,credit_card,7,73.06
"5b4101f533b7c66611b649809ff634b1",1,credit_card,10,122.49
"634d0a0f8ec5eb8078eb64340dcd355b",1,credit_card,5,55.98
"620750f67b15986c5bbf2e4fef7ab705",1,boleto,1,46.72
"4b26d2fce6fdc2f2a9f87c7cb05226ef",1,boleto,1,323.17
"1324f45d0fb5d5f8c818cc7e95242523",1,credit_card,1,95.94
"0b26649ec6ddf0ad51f419691e14a0db",1,voucher,1,33.92
abb32e3dfb9704d1e5b0c0b843218a4e,1,credit_card,1,197.02
e037d33d32c17a7903d0b8132af49838,1,boleto,1,50.87
b6f781aae89e5d40f9cfa52fb427416e,1,boleto,1,56.78
d6bf93d827293f0b9a1582be0719a1e3,1,credit_card,2,63.53
b7a4a66ce73fd0c32b0e380f5134d977,1,credit_card,1,73.15
"3288845a804de0e644d882a3b5f95bd8",1,credit_card,5,126.78
"7e4781e7b053db140ebba2ed6e3fde99",1,boleto,1,112.42
"2c1ebc9152c8f7fc85ac1bb07017becd",1,credit_card,2,187.06
"9a6c669a7f59b8d550c7a68fb1ab559f",1,boleto,1,78.09
"3c0b67bd85f2dfc07ce29067544177e7",1,credit_card,10,692.22
c4f7d1763350c3f18548294c4beced5c,1,credit_card,2,127.28
"41b3bf54a1b7a76d6e381206e3e182bc",1,credit_card,4,283.06
"6173dae95360eed7428f6b826b9b5a66",1,credit_card,1,46.00
"4ed44a3f31464867648d26ef5ddb9826",1,credit_card,8,175.64
"4a083057db0623d0df1ef9dbaa64c2c0",1,credit_card,3,48.78
"2e1d942dd860482d56fb7b9e9f507cc0",1,boleto,1,68.35
bf858b59c72c1d556a32320bf0c7a42f,1,credit_card,8,225.42
"2b62c1f2514954fe162667774af50ba0",1,voucher,1,116.92
"595f5439ed1b17a564eaa4eea9312db4",1,credit_card,2,97.80
f3c3a7ba1b89f8248dbb8e42813efad5,1,credit_card,2,179.82
"269c345570f1003630764953f56f6abd",1,credit_card,4,478.90
"81447152169fce271e12a471d7a38269",1,boleto,1,125.52
"63feb73dbeecb88b203169646aaf07e9",1,credit_card,3,77.57
"1594082890bd7c4672ab9c9e4949f305",1,credit_card,3,134.09
"9b2ed38884a6f4e144ec6ad371ac4112",1,credit_card,1,66.57
e7da0ff2cbf2eeb09296e1df48925afe,1,boleto,1,131.05
"20a18fef7fddaf04fa9f4dd66b3f78f4",1,credit_card,4,179.04
"69253c0e2ec746a1f5a1ab71985605ba",1,credit_card,3,64.68
"8f83b7fcba464b677274cb8fcf22eef8",1,credit_card,4,220.02
a9cd27fff067ca1c5289e063ba082022,1,credit_card,1,58.91
"72ff1979d455cff2167fc2b48410118b",1,credit_card,1,32.44
"7e9c655f89ac314e5a2d5fe87c63df1d",1,credit_card,4,270.93
ca37d18bde9cdb0ba2b129d3ecabfd04,1,boleto,1,224.94
"62e975f28aa68109d68f92298a9327ac",2,voucher,1,20.49
"3ceec142bbeb4de9939d371d6182d5d6",1,credit_card,4,168.13
"150195a0ae1d6d4d5727ff6054fa709e",1,credit_card,8,197.16
fdafcfbadd88c33d4798432d3bcf6004,1,credit_card,1,62.78
"02f0618d94e9aeeb35a81835fa5c64d7",1,boleto,1,280.64
"5543f9965dcbb6ebc4d28d9ce6a6c7be",1,boleto,1,37.13
"999a1e26ec873f85a13a3a4e3dffb5a2",1,boleto,1,552.85
f63534bddbd95cda0a1f281a1994a1ef,1,boleto,1,39.42
f013cb01232922e713ffadcfa3b52368,1,credit_card,1,65.00
a7c10c89aba6e6e8168c8e1566385f08,1,boleto,1,57.59
"266a198b3eba3404ac7d59f4f343b838",1,credit_card,8,99.90
b410cd41ac56f6a246e23dc5158f12d9,1,credit_card,2,90.22
e62907b8603f88422352b8499461d59b,1,credit_card,4,201.85
"6a30d0e1fc7dd7c00dc07bcba79c589f",1,debit_card,1,101.34
b760d6b613bc2bca107e3c852501e649,1,credit_card,4,946.90
d1b180581daf3c00f4ab3691c9a12c92,1,credit_card,5,264.52
"31a4ffe90b3bbda342ae160ef52affd1",1,credit_card,12,169.62
"3b516844e485749f7f4e648ee31ab7de",1,credit_card,8,298.05
"252ef1beb7783414b687c8191cb6bc02",1,credit_card,4,161.90
"99f1b8c7375ffb25df3f411e1268cd7f",1,credit_card,8,342.03
"3a2abdde2d9547be9828b598160bd25a",1,credit_card,1,131.32
bced2783b02e37169d1ab308b2d5eda4,1,credit_card,10,296.71
a6a07a5ae4af92b749d3265d6f459dd3,1,credit_card,3,42.00
ec61362ddd74b12ee8f72f43752044f8,1,credit_card,3,138.39
c4f8b593d018d585660bb519a77b7b67,1,credit_card,1,77.06
"34eb956c071a90d711a9042a0fd9f2f1",1,boleto,1,83.79
ec4aa6e072a8895dc5f672c6b36052f2,1,credit_card,4,92.45
"312c7fd8a2420002c53fee13e15c8111",1,credit_card,6,607.98
"1ed06e2cc13fded79d12250b2de6ceec",1,credit_card,4,122.07
c2f4725573134736acc801bfc32b7e5b,1,credit_card,5,105.63
"4290ed1773c23fc8355ff8a696662879",1,credit_card,2,51.10
b376ed1576802b4bdec883546710ff1c,1,boleto,1,41.15
fbafcc549363560790bf2e28730a7f36,1,credit_card,3,112.67
ee2f74bd4af6f0a1995488fbd5c978ec,1,credit_card,1,37.00
"63449a498d346d5f1ed1fe90b03cca88",1,credit_card,1,113.32
"72ee4a26e767e55282ac10e63c7b1227",1,credit_card,2,112.77
"4fa3be02f276a2797e6ee60fc4688210",1,credit_card,1,105.84
"9827d07ad9392a9fff10d7b9f6c05f7e",1,credit_card,3,458.31
"7d2d231c0b3abb985ed020ffa3acf300",1,debit_card,1,76.18
a99bed70b800227cc293174945a645e0,1,credit_card,10,192.41
"1f1eea532cdd1978a4a9438a5373ebca",1,boleto,1,138.65
"58b2ca9b8b218fc08e5f37b778393005",1,credit_card,1,50.83
"35bd22ef2018faa0a00df917d68fbb69",1,credit_card,8,86.99
c40e2f36cb82dc5413567d994a7add93,1,credit_card,5,60.37
ebbca2b2d601a4f4d2b6bf1bfaeed836,1,boleto,1,414.75
"7f9cd52ad1ff3569254091c513fb552e",1,credit_card,5,142.67
cd2b64ece8152d14bfbd040bfe7502fb,1,credit_card,6,113.20
b100288d2ef3b6e474121c21d2af0678,1,credit_card,2,31.38
"4e36f5d1cafd53e3196ed1e81e7e0458",1,credit_card,1,31.10
fc0e0898cfd3461507bc68aea61e36d8,1,credit_card,1,106.25
e26f5772e3067b6d8d3cbc95ce3df51b,1,boleto,1,45.70
"45942e54bf1edb4b2c481b77f7f8486c",1,credit_card,1,21.10
"9bccdd3552c2a68af6d166dfd82be6ba",1,credit_card,1,107.46
"6f5287c7bb4cef1435b9666c23c54f9e",1,credit_card,4,238.67
"892336b9ce0d1f033165460c45e1048e",1,credit_card,6,134.89
d9ca61396a9cb4e2dc88b06f7fc8df70,1,boleto,1,51.10
bc7deb68dcaf77b2dc7e9e90e5b9a6a4,1,credit_card,10,343.68
"421965457f0703d25ba727b4d31a1ad3",1,credit_card,1,44.00
"52d95b0538fecb3014db141985d65d64",1,credit_card,10,487.55
e6e33920ebe2e3442b4c9cf86d4721aa,1,boleto,1,62.65
"317cb7f3391660e97cfeaa2ca5927df0",1,credit_card,10,266.89
b5af0ae994e0a12e8246da3f7170f54e,1,credit_card,2,162.83
"6387d1713f3052d1cb4e59cc46a3a459",1,credit_card,1,258.90
d45f0fa94e18d02dd78bde9483dda1a3,1,boleto,1,61.98
"9e631c9b66b8485a8b8a42fce40ed307",1,boleto,1,61.46
"847e04c1fabd29748790e74c1430c603",1,credit_card,1,3.77
f97b22f43ebe3a849c11dec2d26ad2d9,1,credit_card,1,35.13
"593aa81f175c9cfc867c5fe71a508127",1,boleto,1,45.13
d2c879fe9085258d38e3cb17af134189,1,credit_card,3,103.15
c9db1bfe07af2c4724a461a704c1ec67,1,credit_card,1,43.41
b7e435738b0ea12306ffc33a2896a57f,1,boleto,1,32.09
ae61611405fa179462dd33ca793d75a3,1,debit_card,1,154.36
"8898a51e0e6b578277a7c20d5b31877b",1,credit_card,3,160.49
"97b91c745aa3a478f4e00df4c15069e6",1,credit_card,10,125.16
ab8fb8695d598ca38617cc9ec507bbfb,1,credit_card,5,96.01
"41b5ca83bef6301acf0208d83596fade",1,credit_card,1,65.39
f1e48a14ba64e8d42111f392a85cbb09,1,credit_card,1,58.22
a957bd5128480b4ec4c8762e9bcf3a13,1,credit_card,1,226.11
"598ec4891be0ab0e8c107105b43e2944",1,credit_card,1,115.42
b981e23277787bf0b0f6055ee85a22ac,1,voucher,1,25.09
ddb4aab3495ab19d0fa7dbb5aeb703b9,1,boleto,1,82.98
"6597f8bf4610cf5291b83c0d57440e53",1,boleto,1,28.22
"9d2aa61b374fac5dd063f36fefa602e1",1,boleto,1,28.93
"8c4f09ed660488431555a3738650d897",1,credit_card,2,28.88
e3c64131d3d2295829639be7b74a6533,1,boleto,1,77.29
"203dfaee9b8175009f58d07065d8ee8f",1,credit_card,1,57.72
"22fe48586668c69e7ffec9dd9d0b7d77",1,credit_card,3,47.82
c24c7b464d5be50337dc32755b2da963,1,credit_card,1,137.08
"064c5d7833bce7bb4c9bff1302ac9d0a",1,credit_card,8,82.12
"8d812dbf931bbd85b3b5b528b75ef9bb",1,credit_card,2,124.02
"03f4f8149c605fb477250ac94f70c0cc",1,credit_card,1,66.67
"35b8813b39f533c1ed224ab90b5cd609",1,credit_card,1,47.71
"020aec76c43508e4214579c52c1133f4",1,credit_card,1,47.29
"0eb43791d78d71f1098d5cb2b46e4c7b",1,credit_card,3,263.10
"745e2506fb647deca4669e1c88ce9783",1,credit_card,8,491.52
"80bd739a3930c25c28845586dae882cc",1,boleto,1,105.37
"68b9aa6b2c83d8c8567e4908fb35598d",1,credit_card,10,335.47
"66b7e4ff35d62613a10899d4eb442216",1,boleto,1,68.44
e9acbfa0efe448cca0db0508f8641ac9,1,boleto,1,32.00
"3126f9033bb01e9ee608943fe2f1202a",1,credit_card,10,188.65
"74fd3f19e82d4dc348cf34d3870605c1",1,credit_card,5,109.73
"065c05543ebdfd79fb629b2b4a6ab904",2,voucher,1,100.00
"61675bf97cbea18cc7bda3adfa73c348",1,boleto,1,48.22
"140ae5224df379e09df7cdf376070834",1,credit_card,1,77.40
abd78b3b49820a5123521bb2204af795,1,credit_card,10,252.46
e2a875ab76ae9c68c532baa517d90363,1,credit_card,6,137.12
"83b2d648943450c9ec62dea697e60c4d",1,credit_card,1,207.27
e11d8c8f1891edccae172ab330782a34,1,credit_card,2,143.06
"7b35b8f7e47a6895e3fc370d47dde02d",1,boleto,1,143.08
c18ddf35acd22ea390ff66a9edc66d8e,1,credit_card,1,47.99
aedce126de46f6e9cfc35a9083ac0c81,1,credit_card,5,384.79
fd9ee5b912fcbd8a218a3c7cf6fb4f0d,1,credit_card,2,125.42
"98991dc034323e310fdd97b8af6064b0",1,credit_card,8,290.00
d3a90a46b8f2324b6472545ce1bc2c24,1,credit_card,3,95.48
f443ec3003e193944b796356e1d62f8f,1,credit_card,4,470.38
f25f425c1627a369f769d91d56c3da67,2,voucher,1,111.91
d131625abf3dd1daa6fd04443cbc6729,1,boleto,1,78.65
dc96a12713fb7cbfd8feac4ab0b8f2a2,9,voucher,1,30.00
"54e52a2c76449b9a634705a5ae9684a9",1,credit_card,4,42.18
"027d2a0c2a94018f57fd1b15f32a18a3",1,credit_card,1,142.92
"8ebf7a16041c5ed735384020269ae2b6",1,boleto,1,96.00
"597310d5c3dc11229fe9221f13489cab",1,boleto,1,497.54
dd9ab4c3632ba0320014ad633ea52470,1,credit_card,5,231.60
"7cdbe58528dd6084d383d0e2e891f3fa",1,credit_card,2,102.72
"8c81595257edb72a9b20d995eaae0319",1,credit_card,3,148.28
"21a550eeac28a30d4b59a0fd91c9cc8d",1,credit_card,1,101.03
fe9fae71b4fa7d05f1934adc54391f8d,1,credit_card,4,221.35
f77ea394864509e417418362e526ce60,1,credit_card,2,21.77
a050701f6d3065c5615ffaccf27ec567,1,credit_card,10,307.50
"40397c42ea8f390af9afe9cc02cb2fdd",2,voucher,1,13.29
f9c3b3bf31139769a9952d2228555efd,1,debit_card,1,51.14
"3bc7bafe08bb58c43522debcebcad17d",1,credit_card,5,121.70
"59136c1fab3d9e26e60db2df573ae8e1",1,boleto,1,152.39
"0815bb5a3a3289fdf7ac65a426cb553a",1,debit_card,1,112.09
"2425bfa4b884a961d340ba2616f3be4e",1,boleto,1,148.76
"19aeea45917083f03541b7d11afc8e2b",1,credit_card,8,132.60
"5d4f5212371724259b175c9e1a1064fc",1,credit_card,3,66.74
"7ff15ea63e622694922805d48de711a1",1,credit_card,4,130.26
b3a63f4fb89da65142691825fc1443dc,1,voucher,1,33.53
"9032c0ac4021b04e4dbe6dedacd3f3ed",1,credit_card,10,436.32
f1a0df7b904668cd90438d0b076d522f,1,credit_card,7,114.00
"70a8d39e13049156f1ac16e59a18bf37",1,credit_card,2,57.90
a5d65a8f94a1020f43ab5107168d43d3,1,credit_card,1,33.79
"4dda81f6169b472f50dc01b2c3cea637",1,credit_card,2,119.37
c87eec6cce9feaa006f84b7154c745cd,1,credit_card,3,73.01
a1cc6e60e142d31a699056328d83cf82,1,credit_card,1,54.98
a250092009e031f3162f9134a40261c2,1,credit_card,2,162.68
"1f195e1a5568ef0f4153d95a671a0f91",1,boleto,1,80.20
cce224811ba8fea016c049693c3e0402,1,credit_card,3,103.75
"36a924d21368a46d4ed120b8adb1dc3d",1,credit_card,10,673.23
"291db83cebe0c7179310b62e0a7e2714",1,credit_card,3,149.86
"7d65e9176091ea193a460d908ee39737",1,credit_card,10,1223.06
"9b7e94b15ccd427e75e425bd24133b2b",1,credit_card,1,151.05
ca07593549f1816d26a572e06dc1eab6,1,boleto,1,245.68
"792d05bf62b6d307527fcda2643411f9",1,voucher,1,31.77
"169ac9ba86ceec1a102f2ac76b405a34",1,boleto,1,78.36
d9117cec0a7a5bee29c4f45cf820b930,1,credit_card,2,119.74
"4a47b1dd5336773ce156b344b1f2aff0",1,voucher,1,22.29
"82b501d2951b0193d0960457f020aca2",1,credit_card,1,104.68
a1d50a1883814a31c8629adf354c1013,1,credit_card,1,43.00
f7f0c94ab5756ff0b74073d9d0187f37,1,credit_card,1,53.35
"3c3103a88bb7a7ec1235eace4515f212",1,credit_card,1,43.88
"0a59027d2270c523a10d1c29e6c53a71",1,credit_card,3,72.63
cbcf8d46a56861257f5bcacbc2c96709,1,credit_card,2,189.42
"231e2dace3795631b40339ad8c53e5d0",1,credit_card,5,251.86
"31626e2772bff2ffd92d111582296642",1,credit_card,6,60.15
"7f2646b3858bd8c12613670a0da91593",1,credit_card,5,117.85
"707366aec5103380c9d2bc6e503d4f66",1,credit_card,1,31.75
"6db9a7ff76608a32f0f526347572046f",1,credit_card,3,132.24
f5d26ce3ea53961345d0c99784d26c68,1,boleto,1,74.40
d4de6d0debe2df72c4ccf399d9a7acaf,1,boleto,1,130.46
"9196d3400ed2994d3c08cc053b84c84e",1,credit_card,8,156.51
d712c9d57be3d48a79c033437994908b,1,boleto,1,204.62
"7597c7c4c83261b22f9e17126dd703e3",1,credit_card,4,220.04
"2b816c3dd6289435f8cbb71f22f4061f",1,credit_card,10,158.88
"02c51fbf49fd8169c04fbc30e9632ebf",1,credit_card,1,57.85
c7e061193b749f7a762209326b964dc4,1,boleto,1,159.33
"9948c44a7306b0739e5fdcee5966cc9d",1,credit_card,1,23.38
b3ea28aa962313ddcc7046e69e5ea094,1,credit_card,3,37.77
"1975f98764fb254b8a154163c7cd012f",1,credit_card,8,204.59
ef22b86bfc7dd92a0221c7870bd18089,1,credit_card,5,115.50
"585ce4ee0af830235ceed384bcbe545f",1,boleto,1,93.63
ddbe4f58b06d8793a3c77c114b180574,1,credit_card,8,251.15
"8f7d40ce4fdd837cf8c757a14fa92154",1,credit_card,2,114.68
"36ec96a65d616f11a0b1e3863478ac4f",1,credit_card,2,127.72
d44bd377d793dc513e7cc2bdcd42488c,1,boleto,1,87.81
fa65dad1b0e818e3ccc5cb0e39231352,23,voucher,1,18.86
"3857d86e945d7a098beffbf7cbd09a80",1,credit_card,5,288.84
"270087d97c6abc409514129d62d3a513",1,credit_card,6,61.69
"06ebe0964f3c6ad099d9117fb1e66980",1,credit_card,1,262.16
"092ae7e7141e3d69ecd0935d97e14fd9",2,voucher,1,5.36
"4b5509e234ee8143cfdd7a1067f11926",1,boleto,1,80.55
e210480a7951a7968ea2a32e38c6dd70,1,credit_card,2,178.99
"401fb6dadb664eaebc2a116c4672147f",1,boleto,1,52.59
"1ae003b46540d604b41cac187e07fbf7",1,credit_card,6,282.52
"240191f09afa5eb7356ceaeeb8c153ca",1,voucher,1,78.20
"1e569d6eaaa4dee08f4b054b65f97134",1,credit_card,1,98.34
f5f23aa3df06d76ce187b4209ea338ea,1,credit_card,1,76.72
"5f5c63397b4ecdb2e1bdb739b8b667c1",1,boleto,1,104.85
c07546f624fbc5344647263c545f8af8,1,credit_card,1,163.27
"1b3f223f58c9bc6eb519696b4ac16cd5",1,boleto,1,103.58
bc549579fe8b9728bac120abd8c20174,1,boleto,1,35.77
"2a677120e5ddca4e25eea9768d3a67fe",1,credit_card,3,169.01
f91234b89ca8c758b3d2be234acb0355,1,credit_card,6,1191.48
def43ca6d79899925ea0c19f4fb63200,1,debit_card,1,80.63
"90f6194c9f26e2f8d1f955c7bf4c5f5b",1,credit_card,3,118.72
cdf1adfa9a3cf815978e278a6f1cd705,1,credit_card,3,67.30
a9ae9c9183cffc409ca7c544cd109c28,1,credit_card,1,57.29
"573cdc3b8d7f43d865aba5fbbc888802",1,credit_card,3,153.14
"6f239f76247919dca754f858fe95c617",1,boleto,1,13.36
ce3b8f352671b03850de8e62f083d617,1,credit_card,1,90.43
ec258e1773b41df94290f07bccbd1ec1,1,credit_card,1,68.12
"06351d6c05e58972856f24bc50d69b23",1,credit_card,10,406.26
"12994c8b16a5e15fbbecf653c20a0a39",1,credit_card,2,56.01
"48614d2cd50444dc19b6585e6398bf33",1,voucher,1,21.17
eb46d05c021b6c642a9bb429a4a2eb2d,1,credit_card,2,97.63
"6fdb9a84ef8876ba281624f310baf6b2",1,credit_card,10,103.16
fd61441ba2a7b57e6342862e779b10b0,1,credit_card,4,46.85
e7fed674bb29ac98193d392f363cfcf1,1,credit_card,1,2.30
"11164af6ef812e688fc012214add9b33",1,credit_card,3,233.80
"363f10f9a33417de0135b77187a5222b",2,voucher,1,26.02
"4962467df8bbf58b2f212f805a473446",1,boleto,1,99.79
"2e58df496a6b55819b859024268f5d55",1,credit_card,3,44.10
"87088bdc1540ebbba402377ce8cfbbb6",1,credit_card,1,8.13
"34d2ba2c2fd661913febe4eee1648347",1,credit_card,2,63.36
"85f591c5c63ddf9847b0edf8bb1a1145",1,credit_card,1,132.95
d3b73e2ef2f6499b266d6ff81ac7efa6,1,credit_card,5,244.31
"28f0558838bcded1adf9bd48f1bdc457",1,boleto,1,229.90
"3bfd4e221ebf6b1a72ee73a74bdeec8b",1,credit_card,5,173.21
"40264a7f65d4daae1b8d018951250573",1,credit_card,5,324.82
da1d2907817d2c95b1f3e07c76d26bcc,1,credit_card,8,344.72
"3c7aa341aa20519a2530c8ea5763f265",2,voucher,1,37.60
"4f2d0f7323a3507fd4d36383958ec6fe",1,boleto,1,115.15
"255111c7355b48e49add6f5a16c22483",1,credit_card,1,132.95
"664c5e57eb8479a79caeb79fc79699ca",1,credit_card,1,63.98
"0c9c2a32f57d7b49bacbe81e5534cbba",1,credit_card,1,42.77
c86098909905caad95e52f3c49ed3b5a,1,credit_card,1,70.14
"01d90c5856f7551e108f2a0864ff6e54",1,boleto,1,84.78
"6ee905cf5305257ae2f097619fb0c827",1,boleto,1,34.75
a1dfba002c399f4899de69e3bc83e2f2,1,credit_card,5,153.72
"6f09086a54ed13a7f152d6339e2ee5a3",1,credit_card,1,143.49
c67c6e7178cff9848b2d6556d1670fd8,1,credit_card,1,31.25
"11f61eaa0c763460148326fd83749fd0",1,credit_card,1,68.88
"3e8dab241fc3468ea66691de15216895",1,credit_card,10,674.82
"89fda551a6bc59c3a9d868a580cc6ca6",1,credit_card,1,128.31
ae5956d043fe24a8f03be1b0a327621f,1,credit_card,1,40.96
"520a772c685704aec515546f7a098ea9",1,credit_card,4,145.56
"67864542c9896d890a14b76003098580",1,credit_card,1,72.03
ffdd767d77c3322d78b286b6e8ecaf15,1,credit_card,2,62.91
"9f625a3ed898cbfe30b9f9ef44897889",1,boleto,1,50.76
"22aa38d79daf931ecd4c115fdb1f9c05",1,credit_card,1,77.57
"2430b57b60423269e56d188b55d8eec7",1,credit_card,1,119.39
"6012c4f6717daddf50ae413224098301",1,boleto,1,91.72
c5ee9eb8e2d188b9972722e4d5300390,1,credit_card,3,72.67
"0136390286be8a34efdc801ed150568f",1,credit_card,4,40.56
e04c9fd53f6bd5d19ef4c71d123e95f2,1,credit_card,2,28.07
"68b3cbc68e4cd1fe19bec35f1d3bb7ee",1,credit_card,8,80.33
"296e1020c48c85d07b3fb22436e3e65b",1,credit_card,5,117.16
bebfce59cea8500ade1ddffe679b422c,1,boleto,1,180.60
"0259bebdec429a3ec5a653df8f28574e",1,boleto,1,101.96
"37ee401157a3a0b28c9c6d0ed8c3b24b",1,boleto,1,485.94
d6934136368e34491a21bf8ac9f59aca,1,credit_card,1,60.41
a2a04ead650a00874aec73c0d989298b,1,boleto,1,37.95
e55253f870ba00d40f6f01475ceecd3c,1,boleto,1,124.66
"267f545fd1427476ab844f4ceeeb9d7a",1,credit_card,2,55.81
"4e953a20477ef5bef26ac97ed4832a37",1,credit_card,9,197.79
"984b33682c48ca8bfd773ebdfd0161fe",1,credit_card,1,22.34
ac23bb5f547b54edd5f51fc7395f1b82,1,credit_card,1,107.78
"204438d765af0adaf4edd282a01c735e",1,credit_card,1,78.42
"9e711ba681b09da30750ac0fe7a0cc3b",1,boleto,1,46.69
"12731a5b2b2ad871d0994d8362dfbce2",1,credit_card,3,87.61
"363c3c7c87e46fc1262fbd46cf22daad",1,credit_card,6,698.85
"3be9883ba4ef261dc194228abc739d0c",1,credit_card,1,41.32
"22cc2d04975ea9d1495ff837953418c3",1,credit_card,3,102.74
"567ca196ed2fefd9a66f852f8fd67058",1,credit_card,10,192.66
f50e2a8859929cca03fd4a458302ee5a,1,credit_card,10,282.77
d757eef533ce8e541e4bfbf66b692ec9,1,credit_card,8,212.32
"436b06a1d206f46ff8bcf05997df34e0",1,credit_card,1,29.01
a5b59e1722f00778c620013cf7ef958f,1,credit_card,3,35.00
"2463e85fc460252cacb332c69099f298",1,credit_card,3,80.19
febcb6742e4652312e996b6bc7fbcdd8,1,boleto,1,45.13
a56954062ba1fb4580bb7f36d175e552,1,boleto,1,126.01
dd25c0d770dfe6c63eeb2949b311267d,1,credit_card,1,17.29
f1683f4bfd72d0680bb05961cde27a66,1,boleto,1,148.06
"438ea5e54a8fb9065a737494893ac31f",1,credit_card,2,29.39
"82ae1c851b481c7c7f6fbfdfb05e5131",1,credit_card,8,424.62
c7e28ed999d9c8bb8768db0e1345ece1,1,credit_card,1,55.22
"76b02601a5660a4df61f8e6fe9b95b57",1,credit_card,3,133.41
b4b03edd1ede75d36cd31b38d52bc9fb,1,boleto,1,39.09
ffbf724743bab15cd008f066b4cf0031,1,credit_card,2,69.24
af16d017fa8ed6ce6e28eebc8db83ad1,1,credit_card,8,82.58
"6d234dea658ce0c00f91e931cb11f93c",1,boleto,1,64.46
"8827d3e138a6edf9b81dbde93443d285",1,credit_card,1,34.52
b22289835d337ed7310c55b622a3bea1,1,credit_card,3,166.14
"79ebf5a42880cee256b9d4517d03d68b",1,credit_card,4,136.71
"7de128de4c6d4ec918618030361c8e3e",1,credit_card,6,618.94
"3064071cf67a2cc381cd53b13055eac5",1,credit_card,2,27.46
b575b2a70c40af121dafa8731ada46c5,1,credit_card,8,374.67
"34757b625ecbf90b9c55b00da1040e66",1,credit_card,2,60.85
"73a366d399bf1947b6d62c2a4e648f27",1,credit_card,1,84.65
"3c54c8962d6cafc1d74f293b4f025483",1,credit_card,1,85.24
"36b036769c93a2e59324ac996fb51e2b",2,voucher,1,6.20
ea90d633d13ac21849cee301594b8a64,1,credit_card,4,190.42
"00010242fe8c5a6d1ba2dd792cb16214",1,credit_card,2,72.19
c7d561ef533f624416dd087083e5539b,1,credit_card,2,105.70
"2d288e83d37a0c4589564d5b679693de",1,credit_card,2,190.37
"7a5ff6680378afabf6b6a1e75bff8b8c",1,credit_card,3,88.37
ea3ae6fbee484133e325f4e1b984d108,1,credit_card,5,521.37
"00e63486fad9d24645c9c84ed77c15fa",1,credit_card,1,54.32
"28f0cec71eeca821990dac072c20cb12",1,credit_card,5,106.76
dc46b2c02b0d925fc46ed4c7c5c81a08,1,credit_card,2,147.97
efb917cc0ce3019da9311c8a9f97bff7,1,credit_card,8,613.15
"3d7f13cbce981bf24fdb6f18dc1f174d",1,credit_card,2,71.14
a9b90e563eb300dd43582b66bf7d5d64,1,credit_card,1,115.81
"37b53df6076f992c15ff3316a0602a3c",1,credit_card,1,66.81
"44cfc5b2ba4522fbfff8c05a8649e538",1,credit_card,1,87.32
d18bad91398c54df81cafc7b59e435d3,1,credit_card,1,189.89
c405d70e7eb2ef546a6e54524412a9f2,1,boleto,1,119.62
bd6a18e7a7310602453f4fa2a74ccdb4,1,credit_card,3,38.72
"3b42ad87f3292fab60e143988d332da1",1,credit_card,2,44.08
ef82fc4c2d59e67b942de26791b617c9,1,credit_card,6,177.48
"7f1e6c8280634faf3e57ac93f781b98b",1,credit_card,6,155.63
"3bee2e950ef2b2811ae57c743f57002b",1,credit_card,6,60.72
"55c5a129994903e122566941b7c4189d",1,credit_card,3,51.67
fd52368d8373ad4158396078bf5ad004,1,boleto,1,105.28
ff73e2e57b5c7d3a1aa7c3ccaacafaa6,1,boleto,1,180.25
f4b75a851727133860699dd7a8acda5f,1,boleto,1,147.66
"6e7898e06393adab4c3c2a7e2f56fe2b",1,credit_card,10,200.33
abf9950af8a882a28b85426d81ea7c0f,1,credit_card,4,152.64
"3379d980824f0aa5dab057f2530759bb",1,boleto,1,87.90
"7c927a3dfb1af7e87c6a262fc4b0a8fd",1,boleto,1,96.65
e706d614326b76f48f24d82f86c0b2ed,1,credit_card,8,473.10
"38e958945f54389c7d61cfee471b475f",1,credit_card,1,52.50
"7c2d06820f2b145be3fb53b858618eb7",1,credit_card,10,218.63
"0fee1078d20817986a6a94360d415a37",1,credit_card,1,40.32
e6b06b65581e20f97ce6a161ca7523bc,1,credit_card,1,77.65
d2597ccadcbb4bede6cefca892c7094e,1,credit_card,6,125.37
"3bd43a26499bf56a2fff6adb8464f172",1,credit_card,2,228.67
"389a9ea0a3b847e32aafa6fc297e2a9d",2,credit_card,3,828.65
"755015d7c8fbbcf497a8807b9fee535a",1,credit_card,1,178.27
"9d62401a06bbb0dc190562ce8b24f0c7",1,debit_card,1,111.90
"9472d3c8a0ad463cbfc89897334431da",1,credit_card,2,20.03
d31e1e13960863c7dcb2f6faadee5486,2,voucher,1,51.39
caff85e7dc33e7dad852a50bb19bba72,1,credit_card,3,357.88
"600da00a0c6505a2831ecb9b7ca18c7e",1,credit_card,2,360.34
"00f98eaeddb9debc8df8cb27e08216d4",1,boleto,1,60.94
da5d566236538abb69c83b6283383b60,1,credit_card,5,50.92
"6c7cd83914ca57ceb8c205d80630e699",1,credit_card,4,113.08
"215d7142fdd00fa1b74d431776134c61",1,credit_card,4,70.03
d15a4c4d1426b7275d538063d8fe4c6a,1,credit_card,4,308.28
"4c2b78efad2dfa6a3bb1cac6560cd2b7",1,credit_card,6,306.10
"52d460ae47aa90f9b540f2f869f62d41",1,credit_card,1,163.25
"3c415210065a46fd831a05ef3fec9639",1,credit_card,3,176.23
"24f5dc88cf8969a2b269177862050e09",1,credit_card,2,26.31
d95fe33125690d67196ca4e9b56eee2e,1,credit_card,4,82.03
b34fa044fec24bf9206a7b2b022dd92c,1,boleto,1,18.37
"89a05ddfc0652c91d7fb671794757d3d",1,credit_card,1,96.48
b84a1e6e6311e6c40724fee7551a915b,1,credit_card,8,153.14
"24750706d247c4d573cae75ee4372c59",1,credit_card,3,34.24
cb6c4a73c3a96d368b2eb15d29d0a243,2,debit_card,1,37.04
"2e9d2850537d9e6975149a266b9ecf69",1,credit_card,1,118.35
"32cf1aa0aa0ea3a91c9779d558515782",1,credit_card,3,52.91
dc2511c427e70f8da90cb2db49c1bdab,1,credit_card,1,79.39
"2c688788cf900283017516f05f50ebb7",1,credit_card,1,113.09
"690fcac48556995b83b79610b6732288",1,credit_card,4,295.12
"36740de778429748e1ff6077c7d85e5f",7,voucher,1,1.82
abfd1269870ad7d9a39d6bdfd5e77ad8,1,credit_card,1,151.36
f3ac1ae368056ff22ec4aa00b35cf351,1,credit_card,2,204.00
"338ffe54b65a3b8124c81ebe6d1cc4b0",1,credit_card,8,333.66
"494f99ef42110a8d40dc585b177f2151",1,credit_card,1,56.60
b85f9848a67767d36a4c39d1237b471a,1,credit_card,2,245.49
b910a2d8eecd9eded28fdfc3cbb94880,1,credit_card,1,72.68
"8e5069e21f8244e0ce57c82063f8becb",1,credit_card,5,102.49
e616d46210bb3e58e38c5422a895f39b,1,boleto,1,77.57
"01f65c9e501f46d2a15af4d2b28e6081",1,credit_card,8,220.49
"991ad9e2eba74e98ccaba2c2f4a74e58",1,credit_card,6,308.42
b00139d06ab8c3d765c3f2af0e181f9a,1,credit_card,2,80.60
"84225c358d07c8f17a45d20e4e126e73",1,credit_card,2,165.00
"60753b0d826f7ab796f24eaf861690eb",1,credit_card,4,116.94
"5f24b613363e4af7466a250aa815a170",1,credit_card,10,357.09
"762a7b629bb1c6b72ee7f71f72ce3fbd",1,credit_card,1,42.77
b4547d5f620b508ff80fb940f8d17274,1,credit_card,1,78.58
"14c482cac944c8cec7bd0f58bc09514a",1,credit_card,6,332.57
"374d4811c6f3657ec62ffec582801ccd",1,credit_card,1,69.54
"122154e627ed5da2a413b777f408b840",1,credit_card,2,60.05
da56bf0bdea03c2780bb37ff9db85e3d,1,credit_card,1,57.51
"3ac2da2ff7a04674a3a463e6f429da29",1,credit_card,3,71.14
"4f53648717b48854fb9db283e2cf5d27",3,voucher,1,10.69
"10ed58c723182bd11f81473b383432de",1,credit_card,8,83.84
"08db644c231a8d55a618af8c9f1280f0",1,credit_card,3,35.81
ab98ab3726335315eb814d5ba24caba8,1,credit_card,10,114.89
"3a0855d32f10ac8041aaa2e84ba0bbc0",1,credit_card,2,29.69
"5c9c7cfebd7a15f81479083d70636f51",1,credit_card,1,252.38
"23923af7b4df1da5db096c921e728325",1,credit_card,1,26.85
dbf76ef1323584fa387945f83b324534,1,credit_card,3,39.09
a5b30f9f44d2413db0b94cd9a3fdcf81,1,credit_card,1,112.71
"1d3915eb86fd868b7ec0e99e6f4e944a",1,boleto,1,62.78
"345bd783a6a07b70ed006d1b11df30e6",1,credit_card,1,34.60
"2e3a1177e30ae6d784240896e5441c55",1,credit_card,6,180.82
ec185b109151e5f34dc3fd3cbb3398ad,1,debit_card,1,239.38
"0c06719338eba9ad30362c43bad76d87",1,credit_card,7,124.41
"854f58d1737ef431b98a28f2149a7125",1,credit_card,1,74.84
f7a7709b479c021664777ee929ab3ee4,1,credit_card,10,1030.83
af695d977f49fc0b29d716dce0c755fc,1,boleto,1,109.12
c7b1a19d2ae06ca24586ea3d67fb4f38,1,credit_card,2,157.06
b4d85d4356b0ece0e421f5c58d757107,1,boleto,1,116.94
e3d239a9418e145764e6f99cc02d00b0,1,credit_card,6,63.62
"210815e915694747f4d7f75010d5a665",2,voucher,1,35.00
"1b9b1209ee112e9b2276c880746615e4",1,credit_card,1,101.55
"79b33a695202057cda058f5ebbfaf3ea",1,credit_card,4,40.65
"5b46b8a8da766ab67735748a7d1542dd",1,credit_card,8,278.91
"33c4ff80921c70a563083f3e317f7247",1,credit_card,8,84.23
d895b69ba0803a2ebe648a624d6e3f08,1,credit_card,6,340.81
"49a76356bba249478a61707cb37319ea",1,credit_card,5,75.79
"91151a1839749882e607fb8d0c0a2a71",1,boleto,1,38.56
"5a559395babb637d7999a5716873d882",1,credit_card,1,58.32
"7f2e1344275e004ec582d8cceebc5896",1,credit_card,1,115.07
"1d3e89c83af0905d749a8d07aac56855",1,credit_card,5,51.20
"214957eabef2b509b290c836e9e97c03",1,credit_card,1,35.00
"47b37d2ccfa8fdc0395971036941bac9",1,credit_card,3,312.28
"13a4e0efe42392b2ee22601883f47d24",1,boleto,1,303.42
cdad1ccf28a28106660e28f89516a62f,1,credit_card,6,137.99
"4b1609677539e847e9d15f655ca4fcd0",1,credit_card,4,92.50
"54d744a4410b1edccc36c6d1f1c7e097",1,credit_card,9,146.01
"98e791b684692cdd750ed6ee926c3ce0",1,credit_card,9,92.22
"493698ce56fc7a2737d5cc7984627879",1,credit_card,4,229.26
"00af53fdc2002f5b6a8f16db648e003b",1,credit_card,2,51.75
"31f6ff8aa036e65dcd7e8c1e224a5b91",1,boleto,1,153.16
"2ad713541542172502b2d22dbbe47de0",1,credit_card,10,101.59
a8998c981964bf8bac216e296e00b309,1,boleto,1,189.59
"7cfa85c7c53799aa2c849044711e9256",1,credit_card,3,922.84
d0953216646b79a1457c04739e8414e5,1,voucher,1,18.27
d9d133e8194b34d22ce9157f4f2ab959,1,credit_card,1,27.77
"90423fbde022b7991066ba965cfe537d",1,credit_card,1,39.03
bbc7693f5519a19085d75782fe024daa,1,credit_card,1,85.50
"4689b1816de42507a7d63a4617383c59",13,voucher,1,14.10
f6151443391cbb0f7fb0fcaf6d79e963,1,boleto,1,205.98
d34bf1d98a956e38ca2dd1bd44f395ae,1,credit_card,1,27.68
"8fd0fd2191425dcaa1ec74d95c0b5aa9",1,credit_card,1,38.01
"9c9d443e386dc6332b14958d37eaf75b",1,credit_card,2,172.17
"0a0837a5eee9e7a9ce2b1fa831944d27",1,debit_card,1,65.50
"20ed4cb22ba9f7978081410cd6400ba7",1,credit_card,8,114.79
b2f92b2f7047cd8b35580d629d7b3bfb,3,voucher,1,20.00
ec451fb3a1ee5782fef4937473a9ffac,1,credit_card,1,279.70
"1c34405a26acbdbce1a7702fdcca5c31",1,credit_card,1,140.32
c350d0389112a86be9f3802b560764fc,1,voucher,1,44.42
"629ee34cec78dd55cfc4ed143cac2c11",1,credit_card,3,35.75
"517e46dd2b1a674f95729233d3cdd938",1,credit_card,4,47.05
"8288bb5ead7afd8740aab37dbc902214",1,credit_card,1,77.41
"219bf1bafc86f67b9a13637cfaeb68b1",1,credit_card,2,182.29
"37bd4ebc1e9465415453c41f71eaa6a6",1,voucher,1,408.04
"4a0c442614599b83a064e2889049712c",1,credit_card,6,64.24
d4497ce5e801d56876bd6c9e514767e5,1,credit_card,8,233.84
c4f6c401115a8cba8c3be4ad28abeeae,1,credit_card,4,216.86
ea8458d25568c5313d501ba2b21c68f0,1,credit_card,2,46.78
"2b4b69b119c4446626f617bd54ff3147",1,credit_card,1,38.05
"7643fb0ecfc2447d800aa40f62ef7fdf",1,credit_card,1,44.10
cee7c7cdaff69064ef0c806f168a9269,1,credit_card,1,93.78
ed17f0572bc6ccdacbb220b282a6387c,1,boleto,1,111.42
b175558ffd938e94b83e3837637604fb,1,credit_card,5,132.13
bb8fe9bf968acfff626cedabf06d766d,1,credit_card,4,138.65
"689c69f5d10d806b64b4b89bf4a7e5e1",1,credit_card,1,41.00
e0b4e92a39bc8b93bc4ff121772819ea,1,credit_card,1,29.27
e0b6e95c36638b633c19b0aa5ce47516,1,credit_card,4,171.79
e72a8568c8622825a95439791f668e85,1,credit_card,2,83.68
ed4f3a7d90215313e0c485f97f640584,1,credit_card,2,204.49
"237be87efc86c6329fe3faad9a8c2592",1,credit_card,9,176.87
"7801e6c26c480c6f6d6b878d20000f89",1,credit_card,1,34.00
"33c395f5b7eaa637304434e553d45cf1",1,credit_card,1,588.06
"4d6951fdb1a472a77ce1422ca656c2b8",1,credit_card,5,154.07
"94dccbc39bc2673b3639fc98286c99b0",1,credit_card,2,28.60
"98eba1be3e8237608c66b2e0473786ef",1,credit_card,10,321.31
dd74aa86ac49c4818ea173b6a376d8de,1,credit_card,1,61.75
a18a772d7d1f17c95ee1689b669d3727,1,credit_card,5,57.98
"6c5d1e03493316b72304f07834a03325",1,credit_card,4,140.91
"4d544ef55956dd8aadf1162dc1b82ae1",1,credit_card,1,56.60
"7954c75cf9a8876258be26911d9e9501",1,credit_card,1,425.70
"29fafeedea8220ed8162dcafe8a89483",3,voucher,1,8.28
"21608598d187cb9b14e7b81978c0e6bb",1,credit_card,3,156.99
"110da2b3965b649ac4bb999200ab9133",1,credit_card,1,68.51
"2c8368619bc15c47d6fd7de27cdef0c6",1,voucher,1,66.22
"5602c7ec0703c496d76b3e8d812b150d",1,credit_card,1,8.90
ef66cc60de5221417b5fb81b1c42de85,1,credit_card,5,59.32
"0dc47dbdd63f9e034b321b138d0d9092",1,credit_card,8,297.00
"5e791294b4404ec12340f4c938c10cbb",1,credit_card,10,163.81
"09c530d73b3f36bbcd4d3b2268abfe12",2,voucher,1,111.20
"0ced306b608e9bc80ef960368a3414a4",1,voucher,1,10.34
d11c6e3675c8fa2f8cd707a48969429a,1,credit_card,1,128.54
a0fd8189420447a19f96862d4e128d57,1,credit_card,4,49.09
"675a6fde0b4a8f78243d9ca2ec8be1be",1,credit_card,1,135.60
"155ff86a37e4becb60f238b3ee90775b",1,debit_card,1,42.78
cc8454f08599794be25a95f691617e11,1,credit_card,4,128.40
"1a0ebef87017257e3f6c7f10e82b20b6",1,credit_card,5,118.47
"754f7ec0dafafb537986302c08311dc6",1,credit_card,1,45.10
a222f3c71beb748715093f69dc3dc177,1,boleto,1,42.58
"93fd94c99b582fd7ccdf72b3721e34ea",2,voucher,1,50.00
f52770381c11ff33137e243fc4e3a7af,1,boleto,1,52.38
c0b6014ad171bec4bcab3532b8b79e2d,1,credit_card,3,262.69
"69bec49dcedcbf07e8333244796dd70a",1,credit_card,1,2.42
"3e4ed3610f9edd2a3598aec6e93a345d",1,credit_card,1,67.32
"0e3ce0f00c0714004ef73e0b334ce130",1,boleto,1,72.48
cad39f1647e3828163e49718ea495994,1,credit_card,2,225.71
"55c27ec4136ec6d13577c7fb34c62b68",1,credit_card,5,184.26
"577e6fdfae22d140e0167cc4a674c1a0",1,credit_card,3,170.41
"26466061ecf0630db081aea8581b871b",1,credit_card,7,71.25
"49b25de91ca7ebe3b4b740b332b5e0a0",1,boleto,1,36.01
"1f1d433b45ff83d34a8fe8071126c80a",1,boleto,1,102.64
"108e1d5b7a25ff07b49e500b1c7ae4b0",1,credit_card,4,66.05
"1bbda6dbb533293df7320c4f62b6e897",1,credit_card,1,96.44
"5d284e172fe3bafba10f2c60e3ea2047",1,credit_card,2,215.58
"51ebb2c24714952a8ee7f24d4b90ebbc",1,credit_card,3,97.95
"97710347ca7f753c166b48121724ce84",1,credit_card,4,161.85
"6d85f03f010453a6addfef985314107d",1,credit_card,2,22.10
"83d918d0715c6c4700e6d841e36f30a0",1,credit_card,1,93.15
eac1f51413723e3cd22fd297ecb65306,1,credit_card,10,104.86
"405059897f5d5fb7e349800c44920c61",1,credit_card,3,108.88
"3e8c191415aece16ba1ac896f535b484",1,credit_card,1,50.13
"8d197eef337470b4ef3c9d7ef80d14fb",1,credit_card,3,69.04
"77e9941864fc840be8e4b1ba5347c0f7",1,credit_card,1,103.27
"8a9e4058bd52b1df24af22b9cd604f87",1,credit_card,8,136.59
"1b575c5682ee1dd86b9dd3c78691c02c",1,credit_card,1,52.71
ceb533871105f7cda81fafc19e1ee38e,1,boleto,1,18.37
"9588842b04b68104582a11aced293fa2",1,credit_card,1,166.46
c1219b88f5d48e3d0dd3229cbd88a722,2,voucher,1,151.64
"28af310ca56736384bc8833117dd048a",1,credit_card,5,106.97
"139f560e44636d72034722f833c7fdbc",1,credit_card,2,36.35
"400067025519f050d696583e2e6df305",1,credit_card,4,112.49
c88c214c277ccf07d8f8992b66796546,1,credit_card,7,158.53
"041e2854aac3d7cc5af940995ac6be0b",1,credit_card,5,249.49
"7e40398e4b930885edc608594647816d",1,voucher,1,87.10
b3c8c0dd2b042239054fd43c6f63c8ee,1,credit_card,1,41.64
ec13879c2b48a8a6baa9228be8899a26,1,credit_card,8,80.18
"5e1c835de943927d56469fa225bca0fe",1,credit_card,8,161.12
"44a2fb6a4520b17de57affbab761dfcc",1,boleto,1,12.28
"1e3afc9cb36a927cb383e0d51cf19342",1,boleto,1,56.22
f22698a00370679c0784aae7c060f87d,1,credit_card,5,59.96
"5b57f1611ce8186213ff0f850df43fc3",1,credit_card,3,46.23
"71f14ec1996fff780487b71d42dc041d",1,credit_card,5,50.05
d6e799956c4b0814dc3e01f0a72108f2,1,credit_card,2,45.09
"45639343ad340a0a092f8bc8788e051e",1,boleto,1,37.82
d26844690f17c5d19b50a5862b8d2a45,1,boleto,1,26.84
"3ff4d494b9a42e38f1d11a11cac925c6",1,debit_card,1,68.43
dbfa3d8c05cc5d84083fc259a9feb5bc,1,boleto,1,164.17
"18655e8acc771fadb130bf3048a5589e",1,credit_card,3,125.73
"9bdab6a58999d4197bb9182919f89712",1,credit_card,3,185.64
"893c5d0f1a2fd75917c6b37fcd220601",1,boleto,1,1205.00
b1a3ef26d011b2ef46b8787429aab2a8,1,credit_card,4,40.74
d5cb12269711bd1eaf7eed8fd32a7c95,1,credit_card,4,42.78
c2213109a2cc0e75d55585b7aaac6d97,1,credit_card,1,34.44
"24843df655e56c3713485a7880677287",1,credit_card,5,331.20
"86386c3dd74a55831068a41fc4fc1bec",1,credit_card,4,452.47
a536641274ad7eca34443ef56220524d,1,credit_card,2,70.97
dd5067269f1aaad1d4d0aa55e84eb22b,1,credit_card,6,887.58
"5210991b886c9005de084d0d4fcff0c4",1,credit_card,3,95.21
"346ffefd56ff0691db147f471af8a1dc",1,credit_card,1,71.15
c21fcb36121a9b1c65eed7b20f0862bd,1,credit_card,10,517.03
"95e8ad87dd94e0a48ffb1fd18f13be66",1,credit_card,1,132.84
"37965120652845efe3e27796c9a4386d",1,credit_card,3,106.97
"106bf10ecc74f90c8848d0f613288a15",1,credit_card,1,15.82
f5136e38d1a14a4dbd87dff67da82701,1,boleto,1,6726.66
"262118ce178bb3e4590a3adcf6d62e6b",1,credit_card,5,126.12
"2c1f8fd9aa5f50ec17f4c95e52223a3a",2,voucher,1,20.00
"712c3c76ddb4bc5fc94f6643096cb289",1,credit_card,1,31.24
"6c6ad994709e497d8bbc043b3d9884ba",1,credit_card,1,51.25
a2b932dba58739e74b19e8216b7de165,1,credit_card,1,37.73
"82121ebedf0f27bfb35630958489c7ea",1,credit_card,6,279.05
"29a2291d6d805fb5ed5585585715b98f",1,credit_card,8,746.65
"7b7ce86399877a0908f5af4041da975d",1,credit_card,1,51.44
"4b7e81be5da17ae60c44ba5992fac95d",1,credit_card,10,1225.59
fed4ca34aeb50d89ab8f08db03c8c800,1,credit_card,4,204.08
e0f3cd25b704e2b54b5837d443087ba2,1,credit_card,4,406.51
"3812d41936079a1ccfa6e04ff9ea83e7",1,credit_card,1,62.59
ee9ca989fc93ba09a6eddc250ce01742,6,voucher,1,3.75
"8d79387c949a14812dc166d8fe4039d1",1,credit_card,4,52.88
fcda3cc8210e746326864eb933641ccf,1,credit_card,2,27.04
"102dff93d9ff9180027b57feff2f34cc",2,voucher,1,2.02
"813a6507f352e877ba58291463df42a7",1,credit_card,2,133.51
"0f463923e58ae2578bc70e3083b98e93",1,credit_card,2,217.72
"72d4db7bdeb8827a6dcdb6a40f7149c4",1,credit_card,4,104.19
a17ad45b2b8e8e73cdcc323bd9b90b49,1,credit_card,1,19.33
"622f616838747771f377b27f47f2d21a",1,boleto,1,110.04
ed1436604076711db664bd5063508cc6,1,credit_card,1,135.00
"8912c7c4689de366217c6296bae65efd",1,credit_card,1,40.09
"53cbf33b674d602f6746cb90a9d874fd",1,boleto,1,102.03
"6a2fc7eef1fbf09f3c5cfae4aaff3bb5",1,credit_card,2,73.76
a3d2d7bd607f48e67fa90453814180a7,1,credit_card,2,78.55
"65c5c8d2e87139529c41cf8307ba1f65",1,credit_card,8,1806.68
f918a05a6158db5265b92aa4ff3403cd,1,credit_card,1,37.77
e7541673fccb361d1221c62bb45ad1cb,1,credit_card,1,75.85
"83177602aad708cea549501386b021c6",1,credit_card,10,305.16
f07cd569c4555fbf9dd3568b7995827a,1,credit_card,3,163.89
"6180176978a92ed9fd65b8a884601955",1,credit_card,3,116.94
a2f3817242b0d2b7404f5104ede3abcb,1,debit_card,1,171.06
cb6098eb0d12d5a08efe1a8d977c78a5,1,boleto,1,531.17
cd44314b084629fc21d3a0dca3147f7d,1,credit_card,10,465.27
a72b3f5d99f2dc2642d7f7ff5691a2b5,1,credit_card,1,61.61
c9cf685a5970016a369f50c8f42e87b9,1,credit_card,2,62.65
f2fc3e958c7943badc989a1f5db932b4,1,credit_card,1,20.38
c5f1d29b8bc4a975508962be343e62a7,1,credit_card,3,73.83
"5e235e61ce267978794f9d8f22465386",1,credit_card,1,63.89
"85a08640d88815b0ede472adb059d337",1,credit_card,2,22.39
e24373f05b66f5a4b1e9baf8ce94baad,1,credit_card,7,284.68
f94a0d648c163f130c9d36d4ba790dfe,2,voucher,1,100.00
"495b9ae2b9c128e387b6c48ddfa390b0",1,credit_card,1,59.84
ecb29eb956683b4c0a93b0a6ad9da2d9,1,credit_card,1,51.25
"401aaeb144fdc31e60486809bf917ce5",1,credit_card,4,257.21
c006bbd1a1ae4337965b7ad0dac0c61e,1,credit_card,1,70.42
"04b23c68df88327f687ea03eb2f34d7e",1,credit_card,1,67.30
"38eb04fead5a8c966e7e01b87830b50e",1,credit_card,6,126.19
"6a3cf68b5d00317f1869cd638dc6889c",1,credit_card,1,50.87
f8fd25f70b750575ff9e8a348ee15692,1,credit_card,2,142.92
"6258f184f313311383d31c1a6ea59b7a",1,credit_card,4,107.29
"25d2a391f2bd247e905a176c97f355e6",1,credit_card,4,224.48
"8d5e10fa7f259ed886ca55788bbf797d",1,boleto,1,434.76
"64397bf4c493c0fa84f413977e87da93",1,credit_card,3,55.22
d77096ce04b7912640d76928106b9ad7,1,credit_card,3,89.65
"66528ad3bb480c8959bb478cc37becdd",1,credit_card,2,82.36
"178660fc6914ba83609b807efe89f984",1,credit_card,1,159.56
"6296cd93e0540917385ff96f03f3ad92",1,credit_card,5,206.32
"9489cf6af1217c413c18017749a398f8",1,credit_card,2,157.21
"2a834f698c8b713627f7729b9c164746",1,credit_card,10,148.13
"9735a2f9279006018ed254377240bf4c",1,boleto,1,60.00
"650983d239f9c314e6b170ad1d41c9d3",1,credit_card,1,78.46
"1734ed627ecb469f8a302694d9481eb4",1,boleto,1,78.36
"9142e38d4f7b7cf458a1eb8ee2b52157",1,credit_card,6,186.10
b7df5ce2d6f1da60c6f47470a8c73dc8,1,credit_card,2,58.38
"9330e9298742ceea6f94f67a4c6dd785",1,credit_card,1,34.00
"0c6a35b799f52f904a18f2810c4d1772",1,credit_card,1,66.74
"5ce9fc801207a16522d494fcdc8e9dd6",1,credit_card,10,126.90
"6fc8cd5f4cfbea0b694434a10475fd6f",1,credit_card,1,91.21
dac16a931a09274638e939d74d5a9097,1,credit_card,1,63.41
f1f77c2644fb432824a8e7183f325b11,1,credit_card,3,164.78
"5e114d8e3840661abc3d9c4820f427b3",1,credit_card,1,72.67
"66673d07632c70dc8a9393c230b2e275",1,boleto,1,390.59
"30f6b446907427d28df6c87fe5ef5947",1,credit_card,3,96.43
"133cc4a787cd3b46ae3b9b19b3a6c135",1,credit_card,4,199.90
"19c36691fd116059bf49b7960f1db743",1,boleto,1,88.30
a9aef39ca580c8bf9b2bc2e2927ee47f,1,credit_card,4,239.76
f94344586ac6663aabd08cbb1381e347,1,credit_card,1,57.13
e5121f24a3ef1cb4b742aba33736755e,1,credit_card,8,117.79
"7ece8c3c916bb0366f54e22a77936af4",1,credit_card,5,403.30
f643bf772d9eb92c22d0a6520d5791fb,1,boleto,1,166.78
"26ef05ca1105e34d67dfaccab65e1100",1,credit_card,5,60.64
f7adb52b8785594c7e357054489e371a,2,voucher,1,114.90
fbb1eb1825f3fabe6f29d8f2837d351c,1,credit_card,1,118.48
de45539c23bf4e084f623d8d339c00ea,1,credit_card,1,19.64
"34e43b05d79a814bd90a43250ff10094",1,credit_card,4,40.75
ebf89b8a3abd6ac66f597f269e84c3dd,1,credit_card,3,37.61
b4a980b9e16ba7d410f9213f5eab3ea9,1,credit_card,5,55.86
f5763c685bf8e3a552c2fcaa60aaa868,1,credit_card,4,76.99
faff16fc16c4344af7f60cedbbf6cb2c,1,boleto,1,74.16
"7e7ce1bc81b9dfd761f11ce02aa3b5c6",1,credit_card,10,254.88
"0c83ca3fc3a83bd059a1834a8ffeb917",2,voucher,1,15.00
"90ee8b2a22737bb4eec65899b343eedc",1,credit_card,1,55.16
eedec29739b2cc663575699ef0395f43,1,boleto,1,65.71
"2f11e52d9cc6298d5beeccc09e46778d",1,debit_card,1,96.89
e167b30630b1119d98ee8202f32d04a4,1,boleto,1,169.87
f28f39649e3b855c1e269fde05f2629f,1,credit_card,5,97.87
"4ee5490fc0c66d4c9a1f30055af9b7be",1,credit_card,1,33.27
"2866ad7dcb3cfdab34405a82b8a77215",1,credit_card,10,1220.72
"3cf732ae03a74a50fc69cbfe6cb978fc",1,credit_card,1,89.84
"36740de778429748e1ff6077c7d85e5f",1,credit_card,1,5.69
f6143525a729dbf323eff5f80e6ac979,1,credit_card,2,24.84
"4689b1816de42507a7d63a4617383c59",12,voucher,1,56.42
"1006246e3feed80b0a2f83d8364240f7",1,credit_card,6,137.27
"0641880e7059ec426c7e6f8ba1585bf7",1,credit_card,2,85.55
"17e71fa8bed3ecbe0d18f738ecb618e0",1,credit_card,10,125.51
"1041d437bb0a4bcfeb3a107426f2d5f5",1,credit_card,6,282.52
b81e9b6871248d939a4d06833a57109b,1,boleto,1,43.31
"4aa3affa1cabce4defa1f592b369baba",1,boleto,1,211.07
"60f6e33dc906f7b5b4f5096f979ab9f6",1,credit_card,1,46.52
e09363048c9d0c0d860481d999934bb4,1,boleto,1,104.26
"47c811e3a9f61aaa4fd8ef2055c47643",1,credit_card,4,97.98
fc719b274382a0834f125796832ab9a5,1,credit_card,4,227.34
a9a93c428c6103f2151bb63a1d32a520,1,credit_card,10,160.67
"91c4a93764c64f05b6548ef057e6d3e5",1,credit_card,5,199.20
"11567da1255df80bd6deecd416bdf9bc",1,credit_card,1,104.38
"85390f5003d9b2084c226bac317cca79",1,credit_card,10,290.76
fa3e37584f4fdb1ded0e0de700dfcb4e,1,credit_card,1,111.21
"70de580c254e6fc014c22e93c8c0708d",1,credit_card,2,47.62
"4e20d40902680dc223804050c2461abd",1,credit_card,3,562.05
a974899162d4dcaef47a7a38af77a25b,1,credit_card,3,70.75
cc3518a32accaeeca420bab0fedd0661,1,boleto,1,70.62
"04b2afb6447774881079872788d97883",1,credit_card,5,53.59
eb4a0e0fa996c4a0815f6ac1347235d0,1,boleto,1,68.05
"7cd0da49ecd223041fb8f6f8de488314",1,credit_card,2,67.60
"44f720ecff743e26f1e3389c21fa89d2",1,credit_card,2,168.20
"81e3da45661c66c76a36f2666d77edc3",1,credit_card,1,31.75
"2656fd6fdbfe33c6421cb390eef1a73b",1,credit_card,10,205.88
"0e052bf9ab53618ac0c5fb8ce3dd61b8",1,boleto,1,79.07
"6be6d87095d612a3a5176d6aff456c62",2,voucher,1,100.00
e9240e3e8bd5fbca3e55e993b597b512,1,credit_card,4,130.24
f07b0af882cdeef616def36fd78fbb23,1,credit_card,10,256.33
"0f17366db3415102c789999a513bbd35",1,credit_card,1,185.74
"94fabf7998d05f3035718e58cb86d671",1,credit_card,1,36.75
a837f579a39778e37f946ab3a520a814,1,credit_card,1,32.00
"38d1820172173a03d8163d806d3fd926",1,credit_card,1,76.78
"22ecef80997c71139d9679802f02e84d",1,credit_card,1,67.44
"947ee6ab639791b5711558a7e55cf98e",1,credit_card,6,2223.12
"89b158fc23656141a5e33e93954d025b",1,credit_card,1,231.29
"8c5bec484409e70154e14d68bef784da",1,credit_card,4,73.34
c57ae5ddbc1ce170981df1880afd9dd1,1,credit_card,2,67.83
db4975029748a4fe3f218f5d62885918,1,boleto,1,222.16
"36b12d9500838b05b9b9e8e3e13d2745",1,credit_card,1,41.69
aaa6f66c3f76dbaecfc60183d6a248ed,1,credit_card,3,169.36
"17df2cc060680fc1712991499b645cd2",1,credit_card,2,56.71
"19e33f0786885dcf62a875bf5fc1b3f3",1,credit_card,1,276.26
d1f789756b59a9fb40b3becadeac90e4,1,credit_card,2,166.29
"2657524b4f269657a166535a1cb3fc3f",1,credit_card,1,93.75
a078dc6e0c09350ed278918b2d30a5e7,1,credit_card,6,595.59
"30336ab6f4ebb61a88d9e3188b36739c",1,credit_card,3,1298.10
e7e3c259f44e9bca3fda8c9713ab2dcb,1,credit_card,2,163.44
"7e225c7be8d238e6c940f116d7583a13",1,credit_card,3,313.36
"97e33be649ebb8e65e5fc6f9f897b162",1,credit_card,4,45.21
"4ba45e01cf325c8c853971e79c9cf7bd",1,boleto,1,88.74
"2d0c276009e7c4b59939c3289b5b055c",1,credit_card,5,58.22
ba00efda2a3a9607e8167e4802c02a16,1,credit_card,4,184.03
"0149c597dcc0963d7315f904495b631c",1,credit_card,3,37.88
"8782135cf0f7ffe6fb80bf501a37ecd2",1,boleto,1,34.42
"7db4fb166f6ce2f0c77657c4c78683d9",1,credit_card,4,207.55
ccc0965b6e9996d22fca63fe790a3c30,1,credit_card,1,162.19
"213a17bb373d57763822d78e40e7ca38",1,voucher,1,5.97
f98ae2d419ae86aac83c5277721814c2,1,credit_card,5,158.79
"64dcf61c577c7f454e0d2d968360efb6",1,credit_card,2,210.64
"3c874b19a0eb27d93a473e03468d44b2",1,credit_card,7,74.88
"488a3468338d9c4c6caa95bb4b536b90",1,credit_card,4,177.44
"8341d1e71471e5648920efec5acd822c",1,credit_card,4,244.15
d36a352334f4e3df2f3ce48893af82fc,1,voucher,1,53.01
a4425e2bccba621150a07a685cf063be,1,credit_card,1,111.72
ff8badd36cb2b5635a007309d3963a88,1,credit_card,1,57.03
"56dc0181ea630588eb17a1449955f57e",1,credit_card,2,144.58
"189b3afbf782ff8ab44477e006153155",3,voucher,1,15.11
f54b0f9fdbe3e0a69bcc611b4f3de1f4,1,credit_card,2,79.56
ebc3ac81a5759d348b6e7f5820710f7b,1,credit_card,2,62.51
"5545b19e008b4a2989c495761e53456a",1,credit_card,2,162.96
"458ce9ed0016410eb81b196544fd987f",3,voucher,1,25.06
f83c68e578bac1175f2406be22ffa402,1,credit_card,2,326.80
fbfec5593964c86891112d4bd2492c14,1,credit_card,2,133.46
"37a7476e58da10721b5e55ba4be6807d",1,credit_card,5,129.17
"55cab049972ffdc89fd0f17ab75ee52d",1,boleto,1,71.15
"42a45127f74061de7399a762d9728197",1,credit_card,8,89.19
"581485f89782bb075ada5368b8c8e74f",1,boleto,1,109.50
"7a32a414f59caff4a7f5e9710a9c32e7",1,credit_card,1,47.80
"0a97f36e62839a22eb00bcc9a9160e70",1,credit_card,1,61.28
"1e9a53e194e98b64434abc52aeedae1e",1,credit_card,3,169.23
c6be81e3c1e9e15e5893e19d7ce49647,1,boleto,1,63.01
f622f166555604252d12a9f66850ce2f,1,credit_card,2,57.89
a8d5b616150d16469de71f4099a76148,1,credit_card,6,163.06
"1c4bd62e77652a8a266a0b0f1b49b0da",1,credit_card,1,100.05
"73b8060641cefc66b17b6c97f5901a96",1,boleto,1,53.38
"31a6cbe67abc9e5414688f0f59681ec0",1,credit_card,8,93.38
b1f632bf6d3b5bb0cb03cf91b8283c3a,1,boleto,1,77.57
"60e08656ca4f79edbd050f000d1f0197",1,credit_card,8,700.30
"4bef799000dee0ad92c4b0397f9d16ed",1,credit_card,4,161.23
eb55f59a44f8ca8558eb570394b598da,1,credit_card,10,280.59
"2c53bd1388754e218f18b97bf025d935",1,credit_card,4,241.93
"7d4681be1e02a6976f4ce2c0c1891d0c",1,boleto,1,73.27
e6135c8e8606487b103a6835a5c429ff,1,credit_card,1,65.00
"9f07fd1359b3011a31560b21a4eb1fc4",1,credit_card,3,137.83
fe2acdc8b73107a92358adf3005a5433,1,credit_card,4,84.00
e8ab363cd45a4e68e65455199d62b45a,1,credit_card,1,86.15
"5b663e8f6d7d1dd5c03c9fb203cb50ff",1,boleto,1,148.20
"1a6d26b1e091ff1b177f8d1c45d46650",1,boleto,1,147.64
"46c940200f4d91b4cf260d705849bbe2",1,credit_card,2,59.85
"394f1f9eb241c99e0090bc9f19e5ccc7",1,boleto,1,58.02
e7d1cbc138189b71137ee7031026b62e,1,credit_card,8,235.41
c2411b9c7822d227e3e48018405a0594,1,credit_card,6,1125.00
"48c8c4c032915f7f1d6c34979e7f703e",1,boleto,1,42.17
"40b3a621a59f804d691abcd7531fffee",1,boleto,1,149.14
"96c9a85ac467d3065eb7f6d184672511",2,voucher,1,31.71
"68f4e47ec61d740cefae31e2f624932b",1,credit_card,5,76.61
f33d14c1e039db7f3385e552f0299731,1,credit_card,1,160.30
fa0fef4aa9fe35b6b22d0637fb559072,1,credit_card,4,61.79
"94f4c67dcdbd11ebb8bc2485bb362830",1,credit_card,3,103.37
"21e43bdf56e1d32ad5bf113b604fc4f2",1,credit_card,6,83.59
"084ba8afde2ae7dcc7610239f97b7d43",1,credit_card,1,456.12
"14f926e78fd90329d77b9d42fbc1339b",1,credit_card,8,85.25
"445b8011d509adb520744d60fed763d1",1,credit_card,1,82.20
b7261927790781e114d3a12f39ef44c0,1,credit_card,6,256.86
d2d302e80c71e324aa235aa223f6c220,1,credit_card,3,224.83
"655b20c809450d9f4e2d3b62d5b7f416",1,credit_card,2,117.12
e17fa68de8f9e0f07dd6dca946f9dd7f,1,credit_card,1,202.83
"56b63c7382a444bc8eac58cd4d161da0",1,credit_card,1,92.32
"799be3792f7db4e84ead1a2eefccd1b2",1,credit_card,1,48.71
"76026df544b7b05894c94864566f46cf",1,credit_card,1,822.06
cd5be8f92135682a584bca7d11218aad,1,credit_card,10,310.20
"079f35f555387ba548cf2a98cca8c43e",1,credit_card,10,145.69
"01b1800f51715ab76f67caf732206437",1,credit_card,2,194.97
"1109a323a5e20da772a2f7b3cb0f9af7",1,credit_card,1,27.69
"30b66faf9517facb67ba9b710f0b9628",5,voucher,1,25.00
"7388656671c6e0b572d76b7c12fbad52",1,credit_card,3,81.99
"8fba54838faa399ed5297cd61bca636c",1,credit_card,4,726.82
"623ad958e8a30b32e7b64d28aac09059",1,credit_card,7,388.74
"512c6d2dd9904e8ce639b106a7689949",1,boleto,1,252.35
c0e57db4a4a6ef32aa28911d1c07df81,1,credit_card,3,48.79
"7f8b38a8af20de6f906cfd9a585dae13",1,credit_card,1,120.18
"44d3984d00152b899eff3953948a0124",1,credit_card,5,61.59
e2add76d15b3e6cd98abe9947f421800,1,boleto,1,218.28
"9d3086bce114e0c19770559e454cee69",1,credit_card,2,67.01
aa14b8f4567fef1be1a8912ca010f1c7,1,credit_card,6,164.81
c83791759b06d1268e4305586aa9fc84,1,credit_card,5,53.99
"1221112b1c9563dc03d5a32b6078a962",1,credit_card,1,189.26
"277427ea3d46a465d7311f4107515ba5",1,credit_card,4,89.07
e405a05e7cb02776a17ecb51733fa00a,1,voucher,1,26.16
"7c6985797df04a52bd0d0b4b2b2bfb61",1,credit_card,4,146.57
bcc74496281fa806f6939a8d8f80f232,1,boleto,1,19.06
"191988c24e4be4ee259d26b443408e3f",2,voucher,1,100.00
ae3818a9067c10088e84a13bceaa9b68,1,credit_card,1,94.99
a1d83bc33177d956b86ece86d32b83b2,1,boleto,1,37.37
"39c6a14b3b53cb560bade12dfc733d11",1,boleto,1,123.52
"6b72ab4c6bc0454a467b4771bd9e1828",1,credit_card,1,50.94
ce04c06ff6aa33c21f5ffe29ff59062f,1,boleto,1,68.84
"0d07bd4924272608e7804bd91993ba33",1,credit_card,1,82.11
dcfdded3a6760b4e0ce1ef27aaf65b89,1,credit_card,3,527.03
"5cae141c3dd545d1d08687790cf11e33",1,credit_card,10,2026.54
"49e9e78cdbec6c106e1958234d752ce4",1,boleto,1,62.01
ddcf5361d96d9fccf2ad351bfb96a58f,1,credit_card,5,52.09
"75156818c2863d3be5ab7b08e728e43d",1,credit_card,5,313.23
"33adf242c9c30fa2e16fc97d70845487",1,credit_card,3,623.10
"61ed1876bd482d2c77e3b085ce949c69",1,credit_card,3,189.30
"839c39b7b79ea017a465dd95ba970a42",1,credit_card,1,17.69
"0e96a13c8fd38b3cf8d5f8e30b7a7b8b",1,credit_card,1,50.34
b0d7b6944026251e2bb069eeef3c647d,1,credit_card,3,124.52
"7d69596773fda163751de780f18ad9f3",1,credit_card,7,171.22
"86207b986ce345ccef8bc83647dc491f",1,boleto,1,163.92
"3f234a80dabc182e34e4c50189cbf28f",1,credit_card,2,35.86
"61b66cce18bec7e3ee5ada29bd17c9f8",1,credit_card,4,40.59
e316d17cafee5024c175ba56fc437d56,1,credit_card,3,74.49
"05e19ab996b114339f316bf41b359d52",1,credit_card,5,852.68
d8dbb44d7c5b1fd8e7f41b49e27053d7,1,credit_card,2,177.15
"6f6b240506c5b26a3ef1bd743b8b5d37",1,credit_card,3,164.79
ec336abeb94427ad09db080acc143373,1,boleto,1,227.05
c038a5b29abf034f262370c75f739875,1,credit_card,3,173.27
cc1ddc7d7f30076a8cf87d86eecd6606,1,credit_card,1,71.06
"4f0c82eab94eb2ea093382969dfe6949",1,boleto,1,33.71
"842b6e7534c63c7956d72bb3f64bbecd",1,credit_card,1,3.24
ad544f2096a222f549ef00e32dad51ed,1,credit_card,8,127.77
"30d7ab7638f1f3420e09474f704fe784",1,credit_card,6,487.45
"81792b856e65e0a1e4782f1d7b34fede",1,credit_card,5,64.10
d6e2b70c5dd291b6a91fa86497fd9221,1,credit_card,3,68.32
"4edeb1718cb488182c2f97e0a7f33f36",1,boleto,1,54.95
"67a02a73466642c42627bf50de7bea92",1,boleto,1,171.03
bcce0481b3f582ede8d29c5b4bcdffdd,1,boleto,1,32.38
"2e947480a69010d3f969b8a9be70d399",1,credit_card,4,349.14
"299b68ba840c1126001409fd0c4011f2",1,credit_card,1,152.88
"3d149bdb5aeabeaa605acc0cf58f1157",1,credit_card,5,127.01
"8ef55bb7e5a6e757fb880324b4dc284c",1,credit_card,3,67.62
"8eb24c188d84ebe158dbca10d4799e47",1,boleto,1,59.34
e20301223addaf02a0ffb7025259e21d,1,credit_card,1,1325.32
"6a93b0cb6a5a2c7732677334a4535a1d",1,credit_card,3,150.50
"44dd8e3e7650c35a1973a42498626ded",1,credit_card,5,223.60
"21aa5570514b188b031255172b1e04bd",1,credit_card,1,42.52
de5a3a2e05f3b46629d00ae9b9422973,1,boleto,1,41.84
d961b0820bb2a8d47f4277d39ddf9efc,1,credit_card,3,76.64
"18eff6d147d508df0b175851df5ab20f",1,credit_card,10,218.62
"5fb2e82d4258afcb90c79e2e6f0ac185",1,credit_card,10,187.90
"054f63d52e4bcfceaf9cae8637863c82",1,credit_card,4,106.16
"3863a19752e7afd5305895ae86ee0fe0",1,boleto,1,163.08
"1ff2e9584155b7fe38ee7718f5cd6ed7",1,credit_card,1,137.28
"845f40ca6f1b315562f20fd125f93330",1,credit_card,2,332.14
abeaa3ff8b9c8c049a351e55c4c9fc31,2,voucher,1,46.97
cc39eb27597876b3ad16c246ffcfd8de,1,credit_card,2,110.09
"746e40ac3c01101618e8a7d582b1029a",1,credit_card,1,47.53
"49e6f4ed0034a19d7c8051244c8d64ba",1,debit_card,1,203.78
"8fac4937d08ac74197a48a70c5bc1245",1,boleto,1,287.10
"91adf7071ab8c2861356bb2f4dfae721",1,boleto,1,26.39
"6bae400cefd788e2156ed4bfa090a986",1,credit_card,2,185.07
ff85c3e4329457e83cb474799a257ccc,1,credit_card,4,916.50
"39b4b4cec1024fa0cddfb5201edc78d2",1,credit_card,2,162.85
a5066c35c39663d4e120a25aa960cf24,1,credit_card,8,85.85
be181c4e93f5554a73a00b207c765e8e,1,credit_card,1,188.94
ec1fa684ca945b6c0f063f43d4506e9c,1,credit_card,10,280.98
d43b5b8cc6cffeba0059ea1ee6528652,1,credit_card,4,114.79
c87d6447fb7ef9d8eb2d7bc76a1a940a,1,credit_card,2,128.46
"903059e61d9226af06bdc3822f06d9d6",1,credit_card,2,87.64
"32b699ecc034c52511737f616e721bc0",1,credit_card,6,296.38
bd65649afc908d9afe43db0bcd7c1de5,1,debit_card,1,45.22
"31ead8e6ffdcc849b1a720ff40d5b724",1,credit_card,4,124.19
c5d4823acfd714b139d9a100c0234122,1,credit_card,3,84.51
"9743ae8710712e56c645d9dbf4bb8fec",1,credit_card,10,125.52
"2fb621412f0b757f03ffbb0c47400917",1,credit_card,1,47.42
fcfc50a9520809adee86b167b0cf297e,2,voucher,1,100.00
"925610f1667e7ed61145120c16d91b86",1,credit_card,1,79.08
"0eea5babd8acdffc1ce9dbc764b8dcd7",1,credit_card,1,132.57
"8999cbe9107b9b5f08d0901aa10dbb67",1,boleto,1,176.81
c51f7287f4c6537095b93e6d7bf66e17,1,credit_card,20,425.94
"30d19b812b28dacc532f74cd39bba67c",1,debit_card,1,105.77
b0742e6cd15cd84cf91b637b0b601d77,1,credit_card,10,1556.70
"85a0537b1cab74ec5a1525c3e60c6467",1,credit_card,1,141.33
ec6fad60162a199dc5aa0cbb021b26a8,1,credit_card,8,259.78
"2e93a6eb72860427a8dd780b12618992",1,boleto,1,133.19
"711246846695fa895c1776f0ddc30b20",1,credit_card,7,77.22
"0a45ff140fcaf02e1b09ca845b0ebb13",1,credit_card,2,124.27
"593854837f11564ca02e6406198b42c6",1,credit_card,6,69.85
"1a0da2935bfb1baa0def0327be1a7563",1,boleto,1,207.27
"77aa52452b1fc7afb9b3438922e09668",1,credit_card,1,108.78
"2df92bb513196bf374baecd5ecdabea0",1,credit_card,5,50.94
b2190e086b2cf877f42a661db8eaeb8d,1,boleto,1,59.06
"4fb76fa13b108a0d0478483421b0992c",8,voucher,1,10.04
"7edf656fde82d2902cc1a19596cdf422",1,boleto,1,101.05
"62ce4e3989a3477928510bb4d1064cc4",1,credit_card,10,276.34
"64f48f241745bab48e95cbfddef88351",1,boleto,1,127.53
"07d3edf3fa2d24ebc102315c95ec89f4",1,boleto,1,25.78
b6c70f4b37438a78c820423809997c20,1,credit_card,4,237.88
"29fc23bcd9e04ac6a5919350404eb36c",1,credit_card,10,1246.90
e4ef736a25347585f1e67bbf8eb476fe,1,credit_card,1,48.95
"66039d5c09809a835bd5e6e34619efc7",1,credit_card,5,133.18
d34e326c0b15c4b4a481ba1376687e75,1,credit_card,2,174.65
d207a9accbfb1677062f22f106463c33,1,credit_card,1,137.73
e29720228c32008620375389b6aa65e9,1,credit_card,2,109.44
"3e913a9dfc52c9a6dcbfc18c5ded61b8",1,credit_card,5,350.54
ded5e63ba387dee72a94cc313a39b536,1,credit_card,5,291.83
ffad90ea25b9d744b18f8079de0b988d,1,credit_card,1,96.93
"7941d209e6cbcf0948afb5692536bb7c",1,credit_card,4,110.00
c05a69ea679c56b6437490f5d8eb7a77,1,credit_card,4,218.58
"09b6daf7c780e789668ee3b7f4bda1c5",1,boleto,1,96.63
"73caa517a379fdc2810530959d560647",1,boleto,1,70.85
"61a23849dae9124f254660f6c968fc37",1,credit_card,1,113.55
"9cac3ad2924225c89642ac6a44f5e62e",1,credit_card,1,54.36
"405fcf4896f700072195eae96311134c",1,credit_card,1,25.86
dd79da6ae3b43617470e33f38ebeed76,1,boleto,1,33.17
"1824eec8dca4bdc04b3bb13cb7451e0a",1,boleto,1,526.11
f313aef57f83601a4652dd2225bbda00,1,credit_card,8,158.52
"420652c95bb5904543369757b02c0b20",1,credit_card,1,86.24
"2e44eed06964c4f013319b7ab0eeeee2",1,credit_card,1,178.23
c639deb1d7acde15275d18404daa749a,1,credit_card,1,31.78
"4ce8d6f2dbc2018073f91128c347de84",1,credit_card,2,107.37
b80fc28f62c785fe351b7e4d70185334,1,boleto,1,41.59
"585349a68c2e7d50092eb35c60f019da",1,credit_card,8,194.11
a966954fa1c451757b4d6c77946f9863,1,credit_card,1,59.00
"01fba151a6fa8315ff6dc6f29fe2f2d4",1,credit_card,1,58.38
bbe56245f9be98b922ff6c35992ba2da,1,credit_card,10,645.04
"1037296944bfbaf6fd76e82083f7d385",1,credit_card,4,237.98
db29e664063fa3557cde395e02920f42,1,credit_card,3,46.26
"8cd615f11b504c1ea4ea2d07e7ac2930",1,credit_card,1,44.97
f67dfbaeb6d5c6188f0aa52aa1634a7e,1,credit_card,10,2168.60
"5d322f251f819899cfcc89e316e4f4d2",3,voucher,1,40.11
"10a4fba332df93580200cc555d2166ab",1,credit_card,1,1.74
f0da5a090ddf3d220d76c0cd17fb2775,1,credit_card,4,71.04
"75263102ad0ad256a7bc7c47daf26857",1,credit_card,5,301.79
"72fa449394ed9dc9093819f93ca563af",1,boleto,1,138.92
f6b1dc24c91967f654555ba2830d5341,1,credit_card,3,30.00
"922d589aa475c4bc7935c3b9d97e6dae",1,credit_card,2,135.58
"4bb2ee0b9741faceac3deb03a2e53fa6",1,credit_card,8,442.59
a39d683227f5d57b1222a84651b03b1c,1,credit_card,3,78.86
"67719f1f97a4ee0a41d8c15a39f9ff0e",1,credit_card,3,207.71
f9556cd22578140995b4179fffee7c4a,1,credit_card,5,93.50
"6bd15a70199a7500ae1bcb5b7bcccd7c",1,credit_card,1,54.00
"3f3410465f157511bd8a870e53348d17",1,credit_card,3,167.69
"8829629b95d42763072cd54b7d7abf87",1,credit_card,1,77.57
aa4abf7d0cd6e030f20d847400ccd459,1,boleto,1,513.90
"0de4d39666b134214c03a51f7d1eba45",1,credit_card,1,98.29
"9b6f76f13e1e4d0d84297002186af20f",1,credit_card,8,81.32
"8209537dd24f5c7e5cd13be3928312d5",1,credit_card,2,42.68
"8e1ac730ea9bca963b591024346e0679",1,boleto,1,76.68
"15a8c5377a1ec81646e364e8b6aabf90",1,boleto,1,51.76
"010ef5b0279d7512e7343cb775e423c0",1,credit_card,1,74.41
"48eb2e811b9e45fe519111b4d98a65af",1,credit_card,1,30.00
"4513c6dc83f860eaafd23be741673689",1,credit_card,1,30.00
"783853100b128eb725caacc60409e475",1,credit_card,3,35.84
"7d0bb97fefe21572745b2bbaa3b4ce76",1,debit_card,1,42.51
"6e25a89b2b006e7da0ff978bdcfe66db",1,boleto,1,140.76
"524b32821380cdcaa2b6d3110eebcd7e",4,voucher,1,9.11
ae0151b8759ce9b2938f7d0796b9b964,1,credit_card,1,128.48
"9bc24f40807084ff83a515d4f70a8eeb",1,boleto,1,82.42
"126778d3b4dab2077cf95c20808141bd",1,credit_card,5,223.14
ac509c21fa5c6600dd4b07e524fd5526,1,credit_card,2,150.63
"7e20b68bb504bd8d70b6ef457f287f76",1,credit_card,8,126.64
f483c3a05f63d1b1c82df2e3a91e5d86,1,credit_card,8,225.30
"09b584a0cd8717a01d318729fa61a867",1,boleto,1,114.49
"95617572e4e39b8b9f5384d136111f93",1,credit_card,10,106.87
"24c087010167127767add9f02f8b2019",1,credit_card,1,87.05
"1f581d9e91f4d965a817a69d1bc25f74",1,credit_card,1,32.37
"4035b52134bcb1bdaf305b4671495372",1,credit_card,9,97.80
"18a346f32bfaf63cbc64aa283488d8d7",1,credit_card,2,106.50
c0d19224d6a56baf63302669fac4e73a,1,credit_card,2,288.13
"75d15ff9864a6a791fd0830a813aa491",1,credit_card,2,67.02
"9cdc72b55b79350079c72ed8a2e8ee17",1,credit_card,1,33.92
"2373680d3bd825670bee96c048b19731",1,credit_card,2,53.10
"604614c5012e0fbe1bc3f9b43aeca34f",1,boleto,1,43.00
d0fd9595949095f91592a79bd26a2126,1,boleto,1,68.13
edcc6b79e8394346ba3ba21b00b4055e,1,credit_card,3,162.63
b3b00591b761494d555f5112017ff443,1,credit_card,1,90.26
"4d2cd60ca011d5fb2da3bb0ca50c079e",1,credit_card,1,84.15
cc91c60e003377485d9ab615895c9052,1,boleto,1,116.23
e7933ced79cabb10566bfaecb47dd4e3,1,credit_card,4,49.09
"90cc566706d738d2c3c67cc806e0b4ff",1,boleto,1,230.85
"5caf5fb0686c880b74eb3b01aa82c50f",1,credit_card,1,85.35
d860d32de96314e1c520c1dee7bbbde7,1,credit_card,5,67.58
bb0523c46f053398dad1bd83fcc8ddf3,1,credit_card,3,67.59
e3e2ca5afeb7f8dc5e95b1633d8cd6b1,1,credit_card,1,110.70
"0e8f4c0385a96b68bd717e0e2ceb6898",1,credit_card,3,99.43
"38425bf79bd7ed5a28789e2f0ff5f2a4",1,boleto,1,97.10
b6b94b1cc59892d36b45ad8df8055206,1,credit_card,1,64.88
a0bd30e5d025046a3a4bc67e02ca6a3a,1,boleto,1,33.37
"37267e648017fb381fd8e43ac35fabb9",1,credit_card,4,243.95
"55cf955cfd4e236d76710709a400f845",1,credit_card,1,75.25
"07be9bc8241fb542df3e10f395d5b412",1,credit_card,2,966.48
"2a4408332d5a4d37e075056a8b46d59e",1,credit_card,8,203.14
d747496c33d09cf369d4f70aa9282b6a,1,credit_card,10,126.47
"59494ceaede0aabe7fddec5bba98d95f",1,credit_card,1,67.44
"88a7f34793df2b92c81d02a09cec8e89",1,boleto,1,130.23
"0008288aa423d2a3f00fcb17cd7d8719",1,boleto,1,126.54
a91791d0efd3f452b31466e06f150d95,1,credit_card,8,211.73
ec73215e59b4de680b8b0c12d593c863,1,credit_card,10,163.78
cb2932cadedc450a82a49823652f35f9,1,boleto,1,141.68
"52a36877de4e2af3ed6280b29d6e9ecb",1,credit_card,1,89.96
b1a5d5365d330d10485e0203d54ab9e8,1,credit_card,7,140.61
f1e4736be624a0dad3a1d2c67545518f,1,credit_card,2,118.96
"7d29f6f9adf5eff8091d18cc88e4ed21",1,credit_card,1,121.68
"3bc06a67986e230a7bf2f3f8cf2aaa2b",1,boleto,1,52.16
"7bac1076797839872168be8c0e2b0f88",2,voucher,1,69.94
"36beeab200d5cfc98103d1fe0b00669d",1,credit_card,1,39.25
"9359c34ac8577f6d2daf2eb67607843d",1,boleto,1,161.54
"20bb11438e00e6aeee1f68f34995c000",1,credit_card,1,73.44
d1571653dd436c147f6898e8cf2ea516,1,credit_card,1,33.75
"3c8aa4e17d7d0b7a6b3c5f8ea6d36038",1,credit_card,6,979.45
"75998f5e98ff4d9d5c1b8563d15bcecb",1,credit_card,5,51.14
cec27ecc8324e22e5721ce87471d4b31,1,boleto,1,42.06
"636fac4217a01ca1f468baf22a52e945",1,credit_card,1,62.12
"3af81bc8825a617ec4180b4f4a52e510",1,credit_card,1,80.51
"6d7a9c1028453b6ee47863e588d93afd",1,credit_card,8,316.75
cb4a79c1e6c9ae44302861e7602cc449,1,credit_card,1,66.02
bb1c550483af505863fb58b7f90e5861,1,credit_card,4,130.33
c785e1253807cd0f11b1377d44b440d8,1,credit_card,2,63.38
"689df1c76ade5917237f5de78be9bb3b",1,credit_card,1,79.07
ad63b1036f777673118b46ace8ac9a27,1,credit_card,2,443.86
"80b430d0029bb33110ac31d60e87e0b8",1,credit_card,1,154.73
"3692c711f70b60feeedb43ae77e87980",1,credit_card,6,805.95
"87cf2adfb8afa786cac2d49bab89d389",1,credit_card,1,87.55
d53d6bfa397ae6e5964b02131c1ea89d,1,credit_card,1,47.57
bbe32ce108f0fa16e209fbaee6005f2b,1,credit_card,1,156.99
"62f5759d5657059823d7a8a9e25c13e0",1,credit_card,10,475.97
f97a6e53615dfc1488e4bcf3dfe1cb2f,1,boleto,1,44.10
c5a8ec0541df6eec6a1b4c5ce463f56b,1,boleto,1,52.71
c0d11a106cbef6047ce147e9f8aac554,1,boleto,1,126.20
"457dbdc9e1ced1274472af8b6fd00be8",1,credit_card,4,40.59
a2f4de10fceff6c008efd19d2b99725f,1,credit_card,1,88.62
b504b1a3e9c083d7bf927d4b322922eb,1,credit_card,5,99.43
"2d6e7665b6e34b4c1531c9e06517b1f9",1,credit_card,3,217.29
"9327c73b786466a6815c3d5a7785bbe0",6,voucher,1,27.05
df0f3ed133d2ab8e8d0a5eaa55d13337,1,credit_card,1,217.00
d128b22307183122cf22cec2177afbfc,1,credit_card,1,42.68
"152f562c8516765cdd5f868c22f3c96a",1,credit_card,1,172.32
"698c0a83d7fbe733d10f2ca901f60117",1,credit_card,3,222.68
"360fd3c9f0384d65adb0cfd334fc152f",1,credit_card,1,58.22
"8fd68b02e8630a663b13e18acec60712",1,boleto,1,94.77
"92aac24381f1c7944500e5b66d70efa7",1,credit_card,2,65.71
"98464a5096e400810b94bb93f38924c9",1,debit_card,1,2404.72
"97eb382d696097115c838def753f676b",1,credit_card,1,28.17
"521b078e216e7456ac9a31737c4e77b2",1,boleto,1,29.00
a406f3654d0144e1d742f8e7d6b30060,1,boleto,1,78.42
"17c724b30cf8da2052338addfe28fefe",1,credit_card,4,196.12
"153a49ded28e0fe861f537fc2b881f93",1,credit_card,1,65.75
"49ca036c28f05c435aa83b00e220efd9",1,credit_card,3,174.11
"5427a9679337de4d57c9c59275f5336f",1,credit_card,2,51.69
aec0f45f4c980472a8293f2213d49a19,1,credit_card,1,37.58
"2ded5f79b289dfd258820d32253415c0",1,credit_card,1,36.22
"8ddb4b28bb9d86ac2bfcc17f93c1161e",1,credit_card,10,173.09
e2d027e2358cd57b0616adc9ced4c560,1,boleto,1,93.66
"8643fbd2f309c5530887b6e3cbee56fb",1,credit_card,8,167.92
"5fba11dd999d40df0cc6c2169f2babc2",1,credit_card,1,74.65
"527f95bc978265984802f8ef4ed9dd51",2,voucher,1,6.10
"9f0f2a19e1bd7373ab446e804e5c4d3e",1,credit_card,4,153.22
da4c436373694f136c48e1ead3632f06,1,credit_card,1,35.94
"89a4c233afc16481649ea535f2c9eeba",2,voucher,1,45.54
e9bc1fcc21b86cf4cb36691f99e96366,1,credit_card,2,31.42
a878ec01610f77e9f5ddd8bbc33b4468,1,credit_card,1,197.69
"5e4a2c2216db84074d84d5e2455aaefb",1,credit_card,1,106.74
f039d9e86fb732c181b3ab58957e9b70,1,credit_card,1,56.78
e204e879fca83906b12991cb4d455799,1,boleto,1,77.57
"5933483834803a0e8e9fcd26cdb3774d",1,credit_card,7,101.92
"0f7f49cb7403190016ad3ddf2f4adfce",1,boleto,1,75.06
"2310c19df1dd534203e1e41de8afc428",1,credit_card,4,217.06
"70238f8ef874a547e18e58572c2c9a72",1,credit_card,1,69.45
"5f7811f83d3d9d0aa1f4c9bcd1cc1a12",1,credit_card,5,155.07
"34adfe85692f724087a52976282ea92f",1,boleto,1,263.28
"509b62447c7e923930921811c30ac6a9",1,credit_card,3,73.66
f00cdb8585a46952303de92749d24590,1,boleto,1,56.41
e213ae13799e8736ebbc653d21a441e5,1,credit_card,1,61.01
"9e2430e1381d80fc3665bf37356d87a9",1,credit_card,2,199.49
"405894653b2f151f3eb662b80f9b8a92",1,boleto,1,102.00
"9b3430b6fdf31ecd9d2ddea5dd58aab4",1,credit_card,1,133.56
"2c08b1748cfbf8372658ca7f40ce82a7",1,debit_card,1,43.55
b9091887b2df90201bd6ba74c3187934,1,credit_card,10,106.69
d59990b8113b909332b7eb63d417c86a,1,credit_card,1,36.35
"09179a93a7f4f710051cefde1d2f7ceb",1,credit_card,4,213.83
"745101b25a8cf56c6a666486d68096c4",1,credit_card,2,58.28
"88768bc53525534c6a8016a7318be286",1,credit_card,3,99.26
f1c5c99f2f4d0beb275aea3a7bfa7583,1,credit_card,10,173.31
"4d808ed2901ed7dfebbb74bf1cbb74f6",1,credit_card,1,69.46
"35d67b8fff86c1b281f87c1d454fe49a",1,boleto,1,291.72
"47b4bf81340558dae3b914a280e01e9b",1,credit_card,5,52.85
"253fce0796924cfa83e730b7c7da4e66",1,credit_card,2,106.84
"1cb6cfd9e6306cfe607017391834999a",1,credit_card,2,208.70
b72f6afc986ced9a7b3ec827c073cb7f,1,credit_card,1,67.36
ac3b0c224349e4ca9a0b0f2e8fbc4c75,2,voucher,1,20.00
"73f9e828566dd0de47c067e6ec94c989",1,credit_card,6,64.86
"888c5dc2b24b36d92619a1dbee973da3",1,credit_card,2,158.45
dbbb8658d9a27d2be4cefb9a9a5d9e33,1,credit_card,1,46.00
f3c9119e4b962a560061917775f912af,1,credit_card,4,178.81
df047659f1d5de3eaf72b7d657450068,1,credit_card,2,116.94
"96e60a8b7fe4d9cd4f5ef7f3399a502b",1,credit_card,2,317.00
"75d035594c312309908a318d046d712d",1,credit_card,2,177.56
"08c7b46d1dfd29f3200c439119cfe4ac",1,credit_card,1,74.75
bc5f75667672b3ffd7dd4daea8c408ce,1,credit_card,4,203.78
"099c89b21c9d60fe648ec0bbd837bb3e",1,credit_card,1,106.85
e44411a5a41caaf23d52f1600d31d888,1,voucher,1,17.38
"78d197a2bfdde2a4c64cf3e58ab2b7a3",1,boleto,1,125.80
"49e720bd050835a646e0d5e8a89a42ea",1,credit_card,1,89.73
d9ef23ac673ab7d0f7795354d2328b77,1,credit_card,1,93.63
eafef0e6c44f121531569a69a318c3b3,1,credit_card,3,81.21
a18cb2293847a707b8ab9ccfa6445bbd,1,credit_card,5,54.42
bb903af0ad020f23de12114a1c74a2aa,1,credit_card,4,41.75
"4ff1875e3f8c120cfe6cef2ec1aca104",3,voucher,1,20.00
b1f9095a10dfd9fcf032d74f71348e44,1,boleto,1,28.13
f7e0ff5f2a61e39b3c4641f3957c1c8f,1,credit_card,2,64.77
a4ff93cafe11fd211ea627c3cd253480,1,credit_card,2,196.03
ee45dfe627ec3b1264901bd8b344389e,1,credit_card,2,52.04
cd3ad05bdb70488e29c3afb5641cc178,1,boleto,1,38.01
"0d7183df2ed05cf8f239c29d295b0d34",1,credit_card,5,280.68
efd6f5a2a8e6c4dbd20bf8ff100342e0,1,boleto,1,85.84
"0fa927b252421189a0e0d5725fb3832d",4,voucher,1,18.48
"95f9d289eb0d1034066dbe1638e696f7",1,credit_card,1,47.68
f632c00313bdbd50450cb21052cbe825,1,credit_card,1,130.38
c000c9de28e2436553f200d0faf8eb97,1,credit_card,7,125.53
"80c3106baaf516ab1dc5e9ee851c5d93",1,credit_card,1,315.57
dee6298ce7d1fb2645141ef9972157aa,1,credit_card,2,149.65
"1a21e73a0315ba67c5e45cbcd1abd95d",1,credit_card,5,521.37
"67884ec2877808808c25211dce58689b",1,credit_card,1,60.85
e897aea81bea04f49694c98f417b7a33,1,boleto,1,63.33
b27f1c7278213dfd73349efe9f917974,1,credit_card,2,65.79
af8f5e473ef8dd20e4357b3bddf1accd,1,credit_card,1,141.98
c8f2cb814f847fff855420ba64c42282,1,credit_card,2,28.88
"8c5c95d76d1bd802cde533288848d786",1,credit_card,7,71.04
c04bd0a98a1ddaf5a3899c6065bd8e9b,1,credit_card,3,58.46
"1c8b263f87762441df110e591a206a08",1,boleto,1,62.83
"2c7f73bf1d90525ec774ff8806274d55",1,credit_card,1,54.28
f80c6de211662d1b2d241380593ce1f4,1,credit_card,8,129.65
"02e0c2efb6d9bb2a95ca90b7e78bec1f",1,credit_card,8,263.90
b38b4d329d985b7931f83f8bec9056d2,1,credit_card,2,43.13
"156164b0c009c68c766b1ce1213cee18",1,credit_card,10,313.50
c0a15de26f8add28b3ebed18a13e6831,1,credit_card,2,57.87
"9c15c036c4f16b07067be66809ad0a9b",1,boleto,1,71.56
"8dea586c46b239e29ba83efef7e28ec2",1,credit_card,10,293.39
"8babefcbfff85cc907e0ec86e9f0ffd8",1,boleto,1,54.82
ca710aeaf469a14db2f46bf1bf7f5c54,1,boleto,1,623.10
"8a8485723ca5bd95fd69bab2f1057157",1,credit_card,1,109.30
"803f15601207b09e8cf7c80a4fdb1e30",1,credit_card,10,389.99
"3bdbd9f5f42278fb48aa879475fb33b4",1,boleto,1,176.20
a660bfa45084c51dc2873306f0c107fb,1,credit_card,1,48.18
b614e97e742badfa8faff319efd171eb,1,credit_card,2,62.01
bffcc9542fded0634d8f15fed3c24b86,1,credit_card,2,196.01
d5548ee8b123f1ede666cedd8c0049f2,1,credit_card,4,156.64
"04396584556ebf06343678f29cb10832",1,credit_card,4,107.78
d917b61df82dea35fe77a6dd3f6022e3,1,credit_card,3,157.30
"459966d40a5da1b469e57a0824ad08f2",1,boleto,1,50.24
b5bbf794f21db63d343d4e0ec7f9194a,1,debit_card,1,292.11
cf165c316414f3f5ef8fe2ef84a443c3,1,boleto,1,48.69
"30995c2450c43a071181b6f0c3602296",1,credit_card,7,74.17
f907037403c50e681d45e8e55ba27420,1,credit_card,2,78.69
"8c33d668c93faeb68c9fbf5fadd93e3a",1,credit_card,10,200.22
"13d936efcc1a197d00449039d86a442a",1,credit_card,3,33.13
"90352487a09548f7ab71f4b1cedcf818",1,boleto,1,87.97
"8118912182c883b35f48b81b7f65bbf1",1,boleto,1,163.89
"9124789e8acd7673ea0ce2bd9361a99e",1,credit_card,10,566.05
bec450cb94e08bd4de13c6b6927205e1,1,boleto,1,98.62
d7280c643438b6380bc7b6d9c28fb175,1,credit_card,1,94.99
de6ecf700b95b7b8f6d4dbea03fd56dc,1,credit_card,1,35.14
"3157a4052d9fe8c58017857eac745f0b",1,credit_card,10,116.36
"92988ce7c3efa5eb21e25836cca53191",1,boleto,1,45.09
c4421eb740558d775cda9f659561f4c0,1,credit_card,9,120.97
"3b7ddbdc4ef4c59cee4047a5fc2e49fe",1,credit_card,4,171.44
"6a19c9502bf44deb70d04ba20d586866",1,boleto,1,132.23
f098544578493ec57893c9030f6d0d45,1,credit_card,8,148.13
"28c35e27d64425be0368e275997f7779",1,credit_card,1,320.58
"89b77a270c5efd38d612633fc759b752",1,credit_card,4,168.30
ff14a3e36b78f407a4e8402572e4edfe,1,credit_card,6,419.84
b3b54427f53d13f6063ef7007bf7d371,1,boleto,1,62.65
c3641f55c10bcfacf7fa7b8f677e1d5c,1,credit_card,1,23.28
f1c60caa5875e546517b8564cd97cfee,1,credit_card,5,226.90
"13b1d703b453fd67b66850bd2846e13b",1,boleto,1,226.50
d192544ec2b865ca0055b5c559bca196,1,credit_card,1,281.20
"7d63f6eebe0dba6fbe9a8c9b5d11aa96",1,credit_card,2,172.84
de0d8b8e774b3211e7e001d3e5985470,1,credit_card,6,2828.42
"953ee7496af2a4597b4a05df5ab44c1c",1,credit_card,1,14.38
"8bd56cbba10cec53a49503a4377ce707",1,credit_card,1,23.33
"334c65aeb7365a6d5acee2e43ab3b2d2",1,credit_card,1,192.26
c301c2b97036e2e7ebfee92607c448db,1,boleto,1,27.65
"2745579b0446d51b9aa8263485dbeb1d",1,credit_card,1,7.78
"4e9b0a2da6a5959b8df944a25604792e",1,credit_card,2,198.96
ec864a967206dcb874a7db0ffa6fb17d,1,credit_card,1,73.76
"473028ba6e7cb38dbc82e11d85a3f743",1,credit_card,1,124.82
bcdbca456c84595f3dadfbef9eeeaf51,1,credit_card,1,50.95
"8a4902db3aa7fdf0a39bf75a14697e2d",1,credit_card,1,68.30
dd5831f3eb10afa80b5cea07ae84e87e,1,credit_card,1,32.39
d01105351950ac50f4969205d5d249f9,1,credit_card,2,85.46
"7da3005df84ce7059e9123070c62877e",1,credit_card,3,34.01
f524c90cfde704f5c89dbdff12ecffcc,1,boleto,1,42.09
deb8008c703b1193a5ee13bd3df5e9a6,1,credit_card,5,62.01
"979f8ea562e84d3ed962b250fc08976f",1,credit_card,2,61.80
"5ec2dfe53f24929b8d1f19d0f118b03b",1,credit_card,5,56.27
"9a8099a1462301749bd1e2a978b9a8af",1,credit_card,2,62.01
d71ce9a8dfdd7b011e375b0d3b172e6d,1,voucher,1,230.74
b67a30791edcafcda84679f2f08f70ff,1,credit_card,1,65.31
"44e4c5a939b122bbe9e4688a50e44167",1,credit_card,8,236.36
eea030f97651f49c9f16e5c34475dcab,1,boleto,1,37.61
"84398110dbaecfbc9ef3dc592c6b189b",1,credit_card,1,58.62
"39435f1a1f3cde43181d5a14975147b7",1,credit_card,5,54.84
f033a26ffcfd028f925b880c5ba6779c,1,boleto,1,45.09
"60c5d3b8318f48d8a751a2d510c5a88c",1,credit_card,6,110.67
"2629c961d080657de062559a9187b49b",1,credit_card,6,285.54
"5712a9cedf6170bd8cb13ef4090cd1e4",2,voucher,1,29.66
b434987762763bf0d2d94d288374e90d,1,credit_card,4,315.40
"99121a6a19faf88462f8fe83aeecb844",1,credit_card,4,116.45
"132f60de8345d1939567ee2c11a6d476",1,credit_card,1,90.88
a238c4b12e353d643594bb92d9385e1a,1,boleto,1,113.69
"2eeb0fca026f13a4065dc4d23542095d",1,credit_card,1,37.46
"7aa1e182024c0f58b54dfc730b58780e",1,credit_card,4,116.45
"58274272cfde0e71c0ee61eaee5a60e1",1,credit_card,3,133.14
"295223d3665d750dffdd3da21dee2d15",1,credit_card,5,106.28
"989b7ba45085e6ea528e597dafb40f99",1,boleto,1,1350.50
"3de337ef9b7afb31444752b9b6383b1f",1,debit_card,1,99.90
"9a6a7ea0e1523950885c7b716b1766cc",1,credit_card,2,81.55
"78892544c5d65b81d65bad8703c93de0",1,boleto,1,87.22
e957dd85ec954750362d63f541339f4c,1,credit_card,1,45.23
"6699d7eb202a80ad0dd024134fe5ed60",1,credit_card,1,36.69
"810d240376bb779d47af63e9b781f4f4",1,credit_card,3,114.33
a2c7b8f8a4fe1bc4a8f4e30a5311861d,1,boleto,1,74.49
c339883c001902289c0283631cfa22f2,1,credit_card,8,175.77
fd3691fc541bcd1d4348033c3cda810e,1,boleto,1,60.22
"320fd6cfc4bead8197eca162b2f705ef",1,credit_card,2,171.08
"94fd9673a19164ebf42ba85826aff8b4",1,credit_card,2,26.39
"3fc2e32bfc88b2bf0e9d7437503d82dd",1,credit_card,1,117.58
b0f4af5c1b06e24fef510703bfe9f0a6,1,credit_card,3,164.30
"7f36414d61095a13bb7965c9dcebef06",1,credit_card,1,264.09
"507f674d79323515c23139e1b0efdb4a",1,boleto,1,59.80
df88b0cc3e7f259f624f37b5a9c8eae9,1,credit_card,3,71.82
ee343d7247239b219a20b4cb63cee65d,1,credit_card,1,55.26
db487d71157d986ff993d6afc5de6ea5,1,credit_card,3,589.00
"48d91da7c9395c02b5d9e02dd9b8c278",1,boleto,1,51.12
"069370014d6465fb28770cd9449402c5",1,credit_card,4,41.38
"205d7052a6505124d200f6fea6b423bc",1,boleto,1,18.62
cd8922055a46d1a0f9e987d3a8702178,1,credit_card,4,118.79
e37ef4ac61b5803ac29b4056c8495108,1,credit_card,2,55.69
"7da444f9eb27358bfecfff2aa071e457",1,credit_card,6,335.47
bfa10a79da20194eb33afb833020e3eb,1,credit_card,18,335.89
"7736401fe4311425d521c73b6d20cdf2",1,credit_card,4,55.24
"4ed3b57567c08a15c71665d759230b6f",1,credit_card,3,73.15
ddd825e286b58aca3f41de496744dc1e,1,credit_card,6,101.13
db8bf3de5a5697bde575853b0e9d7fec,1,boleto,1,123.18
"7b048e5d7912932ce90120efc3f332ac",1,credit_card,3,169.30
"70e218295bdf5efe77ddb143b1b3c0b4",1,credit_card,2,135.56
"0655bb542cf38197d920ac1c5c89ae9c",1,credit_card,10,101.67
"51be07c62b185afd2755c54ca70e2b9d",1,credit_card,4,373.50
"7c6ef86a00d5dfab4011f84a8ac789b8",1,credit_card,3,112.46
fad1f2027ab155751ea0746b70f81921,1,credit_card,3,70.97
"38187389c2f33340aa62db07a30a5c89",1,credit_card,10,262.07
d871c26f47ac69e5afda955147ed598f,1,boleto,1,125.61
d1e15a79329ed78d7982521b3b3b2a8f,1,credit_card,10,214.03
cbb4b95668ae591cf274d3370d94bec7,1,credit_card,2,81.00
a1910c13f7264ec8e1b32221debcee26,1,debit_card,1,29.51
d93ef0caa7a160caec60b4d6833415a6,1,credit_card,1,136.62
c2dd9179058f80c2932abec56feb7b7e,1,credit_card,6,87.73
"5fe18112061d552a439bf8a33e638468",1,credit_card,1,70.03
ad1ffca90f5325d0f320f2b0f54eb114,1,credit_card,4,48.69
bed92d04d48ce1e3411d7db5c984d57f,1,credit_card,6,186.10
"3a8fee68ab3d1942113e41f8f3396fed",1,boleto,1,91.16
"2e9a02fad8f4629cc049053cca7a9a1c",1,boleto,1,133.18
"9889e26ac5a56d800689699664af0f82",1,boleto,1,127.50
"205e16be0c19461ce25d719fa25b5331",1,boleto,1,57.72
"92af4923fa117b98bd7f151cead10c13",1,credit_card,6,68.30
"08c6860a0281fefc591da60249d5fa76",1,credit_card,2,147.65
"4fe6cee06467399353cf7a3068d59064",1,debit_card,1,154.06
"119f5a78ea23b1b012dfe576225b5d10",1,credit_card,1,38.41
cc82b75db7d018c137b470d668b91996,1,credit_card,1,88.39
"64cb5db87de3dcce6f274e1e690c32ab",1,credit_card,1,229.98
dad4cbac8f3bc660ef43f4b4d75260c8,1,credit_card,3,103.11
ba8d9391d92251ce54160a4480e95236,1,credit_card,1,45.14
"0743b54da8ffd8f7f9fe79fcaf006000",1,boleto,1,130.56
"05e6d57ea1f64b4e9a0b37c669515cfc",1,credit_card,1,3.84
"236636425340d1fcd5ba19f6b9a38319",1,credit_card,1,316.58
"6a7a2caec1c515a203d22bfdd390da63",1,credit_card,1,92.89
e6d3b5b66f40a99ac01da49f4c543e36,1,credit_card,1,95.43
"72a96400285f2bd8dd6d47e55e203b92",1,credit_card,5,105.15
"41c630ee48ab0c4b79ef8f74daabfb5d",1,credit_card,2,202.55
"29c82ccd5237fc5a875f59fd3c6c1c0d",1,credit_card,3,69.72
f63eb30401fd1e31349956455a06bdde,1,boleto,1,95.22
b336214a092c49699b59cfefc4b19ff1,1,credit_card,1,55.36
"86ed94eb351cf5bd2ec4389a2ca92680",1,credit_card,1,29.78
a671fda2c37400a1c328ff9c7c492fe2,1,credit_card,1,76.18
"9761d4d539165b2fedae19fe7d0f8cc8",1,credit_card,10,271.54
aca6f9ca2dac5791ddb1f8d760ec394b,1,credit_card,1,140.30
"12cac2e81071090f280a21a9e267ec86",1,boleto,1,208.00
"2e5a718ad46c5b831c15ef289d4dbfcb",1,credit_card,1,33.84
"2975b6c860dbfdf97400ce6e3f2f17fa",1,credit_card,4,94.61
"56ec7cbe6d41f3fdbbe68de8142b3123",1,boleto,1,117.42
ca13b8157cd272736639fa91c4d9eee0,1,credit_card,2,64.05
c6051ea41588b7a6ae49a458fcba5ac9,1,boleto,1,138.39
"6b353bba58520d286313c6f64cc078ff",1,credit_card,1,538.84
"36e93f41a4f115938915bf5add9a68a7",1,credit_card,1,59.85
"1797ee9d6bb9bd0edfc40d6dc7320c8e",1,voucher,1,50.36
fc34e19a094e163bae6bb03c793150bf,1,credit_card,1,61.28
"0cb3c0cb279f04b99a10ac141fa8586f",1,credit_card,8,245.27
"41f1c1e22e7befb68bd39a783477ffb2",2,voucher,1,50.00
"7a48707977aa3d886e8410784c5e5cb2",1,boleto,1,86.06
"8d44f932616a400f89f21d5449de1daf",1,credit_card,10,159.39
"6bdcc275fba0fb4ece1d33e9d7126f6a",1,credit_card,10,300.87
"1daaf8be4f0713e6fd0b12a974e29110",1,credit_card,2,81.24
"3e677665a6566b610e6f1344ade7b146",1,credit_card,3,134.45
e5e60230ff5dc8932810d73a4ef6417e,1,credit_card,5,51.84
efd9ab80b2abae957f5b9b34328ea36c,1,credit_card,5,57.69
"83f4ef880ab532703def37dd9c0e7348",1,boleto,1,72.14
"6189844031702fdf168d8194d504bc0b",1,credit_card,3,38.22
"895ab968e7bb0d5659d16cd74cd1650c",14,voucher,1,16.70
"7b881c16b6ad7bd81eff459120afd91e",1,credit_card,1,34.00
"94a43ed5c781bb63544ad57fd300064b",1,credit_card,1,47.41
"4d2c3fb1909604d5f9474e4675971ef2",1,credit_card,2,117.96
"841d2f58ddbae5e6d1230dbbbae2c0aa",1,credit_card,3,145.99
ece9ae0d97a26c6978c0691dc190ff1d,1,credit_card,8,283.61
"43f0c422cadc9474b673766a3f63df22",1,credit_card,1,54.42
"156824260a71270937eda941cd291a58",1,credit_card,3,324.60
c8e2fc076c63bc36ce75c94acd6b4aea,1,credit_card,3,171.53
f2a981144e3633e7a6283e0dc92e62a7,1,credit_card,1,77.57
"1ae35fdd1e36d167c790179f16cad2e0",1,credit_card,1,73.32
"53db88291e76734a879285c628cf2ce1",1,credit_card,4,133.96
"0758eac62489b47a99c64b7d67c5ff18",1,credit_card,1,8.49
ef499cbb85da7d399c43fe2eac17d076,1,credit_card,3,30.00
f9d9fcf57feb770b0ea568f6a92bb2f2,1,credit_card,1,82.50
a558df35f2582dce7a0a683f618ea859,1,credit_card,6,100.95
"366446679f4ddbffb2d8934f1abef1f8",1,credit_card,1,267.38
"330e3148093b448657312bcab034f769",1,credit_card,1,68.43
"29664dfe32fa36fe220eb8ba86d93445",1,boleto,1,27.64
a2d07ac7e227a1d032218e0144893375,1,credit_card,8,574.51
f20750eceab3ceac5ce19312fd1a12e7,1,credit_card,4,285.26
ca88a60b7e43b5f33ce8ec9fdf8d217b,1,credit_card,2,208.40
"4729a8ef5b11ed2d8dc77d48deeeee04",1,credit_card,10,230.52
"5658cfc0ef9916f519d7619207a08379",1,boleto,1,82.79
"645f607d5609144dd5eb78fe1c5a22d4",1,boleto,1,90.89
"62eb11cfc9c20c567f4581e0e66725c1",1,boleto,1,57.39
"2a3e60ce1465b6fd5a3702e28871fd70",1,boleto,1,161.46
"1580e54bbbd269a8188302f3179c0dc7",1,boleto,1,270.98
"44aa65e291ac11fe59f9f4b622c408c8",1,boleto,1,40.86
de63e691acb3231890dcb063f627657b,1,boleto,1,117.94
e7854a5534bfca3560750cc39a728042,1,credit_card,2,183.53
"498461a2f4ef628aa153ee9d3c57eab2",1,boleto,1,182.60
fd01599ab4ac4b1c1f5a5d16a7871d72,1,boleto,1,56.01
"67c41f8c7f43495ef9156232d80a9e0b",1,credit_card,4,106.02
"6e941cee87f8cc0796ccab300f9afc90",1,boleto,1,112.71
"5cfb7b2cbf52f4ff3ec4b58f69b02351",1,boleto,1,200.44
b574a73b303733045a8adad4c30d7add,1,credit_card,1,31.60
"7897a7a7d23ab1fcc1811fdc75abcb47",1,credit_card,8,132.24
c6d756e17863979439aee2e5e7a74ed6,1,credit_card,3,37.41
"80fa872d47da85872411a201a1a89dbd",1,credit_card,3,286.78
"77b27c29ab339345ecc7678db3e23049",1,credit_card,3,100.21
ee990334acb0ff9333b01afa465f3006,1,boleto,1,445.32
e28fb6cbf050a8cde2b9af4ae94f3241,1,credit_card,6,799.23
c689c936050f0c8fa39e46f97d99a633,1,credit_card,1,105.86
"08b090ef007b191a5f9c454f1068be24",1,credit_card,7,169.87
"811ecf2dd75f2d765763c2c20c539cdf",1,credit_card,1,213.56
"9187356c51bedafdfeb1226b29fd676c",1,credit_card,1,76.57
d66a9e689fb184277bdd64317e765729,1,credit_card,1,38.29
"9089ae7edd24a60e79f8bd277e3c654d",1,credit_card,1,36.01
fc7e0e70546cba116020b8c07f87da04,1,boleto,1,47.77
"4fb3509d3efabb076843cd252a3e5562",1,credit_card,5,134.18
"75d87a7050b2959f4d5c51a28525e2d7",1,credit_card,1,115.05
e4e28f77bd50442ca9e5d0b0fd55c7bc,1,credit_card,6,125.77
c773cc960c0785e8154541eac3091b29,1,credit_card,3,159.31
f11d42e75fda2da775eb7a258bc5c635,1,credit_card,8,276.68
"56164bd72d001922782e91e3d76813ba",1,boleto,1,64.28
d34609f0a5940b1e6055d239899b8932,1,credit_card,6,67.49
ec63c198f700051fb0a74c40a757af0e,1,credit_card,1,33.52
d7a02af9805cff844c09f3fcf61a73b2,1,credit_card,1,104.56
"768fa69faa8e49e877dd1612013472f6",1,boleto,1,262.84
e880a2a0f19dcb0f2ef51fed71ef34c9,1,credit_card,7,74.62
ac497fa7b396844289feb8bf6c8ac608,1,credit_card,1,98.84
"131ca8643d9f990f2ab26e3a33ec7950",1,credit_card,4,214.16
ddbb7810ee091e41be585fc08828020f,1,credit_card,5,183.63
"8d6a24500da2c0b69d6e7fa5c28e9c09",1,credit_card,1,175.86
f29b9aad274db0c763f241cfe781466f,1,credit_card,1,60.10
ce32ad6f5dd0a93b62069747ee97d2f3,1,boleto,1,35.00
"920fed12ecbdfcba83b9a931f65b7f51",1,credit_card,1,146.96
"4314a231faafb2397df995a2fe22618f",1,boleto,1,56.22
"42d3e75e0854c6fb73d399d877d76395",1,credit_card,8,403.81
"20a8a330c884b1e98b50397b518efc35",1,credit_card,1,34.65
"0e7e973a8d82ae12e070d767abed8960",1,credit_card,2,20.29
"099d62f80912acec8ebfabeed29585cf",1,credit_card,1,54.34
"4b3b5a1764a6d2a253ea4f815e3a1521",1,credit_card,2,85.14
"913bdd24d2b82e7c7448df845b0cc62d",1,credit_card,3,67.50
"437da4479f6a9e80c0f69e98a85f48a0",1,credit_card,3,157.20
"2d5fe300d9ae2c54ed035449aac94391",1,credit_card,3,175.27
cc129041e3294026c267be4f2d551fff,1,debit_card,1,72.05
"0a0185b8b72cbf2290c3e4218300a61c",2,voucher,1,25.00
"68986e4324f6a21481df4e6e89abcf01",10,voucher,1,21.11
"9d1f7d7ab032ff42d6c6b9491e83c18c",1,boleto,1,26.60
"80234ed83f65ba58f3424c43b86f8bd3",1,boleto,1,35.35
"07159640598ab46b708279254ec3be0f",1,credit_card,1,31.33
"3660e114692157e805cdd9f04e83d9e9",1,credit_card,3,97.44
"88394805fca0013406ebfb512aaa28c3",1,credit_card,4,73.34
"1413b3c018371e723a864ecc6c2d51b1",1,credit_card,3,122.80
"0ec61157a488963fe217233f74c52760",1,credit_card,1,45.01
"9105a0f2573fc723a25f05db30a3117a",1,credit_card,5,106.08
"738958f1bd5348249ab7a14f6a9959e3",1,boleto,1,60.00
"5239a1d5badf5276845d8c71dbeb8fc9",1,boleto,1,53.42
"68d6a88ad21deaa5a9e4ae18d4099432",1,credit_card,4,308.60
"62246c16a32a0866943f17d7b42db940",1,credit_card,6,69.35
"349982921dd24028676e068b97e126c8",1,credit_card,2,124.34
"03054d8a8eefc2981cfad06f58e27979",1,credit_card,7,74.06
"8b811ce1136aa62076a39e8b8957dcd5",1,boleto,1,205.92
"5b7c23b7f4d719e14149384a48264dc5",1,credit_card,1,144.49
"52064702688c67baa4242897e9136b5a",1,credit_card,10,166.55
"7de82f23620bd64b59c175c554191182",1,credit_card,2,61.01
"604e352bcd3bb9d8932aebf18bc2891d",1,credit_card,7,72.75
"591083bc42b589c7052118aa83118e76",4,voucher,1,20.00
"340e1daf0ffd056453544ca71b501098",1,credit_card,2,193.40
"143f8e1be12f4d99301cec6f0d7a3834",1,credit_card,1,70.93
"2ea2d6cf4749783ad428586c538b4580",1,credit_card,5,106.73
"3584549de22afd14085bbe571f04b456",1,credit_card,5,105.48
a68f7b681559723c84a5a758d62be473,1,credit_card,3,39.54
"2ca73e2ff9e3a186ad1e1ffb9b1d9c10",1,credit_card,1,179.87
"9a7f882c95ae7d422db8ab15e1ee0a87",1,credit_card,3,65.11
"6ea9f2cd206705f2638e4d3db4698031",1,credit_card,6,133.68
"88d482d263a239a1fa53ec9975895f8c",1,credit_card,1,53.01
"8d9341adb50a81fee7dd3480e9f34c2a",1,credit_card,5,112.01
"9fec37a0086c6f77f95b2ac00f27771e",1,credit_card,4,207.49
d955112528af770639e476af3ad63f45,1,credit_card,2,126.00
"22557cb9c7229669e351a8460240119b",1,credit_card,3,77.68
c7542fde3bde68f0e33ef8e8674a86f4,1,credit_card,3,35.65
c22e53cbe67ea326ea31cdeee2be8943,1,credit_card,4,305.63
e2ee2dc610b2fdbed7d47963883bf17e,1,credit_card,4,177.60
"3dcab1487bcd1dbcc6c968fdfe0511fb",1,credit_card,1,65.74
"8ad883016b6266c5cbbface4f5e4ecab",1,credit_card,8,102.00
"3329f64391fb9614f91aaa7be306c8bb",1,credit_card,1,47.38
e0172fe93d1e49afb84d1b9041640b18,1,boleto,1,27.11
"765b10ebb1cdb429cfc37f7875568b8e",1,credit_card,6,106.37
"659c573bcaa6bdd994c304a2de2b621c",1,boleto,1,849.03
"4a7e501d52646aa17370e1fab300be67",1,credit_card,4,117.16
b08e6e87102def921faf1a611d09031e,1,credit_card,4,828.04
"15764eae87fb040c4ce2bf75f6670a77",2,voucher,1,15.69
"0b4e790fdbd7616b010599cc3e5f873f",1,credit_card,2,143.83
c6f76eab23a24f9d7c56f217debbdb65,1,credit_card,2,77.57
"1ddf18d3e2bd8005383de4ce76165fd4",1,credit_card,1,86.71
d21d7411b251f35ead1b210dc946ca70,1,voucher,1,9.67
b55967b6cc26b76eeee38f4542e43b47,1,credit_card,7,382.25
"1c3ad9cd29b642c9eca00186785aa309",1,credit_card,1,34.51
ac246acde7cb6dd640863d0c428900de,1,boleto,1,99.95
"94f8ab9447f8eb39ed2c902712caf1bb",1,credit_card,8,228.62
"499689fc885e9c2bb31f4a13fc67f499",3,voucher,1,0.54
"7033745709b7cf1bac7d2533663592de",1,credit_card,4,111.51
eeb03968029d1c0e6a8640ee88fb8912,1,boleto,1,92.50
"2180fdde58f11e59974590731572691c",1,credit_card,8,184.07
"1733916305727c04da99e1ceab781c93",1,credit_card,2,39.34
dcb427289523bbf543fd8ef88433dd19,1,boleto,1,61.85
"3340fd16bb81e26a23a17a1b9da63186",1,credit_card,3,175.20
cd7872c2e8a4aedd31e308e5005b220d,1,credit_card,2,127.22
"5414dcf22671804826c78b8b9a09f52b",1,boleto,1,132.05
"9c47dc2d2e34ad6997e0a361c21ee9f9",1,boleto,1,60.10
e6dadbb941fc1ddd84fc8d2ef19b71c1,1,credit_card,1,35.00
c82c811a142105c1a90a09d4fb30da62,1,credit_card,1,136.02
"3351bf124a5c98aeee6b64f3ba214459",1,credit_card,4,100.23
"038721fd1802532dae558bac820968d4",1,credit_card,2,241.00
de1a445fab3d857cdee059116823e175,1,credit_card,2,105.63
"02e8498a91ec0e72dfaff47b27c805a3",1,boleto,1,102.74
"94e97965ecfd64dee3b0484fb3fc76d7",1,credit_card,8,334.59
bd726a1bcd046edd7019cee8a66245f7,1,boleto,1,449.65
"0b3b6b78bd15a0e28176f25fab4eb472",1,credit_card,1,89.77
"1ae76304686bb902dc30d60e5dbf9237",1,credit_card,3,232.09
"7bc9425754bf6e2275442bcde2337180",1,credit_card,1,175.79
"2c19f031e843a243a60bdff55edc668e",1,credit_card,4,378.06
"9320dfc3fd49dc6e3fb9f688c8ea6c37",1,credit_card,10,218.66
cd30b79021e46fbfccaacd57ffbaca5b,1,credit_card,3,241.19
ec5a2741ddf2c8ff2c0b076c8743dd19,1,credit_card,3,106.90
e389f1491d9b728672f73f3d7be14533,1,credit_card,1,67.41
"45ea696753b4d93fb0cffe87c816a064",1,credit_card,3,159.95
"2b80bbe860a78a5c399ce50fd730c376",1,credit_card,1,70.63
e7666167df3a8011289e3980afcacf13,1,credit_card,4,164.80
f6810461afa54491e406413c2328e6b5,1,boleto,1,101.61
"728aef02244c36e1fc4ccfa9c0399c7c",1,boleto,1,264.31
b40a02b5c20286506b2fecd71ace2f5a,1,credit_card,1,93.48
"53b48de8c162b1a00ace27c3c0a9b148",1,credit_card,1,40.17
e35fda43bb9963155d19ccc348e92845,1,credit_card,3,194.24
"0baf99fae5355ac5c8b31a2d33fd830b",1,credit_card,3,35.09
"2b7348f9efa4c873465d66aba3fa20a0",1,credit_card,4,122.75
"9a2e51589ecc5ce80f0403a55a8f789c",1,voucher,1,10.77
"0a492dfba0efff86d173382ee6c65a1a",1,boleto,1,90.88
ae4d24eaeb2f2184852be775af5cf9ca,1,boleto,1,71.71
dea87e82c0c86203867522c013b7743b,1,credit_card,8,137.99
"6d93a5151f8327f068c536d29513d94f",1,boleto,1,28.62
"6278b210eed972794a1824a444ed2efe",1,boleto,1,197.39
"0b5bc52b360d662aac171cf7ae46f187",1,boleto,1,82.79
"0dec53222040e240898573d258dbc4b5",1,credit_card,2,66.69
a6017d04cfa5f1b3bda082a341338f98,1,credit_card,10,256.92
"3a55ac3af25e4b295c861a2382e0afcf",1,credit_card,1,66.67
"1e6f350c900ca357945126e20117d293",10,voucher,1,17.59
"87789201372bea41809c2f0d455ab122",1,boleto,1,558.62
afc0f1669d9ecf0661e3f32efbd2aa5e,1,boleto,1,1284.25
"456ed1919e7baeb18f95d9c1ab8d2cca",1,boleto,1,67.95
cfead345fd39589372b7ac0c255c0712,1,credit_card,1,18.99
"368b20312c68710e9d75cbb5cef5c469",5,voucher,1,47.75
ee8efb0001f769a88ab6001e17de9e59,1,boleto,1,47.43
bfda845524638cc2eb3e891b4f2ff603,1,credit_card,3,545.90
a61dfe4c73cb6f1fa1280f905a13e26b,1,credit_card,2,25.78
c5b8cd8bc7a66f7e451018f7eb332b76,1,credit_card,3,75.01
"9719424249e7b0776d415cf169792da7",1,credit_card,3,32.72
f29044e048ba222cad4d3d69dc591186,1,boleto,1,946.84
"50cc103bda59bd29c59f33e00e19b4e7",1,credit_card,3,270.90
f00c74caaa25430b1fa361c158e8996a,1,credit_card,3,162.29
f7fad682a022f51cd2cd7355ae941ba4,3,voucher,1,20.00
"838539a55877b06f3f297a3a0b7f46ca",1,credit_card,1,143.69
"48f748418f436ecce9310b169835b995",1,credit_card,4,203.34
c5db390bf36fe80e070c684c92f7b44a,1,credit_card,4,202.12
"20834ef6941f038baa2ad303dc1db413",1,credit_card,10,236.32
b4351b639f2b08615cf0af316b7fd590,1,boleto,1,65.01
c6404ad1d7ca9a20609c6a3179e06293,1,credit_card,4,67.83
f69cf3b291cebc67406533d345c21e01,1,boleto,1,88.29
bdb2a4829fa0c44316c6355477f69c3c,1,boleto,1,63.55
"1cde3e6f1e678c39b9cf5175b45b6f1a",1,credit_card,1,25.75
"9461cf76c19c4a544a3e384ba1e4fef4",1,credit_card,1,88.92
d3f44296d90a42d3ec4b52b18654e87a,3,voucher,1,3.74
b76fc14b6f5d449d3abad25a2f13cc2d,1,credit_card,1,75.58
f33c74a1f0e8455e000cb264ce877e84,1,boleto,1,26.77
add0a7ea74e3048026fb192afae91c61,1,credit_card,1,51.33
bbd5320df89920817b0cc073770a9c8f,1,credit_card,8,195.28
"266f8c8ad2326ea2f2272adcb43b7ed9",1,credit_card,6,62.01
"88533cdc749b41efefe8dac52721572a",1,boleto,1,78.25
"39e9c38b504f39d0e4ee71af8823bc45",1,credit_card,1,52.68
"79b283376b6379e1ade8a3f3d127be4b",1,credit_card,2,127.91
"06bd462509d378184b5aedc7d5ab4a18",1,credit_card,7,153.20
a159152939238cbdb3eff9fa516a4b51,1,voucher,1,32.09
be787f15d899c8ef7a1708f7395b3435,1,credit_card,1,72.43
"03fa3f4dec4b3647d00532079f723fec",1,credit_card,3,161.86
"11d91b6084c2ad87ceb2d91af4483714",1,credit_card,1,35.00
"7dfd2a57927c21f5768da795fa18b460",1,boleto,1,98.82
fcab9e8b311ef84e1dce97a58af5b7c5,2,voucher,1,25.27
c14d2e12b876b00738f6c4ae6329e1dc,1,credit_card,1,20.27
ee9ca989fc93ba09a6eddc250ce01742,10,voucher,1,2.45
b5695e31c82f1d474be0cdb54d0c3728,1,credit_card,2,268.79
a1f33ae024b8d5f324680039c8c26aca,1,boleto,1,183.18
fec086a14f64723dead262e2bfba3284,2,voucher,1,100.00
bda48a4ac6c3da5a90069adfc818311a,2,voucher,1,50.00
"001e7cf2ad6bef3ade12ebc56ceaf0f3",1,credit_card,2,51.10
"441596a9fde121f33c360d9c9ecae437",1,credit_card,2,91.72
"2ab7caa24a5d02dee343802f4031a20a",1,credit_card,1,47.60
"41edd30acb1a7bf7b3ba3efe83da6ce3",1,credit_card,3,75.08
b29c6fe4cbadff8b38f96806127dfc53,1,credit_card,6,124.76
"2b68bb35779189904b0cd730eaba3d1d",1,credit_card,4,207.24
"6440501490dabcc13bc292e417ca410c",1,boleto,1,550.83
"6739ec850ef337d6dd99504b01b4574b",1,boleto,1,116.94
"5c76bd3547c43e1796cc38f9906197d8",1,credit_card,1,57.73
"311a55e7e3386e44b73ace3d2fa51d6c",1,credit_card,1,94.14
"4941da6e1a4eef723674c7148152c4f6",1,boleto,1,228.49
d07177bc097beb1a6d82f01bdc6d6eec,1,credit_card,2,172.16
"1cf0fc2c07de89a211f8dcf9ff5af15b",1,credit_card,3,415.94
"557e4ef52fd0e240cbb18bcee0cbaddd",1,boleto,1,64.53
bd097c660191e391174ac6ebe4328a4a,1,credit_card,2,123.82
f6f7f2a89961cefa9f6db1e99fd61e59,1,boleto,1,23.78
"79c6130ca63ec6a1dfbf2b33fa9a87c6",1,credit_card,2,65.09
"42e0ff710ef5d9ead0c1fee8ac7d3ed8",1,credit_card,2,138.07
"4c8f8e639b2672c7d77385d68238a1a3",1,credit_card,1,38.72
"69765e1430e055dd83b07cab8f4afe03",1,credit_card,6,129.32
b8e3ff54d639c2f49ecf02fd959dea2c,1,credit_card,3,165.11
b2463b22b6b50ca3444ffce1d8ea1754,1,boleto,1,153.31
"15ade2c7daaa01c998220a2035dd43dd",1,credit_card,1,150.37
e2862f848920abc6614808a5f4b9e963,1,credit_card,4,95.31
f94a0462cf50552772e515493550bc4e,1,credit_card,1,53.70
cc2ffb3f5021c120c807461757f214fd,1,credit_card,6,476.66
"8e6e7d37d25c7e66e66f8be5a34da04d",1,credit_card,2,171.77
"7b9f5e24a87d548effb470329e3705ea",1,boleto,1,87.71
"775322bb613293efa55001022c537e35",1,credit_card,3,228.32
ef9a0c980b0d1cee2cb97b8ffe3fa64a,1,credit_card,1,48.75
"3791546188451960cd4606d482b3658e",1,credit_card,1,40.22
fd1b1552b93d46b554afde387322f286,1,credit_card,2,77.43
cb29497c3782a76b57327c055d58b0e0,1,credit_card,5,163.20
"02d2fbf1c9a20d04ceab86eb736fa22e",1,credit_card,3,62.00
"0c16f8307002e4ec5c616b4824fef268",1,credit_card,6,69.31
e009b6b041176283c1422066465c9080,1,credit_card,2,117.73
"99e1d586758dee362e01030739d3d87a",1,credit_card,4,64.11
"78ce53a063eb2907f9727aac2c678339",1,credit_card,8,2606.01
"08fa8b49ff198d1332df4668087150ed",3,voucher,1,10.57
"949685852c781dc1ceefe5810f2fbc27",1,boleto,1,128.78
"2dde78819e886082885ebfd1c71d9c5a",1,credit_card,1,29.35
ad1e6579c0a8fffc5d8fe3f60fec72f5,1,credit_card,4,177.41
"0e41154364b2f30bb4b7a09519978b55",1,credit_card,4,49.29
"955d7160d2201985628b6061d29c3825",1,boleto,1,165.80
e8b190298e9df363a6c2f7509dd413fb,1,boleto,1,164.94
"7c9be012c84c629a1f6f9e7ad6cdb81b",1,credit_card,3,143.99
"84869ba3df14629b57ca40c491a842e6",1,credit_card,10,113.77
"41223ff2c9f99053ad5379603589764b",1,credit_card,2,156.61
"6646c2a367068f9fc14a1346daec5db5",1,boleto,1,27.38
"0e58e440db9719a92aae3d8ce4201168",1,boleto,1,42.32
"6f7ba3220bb8de6edb65083fa352ebae",1,credit_card,2,128.31
"3304f260a9b2d280ac64521d3e911dec",1,debit_card,1,141.62
"4ea8cf27d2783396b72f4f5f7b07250e",1,credit_card,3,174.36
"6d928ae5792f61a71bb3e3e528bf4a28",1,credit_card,4,510.99
"5cee1e12f1ce78f2ded0e50055aaf638",1,credit_card,3,155.94
a07137b5e914d5a3b1270f7e3687e4da,1,credit_card,1,60.05
"1e5063a13feccd482c1d71d5148a8a8d",1,credit_card,1,119.50
"128e2bcc764e1cf5e4952af2267acef2",1,boleto,1,86.54
"07c7fa36b89dfaf7267abe05818b2322",1,boleto,1,111.28
"5505392067e8b24913b7142f3c6489e7",1,credit_card,2,69.73
f76e427ba2c3d8fe380eb87339750bb8,1,debit_card,1,196.92
"1cd6dbd1ca9fa0233fdae069c422f48f",1,credit_card,2,191.33
"4abc892aa491e88ee079c2fa46cfd508",1,credit_card,1,31.51
f4cff4fb06f75d3b4ecebbc7e42fbdcb,1,credit_card,5,118.41
c12a024134a5c992b724942a160a99c6,1,boleto,1,125.69
a2c1acb8393064a046b84cddca029edb,1,credit_card,2,39.09
bfd2ea548fb820f759a902c9b04415e3,1,credit_card,7,163.30
"1fbf5baa345604aa56a1e8a510eafd49",1,credit_card,2,50.10
a64f4e02e9b09024e0d90529473a8748,1,credit_card,6,198.12
"8b5512b2679b86761e6aadc28ed91762",1,credit_card,4,221.46
cb34373a94597d015349cc3712b348ee,1,credit_card,2,46.44
"81a3c1a0ea3b09bad9d4e0a6a3683f4e",1,credit_card,2,109.56
b6d6730512437da0a234e99ea7885212,1,boleto,1,145.64
"67108cb298a177e412fffded667043fc",1,boleto,1,40.85
e713bee0fe365659dd0bf2e261ce6f28,1,credit_card,3,100.82
"66480576a5bbc6e076d5a69490a0592f",1,boleto,1,42.09
cc62ea5f8c980942e1fb6b6854c6ce29,1,credit_card,2,76.17
"1d942a0debeb43eee8a316c245b9cc34",1,credit_card,1,55.10
"4d9f7ee0798052190a19d19bb0f31a40",1,credit_card,4,1066.08
a245546c993a6f40b013cf1935965656,1,credit_card,1,250.82
"7f7d930e1a05e466d5fe29da5970d8bb",1,credit_card,1,63.41
"31cc37975a360a347c3e668b4893fec3",1,credit_card,10,148.62
"277652d641a561b871127afe3f44b952",1,credit_card,1,40.12
a52686340f8f97da9e95d8acf0b515c0,1,credit_card,2,111.10
"7e8a488126f108bf5841a1bc1dd2c762",1,credit_card,6,84.23
e465c5ff84ef7091d582b275cb0dd7de,1,credit_card,2,93.78
c6657be5ece0d6d8475923eabe5b65e7,1,boleto,1,168.33
"7dfbacd668c23f1d45720c457f2aaa70",1,credit_card,1,129.01
"46f5a018bc61897add7cf53bba946d23",1,credit_card,4,168.36
"20415fe2d2bbc0e8cd136855c2d3f149",1,credit_card,1,43.28
"385bc274c4cbac59c0bb866c770588dc",1,credit_card,3,34.68
f589bd1ff18deb4e471366b1aa443c84,1,credit_card,5,53.10
d8af0191c574aef677e1530618925317,1,credit_card,2,135.75
"30f98311688b9a0cc176d88c32b308d3",1,credit_card,2,122.40
"0e19122f9fa8f2ac31d7ee9742b7d98b",1,credit_card,1,83.50
"4f25074c14f57fb1a98808c9a2f820df",1,credit_card,7,345.05
b9f5ca0dd8ac07db0b02705dc2be4d21,1,credit_card,8,218.84
fe2a47da00335a2a5952630b366abb76,1,credit_card,5,122.48
"443927ed7bbf7df399ca64efdb0b684c",1,credit_card,10,138.26
aa225b52da83ae9c797a46da556fa068,1,debit_card,1,27.36
"294bc47f2c556ebbec32a74c4811efd5",1,credit_card,1,53.00
dccf5f082deff344c087201ccbd2d1d6,1,credit_card,3,168.81
fac209312c95149afe74f4cbcdd87c85,1,credit_card,2,64.10
abdebb57cdeab645971e43cbe3c2f32b,1,credit_card,1,291.37
"5768936d974ba5229f79124abba8ab82",1,credit_card,1,39.55
"7e95d101ed97603578e38b4955c244ab",1,credit_card,1,86.08
"8b7d82f0a0cbbac3b08cae0c79127648",1,boleto,1,51.00
"67332434603362ce9e1894a63211232f",1,boleto,1,249.04
ef0ce2dff39f4a5251eef4f5194deaea,1,credit_card,2,91.08
"074eb2398def4038d7fc4fb8a5aeb0bf",1,credit_card,8,408.86
"7f4543ed4571a4dba6f757f8d0669756",1,credit_card,1,42.72
e465563161981f1e1ab4195bf3c1ad4d,1,credit_card,10,201.78
"73aca43a4a4709c819920271b2743341",1,credit_card,6,326.24
"534d77dfe962b8d3c624d2f069723b92",1,credit_card,1,87.76
"0f0dcb31ebe72939367eaebbcd5699c5",1,credit_card,3,179.90
"4105ca90d9e907e648f52d22593d140c",1,credit_card,4,275.00
"61b1dbc033920b4d291fe4a768eed1d0",1,credit_card,3,32.72
"454645a3375b0ecfa430922acc9dc990",1,credit_card,3,247.14
"338e0ac6db07e9a09668f8369d86877d",1,credit_card,1,50.63
a54f14e8c617edc690ea2b56276d6743,1,credit_card,1,77.69
"5494d7febdfd2f93ebdb691782d56f02",1,boleto,1,214.13
"173c5c245013bac81a2448638eef784a",1,credit_card,1,70.53
b45e88e636c88f0aa9ba543bf538fa1d,1,boleto,1,80.19
"5ba8503668408d9c4b89795726cb7f4e",1,credit_card,2,98.34
"9004b30a5d18b572f851753f41d795c8",1,credit_card,2,145.79
f3fc3c963c2854345aac9d080936f879,1,credit_card,3,73.18
"4863e15fa53273cc7219c58f5ffda4fb",1,credit_card,3,75.17
"72d242bd537df6df087634f6065d7f62",1,credit_card,4,42.36
a73decd86173a2da359011bebf8e4ac4,1,credit_card,4,106.78
d5e9734f54e05a41246389d38b732a51,1,credit_card,1,53.35
"04ff62d0684a80831afbdc2f6e56259f",1,credit_card,2,122.75
"523d7597c0c82db94fd16b4213e2f0ab",1,boleto,1,30.42
"4630a9abdc1d1ea8fc579b269820c3ea",1,credit_card,8,99.62
"746327966e37217c499ecfb3caedf658",1,credit_card,3,38.14
"7384cdc62fcd832cd6c6026440c42821",1,credit_card,2,197.02
"6b66feb014823833433d386dad897fcd",1,credit_card,10,172.28
ba13f88bc48228019bdb212741534045,1,credit_card,6,62.84
a36377eeeea09365dfc5cf7e79207cbf,1,boleto,1,172.84
"82d48842447f79616fa1edca6fc9e91f",1,boleto,1,190.15
c60bade0a2a45f8db2535ad71baf5089,1,credit_card,1,85.60
e9874f4e48ede77b6b9d785ac3755445,1,credit_card,6,624.84
c2b0a01a95828a432d2f335db23e23b6,1,credit_card,8,227.81
"9b692faed4adf2e5efb7c98de308aad0",2,voucher,1,50.71
"9e3a542f51363bda001167b7f5bd8dbd",1,voucher,1,25.00
"62e5680786ab7eb90e8129db68366952",1,credit_card,5,163.89
f2f5bdd435d706928f8210b650cd33bd,1,boleto,1,21.86
e4b0a27c86f8084e7e42e7602ecd6b29,1,credit_card,3,141.79
"6c89c0053620abe3d5d6a403c0dad5e7",1,boleto,1,42.09
"5548dc95d19f69811f26b8dc9f5fd690",1,boleto,1,128.66
e95634044d70b26eef37fbe32fc3ea9c,1,credit_card,3,46.76
"92e1642faecf2c2b85b739dbd78bc429",1,credit_card,3,170.12
"50345d40b0f9c76464f67c9971bf823e",1,credit_card,4,55.88
"6951c3fa48b145ff2b579b11554d8116",1,credit_card,3,31.07
d8e17d5f7dacf0970d316e7c03e741e8,1,credit_card,2,27.77
dc439747f5458bc4057918cb1c40dcbc,1,credit_card,5,712.29
"0bedd120ca5fc643805cd124f8805a86",1,credit_card,2,103.04
"1ac7f4db91b508245c27b68092a2d401",1,boleto,1,54.55
f87ed664a5aeba70114b65138cb0c9c1,1,credit_card,8,256.67
"3d966a23ca6c6a3e5dca4053ee2c654a",1,boleto,1,139.15
"35774167bb17537229f8ffb6e662981c",1,credit_card,1,58.36
c9ebb7aedaf396f225f85df6735dd67e,1,boleto,1,173.53
db19c4c4fc744a146595fee399782716,1,boleto,1,108.83
a7c5e8acbc8e06069ca0b62930aef0d2,1,credit_card,5,73.13
"16ba2d5722aa786a11b9da9de0d31a32",1,credit_card,2,116.94
"67407884c43b844b22aa1a20de86130a",1,credit_card,1,31.22
c7e64567d07503e82847c129519ea90c,1,credit_card,3,33.10
"97abc984480b7b063adb9e32e8bdbcde",1,voucher,1,17.42
"599397ef7d2f323138a290a4b33d20e2",1,credit_card,4,84.23
"9d415b5c7f8cd03fa65fc34316a8e2f9",1,boleto,1,649.15
"2a5c7850b48cf4e26405577d4d2e78e6",1,voucher,1,42.77
"606449909d777e082c5043319f58c6dc",1,credit_card,5,496.90
"185ff6b80b6fa8165bfb804f4f3b186e",1,boleto,1,164.35
e13c1d62d9e04a895432ca001f2eda3a,1,credit_card,1,26.62
"997cd4e2027406aafa35d5c0e270fe1b",1,credit_card,4,97.43
"5a9f638cae9fc9cd16c2f1e748da4c77",1,credit_card,1,32.09
"42ce6a0ec35eb86bfb376c039fcfe399",1,credit_card,1,77.94
"56fe61b71a31aec95c794f860ede4ab8",1,credit_card,1,91.03
dbd4885aa71d304f95eb40c67bfbec35,1,credit_card,10,956.27
"491b3517aceaf23456a3a9cb1d95feab",1,boleto,1,159.13
be79be86dd136655ce16f35875950995,1,credit_card,3,194.41
"3ea310e0ca8eaa2d771f9ae489e6535e",1,credit_card,7,164.98
fc9cfa2de496ffeee8c591c87070664f,1,credit_card,3,36.34
f4bfb8dea9ecdb8ecff6f92691e8f45d,2,voucher,1,27.58
"2a86b167faca061eb024043376211562",1,credit_card,2,57.63
e4dc8dc4e8f573a596b576458c01ce91,1,boleto,1,28.29
e2d77a0d9b0d31ca58de237b8d9dcdbf,1,credit_card,1,57.99
d15e0fd391d14c714d025a4824bf068f,1,credit_card,7,73.53
"4130a3c17d5018e8877e1dc104b55fec",1,credit_card,10,302.87
ee64f23a1a4a4ec65bf0295652f91d5a,1,credit_card,4,114.45
f7cc115bdf4af94acf9b6da346ee1c88,1,boleto,1,139.20
"38c1e3d4ed6a13cd0cf612d4c09766e9",1,credit_card,2,188.94
e64b950c1e33e5e3f2a946903e903264,1,credit_card,7,721.06
"80ff8e4db69c66d000da0845f52408f5",1,credit_card,10,106.08
debba1cc1685803f891dc845be9f9119,1,credit_card,2,157.35
b7c0d5af4a5a6374adedc4dd9ab21923,1,credit_card,3,32.68
e2e415b0eca67d98cf1b6fb11336025a,1,credit_card,10,260.64
"77b062be7c5bd21712905feb8e1cfeed",1,credit_card,8,134.25
"0778ca929f32b5357008bd57489a1272",1,credit_card,2,60.21
"11433594967d07f9ed0b30827fd35385",1,credit_card,3,180.02
"9d31a050f1394d02bbad780e3f87eccb",1,credit_card,1,138.28
a8c7e8c088aabc1cd41eb0161f0c7757,1,credit_card,1,0.27
"673f22f1a5f0f4bc22143d42b7c60fbb",1,credit_card,2,132.42
"0308fbee05263aa1eb0b932e2dc7b4fd",1,credit_card,10,718.95
"2c45c33d2f9cb8ff8b1c86cc28c11c30",1,credit_card,3,153.51
f7d0eb24b92b2024fc86a38400664675,1,credit_card,3,125.52
"86d10e9e3af9a5a7fb5b4bb285850a66",1,credit_card,2,102.64
"33ef079ec39c1b46e6e552e038e67c5b",1,credit_card,6,62.65
"817b5c93f134a292fe75b0e313a14c7e",1,credit_card,9,94.20
a68acca6a9d961ca300028f7660afae0,1,credit_card,1,177.02
"56dc36c0b4aa0d60f98017b5ce97d587",1,credit_card,3,78.10
"9f9fcafe161fda526a049aaf3fc6f36f",1,credit_card,1,67.29
"9371a323185fe5bc627ed3065bf2fcd8",1,boleto,1,156.38
"727ff4968b521aca37f5ac012eb0c9ad",1,credit_card,5,55.62
ec3d016217751432b67659200ab0da7d,1,boleto,1,127.53
"6c20aa516c6c94293fe199a1a90cd907",1,credit_card,1,132.59
"0d16648e64dc322e5a49d8c912d2b61e",1,credit_card,4,196.74
feef9f21cf88daf192de972212d1c5d5,1,boleto,1,246.03
e028addc83a9ed4498311c3e203e53ff,1,credit_card,6,103.72
c40b742c11a9df1f4d5cda8301dace51,1,credit_card,4,386.50
"884989e29f137d8ce42518666158b8ce",1,voucher,1,19.53
"91744dee3192bc28caf20eaa3c2251ef",4,voucher,1,14.30
e024c4b9445d223aaf705871900bf5e1,1,credit_card,2,146.18
ce8f65c6a6f857ba818c5ef5e7637033,1,credit_card,1,65.13
"836410a2fc31591815fe79d66ec24f10",1,boleto,1,114.91
"7dccc310577a4bbf99e57f1ae7ac587b",1,credit_card,6,161.46
d90f70746b61ed0bb476ddaae181afd8,1,boleto,1,106.93
ebb9db2cf338e9643c0335094dcd0299,1,credit_card,1,60.10
"3d24c492f9555a79d4d6fd3a22fbee1f",3,voucher,1,10.49
"10e133f423bb02952878401b944fa13f",1,credit_card,10,323.52
e42404a21e1f2985aa073939b8375da5,1,boleto,1,51.75
c4941ed8d133f1187e9936ac042c11a9,1,credit_card,1,73.39
"47e395802e5caea991cb407fead78614",2,voucher,1,54.97
"17e8356af05cf890ac4604347b3c17a6",1,credit_card,10,1479.51
"56c68bdc0271f13c3037a5bb26d520ad",1,credit_card,1,102.03
"1d93ea147657027165c888212671758c",1,credit_card,1,133.05
a7440cf5201c30463ff889fd4a6088ff,1,credit_card,1,152.51
"6e524001468d26c4e7caca6f22c6fcd8",1,credit_card,4,116.36
d529d4dc2eeac6ba7abe986a604d7deb,1,credit_card,1,38.96
"23012529620559c40578e18d7746f3ff",1,credit_card,2,45.73
"01c22546c4f9914e232006df82d96e0f",1,credit_card,1,33.00
f672188ca89296f0a903617f5fca8d17,1,credit_card,1,15.84
"04c3465b312fdf85de8e4cf4dc186600",2,voucher,1,14.28
"6d34c087b843ae0fdb296f15d948e45f",1,voucher,1,50.00
a87f63f16c37c383775f476c6f22b635,1,credit_card,1,45.78
feeca366b9564e8753ab062807da307f,1,credit_card,1,137.18
"598b41f7e6530d25a72da2cc18223cf7",1,credit_card,1,40.85
"896b228e1623e6b8f20f2b3782750d48",1,credit_card,2,36.96
"6dae4c54052a2dbf519b0ea3d1afefb2",1,credit_card,10,221.79
ecca17940ac000efeca3a8bbb3866591,1,credit_card,3,155.22
"7f8345ecf528aa9b47423c9cc5ab3986",1,credit_card,2,100.89
f255dee03c0e577afd1457dbcfe7c264,1,credit_card,1,49.59
"8368e1a19aceeac973a9eff4ac3245cc",1,credit_card,1,77.57
"25b9de6dcc528d881b77b8e6093a2a7c",1,boleto,1,42.69
"4ce809baf1b96894592348ee63179754",4,voucher,1,20.00
"0bf736fd0fd5169d60de3699fcbcf986",1,credit_card,10,242.10
"2dc8d02ac9a7d375b768d6a6355f7eac",1,credit_card,1,36.75
"6cac054c444c98466bfa9af759df2f8a",1,credit_card,1,71.95
"68265b6cfdb0170c7068b6738b6272dc",1,credit_card,1,112.25
"511c6d6720495f07b3130978eb5cd45c",1,credit_card,5,65.00
f3b7a74389c875b24dbbdbf6aefaca3d,1,boleto,1,139.59
c56bbf34e57026ecc783dc5db2ad1e69,1,credit_card,1,9.43
"8216d7ffa665e6b5100c873eb7a44c18",1,credit_card,2,202.50
"26968873aef9380ae17bfc3717c8cd7d",1,boleto,1,118.12
df01c961b8b1ced70f72c8c77deb69ca,1,credit_card,10,105.01
fb85c019b52b1481af6b89a96b84be4f,1,credit_card,10,216.64
a657eafd7fea4c928535644e36a20108,1,credit_card,2,196.01
b23a0369bc067f164e116241fc186d13,1,credit_card,8,267.28
"63770e5bb4dbde814360a6e2ac62caef",1,boleto,1,127.92
"5012f0f1b371c6d1dffb743758d3c522",1,credit_card,1,106.29
"3db2830b62dedb5fa0e6212cb1646106",1,credit_card,3,119.63
af5ef0c2ce03a9545b49f818244d759c,1,credit_card,2,108.67
cb4d0ce750b3542055ae832b4d3bcca4,1,debit_card,1,52.76
"961da72306805ebbb55f39e1b83ef01c",1,credit_card,10,104.48
edc9338008f2e9017f842a8bcad3af94,1,voucher,1,140.03
ec7fe8ab2dc8752a229cd9a28a91bc57,1,credit_card,6,70.00
"13a20feb32c40abb62e7c279b664264b",1,debit_card,1,43.00
"7538c7b3219a1c960b4a0561e2099cae",1,credit_card,1,35.05
a79ff94e2b619ada69ba93bda509dabf,1,credit_card,1,108.59
"19980416131f571e346fcfc260fe97fa",1,credit_card,5,182.80
f0031384d36ff045ee1e866942d0fa7a,1,credit_card,8,122.08
c5af01c76029f8063c756b08fcaf17ae,1,credit_card,1,76.02
"551b1f7008ab0e7ccc85caaaa27f8a42",1,credit_card,6,266.68
"9d8b70a59accfd6e1344d2d23d5b8ceb",1,credit_card,1,199.40
"71df939ed0ea6fc3549a76728ae598d6",1,credit_card,2,72.99
ccec60e021d4c074d2625443f9b97ecb,1,credit_card,10,523.98
"704611e37204252ce312c0b0ce22ef41",1,credit_card,1,118.32
"62f8b4d7c208d43df56f66ad44f2a4e4",1,credit_card,9,91.94
"3e359ab408e7a2bdd39d256d9edb05ff",1,boleto,1,29.18
"827b48d99e470974c81fe3fe3c441146",1,debit_card,1,103.08
a69ddc335f989aa05576bc19f8b9a549,1,boleto,1,262.07
"8c8005895f46f6c1bdf16697c70e645a",1,credit_card,6,159.11
e7a653f38cb6073d04fbaff18f35d6c3,1,credit_card,2,25.01
ddfe2c774073d06b98ebad44770595a8,1,credit_card,1,234.08
be32306676f1b65193ce87367ecf3e34,1,boleto,1,30.10
"07883f86dff5e5622fe054225f176aa7",1,credit_card,5,111.52
"9c27c0e9a3ff1c62ceecc6b160ae7c63",1,boleto,1,58.28
"281c358f0dcde9783e899cfe62c1097f",1,credit_card,2,85.11
"296de8739429e4b169c52441fd333bf9",1,credit_card,1,32.10
"184223a0c4c2ed91aaa25b6b7752ad02",1,credit_card,3,30.19
"49d82571c200aac8b226cae094dc8f0c",1,credit_card,3,238.75
e9cab75516e866c8b7aba5ab87a7024b,1,voucher,1,32.09
"0a79d1506c2e0249c9aff8723bcf51e9",1,credit_card,2,112.02
"5c76ad49e8b5c226ae27a1ef944f7e58",1,credit_card,1,135.84
"58ba43739da75a7d57d464e2adedb4e7",1,credit_card,2,141.82
"36b036769c93a2e59324ac996fb51e2b",1,credit_card,4,48.29
c052b5075e9fd0d83a3d2b183e6e0df1,1,credit_card,3,73.72
af6cf105471a4c8fc88ae0af594fde44,1,credit_card,1,92.20
"63e9f378e99a3e83709e85223d637944",1,credit_card,3,418.04
"48d892b7a89ca7f4d0b1dd13d3d053fc",1,credit_card,4,103.72
"2fc8432d4f906403e2bf04d81163b220",1,credit_card,3,31.75
"411b8901b201804f134429744b17b686",1,credit_card,2,130.05
"4f9b0bffe6ac71baea3848199b860f19",1,boleto,1,83.81
"07068f92ceede34d93d6dd0b5117feef",1,credit_card,3,57.51
"72a8876d36ea688596ca2cebf30675d7",1,credit_card,3,115.44
"67ece27598962c6f6fd57bc19a8eba0f",1,credit_card,3,184.03
e533ab0dcf6735763fd458fda9868cea,1,boleto,1,200.52
"8f4011d8935e9c3e8f9f5a23efa980c2",1,boleto,1,57.68
"2c323f358d850442d6bc5ab01cda8608",1,boleto,1,27.00
f92d5bedc0cb67f0b4fb723b39af6a46,1,credit_card,10,160.83
"12464d1f4f0401e086966a5333ae812a",1,boleto,1,56.60
"09af242285bcc7d2f8b12ce33dcfcb7f",1,credit_card,1,46.78
eaf2b5caf6a00cc9f8a1fd9117ff924b,1,credit_card,5,59.03
"8a43a2a954395f1f2911a8280575ab9c",1,credit_card,4,130.00
a043f3361a5b8a8bb4d09377ba9991fd,1,credit_card,1,80.51
"2c7fb42aff5feaa5cbbab17158eafda4",1,credit_card,1,66.71
"10b26ae59835a2a63aa53e2da4ebefa9",1,credit_card,10,121.50
"5cbaf38c240e82434c90a2148f37e94b",1,credit_card,6,361.98
"156d7322e097c3a33f3f2c808bcffc61",1,boleto,1,171.61
"8a4df9820e049472302bf6362daecb8b",1,credit_card,3,138.74
f70e76f6dd9c492ad50ec1a3ce4e46a2,1,credit_card,4,40.09
"89a591b9a088299ff2b3938b877f3ea3",1,credit_card,3,82.06
"6fefe7f276220450fc08b7c974e21fb7",1,credit_card,1,31.33
"9acd6aac847c79db40c68153b6b4d915",1,credit_card,5,159.69
"84be8c486cc6c6bb5dd2a0a19effd9b5",1,credit_card,1,43.59
"2c12150c742ae2fa48bc703964c16c5f",1,credit_card,7,77.50
db18e1e78435519ff49eae6ada66f29c,1,credit_card,1,56.38
"832e8d2354732ff820bc425bf1d7cd52",1,credit_card,3,230.84
"31b0ef5f40a83be6f6dafc9a4fc890f5",1,credit_card,2,579.58
"1be551169c2eb8275a521eafcff31546",1,credit_card,1,141.08
"96ed1598c0605903e3a112a907f54700",1,boleto,1,175.19
c9f7d8c70434e50d1a5a31a56bbd7e00,1,credit_card,2,288.72
"1c58c266f70494954b0e545444355f3b",1,credit_card,2,122.50
"949042a6b24b4ba4b1376ee35f46e56c",1,credit_card,2,85.60
"9a2b18c71bc6f8f5cea13c0cef840ac5",1,debit_card,1,42.93
"66ecad7b5ce5c0df4e95f46d12076ed3",3,voucher,1,2.69
"36e929832f27e3e3293ac9369fecf8e8",1,credit_card,1,94.31
"74b688473b5a7667bdef6423f7508177",1,boleto,1,101.14
"819d0cccbbc61e854e2a273e3aad3eaf",1,boleto,1,29.34
"140f3f5e8668adb28164b2718f2d309b",1,boleto,1,121.44
f5b1cfba9fe979f87dcfefc578010e8a,1,credit_card,1,34.05
c926bd8d23b10840238793adf349b2e5,1,credit_card,3,94.77
"1e9a325806cd4eeb04256f2f843e6815",1,credit_card,2,139.16
"40f00a10bbc6a312ff95f899d72817d1",1,credit_card,1,110.04
"3853cade3f418a7b30e358ef6a5f7e93",1,credit_card,1,3.23
"254496381e0184650717e8cf8e456d50",1,credit_card,5,59.46
"3a344ea044dda2d453edcdab86759512",1,credit_card,1,27.84
"34c718970b33419ed6d537a90366231b",1,credit_card,6,134.80
aa3666ac800f7d6ee11840a2d5f74ee6,1,credit_card,5,243.57
d3bf07368c28fc881c427ec119b01153,1,boleto,1,202.50
"82b8501b11a46fc08df6bb260ac4e40b",1,boleto,1,113.44
"412fccb2b44a99b36714bca3fef8ad7b",1,credit_card,1,140.88
"0352646a95973b0e19127d2b6a6fb6db",1,credit_card,10,104.37
f5564350b619e47f43db5be6a5e9db8c,1,credit_card,3,93.58
"72957a7ebd28baf4446a71d68ff98de5",1,credit_card,3,50.19
"539f8cabdc5c85e2f451197749a96753",1,credit_card,1,80.33
"8564695f6dfb1c4384d76dcf8e96ca35",1,credit_card,4,40.22
b1358540a7f7697e3f78ba88935ea3b6,1,boleto,1,65.88
"62310e6941dd333f0a8bfde5ec77d8c6",1,credit_card,3,156.84
ae8e70d062fa5569315a69e1cc675b64,1,credit_card,2,74.41
"7c20de54af91549df98fd6926d781144",1,credit_card,7,70.64
"6e68d4f670783e41ced4e82d14debce9",1,credit_card,3,76.05
"3445e54ffa2a770d1f93ed19c4bda26d",1,credit_card,5,136.99
"0da26371f58ab8e89157a901ef0cf390",1,credit_card,10,171.49
"078012a290408a687e5802ac7ad6c0aa",1,credit_card,3,141.63
a2ef0b7cf1506372dbf591def053d0fd,1,credit_card,1,28.75
"4bf082888a1de1a60eaa2949a30adf78",1,credit_card,6,383.30
"4bc27c3d551e28ec80a384663cbae90e",1,credit_card,1,27.38
cccd9de9d481ae418dd03dde0ca78106,1,credit_card,1,287.27
"74b7f4373a78df8c16862d9d0875c5b4",1,credit_card,1,18.15
d686bd063a47ff920477f24dba062224,1,credit_card,1,146.46
f265f016642c24f79e490f7d201b7e36,1,boleto,1,97.59
"5118fc0388588e95a1eb25564d1a3946",1,credit_card,4,118.01
"3196a24fc5b538fda8fa7664e74c411d",1,boleto,1,32.85
ffbf2682f6e33c8cbac96e6862a95920,1,boleto,1,64.00
bfea95ad916f92dc69b5291e6827a01f,1,credit_card,5,309.81
"3553afcee0e882963fee338dca8daf7c",1,credit_card,6,370.52
"7a1bca69f79d87467a917e1fdc8cda7e",1,credit_card,5,114.27
"2e9eb4c2f3b354abe0e2c0f0e1d528d6",1,credit_card,9,131.07
ceecac582f10037ad46fd4fdc529e0f7,1,credit_card,1,117.94
a46f6e08416c5d6fbc2134ed61c9e58b,1,credit_card,5,108.51
d41019a8da12cde6c8dba824444cf38d,1,credit_card,3,190.48
"8d9e0e9b9c21b1aca2464bb5d5210831",1,credit_card,1,62.34
"9e52d9230d988c8181ad2875607939b5",1,credit_card,6,1061.52
"8ffd24fbf822586b2712a4becc7217dc",1,credit_card,2,142.00
a3a21bf31419dac8b9a6c1aca8964816,1,credit_card,4,40.38
"3dbe04fd06c3b63be0dae1902b9013c2",1,credit_card,1,41.36
"7bb5a7e4263888da1c8db8cbdc6330c5",1,credit_card,3,84.75
c8e35783a2527cdf286c54e2ae9727db,1,credit_card,3,127.92
f3e4a09f99041d910314f9d99b3fc80a,1,boleto,1,59.40
"1dbdc102b987762075cb2b4684ee141a",1,credit_card,4,185.69
"8fb9e44943fd93ec9a5eed36cce925c5",2,voucher,1,100.00
ef4e75686c79d2eb0f53648928f9add9,1,credit_card,4,196.01
a8a29ae9b3f2dc2e650dc520d7842041,1,boleto,1,204.16
cf76d482b013f8af6dc046a3001c1c4f,1,credit_card,6,627.86
"562f45bf4a946810053214c29d752e85",1,credit_card,2,194.51
"274b74ab9a2f1b057969351bc8e6b9e9",1,credit_card,3,193.84
fa0d5b3cb1f2221766145a60ba18ac64,1,credit_card,7,141.32
"662bf5e7e6b6350fd9e93fb5793f5c98",1,credit_card,2,125.94
b7c31842ba974282794a900f7913fab2,1,credit_card,10,320.30
"61845fa79785f181ff99f39e39f40740",1,credit_card,2,29.75
cb63fdd83851479a1def20d67c11525f,1,boleto,1,36.69
aeae8ce86f335790a6beccae2f8c5092,1,credit_card,1,91.99
ccd7d7de58c07e32a30717c6d7f5949d,1,boleto,1,105.06
"6b686186d43eaa21c407ecf34ebb9ee6",1,voucher,1,222.55
"127e151835ed0bf4ea8e262040fa1c3d",2,voucher,1,102.69
"50a27906921dc9ef4b7afa6cdb04649b",1,credit_card,4,74.88
"69fd8982cce0c7b6b7c23513fc4c4754",1,boleto,1,73.27
"2b83df43770dbcfe61c406dfc453068c",1,boleto,1,135.17
"724c961debc8da1bfd7c243def4d63c5",1,credit_card,2,43.22
"10394a4c18a22780ffb66c96fa737494",1,credit_card,3,54.60
faee84a4283f8d770ea390010415ad05,1,credit_card,6,99.75
cf79d8a5a9b82bce4c9cb3e9469a9b0c,1,boleto,1,50.00
"2047712d309c37ea8b67d413cd8632e1",1,credit_card,4,44.09
f28a15daf894f299ef995958883bcaa7,1,credit_card,2,92.79
"150da40a26382d8954208e5bd858c285",1,credit_card,1,92.90
"8cf06ce068a7f778b59ed42dc00d964c",2,voucher,1,27.10
"2296fa4ebace1edacb9f91509766eb18",1,credit_card,1,239.34
e1c33883a87b85bad4296f6d61aa5f7d,1,boleto,1,29.68
"4934371ce23a4e29360d9a4284078a47",1,credit_card,3,133.52
"7a485479dbdf94502e471dbd3329a4e4",1,credit_card,3,316.14
de922556bfd4f7734677ececcaa615b9,1,credit_card,11,115.36
"474e08f4d1c9fa11a89dd4b8042cb54c",1,credit_card,6,140.02
a4cab55a223b91d0013b1f7d634eff40,1,credit_card,4,40.84
d037016bf21257acf9413f8a2ee0fd09,1,credit_card,8,83.87
"99642f7c1549b12bcc0ddc010075030a",1,credit_card,1,22.37
"2f0d70560615459213d3ea85549554a6",1,credit_card,2,33.99
eb7838c18a8fb7cd981b260bc220e739,1,credit_card,1,117.65
"63ad650ce1c19577c3eaa386f8752701",1,boleto,1,323.44
"54cf02ae7c090640834d4f9d190f3b9d",1,debit_card,1,103.36
"59f6f39258d9b1c7e60848000b3af9ea",1,credit_card,5,59.05
"8ea30b70e3e6d110ab6eaec18f0a7269",1,credit_card,10,102.26
"525c195315397b46cc4a8b1727d1d426",1,boleto,1,55.91
"735ad119a24ea4a9d6fbfcd9f296920a",1,credit_card,10,783.62
"7dcb3c2cc15f5bcb73f79ee65a917b0f",1,boleto,1,426.25
af89a9009bc9e17652f71301d4065a35,1,debit_card,1,136.02
"674b6e620b3996a9a6267267aec7516e",1,credit_card,3,229.14
"45884a7283a93dd46695ead0cf9c0e95",1,boleto,1,218.47
"76814cecb4b0b51bff1b1843f9ee45d4",1,credit_card,1,107.35
fc6909c54f7a6688147a7fd0a29cc30c,1,boleto,1,52.38
ed88f938dff33a241670e8fb3b8b95e6,1,credit_card,3,37.18
c9f32c5ccea32c0fa95474e83d8f321e,1,boleto,1,154.14
"7daeb81638f9bb0b663a58c811266726",1,credit_card,1,79.33
"12281975d2de5af133e549f49a1b9093",1,boleto,1,115.45
"4f887591abea8a000c18b3837a1f505f",1,credit_card,1,165.36
"7ecf3b698544882e2539712b1c598093",1,credit_card,3,92.57
"11976fce6f2db8eb99598a3951b25137",1,boleto,1,114.03
"773ecfb47260922193611c913a702942",1,credit_card,9,98.80
"0132f39e8ad9b42ad2d41c847f44c0ed",1,credit_card,3,37.16
"3b3d9117cf5f394da380582b1c3a46f9",1,credit_card,3,166.81
"4064338b1a0771e658af6c71d3fa2604",1,credit_card,2,144.07
d8a529e5911526f5848f48c0905166d2,1,credit_card,3,37.38
"224d5440ae7516a5ca867b2d5311147b",1,credit_card,10,135.00
"73a1720b600ec93e0cc37c3266c01452",1,credit_card,4,313.53
"3292455dce618c23d0687996cdc06d43",1,credit_card,1,134.92
d0dfc91485df79d57bca8e69971f9164,1,credit_card,3,69.88
c8a26f68531d30c813a16902aeacd380,1,boleto,1,28.75
"310adadfb2b68c5607467e7f7f419491",1,credit_card,1,68.49
c2808827e6da8f333dedcd02d172fbd7,1,credit_card,4,68.23
"61e7a0e72661ce2a29fef077d8007f27",1,credit_card,1,27.80
e005be792ff63719b707213974186c8d,1,credit_card,8,298.48
ca252aefd6f7ef3c5879eaab99e277eb,1,boleto,1,178.32
b5f6cf402404052650b6ca5f41f71434,1,credit_card,4,48.72
a46a206fc9bc06abda01c55cfc97117d,1,credit_card,2,204.07
bcd49ab05abcd96dc60591051df6c81b,1,credit_card,2,110.58
d1579c450369b0b5d8bc67cdc0fb1f08,1,boleto,1,123.52
c4769f2899b00a90de4e1650e17174a5,1,boleto,1,59.44
"42e5f73161b3e88fdadd792613be1da9",1,credit_card,2,111.24
"057bc88d7845bc736fbe1fb27f2932f2",1,credit_card,8,198.36
"44e74826cbf09295cbbfc17b6c4284e4",1,credit_card,7,71.05
f4544b707c2c9583440b3ea50b0fc3a6,1,credit_card,7,116.38
"0ca4b3b797fddd6288abcd726e5669e3",1,credit_card,4,60.05
f4ca52bb4cdf0d58abc5784ded7c43b9,1,boleto,1,57.82
c6debc710c2b29405098532721c1a42b,1,credit_card,6,676.96
b7bb679ead188147ea4d028b583720f9,1,boleto,1,66.01
"4cf27cd829748acdd11dfe19fe746e8b",1,boleto,1,155.73
bcaa2ea71bcbe06f4cab5fe30f997f93,1,boleto,1,21.40
"6291a46a5ee32a81d7af74315c37849c",1,boleto,1,100.62
e2ea1c8dd335be5a191a54a8de85770e,1,credit_card,6,66.44
fbb1fd2f76863e5576087bc1e34b91ea,1,credit_card,2,161.53
"19fce5bac49997d40974437bb7eccad7",1,credit_card,2,145.66
"443038d9ed6b74bc4f7bfa679ce81bf1",1,credit_card,3,250.00
"54623479e83b4d90c3a3087c34a95187",1,boleto,1,78.21
c91b29576f970b27d90f5b214c88283f,1,credit_card,1,73.77
a23316a0b0209f50c13935e4848e6b68,1,credit_card,10,144.06
a1406509a4e81343f4c669ae236fd01c,1,credit_card,3,229.50
"421e787a5dec780e5db14facee9bdab5",1,credit_card,1,71.64
"10c41c0172ecd7694a6aa595629ce73d",1,debit_card,1,30.10
db28a85f64c84ecf4ef58cddcaa1cf50,1,credit_card,1,93.10
"84f5e6c0a0e3155e38c00f434ba90ce8",1,credit_card,1,51.11
"5e0140671ad91ce830fb2b33a3210d1b",1,credit_card,10,110.42
"563cc94852488599d7c665e7f9fb7ab1",1,credit_card,6,639.34
"59e57d3a260d94d24e665b2c817981f1",1,credit_card,6,166.99
"547b80d070dd9bcffd75e40b0230280b",1,boleto,1,113.45
a182c021b0561e70031de925b3991fb3,1,credit_card,4,176.99
"824ea549426913275fcda582fe4fc0d1",1,credit_card,5,53.70
"287b0bab443f35ac8aaeef8efdbc3a74",1,credit_card,1,77.57
"48c39947fd42eb080c2e14b368f79c60",1,boleto,1,64.24
"8311aa3b9c474639d7f344868c3fe150",1,boleto,1,56.01
"02a0eb7c22b0616c767a45954a2a28f6",1,credit_card,4,144.54
f9989a770fe566738df2291e09cddee0,1,credit_card,4,603.15
"2e6a1087eb563f7648142859dceb5d90",1,credit_card,1,9.14
"18bcbca4b2c948e7653345492627a1cc",1,credit_card,2,149.56
"7dc8487f60263dbf289600757f5c6f99",1,credit_card,3,37.62
"3b9a760c03f8e980720baef328c8a89d",1,credit_card,1,92.78
b132124ca9d69faf63989e08a5851151,1,credit_card,3,125.45
"710ad9913c5b4fc7c5d5a890082b1029",1,credit_card,5,78.64
"7a28c31014b18e07f3d37e80e06ad6d3",1,credit_card,1,42.10
c13040a934f67612318e219d4bf00cc9,1,boleto,1,198.55
a9c7a663695a09a7b9b9bf94bbd01121,1,credit_card,5,170.84
"23f098e532da469bf9f45d52c5d16d10",1,credit_card,7,77.82
"4194efa7ec651ea7442c7f01988877bd",1,credit_card,8,109.80
c280f5eef3c218fccd7c518b27fe86ff,1,credit_card,1,44.53
ba905c53634f259fa5738c7307a0d092,1,boleto,1,51.84
"925f43c2d4991e4360c5a7435c5431a3",1,credit_card,7,87.83
"804f733828d8587c734a1d8fc5634e06",1,credit_card,4,284.50
cb269e12d603437a1a1a1bf4c27c3716,1,boleto,1,216.83
dcd34cfe646e335b341fe9be82eddfee,1,boleto,1,56.87
"1f8b9c3db5374e97739a23bed586bba2",1,credit_card,8,85.14
"4fd902efd26ccffb79f2a7df0fdba36c",1,credit_card,1,99.20
a880a78363d1f9a76ec3ca2b150de0dc,1,credit_card,4,46.14
"387bbb4e54caa3042c96943f795721ab",1,credit_card,6,206.61
"5e17c0dc87169aef2e276079b07dc873",1,credit_card,3,104.28
"56a80792281d114fba8f25d20fb087e4",2,credit_card,2,172.54
"2c84b2577e246ed9aa8ad68b0dee5be6",1,credit_card,4,40.38
"498964d3c3eddfc0d670e6be2ea2d5b2",1,credit_card,1,28.01
"440dd5b80f076b3133c25e668e4df168",2,voucher,1,100.00
e36b28a5ad1829210ce96af49823ed25,1,credit_card,1,28.41
"1ca44c5850de39660439deebf65c8fd2",1,credit_card,1,31.84
"6f238ec63bf03937a0f89a630c3dc1f5",1,boleto,1,172.70
b0c1eb643cc230efdadc151753e940b5,1,credit_card,6,103.70
"4a5470dfcf2368971425d5aa451cf3b9",1,debit_card,1,80.81
e4d54c2566ec92a7c50a268c87242065,1,credit_card,1,54.60
"4fb04008f96cb74d5bd6bbc8600cb3fa",1,credit_card,1,24.17
e56705e29ca62edcbae910d46fbcb427,1,credit_card,2,178.27
ad7bbcbf26e12680c3f6a5f273235f11,1,credit_card,3,179.72
c58478c0a746d4188108e2ec71001110,1,credit_card,1,51.13
"76622c01fca584f77626ddafa70d17a2",1,credit_card,3,106.78
"532ed5e14e24ae1f0d735b91524b98b9",1,credit_card,2,83.23
"2fd164f74becbe83e1b81f3f3ab94d07",1,credit_card,1,22.54
"7c2235a930f355b9dc0741b70000d56c",1,credit_card,9,94.21
f6c39c67509d85f483f3bf334bd510e3,1,credit_card,4,220.54
f93c490f3040a2c005e2f21d86559dc7,1,credit_card,1,63.12
a22df5d3fb8b3ec7e7adea94b1a4b967,1,credit_card,8,519.29
"73b72b64fe9ceac200edede7e53ab012",1,credit_card,1,32.65
e6c3435aca88a50c893f06b6b13e9242,1,credit_card,6,64.39
cae717bb5d2448081dd91756a3842833,1,boleto,1,44.20
"64d7f23b722e9e54a995c7500c4926df",1,boleto,1,57.58
fc2a4d7b806b8d5572a052da4a5a6bed,1,credit_card,2,40.69
"428864d148621bd89ac5ca142b0e15af",1,credit_card,3,264.24
"1e0c8f775100348bb1d30910f43b7f75",1,credit_card,2,764.92
c1cb4e959222a482322465cab287439c,1,credit_card,3,106.44
"43776dfb549a4d0a2d069bfabfc4b134",1,boleto,1,111.19
"0c7ac4325ae837f28df12a94a51cf375",1,credit_card,3,70.49
cedce2be74a9e660cec99d6f9c6674f3,1,credit_card,3,57.75
e2f9342700902ec06e33f82cf4d279d8,1,credit_card,2,147.03
"51965bbaf28462239df82affdbbb1301",1,boleto,1,31.76
"7fee8248879e6c2eb655918584bb3ba2",2,voucher,1,30.00
fb76ca91d6aa4a18429f91a8991355c9,1,credit_card,7,98.79
"95e978f299dd47721ee357c14f859b66",1,boleto,1,123.20
a14ae07ec866886ebfbd63a32b8f86a0,1,boleto,1,50.11
"973acef56bf70feefa8264d4e9f300fc",1,credit_card,1,146.43
ca8abc474e7636166e173909fa9973ce,1,boleto,1,318.61
"2060cb090f613a2c6e389e351afc8031",1,credit_card,1,98.15
ce8a790838d6b4304ddde9481438c679,1,credit_card,2,106.87
"177f8b6f0cfd6ef224d0caf1e59d89bd",1,credit_card,4,820.24
f2d5ab09d0a8af8a6c3b93031647b532,1,boleto,1,64.22
"9d6f552c9b731d52bb9c9b6051ddf5a2",1,boleto,1,56.60
"8efa32589faa9ab3d9fb06ab4f2bceb7",1,boleto,1,89.28
a9b929204be626d61a1d60d47e6b52bc,1,credit_card,1,5.52
"5e5d67ba461a7218183df5ac644c4a8e",1,credit_card,3,147.45
"10271ddf4e66d7ebde86598c2447761d",1,credit_card,2,87.99
"780865d48893bd12dd23eb85abed0c6e",1,credit_card,8,308.30
"6954f8261ff8147d4f4570c7d65990bd",1,boleto,1,91.18
"55554085cc4d9f1d0cd3029387efb5af",1,boleto,1,63.27
"4a84b6a294715d6efbd396a9ecece857",1,credit_card,2,51.38
"387016f36a926f6d861f812a8aeccffb",1,credit_card,3,177.44
"1f44b2e973c49f412a9ae9f31166f588",1,credit_card,1,101.90
"7940ffdbb6d1ab63e0305221674ccb77",1,credit_card,1,195.63
"70ed97390f0c32ee36ebfb8a421ee1d5",1,credit_card,1,34.09
"9e9c6e3dd45c48dd0bd670c70827511f",1,credit_card,1,171.13
"39263e1d21c19dd12321cbdb04b3175c",1,credit_card,8,246.36
"98f80eddddaaa6c3e5dea02ff36ad263",1,credit_card,4,102.84
"600ad056fd4fece16dcfaf524b4b9eee",1,credit_card,2,98.62
"284b3707cd4351c728d8d59db0ce2c45",1,credit_card,2,88.14
b7ff8f6ebc1ce56907f3f34b7b92fee9,1,credit_card,10,232.05
"4486a084f4b0d0cc0f481087c1480bc7",1,credit_card,4,330.57
"6029e6bd42b7734db7fa0f091ed018d3",1,credit_card,1,103.17
b7a6a74494a5f76ac5f74bc9c1327e5d,1,boleto,1,63.37
"3571bf5785e29132d318f3c5222560f7",1,credit_card,4,45.39
"2771d3ac1d43785ed9c2fdcb077a87b0",1,credit_card,1,49.20
"7645406942825a748f5db38c177b0a5e",1,credit_card,10,122.40
bd5a6e9434ebae71399bef6eb45d85eb,1,credit_card,3,284.81
"4386700b3af86ed03733e04c9d3b2926",1,credit_card,2,129.32
b8da1a3a182f9172670e36c996363708,1,credit_card,1,78.78
"2711c0821d7f2330805ca09cad0952e3",1,credit_card,2,28.86
b539f51f7cf6a9c1a871d2bb898cdd27,1,credit_card,10,125.42
d043a3bb843a11bb2f3a826771849ec4,1,credit_card,4,55.46
"124282aeb36f71699a910e0670c08769",1,boleto,1,76.33
"7f47078a05106160c009fc89a215b154",1,credit_card,2,142.80
"180d9087d153ffddea224f2996463f46",1,boleto,1,225.71
"63271c4f926901533f34d374c4126952",1,credit_card,4,96.65
"4cd1bfe6723bb2e83a8045cbea275c65",1,boleto,1,137.80
"5b55ee8a50b508709962ccc9eba0de7f",1,credit_card,2,70.49
"8ede7df95e1f4a0f85d78bb5128abf7f",1,credit_card,1,20.86
"340c580a7c6f6c2440518a9458779277",1,boleto,1,229.99
"403bc403b9cc4b10bc0de6b86281728e",1,credit_card,10,172.75
"06e084d4ca3391eeec0a110051d0cb29",2,voucher,1,60.00
fe2f8677aaa66d2344481c0925170245,1,credit_card,1,117.97
b1399bbf348818a01b01e16f166f660a,1,credit_card,1,45.69
"93d336256cb2fc7b61c9030d24d0f031",1,credit_card,5,186.10
fac17da5f9e089e094cb2e19a4415d13,1,boleto,1,98.54
"2c9ef1099d75918095356bda34b2d4c0",2,voucher,1,233.88
cace1a92b9984790083116a9f2e7ae5c,1,credit_card,2,33.96
b613ca30bb66f74ea668acd6bc87b51c,1,credit_card,8,274.71
be5855d64fcac12e1e9c036a4932ff7d,1,credit_card,3,123.85
"11a79baec5be1310ebcd7c9f2d0ab7c1",1,credit_card,2,214.79
"3515fac755456eb1f251c50808fb6b12",1,credit_card,1,55.00
"1dc15f1603f062d0d4b587b55dea3006",1,credit_card,6,639.98
"1c5be2940a0e9dae8e4ec24c9c630d21",1,boleto,1,18.59
"5927bb00efcc2db67e6e98500fa49629",1,credit_card,2,100.62
e46f9622385a1b432c5376bc7a3be042,1,boleto,1,135.58
"8b1f6a9fcd45ffc05a994c5a4b0a8a9d",1,boleto,1,19.39
eae24cebd959a3a88ed60bda0da68196,1,credit_card,2,117.36
f6bc6adf1c408945d9032cad7c5b07ce,1,credit_card,2,21.29
b80185240ef710443ca7ea53cb1cbce1,1,boleto,1,66.91
a1ba9164e568e28f6977c343fb78e9b1,1,credit_card,2,87.76
e862ab2c5b9da53dea30d39617038ffd,1,credit_card,3,33.79
f44bd380c9a5926518a4714089e68c89,1,credit_card,1,210.56
"2d418742b39100d2fbaf280becbfe159",1,credit_card,2,144.58
"3681bab4effe9b62e6ad70e65a7637de",1,boleto,1,36.35
de38b62136dcb5ff40d44d807c460a8a,1,credit_card,8,422.59
bc4a35f20466a9b911b3b0847021e30f,1,credit_card,2,91.16
"3ccf90ae3753b3d692dd5f400621502e",1,credit_card,2,71.34
b88ddd9734df34b674aa16d26fc1367c,1,credit_card,2,57.38
bb0bb419d930e4bc8c823fc4379347fb,1,credit_card,1,40.09
fc835bbe9e62085b1e8a5d1556bc6065,1,credit_card,2,137.04
bfe0ea9bbed24adc7b8264ebe10401e8,1,credit_card,2,94.74
"381e1d8755e821c57966725a4c690059",1,boleto,1,72.71
e3ca8512cce88f749da2df4e25e22b03,1,credit_card,2,45.79
a542a9cfa2781b4971db13cbb7ac88e2,1,credit_card,10,212.83
"985ababda3f8a9904b8a01023669464c",1,boleto,1,109.40
"3638e3fbf46689f0ce1cc201bb343d4d",1,credit_card,3,342.15
"73a331a84d88cbe29024744ea908b253",1,credit_card,2,183.52
"1970f2fb4b83ff962a75b064abc37f4c",1,boleto,1,653.39
"0641c2d6df642517fb73e1ac88a188a4",1,boleto,1,99.43
fdf8b612a318d48e808e069e22f8222d,1,boleto,1,132.69
"3c8876b8e5a484c81a1aa6c8bc4e65d6",1,credit_card,7,146.24
"9823d62e92fd7b2e7fb1dfe0e83c5ab3",1,credit_card,3,711.74
"899eb681966d4b5df1e1c9b21fc113ec",1,credit_card,3,73.03
"5bb7f13d8996f3b384e2820e7f7e8659",1,credit_card,5,110.98
a72ddc1e569249752806276ac7ad97b8,1,credit_card,2,92.99
ceed776cef69730e986a45c5051fad62,1,credit_card,1,77.06
"18995da0f41134f344ebeb2e97965d2d",1,credit_card,1,66.03
f9caecc41dc2d3c623aa7b362611fdd2,1,credit_card,1,102.51
"9f978ecad138d859f6e9e08ed6b7cbda",1,debit_card,1,100.69
"04e16f3c151ad9fb3100eda6ac3a61b7",1,credit_card,6,286.09
f50e54b63f3aef3514497d67977256f5,1,credit_card,1,156.27
"687fae09ac6fa7c5e99990afb9ddea3d",1,credit_card,7,91.57
"961c6413a68361bbcd366dcac23671ae",1,credit_card,5,72.99
"62a4fdf762d5c41efd4bb2418f236e9f",1,credit_card,2,138.84
"1ddbb173ad5dee4433a9825491aa8f97",1,credit_card,2,116.36
e5a82ab3e8fd5f8a2ff5c12f15736659,1,credit_card,3,46.00
"8b8eff044126a94388def4b95db32ccf",1,boleto,1,219.27
"013b811ba81339b7634ab5231c547e6a",1,credit_card,8,116.94
"741d4024ced714e4b92ccf04f55ff986",1,credit_card,1,34.69
b5e23127e5bc161906c1d23be69f7e16,1,credit_card,9,147.16
d8f911c371592e1eb0dda906493c91f3,1,boleto,1,167.02
a52fca56c21fd8b4564823dd3c99120c,1,credit_card,3,131.57
"1c2c24a58f6335fa1dbda79cf2ebff74",1,credit_card,1,62.78
d768ce9a72b741097aab143d6baf890a,1,credit_card,1,18.29
f5c91344312b1179054ff03d56905ac1,1,credit_card,2,99.43
"45abfc8e86aa8d05983fb8e260eca778",1,boleto,1,122.50
cfc95248d9cdb0c56ad45f75b7fd1bde,1,credit_card,1,201.93
a00afe395584af6a6a6fcddd256c8c7f,1,credit_card,1,82.98
fbffbaaa30f4077e87ec6acdb835b278,1,credit_card,4,129.68
"2f4912b4871e8127d9932edd5a1ae62e",1,credit_card,1,72.18
"9303669209932e3a6996a76e56620d5f",1,credit_card,4,236.70
e7ea0f8156614d3c1bb279fa70085e85,1,credit_card,10,258.94
"48c7312fc36fbae321c1d9b49803304b",1,credit_card,1,47.69
"8db860eafc864afe81ba4e0d3b17b870",1,credit_card,3,33.62
cf4b34a6cd499c3d352d90cee37795ef,1,credit_card,5,170.43
aa78a1acd5e6ccbb96c3f16a4f04121c,1,boleto,1,423.85
a5903a529b9519a24ef2252f50a19cbe,1,credit_card,1,30.22
"558fa371b24282233214767214895e95",1,credit_card,1,122.27
"4bfcba9e084f46c8e3cb49b0fa6e6159",1,credit_card,1,40.76
"1be274b004c97a574419e7d7caeebdbf",1,credit_card,8,887.37
"63a19e889b69e5ef9ee2b2e646509051",1,credit_card,1,46.13
"84a649c5b7af51c49e0041fb5e3486d8",1,credit_card,3,99.90
"3ed46d0aeda8a091370db112656e55cc",1,boleto,1,25.61
c00241b8d22988b4f305a817f47bee80,1,credit_card,1,133.82
cf8a286791ca34ae16989098a84abc35,1,credit_card,1,152.88
"05a1daade893002ca3c8ec9253fbb1a0",1,voucher,1,28.78
"5c3a8f58f95a93d61a60220d61ea851a",1,boleto,1,101.12
"8cc0880efc901b49643246b04fa10a35",1,credit_card,2,42.65
"55ef6f0a902bfd07ab9dc7b2e5906607",1,credit_card,1,45.48
"671671623167a42e49d7edfb4fb5f687",1,credit_card,1,326.92
"70d9761fe23def5bb4a068aaeafd7e82",1,credit_card,2,166.92
"034733b9cacb3d55bce1e49c422ae3e7",1,credit_card,2,119.99
a53de12ebca1001d93689014bbee020c,1,credit_card,3,198.96
ef4a9e7b022119a6865b3999e1c221d4,1,credit_card,1,83.33
"03a8aa5d0860898d421c46247011c686",1,credit_card,10,333.90
c45fc3f02071c80125dc24edd7806e60,1,boleto,1,207.67
"5e3e4a506d4cacd33f33b902f7be3eb6",1,credit_card,3,155.45
"5ca436931d761c22f7015e6ef5fc33a4",1,credit_card,1,25.96
b9386feadadb8bc45d250345f27ac180,1,credit_card,2,106.55
"6d03ab0713a35b9475f6c5ed0d989976",1,credit_card,1,23.61
"19f96944a3a31111c47399caff25b6f6",1,credit_card,2,27.77
"4976a4c9fcf6609b9ed1306e5e105905",1,boleto,1,125.42
ae28255c7b837ba319c9cbf1dfeeea0d,1,credit_card,1,77.25
"908260019f25b12feacd1911f2f08525",1,credit_card,6,171.62
e175cbd518afe4a80b3f5f884ab05450,1,boleto,1,343.12
"96546cd9fabb272850cb06f473cdeaeb",1,credit_card,2,101.19
"3559b64f2a9eac5b40b2951f7a594dee",1,credit_card,8,247.23
"3d02ffd53fae296eda2c7d777ab2f4ab",1,credit_card,1,65.22
a3aa365f962ab8ec586f7d496209c336,1,credit_card,3,153.80
c8c7ec8563c295ba0c3ea5faff0a1b0c,1,credit_card,1,171.84
d12a47d442a17b323b1a2cc05b2c217b,1,credit_card,5,113.26
e3e0e01b4d15c9d4c33f312a2dee8799,1,credit_card,8,83.22
"8964e929ea610b2c2b98e3c4d1bb86d8",1,credit_card,2,154.14
"23c4889b86a761e3cc76cecad70bff4f",2,credit_card,2,92.55
a66cfefa309e2beb4dbff4037b531ca8,1,credit_card,1,27.78
"5df489bf628aa872653bc4791319921f",1,credit_card,1,118.62
"019d444bd00f1ccb4643de466f9a1525",1,credit_card,3,167.23
"685558bac861fa52b595c1febd211651",1,credit_card,1,113.49
"8908c3c6b8591a4d779bc5a4abf4f951",2,voucher,1,88.94
"71bc814a4b756aa6d80e9769f0c5ef37",1,credit_card,10,186.40
"84e3112c2a4f1708a00c880218f52886",1,credit_card,3,68.89
a9f03424f2176817b05dc4ee9d048d6d,1,credit_card,6,69.34
"14c13b6fd4bed33eb940ae31c5cafb43",1,credit_card,5,247.54
ef05a858213da36683cc0f24157732cd,1,credit_card,3,76.84
"3b694fa216b9963c2df0ad993a355551",1,credit_card,2,56.94
b5e032ca1418d9722dd033856f836800,1,credit_card,1,72.33
f29282bc8841ae8bcb88e357e9a32c57,1,credit_card,3,111.43
"4a6591a486da3e568782dd196ea19e41",1,credit_card,3,125.67
b6ad79d84c91bb9d11720468017c168e,1,boleto,1,85.49
da647e80e38239a2e8f026b3f011c8af,1,credit_card,8,179.60
c6738800d95e18d66c681a8dac8e2b7f,1,credit_card,1,43.54
"652ea8ea554ac0339e725a3a9c028040",1,boleto,1,603.30
ec1fc57b72a7bbe5b32f9c606510db76,1,credit_card,2,174.42
"8d28e43aa8a24c8f9a2ac2358f86151e",1,boleto,1,77.55
a2087914bc836b0a52e2369d6f30fde4,1,credit_card,1,96.99
"869fbc1490b3463106241d10454b6eab",1,boleto,1,102.92
"8e6bfb81e283fa7e4f11123a3fb894f1",1,credit_card,10,1333.25
"5fc784387bea9241013e9ccd0f338038",1,credit_card,1,77.57
"25a82fa3e495b6124f9d196f8ab78dfc",1,credit_card,2,42.10
df830c3266897b412bb8598ecc43c09f,1,credit_card,1,90.42
"0bb0dd89956cc5f44ff556c2189e7160",1,boleto,1,54.00
"3e1298fc81396a1e3ad660c0cd0fab65",1,credit_card,4,172.55
"785011ed7352847ae26ea2336ef45af9",1,credit_card,8,93.01
"922587c6bf637f545a82eb3f9136ae30",1,credit_card,1,14.55
"64f5569ef96004a1e1137bdf28fd4c45",1,credit_card,3,69.63
a3b45c3744c4a07892d51bc29f6b1281,1,credit_card,9,95.85
e1dc59c8a0073f7889eb0b714c97eacf,1,boleto,1,26.78
"39959ff1a251b948e61c0fc006e74d85",1,credit_card,1,137.09
"6ce44e655ce6545d9637e72f7529cb5b",1,credit_card,1,53.27
eb23b9ffbd39df83ffd9b7e7dd6a00fe,1,boleto,1,230.13
"78d1a1bbbf97f4303c3f844a36ed66c5",1,credit_card,1,147.06
d719d2c72e0dfc9d994ee85c1d594861,1,credit_card,4,108.22
f4288260e85613d9d57f2024a18aa66f,1,credit_card,8,121.18
"7d77cbd8b988f81a25289a02429fab42",2,voucher,1,92.14
"3ce3ea3283555ac158b83c7cc2093ca7",1,credit_card,3,32.09
aa9db0502703dcac7b66401ee4128525,1,credit_card,1,109.50
fedcd9f7ccdc8cba3a18defedd1a5547,18,voucher,1,11.12
"770be1c6a043c4e99e830bee3f5eb024",1,credit_card,1,82.65
e1be3305b8d5ce4a075e7795055788e9,1,credit_card,10,194.37
"02ca7369ae10c2f90a73b79be24387cd",1,credit_card,6,144.76
"9870255ce4fd27e8b651ee15e606d903",1,credit_card,1,35.00
"994138db2313a294b3d23c7cf6ee7389",1,credit_card,4,292.72
e6d47ca86bcbef462feb6a77ce1d21ce,1,credit_card,2,169.50
fec4d19f04178e4adbe16ebfc8c7ebd7,1,credit_card,10,227.27
e6876b2ac1419a0cfe338aa1988dc787,1,credit_card,1,120.76
"2f184c1f767b1dab8ce9aefda0db5b33",1,credit_card,4,619.34
aac80fcf000ee1aeefa498cde2bd029a,1,credit_card,1,40.12
"7416d9c6f5591dce41f59d37ad4bb455",1,credit_card,3,118.41
"325cfd48a71240cb16c9f50468478c92",1,credit_card,2,138.97
"36a5fd80b9f8ee414ac234368584a876",2,voucher,1,107.73
d8bfdbbe1b81198977776595047a0d98,1,credit_card,8,308.12
"618b0e262ba7b2c46a5b349fadbd4996",1,boleto,1,57.19
"4c5e883786df8d555be4dc12f11d3fe7",1,boleto,1,121.97
"6060aa9779c52c46a9a791c79dcc4423",1,boleto,1,69.45
"564e414f20390e6417f5e6c6ad3f095e",1,boleto,1,681.42
"973d67484939e1f2afd53304e125bf1f",1,credit_card,3,194.76
"06970f3ad11e6267192d7d98af40a8f5",1,credit_card,5,104.37
"27e4b7566f5f9244634481ca9b048a2f",1,credit_card,1,81.67
"73cf654d0deb48918d5e67944a773d22",1,credit_card,8,283.54
"06a10466a6e3befcdcb37637948fea4a",1,credit_card,1,84.54
"2dc89150e25e0d36a6b80cea3c8a1290",2,voucher,1,30.83
d76473e476b8f58cf984cd8208c9a987,1,boleto,1,42.59
b1461c8882153b5fe68307c46a506e39,1,credit_card,1,45.17
dbf6877228cc3660405cab36ede2947e,1,credit_card,1,37.29
fdf3aed22ef0ab57a54765773154b8bd,1,credit_card,1,129.20
b70756301d6fcc0725c60774a52d065f,1,credit_card,1,266.30
"00ab9fa91aafa3d881164b0da48999aa",1,credit_card,1,644.34
"3ec57f387771800e135888860c546cf8",1,credit_card,1,21.34
"6f0a2d3f0fcb51ca2468a29cf29bdf8e",1,boleto,1,73.19
fc297415452e5dc0d06afcd16e864ca8,3,voucher,1,20.00
"137843e808a43d21cdfaee7fa80fb487",1,credit_card,1,117.79
"0800193c2810da8b955ec8cae2b82e11",1,credit_card,1,124.73
"980c0688b61b100db985aae4b5cfa28f",1,credit_card,2,60.18
"280a1ee261c5b9821daccb1fcdd0f776",1,boleto,1,133.91
"3110fc0996c37031e67f3d28cd9b854c",1,credit_card,6,528.52
ead53bfbfe51cbde79b7a6e413627d03,1,credit_card,1,147.90
"98a9e68b90e2913946a91acde7014d69",1,credit_card,5,73.52
d3eb95a405998c3aebc7350f2273bc24,1,credit_card,5,319.33
da4632747be8764c78f197a0d83b8d71,1,credit_card,1,99.22
fbbc0a864330509c41ca4b4f0ff9b780,1,credit_card,3,91.19
"34334129c5fc3f38fec577b122930761",1,credit_card,1,188.66
a7abe735fa002a72636ab38fcac70330,1,boleto,1,62.92
cc008d324278200689ee451a547b97c3,1,credit_card,10,111.21
"77825d49024eb269c8576e8d4e2b8caa",2,voucher,1,55.09
b6c2cb2c2214d74e66ef92c726b5160d,1,boleto,1,233.04
"4a1cdb6acae789b7687bf12c6441949b",1,boleto,1,88.27
"7fdf1bc0675e3bf96a0375e4d84ec39a",1,credit_card,2,112.41
"6b63a86619f7d34ada48e141f2b568f1",1,credit_card,7,72.05
"5bb67bb01ea5cb177b047ffe340c5c3e",1,debit_card,1,44.47
b6a89d6b9a0f7e821a59bdb3e44d8420,2,voucher,1,49.69
"938de98c1b6d50724e3819cab940c36a",1,credit_card,3,417.16
"651e513b1f4ca21be4f83de4c20285be",1,boleto,1,87.90
a9d045793a3a75774ac0fedb5d7d46c6,1,credit_card,1,160.81
"9fa4ce47e1ab92d83988552a89dc3ed8",1,credit_card,6,229.81
f5bece298ec65ca3b929bd174b25d419,1,credit_card,5,250.88
"9b496783c3754fac34c3f4ac1eee7d9e",1,credit_card,1,51.79
"69df1d467702671ed04aaa60c5996701",1,credit_card,1,98.97
fc3d33c41b8d6238db849297f3e51555,1,credit_card,3,235.50
"123609d09763b3bd86c2046f54b391e6",1,credit_card,1,59.25
"3464de846f6595e07bdee9f5a234743c",1,credit_card,10,166.59
df7cf69b92e5ffc5ff57038ee4990f00,1,boleto,1,28.95
c45965834bc929b4242b82f924d52c49,1,credit_card,10,1528.03
edc0fe108d350a1a98a62888287bc6f2,1,credit_card,1,80.51
b26d21b6d1c33dd959e1ece6cbcce322,1,boleto,1,89.17
e1f0086d7b409eb76308869bdd4e39b5,1,credit_card,2,63.92
eba24b2dcc75d6fb248e917715a425d5,1,credit_card,1,30.84
f081d9c6f03801d55a6b730962b9620b,1,boleto,1,55.21
"0f93f7603185d299224f49c8aa5025da",1,credit_card,1,52.02
"4b12f358f41e11521989fd788736079b",1,boleto,1,88.34
af3cf27fd4a38a5663f9e15f0fc8b984,1,credit_card,1,35.23
e9e9b31ec2faa5bb868dc5fa0c66b0bd,1,boleto,1,22.77
"3dc83811b95fef30cdbfcdae61bdb25d",1,credit_card,5,362.65
"3aa41f0c241b0ef62147d849b02313be",1,boleto,1,29.74
"875022b850d729e6090f2e0719518e6b",1,credit_card,8,297.37
"565ccfa6f9e28da74700c42da9deb949",1,boleto,1,72.14
"5990cd4266558bd21aa365d33ab9747f",1,boleto,1,61.84
"1bebe97e9df4ee15bde39be078e3158c",1,credit_card,1,53.22
"3a635b5f9d8d66a95086d273fdf4b9af",1,boleto,1,62.31
"7557d8107d1a5cc575d2e99489f95b45",1,credit_card,2,77.87
"85ead861d8aad2f8734d85d187a42b7f",1,boleto,1,654.41
"2736be66db18bfbfdc0c26012e80944b",1,credit_card,1,66.91
"18ed4e5757d8a37fcb75325f41d7165b",1,boleto,1,99.70
"26721f2618b745ded2575dc7bc35dd08",1,credit_card,4,49.92
"4f13ee1d03583de54e86a2e4f640d0f2",1,credit_card,1,50.84
"388c070ce42d3ccaedfd15662e09631d",1,credit_card,4,68.32
fffbee3b5462987e66fb49b1c5411df2,1,credit_card,3,139.88
bfa7102f2f9eb8afc761f1eedb37c744,1,credit_card,1,230.78
ce0102221c8d12a97979c74d09cca282,1,boleto,1,61.00
"5fa78e91b5cb84b6a8ccc42733f95742",1,voucher,1,24.68
"203a651bc28694f332b40c3e61bf8e04",1,credit_card,1,442.26
aaf4772267009ac972388c595ac96086,1,credit_card,2,44.10
"24812bb88ca7c88144814233a1d6f78e",1,credit_card,1,62.69
d578e968ce420f393efcc423ada6f0ce,1,credit_card,6,67.44
bc7378e3329da5c228531efaaabb18ae,1,credit_card,10,174.21
e20a706ac55f135718368acf3c333dc4,1,credit_card,1,59.22
"4ea7463c339b2551706077cbc666c60a",1,boleto,1,104.85
"820749211528f2ac3c371469c8dcff94",1,credit_card,1,128.42
e6e52c6218b2df16cbe22de214b16fb0,1,credit_card,1,36.84
"846245fd0ae27dba2f13054c098feb97",1,credit_card,1,197.02
dc789328f84b169a3e0e76cb74be3699,1,credit_card,3,418.75
e11b41677b48150784cf28b5c87055e0,1,boleto,1,188.94
"862367d9dd9e80263c5b728d8c81b2a6",1,credit_card,8,316.35
"28bd33366e2139b089b6a34b70176d15",1,credit_card,1,38.13
"60df90a3bd98ae3fd3048b19403d33f8",1,credit_card,5,114.14
dd9da3d7a26689e951d0153988f8fb2c,1,credit_card,1,106.21
ac84ab357a08e5722fc393cec91b5ce1,1,credit_card,2,208.20
"920be4fca795a06506d8e91212202f95",1,credit_card,1,84.14
"84031ca1ba6b8a439611c94887e380f2",1,boleto,1,22.29
"768cf7b525325877d87127d98b19c7d9",1,boleto,1,194.23
de0d2b20f954a9610c624bd2706ca857,1,credit_card,3,76.49
"4b13ca1ea8bafa9b670fd52cbf918fb3",1,credit_card,1,44.18
d559ca25e0953705de5c369c8bdebc48,1,credit_card,3,110.46
bd4bd0194d6d29f83b8557d4b89b572a,1,boleto,1,37.83
cbf088f9ac169d9c7eddcaa9c5e465fe,1,credit_card,2,80.51
"77aa92a7fa7631318d976cdade65422d",1,credit_card,9,95.18
bb1af69d9c3122c683d442d8af845410,1,credit_card,1,131.62
"7a4caa019e7bb13e8a2c00696be65ec5",1,boleto,1,22.13
"787668255fbf3cfd994f9498dc30f5fd",1,credit_card,4,47.61
a8cdf6bc7ab2e5f5ec6d5dc977c3c295,1,credit_card,3,30.73
"3613892d0bff9156e733d4f86a1cd12b",1,credit_card,4,826.80
"5fa537c43d686925db746d574cbc2e0e",1,boleto,1,375.13
f6f5da11ef603df65572d4a9444e1030,1,credit_card,2,144.56
e43abf9982299e5688c4848401c0fe83,3,voucher,1,26.59
"3b242b46f74b79a1db39d117260d115a",1,credit_card,2,172.92
cc5a08847378509a7fbf5fe301bbd57b,1,credit_card,5,343.07
"7eb84fb181fe75a2b97152673283b52c",1,credit_card,3,163.02
"7c18eddfcd24680d80a502346221614e",1,credit_card,10,423.67
a0727c663f544d6618123c94c779f29b,1,boleto,1,117.96
"749d73f14d7f582a7c7b12894d552da2",1,credit_card,1,55.91
"3b2306ebbd3f8e2923984f42b2c03228",1,credit_card,4,181.78
d0d5164d91d59570247b483352eee612,1,credit_card,2,85.72
e2cdd25091607dcc893bb86f3ce52b26,1,voucher,1,187.27
"3b1bf20520476dc7b150dd52f521e525",1,boleto,1,70.04
e977b374d773afa133c09a9215ed08c2,1,credit_card,8,175.78
"4b2b77264527954aba5aa02bd8afe5a4",1,credit_card,2,74.43
c24e1ca06df82199a5041274b7c33643,1,credit_card,3,34.76
"93e54e64ecc1adc1d0ac9775dcb64ecc",1,credit_card,1,83.56
e7bf6c078fcd0eac3b977d498537e2b3,1,boleto,1,317.21
f22177a7a8496bd964aa18a000b69628,1,credit_card,1,68.61
fefbe15ebcd87ab3fb8577e635a8b31c,5,voucher,1,5.57
"5a6879f3d732e716425f7ae07f217d1f",1,credit_card,3,46.63
"7fc7d9c812c9ed9d6432cac2912a1091",1,credit_card,2,49.75
"5e7e66344d4f127f114875c930d621f9",1,credit_card,5,59.00
"06c9818464bb97d2f13568dd66e904a9",1,credit_card,10,570.56
"0c41f512e2783cc1d84227b9afee153d",1,boleto,1,163.83
"9365bcfea1b55fac36333fe520a9a53a",1,credit_card,6,76.05
"98c809bf2e8392fc389fdf8e2bfbb856",2,voucher,1,469.13
e8a6076acc910f75cb8b149ecc89441e,1,credit_card,7,146.57
d7dfc2d3f206658f411ff6be69b5cb24,1,credit_card,3,178.54
a7f6dc6901f43f7036bf20db72cc485d,1,credit_card,2,92.90
"738129d32fe1f1ed56c7078789ebe85a",1,credit_card,3,32.77
"35b5ebbe9ea1f14657bfdfb4b52d7465",1,boleto,1,52.05
f1cefe8e64d1771be13b8fd8360385e3,1,credit_card,6,68.28
fe3dc8be25e5bf90ae8fc3c6d7f680bf,1,credit_card,1,265.42
"2942d87f97c462f2c402070d7e2c1882",1,credit_card,3,100.53
"6541aed6de52f3a9f2cb99afe498dde4",1,credit_card,4,199.00
"8809eb241de20bada1a2eedfa3c47504",1,credit_card,10,901.16
"54ef7706bc8a0c0209e7aca10d463608",1,boleto,1,65.53
"31dda941b6ee5942d784d50d6b3092b2",1,boleto,1,116.94
d1906aaa99334bb372ca6bb31b8ae5d5,1,credit_card,5,59.62
"075cc7ce268544c780299db653d21467",1,credit_card,17,175.16
"43b257905849ae34c59c666d143f50c6",1,credit_card,4,80.43
"9e610f1799387c81ebe3841937df9098",1,credit_card,3,77.79
"22ea5431233830227f077473a051d55d",1,credit_card,3,108.90
"807756ebd577f025334944b87da7dbc3",1,credit_card,2,50.27
"22c05027bd97d6cf4376df52e0a7e5a2",1,credit_card,1,79.92
e7bd3db8abefd00235d14df8ab86abef,1,credit_card,1,37.78
"0b398dbb3e7c81005f3c69b01488c4c9",6,voucher,1,11.66
"823d27620ee2ff69604191b087250a3b",1,boleto,1,66.67
"44367541b21451fc1fff30873b2cd899",1,credit_card,3,496.18
f7a6a012fe2322e9fae5ad8b10385f15,1,credit_card,2,143.39
"5cdaa660eb08635df23ca69011e9b5ce",1,boleto,1,35.77
c19888f4be068d830e6b0abd63941019,1,credit_card,1,34.04
"4d2e2634819452adb3313ccb5abd344f",1,voucher,1,6.93
e4b5eb77d6eca2730a7ed8e9abaf4db2,1,credit_card,6,321.38
"1d77c7c5078be3063af35c806a5dd843",1,credit_card,2,88.75
"8d71917758ea476a2b1014f34c1f9005",1,credit_card,1,102.73
"7d960d3f481b040257655876b44e79bc",1,boleto,1,463.75
"3a7d30daaa31a87149374d946dc745e8",1,credit_card,3,69.50
"4fa373aa126aea437de1bdab7e3f4179",1,boleto,1,186.92
"42147d583a31840a77e1db9308e9bebc",1,credit_card,5,311.35
"3ad8b95da1d9a9f797b5d79dffcdd15f",1,boleto,1,186.95
c8d8247ff7baf429edc63c9a81a2fd6f,1,credit_card,7,75.65
b850a16d8faf65a74c51287ef34379ce,1,credit_card,1,21.77
e2e6ee1ed2d7f2f36b05d234983bd7a0,1,credit_card,4,752.21
a020d152ee29f0fef7ec9ee414a44318,1,boleto,1,42.58
ed323a60ad5ab8678d704d129b26628e,1,credit_card,5,103.89
"303b11889a7c5232f208a70be31e8ea0",1,voucher,1,48.22
"9218159b7b4899ff64d48431905c03b6",1,boleto,1,87.55
f9ba4a7646e78ee867081f9a098c3290,1,credit_card,1,68.35
e7475420bf383cf47bda792c4efc13c8,3,voucher,1,46.38
"09286ea342ad6877942f93c17e1caf4c",1,credit_card,6,214.31
c0bac39bc73eb88d7fe4e9d378d0b64d,1,credit_card,5,76.66
"5aa39cf65e06c33f4f504d708a90887a",1,credit_card,1,39.09
"1896e8b8fd196151559b02e31e98ce89",2,debit_card,1,108.95
"4b939b269e876343e876d466afcb69d1",1,credit_card,1,49.00
"6d0f0280ebfb3b857b70731c9df2158c",1,credit_card,1,58.61
"3f72d2b757e725cd48a4726f831c7789",1,credit_card,10,267.49
ad443a68e64f21acbda949c91bbe9aff,1,credit_card,2,128.29
"6489b3baf98eaf50ca1b39f9178a1510",1,boleto,1,33.10
d80faf302bbccea1f0b613d440de4d33,2,voucher,1,7.16
"7ea3b6e314e533719b7dbc3ad951aef3",1,credit_card,4,253.82
"31f8953fe9c7c62ad4bd0b3afaf1854b",1,credit_card,3,190.03
"9dd59f7ebb5a498a78c92b880b30dcf1",1,credit_card,20,200.08
"9bd1262011363cf74478ba1d6f04ab28",1,credit_card,8,149.26
"45d401cfadade31e1b461e030548b712",1,credit_card,3,150.15
bd3ad7eb83661a769a1a6c35949982e2,1,credit_card,3,157.36
"3a340d73b238bb50736793ddb808d21b",1,credit_card,1,81.21
"488d5fc485f4624acb8132918763416c",1,credit_card,1,82.33
be7cd2ed9b40294805a5db0da7b36af8,1,credit_card,10,127.48
"8a3c41e07ed9a435a6fe2749311f2b04",1,credit_card,2,141.10
dc5f7bc4c5617c381a1943ba3d5cabcd,1,credit_card,3,32.58
"51879b7474407f56048b6c36cc3e263c",1,credit_card,10,222.87
af9590febcbcb2c619ddf09330abc567,1,boleto,1,147.06
dfa6911d9e73fc699350f724c6af35bf,1,credit_card,10,163.48
"3d4747e5a741a90f0c60acf8ce8399a2",1,credit_card,4,43.00
f5f810c2e855e43855a29906c1cfcfde,1,credit_card,5,162.03
"5d4c60302689f1e23d80b19eea938bf6",2,voucher,1,25.00
"9c9579e034d68cb04baf60a509029827",1,credit_card,8,80.67
"1379ed790d1676edd6631dc5474c4b44",1,credit_card,3,124.11
a23f721497b1d681e6408ab48c1cf387,1,credit_card,1,14.00
b7ef6e87085339d9ef7be05148b8ea74,1,credit_card,8,178.47
"1e36204fd8a2e695a35dd5e41cd392d8",1,credit_card,1,110.00
cbdfeec9560d60a397a4806eb64f0aa4,1,credit_card,2,350.63
"7a76fba56e5e78997c15b4e7a3a7e760",1,debit_card,1,53.00
ea5552c430325cbf26a8b504d5805925,1,credit_card,2,131.80
e32a3048899c0e892845b12e78d039f5,1,credit_card,1,96.22
a55b72ebbf51055b6c5b083edbf8bfa2,1,credit_card,5,50.86
"3749e1bbc7bc1d318446e7c177727a01",1,credit_card,6,155.44
cfa4fa27b417971e86d8127cb688712f,1,boleto,1,46.16
"707d2b5688f10de45e680e1bec5d83ad",1,credit_card,5,110.33
"12ada6ec0be92b66bd3392b1764a4588",1,boleto,1,400.66
e5896b4982934748a02e2d3d889fd1e1,1,boleto,1,132.17
"610cb5d8ac9938a7e80ee9e3b9c04be5",1,boleto,1,140.54
"99044ba4cee09a5fd69a8c9a25599f55",1,credit_card,6,136.79
"5503b14ddf7853393e5acf02e0128442",1,credit_card,5,50.83
"189ae4e1cde214b94b2311aec85f39e3",1,credit_card,1,63.82
"16244699615d84f02399e1b0e88468b2",1,credit_card,3,194.81
"104a388dc1207b546c35e97288953ef2",1,credit_card,5,52.82
"4d86f5a505c2db6222cc130b835bae1e",1,credit_card,2,76.99
ee2bcc3fca40f8992903209e91a6e19d,1,credit_card,3,330.13
c6f64ddfd9a519815891070106aa9543,1,credit_card,1,169.74
ea36139bc595b9fe7aa21e2c78037185,1,credit_card,8,600.00
f0dbbeed3a0b658b884893bcdde5e4d4,1,credit_card,2,166.29
c098cba2756a69368af3647513e27a98,1,credit_card,8,298.48
"5034308872e3b0e7c30ab14859feef53",1,credit_card,10,143.22
"36e2a95392e7e15e80e0937066007a56",1,credit_card,1,61.06
"7c7e31f3d5eff7a33f2a59bc88d45442",1,boleto,1,67.50
"5ff6b97d147ddae53ab72fcabecf8103",1,credit_card,1,167.59
"05918cf24658c4ee3a67a684684305d3",1,credit_card,5,328.64
"9a0cebd801c90d02abe53d221d4cb605",1,credit_card,3,162.65
"138630e7e14855ce216a9db0cdabbe06",1,credit_card,1,145.01
"520511b04850b7b40c753fb70aca7bcb",1,credit_card,4,189.07
"5b622911c1ded56d1c2795034bf78d3e",1,credit_card,10,180.82
cb61ea5ecf3a762ee7460dc23d50fffd,1,credit_card,1,44.08
d6512a0a704823e18aa30696ac4d6060,1,credit_card,3,101.34
b161deecd4d00e692166e541a2bff028,1,boleto,1,321.92
"993fdd67bb09daf3cfa570484782ae5e",1,credit_card,10,154.12
"7f7ecce97b3b42d8f61c14fd46a50593",1,credit_card,6,148.20
"29368d8ce1c627a562377e763eee8a3b",1,credit_card,1,330.38
"5bda85803d5b100f4a2c1aea2f89c40d",1,boleto,1,58.37
d11d6ab0c7df16a66c726f6f83ef51d1,1,credit_card,1,47.91
f6a08a1ed99bb5b7aac1460a4eb56521,1,boleto,1,75.62
"0a03ed20390f0245ab850bea4186190d",1,credit_card,1,186.82
"6672f82679e65c575e7d00564c1dd239",1,credit_card,2,28.00
"777e839a3f71170e58385675ce610501",1,credit_card,2,98.65
"4207ad8e0e4e4070f271c930d25f72d7",1,credit_card,4,155.14
c5169d427c5a1a403a3eab0ca8d375fe,1,boleto,1,194.50
"4f0ae5e0706a3e90f9f36d0f34fe60aa",1,credit_card,3,92.78
ae8b5df33b436c333b48d59c25ddcf46,1,credit_card,1,70.07
cc8791078134803e82728472be137f38,1,credit_card,1,192.36
"42292e831d26e43153b9bc1e5e440681",1,credit_card,1,84.14
b3fecd6def645344f844fc19117ffcd8,1,credit_card,2,98.79
"141ca33a492a1e577828c4986e4775b2",1,credit_card,3,144.28
"4f4895a14aa8c28dd6c67b1ca830225b",1,boleto,1,155.84
d273ccee1a7ee1a7013cc285da0ff429,1,boleto,1,32.70
f478f5a8d328a5e473e8c09106bfb312,1,boleto,1,96.68
a0e645abd6eb15b02cdf8a5af28ba8f0,1,boleto,1,41.42
"184f17bb701af22b8e00f5830af704dc",1,credit_card,4,44.00
"27a14f1949c308b236684c6b7732eb03",1,credit_card,3,199.73
c7b0be5584c50efa8a9d95d3eecbece3,1,boleto,1,1826.07
"6e8b784db4941b3dbd08146464f9f628",1,boleto,1,38.13
"4772a4a9429a2a6bb2dbb664b711eef8",1,credit_card,1,53.27
"3eb08a4c95b522bed075ec059ad858ab",1,credit_card,3,224.51
ee18e41d0d059cc434a43e62e3352c40,1,credit_card,4,45.59
"8bf12a5b441bd86a1edbccb6137c9b0b",1,credit_card,1,11.63
"07402f8be1c291f1c5da3edeaf5cb8b1",1,credit_card,2,41.01
e2e7ed46703108a39d779daeeb8e4f23,1,credit_card,8,310.18
fbee7d34e8344a4c1775259e98e9a2a3,1,credit_card,10,462.07
"5342b9531898bc55c9af92a2c49dbfba",1,credit_card,10,688.24
dec898799672bf9d3c4930eac5026453,1,credit_card,5,159.01
ea4b1db6a5d7e3519dd7e4a3c260c8b3,1,credit_card,2,55.60
"783333de65d2f6a4397cca176367ac90",1,credit_card,1,130.15
"6e546451c98a5df5fccb147e1c68827e",1,credit_card,1,64.06
cc0a0d27ed6897ad08f28a1f2472a49d,1,credit_card,2,101.14
da205e39e5c9572ab09b0f2ee02e7c04,1,boleto,1,206.87
"8c2f915441bbfbd7a7b3ace56058f799",1,credit_card,2,238.10
"61450e6c8f56d52e46a198e57df7d731",1,credit_card,24,252.09
"3a1ce4053005d669ac4e0047a13573cf",1,credit_card,1,11.58
f35cac76c0b3ccb901b3ac0326ef34ba,1,credit_card,3,42.40
fe51b7fac3bea42115fa1c3b8973cba7,1,voucher,1,42.62
ef5555014add0fdfbe3f34f85365f650,1,credit_card,2,52.85
b94e9a3fad6a18ccc040e66e4bd271b4,1,credit_card,5,148.15
dacb857612778747b96d5afcad0adbd4,1,boleto,1,172.08
bc73e8deb8fec536f3e4c8340d37a8ce,1,credit_card,3,151.61
"54c2fa26d524b90f034358bd9d333207",1,credit_card,3,152.62
c01f191e1c46c4246cac196674e22bdc,1,credit_card,2,158.92
"91fedd9854d3837c210542a3d86ddf26",1,credit_card,1,124.39
"6b38e49992a77d12586e9cc2cc5b94a2",2,voucher,1,39.31
b5e27ed7d2286de656b8b949caf52958,1,boleto,1,137.55
"10aa3224bbb698312ca210f229f91b5e",1,credit_card,8,1423.54
"491973b24e759d56ee5fb0e7477a823b",1,credit_card,2,828.22
d14da316939ad2245cd4bb898bc45a62,1,credit_card,4,40.79
"1e0902a76612d4d2268202f4f00e11d3",1,boleto,1,80.18
"477c5227ffdd6b36ff00bbc57f290874",1,credit_card,2,78.20
"895ab968e7bb0d5659d16cd74cd1650c",9,voucher,1,2.61
b4546ff451b39382f5c1dd81355a0c58,2,voucher,1,133.65
"6dc6a1816b2df736c34fd4041af68068",1,credit_card,10,106.38
"2c43da70769acf988d27b050b189c7fe",1,debit_card,1,265.80
de4f573359ebca3ee24bbe7cddb31052,1,credit_card,9,90.48
"607e1a17f3e649f24abe13bb0dd25abe",1,credit_card,1,156.92
"93843243cdd92e9fdfd9a1eb7429ddf1",1,credit_card,1,79.18
"4974bc485d07cad8b6e5000a345bcd50",1,boleto,1,35.13
"3ad3f961be5de9064df7ea138472ab70",1,credit_card,5,77.57
fe755232f249d0844951831268c55593,1,credit_card,10,271.32
"707908eb6e2d0201edccd469198238b0",1,boleto,1,113.22
"7488164ec74fb9eeac75aea6e2a35004",1,boleto,1,61.79
b34e44cdbd34bb4655d2cfe52d3f31e7,1,credit_card,10,154.63
b630c986ea5c14749196132407a05589,1,boleto,1,97.65
bbc6d3daf51cc53198aea4cf9950cfe2,1,credit_card,5,51.72
d6b2e1ec7df97339dcd2bea853f8ff0a,1,credit_card,1,157.79
c557060689aaaae43b1c0369e2a1e221,1,credit_card,6,72.76
a8509dc24b521846439b3c61f221af06,1,credit_card,5,55.04
"97d8101d1c704d437f9dfae4bdd530fa",1,credit_card,1,62.88
"1361dafbb17a41b4073880b5f839962b",1,credit_card,5,104.55
"2fce099f5a86120f303904a36cf648bf",1,credit_card,6,506.29
"7b9d78f5bc4b271094f1e7c107c3142d",1,credit_card,6,117.85
"0f13cc32312efa26fb2a0f9176f070d2",1,credit_card,2,62.46
c27cd942c2a926d25153090afa106ceb,1,credit_card,2,206.36
c711e1b54b085d35d928d9749be0497e,1,credit_card,1,39.09
ac4c31fcb560d160001849fc155285c3,1,credit_card,3,56.48
a4220c184ed6700f8516552b2cb3c20d,1,credit_card,1,40.93
bf593abe2928b23b60cee1ff3471a4dd,3,voucher,1,16.94
"1389d3b1fab26d87e40c382d11a8ac3c",1,credit_card,1,15.26
bc8de2ce88f2522d4df000c2af088a11,1,debit_card,1,46.62
"71f127c82ef10da47995594de39619e7",1,credit_card,2,105.39
"342426d7317aac507750dd7c1c9e1014",1,credit_card,5,902.38
"89b343512f0ecef64745c4e3bf856efc",1,credit_card,1,20.03
"61f09a5c165d4739d93255570e4ca385",1,credit_card,1,101.16
"668b09e578d6cdac0eb996a3457d49a5",1,credit_card,1,121.90
e264592bd65236932df8193bed000e39,1,credit_card,10,759.49
"0e3743eb1b447eb4747eaafc9221fb41",1,credit_card,4,173.52
d80faf302bbccea1f0b613d440de4d33,3,voucher,1,28.65
"0987363c91de454d42d084b84a691f99",1,credit_card,4,164.32
"1ed3c7f08656149896b3e30bff0ad3ab",1,credit_card,3,526.84
d264d651c8218bc064f4b44d3c06d9a3,1,credit_card,10,197.96
"93a26c907f3cb027c20d10eb353ba175",1,credit_card,2,33.47
ee74d6d02ebb3a2ec7b9038dbb0748e8,1,credit_card,5,62.28
"1b4ef3bdad72cad23a9bd4b06f87ab7b",1,boleto,1,98.46
b67e02ea060b19daa2f506a1357b29ac,1,credit_card,5,61.85
"7afff8cad4526f9932fecee92be8507a",1,credit_card,5,56.31
"82a30f6b1e7a65b2ad078d587ed296af",1,credit_card,1,114.44
"8f3764cf2bebf60ed4e426faefff6ab1",1,credit_card,1,78.64
"515c252d5e8d998ccbabee187e40d8ce",1,credit_card,3,280.23
"83449730f699ad6cb7c8ac34acf0ac84",1,boleto,1,62.74
bd1e1a304d04fa76626646f8efa12f77,1,boleto,1,67.22
af5b0604e113e1526593d505a26ef39d,1,voucher,1,28.62
fe2893f4e6b71e79a7aec9c777744a16,1,boleto,1,50.72
a62edb6b5312cdc742089aa7c336718c,1,boleto,1,237.55
caca2d936195ed2a43dbb6f64d6820f2,1,credit_card,1,74.07
"84b8aa364340ac5264c756bf7cb88c7e",2,voucher,1,50.00
"712735486b60bc6aa8da903bf80c8a96",1,credit_card,2,93.82
e68bfcd131b9bc3883d94edef69ea9bc,1,credit_card,5,124.31
"800ebc071b1dcbab630e96af15a7a1ef",1,boleto,1,325.12
"075d1d2a3ac6d55e925dda5e2ad0c6fe",1,credit_card,3,179.92
"2c287808b2feef34a4a25e5337bb08e1",1,credit_card,6,696.61
"5f36ab96d98adcdbd05d08d54100f1e1",1,credit_card,5,55.79
"1cd399dcea276c15247818674bb83c63",1,boleto,1,63.50
b22f46d14bcfec19b69fd36b7c0842b2,1,boleto,1,377.46
"1a7a8e3660a0903b0d7c43928700edb1",1,credit_card,1,181.62
fe4e63c3ce772bf558a089b256e4e8d7,1,boleto,1,105.28
"49bc9d5a7ffb965e58cf15e4b9c283e3",1,credit_card,1,144.12
"4fa82fd6944531bec3422230e90cffc1",1,credit_card,1,61.79
dc30763d1665f5167ab925fbb51202f9,1,credit_card,3,241.43
"6633cc9b9695c1fd9c51bd5afca04286",1,credit_card,2,35.23
"5ab25b72b77a59d1fdf22e49e2094b13",1,credit_card,7,281.08
e0dfe8c4850a7ad0b8e41d3a4290ce49,1,credit_card,1,66.04
b1fdceb28f70830d69114860d8b1175a,1,credit_card,3,132.95
d799d9179d71dbb119be4733fa817085,1,credit_card,4,83.24
c2dd88bae676f786c6d4de5c61ce17c9,1,credit_card,3,173.36
b12c008387c613526c4560e87f3f0dbf,1,credit_card,10,128.56
"86839e5d9c4709953ed4c3fa5aa71c54",1,credit_card,10,695.59
e7ffbd51295367d5f8a78ba036ac2b49,1,credit_card,1,215.01
e0e1cc569a1f7a8ddb27bf2c4168e479,1,boleto,1,100.77
"5b649740381032adc79831802d8d221a",1,boleto,1,251.24
"69c5ed61a7bd20a9761c8fb11d727833",1,boleto,1,122.88
"3f7adef1231a477e6ff24caefa8afd63",1,credit_card,4,263.81
"9ecd7832d0c751777b4538c062126bc2",1,credit_card,4,136.98
"66ecad7b5ce5c0df4e95f46d12076ed3",2,voucher,1,45.00
"40ef667b4259d5f521a0fd1a093d0415",1,boleto,1,63.12
d8c3814df9c4a328159b280e60a59486,1,credit_card,4,1728.81
"13d45a0fb42d1b8691a1824859519e4e",1,boleto,1,117.85
bd429f272e71ed50b0adf8defc8d24e1,1,boleto,1,715.34
"39ecefca5d75a7d6c27d724519636818",1,credit_card,4,40.19
"85a3602f48becf78584dbd58d22f85b7",1,credit_card,2,47.44
"6defd297b739370bc5f2fd2f035eeb1c",1,credit_card,2,119.48
"0681602384769af218b41f80e0808278",1,credit_card,1,63.27
cebd81d91393b014d64df92a97a7f80c,1,boleto,1,104.93
"67e9625c39f8c6e529f81ad4c28acc5e",1,credit_card,10,742.47
ee43d4bf4491386fa4837c502b9c3f4e,1,credit_card,4,139.69
c8086b4492f0deb3456e98d734f85d5d,1,credit_card,3,149.26
"8ed420bf335aa8deb040bf292d3e86d5",1,credit_card,4,83.22
"9052568e67f195d6a8c6cd878d3eba7a",1,credit_card,2,61.01
"4dd4fdc64737dc3f4472ceda049cb1ba",1,credit_card,2,141.47
cace823f92c444647ed99fa6ecd8e582,1,credit_card,6,68.13
"7e6947a332fa36bbb61f7fc5a92fc988",1,credit_card,1,11.55
"61fe86ebf170d0ede54d8786d39effdf",1,credit_card,6,60.00
"9dd89c2de0b200abf0a3d8119d9e3889",1,credit_card,7,72.85
bbb149f610cf770685fa5169b6e9a48d,1,credit_card,3,32.38
fee9afa24ed743a26803c4d03e8ba5e1,2,credit_card,2,23.89
fb2f2200a3b712539e9eb91ef5c7e1cf,1,credit_card,2,35.36
"7e206e82d450357c6d35c6a4f69e0c24",1,credit_card,5,52.73
bcb0343717a9e0265e156e34c25c3dc0,1,credit_card,10,111.54
"3f72ea1795b17aa187fb729bd33b4f6f",1,credit_card,1,256.35
f369bf4e7c4a7d5fe6d4efb3d7ea24da,1,credit_card,2,67.77
"9a8cd6b0ac8e80fe4e72e9de1aee04cf",1,credit_card,4,83.75
"738a743a02fd55d22839341f0d696e4b",1,credit_card,6,101.48
"989196f56241e43b0bf10162011e6b30",1,credit_card,1,180.06
fd6ae3b1149c4a3a920086befc628e3d,1,boleto,1,67.43
"06fa97ae36cda18a1e8ea370f3f2edf7",1,credit_card,1,64.00
"927f3c81633f3807af398f2d919530f1",1,credit_card,1,89.45
"8e06d9e5843b8db91a450598c1c8e2b7",1,credit_card,8,396.90
"4689b1816de42507a7d63a4617383c59",6,voucher,1,42.31
"6d324f7246184ff9ac91728e4ade6ec1",1,credit_card,1,96.44
"553682ad4457471eb0db66f89c9bedd5",1,credit_card,2,133.36
"81d8e5d965001789e9f871f474afaad5",1,credit_card,3,279.24
"0419d1888e0a963802e403d8507c753a",1,credit_card,3,165.24
"2d379fd375e20b1de683fc90bce504bc",1,credit_card,1,62.17
a92cfc44e62b26e5bda2aeb39b0e0217,1,credit_card,3,154.83
"1030e192e5193c364dc4ee6beff830aa",1,credit_card,1,68.32
"291db84768080eac60e76d9a3ef9d1de",1,credit_card,4,48.86
"9820515fe9c6b7977e6078f761471226",1,credit_card,2,36.77
a0148d30bd60b1529214a696f8be8aea,1,credit_card,4,117.93
"596ebedbd7635ed05a529154e354de90",1,credit_card,2,143.92
"4f3d4a1f5d64be803fb322242a968047",1,credit_card,1,92.26
"9472d3c8a0ad463cbfc89897334431da",2,credit_card,5,68.99
a103e6ad2ad56584ee8e0400083938cb,1,credit_card,1,30.77
"1f5d62970c5b3cfedc1b2a8d15ffe40d",1,credit_card,1,127.50
"36750bfd3e70a5f8f95edf2e28f1d60e",1,credit_card,2,135.72
f70fd9d62d604dd8ac70938c59b6a93d,1,credit_card,4,406.49
"3407bfcbaa0cb49c244ededbc777014c",2,voucher,1,6.93
"66f4ba6099569fe5564621a8afe502da",1,boleto,1,64.34
d7d3a4c2c9adeb4eb48ee89382f89a87,1,credit_card,2,33.23
"56c52cf14c501d31e4d208bf86cecb53",1,credit_card,10,443.58
"3d6809371021cc510de4743748a1c235",1,credit_card,1,65.45
"697bfc21e6f74cfda0eed559272c2afe",1,boleto,1,56.09
"2cac7fc55f916e66710cb9db3fec5d56",1,credit_card,1,63.27
b2ec82a4b2d9bf24fc1f5ba0e4883bdc,1,credit_card,10,1157.41
a1b33721861b62138c1c0df2811607f0,1,credit_card,6,112.71
"442a41b00a8a8bda35511fdf1eb65cc5",1,credit_card,1,52.57
"38c61d1bbf5143a8c347ebaa490e234b",2,voucher,1,25.00
ecac9efb8edbf004c521a0cc86b0a167,1,boleto,1,208.85
"8c3a0f92a654ef1a5062138245e23887",1,credit_card,3,337.42
a3f586050d25a10efc72e242c88e0c03,1,boleto,1,58.38
"264a331d5c477e9c99eda714b40f91f8",1,credit_card,10,155.77
"32d522d28c7a6cf525cc85599d763c65",1,boleto,1,247.52
"64fee01b4774a493de37aafa79a3d434",1,credit_card,1,25.25
"67bf20df4e87ad1c8103649d48afdcf1",1,credit_card,3,76.79
b708a78d59d407b8733f3f3e9b11596e,1,credit_card,3,221.79
cfd2f4ec78bb56b1fa91abad6d3ee54e,1,credit_card,3,261.18
"7a2226788e3271396a9eacab9c7533ff",1,credit_card,5,74.15
"8eb725aada1a0c4ee389c877da70d60d",1,debit_card,1,108.11
cac310d079865a77ed15919c1bf688f7,1,boleto,1,53.01
"10487ca7dcab9ddc13cd4ee2fe1ef2f7",1,credit_card,1,192.56
"67f8f676db053a060da849e36ee9da6e",1,credit_card,1,216.60
af5bd9a6ec17e248b6a9ad2c0f528acc,1,credit_card,1,95.30
"9a0711872c4923672894e8289ecfab8c",1,boleto,1,57.68
e58ed0440e44bc5b5e5cba33106e3f66,1,credit_card,1,57.77
"6a5f34bb72296c7b4f4a68b6d742d390",1,credit_card,6,64.96
"8d82989b46a15271fe364e6492758722",1,credit_card,1,36.43
"611a173cc635e8416613dbe247b9408c",1,credit_card,10,811.70
"1c35ac660d7ef6691b25d20df3d6eccb",1,credit_card,7,74.03
"56817b6a13a54aa268c6fb5cb044f84a",1,credit_card,1,36.09
cbd72908cd519d4501d42b94604a313a,1,boleto,1,376.87
"9b2ebe500ef39b85f806d10abada8bc3",1,boleto,1,27.38
ded320f8039d7a35a324cf22f83fdf67,1,debit_card,1,445.60
"086c6d64a23359add6c0488fbca20ccb",1,credit_card,3,152.72
fedcd9f7ccdc8cba3a18defedd1a5547,3,voucher,1,26.94
f9d0aa73e0bd149c0925ad648f7f661b,1,credit_card,3,183.12
c3a026aa647c5f58bfd25a10d326ec42,2,voucher,1,11.99
"54b267f79786d7ac585ab0aac88d6da6",1,credit_card,4,89.87
af00499b52c61ba01c141aa619499861,1,boleto,1,254.61
"6222f10321c7b098c4d165139993de63",1,boleto,1,314.48
b791cc8ae56058fd49a44d77c52f9150,1,boleto,1,108.58
"51dc4d44b3dd650e6e1ea0486819e0c2",1,credit_card,1,35.82
"05bc33363c34f9c8172bd111029be2e1",1,credit_card,7,173.62
"598805fcb7c6ca48181f09bc0b15a6cf",1,credit_card,4,134.07
"6eb92aaa2c5654c87c82252bbbb0cfb8",1,credit_card,6,68.55
"635a1975ea58a2c4bf38ed733d7c9339",1,credit_card,2,113.46
e4612c20fad84db70d164d5278c01d4d,1,credit_card,5,169.01
f59b0460d13be0dd48e9762851d21998,1,credit_card,6,155.10
"60c821245c90f135828d088e25c3ffb6",1,credit_card,10,196.68
f01040f161c801679c263084377b85e8,1,boleto,1,67.70
"8ec0671b1fcacf329783aefb39813a64",1,credit_card,10,771.17
"4a091a1ad464c668b5e9570bab388148",1,boleto,1,46.00
"0332758ed6bf8f4c1ffa5b6bf5b5725d",1,credit_card,15,213.74
"5db62a99be52172b589440403f644aa9",1,credit_card,5,56.62
"94111a59e0311e2720ce96b0b8327eee",1,voucher,1,30.00
ced669a0f18cc433701f1011449b80fe,1,boleto,1,42.51
ef2bf4a6c31539b683224ca3ac767cad,1,credit_card,3,223.27
ed04068c75edb94aa53d146e07e4a67b,1,credit_card,2,225.85
d664d67f682d2aa4f5fda6490cbaac7e,1,credit_card,3,79.20
"3fc956a467f7ebdb94ce31e7ff8dd95b",1,credit_card,10,163.32
"36909b609792791f7f50d7cff2b5a0d6",1,credit_card,10,204.83
cb61f25ed186c04d0a96e8830a3078d2,1,credit_card,10,410.69
"6ad644c08b98d152d28f183097633d41",1,credit_card,3,60.86
c95e84ae7a7ece4f18736621998851f3,1,boleto,1,90.05
"8ddd6fc19a466ec0847fec42d69824c6",1,credit_card,10,2153.35
ed3d575bd3358123b063ee64cdecdef5,1,credit_card,3,30.22
"25002fcfee05773be1d9bfe045b95fec",1,credit_card,3,289.39
"7fc7535937ccf9f5b27d59d19c0ae9ee",1,boleto,1,469.78
fe131be5a96c0e5194cfe0c33e5b1bb7,1,credit_card,4,91.67
"0ab5ed0d546ae59a2b1f18acd5b6ec9c",1,credit_card,6,339.39
"9aad86a646fc47633629fbc7d2c2cfec",1,credit_card,3,95.93
"7195ea0d4c4e0e38d3d73002b6d9afd2",1,credit_card,2,98.38
a755e8bb9632b9db4b49aa46b30a2fee,1,credit_card,1,34.51
f3edc8c0a39fd1b01507928af2a47448,1,credit_card,3,157.32
"25a41191628ff8e6be3cfb655337cd75",1,boleto,1,28.48
"00bdebefeb760588a3425fad9dfed3d9",1,credit_card,6,139.98
"63523ca4619b9bf3e69631ca6a273e4f",1,credit_card,1,28.13
a7e2acf9efa6c49b592f37ff9e80bfc3,1,credit_card,1,121.98
db26f26e8c17de720f2aa151af77f904,1,boleto,1,96.09
"6e3224c4911f8c73424e7c2c7678c01e",1,voucher,1,58.37
"7229c37246dd5343775180438d13772b",1,credit_card,10,634.62
"5d0878aacb99275519d63933d82cacdf",1,credit_card,8,171.44
"22f4dea7b1810fd75107dad133794113",1,credit_card,1,29.61
"15e12d9cfb0958b1edd456f8ff11fcc8",1,boleto,1,93.26
aefefdda7b7a272ca35c44b82b643104,1,boleto,1,61.01
b266fc1224f5d4b3ea5c8ac9ffaec15e,1,credit_card,3,737.36
"51db60a37211444535ec72de7673fa41",1,credit_card,10,178.39
"36e4e23cd12bdb0504acb89751e85bc8",1,credit_card,2,288.27
"30940f8c9494bf01d1cc3ab7b583ed09",1,credit_card,2,94.82
e6fdd5628869deef14230ee582a7a4c0,1,credit_card,8,306.35
f2941ef41efb5162199b15316b05ce3e,1,credit_card,8,207.34
"54889af87c9d52034e56647c18e0fc8d",1,boleto,1,112.94
"73afa0a1713acd1377a6473373016351",1,voucher,1,70.74
e588b55b6b7bd29dbdc14c20e37793c4,1,credit_card,1,60.60
d59d667327f6340bdea79e39c63893ad,1,credit_card,2,39.24
b3840eac3cf88799d05e845cf9b8587b,1,credit_card,10,307.11
"4cde0c37517d3ec794acfea07588f060",1,credit_card,1,92.19
d443588d7606795f04ff9db3ee5020d0,1,credit_card,6,64.00
"36d14b81ecf8040d8aba489adf111a94",1,credit_card,1,43.34
e74d9198ddaddfc8e8090f5028697eaa,1,credit_card,2,70.44
"698642d4db0df8b8c4710af6bdff1acc",1,credit_card,2,114.18
b14127bfb817fb9d5883aacd257bb447,1,boleto,1,199.26
"9fbe3fca2706c665022b219b8ff8d27d",1,boleto,1,231.27
"07fac8f9cadb792264f2985ef93eaa13",1,credit_card,2,28.85
"1f90220e4ad97915593771b65c25ee3c",1,boleto,1,180.30
"225f34a7e6f830686955292528e3dbdb",1,credit_card,10,168.96
b2d4f733ede00ab3acde121917de3df9,1,credit_card,1,143.58
"0c65eb5a1415db7a20dfc869c9277e7a",1,credit_card,1,18.12
"04040ee654b248cdc512a68ecc83e4cc",1,credit_card,8,275.19
dcfe9b5776f30f14bdb7c5505d269c08,1,credit_card,3,77.25
"5f0d18fd02d895b6b8d05a96e97d74e7",1,credit_card,2,74.03
a5019121adc7c53836f1542a4138c4bc,1,boleto,1,116.85
d8337c037ad19b2a0b903ccfc3e06464,1,boleto,1,132.29
"73f4e07e698c5c4442249571348109f1",1,boleto,1,75.07
cd58ddbc1336b4ab573d786234c1245d,1,credit_card,1,162.29
"4a285271de93865d4865f3cb399ec41c",1,credit_card,8,869.11
"5e2c33d2f30f75167981f86a98b727cf",1,credit_card,1,143.82
f77f2b95a7b6f7fcabbf99ff2c58dbe4,1,credit_card,8,101.26
f12388e0e8c7694fc38c8de19261054c,4,voucher,1,28.04
"242efbf997dcc144609030002b91446e",1,credit_card,9,99.94
b20687804070fdfcbb7a183e9dd0cc1b,4,voucher,1,2.51
"75fc2d6227460881589d526e733e0499",1,credit_card,3,82.33
"0c1e8da95f0bc94596b6e3571ba53a33",1,credit_card,5,259.64
bbeb3a35e986d6a0f87217b567c99cd0,1,credit_card,1,35.68
"7cc3506c6d4d61a98dc64418c1026d0e",1,credit_card,1,92.97
"8ef18fd729df2df941103728a3ff954d",1,credit_card,2,81.63
"256b2d808e8a564c42dfdb92b485219c",1,credit_card,2,20.53
cccc154ce300f1dd193065ddbf6383f9,1,boleto,1,128.87
"1399414876559adb251d9ea3e3b570df",1,boleto,1,252.88
dc29ff8af44169bdd140d5e40575da43,1,credit_card,4,184.01
"3e3c4a4dde46d9946ddc842ec389afdb",1,credit_card,1,213.98
cb4e5fca9b25bcc00d9d7d7ba9f4eac3,1,credit_card,1,34.00
"53a6bae29048a94e0be1a98ee5a2414a",1,credit_card,3,193.20
"106ba1f32b6a3c0abf4d2845e03b3ab8",1,credit_card,4,161.23
"5f156d65bf7998fce0ebdb3a046e78a3",1,credit_card,1,45.00
"0ed4bf3a5a970c8b076ce4ccec0acc4b",2,voucher,1,136.96
"783f0149c8c49e2539f7a09dc2237b5b",1,credit_card,3,169.92
"2a186eb2b1f153aed4218fbf557c5d41",1,boleto,1,42.00
"8f578fbe296dae4b9f11a4996da9c47d",1,credit_card,10,741.44
"1f3fcd02b6ab99b6b499dcd412076175",1,boleto,1,154.76
"80ba49127f9a97f9bbe4e60770798cc7",2,voucher,1,69.41
"1e6377b497624e8fa908ee4a87e3687d",1,boleto,1,71.80
"70265e39902a914077a038864209d3c6",1,credit_card,1,253.38
f75455b78762d30c7e663172f18dbcbe,1,credit_card,5,65.87
df0a2eff6f0fc7262189d138f3defa0b,1,credit_card,4,425.94
"7f4988e3479541a14ffd638419c902b1",1,credit_card,1,32.47
"4d9190887b47ff1b89c657c788c038f6",2,voucher,1,12.80
fe437c0788b9f47d5ec164c87988cbae,1,credit_card,2,128.99
"9f6183228aa32e890cd753d3efab7178",1,debit_card,1,38.95
"47bcc66b360244699053868c95917bd7",1,boleto,1,35.09
f7059c86772ca15e9640e43be7c31fb1,1,boleto,1,76.83
"7ad292313f72d59700c72169ba543021",1,credit_card,3,51.27
"256d17dcfae69f2c09f3ab3daf76b0ef",1,boleto,1,41.93
"664fffdda32d46c6b21de73112d0a468",1,voucher,1,111.69
"415163634b075446172210d1b9717e2a",1,credit_card,1,39.26
"4a69d6c8790e0f6d2ffdf98e6522fef7",1,credit_card,1,18.98
"3237462ff9a798ff748565335fd86d85",1,credit_card,3,186.88
"54a51314febd38a9bfb89a9f49006289",1,credit_card,2,198.75
d37222a038dff3570139ecf1b452dd3d,1,boleto,1,101.02
b1a6e1094db81b9b6f4b80a40fec524f,1,credit_card,10,1832.54
"1bbe8ccf8a821a0117ad33a62aba2de9",1,credit_card,1,75.80
"5d9b75f3bc3582bd9e405962eb147b9d",1,credit_card,2,125.85
"27b47ff9a743a8a7404a2f8c1037dec6",1,credit_card,5,62.83
c1f1899f5b553547785b16b311b96867,1,voucher,1,49.59
"5b692807e221c46e094e3df969f0eaf5",1,credit_card,1,42.00
"9a838b8807fdd90c94d08ed164db0039",1,credit_card,2,148.02
"5be2326ca192b2612fd8d601f3981dca",1,credit_card,6,131.25
"7325155ebf88da418deb3ac20a5d7f85",1,boleto,1,278.00
d827e1e47dc185687102015449ff2e4a,1,boleto,1,124.67
"6f954a919130aa1e8def4ed1b9fca432",1,boleto,1,22.18
"9437ed1c14b7061eb15c8cd9e9387b8e",1,credit_card,2,138.09
"6b46451f451b73fc2ac0f15484d814ab",1,boleto,1,65.69
"8b109a282174ec781c7c0793eda8be06",1,credit_card,5,108.41
"6c714ec645881d7a96e3193eb2fb10f3",1,credit_card,10,114.53
a5739097eb2ca76c5777ee5c16b5d3c0,1,credit_card,5,724.69
"73f38e238737fb52c78ba2002c2e9213",1,credit_card,4,43.94
af6bc55bfd7ce78e903212e971ad1bfd,1,boleto,1,56.00
a99f93323678f28e79a48b368cbbabd1,1,credit_card,6,2152.92
b89d3f466656d80cfaa4bf9698218c83,1,boleto,1,102.69
"3e7433883ed362df81977e1b24e3d6ec",1,credit_card,3,31.84
"3a3abd8e28e6facbad63e5ee376b5cb2",1,credit_card,10,133.76
ff60bb891018547f7e6b79f9286ff166,1,credit_card,1,71.91
"3ad5c0669026edd9c3bc3fe7b4872cae",1,credit_card,5,51.14
"9562b424b05978a493db2a5122ecab1f",1,boleto,1,59.68
"1f6ddbae00fc6acbc0457caa5fd89ad1",1,credit_card,8,1125.55
"2a4f7453c73c4b1383b45944fd590c25",2,voucher,1,27.80
f1e56e6888d31427f56814ae6077aa45,1,boleto,1,119.89
fcf561e89448f1a8553792c6ce5c0e91,1,credit_card,1,45.86
"42d823440aaa97195dc6f367332376f9",1,credit_card,2,45.69
"4759a81f4e1a2f8f8a7fba72b1f29868",1,boleto,1,60.85
"847c4f7a159896d773a9fda57e39963c",1,credit_card,8,278.10
c59691ad2976778e15003aefa6dafaed,1,credit_card,3,299.18
"3668477773eb5474d397777749d44f08",1,credit_card,1,40.17
"4edb2debfd66979e4c68897c768c36b8",1,credit_card,6,466.20
a3e5028ece0876f0a632152e9a66ff0c,1,credit_card,3,31.29
"9d9866633100cc4ffb5fc63ee78fb52f",1,credit_card,1,54.39
"283e2ad0406e48e2857db0efc44b7945",1,credit_card,3,246.26
c3b1312808b5e55eda5efa7fcb111b00,1,credit_card,3,340.64
"91a96b5defab51616ef57e6b57d47969",1,credit_card,1,40.45
"65fafe7de184fc57f3b77381cf6dc573",1,credit_card,1,153.10
"550ab3611f668c6d97e8d17e4ae901e2",1,boleto,1,84.00
e9fe4a25c4b2cf9709c06e7e6aef0a8c,1,credit_card,1,140.48
d6a55340021ebcaf3b321d5a34c6c31e,1,credit_card,2,101.70
"4d34eb469920ba37e6cab956395a5265",1,credit_card,4,357.13
"6b62b6fb8e065b8f7fe252c9850a62da",1,credit_card,1,28.76
"247ba9f6a94558776b1ccd2d59ce8cb0",1,credit_card,3,38.01
"73fa7b2ad233f0cf7283b818df0a067e",1,credit_card,3,33.47
"9dff95e63c4bf04ca285c9e2252f75fb",1,credit_card,10,359.13
dac3092fa896a585ef8cfe91762294e5,1,boleto,1,53.62
b91d854aba08883a55d43af8856e90d8,1,credit_card,4,176.82
"1768e7971ac449abce2917f608c8a69f",1,credit_card,7,148.98
a6471477bb9173349168eecdc8871ed5,1,credit_card,10,139.36
b9f985da9b5605e8f6b1fb0558b8c88a,1,credit_card,2,203.74
cb1f639d88a5c4d9049c6c61d563f5b8,1,credit_card,10,275.63
a113213b73eab23b8cc9744a43f7f65c,1,boleto,1,34.84
b5e3ecf507a50073bb07d54786f46337,1,credit_card,2,27.22
"525ec9a4d6f8d45b2d22977017fe7849",1,credit_card,3,155.63
"0c505e1ce394e4cd4ccaedf5fcdbc9b0",1,credit_card,1,38.23
"9397029fbc3ec2e77f3ada43544a9309",1,boleto,1,143.83
"8921107bab33ea7cd390f1893ac6d643",1,boleto,1,400.48
"0ffdb6473bc02f6e0b767083d21457d0",1,credit_card,2,173.84
ae0913baa54f18027667d8049c36fde2,1,boleto,1,173.40
"9f98d5dd7d91eb6e4b16499e2a9688c6",1,credit_card,2,75.17
"1198ebbb7a23d6ca565a1c8596c5fb00",1,credit_card,1,195.63
"377aec337a068541200f33229afa85fd",1,credit_card,6,148.28
"0922de4af18de92fdca6fed66b34b66f",1,credit_card,8,192.56
"6f27ae84e8f6ee63438f59c04830b28a",1,credit_card,1,86.66
a69a40da9add4ab2edf07d939ebfb7df,1,credit_card,3,166.16
b513a14f9b8b4de3fe87cadf03715229,1,credit_card,10,417.54
"4b8ff73a4dec02960c8a7783bcf9596b",1,credit_card,4,117.75
d95551ac89d6513a7df861906c4f40ca,1,credit_card,3,314.55
"616c234744893b4411f6e056de1b0699",1,boleto,1,38.42
ccf804e764ed5650cd8759557269dc13,9,voucher,1,0.97
"8e0ea21ee6cfe4bbb2269955fb3967cc",1,credit_card,10,380.94
"9da2ef3ac1a6d4e6140835f3ba6e3f86",1,credit_card,8,184.93
"35c2decdf1241aa585186aa82df2f768",1,credit_card,5,396.26
caa6045d366628b2fe9115e7e99bd399,1,credit_card,1,266.50
"601316c0f92a0da733702a7b89304189",1,credit_card,1,28.13
"945cebd7f0d6886e7971663839507ec4",1,credit_card,3,49.75
"405a30197dbb4ed83804a680c2bbae9b",1,boleto,1,97.87
"3e084693979a8a6e556cf26d97e542fe",1,credit_card,1,114.35
"794651af98ca9412aa91961e14c0a796",1,boleto,1,35.00
d1b78e9aa448923bc97828d395174fb6,1,credit_card,3,151.60
cdf746aa8492ace4e8785a606adf00f4,1,credit_card,7,143.49
d17f79a0c6b2490418043617c463b463,1,boleto,1,155.37
"02d50facee2072550ae5a8ef3dc2e10f",1,credit_card,3,95.48
b951cb6562f56cfb404cd77c81262f25,1,credit_card,3,34.00
fdfb0cda9a2bfa17ad8ea99133a30724,1,credit_card,5,53.37
"6a905c93dd651967766fa3a1a7389361",1,credit_card,4,58.93
"4c0a4b63218c9a22187547fbfb338fc9",1,credit_card,3,65.00
b2d0debc1f9d4d6effd6bc476b949083,1,credit_card,10,111.69
fb0a1a5bc897d399e60669acf0063044,1,credit_card,3,42.96
c17fcfaca02575c7e0ea991578a5e1a8,1,credit_card,4,93.86
"01235dc626dcf13283207ba7f36a959a",1,boleto,1,66.86
f87f3a5e91df877dc36b65fb69ff2465,1,credit_card,1,52.73
"0e259b373316a562c9e71cd725ce1120",1,credit_card,6,77.21
"84ba0cc83717486e49ab5b578d149e87",1,credit_card,3,192.69
bc0feb6a96ad7552648f4183cb6ecb63,1,credit_card,10,102.75
"62e724c4929b9543648a7443b0cecb74",1,boleto,1,90.17
"75c3cc4d3b69230a82468be4d1afe002",1,credit_card,6,171.03
b67c374fb9fdcc4009a0ab62b4525632,1,credit_card,5,246.81
f5f5e7dc064892b36f19ed8c2b40e1a9,1,debit_card,1,83.76
fd58331db3c355dfc547b6dc5065f33e,1,credit_card,2,178.22
c736eebe212e3065b4ca629fb98389f8,1,credit_card,2,79.63
"2bb1693e6826b1ef5f46a4e33f0dbef8",1,credit_card,2,38.50
f247ddbea2a3d9e88b688d08f946db4c,1,credit_card,1,28.75
"180935cf02d9456075076eeaa57cdb70",1,credit_card,4,851.73
"18f0e44c3101bf4288ae858b7be184af",1,credit_card,3,178.20
"1afb4a9edd39860a661d82a4e510bdc7",1,credit_card,1,31.87
"6098632af482e77f99ea9888da679c98",1,credit_card,5,1082.66
b71ab64303680993dd9892f9be490bfb,1,credit_card,1,90.75
"40674b7f0ee237bb07702a45f2bd7d9b",1,credit_card,7,152.70
"141f547cc0f5d65f5eb35f3bcc632818",1,boleto,1,39.48
"3fa7ae01a5f654e3cdd31aa461a42de3",1,boleto,1,366.90
"9776c1b12ae5fd1da578a2b8e064f2a9",1,credit_card,8,80.30
"82c46826f081404f1809ea22a81d293a",1,credit_card,2,163.20
"7f685e08cef9cb9c0d7dfff90ece93d9",1,credit_card,3,209.26
"4c3dc9dfddad01aea0666beb48895f7b",1,credit_card,8,1125.57
"19dc396137b147d804b74b9e5bbb9875",1,boleto,1,35.00
"1c22db314685946243787baefb41a355",1,credit_card,2,163.79
"7f344d881ecc07068685ad394ed44715",2,voucher,1,14.15
"500da3334d495dbdd1c35b6d1a33c004",1,credit_card,5,58.14
"2a6fe3e9e5cc930c0033522f117c1a20",1,boleto,1,21.77
"0e5c1cacfc470555872819fae01e07ae",1,credit_card,1,110.00
"6dff5f464df4049f98419b19d120c5f2",1,credit_card,1,108.86
e1f72316055b5f5da7834780f994d6c7,1,boleto,1,84.72
"56d77c57f5ca7c1b0142b3c86d5e1270",1,boleto,1,193.29
"21de78ac0578363ecb087f82755e6593",1,credit_card,2,55.46
"4c1b702493f9e6a8e7ab024bd34ba0d4",1,credit_card,8,171.84
"2961944c535cdf9a35710b3296931c78",1,boleto,1,730.05
ac9a25281ccc31b31fc2e9cdac94d9f2,1,credit_card,1,185.93
aeef968fdf13e92d3b80306d114ed681,1,credit_card,5,123.27
"478f2ae691d27c91c581c47b8e9f61d4",1,boleto,1,25.84
a92364d98a6fdd24699369e932fa1a4f,1,credit_card,1,120.49
"6c45e2d6cf05790573c8247e28c24a91",1,boleto,1,131.62
f0763474ff93b0e93e8c14322f0e2921,1,credit_card,1,164.52
fd6271b5137f0a12cac31ef41cbef0a2,1,credit_card,1,225.67
"491d54c8505befdde05293e4e97c16cb",1,boleto,1,79.11
"10a154c430a23bb8a3ecb2ffc52bf81e",1,credit_card,4,218.64
"0d217515e77987c3856fba474f3300fc",1,credit_card,1,47.81
a67eb7e1e345d47ea191f88d20b02f48,1,credit_card,1,43.28
d8b7feebc9066935b2a7f7002abb4e43,1,boleto,1,42.71
"544d1f9c5ee516c32d95b568fcc23979",1,boleto,1,165.48
"039df018e03e7c5db83bace2fa6af002",1,boleto,1,107.46
c9af5ac1e116ade464741593ef70e986,1,credit_card,4,524.48
ba3c3f0a08fc618d7bee784ef3a1574e,1,boleto,1,201.15
"7ab25586eb0423d8038091f70b35a4a5",1,credit_card,3,233.74
d9e350703a718681ef3cc6f0d92c0c10,1,boleto,1,123.00
"9f3d413d603e92e1256f70cc2c0b4f85",1,credit_card,1,29.78
"60b041f9c97f5cb1d089443156a52836",1,credit_card,2,305.01
"62f3b85438e9485d84c4940776f9ed67",1,credit_card,10,318.40
bcaff5892a4def087ea5036d6b89b9db,1,credit_card,3,76.66
cd0e2c76047beea6ab6baefcaddb7de2,1,credit_card,3,62.59
"32cfd413ea0c915a211233c47b4e4de6",1,debit_card,1,45.22
daac1a5a0e38caa76166f1569db2895c,1,credit_card,1,53.37
"145afae38debe68ec37d5671526db93e",1,boleto,1,116.85
fe5934ce67c87c337cf9c8575d7772a0,1,credit_card,3,32.38
"3d5aa3b04a54208866a9a716d80e6b89",1,boleto,1,95.67
"39ae8b6363e0b01a0d2fa87271958af6",1,credit_card,2,129.24
"05234d05cd854695218f98bf84cd2489",1,credit_card,4,88.35
"11dd4e8d5273dee8fbe9260bd8e0e5fe",1,boleto,1,1184.55
fdd4a975a3f9bbe439a0faf0fa587f83,2,voucher,1,28.04
"4a778bf83b14e5f0f74e35bf9dea4a7c",2,voucher,1,17.77
"6c673e7f0e59af3f88e62db4bde6b126",1,credit_card,3,192.47
"08225af20bcc4b379e2019b723e44a45",1,credit_card,4,43.09
be28f879f9c5e345df9e5b5fb441e6de,1,boleto,1,127.99
"1052fc490084f258baac0395a94fa58d",1,credit_card,1,27.79
"25c0c95ad63107ee2478a09c851a6a67",1,credit_card,2,217.22
"14a695b756de73b46dafb2151dc5ae98",1,credit_card,1,175.46
"002175704e8b209f61b9ad5cfd92b60e",1,credit_card,3,123.11
"638913622370c1dfea90659077bd5375",1,credit_card,1,57.60
d04757c9594f6b1953682f34c0b1086c,1,credit_card,2,116.46
f5090f33660f2488a5358a5694e0a64b,1,credit_card,4,78.52
"3cf8df3f88d9f6f82a04ecd4028c6dce",1,credit_card,5,124.44
"233eebd5164efa70e2f97046c2bb804c",1,credit_card,4,71.42
a521e134bbecc7830c49d1c582630bd9,1,boleto,1,29.88
"60639cf6e21b03e84ac060960347b628",1,credit_card,1,53.40
"5136d629a7e0039e85661a0d44199e64",1,credit_card,1,71.23
"9a58ef14cb28c0d8eb1772e86f0ac133",1,credit_card,1,21.43
c502117a7895e7931e1362f69676ec36,5,voucher,1,16.15
"4d0e8487272b6084f4425347889e603e",1,credit_card,2,99.52
"4cdbb26aa0dc8e7179f33edf59722fa8",1,debit_card,1,63.12
cba3ba41fc11892527457b4be8d57308,1,boleto,1,153.06
"8304f049f874798b19276d475a0b1851",1,credit_card,1,27.75
"45060534aef780077c10103b60fe71c4",1,credit_card,8,119.27
"82516b1bbe4b8bbcb50025b8cbd62505",1,credit_card,4,53.22
f6415e11dbe7872c1a44b5a4d3cae947,1,credit_card,8,315.20
"60f5ff66c997c51c2563dc9c38f17c35",1,credit_card,8,263.65
"8e65fdbf220572dfd3430631b5d89947",1,credit_card,4,98.18
"12158685d93b3a6dcb6efad25cd8e056",1,boleto,1,107.00
"077d6b93c4e88d06b124cf24fb67a28e",1,voucher,1,28.56
a679a3450fae65339681e567b378ebc5,1,credit_card,8,328.51
"44da5f6639e6db4190b643017e264022",1,credit_card,3,148.00
"2ba4074f243f2ec78961779a7c89b1c3",1,boleto,1,117.94
ffea79d8c5fecc22cbff0c54eda9b65c,1,boleto,1,69.59
ccacf38d836bb451f51a555780ea425c,1,credit_card,2,166.29
cb8c458795bc8dfe3da5230ce7001eca,1,boleto,1,316.09
b93e3a733006e1228ffb0f8a5550e9ab,1,credit_card,1,117.18
"1d39a1c8b0608d354cde577264409ce0",1,credit_card,1,82.73
"084ce670827e3ebb5f585818b985bc25",1,credit_card,8,247.86
cb7c837f8c5240816176dc115c21a746,1,boleto,1,238.56
"968cb5ac821d8c165eb1bec7d47eede2",1,credit_card,2,66.75
e9171e375d76592a7c88e9f155664869,1,boleto,1,59.33
"18233451c81fa4cf187fae71d8e8a299",1,boleto,1,115.25
"8a3a8f42d50b55a791a051a19d856c6c",1,credit_card,6,118.93
"7ca8c6011b3587c9b445d53f3f9adb7a",1,boleto,1,74.64
"4f6919f0144dfbe984adb649c1fea46d",1,credit_card,8,440.16
"246161390a20f964881feeaeea896671",1,credit_card,1,61.85
"96ad8ef0669dc53c0830b44376e975f5",1,credit_card,3,34.23
b3158056db07efa2b7f1a0642d5dd1c4,1,boleto,1,265.92
"66f5111aa3f376fd7dfa577aa7c57515",1,credit_card,8,117.00
"3276afbd4fd6d9c1909717750fd3135e",1,credit_card,4,93.19
"52666f83fd40e5b2c08e62dbff7eafe1",1,credit_card,1,125.51
"301313444187abe8ef32ccb2b73b484a",1,boleto,1,79.24
"2535db807a19b29005b159580bb7f9e5",1,voucher,1,35.09
e6e4672e14ca0ff3cbdf2e23e1d6cc30,1,boleto,1,125.65
a03ef580bd24d3cfaa7aa92e08ca6b58,1,boleto,1,391.68
ec98ce3407cb6d360ad1315044bfc774,1,credit_card,1,25.15
ece77ff7c87f439ddc4a2eb28c208ac3,1,credit_card,4,78.00
f6d1cdaea8f3582ecfef0882b910ad6d,1,credit_card,6,209.79
bc58b90707a6d6fe11fa9a989c5a7269,1,credit_card,2,28.09
"330f4c4ce3d46e9f892b06e6f0bc9aad",1,credit_card,5,54.90
"64f0da9068715955d37b40377363ecc7",1,credit_card,5,55.73
"74397ad79115795a8c06af7e7d1fb2f0",1,credit_card,2,115.00
d8bb2fcc20893860be66137f4cb84b0e,1,credit_card,2,141.58
d75e6a846d4aa0cfed378238a9147689,1,boleto,1,43.28
"3c0a046b559b573fb30e2c6b041fd544",1,credit_card,1,69.82
"9b441adcb57c2e78cb12352908df3ea8",1,credit_card,10,643.84
e061774175ff51ccb6cfaeba1bd08121,1,credit_card,3,64.40
d2975b514d409e2944d8d63ec7156292,1,credit_card,1,27.20
b60191ed39f4273d4a1710232a220651,1,credit_card,2,118.14
"4c9f5051d30feb2d3b0f1aad23e86de9",1,credit_card,10,285.64
"357769c200aa5a3a9b859db2f47b9b65",1,credit_card,1,106.69
d2deb9270ebda7fd5dc5ff3b9a499a58,1,credit_card,3,189.19
"426d4272fc71353cab0d91dc2658b066",1,boleto,1,66.78
"9ddcbdcbc4aaaf0fb65bd81df074f5a8",1,credit_card,3,52.35
"4527fe780d1facd3191d875fd794b233",1,credit_card,1,5.30
"01d5897e2c8a23b37ec65e0e72fbe956",1,credit_card,3,67.21
"3c93a4cc9ca8a3e1148b82d0425be9c4",1,credit_card,5,573.68
"63cb2376233663b05e9beb6bd9206c65",1,credit_card,8,84.25
"5a8256cfe8a9620b957209bf3b74b253",1,credit_card,4,81.11
"2a4a59ba2f6ffd2ab64d38122a957cba",2,voucher,1,2.70
"416174619acf1adcf7416d4c8dd376d7",1,boleto,1,52.92
"35a1f77503821f43673d975ffe0bb7b4",1,credit_card,5,335.73
"0cd2469ab06e40b78aa617c57b946994",1,debit_card,1,75.46
"6beca98b92f3be5d6cd909faa28b0d98",1,credit_card,3,136.08
"8167f9fa48c58d9f28b2c10a8def5366",1,credit_card,2,62.61
d7913001cbded4681f1a5076b1fc160d,1,boleto,1,136.29
"0f44fd64ee902f504aefed510fbcb8e7",1,credit_card,5,62.68
"62a68781c6f891e4e7032cc4f0fede03",1,boleto,1,152.04
"841db6722b61d17ec70ba20934e58528",1,credit_card,1,62.44
"45934f084d862eb8718ee18e2a2b2395",1,credit_card,3,178.80
"52409ab9ace8f52a885e05a9204b8aec",1,credit_card,2,157.66
"5361ae7742cca11bdce02eba111d345a",1,credit_card,1,70.02
"7caf84295d8749bcee4f14503b883c1e",1,credit_card,3,127.08
"0420dbc50fc554e303e4b2d6b39063f6",1,credit_card,4,48.61
"3f97741c29250239ff213d393949f2e3",1,credit_card,1,119.30
c94821db10df06a6d17a8054d3a0b919,1,boleto,1,717.11
"226dbf042352f0f381239e29ddcb301e",1,credit_card,1,162.25
befdef0aa27a4e172dcbe4e40784c29e,1,credit_card,1,110.89
"61a8839369074944332ccfa0491f3d4e",1,credit_card,2,225.64
"6567852fcba7df8073179800aed3dfd2",1,credit_card,4,126.68
"6de9eb6ce81fb0d838d9d38e5f0b3b13",1,boleto,1,403.27
"12c35b9467a007081f7b545b5f8fb15b",1,credit_card,1,87.64
"6ca834e14df3fb5924d4e7fe551c80d9",1,credit_card,6,61.69
"5819c8c36e2626ede26c3677c0bceac6",1,boleto,1,58.01
c65d58d799052b1354bb0a7063b29621,1,boleto,1,103.14
ac749ba86f21016ea662fad04ef95ea5,1,credit_card,2,279.98
"98a09776f1286cbe1bfaa2379e33ba8d",1,credit_card,8,94.04
"63f33355005859ddb3eee5b1a2c48747",1,credit_card,4,264.24
acc9d9fa3a265bbc6b3411d5e8c5083d,1,credit_card,1,63.81
ffdc5e3279114c523a09296f8fd28331,1,credit_card,4,317.79
"772c351a74ac46cb09d3733ed52c8058",1,credit_card,7,152.66
fd74a95ccfea489d33e78d0c076a640f,1,credit_card,10,338.84
"7e19584d74aa3faaf95a90fb32c68502",1,credit_card,3,43.58
c523f76b5fb8a02c2022378c58a597e2,1,credit_card,1,79.62
d91d81e30f336d49cc31106d5373842f,1,credit_card,2,158.74
a9cd6c2b2f5fb42940c49246ea7ce08f,1,credit_card,1,71.62
f4f61b16e0eed6fa5b839b42a4b2b2d3,1,credit_card,5,116.43
"50e8eff30cc85b5bf993d52785bc082a",1,credit_card,4,139.29
"62d3014a7e5b4f51c5f2bb713775aada",1,credit_card,10,1233.42
"804e0b86e8fe8f4b319d850c87dd79bd",1,credit_card,1,36.78
"1c01393da2894cbd6b7225c45425ebf2",1,credit_card,1,83.99
"43eeba2441814ee8348a64e79749a290",1,credit_card,9,97.51
"4064b7bda3dcdab5dc717705f524d3bd",2,voucher,1,21.06
b239f28ece6e222f53440e2ab90c5329,1,credit_card,4,243.74
"759daf685e390bf00ca48c53b132205b",1,credit_card,2,131.54
"65eee6d1e2ff3fc9e0381565deb83b71",1,credit_card,1,54.88
"05fb9a42b233b4fb63dcaec6fac364a1",1,credit_card,1,65.60
"233962c509ebbdb05dacfbe831d15d5b",1,credit_card,10,108.18
adc51b6b60ec7fe71a757fdf57f0e3b2,1,credit_card,3,412.16
fff1e3e76b816bfe8ef16678cc53c643,1,credit_card,7,86.85
"51fea792e465500a842c7325adabf0ad",1,boleto,1,97.34
da48dc4b67c6a225cba172618417ac34,1,boleto,1,29.84
d9b266532a703ffbf8d79b7c3f5878f5,1,credit_card,4,97.17
"554798f223b7f6268362b7489f7514e1",1,credit_card,2,65.13
e56707e3091b56e19c6234125fc87943,1,credit_card,7,343.36
"89451210b2cc4272b890f6f79cd9f065",1,credit_card,2,146.66
"656c5942e852b20473ae268796549007",1,credit_card,3,210.14
"8aff7f05f86bbd5811e5cbbc9d8002e5",1,credit_card,1,50.95
f911adf78cd1ef94a8412126ab558e81,1,credit_card,10,110.40
ff9424310808d51de01b5e582c829336,1,credit_card,8,191.67
"8f18c3388d30c472f694e605be95b15d",1,boleto,1,43.22
"59edcce6e0c1bcbf94a3c4bc23950e6b",1,debit_card,1,59.68
e6f4802ce2213981609f7384568b3a1d,1,credit_card,2,519.20
d640105fad13e9cff1f7a6cdc3a9a430,1,credit_card,8,85.54
d39744d1dd7bf8e54f25f8e3aa47bcf3,1,boleto,1,172.39
a31b5cba0164acdc91b6196825128128,1,credit_card,7,73.87
a5375fe8e7f2960019edf0fff68c58fb,1,boleto,1,135.16
"4d4633c8be12f377396f2f0a4e22df8b",1,boleto,1,232.06
a110796b9a1a01b83c8f591b9bfe9180,1,credit_card,1,53.13
"9194a5d053f16027bbfad39c4d4c2ff0",1,credit_card,4,112.62
"5154e5ccfca219d687ea397ab3b64f34",1,credit_card,1,38.72
e3ba5747e5730389e76a7d30694beeff,1,credit_card,1,44.23
"87d28de656e647d923b2d821a32c79c4",2,voucher,1,59.03
"08b1d58f92c4e0dabb12dfa3d57f3b41",1,boleto,1,74.70
fd2b4179de3cceb73bc884f6c19d85d0,1,credit_card,6,66.14
"0e1670a6f68c72266681ed85b4e4f73a",1,credit_card,1,60.41
a9e69217c4501f0f3f8159a6f262f80a,1,credit_card,1,129.79
"8791e495e7f1b8d77696f42ff295d945",1,credit_card,2,35.40
"499e36ddc9a7c36dd44e2dcd43a76620",1,credit_card,1,52.75
"4ade81c98608cbcec03c4c345efaed72",1,boleto,1,102.64
"14332cb639e07b39ae968650f7ed52db",1,credit_card,4,175.22
d3f188004b9a9be7084c1f771e594963,1,credit_card,1,63.62
"608423eb49f078b0c2095dbdbe03c210",1,credit_card,2,198.13
a908872306574c9405b29a838aee5521,1,credit_card,5,198.03
dbf850ec9efcd2382a33671c011d79ac,1,credit_card,4,194.82
"21746a2a0ab90a9d0916af6e1026fd24",1,credit_card,6,604.76
"0b9a8b8e703c7c54c11e7f2a057d3cfc",1,credit_card,8,89.36
fa666f44d0e5c50dad23a1bc4a8c2a50,1,boleto,1,388.54
"52597890ec6f46d79c0cc61f35b1cbc7",1,credit_card,1,138.51
a2e6b3c462fbefc8709b2eb5f51f809b,1,boleto,1,156.92
aceb6154fb83d13825344189f5682606,2,voucher,1,17.69
"5cd1e199b5a1a3c27407766b2788851c",1,credit_card,2,114.74
f01059d0d674e1282df4e8fbbe015aa2,1,credit_card,1,55.10
eedde7b7971429b2b6ae01b53411dd90,1,credit_card,2,177.91
"9d6fce663840af4f0e35863644f6c031",2,voucher,1,30.00
c34f00bf4a9abf925efebbc3b2484c24,1,credit_card,1,102.00
bdb1554633e5b5bf1a3b47940263c00b,1,credit_card,1,0.52
c4f5e515c5b864e0f0cdea33ce83244c,1,credit_card,3,123.24
"1a7eac11fedf646a6ee3c3136458da69",1,credit_card,3,163.39
"15044169648e6a6e9b1ffe21405b6391",1,boleto,1,373.30
"113cda086060a05db0ef4fef6c8fe1d8",1,credit_card,2,152.43
cf101c3abd3c061ca9f78c1bbb1125af,2,voucher,1,8.46
aa447b34c5c14dc2b2dfe8fc943b0687,2,voucher,1,89.89
"194d91ef19efa47048d37b91c5efe0e7",1,boleto,1,154.06
"4165597d98e009aafd51a406a9c38562",1,credit_card,5,101.23
"504de5f90c4a0b094b0bc81db7999cdb",1,credit_card,3,178.27
"31ba66f58ba311071bb8cc50383ada02",1,debit_card,1,107.96
c1d5e085a762461d171190ab5fe8cdc9,1,credit_card,6,127.92
"434227ef75dde10f4049fe6b219d13c0",1,credit_card,6,136.31
"7b08dd2c26ff1dadf52d5124cd43d01e",1,credit_card,1,89.88
"1223c56f3b550439e13b563ac0ae0d98",1,boleto,1,117.94
"5ef28a6d6a0cfcef8e5eb4c151c18e82",1,credit_card,2,118.18
edd5efc0d9d7294fe4bf1636c26cf9d9,1,credit_card,2,65.00
b24f4b97e574bf36072e9bd1a8fe042c,1,debit_card,1,812.76
"47c9d32bd98650fdc85ae2f486f60ed9",1,credit_card,1,86.28
"40516474d4dead1446fa9e9ae60d233a",1,boleto,1,92.78
"1b2ea47a491df032b8a995d37f045681",1,credit_card,4,515.28
d78bef62e60a0f652567877da822b8b0,1,credit_card,10,104.40
"34fa619907e44766d5119a7ac48c56de",1,credit_card,4,117.26
"59e4b15bc4ba90075398df42e550a289",1,credit_card,4,73.34
"8c7743df5e89b7178ace0e9b7afe5208",1,credit_card,2,108.33
"1cd4fb5e05e05b44a8a827fd5187095c",1,credit_card,3,208.48
"10034668f0d3ab9832769f2f14e190fc",1,credit_card,2,41.58
"46bd2b5fe2b3d02d198552cf137c0bb5",1,credit_card,2,40.93
ce989095754190db3dfe99fdc63e1124,1,credit_card,1,153.36
b7998b4687fee63c38995e856e63ae5f,1,boleto,1,134.45
b93b079468bdf6a20fd54cf45d1e03b6,2,credit_card,2,29.19
e52c6e92f7cbd3a898e0a61f1de4faa9,1,credit_card,2,180.61
"4e09a6bc2b1596b9e54829e168bfd37f",1,credit_card,4,99.38
"05a82511dd29bef74d8003b015912fd6",1,credit_card,1,54.00
"227dc3bf463f4ce14249fcaa42d9710e",1,credit_card,2,27.77
d6c065668419a3c99899c2a28d0fa9f5,1,credit_card,2,51.65
"2b1e6b2fd50454ea70f9e8f9b437d24d",1,credit_card,7,454.19
"78fe61feb61fcd8421082ee8888cd93f",1,credit_card,3,73.26
"3712bf9e4525972f61949a33072fcca1",1,voucher,1,48.22
d16883834f84a462d3863b5213fc2bc8,1,boleto,1,174.86
da21b6d40ed0dd45f179419f72f5816c,1,boleto,1,225.59
e21bb5b2af087339bd3614d77a0053a1,1,credit_card,3,91.23
b92a9a9fbd2f4a946db856d466ef4e5a,1,credit_card,2,54.07
"144cd79cf6ab4cc11a282c3e37146b31",1,boleto,1,280.56
b9aa10598973e2e9a93a2922a2e17a43,1,boleto,1,120.10
e3666b7c6eae23a285267dd0851c5ae1,1,boleto,1,54.09
"1f2557bd1cb30da1362cee8def58e576",1,credit_card,1,75.28
a6ea59851ffee8cb73761179fc7bcb6c,1,credit_card,1,13.62
"5820261a4aacfd67c653d120a4acdc46",1,credit_card,1,68.51
"8478b4434093333a55c3fb43d137e54e",1,boleto,1,66.63
"88bb95821dcba653c3b6777abfc3565d",1,credit_card,2,43.00
"032f490884e03049a3ec0379ea0abb82",1,boleto,1,216.25
"12dc316f04369335263005a3f304d101",1,credit_card,1,57.27
"5879796c147e015b683a59522938d4b8",1,credit_card,7,77.66
a322a4aa3b0a9b47a6760a03ee17ffe8,1,boleto,1,44.95
"0a8b7ed1fb705a8af99575dc742cd328",1,credit_card,3,66.29
"9c89421a3099d6b66cb2df1d2f1d3dab",1,credit_card,1,22.29
f2307c6c281dc9e69cee79495692066a,1,boleto,1,273.46
"2f301c7225bd5f584b038ac7b60ce5db",1,credit_card,1,137.60
"6607ca536882b974ea594bc640b01519",1,credit_card,10,153.90
e85a4861022f27b6764e4fc0372323e0,1,credit_card,4,146.36
d6d47a77da8f82d0d6d55be296afce73,1,boleto,1,365.98
af5fd09fe9b65e034e9fd7ab345966f8,1,credit_card,3,37.68
af7b2ac1a7c361cd89e363c4ba77a885,1,credit_card,1,132.05
d4b13d051f5f54336f65b26b2c8255d0,1,credit_card,4,42.77
"0847671e74f36253e410d74921dff936",1,credit_card,5,51.22
"450c4a4d9a4f339a59165241cfe113db",1,credit_card,4,107.38
ee0bc21fad473e058d1c514663bf0a74,1,credit_card,2,54.51
c2aa930596277db8a490948feb446df4,1,credit_card,1,37.60
"61d0f8073b3d86c34c69845c9e0dfd54",1,credit_card,2,103.37
"02e275a40a23c32f81e13045c84b5a19",1,credit_card,1,232.53
b89d9a223208fad0bb7f6e161b4d43c9,1,credit_card,8,275.91
"96d3d32268dac080180a2da0140a709b",1,credit_card,1,125.52
c8c7f84df4c4b48520089a0dfe754202,1,credit_card,3,43.88
ec60b0d63f32dc9f14da8503a72af821,1,credit_card,3,165.80
"448665b537bdab4bf716e851df213e2f",1,credit_card,10,211.89
fe579bd413f722e51bc98182441e135c,1,credit_card,10,1980.71
"7a96df1193e585420f7ca71abd28a34d",1,credit_card,3,161.38
"5ae1672c9ca83961989aad88b01b6e1b",1,boleto,1,190.28
f198fac7313547d738e4cce9fa0344ef,1,debit_card,1,238.38
"2d56f831faff17de02fb49d2155fb2e5",1,credit_card,1,123.42
efe0a893fd1a63d77d3b5c4065dec733,1,boleto,1,35.41
c53b15af645d91a057ddba9d0e1f21c7,1,credit_card,1,72.56
"4094718231b77af3cc0b3916449a1704",1,credit_card,2,104.61
fa5d6b6dd3a9ed01e21e57c5918e15cf,2,voucher,1,8.32
d1d5e63e127f2c8bfa668d7073a89299,1,credit_card,4,108.24
cf699a6dbb4ec7e28f2cd7a5e1eb0e18,1,boleto,1,162.55
"18ed62e249d4b637b186e91f0374a476",2,voucher,1,50.00
"197b967f01bda6ab29436b91844e5e90",1,credit_card,10,131.82
c4e1529b643ecfaa202d2805ee2d17fa,1,credit_card,2,174.99
"1498b25563986950783a674b05e9a526",1,boleto,1,168.20
a58d2e45e365fdb3ee3cdac17e1be44a,1,credit_card,3,86.37
"62db7b956ff0a1fd095d1d2bce81b8f8",1,credit_card,1,129.09
"3fc92f79759d64684c5d19448a12642f",1,credit_card,1,25.72
"7776ca93188e915b1100fe8221bc5fa5",1,debit_card,1,54.44
"0ef9e877644c6bc7049bbd78f6e2846b",1,credit_card,2,226.27
cc84d04f45b429e9b55417f15b01aa52,1,credit_card,4,66.81
"70120a058bcfa89a603e2f27aa5881ab",1,credit_card,1,135.01
"5d67a487bcc575e994f0e84e84823af2",1,credit_card,1,39.89
fb2e0a2eb0a7cd9fc655c3fdda628acc,1,credit_card,5,1821.82
"2cc8d5dba04e5be26d748ef75e708770",1,credit_card,4,91.18
"430cd6b6d3066421a8bc48ce72541ba3",1,credit_card,1,59.98
"8f817d4e9c6f6c17d7a5381f04dc3c9d",1,credit_card,5,69.41
"273ff9150ef1e7b66d89ac10f7cc7899",1,credit_card,1,93.37
e6a4c64b81f572a51ecc005e12ccb92d,1,credit_card,2,234.08
"938ceb503f66e3598a6e79a24745ac16",1,boleto,1,134.81
"03ee7babeb6e80cbb48962ce1719fcf7",1,boleto,1,198.59
"08eb6a0ddc93b1cf16dd629389dc691b",1,credit_card,4,40.02
e3e2cb00e99c9e726151683fe032019e,1,credit_card,4,89.75
"7dc4ac6da71948249ca79f45c9de13b1",1,credit_card,5,50.10
a6b63ae7118854d49f47a7445041e200,1,boleto,1,147.65
fa906f338cee30a984d0945b3832e431,1,credit_card,8,85.23
b951958a518d9186c1b3196e445ccb08,1,credit_card,2,128.55
"539f81f36185c122311c17561a1508a1",1,credit_card,1,57.79
"0b90ac9175a39196661a45b34be587e4",1,boleto,1,131.58
d0d85933667e8a90939ca37947942b62,1,credit_card,1,48.95
"19253d0cbd6ac2d70e7d7171308b2426",1,debit_card,1,180.62
ccf804e764ed5650cd8759557269dc13,18,voucher,1,1.40
"5cf7c6f44cabbd8c1c348873022e395d",1,boleto,1,178.25
"4e2080113ead7b0ce794da2606452ac7",1,credit_card,1,148.06
e47cf59b2f0c948b9520ccc50786f38d,1,credit_card,6,217.84
"5c1ae73856bf1d09958ec5ae3a64b73a",1,credit_card,6,104.28
"4f1330720e5aa2d61a474c63620fc42b",1,credit_card,3,104.87
"62ec63f37c8ed14ce3dba43a02721f5e",1,credit_card,2,92.83
"5778366745f5c8c33f8c7f0432373788",5,voucher,1,12.49
d985f28d9d0fc8b82d89fe5fc272fc64,1,credit_card,1,75.08
"88298d252bed01a2c1f80676edc1d2b9",1,credit_card,3,163.25
eb4d45691dac8a24af06b36b41845e7b,1,credit_card,3,216.06
"5dd4ba32ddd49be56001b6436d8ef44c",1,credit_card,1,110.65
"5ba3cea9dff7fe43cd56516ba1390ea3",1,credit_card,1,185.47
"7123f52d364ee0592e24743d2714f05d",1,credit_card,1,301.65
c6eb12496a2291952b77b1249eaa9a94,1,credit_card,1,190.37
"72f70be643bd8ca8da6be5b9e8435aa1",1,credit_card,1,37.13
"32246337a2acef34f1c9b793e13032d5",1,credit_card,5,108.26
"7d78faeeb02acd278e79369a118ba6a6",1,credit_card,3,75.08
d2fee637306555bfacf7b885044cbaff,1,credit_card,5,248.22
"0963806fc66877ce2fbc42be9a91f3f1",1,credit_card,10,117.76
caf10b4f81696bae84a2448c0767b3b0,1,credit_card,10,132.95
"4dd4f82ffb6e497890e03dce4464ee95",1,credit_card,3,126.08
d5af8fc30f7ecc4a1b23de7dc0377e9f,1,credit_card,3,60.75
"8f1e49888948febad9d7dc3ce8ec85c4",1,boleto,1,229.90
"624ffe16156e4aac5b9ec7ac27ed23c6",1,credit_card,8,431.50
b9c43f56d5318f81019ea0687d34a9ac,1,credit_card,5,104.68
b94117844529c52fab97f521c434520a,1,credit_card,8,145.45
"78643aa2e6713842c48dbd56fe2bf257",1,voucher,1,50.10
d4de0ad9ddefd13e60191fbc49925dc5,1,boleto,1,128.89
b950746ff8453f54ce5e11384e854e80,1,credit_card,1,67.63
"2ac14ce16b95643b222e92188b0ddec5",3,voucher,1,104.90
dc17c17282032d56b1ca7dfbb291cf07,1,credit_card,10,124.84
"2ba82c07689c3a256a124747f1289937",2,voucher,1,46.05
edc8ed56158af55c22d0d8153e921879,2,voucher,1,100.00
dade40d579e42a82a4744858cb60194b,1,credit_card,8,168.29
c4d4197abeec6caeaef01372a05ff714,1,boleto,1,340.28
ef21cb9d3fa728f51493d679143b7834,1,credit_card,3,109.29
"71a66d4b2c8ce258f1034acd58c75226",1,credit_card,1,30.22
"16816559da5727e021514080413bf96d",1,credit_card,2,82.99
"3f1d249edba2aa6c515b7d62c5b0641f",1,credit_card,5,105.28
cc1942bfd9c7e5fdf278196ff5d8e9ff,1,credit_card,4,43.78
"81757cfaa9d5ebd87fd0021a808f4ca9",1,credit_card,4,235.30
cc15fdac16a8e9226eae7423cda1ba45,1,credit_card,4,117.46
"57cb57d559e32eab26b8eeaec5514b3b",1,credit_card,10,162.57
be6b5138c0b61238bd36565d70a864e6,1,credit_card,2,26.77
"67e5eba68c1f19de1a6cb6dd510deaa7",1,credit_card,1,27.74
c8cb7b0f298cd146d61e1ce533494bca,1,credit_card,1,130.26
a3e6dc5e759b4b070c4b5d8c6aa67d20,1,voucher,1,99.22
a3021cb38ee69a87a0cb9cda57f7d72e,1,credit_card,6,329.38
"7df4a1e4f63494920c5e53da93a08183",1,credit_card,2,122.27
b47f53f735ee76b0f07d10b4525d564e,1,credit_card,4,244.85
ef59d0e720795bd288acef80bd96d2cc,1,credit_card,5,197.99
ccfda78a88fec8b3debede2f6d6b284d,1,boleto,1,172.84
d2aa41358e416312efc398ebd0984d2c,1,credit_card,3,86.73
"141ce9b3c6022301d7fbb3d545e2d2fe",1,credit_card,1,30.95
"9c344aaa4c77f62b5c70c3db948752b8",1,debit_card,1,72.75
"521758adf4fa0c8f76b1488d0aebb48e",1,debit_card,1,196.26
"65272dc3f6aee70b17f962df52f16f73",1,credit_card,1,83.73
"9be3bd4137c70d60cecf190a92fb9808",1,credit_card,5,138.81
"1cc4c099fe24689266163670a36d04d7",1,credit_card,1,41.13
"3a8956c9e01ad44cc4b5c15137438d41",1,credit_card,1,39.10
"0830f0655920234ddca71663beb629cb",1,credit_card,10,147.32
"381079cb5df71e26be946a6704990d55",1,credit_card,5,152.64
"4808bac50299cd731a53c8c9f38c9a96",1,credit_card,4,41.75
f27cc61c27c26b63dd0b279bb9c29ed6,1,credit_card,6,69.33
d43198c2d47efb581c5c8c0e2676a7de,1,credit_card,2,57.05
"487bc162200365d5717baea84761d214",1,credit_card,1,62.54
"2ec97dfd085ac4fe7b1fa12819d9a36c",1,credit_card,10,149.16
"3366858be589fddbcf6a199aab0058d4",1,boleto,1,27.77
"6e7e6eaf0039ee7fee0886266ab15e3c",1,credit_card,1,137.99
"947e7e0eac14a5d58e68cdb9daa8f2a5",1,credit_card,4,195.00
"605cb018bbe790a8132db79998de4eab",1,boleto,1,224.40
ddda97894b0f0b42d8e7a4f28dda93a6,1,boleto,1,235.13
"9865a513bb6f1285528404a98e6e25cb",1,credit_card,10,262.16
"110e9fcc6899b6a4d7e300e8b987dc45",1,credit_card,1,118.88
"4c66bf9c016db115ad9cffa6300cb809",1,boleto,1,134.46
bfc2396e870e56354fb163b76c9c1e3b,1,credit_card,5,62.60
"57ab698b8ff842969c3438af8c51583f",1,credit_card,3,75.43
"75cd0e4d0a84e6252212e626a525d06b",1,credit_card,3,137.60
"65d1e226dfaeb8cdc42f665422522d14",1,credit_card,1,35.61
"1ea11b975aea60ca92fa0559184d3d34",2,voucher,1,12.69
"6b0de1567f1212f98b815cf9dd0197a7",1,credit_card,2,184.26
ee89f491ee59faaf86fb05c23ae9d4b5,1,boleto,1,124.41
ba1e8a32b5beea75e9b61b07255694de,1,credit_card,2,162.70
bc275c0a8a5a45366f816095af0702e4,1,credit_card,6,65.48
c9a54f6ed83e951ec2cbec315d2333cd,1,credit_card,10,230.78
"7a502e545ea55a7ff2a035abd83c6d84",1,credit_card,8,159.03
"30c4b90ae81f11b792bd5618ba494630",1,credit_card,2,118.80
"6566c554337e3c6eba49f0dff9103df7",1,credit_card,2,27.68
"69a575f85187107c2ae4464a6e2ccf80",1,credit_card,10,102.00
fe4979a6778e2fa4ae731cbe532d30e0,1,credit_card,2,105.38
"7c906aa48a52d3bce05f693a57b5d1f2",1,credit_card,1,50.10
"8d32360fedf5e2db2c001122d2fbf799",1,credit_card,4,379.35
"969696843b872efb905ae72481ba5321",1,boleto,1,73.27
"23e7b127e0b192c6d4d455425d54d44e",1,credit_card,1,77.89
"77e8385bf150ad151fe3fac0f5acfe8d",1,credit_card,1,172.96
"5a1a4a4a31e003b67af6ef6dcb9750db",1,boleto,1,156.70
"109f6898323e99a194948043ea99cdd8",1,credit_card,1,4.06
"3e41fd4c8d9609903634b36c09183b78",1,credit_card,1,46.75
"23e11352f110006a5cd8995c2ff3cd2a",1,credit_card,1,34.85
"22cd5c06a19914a8094c39a506a7ac05",1,credit_card,8,162.55
"7c9ad74c16c9b6aafa62f097bb9cdf25",1,credit_card,3,223.93
"04d73d34ddd1f5ebc0c603615093e2a1",1,credit_card,3,246.37
"2a4afa0d6cc69510f96d2a3e8fae85cd",1,credit_card,2,157.76
"9d3a10d6a5aab8ca343a21580c404b69",1,credit_card,7,1077.41
aba17b8bf8ad8249a87ff4c21a5569b9,1,credit_card,2,99.70
"9d2bd341ec5c535b3d4192f609e47185",1,credit_card,2,45.76
"036091098bdc85e780fc3594006276b7",1,boleto,1,1388.98
d2e99f5400c5eca09b3862c78a0afe77,1,credit_card,1,55.01
"8b9cc01337bcc7c9bf25da79353efb6a",1,credit_card,1,81.78
"69ad29a3aba936e80ea906bf73c631a8",1,boleto,1,540.04
c1b3a881aed70415ec2c1cd40d217d5d,1,boleto,1,33.10
"696a92d8c4f0b9ad34106f5caa0813f6",1,credit_card,4,197.96
"39baace8de9b107b79dfc029e19e3562",1,credit_card,5,150.15
e12019a9afee02a4355f3629cc804f9e,1,credit_card,3,51.13
"1db24bbe4efc4770290d45aba1859d8f",1,credit_card,3,158.47
"9a72b635fdd4396e5656a6028d13d09a",1,credit_card,6,98.44
"7af905809ddbaaed2af20592006857e0",1,credit_card,10,274.98
"25663824cc56a3ac5c5674a1df0567da",1,credit_card,3,216.64
"2bf72423c933e87360d57c946d11877b",1,credit_card,1,79.98
"556a854645a80f5c86ec936469f6903a",1,boleto,1,193.70
"26468ef199f961b657bd9411810b80ea",1,credit_card,1,62.54
a44d1d870123f5629ab393b99a94882d,1,credit_card,1,40.96
"2ef02afb7f805f2864894d1477e29443",1,credit_card,1,65.50
fd04a7a5b85ea239bee3e9c1bc16365d,1,credit_card,1,67.36
"6aafd5d9efe6cb46eb37992ba0b5489c",1,credit_card,1,189.00
b64e487c58e0790f34911fc9b7939827,1,credit_card,1,9.21
"765d8e5f6a9d496c895d21bb271ff1e8",2,voucher,1,12.97
"09956a4d0066f2ef4e70f7ae51e2c9f3",1,credit_card,4,147.06
b03212f61ea1e4e047d60f49271444c0,1,credit_card,5,506.02
a594e1f484d5b84270ff28ad578632d2,1,credit_card,15,254.83
"1f6c1320002dfd3a699d2fc80406092d",1,credit_card,6,170.97
"1f3c0a87c88ece858b2f766ae1952dc2",1,boleto,1,77.57
"86ed94eb351cf5bd2ec4389a2ca92680",2,voucher,1,38.20
f6b63a36cd2dd4fd184e6da3f911a4de,1,boleto,1,35.42
"885a4bc7ab1c81c53d7ea58b81bb90ef",1,credit_card,1,214.47
"5b5ca75222f3aeb5ae3b27547d4d8792",1,credit_card,4,41.64
e4754a75cdbb41cca731528ea407e626,1,boleto,1,117.85
c0805c744ff47283d91804ab88a2e5c6,1,credit_card,1,22.68
b345195f4b87a06b90abe651081fb600,1,credit_card,4,43.62
"0501e7fec71cfd7db3c1e2242e51f909",1,credit_card,5,235.64
"29e7dcae164a48d49cbac457c4bd5465",1,credit_card,1,84.72
f39a14ab481180abf02f9b79bacb5b78,1,credit_card,1,47.68
"594d9204df0349e9b6ddaeeecc1f0748",1,credit_card,10,105.38
d392709d59adcaff2d80dee55da91748,1,credit_card,5,52.01
"9c9036dccc18ec72597a1abafc18d3b4",1,credit_card,1,116.96
"5aaba6681a3a926180ccd6ffaeaf6bd8",1,credit_card,1,225.24
acce194856392f074dbf9dada14d8d82,1,credit_card,10,227.68
a9493527e59e8341b49a5d0a41b0623b,1,credit_card,1,24.85
"55adc5cef9556477770f0b858669f8fc",1,credit_card,8,800.00
"269dca34759215efcea85ba5b0333351",1,credit_card,1,43.10
c6c4968384d962710e1d7064f6a2d8fc,1,boleto,1,170.61
dd80556200c2f712cc6d048888451267,1,credit_card,5,373.98
"4cd2c24a3aa066b7a4123005a00cb9ef",1,credit_card,6,478.69
"061c97a9bd7911f9d2031e1b820c344f",1,credit_card,3,329.80
c7af2f59ff42f4410a1739111dbea489,1,credit_card,3,90.28
"04770bff63a120fbf0eea1f62b84f8f0",1,credit_card,2,74.83
"81bd091401a83e4114ffd21efc7d0a9e",1,credit_card,3,106.67
"85e192c4059abd147aed4fbb0f43b7a4",2,voucher,1,250.00
cfcef16acd7d85fcc9bc9bae5166f845,1,credit_card,8,161.72
e566c1b5be049c45a4e4f83c5101b3fa,1,credit_card,1,51.74
"7869f99f3acbb8cf623402053f1dddfb",1,credit_card,1,86.74
"7caa2aaed7e9a56d1bc1004eb7d296e5",1,credit_card,1,43.03
c91ab67852b71357615925883e88cb8f,2,voucher,1,20.00
dd3a0b9a7c4426e4eeb129a68d66b22c,1,credit_card,1,33.42
e485751217522068a393e874ed8b5298,1,credit_card,1,42.87
"159da9914b51de617fe80162939965c5",2,debit_card,1,40.76
d1bd65aed378a00706c69353b62cfa2b,1,credit_card,2,81.11
c0c6ffffde824ef615117d191bb55aea,1,credit_card,6,368.46
"7122630ed5f706d6cc7faddb780673d9",1,credit_card,10,326.46
ca263afd88a8a1200605adbd4b63cd7d,1,credit_card,1,59.36
"02dec5fbe189e3c2ccd9ba071c6bb78d",1,credit_card,4,139.90
"08eb6a0ddc93b1cf16dd629389dc691b",2,credit_card,10,116.49
"22543ab72b10fb061808feb20d9e7531",1,credit_card,1,105.38
"9710f69b6b9cfc910ad851334d8ba458",1,credit_card,1,69.71
ba82a226d055b7cd8455167068fa576d,1,credit_card,8,174.97
"79bacd435c482bfb47d57d11e21ddcac",1,credit_card,1,54.09
f08d7980164b1e1bf627217425f5efac,1,credit_card,1,111.56
"365a8708db2878154916b372f72e17ef",1,boleto,1,123.89
ee916829c2d13ef9cc8168badcd31411,1,credit_card,5,188.65
ccf1e12f1c435066f481bacfe011cfbd,1,credit_card,6,60.85
dac240c372efa20977771d685d447ec2,1,credit_card,2,134.59
"3e9c4deedb763bd5083a91afbc7c7257",1,credit_card,5,152.50
"0693ed674763a4fc34e2c763c7fd25c2",1,boleto,1,642.62
cd382a708b09cb1bf4a61d9d4fc0c1e6,1,credit_card,1,57.09
"30290113513bda95268bb542dfa87acb",1,boleto,1,188.82
"42113ccffae542a6aee6b921c765d59e",3,voucher,1,135.13
c606769bddf9fb8b9f949b128133c463,1,boleto,1,47.69
c08d66a6714c940c505deae9b3916bcf,1,boleto,1,152.17
"1594af7e73f90ad0bc2e6d7549ac2da5",1,credit_card,4,107.10
"436a28a029a7c89474beca1de4f02a29",1,boleto,1,116.90
"49e7c284dac8e61eb27d5842576527ed",1,boleto,1,173.53
"9ba3eb09b640e758fbe96e152dc8ac73",1,credit_card,2,242.95
"8fa52fe9cf624cb965221608a8d178a4",1,credit_card,1,51.20
"14b0bbcd9df43c7c4f332b485e84faaa",1,credit_card,1,31.38
e89e48d863049f7ca8a49758ae99f58a,2,voucher,1,31.90
b2c320c0cf7961caecc4a7612d3f8ece,1,boleto,1,64.43
ba436db3c441f63a8ed34e695ed2e9f4,1,boleto,1,123.68
fd1aab20092cfd4201ea21ed4e847135,1,credit_card,1,99.42
"7adfa2538df2fd9114e6b1455a904bb3",1,boleto,1,97.92
"28d8802fab62c5e0eb5eea2a340d3449",1,credit_card,1,35.77
"6b9f14d8f9da9c5626af3b152be03417",1,credit_card,1,173.99
"9feac9aefe68aad21858f5edd41855bd",1,credit_card,2,85.66
cb3b0bc0bdf657e358637e649e0a4966,1,credit_card,1,77.34
f1ffa84db833c490ced2c3bc52b1b833,1,credit_card,1,37.13
"732cc391e9ed0eb247bc25c02a19af0e",1,credit_card,8,394.96
"42d79478d8d834670fe17dfe07f5b581",1,credit_card,1,112.46
f7485abcf1f560757db577b02f448bcc,1,credit_card,2,109.50
"6d05d2deb6a51438e65741cc19d715d8",1,boleto,1,149.29
"02b089f5e85ee9c52935ede2207b13e7",1,credit_card,1,37.61
"981169eaa134f634b547095d9321e3dc",1,credit_card,1,16.78
b324f4270850cbba23533b9a9d3434a9,1,voucher,1,159.10
fd73324057cc65cae5776cf4bc9ff56f,1,credit_card,2,32.29
"395524f8aeeae5579f5b660148e450bc",1,credit_card,4,98.26
e7a5701bb4e7ef276c46b8bc82100d14,1,credit_card,4,61.22
"6a2cd48884fcfc672cc393f247c04a19",1,credit_card,4,170.19
"2e48496fcd4e08d2b2c66ce170c428ba",1,credit_card,10,759.25
d744783ed2ace06cac647a9e64dcbcfd,2,voucher,1,1.47
"0efaa1dd18856769a1bcc489004fbe3b",1,credit_card,1,69.33
"2d016564dff0c20b352e75b48e543e32",1,boleto,1,77.01
"44437f0cd12aae191555f66ce8dc2d5f",1,credit_card,1,122.21
"9e4e44e1a6c68a8d59b97d5e6c241974",1,credit_card,6,675.00
fd95ae805c63c534f1a64589e102225e,1,credit_card,3,31.77
"4b50fac9970bd5d46f41eab7855101a8",1,boleto,1,116.79
"123110dfedcc15e34ed7c2d8514e1568",1,boleto,1,47.37
cfa958d86da20feefa27e64a6b6407df,1,credit_card,3,132.39
"2456307fb247b225d2f68170f76577a6",1,credit_card,1,56.78
e51e22905bd012eb967f86fa08194f43,1,credit_card,1,51.32
df9f35f4d3e966c35d7c1c81c4c7ba73,1,boleto,1,61.21
c972a78eeb0dde0aac82eb51b1450c53,1,credit_card,1,71.15
"91f4e99c026618f89b29bdddede02490",1,credit_card,1,55.00
eb871e7c2357db8ff47fae46e9bee63d,1,credit_card,6,72.05
"97d0a7726f58ed266c7501929e1ea81d",1,boleto,1,81.76
"73df7f271536068cac9f113c9d73cbb0",1,boleto,1,158.01
f8501e8b6e75ee30e629780e032654d0,1,boleto,1,52.17
c3fb3cb084af855d673862998039acc0,1,credit_card,1,33.17
"57d9f3094cf2e78f92e29ffabff34a1c",1,voucher,1,25.75
"1db414d3006c156b2ccc309b0b4682fc",1,credit_card,5,256.92
"6091d0277963e5390a17a2eb5763ad1b",2,voucher,1,149.01
"4759b488dfc55eb259b216bb6d93ce48",1,credit_card,7,173.68
"57edfe6486364c7777241f5ab5902715",1,credit_card,4,40.09
"846d9f177cd197194d2933fdf0dcc68b",1,credit_card,1,89.63
c458e938207913709f5c0cedb195defd,1,credit_card,6,1524.24
d248ddd0378083cb6c2bc7b9881d37d4,1,credit_card,10,263.94
"432dda62103eec3ce47848ef832768a0",1,boleto,1,45.30
f878206572adfa47110fed4947806589,1,credit_card,3,182.64
bacf6c8419dbd941c987372fb1db2cd1,1,credit_card,1,88.08
fc957026f2482ab3bddf91ebc9d0dfc5,1,credit_card,4,139.39
e67af1fcf53dc5b886f382743f8e4e6a,1,credit_card,1,37.37
"82330e7226e957715bc2f39fde738f6b",1,boleto,1,72.78
"3a8a097ab8e052e5f80441c9eb0d6b3a",1,credit_card,3,189.06
ddebf0da62e7da325ae548eca16ce5e8,1,credit_card,1,145.58
"37ec91b7248a28948cfedf05c2a82b15",1,credit_card,10,335.47
"5b7584c36737b6035bd68d79b4fbac54",1,credit_card,1,101.74
c13bcd05a0786cade9dec7974f1b5cc1,1,boleto,1,83.23
"519b26d18bc4a42eaac1841acd217baa",1,credit_card,1,44.24
d8c441318d48082352e8592142db807c,1,credit_card,1,108.52
"535f37a9d7b2631d608fded2c2991738",1,boleto,1,1129.41
"36d72a17237aaecbc83158d0270b622c",1,boleto,1,107.27
ef30a80a52425b419de68e25624a8a9e,1,credit_card,10,112.19
"660d34c91c18d67ef8ceb65f2c4c433c",1,credit_card,4,158.92
"25dbc50976d47cd055b0317ac694c574",1,credit_card,2,157.28
"79340f2ac5af10a369d02c1acc89eb1a",1,credit_card,6,554.40
"3637d99e5d76dd27c46e8c423c4c58c9",1,credit_card,1,67.33
"0c350088bd84d6620d87abdd2b1e09ca",1,credit_card,3,182.69
"16dfc1cb33bb09dbe761bb0d03a792fb",1,credit_card,10,468.81
ccec592b58e122dc2bfc2305152d9603,2,voucher,1,81.90
c6007f8fb6a4e182373f412b2ee462bb,1,credit_card,4,196.63
"62cf6dda02445af325376ddf00bbcfdb",1,credit_card,12,158.85
aec4f42c8ecc65ba995a4ebcd0e1de2d,1,credit_card,10,600.43
"62ba0592ed1ceb90f1f417ef4c3be1d2",1,credit_card,2,103.91
"3b3e0d7f5d77e227da21f19fd5e20c47",1,credit_card,4,84.80
b2664e0e967b1c146e574185530e813d,1,credit_card,3,125.39
"5ef3a01aff74727ebbcf7175c68f51d4",1,credit_card,3,77.57
"1ac738eda8e6f03f198f3cd185d60cb1",1,credit_card,8,410.61
f77b693181aabb75ad5c54b4f158cf87,1,boleto,1,31.95
"31b9cf3309387ffd343b19690e6985a0",1,credit_card,1,199.81
a5354e17680d3730453ceddfc9a58f1b,1,boleto,1,125.13
"48ea816d75222e26e37782d2ebe2ea5b",1,credit_card,8,533.45
"57659922ff6231d2d291063a626d9063",1,boleto,1,30.40
"9ddf4a39b3954edb7d4d84471f3229ea",1,credit_card,1,63.77
"3ee995f2432d1efdb2369e87acc095d2",1,credit_card,1,75.08
"60ca761c522b32f4c47465e3ab5c5b8c",1,credit_card,9,91.95
"4a59b00152497e88a6a4ab7bfe77e04b",1,credit_card,3,163.65
bf6a2df6b944199274254f8bb0159ec3,1,boleto,1,78.27
"8053ea64c064df7d22ccf2099906d406",1,boleto,1,109.35
"74ad3397d84521ee94f326aad1a35d14",1,boleto,1,189.51
"747f604b7af55628b51cec5d2d80c779",1,credit_card,5,60.09
"58a9eee77c75781ec6c4f725891c7747",1,credit_card,3,220.02
dbd32517a2d3acd957e41d6c4a8a8a49,1,credit_card,1,99.45
d6df3e183721aa30b30577e1184eaa7f,1,credit_card,6,96.88
c469458d116f862637d6c26ae62ff8f2,1,credit_card,1,57.10
fdb3f8e441b4613d2687df310f3dd318,1,credit_card,2,99.23
b87f0af53388149e08ee91a0b00816a0,1,boleto,1,40.00
"08d19d4c103470970b2f830e48e2d3a2",1,credit_card,2,558.77
"18530f1c685d2cb6b271cba538274056",1,credit_card,4,206.84
"1d9a9731b9c10fc9cba74e6f74782e8b",7,voucher,1,4.44
"59af46052a799e80e2f0c665c587731d",1,credit_card,1,30.10
cd22ef4012ae92aa8729264045bee0eb,1,credit_card,2,280.12
"5ad4c42b55f95ad02ba670fecbcd0540",1,credit_card,8,273.85
"96abd5bcf3e5ccbf3552e0d32ddcf143",1,credit_card,3,115.35
"828c98fce36f901cb4d8eff92964095f",1,boleto,1,57.23
"5a41aefdf8010bbd69a5264f69213b73",1,boleto,1,40.39
"9a25f8f4708b9143f6583aecb14d9558",1,credit_card,1,61.75
"64251db62c4860cc0d2d2b0e1f2ff813",1,boleto,1,34.51
"7cf741fd7bc734654dac45dbc67a998e",1,boleto,1,65.57
ed5ca6f65d3f6aef9523179820d7e294,1,credit_card,10,293.26
b479bb7a8182b9fcf71fccba6cfcf859,1,credit_card,5,84.15
"7cab0843cb15d0cab47c402e5ec63d22",1,credit_card,1,115.81
c7b76f99b489ee84322131a82cbf9a42,1,credit_card,3,89.08
"4a0746838da42155bfc10fe57284b734",1,credit_card,1,256.59
"0e7ad202878ea453373e3ef15835ea33",1,credit_card,1,55.69
"9e1cc8d31c00bfb769e00998a4b665c9",1,boleto,1,615.11
"22f1a8a78f878617578f463a25b239e8",1,boleto,1,72.79
"875ab1a09eb128fa4a3bcedabfb42df6",1,credit_card,8,472.41
a0983a63c7a4497e8f4c922f689e02f6,1,boleto,1,96.01
"61445239e59094f97a341dd87d896e91",1,credit_card,1,58.84
"3446075ceaabd2c708b0108c2f4da282",1,credit_card,7,253.23
d5082415db2dc919202b1d0dc63305af,1,boleto,1,52.73
"6fe061963af4f849e89ab8a704bfbb23",1,credit_card,1,121.04
"8c392f89aecdbec13f3871c27f677835",1,credit_card,8,612.01
c9c25c5398564d49b8e1db3c3e620d4d,1,credit_card,5,571.73
"856d6b7354ca57ce6a2865c9c5e9e6e7",1,credit_card,1,33.62
"5b96009a71dc5fabbf4c35fd228e8863",1,boleto,1,68.24
"22450223e273df456844f57a97288177",1,credit_card,1,75.17
"6b06756efe3332c1b68920df3c2d5864",2,credit_card,3,43.12
b7bb38752b1d8e0b56a6a0633907e66f,1,credit_card,10,128.73
a7d73128b7dc2644c342e7495ebe8e3f,7,voucher,1,20.00
b4c81661d8cdd68b499e77ba4ce04aef,1,credit_card,2,74.07
"65e96eb0ec0c05756d035e9eb8fce071",1,credit_card,1,116.43
e1e4ca9c13b18a9460faf44eac336bfa,1,credit_card,4,376.26
e920944a200b0bbe19a0cdf27cc3524f,1,credit_card,2,160.22
a66c9de993519a5f2d17c79d7e3a247f,1,credit_card,6,101.86
"09622aca695e14a0a89188bb86d66bd8",1,credit_card,4,243.04
"8a5dedf23891883d88a7f6e28b880c8f",1,credit_card,1,69.38
"9a9d4d2b13aef65ec14f49dcf366f12f",1,boleto,1,19.16
c724b6b0cf7849e01ce4f8f19e8c1f0c,1,credit_card,10,279.33
"940d6ffb9723c1e13bd69d602c34dce3",1,credit_card,4,305.69
f4253eb9f34c40695de3f9f8e59d2875,1,credit_card,3,56.78
e0eec33f570971dd8325e85fddb084d8,1,credit_card,1,28.93
"9e563813ce9ecf0328846e51263bf069",1,boleto,1,56.94
bab0a62e41a5f0abc7f04989cdd7a6fd,1,credit_card,2,221.85
f38bcea38944dc89223a23571a1207e5,1,credit_card,6,307.98
"84c8d881929cf4e631a02b92afbb9524",1,credit_card,5,425.85
bce2a9ffe2e596e54d92ad2a47a10a36,1,boleto,1,106.19
ea1857c97012fbeb3b4babd5892ebc7a,1,credit_card,7,170.29
"36ebb4199031e72a1fa964549b88c377",1,voucher,1,133.25
b8b9d7046c083150cb5360b83a8ebb51,1,credit_card,3,119.79
"06486b73d8d1705c15e0d13f6adcbf84",1,boleto,1,63.78
"5037eb441ab49c481fe12cdc8e600dde",1,boleto,1,48.95
b93b079468bdf6a20fd54cf45d1e03b6,1,credit_card,4,42.95
a111f1d17afc3e76dd0c2428a96a7617,1,boleto,1,114.49
ea97616a19d3b2683ab949def1037708,1,credit_card,1,82.58
"053996f442ec9eb8666d97d3b911a15c",1,boleto,1,43.09
b719a68a6c0da28bee1f17bff6b3c50d,1,credit_card,1,29.22
"354b150e66abb1ccda029116d0550484",1,boleto,1,1317.90
"292763c479eed9e980ac01583f89db93",1,credit_card,1,19.39
db6b63568221b91ede8c733e175bcb0f,1,credit_card,4,206.34
"952df1e461dd66df573519eda08191f1",1,credit_card,2,75.53
"6e35fab28a9f5bb616818cda6eabbd71",1,credit_card,10,108.20
"8cd72552fe9fd0c749487f44e034ea83",1,credit_card,1,48.85
"5dd074a5f6674685cfe723e7854c0b73",1,credit_card,2,143.49
"001e7ba991be1b19605ca0316e7130f9",1,credit_card,10,213.21
e4dfcaf56a2c7a993710bbc5d10a3d06,1,credit_card,1,40.92
"34c1d5a6ffd6f4ffe32502ec9c156d2b",1,credit_card,4,98.34
"06c8b01414c769ebb36a9cd0fdb97baf",1,credit_card,1,89.27
"5f071a8534fb6805fa6ec902f04219e4",1,credit_card,3,92.64
"7aa2471c1e8d0cd89eec9459fde59414",1,boleto,1,123.71
aee1ebae09f6d91ca6a459bf47b14072,1,boleto,1,121.70
"416e49799e9260d93c8f636ce6661a55",1,credit_card,4,94.40
"47dc3a1de5a0aec4323cdade0588655c",1,credit_card,5,671.85
"92e50fc63b89872b2d7aae1c07b64d97",1,boleto,1,275.48
"979413f37ff3d29ddcd3bdb3ec55df41",1,credit_card,5,66.78
"5cba8bf344b3cd25e28cc401cd3a89e7",1,credit_card,3,64.65
fc23e88553b5a1dbbbc124972cc4534b,1,credit_card,1,57.99
"1d5b194c01e762aa59a47ae8dca7199f",1,credit_card,10,235.13
"3a05c5202070d944a10db60144ddf04b",1,credit_card,1,132.17
"86a7e1a43647d220fe197594614c9b0e",1,credit_card,1,87.42
"5732ff3d673577d9e4f61f10e8d62a13",1,boleto,1,40.27
f35013d66cfcbe79e1bcedd6fb914278,1,credit_card,1,77.45
"194c41a679d0bdc8d7de9762d9e7ea98",1,credit_card,6,156.33
c4647bef360696ee22e3644d2ff31a21,1,credit_card,12,128.02
"19c8b1118ececa4c6ae36077944717d6",1,credit_card,2,149.68
ddcb87eddf4da29aafd1be7658fcef4f,1,boleto,1,34.72
"5908ee27430d026f83a0310e7c7770a2",1,credit_card,1,84.22
"94d3ee0bc2a0af9d4fa47a4d63616e8d",1,credit_card,5,133.69
e1384a36c7c9da10121e8a7fc78ec01e,1,credit_card,1,64.28
be015610d499d9af10466780adca3472,1,credit_card,6,63.91
"6379750dac6a8a1e11378e34278ae8df",1,credit_card,2,73.34
"31c54ed1a4d3fa48b61341540f1197f8",1,boleto,1,56.78
"10d9a4341b71723e4e9f55a51d649207",1,credit_card,1,227.10
"47d160e3b388f73aa2dfad3c508f4ca3",1,credit_card,2,162.90
b1d817ac8ea07419070180cf22b19fdb,1,boleto,1,275.80
bd11d8a02c0645efcce377e63362cbf2,1,credit_card,5,591.88
b9e60cfd587e2b40cf959a04023247a8,1,credit_card,1,61.75
"1407b8c9ec30eed1a581452a7106dba9",1,credit_card,6,123.18
"5bd66069fada7fd89c98b9a329d9737c",1,credit_card,1,96.69
"1def5208ea4cb393260ab333be753296",1,credit_card,2,62.21
f774c1e75cb8cc6d1d8a30c56d16bcda,1,credit_card,1,143.10
"1c8166cad99e5856dfb7d622902c623c",1,credit_card,10,356.12
"7d52b962726f481292e1faae3fcb31d6",1,credit_card,1,30.44
a1074f1de8cb7cb5f4ce95be13541ac0,1,boleto,1,77.69
e0206b3fc791d710a2498a32e0ba1310,1,credit_card,4,226.91
ca73b77530327511266404c85c36f8bf,1,credit_card,2,88.27
a1f0d7a839bac074bdbd34af57df3522,1,credit_card,2,158.66
"925076985315dd0cc772d4156564d009",1,boleto,1,44.30
c68d536a69b345791fac24a064e2648f,1,credit_card,8,202.28
"8c7e112e6142410327c019e28d65d751",1,credit_card,2,83.91
"1e33dae93b2e09f84f40c00cc0f0a1af",1,boleto,1,269.42
deef94d95b5cf9c23e10621ad71a96b2,1,credit_card,2,110.08
c1459f8c6638b835a54df0c0246ce486,1,boleto,1,315.98
"285c2e15bebd4ac83635ccc563dc71f4",10,voucher,1,2.78
"363c9dd272c47a3ce068f09c80feb7e2",1,credit_card,1,22.90
f11d5bb456a331aa3df2a83c1bd4af85,1,boleto,1,50.84
"3745ac683b5ef89d47799dcd2a703d99",1,voucher,1,25.00
f36770932c1481e3aab9eced257e50b6,1,credit_card,10,119.20
ca2b3adfa13249c87545515d1f9a4156,1,credit_card,1,179.06
"718b42497723bf9bed7b3e37380e1a84",1,boleto,1,60.37
"87d24c5a20d8d416def2c6ef81d4045e",1,boleto,1,165.77
c23296e1255abac91cb3a637f4f084e3,1,boleto,1,479.64
d56564f21e612a588607e9ffb39b9d21,4,voucher,1,11.09
d7f71d136da2fa678c39380a22d117df,1,credit_card,1,95.26
"27ac4b49ad26b510e55da059e19b57a1",1,credit_card,3,142.28
"71394edb269e67b8431cc1c355cc53df",1,credit_card,8,87.92
"598e0b2b828aee119bc59b9fdb2fc1c0",1,credit_card,2,79.99
f9d624fff0e97399f92fe058220ba64f,1,credit_card,4,106.50
b5ce2ab79c7923ac899f38c6f48ade42,1,boleto,1,60.09
b3f8cce18de7b670b4bf149957000470,2,voucher,1,37.05
f4bac547781ca354b61cb06c887547a1,1,boleto,1,102.57
"758480e19da5e5b47ceb7318a5ca77fe",1,debit_card,1,113.33
"93d2d7b578c9b8a9de1d72b7507bba6e",1,credit_card,3,135.08
"868caab96a9a36b7ef9f89dcbd814e3e",1,credit_card,2,124.31
eae6a3184617bf13d153139ea39ba3a7,1,boleto,1,168.20
a40c3d3b781b68ed6011193c6105eda1,1,credit_card,5,315.87
"0607a1c003c16725855f65d6b738028a",1,credit_card,5,64.08
"3cabf3e464629648b819dd1bb6899bad",1,credit_card,1,176.78
fe86dfed53c5a20c5ee0647ee04af884,1,credit_card,2,174.86
"8bf374450911ac76af4ba0a4f1233d0e",1,credit_card,3,99.44
c41790594db216ff69f55d178ea8c863,1,credit_card,3,185.05
f27ef7407696d146fa7001185d6515c2,1,credit_card,3,123.10
"7e725a02a94edf1bb07180293cbb29d9",1,credit_card,1,41.75
abfba6cce1c9932387e102816c424f50,1,boleto,1,32.00
a942adcbb3d69d5e7ec1d68a0786b52d,1,credit_card,2,158.25
"467e12527db98ba8ff31b60f0a2cddfd",1,credit_card,2,61.16
"4568bd0a9ecf831c2b27743ccf0f2015",1,credit_card,4,395.50
e8b64378ad79a0463f32ec53ecc00881,1,credit_card,4,65.71
"148eb002be64ecda1789c28234f82c49",1,boleto,1,378.00
"6e41c1b023ea08cb4744bbe97eedb35c",1,credit_card,7,144.96
"491a1961ff53513a57fa193570a11311",1,credit_card,2,40.28
"4df904af63b025b5abbd9412e2c674b1",1,credit_card,5,53.22
b36dde30ca62faf042ac4e3f001b9c04,1,boleto,1,79.56
"6814452b321179f571954d27041139b2",1,credit_card,5,110.20
ac5cedb0f5d816dd6ac33929fcfd1f00,1,boleto,1,127.52
"96579b3ca52d82b041b4fc2be5ffb7a9",1,credit_card,2,61.80
a2a1336bf769a76da801da42dd9f0ecc,1,boleto,1,437.65
a97278b621a4dd5b9a74995d6f72abfb,1,boleto,1,117.94
eb28ab50f433eaa5e736e420098ab5bb,1,boleto,1,46.80
"39986789e9546c96bf9cf93637d3d6c1",1,boleto,1,509.66
"7bd817ef4c8ffd77578d493d6a25d69b",1,credit_card,3,73.34
cd450aa54feae01d9315612b1965c20e,1,boleto,1,36.26
"9c984f2c226fb999a439fcc64c73caa2",1,credit_card,1,25.69
"1c7e4165f3f62e0f9ffe766a0ed93f57",1,credit_card,1,44.10
"2043f9d91a5fa13a0b5aec806b6a4c27",1,credit_card,8,100.47
"7146225dc080fb528c5c9571a11feca5",1,credit_card,4,128.36
"0132d77609dd6e1867515ec57d898c10",1,credit_card,3,99.35
a3757e2e2fc596f02ee3b55323c6a67c,1,credit_card,6,64.10
"0d7fa46a537318ea56d17071cd6dff66",1,boleto,1,47.38
"1a7e970c994a82401235495241e66a14",1,boleto,1,53.62
"591398abee6f2509ff5cdb6e5068dc27",1,credit_card,10,289.95
b391aeb86b28ac5a2085e0a77833bd15,1,credit_card,3,56.36
f6b0fadc7a8c63ec71d0336d21b8c630,1,credit_card,3,66.06
"7b57eaf2caa8c4844ecceaca731c93fe",1,credit_card,1,35.14
"34dcbc5c082a2153b21955ef457e8c04",1,credit_card,4,42.80
"071deb193a4682621c819936d21ae127",1,boleto,1,133.37
"4fe684f6261471c275d37f5b56bd60d5",1,credit_card,7,137.99
"150d0b8f9129df81f8190e24c9254477",1,credit_card,10,105.97
e8a7971efe578b8e5a140c59f190c52b,1,debit_card,1,196.49
"8c242b06662dd71ddc5251a5b0f62b87",1,voucher,1,68.62
"086f8f18f98299e22931d762c63db2b8",1,credit_card,10,2150.22
f5d76afa9187f43bf70b16cea5c97c1a,1,credit_card,10,363.96
"88a78af246c6c2db88e72b384796c98c",1,credit_card,1,67.38
"0896d006da3ad8dc1b39b408ea428eb0",1,credit_card,4,133.49
fb662b5ba362e72d75d486ca4d29c9e4,1,credit_card,10,157.49
aac103aa82ea3fbc312b34cbc349859f,1,credit_card,1,34.03
b9bbf1dec2af18a8d043e4400ea67be4,1,credit_card,1,147.47
eb6e0e93afa55d94898504b3bf14dfff,1,credit_card,3,262.10
"7053640a1ecbbfb050910ab2ea8b2183",1,credit_card,1,53.79
e41e11b6bbfb361583ab92eb18bc9018,1,credit_card,4,45.22
"96bb1f97b225fb91cdfced5bbae3166e",1,boleto,1,179.02
fc94803f2f890e115923357e5ef2d347,1,credit_card,3,189.37
"8803154001f5f8c27c7a8854ff1832d3",1,credit_card,3,136.96
"0c5cdf9ab91788bffa3d0f7e8ce4b213",1,credit_card,1,51.34
f2be3946c5ae27518a65c37a05b914f9,1,boleto,1,65.09
"59f20ac0aae46d0940018c589d3571f4",1,credit_card,4,203.42
"9b04dbbc638c90f5ef32517e299b56ee",1,boleto,1,48.00
f882dc69fbc15adb2c82cc8898c3c917,1,credit_card,2,50.09
c5f102432d2d19f7bb18da99dc9456f2,1,credit_card,1,78.70
d9f834b712ac280bbbbcd7a3114c240c,1,credit_card,6,267.99
e4ef0775ca01d0f6839f7d362041abef,1,credit_card,1,61.32
"7f4ff75bb83f26aec27c8ccc039a449b",1,credit_card,5,128.97
c1e9df16ff9d33f95cd4e24e6e064c38,2,voucher,1,26.43
e6ffcd88cc3d2795303c2fd25cadf74a,1,credit_card,3,97.03
"7170daec36d1a1d42734374aff679a47",1,credit_card,1,84.48
c2aa77318ccfe5fea754a5d1c2ff1544,1,credit_card,2,224.97
"3c23f03a52f26c926ec48ffa9bdd82f1",1,boleto,1,81.19
"940d9b6c9ee80f7a059b05f7106d96a3",1,boleto,1,188.00
aaa9bc5eac87e8aaeb039fe8f326d34b,1,credit_card,3,162.65
a58d3e59d65840491ea8914d54ba4693,1,credit_card,5,207.89
"9c6afc949524a73041a14fa201f42851",1,boleto,1,120.18
e5507d205012f77887831308321ac9e3,1,credit_card,3,213.51
b08e84226fa195d1d2f2edca21486c8e,1,credit_card,1,142.56
f3759e04439be59217e3d2bf21ed2303,1,credit_card,1,78.42
c6122e6a623a45c8dfc876f10733682f,1,credit_card,1,63.78
e5eaba9778b55a55a199e9bb89d57fff,1,credit_card,7,72.14
"6367055387daca23e4b22b6fdf4b4ed8",1,boleto,1,34.00
f0480d88b450df6f626639e82382b722,1,credit_card,4,46.63
d4c73de44c6a4b71eb3d06d3b362d57b,1,credit_card,1,8.33
"4d4533e0d6931b2344cf5711561dd7fd",1,credit_card,1,66.89
"3e721650e845549cd3268a5749f843fb",1,credit_card,20,1182.31
ae8e71cc131340d44221ce1ad4a31867,1,credit_card,7,73.34
"814a3fa64843bab063063a18603efd53",1,credit_card,1,45.09
"19eab825a1c06f76aa724771ac4db143",1,credit_card,2,214.14
a23760b9274db6304cc3cc0085583693,1,credit_card,8,334.98
"733c73abed2883f2005808ba3e5214ce",1,credit_card,3,169.38
bf2efa777e1a41506b6a7a702e98f0f5,1,credit_card,1,39.23
c4e892263d3d1e1bd9f1dabad754287d,1,credit_card,1,27.42
"9fb0f5aec85853d38f0255b295cb4cb1",1,credit_card,10,509.40
"9d57e7a9c3dae94772187f73e97d9854",1,credit_card,1,83.07
cc9c27c90afa88462b4d852d81b367fc,1,credit_card,8,295.72
"647514c10c6117b8afcaf93fe25da0f2",1,credit_card,1,339.79
"830d2f9316703d28776bd868412fb961",1,credit_card,2,48.27
"6a90f6f5f3a52b4316054b51a53f4d4a",1,boleto,1,176.54
"42bf504cb251a0831211edbffa19c28e",1,credit_card,1,41.75
e995d128a5a5bd59d704a736c4a75fd5,1,credit_card,7,73.68
"9b745d27f038a7e9865cf448ab71e99f",1,credit_card,3,139.13
"3282779fe3b8973d9139f7b8fd8e22c0",1,credit_card,1,49.94
a68ce1686d536ca72bd2dadc4b8671e5,1,boleto,1,77.73
"679783b320e587d8e1c9e0dcb2421539",1,credit_card,2,203.08
"5880ebe9056ff99c864c131e32d62828",1,credit_card,1,32.41
"54df86a3941e416fa16c0cb39efcf805",1,credit_card,2,57.63
"1e8653b2cbcdd39e513300acd653dd60",1,boleto,1,146.84
"61a86f238895780d1ddc6344985537ef",1,credit_card,1,53.10
"133a94aa41cab8ad1d4cf02c2636b9cc",5,voucher,1,129.80
fdd5e4264311601ee93658c23d3a79be,1,credit_card,1,127.78
"5cb5eea8db35f4d622fd1122e2841e39",1,boleto,1,268.77
"1dd21fef8dbb760a4bee7f33810aebde",1,credit_card,1,41.68
"9ee05256cfc9c15eb6b752dadd498501",1,boleto,1,48.34
c5363cd801aaf46ea50c911244e7a655,1,boleto,1,35.00
e9f8c67129c6f0bf411b428141ddfbf5,1,credit_card,7,70.02
"86bf07c0a6d01d38dd8ecd1a1b68d139",1,credit_card,1,66.78
d060362f5f96859d8ae1ad639492c123,1,credit_card,8,213.73
"7d1e3a395580e827eff45e47efd8017d",1,credit_card,2,116.69
"3ba9c7e03e16689f18c77e2f5efd2af4",2,voucher,1,50.00
"732a77c453f0b9ea3a2665a575f3ecd3",1,credit_card,8,378.86
"20d07181f8cec8c3fa51212c7dd926ea",1,credit_card,6,160.20
"6e6fe0a4ffa0d2ceb491628d18388697",1,credit_card,8,695.99
e869ee66bd99ad6dd1798055c4fe4830,1,credit_card,6,64.74
"0e8bbbedc5dffd859a8386d68d138c10",1,credit_card,3,149.81
"77de2b6b4ddbe44561245ee168593b5e",1,credit_card,1,98.51
f4ed3372892bfb645849016388ddae75,1,boleto,1,271.31
"5f22a7ee1c317c6e6f25ebe122f66bdd",1,credit_card,1,62.71
"2ec431d5717503cb73217f7f1e748781",1,credit_card,1,38.00
"86d06bceca766579cdf18c84e7778a57",1,credit_card,4,190.76
cadf75f0c2e29639d54ff0430d98e9f7,1,credit_card,10,169.94
"6253925a5ffb2987f7cd545b8023a12a",1,boleto,1,55.09
"5458011c1e8235532bd6b193e37c7688",1,credit_card,1,127.95
f4eef947e4385f95c5a7184a689fe241,2,voucher,1,36.15
"08915f902759876fcac1ccf9bbc966cf",1,boleto,1,53.79
"996cf7c353223f600a2ea65b66166d91",1,credit_card,2,68.35
d9e110790efe2b61a32e2b343905ae90,1,credit_card,1,114.79
"9f3c417d0037cf7d6125ed337ada23dd",1,credit_card,1,22.62
f3f9b48af7d08820e387bb0ead261105,2,voucher,1,100.00
"4c08f008753759d67d8ef45942f1a891",4,voucher,1,39.42
fe52ddd89601a213e982835b2e24e16f,1,boleto,1,83.47
"635c8d3ab47b7448b5d6c81dc9b7526e",1,boleto,1,48.94
"003324c70b19a16798817b2b3640e721",1,credit_card,5,234.70
"1a014516e31169d67ede0e351097a9d8",1,credit_card,3,159.02
"7af09f41da0338028361e811ca9d4421",1,voucher,1,25.24
c35f0be8d0dc1e48ed297f8ea0f44f26,1,boleto,1,59.92
"20643f3f5e6c738074425d5ea256551a",1,credit_card,10,1251.44
"75cbdf50ad99f2f1770fca4ef27142fe",1,boleto,1,149.44
"9f699b61466717356c395dfd79ec616e",1,credit_card,3,157.30
"14d64059935405be1dc46f30f7a123ac",1,credit_card,3,217.54
"822439c9a01bc64ce644063229f3edd1",1,credit_card,1,108.11
"63638a6806d67773f3adba8534553fff",2,voucher,1,11.99
"6082358a7c7ac731b66ba978a6bb4442",1,credit_card,2,166.16
e19abb91d2afddbb8df6f4cffe899579,1,boleto,1,31.38
a422151669049433280012413d1a6486,1,credit_card,1,57.32
e224ad54b26a576b354a3d1cecde60d5,1,credit_card,1,34.78
"842fbaff9da558be5528caf78d1e0969",1,credit_card,6,66.78
"895760450a7b9a0a42ec7a8f5b19730f",1,credit_card,1,92.45
"6e454623148ed5b186a1eaf35d2b51eb",1,boleto,1,87.56
"01d9a9aa7feccdaf99f7ea832bfa7301",1,credit_card,1,88.97
"79f92b33bbe0c43264104fc5ee0b10b2",1,boleto,1,36.98
"7afc8977fcc9eca80eb1818fcb8ea66c",1,credit_card,1,27.68
"84afbd9804406ac220e80881c71fa060",1,credit_card,1,22.68
e8208d83bd260fc57b4d889f8883dfd1,1,boleto,1,138.68
"9b91a8a7af98d4f7ca653cbadc15b556",1,credit_card,8,102.03
"9ce40c402845819d3d1c88eb10a41e4a",4,voucher,1,10.81
"49c06ec1bf8280d4a6ff6f3a70b59eee",1,credit_card,9,214.04
f29b1fdd44f820a916d3f1946a88c333,1,credit_card,1,126.44
"54787cae1cb90fdafe197fe2bc300cd0",1,credit_card,10,1415.80
ecacbdf9dd9ba3bb85ace7edb81d157c,1,credit_card,1,240.10
bfb04781e6dc96f737795a633dfd1b80,1,credit_card,1,79.62
c80a0f4c8860db02b33d08ecf2c6e03c,1,boleto,1,83.72
"74e8e10fbe9ea9f2e3b8dbef8f3ddb8a",1,credit_card,5,150.18
"6172acc45ea968ebfc452a0644b1d6e1",1,credit_card,4,40.10
"5b162b218962d6f3b7c0d0f3bec7920d",1,credit_card,2,129.47
"598cd40a798aa27cded050fe918ffbe7",1,boleto,1,587.94
f802bb2c1b7a364738b3f86a30148853,1,credit_card,7,151.61
"8a8bd4a338e17ace44431e99a2add1d2",1,voucher,1,20.00
f7cc237b35aef540d178cf5c41095769,1,boleto,1,194.96
"9c64b3536fb98572dd79bdaaab529f2f",1,credit_card,3,368.04
"0e2f2a11ed7233e538469471930a7ed7",1,credit_card,5,57.83
"8524c844437828e1a8355451ac40a2ac",1,credit_card,3,61.64
"0d8b3fb610ae4ac24891052ed60e8a2a",1,boleto,1,107.80
"504d3fdb152668257245784f42c6fbc7",1,credit_card,5,56.98
f907eb5eddb04b68f52bbba38b075e8d,1,credit_card,8,388.25
c05b9a60de6b80604843d2f4d40c8a67,2,voucher,1,25.00
d8548c48e1580222bda2c86c47ce10cd,1,credit_card,1,35.00
"91fcf25c1cc5ba3a5ddc26f394a74138",1,credit_card,1,87.59
"465b896aa34a4d4f8c359165ee6f066c",1,credit_card,1,21.43
"2194d1dc5f73fad748d7a90fd673291d",1,credit_card,8,85.27
b786414cc7eca4f1a133aa2b3b4cd53a,1,credit_card,4,68.65
"921fac391a5b1aa6ef7fc2e5277a8d52",1,credit_card,2,133.46
"562759780fcad12cd40fa0b1311a4ade",1,credit_card,1,51.79
"50464b5c4c37ca488dd7857dbaff4840",1,credit_card,3,544.52
"94d2360b6b3afaf6e51fee341b108392",1,credit_card,1,38.96
"0ae4456639dd07164db5f2433c8f55e4",1,credit_card,2,125.16
"64d02f4ae7e52cc423b0b8790e8760d3",1,credit_card,1,54.22
"9a9a016a99c004915ea810b5fe0dd5f1",1,credit_card,3,162.96
ca586f4a85ee254cc0b4e01e30809cb1,1,credit_card,5,110.42
"4bb249470aec4b87d52edc4af12f5b53",1,credit_card,2,129.22
"2bcf5ca88957e31faab027f2325cfd63",1,boleto,1,59.96
"89f2413853ec50a94699c477188e2901",1,boleto,1,88.19
c14323552816050d396da49c9f23ae1e,1,credit_card,3,33.75
"6e7e9fd0c7c9256e1119cbb95fd12bce",2,voucher,1,158.28
"634a0c518ed370679d33e5e25ab3725b",1,debit_card,1,872.43
bf9550703d5af230399ad5d1080d6683,1,credit_card,3,121.68
"4b160ae84bf86ca95ce56c7c83c0c5eb",1,credit_card,8,356.16
f52e3e3393470c823fe723590c5b20ec,1,credit_card,1,37.00
"6cdb9c6dd8a5888b4dfc2ca57c8fb500",1,boleto,1,72.70
"012d8cbea490e6102cee6a2088aaa785",1,credit_card,2,112.89
"76103be5bcccf8ca4360b4ae36af30e8",1,boleto,1,102.39
"9d00e586fa5fcb774ed90678f734fb49",1,credit_card,9,96.80
"5057598da256a7629c0f6f21877215ba",1,debit_card,1,553.23
"090c6fd239a12ac8f6a825897ee15d6d",1,credit_card,2,138.50
"414aa35f4bb723e9b5787467f282450e",1,boleto,1,38.09
"129c72226e320a7bf5b89efce442afd5",1,credit_card,2,87.55
"352ad67deb8528562cff60c00dc6e99a",1,credit_card,1,107.85
b26d0e4b269b9370121538ab116bb04a,1,credit_card,2,47.59
"377e5b3fd806424e7a9aa72e8b36bb4b",1,boleto,1,146.57
"3e2a7096b199939e9fde66eba27073d3",1,credit_card,10,158.85
"0581cc006c5d0b4351b5435336828add",2,voucher,1,353.43
"08003b4e485e934387afc41448692e0a",1,credit_card,5,54.00
d9858ec8ea40a6321206b4ebb6ea621a,1,boleto,1,163.98
"13cf8836b6a3654748e09e70c6ab4f4d",1,credit_card,2,93.30
"06bafdd8b6d0b5befb44337a7674a1ec",1,credit_card,1,91.05
"903c880841c9b1af32d6d086b9763133",1,credit_card,4,43.26
"0a0d4509c14ceb9b0f6555e07c45d167",1,credit_card,6,165.00
"3fddb37d99af3ae9c36dc26f4edb3afe",1,credit_card,2,87.64
"403065b674f9cd3a0ab4d217dac82725",1,credit_card,1,82.44
ea7bc44cb5c025230582d186e6366125,1,boleto,1,243.04
"0691811195a83594b0377267a8050e6f",1,boleto,1,105.37
"02bf0154cffa7eff0ce73027221834b9",1,credit_card,2,197.44
"86c6e56273d0ef4bd22ba9fdeac0a439",1,credit_card,2,45.48
"39742381ff00946ff3ec36900700013b",1,boleto,1,85.62
"353fcb9f0aa5bfdba9d0f676bdc044f3",1,debit_card,1,63.10
"0f4fb5e0b20cdd9ef2fe37b2627f2cfe",1,credit_card,1,35.38
b5244709b8ea124be6761680b9966925,1,voucher,1,64.92
ff24fec69b7f3d30f9dc1ab3aee7c179,1,boleto,1,138.60
cba1cb073e8cf5375b9f786704de8e80,1,boleto,1,137.80
"9409061640fce9127ff7a2ee181a54dd",1,credit_card,10,159.21
"0583457e98d0d734222af5237cd8fa94",1,credit_card,2,68.04
e84a134160970bbbd747fa73e42c7e7a,1,credit_card,6,351.25
"602c41bce7c56c79f81a7e7365451e0a",1,credit_card,1,41.09
"3e9638823ecdbfaab776fd985c88ec3d",3,voucher,1,105.67
c1784d1cbbff59b5a789abe080cfaaee,2,voucher,1,158.95
"55f3c870c1e40785268450603096ec90",1,credit_card,2,189.00
"8c695ffcf56400764176fd1789ec7fa2",1,credit_card,3,32.50
a5a1cabede9ba7b85cc04f0c65bddb88,1,credit_card,1,58.52
"8563ba5846a265d99db932d71e8f5b8c",1,boleto,1,186.85
"4de5e476244e0fced5eabc7d26c02dd9",1,boleto,1,309.01
bc6085fe6b798cce36f61486af007800,1,credit_card,5,123.18
"966004c159b5f144988649907841b502",1,credit_card,3,161.86
d7390b1e8637527602269d4b429deda7,1,boleto,1,197.96
"83aca16ee4a8a75d42a429a6b9a54c58",1,boleto,1,37.77
"32ee7f6a6c903af7e78ba4484169b74e",1,credit_card,1,101.22
b69b3998539f1f68e146ab4db97cd0a5,1,credit_card,2,67.92
"4a9e7a4311dfd6488a1501266a1cdf9f",1,credit_card,4,206.78
"452598fd9959ef5d771aaaac130c48ab",1,credit_card,1,69.61
"8b8164ec47a3d04ec76e8ce5389033d4",1,credit_card,2,168.88
"3853cade3f418a7b30e358ef6a5f7e93",2,voucher,1,50.00
a0613f72de8eeb0386bff92454492f6a,1,credit_card,1,71.04
"9e9457385ec61a477390b14f317686c2",1,credit_card,9,96.70
"1a402828d6f17017c6b85b1f90dea327",1,credit_card,2,56.78
fe7edde8e7e558480c547a75af47bde8,1,credit_card,10,545.13
"7907fd0ffa8e1d3235f7d764ac286263",1,boleto,1,314.31
ed95597d2fd96ad370b62bbfc4b6127b,1,credit_card,2,48.04
"53f4a393eb9126386cfc207f1aa6ac34",1,credit_card,1,196.01
"623125bebed45c5fb349862e0913dcf7",1,credit_card,1,69.78
"085364fbac51681978eace38694d4683",1,credit_card,2,210.22
"08e83756399f8394bef75d0441b17b57",1,boleto,1,318.23
"70215c7031c6fdd581a2d729c93987e6",1,boleto,1,34.92
ad57f476bb2fef779bc42a032c512a23,1,credit_card,5,66.67
"11c931d6ce4eaf462a90dd1248a767fd",1,credit_card,1,90.88
dc17587e6349f0e37fabd902991359f4,1,credit_card,4,155.05
"170b7a63bf7b5f3d511c138e81f06e54",1,boleto,1,107.55
"279f4b9e7b2a4b2b98c0d8c8a8f2a4b2",1,credit_card,1,107.78
"7140f1766a80ed09f082a42b25dfe173",1,boleto,1,47.94
"9841304c5432e46d9cfd508835b743b1",1,credit_card,3,147.47
f0d9a9e5ae6be6b5b74b1d58208e6261,1,credit_card,1,67.56
ccab611a69c000eba169258977bd3d84,1,boleto,1,138.90
"10fda92f9390e0b13e41ce5ce692a2cc",1,boleto,1,40.69
"148ee9d672f9101508eb05e1e7a677b4",1,credit_card,1,103.43
"28fb48574c983c05540825d1abf49e26",1,voucher,1,26.68
eed9644811f4d0e16bbcf03449d12698,1,credit_card,2,144.31
"1bc3ce28b0a3f83481e648fb1881e44b",1,credit_card,1,49.42
e6d1b2275402fa4946ee8a3d37712c93,1,credit_card,9,90.30
deae800566c689f2a076d37be35e4c7a,1,credit_card,8,729.17
"29f32f0cdbb988ca3cbb57521614e958",1,credit_card,5,70.53
f80bb64f9bb2ac4ced01632c44a67e0d,1,credit_card,1,8.44
a601d022409232a8c75200e448dfb843,1,credit_card,1,100.11
"5820dd9ea37cacf01bfff5a4b9ccfb13",1,credit_card,2,111.32
"34dedd5cb5e0f12df565171392540a8f",2,voucher,1,95.56
"23976d6dc9224e9d1f9e38a7b6fb03df",1,credit_card,1,106.38
fd675af66d4e1a4c1a3bf57b8d31f791,1,credit_card,3,118.90
"2ed35bba35070885f6e0ff68cefe670d",1,boleto,1,92.24
"755062e6c08cf5b87a6eb6a094eca92b",1,credit_card,1,82.67
d3e02de362fc9f3853a322184625c590,1,credit_card,10,222.01
"43d60e5304df2b3b2d51d32499266433",1,credit_card,1,175.87
"0eda4018077fe64a701b5af5b47dba15",1,boleto,1,101.34
"3c843728a555b7e433f4a128b82d6740",1,credit_card,3,156.19
d3e80887b0f3cb72b3b9966a6071c8db,1,credit_card,2,90.25
eb7e858d6252b3de0c50073e03a654fc,1,boleto,1,154.22
adb5229ba2403ffab5e2b7cd6e33459e,1,credit_card,2,27.77
"699c772093df6cd7b0a73ddac5132a93",1,credit_card,1,189.19
ba900c122a364faa9a3c7d271bc2308d,1,credit_card,6,67.69
"916f6a4c3dcd2f31f59a340a281e888e",1,boleto,1,73.34
"3ce1b0c541f9f11f10e841355e9caa7e",1,boleto,1,142.10
"4299a0c82607e27f3ed35f448206573f",1,credit_card,10,139.62
"0ffc72fbf456655a67de48c1bd094594",1,credit_card,1,72.76
bd75e9df026607f1d2589db648d90ed3,1,credit_card,1,123.67
"20622ef355900d1bef22d837aecbe32f",1,voucher,1,217.57
b1c51fb49ee0d5934e33c77c603e6652,1,debit_card,1,418.90
"5204d67853f827d1ee32810bf8f2d6c2",1,credit_card,3,86.59
badb0dd3be1e47b016f7ce9a3a7168b8,1,boleto,1,54.00
"46ba2cde3624acc8577b0e45af4c67b9",1,credit_card,5,181.13
"1da5fa1f1507745c40e2aefe0b6941e7",1,credit_card,10,148.06
"1478e287c27b62fbae90329970302f1e",1,credit_card,1,133.18
"02a4b1835e0a493657a4d3281ca249bb",1,credit_card,10,157.13
"6f51b9ddebdbc1c999a68bf0cabe83e8",1,credit_card,1,55.03
"1d4744e42dc6d786bbc9512601f7e49c",1,credit_card,2,77.98
d8448e657de2d4181e64b8fcf0506e9f,1,credit_card,6,157.81
"383730d8be253fb34891920a417f2861",1,credit_card,3,497.89
"5302018f3ca79e79316ca710edfe29a6",1,credit_card,2,166.11
"0f3a5047f59b6a2df32f4471eedb41c5",1,credit_card,10,395.46
"28f5847427849401fb017537fd20da41",1,credit_card,4,41.93
"28f07abcb98384e4f6999f70c7ff3d13",1,credit_card,8,188.52
"28b3a0c20aef4102b44f6928bdcffc7d",1,credit_card,4,151.92
b1efe5ab6f4610dc50fd9e55e4269b58,1,credit_card,1,65.17
"81e5043198a44ddeb226002ff55d8ad4",1,credit_card,10,108.12
db22016bef74b6dc92aabe8713dd0eef,1,credit_card,1,37.69
"84b0b638cd0168c9b746cca306bae3dc",1,boleto,1,62.28
e271e657e4d6b7cd8627e5ba90ad3929,1,credit_card,3,222.68
"58e1a22619f23efd803e43cc8c65908e",1,credit_card,2,76.38
b4cfd92086298b1af6fd30b2625583c8,1,credit_card,8,96.80
"9e0ca19fb3cd696e318f58f0613ee8b1",1,credit_card,2,127.90
b391fd34f5d52bfc8de47b44d609e490,1,voucher,1,65.71
"4dda84ad43d105c6d3b73004b4f647ba",1,credit_card,1,86.81
deb08269080b64b8e69bcd06b808889a,1,credit_card,2,261.92
"7b46ef3113a4b5ca5e06eb8ac14131c2",1,credit_card,5,295.56
"1e01369b33244af82c1b44d7359da3dc",1,credit_card,1,131.11
b191545cfb775e72c067683831bf4b0f,1,credit_card,1,24.43
"76b1bcac04cffba74b00e4be75f58f9f",1,credit_card,8,135.00
"0b277c8a59b6fac83b512d46a575c8cc",1,credit_card,7,75.07
"5f8692d4a41e2be3cf2a61b57cec915b",1,credit_card,1,55.09
"99bbd60bc8f989c66847afcdba6fbe7c",1,credit_card,2,194.91
abb2eb746a8ca83b66b090c521dff1d0,1,credit_card,2,53.01
d82b6e7da21a039639022ad9e9bc3e56,1,boleto,1,87.02
"767ed97fc7b0133058b858a89951972a",1,credit_card,4,99.90
ee9a7a0f0c0446da13006eebdfa5e0b1,1,credit_card,1,37.77
c588d6fe9640b6198171ed8c30981057,1,credit_card,1,35.42
"8203c6a0f836ad28ea9043e6db95cb71",1,credit_card,1,43.17
"9ee1e0b23de00d0f485da371304385f4",1,credit_card,3,35.09
"6fc1f769bfeb1481960874a33a43c449",1,credit_card,1,136.83
ad68ada2adbaeaf13d4da68703e0a301,1,credit_card,1,173.86
"234ca3f0b20c63f1aad520a9de28aa08",1,boleto,1,163.79
"33083ef1b98c3ffaf1c217ec67963aeb",1,credit_card,1,55.70
"9641d6be3bc2c61bfeb713777a1a8ae0",1,boleto,1,175.08
"440d0d17af552815d15a9e41abe49359",1,credit_card,2,185.02
"830f2dd158e996fbc6d363d90978d530",1,boleto,1,30.09
bf60ac45ad533aad56e08608c2fa1f26,2,voucher,1,25.00
d2485e80a65cd94cd4a4755e0934bf47,1,credit_card,6,162.04
"12a408b60b694ab095783ea92af18e1d",1,credit_card,6,66.67
d00c0296f63ccdcf9062c425887095e6,1,credit_card,1,45.80
"0d05881e40ca056d5ad848217bc92cb1",1,credit_card,3,335.48
d7123732c68ff880f12d65c308f133a9,1,credit_card,5,56.78
cf751a641521be29ac2213cd1756490b,1,boleto,1,94.30
"44259226d73d340f929777553ecf199b",1,credit_card,5,322.17
"0039500db36d50d7d0bfaf23723550f3",1,credit_card,2,203.23
"3b881091c6fc2687191b01c705287c13",1,credit_card,10,189.34
c5b8e6bc67cded6cf23ac6fe3ba57d02,1,credit_card,2,139.94
af348cfa2c8539e4fc38335249aab3e8,1,credit_card,3,41.56
d4dcec44106e7301b362ee4b771b7ff3,1,credit_card,3,125.58
ebf908ba5d7c097d2839701fb3366412,1,boleto,1,175.08
"5571222bcd19928723500fbf1d62c819",1,credit_card,1,108.06
d54585273ec1cbb4c450e524d11d2277,1,boleto,1,42.10
"1722fe3b31052dd87d3639c52ba346d0",1,boleto,1,117.85
c97b96669af0b8d42bb6991c545614c3,1,credit_card,5,110.20
"259d8af4acaef000d3b679869fbd12ab",1,boleto,1,27.95
"7bb14a2a67cb178e16ef288143ea56b1",1,credit_card,1,318.44
e28a6e3aa7a161c1681ff579233321b8,1,credit_card,3,163.61
"515c58930f7c49f1a0d9756e12491e63",1,boleto,1,173.68
e488cc26536e9d4857ff7e4605f3220d,1,credit_card,8,86.09
d5d777fdf41da773664443c2fd9acc23,1,credit_card,1,38.42
"8de8b85f1fd0b1e43dfe0745026e93f4",1,boleto,1,67.09
"4242575865a8c4d5919561538ad8c6a7",1,boleto,1,102.03
c502117a7895e7931e1362f69676ec36,4,voucher,1,16.72
"08273b57741a2ee2f20725323393b0a2",1,credit_card,1,252.83
"1915bc319651dfbfa6563a6d19d558c5",1,credit_card,1,65.78
d147001bf6f7a4295040343db205d9c1,1,boleto,1,136.91
ce22ba2aeac996a236980d5412bcfcdd,1,credit_card,5,52.26
daee6281770c2306ab2b78d4fd38ef83,1,credit_card,2,57.38
f4f8522daccc59321b1358e61baa1ca7,1,boleto,1,46.69
"6611a632dd160c4990e284877626223d",1,credit_card,4,86.99
"9490f95bd06a2f4597126939a670b02e",1,boleto,1,123.54
"4d800ff31c8c5d493ba7137dbf5b45b7",1,credit_card,1,132.34
"2025b5bad835a500f8422436e24bd78f",1,credit_card,8,351.48
ce31aa6bc49989f71e4eb6f02f702f51,1,credit_card,2,79.86
"426cb887d39c423e83e61bcc40e6c973",1,credit_card,1,56.96
"491d8dc8c735f10c304ddaff40e1b3dd",1,boleto,1,205.08
dbc097913df341f30b9f9e92f459cee2,2,voucher,1,50.00
"9223919b300f6989e1715333fca0d6ce",1,credit_card,1,96.32
bced00a55bb6ecdb3c4a181b43ddf3e7,1,credit_card,7,142.94
"5187d6e3efdec859c111d889c9ad7d9a",1,credit_card,9,90.28
"2dd14275918584fb2a28d4a4300d01e0",1,credit_card,2,54.69
"2be14bfbd7aa00107ece493cbbcc29f0",1,credit_card,3,176.16
d3cdcf5216c68dafd7a510a4d1c24684,1,credit_card,9,99.30
d6d81bd1355195a80011c4040eddd98a,1,boleto,1,193.60
"3349d5fc8a511315de279fcce11049f6",5,voucher,1,38.14
"6922a9ced1ae0dcc65cf9b784c8b7251",1,credit_card,4,84.62
fef460386535d68be40b5323a195b4b1,1,boleto,1,61.07
ba65d70e8d6eebcfd0cb5d88c2497383,1,credit_card,5,51.84
"4bb23abf0ff6b2a50e22e54a9021be4b",1,credit_card,2,27.77
"0baa0062fe85d1ac765aa6ee112bb624",1,credit_card,1,22.70
"71eb50917f5fc3dad71d5db670959dc5",1,credit_card,1,61.69
"6d306f5d7fbcb1959017af34579fb7a6",1,credit_card,2,102.74
"71148ac51efd65a856dbae23d6c5d0ea",1,credit_card,3,63.27
fe386506094fadffd450e5754b5d9c17,1,credit_card,1,121.82
"7c8d6e2623f98429c28ab00ffdced669",1,boleto,1,133.14
"38ac62af1b354671501c9bbfc55bf187",1,boleto,1,286.88
"8b7e078c49289a39e53036d4f6220725",1,credit_card,1,53.82
"63cb9481eda48b82bb600b4e38026b91",1,credit_card,4,134.14
d183fc49f91a7ab7a5450ffc7057a6ff,1,credit_card,1,113.62
"3ed1ef20c8c54360c670c3f6c793c130",1,credit_card,8,219.52
"180b4ae191a63f7b4b84273c98470fef",1,credit_card,4,316.34
"261a8ca735b8270388b09a99abbb1cff",1,credit_card,1,638.51
"1c7c8ab324927f5b6e52338bd110bef4",1,credit_card,3,110.09
e5a27742b0ebeb86dd3cae97b4fd3eb0,1,credit_card,3,260.64
"3302991f59df38b26cebf1c9eebd75bc",1,credit_card,1,73.34
"7c3737205cc106d15b37199a8a95d0d4",1,credit_card,1,24.17
"264deac888717a54971fa3109f6709e3",1,credit_card,10,117.85
"1394e025297d62db2c4e7b15df476489",1,boleto,1,76.94
"5c70dd56919e4ecb33f8d48067944b48",1,boleto,1,92.35
"4e0db43ba51c0e0ede8c48b094526132",1,credit_card,10,957.60
f7dd38faa4d2c82426db7bf67a208644,1,boleto,1,181.17
"02c9b2b746777e4dadcf72941e5a010d",1,credit_card,6,218.28
"6cd3f2ca1a0a50c0500752842d4dd018",1,credit_card,1,138.29
ce0e053019fe2441df8363b9bf4208a7,1,credit_card,2,65.14
"4745c32df5349a726f97d2a85aa32b40",1,credit_card,10,158.34
"810ea3f99fb113258f0ddba1e22288a8",1,boleto,1,46.85
f6cffce5b4b2b4c67d3e3261a5b63e89,1,credit_card,7,73.48
dc96a12713fb7cbfd8feac4ab0b8f2a2,6,voucher,1,30.00
ddc5df3b1c497720bae1692c170baec0,1,credit_card,3,192.35
"7fa3d4b04565f46b2457bb270e06eea6",1,boleto,1,36.69
c962dcc5dbea32a63325a3f4a0c271ed,1,credit_card,4,386.60
"5b33463a5e3fd8ed5b6ad88d44edd316",1,credit_card,3,180.71
"3e209a35ca9fb429434e538d9a015df5",1,credit_card,1,114.42
"0726665518da3a4e1b9efff4de0089fc",1,credit_card,1,52.28
"5b4e981913377d776f83cb4ffd82ad31",1,credit_card,4,44.67
"4f11c536ca6b0a28ea1c7583d6a5df63",1,credit_card,3,208.36
ee29bed70e80a64a4f9536787477d196,1,boleto,1,86.20
"892d14cfe4157476879d57275df6615f",1,credit_card,8,451.75
"85a5c526407a1b180dd5bccc622be107",1,credit_card,10,319.58
b38ee0ac5659615e52925c28caea5aec,1,boleto,1,48.69
"9289b2c9f04a99b28f563d5093612afe",1,boleto,1,66.14
ef0e9ebf18b0033d57b60ee42b12d65f,1,credit_card,6,190.22
cb1ba18d16a7bfa79c87de73dbfc46db,1,credit_card,10,279.74
"8af354896f0ed90b19d368003ac83254",1,credit_card,3,66.00
"0f5a53ae56987191b3c638ed0f784a8d",1,boleto,1,55.69
"96e9ecc667e4daf9dffd5ee2173815bd",1,credit_card,10,210.00
"63f4e8e0d0a8785a8ba9e4e86e0cbb91",3,voucher,1,62.70
"0516c22655fe1e1f0b3390f4ee3fc5f6",1,voucher,1,31.92
"4813c50e3548fa87684c05b730ecccee",1,boleto,1,41.00
b9942ad6dac0292bceb320c89a3c9736,1,boleto,1,116.84
"192a0f41d4f1af20d8ef537a12a2076e",2,credit_card,1,32.71
"360f4f2ab1b5411602a11788571c950b",1,credit_card,3,137.58
"1a0f86a669f41850ec641339c19c8792",1,credit_card,1,84.94
"4c2da572497ba6e438bf4431c448092a",1,boleto,1,124.70
"133fde906cdebbd7cae1889f1a8300dc",1,credit_card,5,159.46
"351688388d33d4a58285b9d6630bcc82",1,credit_card,1,352.16
"8a1d9b0c823a8c653a9662d0a0759306",1,credit_card,8,171.47
"4cfe6efc40f9645ef7b88440a1c64149",1,boleto,1,56.60
"4ce23a326d80951e2de85a1870483eed",1,credit_card,6,63.10
"3d28169cfef7d5273f7a6f7b1597f2ee",1,boleto,1,33.43
bd6a4be98625711812fdabccdcdff8ca,1,credit_card,2,112.83
"0be2a2a52adfb0963b9bb86b3b668b90",1,credit_card,3,119.34
"77751030b8333671b3346c37ca438f05",1,credit_card,1,41.75
bb65cf663cf96eb29d1ce02a381e8b62,1,credit_card,3,149.26
acfd491b37f7671bf93d9abc2c1ba7af,1,credit_card,1,66.81
ac4d3e658ac54a9c801b43b95c792fe6,1,boleto,1,308.41
a9d27991266888a1296ce1d63f767380,1,credit_card,1,18.76
e762633655ca1d869d2036864e96fb6f,1,credit_card,3,118.35
"060b4964af74f7046c4bfd56ddeeb7e7",1,credit_card,3,191.14
"8dd1e8dc5df5298f67ade481b8b652c8",1,credit_card,3,35.40
ba7ba0ff040d6808492c4456eeb13730,2,voucher,1,17.69
ad56333a7f58e14fd80c621db8f6e89a,3,voucher,1,6.48
"3665babae79dfad7eb45a5727408c98b",1,credit_card,1,81.25
"7ed12a1423ed9b6c596c5e0e2f92dadc",1,boleto,1,80.72
"47880652c5245fbeccfe7a58e8d841e5",1,boleto,1,199.52
"6632309d6179381a1a42c64867ffb19a",1,credit_card,1,82.33
"404c087c1f661898fcfe9d4c4b1480d7",1,credit_card,7,161.71
db274d549125d73b0e1052886af9422e,1,credit_card,3,85.75
fe7f10510a9c92f4a7e617c761f16f22,1,boleto,1,218.37
"90ce89533b41eda077534cdb0b9c9b82",1,credit_card,1,36.18
d6ba22d8529806979d963f00e0698039,1,credit_card,5,220.80
"317fb26a1a8a29eb9d6e36996afcffc2",1,boleto,1,121.97
b2a55ef9c0ebd8b6d955fdffa15e7bfa,1,boleto,1,87.50
"9be09a23b7be8c02182ea310a949ba4b",1,credit_card,1,84.26
"5fc2475da462df87150a6013f0879f5b",1,credit_card,6,116.22
"7b99b84868d16899bd87924ba93f32bf",1,credit_card,1,153.90
"646879122624b2217adfed3a0c2dc91a",1,debit_card,1,163.65
"989b311c6f1b2dc47aeec072786f1757",1,credit_card,1,35.38
"1c725471b90964d3b52d602359690718",1,boleto,1,619.40
f03261655a392f45397fe9e28e7f7d9f,1,credit_card,2,161.99
cf4f44bd66792364407443876b27d1d2,2,voucher,1,15.98
db173a61c82348f8419813a0d918b23e,1,credit_card,1,31.75
b7b5dee57b9829f64867e5c5d5dead9c,1,credit_card,4,204.46
"8aa3866b203e8d7afaf21d53331f716c",1,credit_card,1,76.58
"21bdc97768bc2e7a3e428d0ede7deb85",1,boleto,1,44.69
b01274d5c860a9d33e0375e113051bd9,1,credit_card,10,225.11
"54e9851195e7b44a91adc2564e4d082c",4,voucher,1,35.36
"8d8fe1ce7c12058c8405c96cc799d490",1,credit_card,1,279.98
f6222b0551b7a86b06483e58df64df89,1,credit_card,3,176.94
"2ab17daedbb4312627c61c38d20dac10",1,credit_card,8,900.30
"28b219f462742fe93f57a52d18b67612",1,boleto,1,198.33
"5873a59a3969d04a260ce297ee1b3ce3",1,credit_card,2,85.12
"5cd025a902f47f78979cdf88fb880fd7",1,boleto,1,167.20
afc7d4ca1aa5030cdb685010ed145c70,1,credit_card,1,211.74
f0b28558fa13c7391016b869eded8a0d,1,credit_card,1,52.22
"166456efeff39afc75c0ae8580db1318",1,credit_card,5,73.84
d626131b771ffd6c88169da39f702900,1,credit_card,2,63.10
"6d60cc495dfb5a5851f56f188c4e4059",1,credit_card,1,35.86
be06d9f698d7e74899f4cf223ae62995,1,credit_card,1,113.15
"5b57194733d4f66438a34574e9055b32",1,voucher,1,26.39
"9056740c184b71423eeb08f38af4b3e9",1,boleto,1,30.44
"5754566e8ff4366d7b0af3c53e696a7f",1,credit_card,9,93.75
"188ee57c8c41550345490675b44167be",1,credit_card,10,560.02
"86df669ae5f899e27ee38488affc0d16",1,boleto,1,163.38
"16155ce5a2e0a989c3a5a173972eae2f",1,credit_card,10,248.85
"4fc5ec575e29e20bf408697cea273c3b",1,credit_card,1,101.86
"0d529bbb9140716e60d14a05d2cb6f94",1,credit_card,10,372.08
"7645e46463ccbf2206c966801d5d71b0",1,boleto,1,359.96
"69e8ee164e944cbaff1691440ed94f65",1,credit_card,2,42.51
"2ecd94a0ab2a50927b7c0020efb4b063",1,credit_card,1,159.94
bc3dd54a59fb99e166087c3525c9f189,1,credit_card,1,16.29
"17528d72766893a90deabc12ffc91207",1,credit_card,2,120.70
f09e65822983a5488ca34c053ed555ac,1,credit_card,2,119.88
"8cff096b874503d795af7dbb5ac758fc",1,credit_card,3,38.83
"7dba3fad5219968d9c9d8e03aa43bb35",1,credit_card,1,40.28
f464bdc3b17c2085e54b66d8e5ae1695,1,credit_card,1,3.07
"182da967fecc5ce77f31cbdf8c33f95b",1,credit_card,5,204.02
"3627f028b51748649d9f8e36ca465131",1,credit_card,1,34.27
"19d8197e89721596f26906b2a0d324e5",1,boleto,1,42.86
adb8748f912cfee84bd47f072681ba5e,1,credit_card,2,86.38
e8cf1ea2e67a4904539450c50755d2ef,1,credit_card,1,101.62
acbd8e5be7c6808b8a971376f7e36b3f,1,credit_card,1,30.97
"474b7ce14c066d845352314f51725fd4",1,credit_card,3,36.32
d56b0809a6666dd3fbadb40902a42b41,1,credit_card,10,143.82
a2703dddc710908105939e9272116d13,1,credit_card,1,161.06
e918a18483ed36b716b6fbc8cf570e83,1,boleto,1,52.51
"647c2286962851bb7b82d2238a2af37e",1,credit_card,4,153.01
bd67f781813f153083d633f8c81d0820,1,credit_card,1,6.08
fae8533726bd31cbcb92d9bdcaf5e92f,1,boleto,1,77.21
"782c81c8b7e670a75b50ca317ed4f758",1,credit_card,4,244.34
a5b275ada51fc66b482047f159e215a4,1,credit_card,1,60.02
"8a89e623c844986aeea618a70d472556",1,credit_card,2,55.10
a78c0962e6a2425978965be2eabb31f8,1,credit_card,1,79.70
af37018fa60dd6b208ca5c88052cffee,1,credit_card,10,270.34
"034198ae241b34a9bc0d85282408937e",1,credit_card,1,101.75
b508f32bf3fa37e0b3e53b309d477674,1,credit_card,1,63.27
e0ef0c2437f6730f46ebb869c34c0656,1,credit_card,1,42.68
"19421ea168a928851f0b465bfbcea60d",1,credit_card,4,237.62
a51f4405f3b693d1a66119867a849b15,1,credit_card,5,57.29
d61fb054800247ebeef5200e8bf9c9bd,1,credit_card,6,138.06
"00f1bb0af030935db1745ee28367ea26",1,credit_card,7,288.88
"58ce0052aa4738f6f2b744f50cf6e546",1,boleto,1,169.85
d9b18c43acea3eda3c9e95c0c0f98591,1,credit_card,10,220.04
fb9a9bc9654c16364f348fb2309b1214,1,credit_card,4,267.76
"5fe8c7141808af2ac47d98ff8a006ac5",1,boleto,1,124.90
"443c3a064cdbe69048772620883f6b8d",1,credit_card,5,132.16
"97415fb39aa90a8bfea4424d7bfbc5db",1,credit_card,8,153.10
"3a4d0bd3463e22357c0b3ea55c2789a9",1,credit_card,1,82.33
bf43f434abcaa2f045548a0592ee5e3c,1,credit_card,1,42.78
"92ece83fdd8f37cc9b8a8543fdc8c416",1,credit_card,4,218.35
"917fa92d0e4a7a2297aa28d79a35b64d",1,credit_card,1,164.63
"5d9e1e0e7084f2f9e90a7069e64cba61",1,boleto,1,36.68
a84f2bf7fd1e2c2f29199f76c46d5238,1,credit_card,1,95.31
"3ca46d83bc77fa642a73183ca1275aa2",1,credit_card,4,206.91
b3eb711b3ee8bcf03282d08691df711c,1,credit_card,1,25.50
"2b7d922e73fbd058099b6ff4b33e99f7",1,credit_card,4,187.75
"16e1e21ae459315114f092dc02743dea",1,credit_card,1,118.53
"0673ea591e7c9108ba7dc1a5246111a5",2,voucher,1,69.02
"602cbc1dba09db685a591cda4cb07c56",1,voucher,1,62.78
d2545da4dd93f38a15c5babeef77209e,1,credit_card,10,152.25
a186c935e0231e23f12de2e3c6443684,1,credit_card,1,83.41
"24d3148ec0762872918b6c2805afac45",1,credit_card,2,97.78
"9b73a14423c28802182017b0c3295a4f",1,credit_card,3,76.87
"318034c29181efd4952394fd0892c3dc",1,credit_card,10,321.76
"820f61277104e987fc722e2e02ddeccf",1,boleto,1,59.14
"326e63b8d39ccc6ed4d6090784876a40",1,credit_card,2,44.09
"6c5d2796918878bf21ba842f8df0b57a",1,credit_card,3,146.77
"75f689c38282dd59efedf0e5b2e130ee",1,boleto,1,204.15
afc7e369fb66c82c25a30bf9f1958e21,1,boleto,1,96.80
"07e68b7ed834c392f26a154d8997115b",1,credit_card,2,199.26
"1fc4c658ba7a1f8edf3492ce534944ee",1,credit_card,1,76.18
afcc50b228d8ce31105df9e1c98b4130,1,credit_card,2,174.65
bf06a474d6806d10fdf9cdc8c428b993,1,boleto,1,166.49
"6bd54def5e0dfa63509fcdc325d3dc24",1,credit_card,3,74.16
"89165e6d4c28047da0adf13ac8b3e1b3",1,credit_card,1,118.35
"458a9e03559c123f3ec5759e7d9cd4dc",1,credit_card,1,34.36
b813092d64bf6be705b1f343068429fb,1,credit_card,1,87.57
"2ccfb56c4a7060de9778668844658588",1,credit_card,6,278.59
"3fa4f7a10b65f134540ba15cd4e2d914",1,credit_card,1,76.66
"7c5ab5df45280f691489df7678d80fa3",1,credit_card,3,36.09
"31d97e07fe8d91fbea9cca127739d2f5",1,credit_card,2,103.07
"02de1e44936e56ddc1621c46d86bf91e",1,credit_card,4,268.74
"9cd69a292cbec7756bbef4d854c773ca",1,credit_card,1,8.81
b8cfc70398c982df76df0917f55d96b9,1,credit_card,2,171.02
"22a3042008f7107444e1004a7a2ca944",1,boleto,1,63.27
"57dc6b3da91b628f302119769d64de8f",1,boleto,1,297.10
"22e4e5e6fa9631bbda1fa4bc19893826",1,credit_card,1,169.73
"22a5a3c464e26235c7eee056a3ca977e",1,credit_card,8,613.51
"66aa339665e1726ddd709618f3caf4ef",1,boleto,1,117.77
"0acce7378714d20548f0f5f1b71f6458",1,credit_card,5,142.12
"2f9d4ee8ca77fe0951ebfe9064cad953",1,credit_card,10,105.19
aa8315492e537030e29f1bc252d26cb1,1,boleto,1,50.86
"149527456e31a9346b43cf61e5910f2b",1,credit_card,4,133.25
d37a4faa7cb8cd88246d73aee035a327,1,credit_card,5,226.69
"62977d4590bfc4beeeada22ce07ae17b",1,credit_card,5,206.18
"22e4add79c3efc7828d1119a222b76da",1,boleto,1,86.41
"59bccab4e9193a9229f7d1b73fcb47c3",1,credit_card,4,236.17
"7385577575de1767a08ee7b11fb6d4af",2,voucher,1,32.64
e1cf77d2496e5b490b421f882d2cb6d3,1,credit_card,1,50.09
"6bdd13c1e2758ecdfa89cf84fef532bd",1,credit_card,3,71.13
e1367e30165c3d215977f5caebcc299d,1,credit_card,10,514.60
fd2bcdc6e3cfe79cc7ee426bedb8d467,1,credit_card,1,27.34
"686b0cb3ce6ab944288b952ba880080d",1,credit_card,5,59.22
"945edc9b56f1a08b87560bf946945f20",1,boleto,1,312.49
"9cca241ed87f1ae14fc65df5c12397a8",1,credit_card,5,364.64
a4679a28c7ef85f6277954e4139a3fad,1,credit_card,1,112.03
"4df87ac1ab76b77699ad16fc5635dbeb",1,credit_card,4,153.84
"0616463c44a86e8478f9b065e17d7c65",1,credit_card,1,53.27
e402e802747c8579d579310e0ec1ddc7,1,boleto,1,32.79
db65bf4cccb652a88bf890bd8a69cdc8,1,credit_card,1,323.54
"32ddbd4844f4963945fcecc9129d6fb8",1,debit_card,1,131.88
c85f30d2bcd5e2a640f2c99024171998,1,credit_card,1,65.01
f98afca2779cb0337d7eb2bdcd2f8553,1,credit_card,3,209.53
"5738b1361143b2ba3e59fcb5dffc7114",2,voucher,1,100.00
ffd3ff583dec4975e6443d6a396f2f36,1,credit_card,10,172.09
adc3c2a7a5283d29f235da2e760b0f05,1,credit_card,5,257.44
"82e5aab7d622b1d4261097b4299d02b9",1,credit_card,1,162.55
"189ce876121fdc47b810933fb0b4f4bd",1,voucher,1,66.64
c9ab589a26297aa7199d3c89b1353254,1,credit_card,10,200.93
"07dc1dc61c5ee9a1387069fec64b6663",1,boleto,1,59.56
edd810dc89c1eed484c29e04e184e8cf,1,credit_card,5,244.91
"43af81df32df17ce535226c78d5a135c",1,credit_card,1,86.88
"6e718fd90e0bd9069986459dfe185056",1,credit_card,3,64.10
"3c0a214a5ba7ab90427502f4d578b659",1,boleto,1,61.93
f4717f2753751da5c2494961edb24386,1,credit_card,4,41.75
e00ed9d20c3479f9f0e9727ca9d60946,1,credit_card,2,242.81
"273fa2f569d3e879930f38dbc3d79eda",1,credit_card,3,225.45
"60de731b89e8c9651392a445b2813ff9",1,credit_card,10,233.55
"7a6618d50657d925e88544b2e1c06372",1,credit_card,7,75.17
"6a233c2059af7138039e43722cde5874",1,debit_card,1,33.37
bf21a9300d72af06297ea8782884a99a,1,credit_card,6,71.70
"9ddffc0194a79dd25662255b87eb9e09",1,credit_card,2,247.23
"5cb47274e256db548371bc1cd39f1bae",1,credit_card,3,84.75
"30945faa37e8264ea2815f7bf799adf0",1,credit_card,1,153.21
a292ffb436f475f98ec53a05994dbd94,1,credit_card,9,184.75
"65fdcb432cb9cfa970e3a3817b39040d",1,voucher,1,84.58
"97cbadeb1b5e215ee40649888763f85d",1,credit_card,1,69.90
cecf84099dc3067ec87149ddac39105a,1,credit_card,1,58.63
dff73ddac06e1d85d286c22617ee50db,1,credit_card,3,387.76
adfee4f7392b7c41fb280b51a787ab3e,1,credit_card,8,95.44
ff9770f7299db492e5fe01b4a231341b,1,credit_card,1,69.44
"6feaea9098fb736023b2e4bc246ba7fb",1,boleto,1,164.80
"434061e3b7fa3c393982a25fe1664a57",1,boleto,1,155.14
e2106f0881297aad6e7fc16db0e9a45a,1,credit_card,3,32.69
"6f4c29759e17be1153ee866b44393853",1,credit_card,2,171.75
"2b558556ef2c5813bc84e3739392e44c",1,credit_card,1,84.51
cb54574d034b9ad15bb7088f568abd98,1,boleto,1,322.85
d4e252756885006a02c890a27d6bbf53,1,credit_card,10,189.32
"0a42de5dfb223e924d95bccacc00fc78",1,credit_card,3,145.29
"73b1e5c9d05c96ee6d19a6bf2f79e2d0",1,credit_card,1,26.35
e0a6d364e678462da40d8eb5d9e9b219,1,credit_card,2,47.17
"88355d23a2bdd3a707ab181aef5411e8",1,credit_card,1,91.01
"4146f35ac7a7ef4e39fe344e563c1e3b",1,credit_card,3,141.40
"71a9b0571a7e3a1094faefdd6be2a999",1,credit_card,1,101.82
"13f6d4c60ec75fc597490e33afa885fd",1,credit_card,1,77.89
dcad7c51d4cb7b49b23bc9893374e95d,1,credit_card,3,160.76
"86b61d707f8321f38e7287a638bb2ea2",1,credit_card,3,82.90
"92cac3c69ca34e5fa1b54e0fd64de09e",1,credit_card,4,198.00
"607b372f8dbe0c08c14588e6468addbf",1,credit_card,2,29.77
c82aafbe44928b0afb27adf31ff6e78a,1,boleto,1,111.53
feef55e09c84e8cb17cc8ccd1b05f5ec,1,credit_card,4,94.17
eaf77fff2564e301d10b2a335babf44b,1,credit_card,1,41.05
"01bdc09119b132e176e5c8f2cf68b0ac",1,credit_card,10,384.66
"3f5dec4a044b171bbe8c2313102c045b",1,boleto,1,163.86
f7a0b8c521ea81bf3536ad4ef99fd376,1,credit_card,1,143.21
"1e535b580b9c6e2e359da6d6202cbaac",1,boleto,1,190.06
cb5084e6d5109655821d2054b7bec84c,1,boleto,1,141.24
fcab6437822c11cb1be696ca48db49a3,1,credit_card,1,40.00
"32855d7689b9f421de7025b1f94cabb8",1,credit_card,4,206.76
"666591477c57a4ac4d43d1f05718fc91",2,voucher,1,29.55
"4d0a6e1b497dd61e14d0f00c47e11a2c",1,boleto,1,241.21
c2ccb6c2af36d8492e83ecf528f2755c,1,credit_card,1,91.56
b8fc541ddf448e0a01b133c5f34947dd,1,boleto,1,50.86
"61bc37c42c68767e75243b8c2061f5aa",1,credit_card,4,111.80
"225a4e4eed0a18dec33ca9f375a86a45",1,credit_card,1,65.09
f48c7b1f3fb890715e12d1f3217e99b3,1,credit_card,8,237.54
"106ff3ba3e84e22713bf2a10c582fd94",1,credit_card,10,827.32
"15c09fa69403c377e9f77f3472949cd6",1,boleto,1,89.36
"34f9b9c8510e491d1992dfd62ed68e46",2,voucher,1,130.32
"43787011f63fb232ab281d68142f504f",1,credit_card,6,69.12
afb017b44cd7d15bc0cf9dbe0018de4b,1,credit_card,4,268.12
c7197036433dac8ba4041a18b0b435aa,1,credit_card,10,836.70
"51357ca072c84c0efbec90b3a3a1afb9",1,boleto,1,100.73
aff043b28dfff4c65665fb42597daf94,1,credit_card,3,180.71
fd930246eb1c751ee75add493e49ea34,1,credit_card,1,77.16
"485eacbde792f619c98700dab1918163",1,credit_card,6,141.66
"47029bb7d64e424ea49c0adb7526d2d9",1,credit_card,1,37.68
e054faeb6af72de4dc4a76cb6e0cfebd,1,credit_card,9,182.59
"0f7f5047fb2535359f03240b1697085a",1,credit_card,1,48.70
"48bf48be5229515b4e7beebaf2eb2d98",1,credit_card,1,160.57
"7b1e7ecf29040bd9581a1577a522548d",1,credit_card,2,103.58
"56e74cf3d3be617b843ad339dd83706a",1,credit_card,1,24.55
"87b476f53da12dbaf8b42ba931985c93",1,credit_card,2,139.96
"814285c4ea443c9cdf551361bbfcc83d",1,credit_card,4,95.72
"1afbdc6ed9143871e5b8be14ce2762e0",1,credit_card,6,710.48
d5068130956ac251d7995450e9627aef,1,credit_card,1,218.49
e74c8d6962373b0c0e984e97fe2fa674,1,credit_card,4,129.00
"830d8b3e6875ef6165ffc33219ab4fea",1,credit_card,1,123.00
e5ab716f8e12b45fff646161c4c83ed0,1,credit_card,4,200.75
"407cd3e518bb8939aa08c5727593a5e5",2,voucher,1,25.00
"1124c329070977fbd414f046bba149d7",1,credit_card,6,65.10
"9476b4b16d22b40903f24895e4038590",1,credit_card,8,93.32
aa2a1f153749ec3a3e20f51942a1fbfa,1,credit_card,2,40.61
bec2a4b30521bb90ef689feeadb8decf,1,credit_card,1,99.74
"743a2890a6d3f095530d9de1966c7434",1,credit_card,2,120.78
"05691e7046cf3a798bfce39b35377b78",1,credit_card,8,184.57
"7bfa5cf288b9dab1fe987fdde74c14fd",1,credit_card,5,102.89
"242427a18e5ed02d9a3437e08c70ecc3",1,credit_card,6,124.40
e2d4589339629645d85a6c1a8215edab,1,credit_card,1,43.09
"03a038679f94b33ae1fe8503c4e30203",1,credit_card,4,41.38
"2a93ea3d6dc877b7e20d51aa102aae6a",1,credit_card,1,49.01
c86368d17ff48588fec9eae138854ea9,1,credit_card,2,71.15
ef0db33f981ff522a3a3ad0212e9148e,1,credit_card,1,33.51
"89369c30d40142dde7d12c55b1c67bdb",1,credit_card,10,271.43
b34369ee8397436dd7ceb8bb7783671d,2,voucher,1,2.96
"7f12392edffa8c0d0ac2d70b26ae6c0d",1,credit_card,3,42.33
"046cf9d36030cfd64e9800b0006f5713",1,boleto,1,120.22
"59d94d0f87dcdb43dcc6bca8a0cb2a0c",1,debit_card,1,109.82
e1567351759b0e1ba43830da0349dd1d,1,credit_card,1,37.09
f9021afbb4a99d23f8e0adc2c702ad95,1,credit_card,1,189.01
a884af2f7dbc8bd1d474474ba8d0de90,1,credit_card,4,142.10
"78d33c687d79eafa05dcd67958f4b329",1,credit_card,10,341.68
"7d5f037cd90e278069b2d0fd0d060543",1,boleto,1,37.13
"9ede3a76d22fdfce4d6be1e75ab3e1a5",1,credit_card,3,380.66
"3b55f8bdca319d87fac505893a4a3440",1,boleto,1,37.09
ae6e19fd1f9987f0985a5e7a920d2394,1,credit_card,2,40.13
"0ac484b631e29034fc50593451c208b2",1,credit_card,10,216.15
"1908ed707b93dea3b6f1cf86ec20f1f1",1,credit_card,5,288.79
"901726cc51af45cdf902b4791c57d310",1,credit_card,4,49.51
"150b0776d65cc88c98cb4d10d0bc27b3",1,credit_card,3,79.38
"163ad1666638554c03eff2545773c4b3",1,boleto,1,44.00
"1e8d7572730e1a9c9498d628313192b4",1,boleto,1,132.94
f54e915fb2be62e8497873a69bfa151b,1,credit_card,1,69.24
af3aee1b753d8f4570c9179f56824a1c,1,credit_card,1,220.74
e8f71e64bed96d62e918b32878811d1e,1,credit_card,2,58.71
"9fd4316339aa48df346fd744dc682ec9",1,boleto,1,641.18
"150fae57c8b1d3015eb9f7147073cb81",1,credit_card,2,141.09
dbd2fb4a3599d11c9e02b4fb4c6f9992,1,voucher,1,119.25
"35bb1b3031083af8db2b6b4f25ada550",1,credit_card,10,948.98
ad07fbbd9ee2c6dead53c1af4ba90f02,1,credit_card,3,37.70
d8616719eeea1779ffc680fea646f9a3,1,credit_card,1,47.00
"5d508403951477c6ca3f8fb41f351658",1,credit_card,3,550.00
"371931d44f8feff2b43b4e9ad3c6c5d2",1,credit_card,3,139.70
cca182e4a32957030e469cf249c9695e,1,boleto,1,181.55
"8e8f8ef29c78c7b9c98cac70dd331ce2",1,credit_card,6,1202.64
fbb1a0e5c4ba183f6cac6076920dc097,1,credit_card,2,185.47
f93c0062e9ba3158ed2b70b395625a3c,1,credit_card,1,109.29
"661852f3da0209d0a351f28950878c9d",1,credit_card,7,79.50
c5fd5386640ddd76adc482b72d24a02b,1,credit_card,1,4.92
b16fc35ee8e5ad2889854407c7046d18,1,voucher,1,58.13
"7543a6fd664cf3ced4e8d01d48207a80",1,boleto,1,103.86
"4ccfa0c7ce3c1a6069ae72d9596c4d6e",1,credit_card,7,172.63
"175825d48ba5a2082a843888ac1b08fb",1,boleto,1,180.90
e9b878264e94e17134221e4e9afd378b,1,boleto,1,106.58
"705aedb629707ccd89c4fef86e25b2f3",1,credit_card,2,142.94
"0016dfedd97fc2950e388d2971d718c7",1,credit_card,5,52.63
"5f93e72cdaf53d21746077af4b48e790",1,credit_card,1,117.58
"3e1298fc81396a1e3ad660c0cd0fab65",2,voucher,1,31.80
"9a277491a047f16116a18cb2a4332918",1,boleto,1,90.88
b52312202c9a950b9054cb94fd040440,1,boleto,1,40.00
"0a63a472b54f4e94fa67f374b05fc3ea",1,credit_card,6,63.44
"88ebb2a5aa88ce5fd1f73a821e27bb43",1,credit_card,3,186.42
"554e0040525310e842d969553ab5b594",1,boleto,1,57.50
"890950459d93d42060f57d04ab680600",1,credit_card,5,1679.63
"2780bd2c2ec051df9919aa3841b9d049",1,credit_card,2,126.81
"93fac531a5d1aa75846d96103217e85b",1,boleto,1,47.50
c38db22a86ae94a2a5a9dd2d5700f6cb,1,credit_card,2,99.90
e5286ca4b6d056e978c305b3134cf612,1,credit_card,1,37.77
"48d4561752bbf4833c3cabba8d5a7c93",2,voucher,1,50.67
"969c5d020e2a752154208ff5f31972ad",1,credit_card,4,284.73
"51fa5b2b3ea1aa99dc3cea8f008216ce",1,credit_card,2,198.54
b21e3162e757bdf451e3aead9be19148,1,credit_card,1,116.93
"44701fee78d50ad4307eff3c630a4f24",1,credit_card,8,367.65
fbff77db5421bb7e1da292db45d07e75,2,voucher,1,47.71
afbe0c76e58378669c3924e11182b02c,1,voucher,1,55.17
e153a640e4f916df2d9b2c4eb3a987ca,1,credit_card,1,63.13
"27cd2ebe0ab4174836a87975c23fa80f",1,credit_card,9,420.06
"4b5f8550e687d71b64917312c8574b4b",1,credit_card,1,47.77
b04367fb19ad3f39d1222e76b9b2ed85,1,boleto,1,77.73
ef4e154fd9b51d276fad7ed482b97e58,1,credit_card,1,319.11
d68eb6b128698c1bcb463ccf238e4c50,1,credit_card,8,159.36
f380a3a29b8b454d07e134ad890c93b3,1,credit_card,2,27.98
e079ed774a2fadd1906622fb9dc89f87,1,boleto,1,127.01
"5abdfb6d65a94da27f6cfb009d417f6b",1,credit_card,1,6.90
cc6ea33cb7facc9aac284d88275e24bc,1,credit_card,3,61.36
e979a3bd2f7e22a805e38dd992d5defe,1,credit_card,1,60.70
"56876127578ae75a3a469572eca6602b",1,credit_card,5,103.55
"5671fba9b53be3fff9c55a00839abddb",1,credit_card,4,301.31
"8aa72d666c6f202feb55ccbeaa871ec5",1,boleto,1,291.03
"7e53dc06e288a32ea7adf566d1452bc8",1,boleto,1,39.22
c5ed4f8b9ee1ac3e8f7711fbe0df3541,1,credit_card,10,318.62
"8fcd3ca09f0920161eb54634ad10a86c",1,credit_card,3,133.25
ccc1762fa4bea334f80983e3f3a933b6,8,voucher,1,3.88
f8501c44660f66acd201a4fbb6c7c997,1,credit_card,1,54.68
c0d9cb07f94365a3f747472d6121a158,1,credit_card,2,102.30
e94d2aa1b4e27a13571357d326e1694d,1,credit_card,8,367.20
"2fd0fb45a29d604441578de95e174bb1",1,credit_card,6,128.48
"078db7c551c5b6a107ba6d586a13f14d",1,credit_card,2,46.39
"32c6a52142f2b3918d60c0708acfd7ff",1,boleto,1,119.66
"9b81934297f0b5aab6474d8eb7fb2b4e",1,credit_card,1,5.77
b36511d6ed0cbc11beb1ab142ab3021c,1,credit_card,1,145.09
a02c551c16a4f354b94361e1c6e0e283,1,credit_card,4,123.32
ba58760d97361d60f4af393e41c236cc,1,credit_card,10,298.39
"747aab082292790602a7f64196ca8e0f",1,credit_card,1,131.29
"13b7ea30bd484930c5868af93213d7ec",1,credit_card,3,925.38
"7f3eeda083f7dd3143b24b17ad4ad881",1,credit_card,3,38.01
"442474d2063d0b9b957785f2e4773865",1,credit_card,1,86.02
b77f53899c1c8e0a22ad60800bc4f214,1,credit_card,1,90.62
"370d5b41dfcdc96d0edb780967153d4e",1,boleto,1,61.19
"20c424e77ff7ac0e6db230f5ea655eab",1,credit_card,5,173.67
"1303938f4e61db6da994b6d00e34e7b0",1,credit_card,6,453.60
"55ef1695189508c09b58080d53d2b32e",1,credit_card,7,621.29
"70f6f2f587c842e64ec959f749d50af5",1,credit_card,5,56.44
"1f152e8a187901569881be643e6f8784",1,credit_card,10,298.20
"3644e8655109be6d27d6e4d9114692b9",1,boleto,1,134.94
"55f58caa1cad1cd636b5775aba8a19f5",1,credit_card,6,70.75
f9e65963f3f83f99489c898626cadd7e,1,credit_card,1,2.68
"1d301b935a2555d96600d432bbf859b9",1,credit_card,4,215.80
a7fafbfc43a11e5ba3d934121a63bb43,1,boleto,1,26.29
"31015049cbc3685e5b4d13d8586598a3",1,credit_card,8,105.29
e02d97dcec0827bc0ac1ed539b48e546,1,credit_card,6,106.30
"353452698ed9b7e594c057af6d63c95f",1,credit_card,4,216.89
"2a301a7ce18d62a743d2cdf9555c15c9",1,credit_card,1,155.00
"449a5c83325ac51d98c821405c503183",1,credit_card,10,169.49
"4bdb3af7b8d5db206e5ea7b4f964ba4c",1,boleto,1,175.31
"7f5fffa3eb208b83138281c2a012dd7f",1,credit_card,5,71.62
"4696eb8d8514a43861661047a268e6aa",1,boleto,1,205.68
"8ee8450594de505503ee786c1a401800",2,voucher,1,40.20
"48aa77d876153f53a73647dd55d01691",1,credit_card,8,647.54
"2b509531faa45e6f3dbaa09e3f3eb839",1,credit_card,1,48.24
"521dba2c6dc30813e9ec016f3eaa67ba",1,credit_card,1,145.99
"39d0be719247e3b3a38846ba810197ea",1,credit_card,1,121.01
af82c79786a3ba816b246820444fdb8e,1,boleto,1,152.04
"00f1a34f176151c4dcbd802c244e1072",1,credit_card,8,84.79
"380e56f1fd27f6b37f38fc5fef8c76d0",1,credit_card,10,103.55
e06698baea08bc0dd2705f763e7d1c89,1,credit_card,10,165.78
"0d90fa904d8777ce037843a9b0b501e1",1,credit_card,1,132.05
"8137fd8e2d2ea9b9da44f6dde3c35125",1,credit_card,6,212.00
c9ebdcaac4bc255b035e5e250a45f7d0,1,credit_card,2,103.55
cb740e05716c376f1e99f0509fad75c7,1,credit_card,6,233.93
a0e747c954a595b0e3458c87ab1a4958,1,credit_card,6,1129.85
d4d98e2a9fbc5e5cf70e61031b858115,1,credit_card,2,136.04
"05efc756dc2f2fdb4e8e914ad1a73f3c",1,credit_card,9,94.21
"427fb603381c1e7a4b224eac2a5acb29",1,credit_card,2,68.43
"9655f9162b885f0660988e6c9d35e0f2",1,credit_card,1,122.80
"7421a871e3fe41d29fd7dcc9b3be5544",1,credit_card,5,167.92
b9dd3f0e6a1d159b84a47b61a8824f65,1,credit_card,6,86.74
e57f9e7c60adf9829a8cadaf9d153e5d,1,boleto,1,331.26
"2c8e244e1ac6be021c1587d33444bd8a",1,credit_card,1,66.78
"6666c6388feee9456acf73eb0c0b2e6e",1,boleto,1,512.19
"04323742e042716e4427a5b3536ea08f",1,credit_card,1,52.76
"42c9088ebc76c30d056dbccecd5d7c5f",1,credit_card,6,333.43
"7cebfb16674d9fddd60acfd3f9256cbe",1,credit_card,8,179.07
"3ffe9f020ed3983733cae2d4b581c27d",1,credit_card,1,82.55
ec6dbe29a25ab63db6148325f242268e,1,boleto,1,90.08
"98886a41872c9df13b990863b330f710",1,credit_card,1,81.50
"9aea3a72c2f44a11b792cc58320bed77",1,credit_card,1,37.77
"753409eb1dc2fceb6dbb2a350a35ffc8",1,credit_card,5,50.94
"9ea9ccc5a9e82d1226f860d5b191e77b",1,credit_card,1,37.77
"9dc032f4d0154877b3fdddff1324d5e8",1,credit_card,7,148.49
"91b429393d223b94094f2b7671a634b9",1,boleto,1,69.22
"42db36760e9843077434d0e0eecadc43",1,credit_card,1,48.19
"1e2e0bd44283a412e965e041198550c2",1,credit_card,3,179.48
"761d39ded287ade72b1e8bdd95fe0253",1,boleto,1,67.53
c4ce02b0d68f5bf60e5d6bac4701350d,1,credit_card,5,384.45
a31ecde4565b9e5e70a4ac17fb47174c,1,boleto,1,39.49
"3f1e0bf4672b0acb6072aa40b0f99cfc",1,boleto,1,46.85
d0b07b0423d899124cb9f7f797cffd9f,1,boleto,1,271.28
"2a11e293888cfc616767f5be01e7e5d2",1,boleto,1,706.71
b56bcbb57a9be94114e2dfb18399193e,1,credit_card,1,123.85
c79e58ab7706bbe2ad1fa168d3db45e1,1,credit_card,2,120.13
"4962c62f110070284d4a13fbc3a2c970",1,credit_card,3,474.66
"47c99bccd0e7674a94f97d36e8b00dbc",1,credit_card,3,357.52
"8cca5f9f04056cb2d8abb9b845e89b62",1,credit_card,6,359.91
"98da8355e186d682f0013046d8ad6db7",1,credit_card,3,279.10
ee567e300ec0ae4dd30d3e26ac581021,2,voucher,1,7.61
a3725dfe487d359b5be08cac48b64ec5,2,voucher,1,28.76
"3a5271b57335b6f18985d213924b3ca0",1,boleto,1,81.72
a7ce71faa90255e55a627d8b1065e0c3,1,boleto,1,144.65
bded443ac67a4c815ca74ea219ad30e7,1,credit_card,1,18.87
"69f5eed47613a9d3cd0ae94d398cdd4e",1,credit_card,1,5.06
"6ee93b768b2ece278852a25fecf3eb03",1,credit_card,1,258.02
"6f4e7312027dba2bba5c1b75addfd1ef",1,credit_card,5,59.59
"2fccad1e95e778fa79931174307b0ed8",1,boleto,1,161.13
"220b5fbfd28bbffc942d3c77f7ddb50c",1,boleto,1,273.67
c04ccf5367e419a74f5589f156a0b8e1,1,credit_card,1,73.34
"62fdb474a1e9231a4cff2ae1ccd41e06",1,credit_card,5,103.14
"47a330feeb29dca83fc390cddd62c280",1,credit_card,1,36.69
"7366deb07205707fdfa5b33582d4269e",1,credit_card,2,23.90
"611a2fcea0dd6ddfd383514c75a6834b",1,credit_card,3,120.53
"26ed76d9ca565506c2d4c50fd5fc323b",1,credit_card,1,44.64
"73e019fdcb05a01a6a7200bce40ef5f6",1,credit_card,4,45.78
"9e8de01f2fe105eaf6c6092b1ae4e86c",1,credit_card,9,195.00
ab04e2fd9c9fa0360ff57735b6211f7f,1,credit_card,1,30.17
ad6aec326fc31e34aaa0ff7ab3788c43,1,credit_card,1,807.54
"7681bce993e841ae140c728b7c8f1b9c",1,voucher,1,89.78
"881e6608d8b7f15fc4133a04c4933e48",1,credit_card,3,249.68
"96811fa570c678e31c69833f519a29e5",1,credit_card,1,77.72
"29d81f9fcfa8f77ad68afa83d9fbf83b",1,credit_card,5,92.97
"52e71da3bc9b0aabdba702eefe259a71",1,credit_card,1,85.25
c505a1999c5ad6aacc8339242d824073,1,credit_card,10,945.78
"3adbc4c0f5c6605824498eeb960d0855",1,credit_card,2,26.77
f05b87cae9d521c780bc3dfc281ca892,1,credit_card,6,114.98
"24bf227d444a1df7957f78e6f03bc5b6",1,credit_card,1,14.77
"1852f4003a3be7d9054403de86fc4280",1,credit_card,4,222.04
bb5a21810a3c7edf1efb45309d98aac9,1,credit_card,2,76.76
"883f2b96f6b6c7dde2a3369487fb8730",1,credit_card,4,94.40
"0a8758ec6f399b52f2ecb7b1a0c4c16c",1,credit_card,3,66.67
"130e5f15b505062879273e8f199441d1",1,credit_card,6,80.35
"1a1ef8dc595adbce0e5d75d806d69286",1,credit_card,2,50.95
f2f591903d71a4f49366f35ccd0017d3,1,credit_card,10,307.88
"172d924daf19043deff749396e9eebf3",1,credit_card,2,149.59
cef4e03348c70c1c8eee3647083675ab,1,credit_card,2,109.17
"1e4dc51447faa970879bb120932eebb6",1,boleto,1,24.52
cf17fd8b07b3f141a06b72954410e285,1,credit_card,3,210.68
"9dc6746a8f29fafaa637f2239a9f3d28",1,credit_card,10,875.96
ecd8ba33ab5ecfaf1e454c1ff3889b27,1,credit_card,4,67.53
"824ed066dde5116b8bcf4d75381e056d",1,credit_card,5,114.66
"2ce1ad82022c1ba30c2079502ac725aa",1,boleto,1,130.56
"4ec7da00b00c04936796489296dbb9e7",1,credit_card,2,78.18
"9570b858d92d0c29cd331a7326b84ac6",1,boleto,1,137.26
d2142399ae9975a18c099e642c5e48f9,1,credit_card,8,398.33
"26a25b8924d3410c6237cef523646975",1,credit_card,6,125.69
e1da670d323874bc4ab65a65fd87eb05,1,debit_card,1,822.16
e3c3b6a76ec80dd699ad25f02be1a504,1,debit_card,1,51.32
"66efd2908f85d751e42a8ef1b0bf103a",1,credit_card,2,100.18
"971dae4156d63b465b28ce4e45afc849",1,boleto,1,99.90
"3fe3f95b759ac932040fa128a84e41f5",1,boleto,1,207.46
b308c9da408c9307a85916a795a6eaa2,1,boleto,1,76.08
"6c682aa3032d2639e12a64b3c2a907b7",1,credit_card,1,107.00
db986cb6dd75db5b02034f98fd00cf7d,1,credit_card,1,162.30
e2d87ac3739c08508d0f9a46cf33786f,1,voucher,1,63.34
"8bcbf632174ddf3a193be1b60335b40c",1,boleto,1,60.39
"026d2c7c84b97eb8854ca3fbdc6ab840",1,credit_card,8,201.30
e95917c63189f55897224422b107b459,1,credit_card,5,247.16
"6409da66534414b64138b8202ac53bc7",1,credit_card,5,59.11
a4baf825ed3f84d3dd4b6b97ea951fa1,1,boleto,1,741.75
a395628c3a4edf913a8abd71556e87f9,1,credit_card,4,190.09
a3d715c13af177125a462b543a9a97f4,1,credit_card,1,99.50
"7cf84141620b065cc0ba010239569589",1,credit_card,1,68.83
"9f9fbc0e7d68d4fcbecc49a5e92b41cf",1,credit_card,10,212.02
e9b3258a406a55c86715a28bf26c98a0,1,credit_card,2,76.87
"281ed84706b4bd965fcc7e842394aaa4",1,boleto,1,119.82
dccb24d6f85976c77c64998e54d0f8f3,1,credit_card,2,595.44
"13bdf405f961a6deec817d817f5c6624",1,boleto,1,84.65
"465e35e9d79f4b18d9c506b78cf86c62",1,credit_card,3,107.72
b488cfda1bfd6a90c85b2d21c47231c3,1,credit_card,1,17.77
"78b9793627cb45328b53a69cc525fd22",1,credit_card,6,188.06
"776cdb75db89297ce0fd26c15adac1a4",1,debit_card,1,277.95
cd239f71675e9f51850ea7da61cc3e6d,1,credit_card,1,40.96
d83f19fa5fce346e31c60b35257f4329,1,boleto,1,195.54
"0b42c660077b29a5c0b8476149a037ce",1,credit_card,4,43.11
"626add0c9183e7802564bf732e183dd1",1,boleto,1,112.02
bd772752df70fa0a00d2e0854285e419,1,credit_card,2,118.03
ee4a95415255b5c54189071b8c1a2c53,1,credit_card,2,138.74
"83b24047c5441da1ecd3befa7619f125",1,credit_card,1,283.00
"0d3e289cfc790ac7f02c3445a077d569",1,credit_card,4,236.00
"2e56f943f231f5fe108f43fb370b0ed6",1,credit_card,10,268.08
ed400c61a0572d54be0be7f81323ce61,1,credit_card,2,99.70
"759aedc35b7caf0ca563b0b72614e9d5",1,boleto,1,90.17
efdd2a16264f8e4d18564f8e7deb071c,1,credit_card,6,62.91
c7de1681596c4080bdf5c00d84500c1a,1,credit_card,10,361.62
"08f09d9ef3e4f3cdfa18431097f40682",1,boleto,1,160.79
ebb8082fe1a85f69ce8b2f708d07a910,1,credit_card,5,54.00
"23304de05928dfbc015af4c7327fe0ad",1,credit_card,1,93.85
"47ccd65ae7dab553c7a8c779fe2cdea5",1,boleto,1,187.53
e249cff481eb91f18da21f1884e86324,1,credit_card,2,24.68
b68bbbd5dda76726e19662d1f1bc969b,1,boleto,1,42.27
"0e5a29e23ca4bc3c197b355d9c170a6b",1,boleto,1,68.95
ed263287962724d325200bb5bdc645ac,1,credit_card,4,90.99
c2eddb0c2651699e1839ee701627449f,1,credit_card,10,204.41
"19f4c2e829ebee01e0d2a9ea2168929d",1,boleto,1,105.37
c0141f939a5a2e130bb9e329eaa20e2a,1,credit_card,3,71.15
e3ca5aaa7c0ebf70aab37862b7aff263,1,boleto,1,47.06
"20e8b3dbc61b2396969ef5c3d02773d3",1,credit_card,1,69.16
"95e0a5152da13c4a3e8a6cbe3a0bada3",1,credit_card,8,425.20
"0fe1829613c45b423f51aa8949dd8d57",3,voucher,1,100.00
"50f39d306a35f31046305de54b1527ec",1,boleto,1,61.79
c06fb7e4960fb159000d2650602933af,1,credit_card,1,143.99
"4ced342eaecfe9e29be64d5a93ce1379",1,credit_card,2,177.42
"1844fd8d65bd9bd25e11e301dd99dc4a",1,credit_card,3,208.63
"101dd34c03c31b22d56fa2f1973b1e85",1,credit_card,6,137.71
"77411858d5ea9f0dec6b071cec64349f",1,credit_card,3,31.89
deb5a6674aeb101ea49db315cead70d8,1,credit_card,2,154.55
"536e67ebddde7719b68c4fbb35aac905",1,credit_card,1,63.36
"5c2fda0256232c4a55199261747fa68a",1,credit_card,6,151.97
e2b52d5633f80b9a22dbc3d79ef5edaf,1,credit_card,1,43.00
cd9c0ba3bb3dbb5fadbe5ce7c15eabaf,1,credit_card,3,110.32
bd78f91afbb1ecbc6124974c5e813043,1,credit_card,3,60.81
"43ca8748a71977b9d33696cd909f613f",1,credit_card,1,247.90
"5a2fc8deabae69566f89581221d9a0dd",1,boleto,1,284.90
"3cea94817a51f34aa5937784fb4a3219",1,credit_card,1,460.61
"899499ccb61cd1525c8b04047ac70e0d",1,debit_card,1,183.80
"68be1c52f0c662cedbe21ca137ca77fe",1,credit_card,1,62.05
"12958a97a4e26a4e7dd8bce7de8955b9",1,credit_card,1,54.09
"20f96d395d08faf685dfd963c91f0563",1,credit_card,3,80.32
fb4867639cdcf519269b594d659bf27b,1,boleto,1,113.85
"17c8db71a75ad66669e25fc85341e6a1",1,debit_card,1,98.61
c42acf5422921456e6ca7c15cf515c72,1,boleto,1,37.61
"309c3acdc3ee0846604b0db436a91e94",1,credit_card,1,105.28
"98dfb59cc8884799f0bdb54acae8735e",1,boleto,1,108.69
"51a4d80c45232e938d7504001271af64",1,credit_card,10,315.34
"74b0cc42b04ee1e7ad337a157d1eff9a",1,boleto,1,44.51
"282686455b246232083e072582e4c390",1,boleto,1,116.26
"36c7f50567d882b974a2294acf6f15c3",1,boleto,1,43.80
"68723accfe0d19555872abfbf08ed7d4",1,credit_card,10,283.33
"52c41e4882172d2311d038615bf36d46",1,credit_card,10,182.32
"29c3b79aace1b72a82b1232bf494e16f",1,credit_card,10,600.43
"65643122669afb8b86bd3c945f13a7cc",1,credit_card,2,35.13
"2cb13a60aa8162ece6fbc46f608f56b5",1,credit_card,1,27.38
"43dcf7dc059a67a9b9d62191f5e6b4d4",1,credit_card,4,44.09
a00687a01571352d823a005e4f3f457e,1,credit_card,2,109.80
"949c2f6937345ac501a7eab23b97bf06",1,credit_card,5,56.04
"7737b48ac906ed0be3c192bb1fc4c4ef",1,credit_card,3,180.32
"8e3d8001d12c91d581b256dbb2762702",1,credit_card,1,62.82
e9989a2b67c5d83fa24cef205772dd0b,1,credit_card,1,92.64
a536059a071793ef05e7e63cbac9d50e,1,boleto,1,248.80
f2fdb2c26514430fe5fc50af581e9d2c,1,boleto,1,36.60
e25282d3cadf7b4c3a491dfb533dfdb0,1,credit_card,7,237.07
bf76016e244b3edad48d42375a25e8e8,1,credit_card,6,92.01
ec34503555e993a9e7e2272b563d416c,1,credit_card,4,143.46
"67d2ebed93c8cc0effe172a97762e0a7",1,boleto,1,31.77
"3c63400d519c5dd742db492fffc5a49f",1,credit_card,1,61.38
"7e58d43378f4a2f37979592dbffac279",1,credit_card,3,64.01
"651d23074e72bafaefb84f47ace1b9fb",1,credit_card,2,162.38
"62dd6d76b74a442b158f50d6c18bd7fa",1,credit_card,4,86.89
d26c076e33054a0063c6fc94c51fc43b,1,credit_card,1,92.63
f797c7f21e67c1f4ccca1caf68287ba5,1,credit_card,4,42.29
"72bbfb1326267dae6346125615032442",1,credit_card,2,168.66
"80de45019ba6e7e9fed689c68e1d67e8",1,credit_card,1,8.61
"9de125e032c8c74ccbcf9a5b7a3b4faa",1,credit_card,1,42.00
"1525f8f0c2985955d93907fa19a9cc3a",2,voucher,1,78.01
e3d211011fde3f5b8aaf8ecd42c4eed0,1,credit_card,2,50.86
"39ae8b6363e0b01a0d2fa87271958af6",2,credit_card,2,128.00
d5b836c3e4d3591c11cfbc0d8a32948e,1,boleto,1,58.62
"81d9549a0a8197c72b338f870174f397",1,credit_card,1,148.76
be2463c66944514bb175f7a519a72cd7,1,credit_card,1,160.18
"89d22b5f5b664ae7a22078070d93244a",1,credit_card,1,50.10
a859c431ae458dee74fe2e549bd8e287,1,boleto,1,426.96
"81947fd909118ca9f929a299e6eecdd2",1,credit_card,2,102.23
bb1d699eccd1fe0e0b22aea230eab2d0,1,credit_card,1,0.03
"1ab38815794efa43d269d62b98dae815",1,boleto,1,93.13
"17fc4628dc62ac11a17e27e75ae9afdc",1,credit_card,2,36.78
ac6a6a3e424f679d5069f2cac25e1022,1,boleto,1,55.01
dfc9bc36d5db98182f4b1dc41fe8e258,2,voucher,1,43.53
d3643399509c4df2d897ac4321bd6339,1,debit_card,1,449.49
"575cf745e50a19f7d43cb7831c5c76ed",2,voucher,1,43.29
b84153f6ef50c6f07d2919e984c1f761,1,credit_card,1,133.38
"4750713fdb6d170de81aa2c130a28887",1,credit_card,1,92.89
"27314dd49dbc0ad19247637e181e7300",1,credit_card,5,129.49
a2327607847cf10fd418e7a63c12ac7e,1,credit_card,3,164.43
e2f6bff876d784db1590923c91ead84a,1,debit_card,1,284.49
"198f0c6f61edd39b202f7ca9091f1ece",1,credit_card,4,94.74
"7803d0f984dfa8078247ba07d2645bef",1,credit_card,2,58.60
"1000fd60c36051932866242b91c5ef43",1,boleto,1,133.80
"5c76d1348426fdd99247825f50c45a2d",1,credit_card,5,165.94
d51543bdc3d7f733b7637ebf031f6565,1,boleto,1,99.75
e1666defbb1e17b545b7ce2b98d99f27,1,debit_card,1,31.75
"313e3fc72246d0f98bde45c221c7bcec",1,credit_card,1,113.90
"9f9dbdaa390ccbff68e07b6181e0b06e",1,credit_card,1,108.77
d74f695d00f9997798afe64684937fff,1,credit_card,1,48.22
"1e041fe00fff13b851ee7e11516481fe",1,boleto,1,32.10
"880e262ca224fc654e306f76653f4d25",1,credit_card,2,98.35
"7f8df3bf41b446f3f9d4ac3adc08a0cc",1,boleto,1,36.75
b4a2d8c2d3ee496cb458b05f6d52b538,1,credit_card,4,42.04
"909d28f22490c6e78da3962ab7fd6286",1,credit_card,6,64.44
"3b93a7bb88f4b1160dc579d15c706a2e",1,credit_card,1,125.33
f6bce229e7e3fce75cf00f2028efbcac,1,credit_card,6,329.20
"7d51427ec940da2e27bc824dd56a2300",1,boleto,1,44.10
"13d07eb2de3e39a4ce35e42413657ca4",1,credit_card,2,71.15
"96c2e97254411b014e9c6497388ae8bb",1,credit_card,5,76.51
"4c46ed4ad9c8faf7543b2f9f6598b607",1,credit_card,1,71.04
ab2830d9aa052d7aee54359bc3f61d0c,1,credit_card,1,123.98
b67babff39aeeae3f39e5575b7886f32,2,voucher,1,50.00
"88138c1ad58f2e3eb654cfc1ba222742",1,boleto,1,267.78
dcdfc540e42725663242bb884c28f0a6,1,credit_card,1,68.63
"16a325dc8df44f9cc135ee3ca5afb8e5",1,credit_card,4,57.98
e59e6aedb9b4f115de215d276a5166cf,1,credit_card,1,142.02
a4874f847a49e622356b40b62c61b115,1,credit_card,5,81.34
"7892d0d80149359046441dc6f4ae4794",1,credit_card,3,320.15
"229612638439ed12c6b5dcb6c3ac658d",1,boleto,1,153.93
ac179dbb60a22d59a51a123174c4a837,1,credit_card,1,77.11
"7955aff2104a9da63a79084ab9b9cc62",1,boleto,1,63.00
"7e6a1834b0545ebda67a051d04ef8ca9",1,credit_card,2,123.69
"4abace28e7ad35184649078401530a5c",1,credit_card,10,132.24
"3a32345081c149e0850db894cf22dc03",1,credit_card,3,497.07
"90b0e0aa2d8c26868122bbc82de97b46",1,boleto,1,77.57
"2b83b8fa40c6831432a15681ecf065db",1,boleto,1,183.84
b3919ae133e2225033bb2e4107735ce7,1,boleto,1,43.09
"1f7c1b144b5b6d0a4339bd2e7ce499ac",1,boleto,1,64.10
fc8b5696b23d0710ae737ff9c16f80ea,1,credit_card,1,98.56
d0f11e497c1a8f9d16eadc0c029348c1,1,credit_card,4,121.09
b47fa5a498bfce5bc5658eda28570768,1,credit_card,5,167.96
"8929fce83f27ebe948da9c53dcea6bea",1,credit_card,1,46.16
f74730419f6f2508e020bfb728606058,1,credit_card,1,83.94
"59162d0a7fe62c725ed7be7259ae3224",1,credit_card,6,166.13
"09f52f8bf94d5676c277ef72ec077c75",1,boleto,1,79.56
a140c8837fe93faea735fdb258215911,1,credit_card,10,591.87
"64d493ad39cf733d3cc70821e69208a2",1,credit_card,2,194.81
"2f9518f273a6399fe8a94d78129fe404",1,credit_card,1,136.93
"1fa3133aa187f5523ca99748f5b5578f",1,credit_card,1,98.04
"21f86ae7d05052149e1c1ea80bf0115e",1,boleto,1,83.84
"3832a9766706c5e6bbfa5d101f782873",1,credit_card,1,195.10
ac3de6d7b9ec81af1efc301be217be81,1,boleto,1,167.55
"4dc5ab28582ada8b30536d03787d2d12",1,credit_card,10,870.69
ab1a70d5cd14419a6f2c2aca5ee8a79b,1,boleto,1,614.21
b8ea12ebe7c677d3726c4740450c2682,1,credit_card,4,117.90
"75559e14f308f4ff08427c567ae0a370",1,credit_card,2,151.99
b52ef56ad1464ca1c7d392e6cbda28c8,1,boleto,1,186.05
"8e2cbf2f771a9e3db9a33a324d3a2b0c",1,debit_card,1,21.43
ebe70675ae793b444779a82a58b30e91,1,boleto,1,40.01
"1d211ed3ac0f4b3a52d4fb038f02da04",1,credit_card,2,43.28
"124c799bcc4126cdb5cca8c5889533b7",1,credit_card,7,237.94
ea8f9e7a24a256a3a8873cd07a35659c,1,boleto,1,136.59
"02a065131a2d2b72b45e2c63135606ad",1,boleto,1,759.75
bcb7b14faa9eac1a0f8ef399056da1b5,1,credit_card,2,29.73
"6954eac303f94f5f51b80deb4ba7be50",1,credit_card,1,67.68
"5eb14fb4efa7c2bdb08331b6809a350d",1,credit_card,3,153.25
"92ad41ab284aef4e8500e91e427ba943",1,boleto,1,169.14
"45973eaceb6756a0232ab0c715f77426",1,boleto,1,24.30
a5af18a4ca6fc19e882cc17b9a2a16db,1,boleto,1,124.20
d0c925dd85481e3b99bbc725dc56e1a9,1,credit_card,1,92.78
e03f2a110a3c771d1e0e126f139503d9,1,boleto,1,57.77
"3f927a0036358d9522078e7e3007cfe4",1,credit_card,1,76.15
"895ab968e7bb0d5659d16cd74cd1650c",6,voucher,1,2.61
a47d0baf5bb361cf68e3f1ec57bf57e4,1,credit_card,3,195.42
"73d0ad16085b5c415b4bb7ec496ac0c3",1,credit_card,1,86.64
d56f099b822d5857e1d02f660db4a915,1,credit_card,4,47.31
f6f0b0676bef546699a839d4e32078be,1,credit_card,10,255.96
aad86d958ecbedd8da621bf570b1ab1a,1,credit_card,3,111.48
"5b223cbcbd1c52a014fa6acdecb59ce3",1,credit_card,1,46.85
ccf9f826a9a2889f396bc19425443c9c,1,boleto,1,67.24
ca2f0670d0d753e332c0ae97f466c9b0,1,boleto,1,124.40
a2a53e824841856d25e9fe22467e4209,1,credit_card,8,413.58
e4056fbb5f5bfa209170515335558cb0,1,credit_card,3,186.13
"1b729e56124765cedd186f2e66605e67",1,credit_card,1,96.80
"6ab6cbb9cdca38f755b319eac5846cca",1,credit_card,10,431.56
bef67738a473b9e3dafb560907533864,1,boleto,1,184.94
a5d877aa32a04e227c66539c822988d5,1,credit_card,2,125.58
f7d991e51703014752000a5a1dabc152,1,credit_card,7,352.38
db9cf376e67dbdfc53109dce1354745b,1,debit_card,1,170.00
"7a82d6437abb93a8fb527f64e86cd407",1,credit_card,1,87.16
"18b284ddc56750a4971cbf512bab59f3",1,credit_card,2,484.85
"23939807bace6dc4e9701a868e697f76",1,boleto,1,132.82
db582aca3fc2d44e76fa63eb576032c5,1,credit_card,1,26.61
"84bcc016602d9c00bc5178837cacf7e5",1,boleto,1,102.03
"9e389bac73e66c3aee51848446646402",1,credit_card,1,87.32
"00891ba5de66f55000ee358ceea9b345",1,credit_card,4,149.69
bf61fe4ac0f160dc7067f5d0eb8e3bdb,1,credit_card,1,57.42
"657092a7391a08ae27775a441765b3bc",1,credit_card,23,236.48
f3753df1e0c5a22ca7c2ff5722387739,1,credit_card,2,57.50
"55aa287c6ca17e8c3262b9ef1e12fac6",1,credit_card,10,759.25
"3a8d035c2ed963a9abdb531ed8a34086",1,credit_card,3,66.69
f0a82a328fd64b2796242bbfddb7e1d4,1,credit_card,1,378.83
"94a817174af541deb9c64333c5190b51",1,credit_card,1,1224.06
b6daec0cfa9a03c5989e15db310e0252,1,credit_card,1,177.15
"08e9e443708079a97897e24456987f83",1,credit_card,10,127.86
"87dbf4b3d9d6755f19edef737a4dc0f9",1,credit_card,8,553.47
"191fa27b2a907e113d60ddfd7dc29696",1,credit_card,8,86.64
"97ef2707f46b7d685e1da2b0c67be7fd",1,credit_card,7,506.10
"03ddab02775c66c855ad41424ae356e3",1,credit_card,10,119.93
cf0069079227e57dea55e6ddee519e5d,1,credit_card,6,124.96
b4f1974b44fb68fa2e99d51756750d78,1,boleto,1,923.17
"3a9731efdd545919f0c6c36c8633b7fd",1,credit_card,2,52.87
aaf899ac4389cbf67485784ac38fce72,1,credit_card,1,26.77
"33ca9b7ba09adaea52b480057b74611c",1,credit_card,4,102.93
"00a57dfbb049fbaae10763e2cf15f797",1,boleto,1,337.38
"219e223faa8b8622006bc6242a1bf011",1,credit_card,3,126.22
edc89efa4164df7e21f701a9fb88bc98,1,credit_card,12,286.30
"05e1843fb576fb0a18a1e9bdfa3c18b0",1,credit_card,1,64.96
"73dfec91f44d4356d6abcf6cbbbcfe90",1,credit_card,10,722.05
"9b45de49b277899b23ba41cbb79d3a5e",1,credit_card,1,72.68
"0d5f49b8f9f7176361444dcc91621776",1,credit_card,1,719.37
"8b1386c62489fa3207c75cddb43f7e5d",1,voucher,1,24.82
c100c80e0f97369fe40a0e99db6f638e,1,credit_card,6,121.28
"5860cc6e7b232e3c597af193d7760d1a",1,boleto,1,679.43
"4516299f280a0f30720256ae0cd592d6",1,credit_card,1,46.69
"1e8c2b738fde51956f03f1a59bc86003",1,credit_card,4,246.09
acbe07f22f29ad7e5a78f30008cc6ec7,1,credit_card,2,124.12
"73eb2dbe87f00c86931e3ef008935806",1,credit_card,10,304.52
"0f55b0d2cf0cef20a803b08673624f7e",1,credit_card,2,198.29
ace5866349278761370529383b3c0057,1,boleto,1,24.86
"4cc275a83d9eace28626f30559570ba0",1,credit_card,1,0.27
a9eff8f70def39eb9133c1861c49ee76,1,credit_card,2,102.84
"2b5bd09c3c5b318e1b7293015fdfb481",1,credit_card,1,33.78
adcc8462c02143ed9914cc08bf3d6136,1,credit_card,3,78.19
"4baa3882a6f5d47e5ac98cd10c942c4f",1,boleto,1,231.42
"4f37cbf1e88e6a573c864f42e1072dd0",1,credit_card,1,93.30
"17b64a39e956f1ff14d42a2f76a37305",1,credit_card,2,371.19
"6335afd8e6b7eb0ebc8bb71ea0008f6f",1,credit_card,10,971.96
c942d232f05adc081f767f145dd8fa36,1,credit_card,2,168.45
cf2025217f63100bdc2328402c3e2b1c,2,voucher,1,42.78
"6f8d53661cb6c0103f103915644d0a06",1,credit_card,2,78.34
"79f3f1e756924f3c4f2e8de5b726ccff",1,credit_card,1,95.22
"0919371859b3150228068cde3b07c122",1,credit_card,3,148.71
"487102a0e698d9e4d4c20a484739489b",1,boleto,1,173.23
"8631a3dfd0bd0c5d450e5219edb4e506",1,credit_card,1,135.09
"2fd12ee976f68370d5397cffb377b4b5",1,credit_card,1,57.38
"4151292eea8dc7551c93d61feb56c44b",1,credit_card,4,52.00
"82665f766c0c85d41579a39185623295",1,credit_card,7,215.05
"9ace889082238720c827037211d2510f",1,boleto,1,102.17
"92008ae86d495f8b9098a932b499688e",1,credit_card,1,163.80
"06174d5608937415007fcf764cf799af",1,credit_card,6,66.23
"67babe0383a8449faeed6e1d37d8aa45",1,credit_card,2,153.31
de836e862a18f8c17fca8d2418a16631,1,credit_card,7,73.77
"27f7d43a44061f79fa0e259a3b9a7922",1,credit_card,1,130.09
"9fcad2458d10ff81bb03d63253ac603d",1,credit_card,3,162.57
"2f4011790ff902584d5b011f0e35ff1d",1,voucher,1,180.21
"727efa2785deaaad8480da8e66db7e67",1,credit_card,7,88.19
"000e906b789b55f64edcb1f84030f90d",1,credit_card,3,33.84
"6dd49a48b361f1d0f6d8241dd029dd22",1,boleto,1,116.85
"6689c518166b603faf8f0bc048fae5eb",1,credit_card,5,204.45
"2b02cfd07deb1e5bf28fea9334be0b9b",1,credit_card,3,201.82
"8fa73214ec84ad62b67c72e8b9152a42",1,credit_card,4,67.06
"906866a791fe9017a3d218c44407d609",1,credit_card,4,48.22
"3b81b7af81e2eeda1442ed880cd1d860",1,boleto,1,170.43
"3f2467ae6b5a92494a59e95de0d79ba8",1,boleto,1,28.46
e495feae6785e3de6da18e3b567982bc,1,boleto,1,36.00
"83c3c5d85ecc80dc98b322dc63c47cf2",1,boleto,1,28.77
d7c88b34559c799b7170fb42a1222ab7,1,boleto,1,215.60
a3a43dd512f51c100ca62a18f50076b6,1,credit_card,8,440.19
"39063491fa316afe415e03eeb554fb4b",1,boleto,1,66.13
bc024a50e4e6ff5212d0febb0f4b4a37,1,credit_card,3,36.09
"24262a5b351a1cb6a2585ef93c92713a",1,boleto,1,85.60
afb67c04593c89865f383745e2993cef,1,credit_card,3,36.84
"85406138a2e61baa5d9f0a8298bd6c56",1,credit_card,3,340.07
"55251ef8a25806da63971ca3046ca7a5",1,credit_card,4,134.49
d613e5d350507dc43eed8de7ccffdf6a,1,credit_card,2,129.28
d17257adac505bd94de0bce06cff3547,1,boleto,1,122.60
"70e6329357c33a4f1c54d27e53a38231",1,boleto,1,64.40
"232ed087a5c59841a1a56af1fe8d797d",1,credit_card,1,10.04
"0ce3dcca0c123ec98cc73a514f7e9922",1,credit_card,1,40.26
a910d611631e3e0e3f105040e1878f33,1,credit_card,8,255.24
"53183a96aacc31f11503c049f49905a3",1,credit_card,4,101.34
f795a37f40d58c4385cac618d078f202,1,credit_card,2,114.91
"00ab3a43bda739029ffce95d3b2fb56c",1,boleto,1,35.36
c2036cc87daa31d91f63b204717a9602,1,boleto,1,217.96
"23face56b7b7b6a17d4759b7c86d6a9c",1,credit_card,3,68.04
ccefed81ada949952e76166b19f2b723,1,credit_card,6,113.82
"5f5fa984fd9357997a52f936e8c0a08e",1,credit_card,8,151.79
"845b62fbbe4d5781455b7da5d4989afa",1,boleto,1,45.18
bbcd8e46520fed222134c829d40f79a6,1,boleto,1,32.66
"424983e66da021899eb8f8c0b0c4672c",1,credit_card,2,75.07
"94ed99124b4c0ee155fd9bb057a14c2e",1,credit_card,2,60.23
"2e24aeccba21e9699a167d51dbc35fc9",1,credit_card,10,196.95
b9964fe824ef79f3fe90110b41e048b2,1,debit_card,1,81.52
"4555a62ffc9eea4cabdf8f1a7219f813",1,credit_card,3,292.63
da7843573e4914d76380f7f0a86995a3,1,credit_card,1,61.52
eac9a6eb5ffd533239d332b2171c7bcb,1,credit_card,1,22.95
"4ed01120b6d2cbb2a2fe37897f9611f4",1,credit_card,7,399.99
a46e7f3658f8b1ede78bcb17c859655b,1,credit_card,6,236.06
ed0094f95927e35ebb97a275ed02d046,4,voucher,1,13.98
"8f1a2a26d4f0ed5608a8857e0e88b7ad",1,credit_card,3,181.00
a10d28a5b468b2812345d39efa239454,1,credit_card,2,28.62
ad0edbe4d9b9b10574db2a0aed82f950,1,credit_card,3,58.64
f33a36605bf3a9368badd6072ecc5172,1,boleto,1,64.91
"6fea59a483e4a37701ffd5d5b8795ba7",1,credit_card,4,124.42
"1b16849c735fb603f647c0e1dbf503c7",4,voucher,1,9.12
"827d13f1e8fe2d4c2b3becfa2b0035ca",1,credit_card,5,196.52
"7d29c8dc7f0169a08554b4309f115a2d",1,credit_card,8,79.98
c1b6a4848079f0c2f936c9535c73fb05,1,credit_card,8,172.62
eee612addb28b4837f3a8d9ce54e31f8,1,credit_card,2,189.56
"678f8df5b1e3e9e562a7587b5a1143ba",1,boleto,1,179.45
"57785d086897beeadb05f3f58eb95250",1,credit_card,6,127.84
eb83ac4a729f0654750730aaa35bdf59,1,credit_card,8,947.35
a1ae7c02634b9a9911a9dfa3dfbf6c16,1,boleto,1,430.67
"9ddb3509f5be4a428dd17530849d4d25",1,boleto,1,61.37
e279507171f43a7609f31b89e48cbc35,1,credit_card,1,30.24
"7de9039f9657626d4d91e87919a7c363",1,credit_card,10,518.95
bace2325d40b46985f9e94e0aff26b2e,1,credit_card,1,87.64
a9fb450008d4a94311a7288937b880e6,1,boleto,1,430.75
"1dbaa81e10d320cf7b6278931481e284",1,credit_card,8,144.56
"329e18d5b045ab9481f0cfda10bece3a",1,credit_card,10,216.29
"70919895801d7ea61ce452562b76e3ba",1,boleto,1,256.92
"8a2914855b65c59992d45f1b611388ea",1,credit_card,1,40.00
"784389cee609eccd4f055e1eb8544285",1,credit_card,5,61.40
"39d90234aa561e2f6a0ca08926c4f678",1,boleto,1,87.32
"1a4d91c156fe4c45c0ae24f67d49dc50",1,boleto,1,656.89
"0c760c32925c8a67562a4621ff46556e",1,boleto,1,70.87
"22a70dec3f33737fa17ad9ae098b37f8",1,credit_card,6,149.69
"2fac55edfd9754d1a0e7ecc67d48d08d",1,voucher,1,10.46
"949fa1f29e978e421be9ae66cfc59ab2",1,credit_card,2,43.00
"25be27a5bc17c6ccd29b5839526651a2",1,credit_card,1,56.31
"34d0587652282a8e4f05da5083e1f276",1,credit_card,6,908.31
"39cb3c161fca712dbe881de9eccfe19a",1,credit_card,6,65.81
cb578e3b649e02ffe6afd3eb778d6370,1,credit_card,8,1963.97
eef1b5385bc2d6cdf899eaf1337be979,1,credit_card,3,35.69
b23fef1fa296cd791a57b465a3dc3827,1,credit_card,3,137.23
f980b4aacdad5bd8d7ff107f2dfa4a25,1,credit_card,3,33.13
"7ac926992c157467d54b5722e67d4b93",1,credit_card,2,204.83
fc174f22ce400b79551344335ef7d9d9,1,credit_card,10,884.34
"30ecf79cda763f44c9cec9c8a4bc5870",1,boleto,1,165.96
ff85f6534f8a6b89e27a340dcf86ecac,1,credit_card,8,344.51
abecbd6356fb44255baff524fd60438e,1,credit_card,10,1022.60
"5b7687ff6fc51511eec02492c8169ff6",1,credit_card,10,857.97
"64abe32989d9bd84b32a370ecbe1cea5",1,credit_card,1,36.85
"927a3d94fc86be42541c5261c741308c",1,boleto,1,86.02
b034b38968b7bc21648e36e05d2eb09f,1,credit_card,7,350.19
ee9dfabed586581a184f72e03544b4a2,1,credit_card,9,342.12
"12cfdcaedc49d1cfce950e3c9846dacf",1,credit_card,6,93.30
"0c4c58fca6e92bb1b43c04a406e73a86",1,credit_card,3,64.00
"93be7858268330a9f500c3871956e0df",1,credit_card,1,43.01
"723f4709e0dc0b2fc27c8d68792c2ba6",1,boleto,1,22.36
"922d138450226b11bca8925c60766321",1,credit_card,9,185.94
ae5e5e33fbc4cfa818e4391563778f66,1,credit_card,2,33.99
"384305b9cfec8a62f309b5e5cac920bc",1,boleto,1,22.79
"75df014e897510b97edbb6261ef40f82",1,boleto,1,172.97
bd4e7bc5d050cfab04d0b18702b654d7,1,credit_card,8,288.76
"94988f535f661bb99df19830f8b0c85a",1,boleto,1,61.38
"54b3dff57c665f797e9738df1014f9a0",1,credit_card,6,656.52
"802a16d8b5c3a74a38cf9216f429c469",1,voucher,1,13.40
"2e79e51b96cf9b836ce81f55548d018e",1,credit_card,1,61.62
b3e3c2b3031064109b437b0e1dae36d6,1,boleto,1,37.13
"57c77ac6b334c14aef111922d59f7177",1,credit_card,8,602.11
a1c1912f0cb35964cd9d989535ca0daf,1,credit_card,8,103.08
e1abbcb492d0aaa646e6019be0c1934e,1,boleto,1,113.15
"78c82a5b34fde0f0dc8d9d0670b231d6",1,credit_card,6,111.08
"2194ed4f4df86b4d6f4d859ad6ed1795",1,boleto,1,71.44
"522527427b29a3fefe865a02a7a78962",1,credit_card,2,115.44
fe581625610266b13ec764bd58c6e280,1,boleto,1,28.41
"2f336c3bd8fa1208e968bb0601eb8b92",1,credit_card,2,49.24
ed638b613c111b199c3550cb29fd6bfa,1,credit_card,2,284.43
d5c93f9528b5b9869e4c761fcde5a834,1,boleto,1,27.30
"09d557bf440b6c3b40cacfbb24fd5e28",1,credit_card,7,159.18
"5914b571e2efd1eca2e2d5dc0a50f155",1,credit_card,3,192.28
"724d428017f2d1e905e1e695296e90f5",1,credit_card,2,26.77
"09bc4b63b3a1b631632aebe28d64df0a",1,boleto,1,60.10
"3cccbe8b35dc583d2b80fc60c72f2b0f",1,boleto,1,146.21
fa22247626749c6b54ee3b6a97cb8018,1,boleto,1,280.22
"85f52f3fd75e742901f896c46fa90626",1,boleto,1,28.09
"73b12cfaa8f20bc1ff6b36c9ef17f656",1,credit_card,3,326.91
"93c0ee237d690478ecc66db76b8365f4",1,credit_card,4,41.84
cf7b757fbc81196ad9916c519c092321,4,voucher,1,11.10
"87980ebda651df2ddec79138c0366d96",1,credit_card,2,254.94
"0b555f0e6493540531a30e6cf25fb030",1,credit_card,1,172.37
"300a0fb67e14c56475f361381f629060",1,credit_card,2,94.21
"4f6daad34df49e10c8072b33faafcb2a",1,credit_card,6,184.36
cf0fcb02e2f9b6dcfd6aac8d664b663a,2,voucher,1,7.83
"6502a176dd01586d88a9fe09d820b484",1,credit_card,2,266.58
"85290a706bc1eb761cf962df269cd1bb",1,credit_card,6,67.29
"3dc4ddaa0680433039c690192fcf4eff",1,credit_card,5,143.02
c35fad70e651ed7c175cc85284d88d65,1,boleto,1,369.84
c8536491e6701f9b5382da168ee54048,1,credit_card,10,2337.40
"4d2338eddcfe008a2d27270cfa679887",1,credit_card,1,42.77
"21cf778cbc216b501945041921a3aed5",1,credit_card,8,413.31
"67fda58928557660d52d5f17eb0aa105",1,credit_card,7,71.14
f9924bb345cacfbf0fda3cca1dfffcd8,1,boleto,1,202.16
"726714fe5c6124b8501feb36c5b89896",1,voucher,1,33.02
"4ba72d2e0a210b56b5635bbc33599cf2",1,credit_card,5,209.10
"1b37c11d1b330f2f5a3ad3676bb9c07d",1,credit_card,2,82.70
fe8fb13770857cd6d22fda24ce5bd4a6,1,credit_card,6,179.30
c73bbcd64afe483b00a38c3d28c1c66a,1,credit_card,2,119.79
fc7e3c066f67dcf0954cd79e8b52a7df,1,credit_card,6,233.68
fce7ca4f8fc4109d4988bd6de96da69b,1,boleto,1,154.16
"8d3882299a9f08603a9617dad43be00c",1,credit_card,1,86.15
"5065ad433fb01b8ee48433c8ce6c6be9",2,voucher,1,50.00
"5ba26bd7bec8bcaefb758d03dee88047",1,credit_card,1,94.40
"191a0013ee3ec32e27da5f85cf028081",1,credit_card,1,154.38
"6573371c19a6169b6ec350eb61b8cea1",1,boleto,1,52.05
cf2a9fcfac08206bae42b3118368c9d1,1,credit_card,5,55.28
a95678d13aa1133eda68827e63e5f769,1,credit_card,3,99.96
"561a3b9c8e282502bd86b6504b17544b",1,credit_card,1,98.91
"9dfae5aba4d323439c2b9fa23b716259",1,credit_card,10,119.57
"1be202b145a6722b8e2b08f60b288994",1,credit_card,4,55.18
"76947ee86f94611940effa93c62ccdc0",1,credit_card,1,210.27
c421ebe75a8bcaabd8540cfae6aa4a7f,1,credit_card,3,520.75
"4274c629dbb28e0ca783cf3a7673acb4",2,voucher,1,50.00
"130c3f0058347e4d785fa54f3d00d2b4",1,boleto,1,271.63
ac809d1a80a159ae8a440c726f579700,1,credit_card,2,44.29
"36d66e5aaee3603567da9352fb165017",1,credit_card,8,272.70
afc1b46f2cb4b3f0d3432cae0af0ea75,1,credit_card,7,81.15
fa0516e60526f3547106618fe2482801,2,voucher,1,136.45
e5da6b075bf12389011f8a4ce3c1d1de,1,credit_card,1,64.46
"3172aacd2f6930dd21d765190030ff56",1,credit_card,2,23.39
e5ca5039b91a2e7f504bc29aba41559c,1,boleto,1,189.34
"50accbb9397edc377aea35d7394a1ca7",1,boleto,1,82.73
"7286bf3202c0810432f147c3ba4a5475",1,credit_card,5,52.10
"219f831fcedecf53187489f9aad154eb",1,boleto,1,73.34
"898a3c6ae100548e40cb528dd26df687",1,credit_card,1,108.44
c867dd64bd728f7a87d1c868c7c2c33f,3,voucher,1,20.00
d806cef0dbcf2273fe3d4a339e0c74f5,1,boleto,1,148.00
"2f8faef508a5a7ba5de0b455cd768da8",1,boleto,1,95.67
"171fac25aa2fde5b05b3109d582d04bb",1,credit_card,7,70.14
cc55f78088e0f0e7247ff0337a9a2ae4,1,boleto,1,187.66
"26a14aeb2410adbbf74a72c4ef0c8ae3",1,credit_card,8,1034.72
a1991f23b5a551188b16f0cc2105441a,1,credit_card,8,308.53
"3f3e01f29d25bb2e62be81659113d44e",1,credit_card,6,317.20
e9a18a01a641ece17c11a804a3651208,1,credit_card,2,115.86
"5138967f3495b0b86c11eb58abade91b",1,credit_card,1,71.14
ef43d5664bd1ab24fd6b38b5a8ca3cf6,1,credit_card,2,168.35
b3352e49bf919f038ea9f9953bb2be4a,1,credit_card,2,82.67
c3665b33e58190870d82a79cc835cc30,1,boleto,1,114.76
"010078e0913f48d014483bd856c01ca1",1,credit_card,1,58.61
"4fde26fa2510c48a5de5fd2fd876745d",1,credit_card,7,78.91
"8f0dec20d92d7f1c553d41ed603d57cf",1,boleto,1,71.05
"5fd4cc6625fe077304f6fd2ffd3681d9",1,boleto,1,48.37
af32f548778c455ef24c466f397130b3,1,credit_card,4,88.89
"3139254607a08295dbd11e787d816506",2,voucher,1,20.00
"9d75498fdac565fd0088b13e1fb8c504",1,credit_card,8,158.75
e32738e1f9a8c0b2af32e78bf6f892b2,1,credit_card,10,126.48
d406a26fc052b4d9907a40ee3a59e273,1,credit_card,3,113.62
"758b2f6c959f5aec10c8beefbcda84b8",1,credit_card,2,117.75
"148ba0f4f771be94ad368512ca50a07f",1,credit_card,2,68.13
"9b6bc08776a513504b50d1da33d91847",1,credit_card,5,173.73
"62505127063f51deaf665f237ee748c2",1,credit_card,10,358.04
"143c703ed417ebaa64077dcdc2c820a9",1,credit_card,2,43.71
"621eb879252e1ef32bfbe6f3eab23b57",1,boleto,1,121.09
"1c748687e58d9c5b30aa8ffff5747fe2",1,credit_card,8,88.49
"9aff2e622002df9b94eb9255485fec96",1,credit_card,4,199.15
"5908b5d4980d0d7dc2af4e0b324080b8",1,credit_card,5,224.72
"98169d491f3bb7988e9a5aa45f9dc8c0",1,credit_card,3,67.13
"0886e32a3289fc38b0deaddb26655a7e",1,boleto,1,170.71
"8937c3e485f73f480931feaca88a35cb",1,credit_card,8,295.99
"3fde74c28a3d5d618c00f26d51baafa0",1,boleto,1,2713.36
e441491edbdc584bf380f36bb5e048bf,1,credit_card,3,38.47
"22fe0bf39d80f86f5f4a106875e9adf9",6,voucher,1,8.85
bf1972c220f071324a3032cb351479b2,1,credit_card,4,65.10
b18dcdf73be66366873cd26c5724d1dc,1,credit_card,1,462.70
f8cc09140951893d329b6f1bb9106ab3,1,credit_card,2,209.08
e5b57b95d37521ae98578f0d22af3a2b,2,voucher,1,22.63
"1fda8d2bffbac0b2c801d71efbd710bf",1,credit_card,2,172.66
"93497823840bdd3e28dd14bc07a3c654",1,credit_card,4,51.72
"7699236048cea720bc29c41e6ed8343f",1,credit_card,10,252.89
"041f09bbcd85d178903f5bb71f11a02e",1,credit_card,8,137.83
fa6b2d45eec5e550786c4adf6de7303e,1,credit_card,5,134.83
b2e25deb1b41319f3f4fbb2d32926a03,1,credit_card,2,171.00
"93430185e43190a6a3f456ac4cd38c21",1,credit_card,1,20.28
ec229847c1c5cf6fb15ad56753ee00ab,1,credit_card,4,99.95
b6a006c82e0dea4214b534ced51eb9bd,1,credit_card,4,98.65
de024dbeed2d5b118cd0c1bebd0945e5,1,credit_card,2,171.12
eb1873ec4d6a2af1c0626a7d08bd9c09,1,credit_card,10,828.08
"57e06a77c76af39efecf2153bb43ee33",1,boleto,1,539.88
"01787af385123b93ba50c5f05530ee12",1,credit_card,1,114.38
"6cdd447ec5998b49b1846abfc795662a",1,credit_card,10,714.62
d2507bd23d9c9e4c1a37406c22b7cadd,1,credit_card,1,67.50
c5012f56f488e3d08eb8140afb31342c,1,credit_card,1,40.35
"7d514be6da81debca0ed96cb31d6ed12",1,credit_card,2,27.77
"482cf1efb88b24b4be018896f7070039",1,boleto,1,136.58
d83ba33f7128e7d87dd7709a58cd0a2e,1,credit_card,2,138.53
"201fa78c1fb6877f57ca0689e8538bc1",1,credit_card,3,77.16
"4d495c697709fcab0a85b3c5247f89e0",1,credit_card,3,76.28
"8cf11d602132cbba5e8cda3631ad5552",1,credit_card,1,179.90
effbc2be1e2eda5f0250adc2f307f346,1,credit_card,3,165.44
"01be6ff226324644f283dfab69369848",1,credit_card,2,110.83
"5890259dc546292bd43919d8a284222b",1,credit_card,2,123.07
"465e367896219452ecc8d8dc02f61531",1,credit_card,3,63.31
"366d799ad8ce30435d27ed0f7e3eca9d",1,credit_card,2,166.74
"73befa10ba4ce911961d44fc641180e6",1,credit_card,6,183.85
"0724cc371750e7fdfe769d2a8bdd5b92",1,credit_card,4,184.95
df3a7600e4fd0a2c595fa7ad6e2e622e,1,boleto,1,43.85
"420f91c697d0c439258fed7df363cdb4",1,credit_card,1,74.07
"38097aba0f729783af8bf48eabf5e496",1,credit_card,2,173.49
ac2da4ffeb7023f0237c1f1418c78916,1,credit_card,1,54.59
"1d8a6b3b4362492f06a5da27121fd530",1,credit_card,2,143.21
"9a22a84b533a8c4cbd2f9200d8003b2c",1,boleto,1,68.62
b2fd73f1bd0c6aab4bc4987c2b550c94,1,credit_card,5,288.56
"5065ad433fb01b8ee48433c8ce6c6be9",1,credit_card,1,1.84
ac1ba3d6cc5dbfbe4ebb5db9d2039bcc,1,boleto,1,47.42
a585e716f1acad90ad2c2ac0cfbb1e3c,1,credit_card,2,178.23
"2e6d2d54826e3dc0cf96b86f6d029dbf",2,voucher,1,50.00
cfda238957842ae525ab84fabaf8d4dc,1,credit_card,1,75.65
ae3ed4faf84063e2cb305bc99cacf219,1,boleto,1,136.91
"14b8b441b89cdc057ecd6160b56aa1e6",1,credit_card,4,64.18
"3ee6513ae7ea23bdfab5b9ab60bffcb5",1,boleto,1,19.08
"2f5af9bfb62b1adb5d3865bbf05c4a56",1,credit_card,5,101.74
c177bd75cb8bbff3f8ce6842201c7b6f,2,voucher,1,25.00
"857a663ea88d0f7a0bbd031f0903cbc2",1,credit_card,2,140.98
"9cd56a4791f9a693673888aec901d978",1,credit_card,3,86.58
"6055deb46d2d0a116e20655c435797e3",1,credit_card,5,125.42
"3f331b00c595c7954cd8f704b2f74056",1,credit_card,4,159.02
d710dadcf1f25993f76835a786761250,1,boleto,1,368.29
d5ba4800b58a75d721450cb4ce724015,1,credit_card,1,94.58
"3879804f9a1c6b1f68351355cbe6aa6d",1,boleto,1,213.43
b574f97b093ad4bc022f420344327e12,1,credit_card,10,107.78
"0b5c913b831ba3f6eaaab61c2d7cae6d",1,credit_card,3,450.53
"56aa3b6b2c30314ee80914fea9543573",1,credit_card,4,44.00
d3310038bbf991ce02501a51022f5283,1,credit_card,4,191.89
"8f28f1dcfe373e3adad096ae2108087f",1,boleto,1,85.23
d67ab4b4a971f5584ab838fa8ed37d34,1,credit_card,1,179.38
"1b41fbc113f284d979a4b5c94e2a918f",1,credit_card,10,1650.18
"8eb1d3ed40538d746e6147a86703ca50",1,credit_card,2,118.46
"4ca1f1a649b410df74285448aa3dcf9c",1,voucher,1,210.89
"937c631033176b4e2493fa20637c9323",1,credit_card,2,172.62
"9e18b36cbe389c78c0f80999b7d807da",1,voucher,1,64.00
"040c71e2bb944537100baa9dfff8e2ac",1,credit_card,2,71.04
"50987c164be26b0ad4ab868bdecbd6bf",1,credit_card,5,452.33
"8010be962c553ac2ed4a5cf591ccc971",1,credit_card,2,134.04
"8f4af5bc8345e13d9b92eb4d75aec7d1",1,credit_card,10,682.97
"612e4c9f0a4b338dfaae8a463a518e5e",1,credit_card,1,52.58
ac0d651b9931070684816c338dab9a3a,1,credit_card,1,254.63
"01c95de6d0852189b4d6b6d32a3c8e0c",1,credit_card,1,27.77
db271589ce266814ea30bcc06109ec89,1,credit_card,6,188.20
"1ad2e5e9d162ef3b6c99d6e19f589212",1,credit_card,12,126.18
"5c05c6001482248cca1f553a2c0b0421",1,credit_card,1,142.67
e96a4c3bfb4afc0cb895a76f5ba0440b,1,credit_card,1,61.38
da28a815dd7996590e84c9e51dec1ff4,1,credit_card,5,125.38
"3510e9faecde23ba10f1b649d329b22e",1,debit_card,1,40.95
"094af1d0ffa8afa4ddce0e4892491313",1,credit_card,10,119.39
"59cd790c5f7a727afff6c7032bf26f90",1,boleto,1,215.47
"830189cecc91f11c9dd9405976aa5538",1,credit_card,2,125.43
"21ea7e4d14409db01f3c79aa48b465b9",1,boleto,1,99.34
"32e5c1d5c29ff85ee47ad979c88317fb",1,credit_card,2,39.84
"6b4063646aa51aca70fd0c745ded2155",1,credit_card,3,33.77
"1b18975169da58190ac88ceaaa29459c",1,credit_card,5,227.97
"37f74ee624eec2d1ca28deaa62d04602",1,boleto,1,117.44
a4277113bcf10ed364a0182042fc8155,1,credit_card,1,5.19
"75681e645ebf121d79cde28849994e7c",1,credit_card,1,37.84
a71e537206ccf830e74464cac298bf9e,1,credit_card,9,150.61
"198d8b83646f4c7c43be3a2e59364f1a",1,credit_card,6,479.66
"5703c825c39cb1235c7e8a3be949054d",1,credit_card,1,27.75
a4e36eea7c04210e13a89cd7f5bb93e8,1,credit_card,1,80.37
"5813dccc11eeeec1c8b609e396c12291",1,credit_card,1,70.14
"9c5505df3b3c87d88bef70eaff841ae5",1,credit_card,1,32.37
"0ecd7312b4a222a3a86590e46f1c2b90",1,credit_card,8,286.82
da6f3c22dc38f6e133f8a8f14f5d3cdb,1,boleto,1,58.00
"38be3479258281d5a9f612704f4546b8",1,credit_card,1,115.81
"8f001d0a1562d2929ed759bc04b58fd4",1,credit_card,4,202.13
"604cf9b703209b8e0f87284d5aa05313",2,voucher,1,12.76
f817d900e054fb4fbebf7b7a3c2bdb1d,1,credit_card,1,38.09
aaf8c4fd10324c24379e08159ce8489e,1,boleto,1,147.28
"694c72bb2f8ede1323820186544f9c09",1,credit_card,1,5.37
"9e7029a8fc76193e3b55064b698c4b4f",1,boleto,1,145.28
"2edcf6adbf3719366560d6863cb28799",1,boleto,1,963.34
"262ba6c85fd3c9c589bac6fa7d113cca",1,credit_card,5,135.49
e5e6018499159c0f02053fd10b55dbc8,1,boleto,1,59.43
"2ec8350dfe84d1726bc5bc3921003fd0",2,voucher,1,40.70
e9781329bbd9648bc8c210acc30c130c,1,boleto,1,170.67
"3c664925dceff7ac6d1ce0533c40e07e",1,credit_card,5,111.90
f087f83b6e2db9f35f412e6ce337a35f,1,credit_card,4,222.68
"0c6829c9d92a6bb545d7bf1734d094c6",2,voucher,1,8.95
"61924caaf0facc4cb3c580d9bdc2f690",1,boleto,1,109.22
aac15589b232e9722429d3a06a547b6d,1,credit_card,6,183.95
"542f6adc8252efb82f286307de986bc4",1,credit_card,8,468.80
"4cfd9e02ecb9bfecf560fde716675e87",1,credit_card,2,98.73
bf88003f2580db7589007ec44bc85695,1,boleto,1,40.79
"4b460251c3d2ba44dd61b0b6c3410ac6",2,credit_card,1,231.94
"4190ab61a7fced69f3ee84d1da1120cc",1,boleto,1,211.26
e65c1034a0e40b31a10fb6ac79277ee6,1,credit_card,1,285.12
a44e04ddb3679ae302d3a586f69a6bf2,1,credit_card,1,132.48
fe716cfce373a25b4ceadf7e5d410b0c,1,credit_card,1,12.87
e4223b96432f4984fc69390438d80861,1,credit_card,1,34.00
bc73dee75b47199fd9c5c4140ae5b1d9,1,boleto,1,82.51
"12fa2b4d0dc38dafe97281075be6f5e7",1,credit_card,1,85.41
d978c11617c8cb9394b09ecf7c7ff182,1,credit_card,8,360.16
cea264d1835395ebe139f481d4b3fc5e,1,credit_card,1,36.84
"5fd99401d1c6e62d94afee10a1820622",1,credit_card,1,154.73
ffcbf9b4459704e9185c5c630d11b69c,1,credit_card,6,137.14
"7cca5693742e71283e91fa168a88c0c1",1,credit_card,10,109.18
"09c636e254bb18eeef943452017249f4",1,credit_card,4,240.31
"3024eda1729b9daf946125ec8c271a91",1,credit_card,1,60.46
"427d1fd357bbc9330885c3e8f1c85325",1,boleto,1,58.62
"938eec02edd60b9aac62487718732066",1,credit_card,8,201.95
"6d384db975cc03a67526dcaa751e55fe",1,credit_card,1,87.58
"748f5318aa38169f5901337bfec3afea",1,credit_card,2,23.46
"6b6c8c20c473b8fced5eedb045396331",1,credit_card,1,92.83
"83a606acc4e6248f7fc570a3887cfdd6",1,credit_card,1,57.77
fee04510f8e4bd36d10789bdbe55eae2,1,credit_card,3,68.89
a34ee4377977a9fb56e0f98a503f0dda,1,credit_card,3,149.51
"4cc65e8e0ab1879889ab53fbcd422978",1,credit_card,1,50.34
"779cba6c6efdf8af5d1ac4c94fdddba8",1,credit_card,10,105.29
"1523268cac9326ce1a5fbac7f88a6f20",1,credit_card,1,217.91
"728d0d2a7f33afc28a73a8c3205072b4",1,boleto,1,30.13
"3206db48a35131540e67f96b35a30ceb",2,voucher,1,20.00
"188e0ceeddc1fff39d55d96545c912c2",1,credit_card,3,35.24
e0d4f16621f76377959e79ecd61f69cb,1,credit_card,7,185.92
a1e28dc56f8cf4e569b82f93dfe131f3,2,voucher,1,49.10
eb620e3dd98cfbaa9f054dbc60758764,1,credit_card,4,140.63
b36f6a292525ebee68392ea412e750c2,1,credit_card,2,126.87
d00fc126358622ba5ae0ba1a334b3bc5,1,credit_card,3,647.54
c989e24c9410a2b62a87193404fe2142,1,voucher,1,66.87
a0b6cb4f5458fd8d26744db7530b6de1,1,credit_card,1,109.02
"8b3bd30a8fe107026953fde99e95e351",1,credit_card,2,549.78
"5572d4ad6969040fe377a8d6be53c0bd",1,boleto,1,91.97
dc5287133fa7ba014e8083e381bf8270,1,boleto,1,92.87
"67ef896d205bafce2b0ce685b7173d43",1,credit_card,4,196.92
"2b9028857f54fa9bbb2a049cd5948d15",1,boleto,1,81.22
"0c2b0060d3c030936fff3266c4224733",1,boleto,1,87.36
"16cdedbb1542ddfe411a0b979b43aa64",1,credit_card,5,112.02
dfc8f9a5ad0aeeca78deee699a7a570e,1,credit_card,7,115.02
"9f80bbd59f6be97485be347f2da1f1b7",1,credit_card,4,45.82
d715a52ed67662a1f4fc1d94e68b2ff0,1,credit_card,10,174.78
"3f090361c1e3266bf3dda7a00df3c0ec",1,credit_card,1,28.88
d0b29bf966cd5fc8d2b5274157396dd9,1,boleto,1,55.78
"64bea65441db4c3e2817c4986436a56e",1,boleto,1,409.54
eb792f8381af26c29f5976437239c812,2,credit_card,1,16.13
a8349221f179d6b9b634e38c3e2c800c,1,credit_card,1,73.78
"7133cd362a0471dc79e40be4dc66a410",1,boleto,1,33.68
f645a340daf39e04d6d8ae3e04f99b5c,1,boleto,1,100.95
"4d4c70fd93cbc8282de897a5bc68e7b6",1,credit_card,10,598.71
fbd969aaf28de4524d590d37fd10b894,1,boleto,1,92.73
"9e4b884a908c8fd41a0fbe60c53b58c2",1,credit_card,1,199.76
d79454599de55e5f2f3bbf01e51f6cd5,1,credit_card,4,188.00
"98efdb0084c7e2b9fd4e49729f5215ff",1,credit_card,6,63.68
"376a342d70faa7a733b871acc701def8",1,credit_card,1,42.10
ecece91c3d1b87ff38070137b454c50c,1,boleto,1,96.95
da5d2d1110b8d715a8e0b0f34e8dc744,1,boleto,1,102.03
"6e6527028de694ccade37f5a15a6d84a",1,credit_card,1,66.67
d7d3d5db0f040ecfad8982f09f73d075,1,credit_card,4,44.47
"9fcad3838e74690c9782fb51a4b1a19d",1,boleto,1,59.36
"79c786a94283e846deec8681219bc144",1,credit_card,1,76.19
"65c3a33271e3070af95cc3c03018871d",1,credit_card,1,36.69
bd6fa53d62af230d53ede4b80c3b82ce,1,credit_card,4,119.48
"962aeb93da677a2ce2fdb8e771e4668e",1,boleto,1,30.00
"7b69c36bb030670f6cdf3f18ef627824",1,credit_card,1,39.44
"8b97c0c23ba312bae65d2f014d6700d7",1,credit_card,6,321.57
"05981a7bf1a18eb991af55a8a8dbdf83",1,credit_card,2,29.84
db811126381db2d82359d6872e2dacf4,1,credit_card,2,220.02
fd654135e9d2b7c59f1f301c8b7eea44,1,credit_card,3,154.13
"6886aae7a8428ce1fa707bc8fb70acf8",1,credit_card,4,48.13
"305117a349bea514f1b57f0d17aa7055",1,credit_card,10,164.22
c804674d437b41cf864db4bf8b66fff6,1,credit_card,4,45.00
b547355b98adcc9a318e3c1c386fc737,1,credit_card,1,105.38
fa5e15141bbda711d3cf04222db75d2b,1,credit_card,8,181.78
"75eb720aba307ea0205d0e869196784f",1,credit_card,1,1427.58
b60e330e00299aeeafa976b885447190,4,voucher,1,6.14
"82ddf38783ac58b33eb4a6e617f85a22",1,credit_card,2,72.05
e8b6b776c3fea4d15b0334a28cdf79d1,1,credit_card,5,269.75
"3eb95f6a896852d771ecaa56c4f02349",1,boleto,1,313.53
"4c520618a0cc5957cd116b12a553770d",1,credit_card,2,74.03
ff027db47fd74b1bcf2dd6c24f0b809e,2,voucher,1,89.64
"785ed304440ca3ec9d982f8bde46fc54",1,credit_card,1,73.47
b2ae55d11609779855c398bc2bd74fd4,1,credit_card,4,113.40
b7c0da6da0a4987fd0b793c77ebbb06a,1,credit_card,10,128.46
"863ed82a296435f3a4d1a4b878450a5e",1,credit_card,1,36.40
ad46543febeab4e4e1f1aab5a3ae28db,1,credit_card,1,39.78
dbe5b409519c5dfb85b5b0955913e5af,1,credit_card,5,105.66
"30d83b2cef8511e3a93b265bbaf25ae8",1,credit_card,3,102.11
f45d992f8c9a6be367fa7fa47feb268d,1,credit_card,2,118.93
"90de07e389ed6cd973ae93d5b36f159c",1,credit_card,2,166.81
f1c86b9191896bcf9077ec22b6248153,1,credit_card,1,15.65
"3f28cba1ce719f837889ddbcd88bcbf2",1,credit_card,3,163.26
"6c6f13dc40d95be45c76aad771245a15",1,boleto,1,199.73
"9434dbf9745b53e6da97527b226f9219",1,credit_card,2,103.50
"5782b3af52f3953fec44afe27ecd1892",1,credit_card,1,110.89
"97c8513f2504aa8ec05534307a703dea",1,credit_card,2,25.47
ec250576de989120ce229e49bae2e72c,1,credit_card,1,115.34
d33c032d00c773cc76eb9a20732ed4bb,1,credit_card,3,74.63
"972de859f5e4986651981a283159a3b0",1,credit_card,8,1139.27
fe20459ba8839f9d9a187ccea24bb24a,1,credit_card,2,157.22
"0f0786fde25cb2b2b4cfc59128ef8f83",1,boleto,1,75.24
e5ce6669afa4ce905d1118fc127ecd6f,1,credit_card,3,76.36
"7851495947d26fc0c390eb65975d2428",1,credit_card,1,121.39
c608c480ac442c0ee8203c097fca5f3c,1,credit_card,4,40.86
e3ea7db75c57be6a3779176cfa7802c3,1,credit_card,1,3.21
de5663895e88028a4c5a84d46b7475cc,1,credit_card,1,32.43
a4431cbd79dbddaae7988ce6091cbc3c,3,debit_card,1,20.00
"03f0acea43a6fd52d268e13d9ce98fbe",1,credit_card,1,148.45
"00e4050fe32e786290a29c61141e979f",1,credit_card,4,64.00
ec3c3d2c60257d3b6a6c4ff3644f4fd8,1,credit_card,1,52.04
edf0616bd376b3416b676c10dffad049,1,credit_card,10,165.51
dede3c730917196be4447afe5e985528,1,credit_card,4,99.43
c73399c02f2f40ed90801855d7c6ecae,1,credit_card,1,116.94
"2d42a5a4d209118c2023d643833be818",1,credit_card,6,75.54
"3c58bffb70dcf45f12bdf66a3c215905",14,voucher,1,3.64
"29e2ad0dc7d3e40270b43dae7133c30b",1,credit_card,1,83.16
"8ee64ebf7fd7699c94078e53d92ab768",1,credit_card,4,145.94
ad86b0d3d5cafc39d8b70a248b46cfa6,1,voucher,1,95.99
d6f2b22f3f3a929ba65545667610d26e,1,credit_card,4,215.98
"15a67f90313578833383de224d57675b",1,boleto,1,156.06
b74ea2b3c3e2bbe005621c14ca939889,2,debit_card,1,98.43
"7ce709f07a1593a395e419ec63e8a766",1,credit_card,4,100.33
"6e3083ad9ca7d53cf66f1cd74bb3d67d",1,credit_card,1,287.54
"23dd5794f9e689dc3862270739f8659d",1,credit_card,3,35.00
c501bcc74df5ad09bcabd7774b6ae383,1,credit_card,3,158.65
"4186d97cef6fd694f27860fa65bc53ec",1,credit_card,1,39.23
b1f3a8cfd8b6995035f80044f6ffa85b,1,boleto,1,123.00
"058b47cafcb62845676917a46cf732e4",1,credit_card,5,84.20
"67a229f0ab226f753f52634f1e6548a8",1,credit_card,5,56.43
c63edca63dd5dca1b64cdb6576c9de37,1,boleto,1,64.82
d22be2a4da2ca6e4cf8f164d63f5be02,1,credit_card,1,90.88
"08b3dc9205759c9df94d231f6257b344",1,credit_card,7,354.98
"6ff688a972f3aed0188ccd2e29734c9a",2,voucher,1,60.29
"1e91914c9706a5d4665b8c5a6294b107",1,credit_card,1,105.94
"7ebf85bfac2ce83f0e584e02a6f225b4",1,boleto,1,33.05
bbcbe43eab7a6c93f7f05992378953d3,1,credit_card,1,75.07
"6f6471df0c58534cf3912656d77d46dd",1,credit_card,2,86.66
d1da39d6d643a11a4083de84d30996a9,1,credit_card,4,70.16
"3be3bae6f665380f803dc59c9053cf26",1,boleto,1,66.69
ba75e370e47503142da34eea6301546a,1,credit_card,8,379.32
a10b332599146f5dbbbb25f38dd85fc1,1,credit_card,1,72.14
"0108fba93678555ad1cec9c267848187",1,credit_card,3,219.12
a83c5c172d25f80a91e4506352d2c412,1,credit_card,10,215.64
"5bc4d0aa53124192dd06058bdf74a6a7",1,credit_card,4,323.79
"9975d8efcc8e0ffd4ebb4b3d16592110",1,boleto,1,171.35
"0c2b241aa0c85f5e27ad334225793b87",1,boleto,1,314.04
c4589f9bf514a6f65302fdb08ae87b6b,1,credit_card,1,96.42
"1ea60cf2b1ad4c7cadd53912fb35a0f7",1,credit_card,2,57.50
"9b24c8496d87684865617cdb3eff7065",1,credit_card,10,177.89
"55e437ea6e09474dfdddee9b983aa798",1,boleto,1,38.17
fca08869e5ebde633b5183dfdbc8e1be,1,credit_card,10,203.05
a64ff6ad7d023ed734dca48c924c0ac9,1,boleto,1,39.09
b826bfdea5744dfde2f59560ca882533,1,credit_card,1,104.59
"3f3db9c8cc4092015241bc6697ea24ef",1,credit_card,2,29.43
"056ab23f23c13e810d9ab8cbf9fd477d",1,credit_card,2,686.09
"2705b0c3085b59e58a22b5bed23ea614",1,boleto,1,189.26
"2ad9cdb77592cde1ce1ae1c771ecac8a",1,credit_card,6,63.27
"382a503d9d9928675c03cb26ea99b262",1,credit_card,6,61.75
d2d690bca31c33e38a006ee3b3b62c94,1,boleto,1,356.06
b5f5561bde462ba1bb5b15e5be5b6bd5,1,credit_card,2,100.24
"05cd5649410dd46b0467669ff19e294b",1,credit_card,2,189.37
"18f924aff0390f3ff473127ddecc73a0",1,credit_card,3,113.77
"0d19bf95af32b57fe7835825f4b0fb3a",1,credit_card,1,51.43
"60d9a5e952b00c9a481aa0e3d641b354",1,credit_card,2,369.71
d279d0537eba57893e86d387ea58d4a4,1,credit_card,8,297.83
d5059794ce5ef544e6c29ad80d4785d4,1,credit_card,1,19.95
f1d5c2e6867fa93ceee9ef9b34a53cbf,1,credit_card,1,0.31
eb950cd1b75b3139b29d4926906d9ced,1,credit_card,1,75.68
"9ede1353fa011bed8de24d379d612305",1,credit_card,1,28.40
"8ab9b41f4fa44e65eabf1c4139e415a6",1,credit_card,1,91.61
"5cd4d921a222793519021a823618a17c",1,boleto,1,63.60
d62dadb35b5c5a30e81cebbc34427545,1,credit_card,2,70.53
"2cec29f99109ce2923276bf06e615401",1,credit_card,1,65.61
"7b2c820a0c74e5a87489ee2463ae2492",1,credit_card,2,107.78
"3aa9ae345c5bf7396e8b237717c470cf",1,credit_card,1,150.22
d4732fc61490420e42d4dbdce8c3c6bf,1,credit_card,4,110.42
bc8f3e9818eb33025b36bc379eebc6e8,1,credit_card,1,116.94
"8dce53ad5166f6c592b532a4cd4e2aa7",1,credit_card,3,111.43
bb9a1bc465b8456a8d36e06370273b58,1,credit_card,3,122.48
"7f9df823add120adeb81bec9c2c421a0",1,credit_card,2,106.16
"1cc1119de21902e3e78c9c2a217a9ad4",1,credit_card,4,99.38
"8d8f12571d339e77787de3a82cedbde5",1,credit_card,2,144.17
"3ad326992786e78625f29c15ef3f54f9",1,credit_card,4,227.04
"2d444d5acef311b6209ba38a423d4761",1,credit_card,2,63.13
"8e031bfad27930ae71c54bd0ee2c0cc9",1,boleto,1,172.04
"19f7c2937f28a1340a7a3c5c64a26123",1,credit_card,2,136.71
b516594d49d0cab100b01fd7bc0b981f,1,credit_card,2,184.15
"9da95e5b2fd14284851567baca5a43f5",1,credit_card,3,42.23
"53fa17c349c4b3dcbbadd8aad2eb559b",1,debit_card,1,44.82
"04401428491f4e0e839e31e835c5e7bd",1,credit_card,1,80.67
"31874b1728b2dc2adbd7ac767892fce0",1,credit_card,4,141.03
"1d8d38e40026ed1b2eb7a2e898c31ebf",1,credit_card,5,496.76
"4810ed84accc83eb4ecab078f19a3dff",1,credit_card,1,46.71
"1a3b6feac1253a77e02f09ec28406057",1,credit_card,2,95.65
acb4c1925f0ff9c7cd6467f5606048d3,1,boleto,1,218.94
eef74475f10dcef7d91f261873e054fe,1,boleto,1,231.27
b73f0bb5877d41494ae4529efaf5474f,1,credit_card,1,88.08
"304420b2003f38e05acd16b80728e66c",1,credit_card,2,193.82
cc6084f06931be9f36e97f21edc3c5a0,1,boleto,1,166.81
b5694945c5538eaf411c76300dd2af47,1,boleto,1,155.12
"47b0e0983b9239a0ac87843ffc19d0a5",1,credit_card,1,122.77
"39b203e1add14efaa6f3dc4b38daa49b",1,credit_card,4,198.13
"1bac02bfdd8111598166cfd80270ae29",1,credit_card,1,69.36
a9a01a2ee8432d4acf4e023f5259211c,1,boleto,1,69.14
"72f27ffd65f4fba572c0fb647e850238",1,credit_card,2,37.00
e4dfcaf56a2c7a993710bbc5d10a3d06,2,voucher,1,22.41
b586660c5402b54547ea145829f65c77,1,credit_card,10,154.82
ec0fa4ef7da067eb3a57abd8fc504352,1,credit_card,3,148.98
bf19011f60f7f394faf33366baf9fa16,1,credit_card,1,36.78
"8566e90365360ba75d5ddc17b90a8b58",1,credit_card,5,160.37
e88f99d9e433a6a8968b38b7dd55b080,1,credit_card,1,28.09
"083a4afaefd6690e5cf5918275c4e413",1,credit_card,1,325.54
a09ed5d1761ac2a730a3447189e6eeea,1,credit_card,1,53.99
"892bc6b7b20e6f3955f2c64cfacac80f",2,voucher,1,71.97
"7e77eb1830c5ca91d26012b8e0fed483",1,boleto,1,175.56
"807a4c5f5dab3090fbad1dd16140f706",1,credit_card,3,77.08
f71e06568edf59fbeb7f65cb4cec3215,1,credit_card,3,177.29
"63fe772cad8908ac3cccd51f4b9c7318",1,credit_card,1,103.90
"8ee8d07f430f05cc64d93f3c70bd41a7",1,credit_card,1,78.19
"3040863957c9336e7389512584639bb5",1,credit_card,10,258.85
"4b2a739ca7263b2f66f54ebd17cf7337",1,debit_card,1,73.27
"2f43f05d6e829ed487f16b1f1cf304cb",1,credit_card,6,266.84
"4d78958305ae68431ebad3b90317b9d5",1,credit_card,1,174.88
"2c3cc72ee484cfd2c93077c0dcb18c06",1,boleto,1,1020.78
"432ca501b6803f37fe26134bedda2972",1,credit_card,10,660.46
cc2fbd0261b53beb38cfd06e5a482bdc,1,credit_card,10,391.73
"6a843358bc668f6e6b3c4b13de5e1b33",1,credit_card,2,25.77
"3a511b11011bb31230c08bc11f4a1954",1,boleto,1,88.49
b9d8d7815861b6e51ca61f3f81d5b9f1,1,credit_card,5,216.07
ba45b8302387142f547f4acd1c75b61d,1,credit_card,2,163.85
e0cb1558bbe670b4cd84bf99bf93318f,1,credit_card,2,253.79
"414b9060105f0e1590abf0d629738326",1,credit_card,1,189.19
"8a268898598fdef7f8a38b795bc111d9",1,boleto,1,93.28
"9341b903f73c4e68b67416d70236ca6e",1,credit_card,5,113.42
"28e5bb233e98e648c631612aed074a77",1,credit_card,3,315.61
"3440f090efa1949bc4e9ebd0b89b2b6c",1,boleto,1,69.45
d897077d0836ffdc2178d70b3f680baa,1,credit_card,3,140.08
"278cc6221989b58d9a1a74134e0accfa",1,credit_card,3,107.01
"23b9e7764953e9889b44983acf062485",1,boleto,1,206.99
"317c2c773295f70b67e5511ccd55f81c",1,credit_card,3,172.52
b2bd1f09c1b8a4a36940f6f6e49d5dec,2,voucher,1,162.92
bd40646e66e4d98108aeb536cb58799b,1,credit_card,6,440.68
"46bd1a27e10461c5139b6c7fc349b6ec",1,credit_card,1,104.72
b72e264e0ef8537587bdf783c377c3fc,1,boleto,1,84.24
"7c9b23cecbb5797db15c8a34ef95616d",1,boleto,1,95.99
"701a22b8c16c09a0c9514c41dfbf28de",1,credit_card,1,85.65
"6c1973ec6c76306fce68764a46d33002",1,boleto,1,28.23
"300b0559d2d523ea8e5ba8f3f61ade92",1,credit_card,1,88.71
"25111bc563785719a24be862c28c1b4d",1,boleto,1,224.91
"9b8dce6896a07b137779350966e11e99",1,credit_card,2,58.79
fd320d88b0222a59b4216257f02f6aa2,1,credit_card,8,139.34
d44e4f353925550e6ac4d8442f956d0b,1,boleto,1,78.20
b0cb43bc4638d44188430b7d42b35866,1,debit_card,1,62.21
"705bc68dd9abcfe7d39ecf21e897a250",1,boleto,1,148.33
e3c2234f6d1609fa1984094f7e1f05cb,1,boleto,1,117.57
"812f4de54953468bf13530e434f7de0f",1,credit_card,1,73.43
f71952473c83952e23fb55146d59bfe2,1,credit_card,4,253.35
d0acc83d2ff6361a1b46385f475b723c,1,boleto,1,428.88
"32163a3da27e868cf12730227576ff1b",1,credit_card,6,317.20
b3717753b7626004c921e350a7638879,1,credit_card,3,83.47
e8f4435c1db6d7bf9e191fd9bd6a6682,1,credit_card,4,45.78
c3ce241c7faaab3516a3c9a1abb30c75,1,credit_card,2,146.91
b31deef3cfc53bbbf26964becc186cee,1,credit_card,8,95.61
"2529a7e429d36a4fb9ada1b677a5ed31",1,credit_card,3,71.79
ad81810596aa59ceb988de37dc47926c,1,credit_card,2,146.66
"6aaedd714ad6929fc4df8d51bd4cfe9a",2,voucher,1,12.87
f0dd7f3ebe1b0ce1db4e4da55000d43a,1,credit_card,12,885.99
ad850e69fce9a512ada84086651a2e7d,1,boleto,1,1242.57
"1dda4cf38de17d1b18e9132ed692d064",1,credit_card,1,1266.94
"55de7dd020b106e53605a949012b60cc",1,credit_card,3,70.91
"2ebd51880db4914916604caa280ce024",1,credit_card,1,26.38
"8b267a755ea7f8e11012c8d4cb85e7b3",1,credit_card,10,115.11
"8e1e1daffbcfac661558e71878b2780c",1,credit_card,5,153.90
"3123ac94cc04ba74266ab34f2529bd33",1,credit_card,3,136.00
"613b2933438814ff0903ebcd42046b7a",1,boleto,1,88.37
"5381e67ea3b6bfda0cad04e569d1e447",1,credit_card,5,108.76
"7a593091662f42d413aaa255a1da5e81",1,boleto,1,52.23
e95fc2995e8119f6216b0fed9887ef3b,1,credit_card,1,79.33
"86dc6d6365151fcdab6e43c4bd3c2dfb",1,boleto,1,167.32
"5825ce2e88d5346438686b0bba99e5ee",1,boleto,1,179.35
d74fca7ee2ce7587c45eefb0fea95ed8,1,credit_card,24,1099.00
"9b7a83861460257909d451bdab55a720",1,credit_card,1,182.45
"7147bfba27147cf06600e5a1577d3a4b",1,credit_card,6,122.78
fe8557bac7755475950823aa9b15ebb3,1,credit_card,1,87.32
cf6b059f3e677f41c42d6bfd225cc062,1,credit_card,4,91.19
"8880e2d4468f5aae8e21b63115ce635f",1,credit_card,1,78.86
"35df3b4dd9ccd07b51ef412f243e1483",1,credit_card,4,100.65
"1de6e7f62ac6216f4c6b407eaa28d6e8",1,credit_card,1,82.39
"79177aaac7c3c0dd8e8a84db027512a4",1,boleto,1,336.38
"222e1e28fb0988b1d06fdd31082d7625",1,credit_card,1,239.26
"03e53a3c2ea313a49e89aee8f8c44970",1,credit_card,2,57.53
"6635b3b5c0e7f509b5b523f0527b81f5",1,boleto,1,48.00
"9ccf81055013ee5c95099ed3baf8ae4f",1,voucher,1,86.98
a46ca44d1b7cf49a346dbab87d2344ac,1,credit_card,1,28.07
"447e81187647a12bf1a254923877d0ed",1,boleto,1,54.49
bab2b00c7dda561a8e77047d346f36cc,1,boleto,1,251.54
a9e1e09c442625a16637e162f6d212ca,1,credit_card,4,175.77
a1011d45b3b442fc2af90299beb134a2,1,debit_card,1,291.68
"63020d26ebaf7d3f0b7b2a79b9f76124",1,credit_card,2,41.75
"43ca42602028c94663642d3d73db93f9",1,credit_card,2,168.53
b7b90cbf41450180620d92d36ab7e0c7,1,boleto,1,109.80
ab2e9e7981f5ff473ba140849d5129c9,1,credit_card,1,42.77
"2276cb38c742033aac3f4a4d67b57ab3",1,credit_card,3,105.39
"22613579f7d11cc59c4347526fc3c79e",1,credit_card,10,398.12
"6dedf40fe422e8f0ae38641d2ed11f22",1,credit_card,8,358.96
"517ff48f259d8b8c702398a25cbd5450",1,credit_card,10,206.99
fa2d13f8e78f4d76a375ddac6b2d4337,1,credit_card,1,38.78
"6acd3616b7579eb36261469ad2177fda",1,credit_card,8,644.31
"05d6faf8d3942006edf7cbc669faa965",1,credit_card,1,58.82
"5f153c3049d1a1a368e43348928a8047",1,credit_card,2,267.98
"5d2e7157465c583b526adf7d226d9623",1,credit_card,2,112.33
a9b95188aba6b5eae1ff1239714f3847,1,credit_card,1,43.98
"573024ed8dcbdf6407432206a56fa7b9",1,credit_card,3,138.08
aba2813708fd104d3fa9f14fde9cd30f,1,credit_card,2,60.85
b48959225675859f01913fbd8cb4abe6,1,credit_card,2,208.55
"11a6156f787eb963fb211db50db44d99",1,credit_card,10,1843.85
e441fe4a9a90a9174dcecd88671cd3c3,1,credit_card,1,118.60
b66034dfd4925b13cbe0fad3f068e618,1,credit_card,3,91.28
"8daaa56188fbcc1390ce4d2292f614a6",1,credit_card,6,63.60
"6597a54aa04a81a38f7e13b5f7fe7aa6",1,boleto,1,21.77
c99c7b68a239931777d626071e46895d,1,credit_card,2,76.51
c1674af37cefb68196b330a473e46d7d,1,boleto,1,39.24
"901735bbff3acab049ea1854fe0932ce",1,credit_card,2,59.62
"8c08df56684ae2bb49a58393665eee49",1,credit_card,3,65.05
"207bd7ea1f047ff2d6f2e5c70333e4b0",1,credit_card,1,56.94
"50dd2a49e14604137b84567d5c9e0c8c",1,credit_card,1,47.38
"339d0b50bd16829e382509eafd0ba1b6",1,credit_card,3,186.82
"6920ef9156484c35b45b8a13656860bc",1,credit_card,3,88.34
e3a1e64849a8ab83879ffe8a154f1299,1,credit_card,2,131.45
e72e22dce48aaee824371b8e02641f15,1,credit_card,12,1471.51
bb13c50bbe5f942eb71155339687d0c2,1,boleto,1,32.09
"5f39964152b7c80a427cc4bffdfe757a",1,credit_card,2,132.03
"7c9d9d4d723a61250d119c3ba8b1d27b",1,credit_card,5,106.16
"7898e04c6122e0ceb6ad07f8707bb415",1,credit_card,1,76.76
"02d33b6a9d9e61e68ef9190bd30aefce",1,credit_card,2,55.11
"2d8b7efa1e3e13012f43533582104eae",1,credit_card,3,68.35
"6aa761d20ab1c766a9fd060abd448f77",1,boleto,1,27.22
e4c6165044d2aacdc886826704d0ba2f,1,credit_card,10,257.34
"9039dad04728fa0f311e4fe99c906ccd",1,boleto,1,67.50
"937f5e59b0d9e52742045419a31f2000",1,credit_card,7,71.53
"814d6a3a7c0b32b2ad929ac6328124e9",3,voucher,1,9.49
"2da624174ee4d329c69272718b2ba558",1,boleto,1,137.26
"3f6509ff22303ff04b9bf1b2c8bf69c6",1,voucher,1,288.71
"1258254c11dace819eb300c703d74d50",1,credit_card,3,38.72
"3e6265a523641fb92371584458d20168",1,credit_card,4,48.45
"4e2160ff7a61b2bf4fbd2e527ea924d3",1,credit_card,1,54.36
d677832afa9db3b30b1ae12129ef4018,1,credit_card,4,377.00
"98088a1ebcfd4dc68d3fc0bbc0d2868d",1,credit_card,3,87.64
"1852019948d9a47a6c035457a6f71410",1,boleto,1,88.54
"7aad54859be57990ed094ca49a651d11",1,credit_card,1,47.22
"9a9005e225c09281c29a530f65db93bc",2,credit_card,4,95.00
"07d60a76803db63f0ca6708011e8cf9b",2,voucher,1,84.86
"8dff5f86ffac550293fa1de6e64cfe08",1,credit_card,1,46.76
a88fed0457fca64ff6996a284e38c63d,1,credit_card,8,245.77
b6dbd61bb13118766af40ef6a325e303,1,credit_card,4,49.10
"9446587feaf53c5f0050224c099c80e2",1,boleto,1,64.86
"2454a5f6b258e0f1239d6b193c7f2784",1,credit_card,3,98.70
"17547f11b8930d4e945f484ec24b1154",1,credit_card,1,126.33
b7063c39fd3396dd0ad64052b0825513,1,credit_card,1,472.41
efe03a561138a005da4b1e37d1b2ef36,1,credit_card,2,98.35
f1e90bdf367334af6138b4bd29ab5f45,1,credit_card,2,210.74
d7c3bde68818e4f4c44f0641f25c0092,1,credit_card,1,18.80
cf290442e580bf03533aabf4c492b6b5,3,voucher,1,11.24
bdd9b76103b5ce16eb842f7ef68cdc4e,1,credit_card,1,107.27
"6b06cff56425b758a3a3c4746439859b",1,credit_card,3,71.14
"3c469482cf99003bb0246dc0396eafa4",1,credit_card,7,355.32
ac72d34ecba515d07fd0adc8747e1d94,1,credit_card,3,206.57
cf41661584eda445aed5c0534bb31275,1,boleto,1,139.61
"6160672f31a87bdbafd522f69d9e5d8b",1,credit_card,1,115.96
"4de19bb1b286e84a06c1d2eb2954b222",1,boleto,1,43.13
"844cfd170bcdbf34353a0f09b860b61e",1,boleto,1,469.35
a20191650d84d1d59f72139a87207a3b,1,credit_card,1,115.65
"4c9147aeea82dddeeff09c3a170a4820",1,boleto,1,330.08
bc5cea9719955b2337f23a87db809566,1,boleto,1,41.00
b07a843b1265472b48158269f4de8c36,1,credit_card,1,92.35
"661daf8e46d57f5f1b916c80f4129049",2,voucher,1,8.80
"43a111fcb003d002a300aa191914d51d",1,credit_card,5,212.12
"0d85f60a7eb6eff92a2c8363050cc7b2",1,boleto,1,918.31
cf05987956ae425707062444530231d5,1,debit_card,1,57.77
"0ee8a265feb5028eef234263bd7f5c23",1,credit_card,1,120.77
dc3d2c21652c9d91fa3b1f74a3a68ae3,1,credit_card,10,1966.91
"6283d2cb264f76928dffd1faf0f5ff33",1,credit_card,4,444.92
"5beaa4fb9b23df20297e10365bfddcda",1,credit_card,3,165.79
"63c65ef108b5fa957ead39600d605868",1,credit_card,1,188.34
e06fdebc12c0419b48541e02526f2292,1,credit_card,2,167.50
c33c0a34aa2beb75f41a04d1b3905d92,1,credit_card,2,190.75
"47b1306236d4ab3e15acd0a96e7f341b",1,credit_card,2,88.81
bf9798b58294574db2ddd49186ffbeac,1,boleto,1,449.01
cc95eaf941bbc816437c4eb324a6709a,1,boleto,1,224.82
"9699c01a896c01b9cb591cdd6ad1adc3",1,boleto,1,56.69
"09b457f1152126535a2e7d4a3b73ff6f",1,boleto,1,14.08
fc62afb57b86ee5363aee2b7c04421c0,2,voucher,1,96.83
e086a8e8919e918a3f1968ec76281bcc,1,credit_card,4,129.37
"8e96b8e465f71da5a9cde973c3a8d726",1,credit_card,4,314.26
c76aa58bebd46d59ad087870ece70dd7,1,boleto,1,79.29
a3270f2613a807c71433dada7bf3876a,1,credit_card,4,40.39
fd3dec101097b7fd62ae62c0e627f70a,1,credit_card,2,618.60
dbf0ef2523a1685c333401eca1edac76,1,credit_card,5,267.41
"130f48aa69611f429f04408bcce4f2ae",1,credit_card,2,225.03
c262594e0801a04a4946d2f9a16972cd,1,boleto,1,126.37
"1b5afefbbcfd69807bab110d1ffe7cda",1,credit_card,1,47.05
"5d971e980c1ac22c7eea39b173d48679",1,credit_card,3,153.70
e037080aea2d8cf5434282000d67c1ee,1,credit_card,3,55.52
e15ab2ec1abc926192e9da8f7e04326d,1,boleto,1,55.09
"2c9e182f7a193ad787c1e4dda16768c1",1,credit_card,1,82.65
cc0ab0fd1ed4c39ca56a885ae303aa87,1,credit_card,2,99.05
"38e3895efc70d2d46a3b967b8781368a",1,credit_card,10,104.70
"1777f6d0dafb34a24cffac1c7ad5d618",1,credit_card,1,225.05
a46b002ede0857b1e4814c0d12fe17ef,1,credit_card,2,192.14
c2fcd45c45821d4cf9f5bb48db015eff,1,voucher,1,121.68
"7827425b5eac9f9df63f65d9bb7f6a25",1,credit_card,5,268.83
aaddf267c922a9dd81dd0d1ba5d0459a,1,debit_card,1,247.21
b53317a5c07b958061cc1dbfd4ced1ca,1,credit_card,8,80.77
b552bf4c093b6c4804fa08eaee94a786,3,voucher,1,8.97
fbdc60f79bd8d24e2c9187d3404440e3,1,credit_card,10,100.12
"24b41566e32a4a737536859707517572",1,boleto,1,86.15
"528b0083da2525b0b97d6dbc99b389be",1,credit_card,2,119.08
"0494b383f6155152ea987dde9647004b",1,credit_card,1,47.52
a1346a891ab47e8a7be96a3aa992b194,1,credit_card,2,99.23
"7029824369e12a2c4102565ad3f2bd50",1,credit_card,1,35.01
"9e858aeefb0b5b6c5a2e9d0c9ce36df5",1,credit_card,1,30.30
"67b161a02da45b7148b386cd8e8a668f",1,credit_card,5,413.97
e20560466a7eee243aeda872e0e7b95e,1,credit_card,3,77.68
"46f4f24ca77f8bccb2d56ad99d9d9c3c",1,credit_card,1,86.73
b038aba0da1e1ebf55076d3217291ad7,1,credit_card,2,267.01
"42a1ac4cb7d28070b0c76e92bac2e087",1,credit_card,5,153.84
"4515f507dc97d2ae676665ef0b7b752b",1,credit_card,10,104.94
aebdaf13ebfa0d478e200577c665ffb8,1,credit_card,1,108.19
"757c7e312cf79371dc63f370336ed41c",1,credit_card,2,57.09
"24c88e563ba8b5ed9b8b9ca7b72f3016",1,credit_card,1,98.34
"86955b2db2cfd164e4ba01d2f63d0906",1,credit_card,2,41.89
"2fbf5b0affccbe063b648b85eb6480a8",1,credit_card,1,27.38
"7c3568d42d0c0610c6a6c0f864d03b03",1,credit_card,6,61.09
a8375c727655c94388acaf79f017be5d,1,credit_card,10,425.11
"8edd2076400f12faa67a3917145f6450",1,credit_card,1,69.38
cb926a5abfd9b91198cb1bfaea0f4fb9,1,credit_card,5,110.00
"5c5bddc85dbccc2797c8fcfc4aeeb3a7",1,credit_card,2,148.15
d7dde398a6dd964e449d06ce77cbefac,1,boleto,1,39.51
"469bf2fdc06cac665ecf178281ecffbe",1,credit_card,10,104.82
"3890fcf8a1670d214325e87baaa8c526",1,boleto,1,40.94
"3562e5cbf3effd83e186fe72ebb92f95",1,boleto,1,42.03
"6ff5660ec1019c0a3c3f90871174467b",1,credit_card,1,72.05
"45e79fa69b23419e19016e668732bd03",1,credit_card,1,37.90
a1e339ab5b57754551c63176e6d98528,1,credit_card,10,243.51
"081857a1fe99545a55e83b3b1e8a8ce0",1,credit_card,3,62.45
"5f0b0782790ceb15a39a61c73e13df9b",1,boleto,1,40.78
"2d58fd72f5132f237b78fe897e578603",1,credit_card,5,163.79
"11d4183301045a75d359c663b8804adb",1,credit_card,1,234.08
"35cf9be605f7018e3827a0349b1afaad",1,boleto,1,114.83
"64dd54dc9a6a5103707698f5943c3ab9",1,credit_card,1,40.01
"87e81e96bb33e3163f7f8ed4123b6787",1,boleto,1,58.63
bff2ec667a2227ed2cda0bfdde817c4c,1,credit_card,1,26.01
"780f86cd429a9039a91710b350accdee",1,credit_card,3,87.81
b330ac45859df51adcd01c1c5257b231,1,credit_card,2,1013.85
cfe6280cb115ade27e379ed940db3f1f,1,credit_card,2,227.23
a4396e55c140360b67296ee34f56752c,1,boleto,1,189.24
"2c9f9957886293ce9bc43dee12fa1adb",1,credit_card,2,130.93
dc96a12713fb7cbfd8feac4ab0b8f2a2,1,credit_card,1,305.58
e9d368c231d559667f6906ba8421d74e,1,credit_card,1,8.88
b8145816fba4a277273c08ab21aeb7bb,1,credit_card,5,283.12
c75dfb74f7e634744d13799759233b78,1,credit_card,10,1821.87
"06b29dbcb820a53c15525933a91ada27",1,credit_card,1,110.69
ff0e955a45ce7d823147bc51559f7b8b,1,credit_card,2,27.68
"9c03be1087488bc61d88e75ede43d760",1,credit_card,5,214.13
"0e3737a398f635ed0c0957a0320781ec",1,credit_card,1,188.94
ef91e98c27841eead891942911000752,1,credit_card,1,50.29
cf9df38ea8a894e959f635c3fce5b739,1,credit_card,8,214.65
cd4b336a02aacabd0ef22f6db711f95e,1,credit_card,1,37.77
e2532fe843f45b7a1aa7ede9474ca960,1,credit_card,1,25.75
b38b3526b8b8fdc807e8a0a42ab78573,2,credit_card,1,3.91
"79cf912a5400bc81afe059c04cb42e29",1,credit_card,4,228.60
"61a194ec0be86b956a275ea1fd86023f",1,credit_card,2,119.48
"1bf38e3450f15beeafbebe6e0665d612",1,credit_card,8,250.32
"94ce92b2f82292f914ec3cdc04651953",1,credit_card,1,154.81
"7ac910f78c4cf862326b6372c1e30ca8",1,credit_card,1,44.26
"18803fd773602aa97d59a2d49369ee1f",1,credit_card,6,181.52
"34f9adeb19b3048fe136cfc0fd8340a1",1,credit_card,2,235.92
"8c404744f757953fce7d97630970d045",1,boleto,1,74.08
"3547dafccc4b24ae123707474fafea10",1,credit_card,7,152.72
f81e7bc51080d4db48858aec6c69283e,1,credit_card,5,386.33
d7bd0e4afdf94846eb73642b4e3e75c3,1,credit_card,1,67.72
cc69d0cbc95281b9e751fe0f694ecd7d,1,credit_card,5,255.33
"9c32ac1b13a37b06f03369ce3e4bad5d",1,boleto,1,252.82
c966e6db0bc28a9e977974aa51ad5d61,1,credit_card,4,41.22
b198ccd6b70f2462922861e8c5a571cf,1,credit_card,5,501.92
"133a94aa41cab8ad1d4cf02c2636b9cc",2,voucher,1,8.48
"48f2d0b950703bfb145b7c3c0641b4bb",5,voucher,1,8.88
"7e8946ff7380632d77de6298460ec652",1,boleto,1,166.17
f5c752a78da14f68db4afacc9d3c61d3,1,boleto,1,74.41
"9519371e37eebc065ffca4a20134aed7",2,voucher,1,83.98
"9d8eb4197962f028d0a0f9caa37f0402",1,credit_card,3,72.71
"80501e8921c07f421d238fdf268c5ce4",1,credit_card,2,27.04
"43488f856ed3fa3e7d3f8228755d383b",1,credit_card,2,27.85
"62527ffb0a777fcc82e4796cb9cc3583",1,credit_card,1,22.39
b42139457824c80f921388a5655296d0,1,boleto,1,67.53
c0064eb733991511a78ddc2fdba0effe,1,credit_card,2,59.00
"837cfe6109d725950d55450c2121f7ee",1,credit_card,1,41.52
a7547df661853b46be845a86e17e525b,1,credit_card,1,70.72
"33e2db141538ccdafc2be5b0e9691157",1,boleto,1,115.40
b05c8cc769417646081f2cca46eb35a3,1,credit_card,2,56.54
bcdfe27f47e1b9e9cce4d8c2e54566ed,1,credit_card,7,158.51
e4b6c905d44429690681370d35c93c00,1,credit_card,5,280.83
"20f218e0289ef7cb82817b837eec01ca",1,credit_card,2,101.65
bc21aafa31286566776854b064ed351a,1,credit_card,1,84.66
"5d848f3d93a493c1c8955e018240e7ca",1,credit_card,1,22.77
"6a0bbf8742492e0b34832f585d27b875",1,credit_card,7,141.15
f8d16199418f035ea1dba5f6fc4cdfd3,1,boleto,1,43.00
"8bb932f44e796fe5ea0bb0707157461b",1,credit_card,10,306.79
"33b4b136d93aba3984987dc2c213713e",1,credit_card,1,259.01
"4e50ee5ebc37a770f257082adfbeff18",1,boleto,1,56.61
c72e248317c3bee8d95d20602d8f435c,1,credit_card,1,49.03
d5aa77f5eed8acdd598a687ccc27cfa8,1,credit_card,3,173.66
"770df021424ca2a0552fb73c4583e2da",1,boleto,1,112.30
eafabcffc7f9fa583030d9cc7210741c,1,credit_card,8,107.92
fdce8dd7bb4b3a3424b42b3dd0e844da,1,boleto,1,152.48
d8b57220afe3f1416bb889cc0e61aa67,1,credit_card,1,31.43
"6f35836667ade2d13ba10c2b18bfd713",1,boleto,1,228.25
dfaf7d1351211f9eda13848b34364c9f,1,credit_card,4,234.46
d9290c1449b2c21f3c4b9efe267c8173,1,credit_card,1,92.21
ba57c0b9e68de2a41c388368fcf0dbb7,1,credit_card,1,106.06
"2cdcc5a4a3365e4e73abd4d0774f8636",1,debit_card,1,872.74
"7298c59b5da4477e170e4559e3f13153",1,boleto,1,38.86
f43fb0871c1cce25de31e9cc5732699f,1,credit_card,1,33.99
"56dcfb3b5a29fb9edb862287a6c485a0",1,credit_card,8,683.07
aa60b99fd9b56eaff400d62b362e3bd3,2,credit_card,1,15.71
e32a5647b61199db6ed9118d2de5ee5d,1,credit_card,2,163.06
"1c9d3054ad510a747ec88979fc23ba1b",2,voucher,1,35.29
"6e6ba99ba306b937fc7730f3e06cc1a6",1,credit_card,1,28.51
a9ef90b7e8572edf6aa35360c03236e5,1,debit_card,1,66.44
e2bdd50123225ac6e08ff517b00fd06c,1,credit_card,4,455.49
"3f75bd7be63d165465c46b981942582a",1,boleto,1,234.08
"29f5dd847b7db645b7ce75cc49ddb612",1,credit_card,2,61.87
ba6599a593f0007d9c2ccba953adf20a,1,credit_card,1,159.71
"15b8dab55a580b5e02a06fe73862d60b",1,credit_card,10,538.44
a01b8c1afb8cc652c7d3b3d069951729,1,credit_card,1,55.22
d5d94fa0d1e2f561eb38c08dd582cad8,1,credit_card,1,375.16
"9f81e8f6c74d99562869844aafbfe0d5",1,debit_card,1,221.81
f69fdefb076eab898275116d3af13742,1,credit_card,1,38.01
e4d596db544346c4bfb27ed2a0f74c8b,1,credit_card,2,137.08
dba7b6050fd3d402855707a3ca296a21,1,credit_card,6,86.53
d1bf58d8a4537bcae92031dc9506b0d1,1,boleto,1,152.28
"51d4a0d3885b80caea38806587b8fd0d",1,credit_card,10,284.74
"53f5a7f622d498ff3eeb334b8efa7ae7",4,voucher,1,18.23
b812ed76702a2ef99a79eb6a32e410c7,1,credit_card,4,189.60
d6322bbb41a10c3fe6721b45537106c8,1,boleto,1,64.51
c1631d116303f21075fc2d55b4c6e7b0,1,credit_card,1,54.52
dfe489c4a4bbe366cd2217b8503d206b,1,credit_card,2,104.28
"93483f560d46ab6fb3fbf571c59d78dd",1,credit_card,2,149.14
"7bed52ae04d24f8dd5725a005681fbfc",1,boleto,1,107.35
"09a93e48d7e84fa082320df90b072c7b",1,boleto,1,128.50
"797cbe6650a540e0515a523152c7f868",1,boleto,1,237.36
a1154a5da8429ac3461d448de5bc11c9,1,credit_card,5,55.00
"21403027f4ab40334345e1c8626a6a3c",1,credit_card,1,66.67
fa464e66c13ab4ea69b7fb3c7888ea0c,1,boleto,1,45.00
"6e63dcc83ec280b72783617737ce886d",1,credit_card,3,225.71
"5a0911d70c1f85d3bed0df1bf693a6dd",1,credit_card,2,110.13
a2190a9035b404ef0f2156e0f0f06905,1,credit_card,1,92.10
"9c8f72e1a86636d94b7adc52f856f5d9",1,credit_card,2,185.84
"5f4de9e1f0e55dc0fd443e5f4b2b362a",5,voucher,1,9.11
"81360270b5d4478eb5fcc0e12f31cee3",1,credit_card,1,73.97
"064df82a5ad596912cc304c6c72a42bf",1,credit_card,4,150.12
"0095790a64527ec83aeaaf99023c050e",1,credit_card,6,62.66
bf593abe2928b23b60cee1ff3471a4dd,2,voucher,1,25.41
"907b36ec45e03307bb335fc31304b66d",1,credit_card,3,35.00
"378895a1dc15cc571051e1b1c2e0c27d",1,credit_card,7,343.12
d5c37bf9b766c837b99457b183fbe2e5,1,boleto,1,127.10
"045d5f2b9ec233c262c0ba79867e37fb",1,credit_card,10,236.97
acf6e912a8db79e50ddd2fe14628e89c,1,credit_card,1,47.02
"849e77f9701faf689705a0eb09003764",1,credit_card,1,77.75
"88cd032b0694e1962f187443cee16c68",1,credit_card,4,108.00
"78c4c41e23fce373ccb74d07aac38c44",1,boleto,1,62.83
"9b4b42fc4f3a0ff13e896d031a9723c8",1,credit_card,10,108.51
b017cf1ddd183e5b8bff0e7c7821c75a,1,credit_card,6,794.34
e57564c2c135df8c91da6037bd79e137,1,credit_card,3,177.38
e3e71ae706915dade3d9cbcd7a792a69,1,credit_card,2,106.81
de3fec33d957ed53eb71e2b49fc215c7,1,credit_card,1,80.88
"5eb24679bfd5e7264d86f28a7b1f46a9",1,boleto,1,73.85
"55d18e6e778d8bbc28aff36ab14104ba",1,credit_card,6,61.77
"12fa50e9b3497a5f841d7d38ca388d76",1,credit_card,5,156.60
"39ce67c7db740ee02e0c17fc02b0292d",1,boleto,1,132.24
"7d38d0b8ab96504f2f2058ac3f01710f",1,credit_card,2,172.19
"6e585d7418d756180db763b08c37e372",1,credit_card,2,44.99
"9320275e627cc0d374f04e77e1ee2f0e",1,credit_card,2,197.95
f2cf45e30b7281798c16050559433fe9,1,credit_card,1,7.19
"08c6e1a2fd34f15d601cd3e006378da1",1,boleto,1,43.13
"6ac13251ad16b89d0610936bbe6a4d18",1,credit_card,2,101.74
"250dcc4b34da378ac9a5f3fac0a67726",1,credit_card,4,41.78
"0baaa859b7ff0b4d1f674a1d5c3049f3",1,credit_card,8,436.49
"437af138254343c9da834bb2a8eaf540",1,credit_card,2,151.42
"0b8e8a083ebc7823271b2618f31eb1bd",1,credit_card,1,50.15
b75e305d05101f6e3be82f6a07adf840,1,credit_card,1,96.95
"5f649cfbd3c5dabddf7f9ada09b90edd",1,debit_card,1,72.18
f47e4063d6bc1a7b8ae44e93faa70fc1,1,credit_card,1,145.34
"01d80471e02a3ba49c8e1d0abc2c1a64",1,credit_card,9,91.23
d49132be94be94057aadb0fdd665943b,1,credit_card,10,1027.00
"3a6d41a4fe7a8e841b7c8e4b77d4e301",1,credit_card,6,69.12
e6b366b1ca31e3d1a57113196398f8dd,2,voucher,1,50.00
"9e36f21498b2b9e43e2cf7c86fe7e07b",1,credit_card,10,507.98
a6f6b75dad02327bd16a4d391963c579,1,credit_card,1,42.26
"48e7963f79e6edc66ff1730ab512fce0",1,credit_card,10,748.27
"9b1a8e953b41b6ac01cf5068dfb53138",1,credit_card,3,62.37
"6c8221844e21df82eaa09b45f2ca47b7",1,credit_card,2,66.67
"83f55f5d7e22a8596055a21842312edc",1,boleto,1,103.63
"828e12bc152ea9891e8941d4530326fd",1,credit_card,5,55.01
f14a4d4319ffc65a920a962e0532907d,1,credit_card,1,68.27
"2d7bf1651f60d1ac9e1be74a075ce01f",1,credit_card,2,126.76
"970faa2fc574e975f2badf8b2783c112",1,credit_card,1,102.64
f0950a8d82cf4cec34b8eab654139dad,1,credit_card,1,29.47
"016e4acfc34b9f2abc69795f47c92f0e",1,credit_card,1,52.78
"6f2241a169e16e47cdbe68ce9d8c5865",1,credit_card,5,77.57
c07532b3d125445e52b55819958090b3,1,credit_card,4,116.80
"69b0be01136104a7de9c37d9f0a69c32",1,credit_card,1,52.47
"328d856c33d24e8aac1b90367ae7cd3a",1,credit_card,4,77.90
fdbe86571218c28f0e4259b726b1bd0b,1,credit_card,1,61.71
"212ce4538533ab322ea417619c2f627d",1,credit_card,3,148.06
be0aa376bf962730ff1c95bd96db95c7,1,credit_card,1,71.39
dc75b1010fd4556e765a7a5bd7d2acb1,1,boleto,1,364.10
"7f40591eeef659da2bc93d2735fa9476",1,credit_card,1,108.56
f8c9df743a18aeeedd550486dbe39689,1,credit_card,6,61.48
"8f4af0beb1760e835b5a30e97e8920f5",1,credit_card,1,27.07
"4bcbcf602dabf7e71c109b2590ff3209",1,credit_card,8,167.31
"3689526fafad22de181f6e9230bb4d49",1,credit_card,7,70.06
f6b737b2892803a060990f8483c2f014,1,boleto,1,86.15
"413161628976daea9b5a74b5f93fe767",1,credit_card,4,202.16
"9d6127ca58b32bb6c99618d9a034d216",1,credit_card,7,165.37
"536ed688b4241b1de09816d56b845537",1,boleto,1,122.17
"556d7ec009cdd5ae19dad069c808ad9c",1,boleto,1,168.03
da051f6d0cd445a2e8bbdcc9e8e189e7,1,boleto,1,115.94
"079f16689c29acb6cab92978e6af2137",1,credit_card,1,69.90
f4309c5ccc24874aba5de216dc1616f0,1,credit_card,2,46.11
b1e54b4e95f856a38246ab5a53b59dbc,1,credit_card,4,210.29
a077228a07e8b9b735ffd87f50d423e1,1,credit_card,2,22.77
"1a3ccc1695931b2cb7a95065e0c81e4b",1,boleto,1,156.46
d0714b92348bdff5af0cabf84ae6c2c0,1,credit_card,4,187.24
ef62be15e919755500885ea4b14c86c1,1,credit_card,1,88.22
"89d32b64af005178b318f76cd60f2c3c",1,credit_card,4,104.11
"9d9b9f1853aa3afd7906d3c011c49775",1,credit_card,3,107.78
"09a83ffe176e7f00f3b93584ee9fb07c",1,credit_card,8,339.88
d436f5387d49c35277311bac09fd7d03,1,boleto,1,163.90
f655ae6fff7b523b34ac845cd918b87f,1,boleto,1,165.40
b06c3d4fae307a68fd3a91b94e4fe030,1,credit_card,4,71.04
"42f588ddba9adc3d28e2f48face444fc",1,credit_card,5,144.82
a3881d763588c17dc4e258628e6951fb,1,credit_card,3,321.34
"53712f2beff3a9f5bc14e79f68023ba7",1,credit_card,1,34.23
b2bcc44cd738d425393e6268c29f096d,1,boleto,1,39.59
d1158619ad4cc6e0de905250f28ade12,1,credit_card,4,128.08
ebb2508786c36ac5d029c3a1d94357e6,1,boleto,1,228.88
"7afae2eaa778fded3e2b0af2256d0f7f",1,credit_card,1,47.10
"769d812b1dd036eb0a69578537ff5320",1,credit_card,1,92.68
"2cba3cbb6058bc3efbf3531e9dcafeb5",1,credit_card,8,199.00
"9f7b080a95ae234fcd5614181167f158",1,credit_card,2,56.10
"780fe22baa36991bdbb1559f5b549596",1,credit_card,5,52.51
"1e6add8e062fefaf389db3e1006dde0c",1,credit_card,2,143.32
"609d36dbce43c3ba5232f83d58381f00",1,credit_card,1,243.23
"2aad3ba5eaa0bcda42cc8fec92d395a3",1,credit_card,6,128.02
"74131c82f1f2851457118d475695b53e",1,boleto,1,22.75
"2d88faf08d61205e21df03548b98d88b",1,credit_card,1,70.81
"7c05cc46380212da89ef95678210500e",2,voucher,1,17.51
d01e92ec32f1236c8807d60c3f01a4cc,1,credit_card,1,89.91
"5a4d230b7d52ada193b2d49bb339374c",1,voucher,1,32.69
a472cc850b21b27f04a2b80546d3910e,1,credit_card,1,38.38
c4c4d6af87a38d11687de496459bb99b,1,credit_card,3,118.27
"4bfccd93522d928f8732e455310da85b",1,voucher,1,20.28
"8fabd912f4e4dd0372ada8ca6633a738",1,credit_card,1,36.22
"4fc279d715281e5ccd53567d959643ea",1,credit_card,4,103.93
fa8cbd21c8617a2e568d5e448d8216bb,1,boleto,1,60.10
"03ad48120321b06697272dfa53deff2b",1,credit_card,4,91.03
"5e55906e7304b26321bddd2cc7c89680",1,credit_card,2,175.60
a1ad76f125118edcc2ba7035e9a59c7c,1,credit_card,1,269.40
"80cd254ae5eface5556a1e1e826936b9",1,boleto,1,217.67
"77e30dea9bbb161e9d91918418f4aafa",1,credit_card,3,77.70
d43f8d7052d9022a8fe3a804942298ce,1,credit_card,2,152.16
"4efcdd53498c7239ee47b4a8d8a01b37",1,boleto,1,44.23
de09e6c4676182436c36ae4f25bd78bc,1,credit_card,1,53.62
"2f7427d25f9d7b23677de76f04079e0e",1,credit_card,1,28.08
"9b045cde06f6adb6f6187e2119c89869",1,credit_card,3,381.53
"6c145f7b5ab27b741ba7b277df44237e",1,credit_card,1,48.78
e9a08885cc40da402fb893c56e9d27ae,1,credit_card,6,308.42
f9d9c91f3bc0804469f897454dcf2a78,1,credit_card,5,180.58
aff48f2bfd2432bf92264b9308c424c3,1,credit_card,10,309.99
"3275a8f39d7083740fdceb655f9220a2",2,voucher,1,9.02
"60323d5d6b118bf317d7bd5ac0dc9fae",1,credit_card,6,69.18
"08f6cddc0499702a4dbbd26f2b04b986",1,boleto,1,193.02
"141ad0192cfa16174e4fd0a1a7e7ba4a",1,credit_card,3,104.08
cd746a0e172f3aac198180760cc21a8e,1,credit_card,10,150.04
"94ca38619d7e64f94facac403a99682d",1,credit_card,8,157.86
"2abaeadd36049815bac47f33e2ad3789",1,credit_card,4,49.42
"7326b80e8032981dd916354e7030923b",1,credit_card,1,138.96
efe2108824219f6b3a7e54ef457bc91d,1,credit_card,2,67.29
"19fbc3165fe906b098d02a6bc25d5318",1,credit_card,3,471.35
fe716cfce373a25b4ceadf7e5d410b0c,2,voucher,1,25.05
e3ca9704b9f6ef0eb0c40f669da0d873,1,credit_card,3,85.99
c8bcd3489cda84aa42f0605a7a25ad2e,1,boleto,1,375.30
af4b4e5e7cc290c42e0935df9ff3479c,1,credit_card,2,149.77
a0afddbc8d20cd503b16d30779bb1c04,1,credit_card,2,256.50
"506905ea049bb2c4d984a023b70a3035",1,credit_card,2,56.01
"7b138921061fdd90eace63dea3d27475",1,boleto,1,35.00
"60fc7ade1e92f28d610e6e529997e56c",1,credit_card,5,238.11
"0918b01313c67da779fa4b5356537024",1,credit_card,8,673.25
fb7688c98b85305cf636fb26b2804186,1,credit_card,1,6.25
bb5b7c37dba6e2ce0122da77dc538ab3,1,boleto,1,160.84
"22f3a2b22f414d974640db425514794d",1,credit_card,1,82.39
"85f1556f734e21409383816d518c8101",1,boleto,1,117.16
d54365a56c5a4a3addc1eed046256f96,1,credit_card,10,318.79
"3de2c21eb663e9fe58493944d4e5f8b0",1,credit_card,7,382.43
a57ec1ab15e32bbd96dc388716a9193d,1,credit_card,3,96.65
"587c997793ef2282aaf36ab59a074574",1,credit_card,7,161.48
eb96e626e9e03230dd582597da1a68ff,1,boleto,1,58.82
"5b49cb2d5b6c3ec3583118c9601ff6a4",1,credit_card,4,183.38
"764784b2e19d54da239286b0757f222c",1,credit_card,5,148.94
"30b66faf9517facb67ba9b710f0b9628",2,voucher,1,25.00
ccb48770165d34335e1d156d6d2c6ec7,1,credit_card,2,82.73
cf9e752831e5469f8efc0746767235f2,1,credit_card,3,239.42
"26e05207defbabc549b477ecdd135e06",1,credit_card,3,100.70
"132ab6f8e1c86c21b064ee8832129bb1",1,boleto,1,193.98
bdbe430ba78a7cff2db4ac139372d5b5,1,credit_card,7,72.14
"9cdcfc512d810430e601a06d02c4548b",1,credit_card,1,47.34
"87c883900b2dc61189bb316c6c00250d",1,credit_card,3,203.18
fa4c0ad484374bf0485f99f6a57255a5,1,credit_card,4,125.52
"030c39b681ff2f80d984e9190524a029",1,credit_card,6,64.03
"2de064f9aae25ba56e286d80d512155b",1,boleto,1,67.13
cf824bfb7be97ddda09945f306ce0efb,1,credit_card,5,227.27
ff98857a36b901baaa0dc19c6fcf65fe,1,credit_card,2,55.62
"5e5e4681bb7d9d823fcbe2a440e5c0aa",1,credit_card,1,55.28
a038858b0a27929bcb1da0884afea304,1,credit_card,3,99.65
"3810643193a6df6844afe68e876bae6f",1,boleto,1,53.07
"6f21315112f543e3009995c7d0391473",1,credit_card,2,152.66
"3bb3f7783f2e72ad6c1baacfdc807994",1,credit_card,2,70.92
bf2b54be17b7da2c70dc289ff2ee16a9,1,credit_card,2,127.08
"739e19153280cbc1a87c1a84be1ec4f6",1,credit_card,2,59.84
bab8a3c77d39678185f390e2317418dd,1,credit_card,1,89.11
"6e6242aabab7596add1baa594d4e7208",1,credit_card,10,105.26
"811572abbc7e74051f65e2d072f1b86a",1,credit_card,6,69.00
d7f4c7c033cbbcef2916aaf7b594becf,1,credit_card,1,121.19
"6b44058917b7d56ae8c4ff52f9c65a2e",1,credit_card,3,122.50
"0e659173ebf2a1d39e076be9bd0b2872",1,credit_card,5,52.78
b7023af39501fa62e77df88e2438b7e3,1,credit_card,1,134.38
"8a354bb43e2659551a9e6abdc9d1e933",1,credit_card,1,79.24
"1c8cfd2e1e836008b0ebaa67b1e6e3e9",1,credit_card,4,91.75
a272afa0c4a0a64bfd221905405bd452,1,credit_card,4,209.50
"3ae6c164f9e4222b57e95c67ce981118",1,boleto,1,354.17
ee65c3f0ce51f3d58b772cbc2e662e66,1,credit_card,1,27.77
"5ac2c9301491372ab320f5aa4e451ff1",1,boleto,1,62.39
"7385b2941e1979e84fd27cc6706fa7d4",1,credit_card,2,138.60
"26433be071eb28b998536367c0b2a6a8",1,boleto,1,136.52
e1872a0261b0767b2c8a63400bfe505a,1,credit_card,10,156.76
c7e54cda763ff9e557ac3bc3032a99c6,1,boleto,1,131.75
f78b8a5a2d346837ff5e14e52f42f06d,1,boleto,1,73.44
"5a8a4dc28b16fb90469ad749f9535773",1,boleto,1,321.34
"2f7c0d4ae58c91fc32165eed84560e35",1,credit_card,2,64.23
"2927b6be262c5528b8135e5d330c00f9",1,voucher,1,32.03
"232ea59cdf4f9ff14bad61399d646d7c",1,credit_card,3,75.53
"854f7c88b0fc0c1a45d66a0bf99c90b7",1,credit_card,5,59.75
"541b54f009facbcd67def4fad5d0fce7",1,credit_card,2,206.43
"43143868203ea734e8de41d2dfd4097a",1,credit_card,1,73.16
d488e23d53c0d0e97d2e7ad942e5ecde,1,credit_card,1,49.69
e852413ae756fbc7fe9f6514b39aafdf,1,credit_card,1,90.99
"5a44c448d2ec7d62bb57cf35e6154e20",1,credit_card,1,55.27
a71500bad3f392b20ef73778b135379a,1,credit_card,3,32.60
e9f195e6586d8b704b5bd727b1a2f5dc,1,credit_card,1,21.77
"37ba9866dd63f644c50fc7a9351ccf8e",1,credit_card,4,133.40
"94e1a02f0937bbffcdff479b763927cf",1,credit_card,2,60.10
"4f4da9932bc77a525ca672e3b1b232f6",1,credit_card,1,66.42
"38a747fb2e7915ca7157237088020cf1",1,voucher,1,36.78
"418b68df1336cdb60b7e80c8c249f28b",1,credit_card,1,46.88
"9134e387b7624c08ec40653033d0d30f",1,credit_card,10,212.59
a9ee0dccf5147c8128f6af3083a0ca17,1,credit_card,3,32.01
"6b340dba6060720c85c4727917da3603",1,credit_card,1,35.99
"8ffdb23dc30d4050e387117034445f98",1,credit_card,5,150.89
dafd4cd63e908de9d1d745fee1c89637,1,boleto,1,45.79
"3257d333ee8b3f21786b6270940d1fd4",1,boleto,1,171.85
e481f51cbdc54678b7cc49136f2d6af7,2,voucher,1,18.59
"4dc11c34257c9f9048d839d56ee0a7c2",1,credit_card,2,60.86
d93ed72dc9abec13f2ad4ae2e531fada,1,credit_card,8,140.08
cd2a1fe10642bed9753a95e8f6a54118,1,boleto,1,144.01
"9e4243313a1d4a651bb23ffa6edd96e2",1,boleto,1,165.04
"9cf677fc6e42f8256b310109fe5f2333",1,credit_card,1,132.02
"28249398ab902fae0b07378e03da3729",1,credit_card,6,444.04
"9539ef8ecac29b0493590ef16cb8344b",1,credit_card,1,106.38
"4d3fd3b2bf5c3adc542718183a646bac",1,credit_card,3,69.90
ea272a0dfeb78b446aa525554dc50a70,1,credit_card,3,63.51
"02cb14245fd2ce5926afb2225f28b002",1,credit_card,2,339.77
"21577126c19bf11a0b91592e5844ba78",4,voucher,1,5.47
db16d8eeb2104cc17c8d6ca293e7bbc2,1,credit_card,1,85.14
b8b6924f004e191923963e8ab1655ed9,1,credit_card,2,191.68
"51ee2d580bfba3ac0ba884a8bb098468",1,credit_card,7,148.75
"9b7a3e161d57ce38da97fc1d81a0dee2",1,credit_card,10,381.88
d41ac75d7d2093a499ca5d7252a3e3a0,1,credit_card,1,118.17
fd6f101a1afb677198cf40cb3feb147d,1,credit_card,3,31.84
"81735ad6dd715a3327f0c2faaccfd559",1,boleto,1,78.93
"5968eb552ac0dfa3a19e11d2190503d3",1,credit_card,7,171.44
d93d9db59fc92ea85f60e36901b0d20b,1,boleto,1,253.29
ef4bc8427056ff783a9f404b902a26c5,2,voucher,1,74.14
c9befd31f56327da820200286183ceac,1,credit_card,1,159.47
"846c941773da09ad50f2bb47aae3981d",1,credit_card,6,140.04
"3d7ee397cbe71826e767837af0d81c2a",1,credit_card,2,123.41
"45a0a5dc315fa233270e5c4778e54e87",1,credit_card,2,214.52
"5b26d9049a86fab0a83280e17de710ee",2,voucher,1,50.00
f3513eec8f1434b5b7e04ddf3598df40,1,credit_card,8,258.91
d5d287f2402efa84433646638d83ffef,1,credit_card,1,12.25
"44bbcd212c259d0ce5f8a9eb94084757",1,credit_card,3,80.56
"2e9cc17227ce6e445941902dcbea67d6",1,credit_card,5,302.54
"3d65ef7325cb471f8095e1c0f4537f48",1,credit_card,10,604.34
"0f245604c8cd12f87ac80e1e3ca4d306",1,credit_card,4,42.09
b2e648744e95512d23eed8b0de38d6cf,1,credit_card,3,75.17
f176a8c0c4ffb7157fbf436b5124819c,1,credit_card,1,54.00
"44bf13cf98a0e117856628ee258cd58c",1,credit_card,2,123.05
e5b8c6e3d666c6653f4eb12e402a0ece,1,credit_card,3,160.50
aa253701e17f4db9147a15539bcacfd2,1,credit_card,1,34.79
"818682a31ca442be80d20a2ae4330156",1,credit_card,1,31.22
"9a241cf50d0939eefbc81c1b084cec0a",1,credit_card,1,25.28
ad2650f8f266036c200a50ceb506a8c6,1,credit_card,1,29.00
cbc7e44581d2fd89d19be4699b356a62,1,credit_card,1,121.68
"3444a96bd74b41c9ef9ff23c7ee3c4c5",1,boleto,1,64.00
dde15a46cf328aee71d97753e04f16ea,1,boleto,1,76.33
b88def55d8e39ea8afc287fe308871ac,1,credit_card,6,297.22
"25bfb1b5d3a09e494eeea67d570cdcf2",1,boleto,1,97.81
"16fa5b14f9aa3823b135706bfea357c9",1,credit_card,5,178.67
"7e129ab6f658f6b2eccebeba30d16f86",1,credit_card,9,98.22
"808ecdee681597379a39d3697c8b28f1",1,credit_card,1,56.69
b907517f4d66cdc2f9a7335370a0e073,1,credit_card,2,155.14
"8904df7b2c7b44d20e741ca675815130",1,credit_card,3,38.48
d7c6f55ff58694d44ec72b8d807a0269,1,credit_card,7,145.11
"00e32e413e017e64ff93a9e800b8e1be",1,credit_card,1,322.17
"4d60e5659a5be3b15be731b5882ecc3e",2,voucher,1,40.16
"1a3fb0eb069594b60e454617d07b2913",1,credit_card,2,209.27
"5de49d2694e14cb7d84e7131475e63b1",1,credit_card,6,118.00
"7a47c118c1f2f25fe139e684610c3b97",1,credit_card,2,60.90
"788fdf598d5dbd1de9c4865b1b1824bd",1,credit_card,1,111.62
de02851d6bdb931fe9bc90c4f92648b9,1,credit_card,2,126.24
d54f792bf7c14878fc42ba07c5512ead,1,credit_card,5,262.83
"7fd8bee2cb90a93904966af3fa39ff3a",1,credit_card,5,59.63
"5245b2a0d8f76eae66a2e6c81528e430",1,boleto,1,218.27
b06a6fd759132f4b7e369314ab5ae2d5,1,boleto,1,72.56
"38855925f815a5c3f4ce58f6c6f9113d",1,credit_card,1,113.66
b6db3da1ed3c1f5a82c7e5456e212d74,1,credit_card,10,1185.58
ef5b03340b5839974405018a62e03f29,1,boleto,1,117.68
c72727d29cde4cf870d569bf65edabfd,1,boleto,1,51.99
a294a9571b11828c875657e7ea6d9a9b,1,credit_card,4,92.11
b1b02423c1a2d067772f1f5ae08361ca,1,credit_card,2,71.04
"4fafa25ee16300a26f7ef92f3d15b58b",1,credit_card,5,215.06
"43bf8ef114cb9b805735d15447abbc94",1,credit_card,8,237.58
"790c018ecba60024d3684643535f0e69",1,credit_card,3,142.31
"3ef5c8159bd4605715d1fd6e20cf8137",1,credit_card,7,1257.96
ceac7232b482d926498ad8945b2624fd,1,credit_card,2,318.00
f3f907158aca4357b0f245b5aeb00a9a,1,credit_card,2,57.68
"39bbf01b4fdb433927dd3fa6177607da",1,credit_card,1,22.38
"60ef2f57ad0bdb9491f0d62b4147d7f6",1,credit_card,10,1217.78
"30e20eed39fd29394a3adad92a43f3e2",1,credit_card,2,94.31
c208438a2896fe887fc1b4718a1849ca,1,credit_card,7,72.71
"814f83a0c457db5d3220e5e7367a944d",1,credit_card,4,94.21
f1933830df4ca531d957ee140db7b1c4,1,credit_card,3,170.17
d5f9f12e76db82f85d145c5c5e5b9af6,1,boleto,1,62.01
"4c95e64d87f0a8e6c7e8ffc83767df0f",1,boleto,1,69.90
"90407fc87b8430d3031e48be0d8ddd2b",1,credit_card,4,107.02
"3c97549bb72f1b9c0917dc29d750b34e",1,credit_card,4,166.61
"55d273b56003b6897fad01895ef4f482",1,credit_card,3,110.55
f27659655ff5261318392d03c74da742,1,credit_card,2,143.02
"360d163a85ba5960c9c1f0880fcac099",1,credit_card,2,29.33
"05290ddcf1e8fa2c773e1f37015cc56c",1,credit_card,1,60.10
f205fe90f781292c4c7ea85ba300934b,1,credit_card,2,135.75
"601d20f33163e575f4eb9704e3730c1a",1,credit_card,1,81.78
"1e30d770b3285a068012ff979103c827",1,credit_card,2,291.96
b56c143bc1ca0cee7345b354671f1e2d,1,credit_card,7,1094.37
"60f57fe756bf90250589634133afea3a",1,credit_card,1,32.77
"7efd51cec62c158d2138c9cd808181e2",1,credit_card,10,284.42
"5a43808d42753320e279399cef4c3282",1,boleto,1,128.20
"248ecd132184e324749f7a4d42724ef0",1,debit_card,1,163.58
d7e93c4406d75d381ca84f418c951d9e,1,credit_card,2,126.43
"7e8a02cddca8f2dccebedb8b6b75ba5b",1,credit_card,2,98.14
"549d30fc0378a3645167a900c9ece399",1,credit_card,6,141.66
"99a88492b8134d8d205a366506800b09",1,boleto,1,25.51
"24ee049b7819170224ee7e5eca0494e9",1,credit_card,3,35.86
"32864fe724c9f8e8040000b044c5c77a",1,credit_card,1,45.00
a92b5b0bf2a617da3f9c3b28486798a8,1,boleto,1,84.31
"0198c71148c2e08c7c52b860f640fa4e",1,boleto,1,163.13
"9854c9854695b1856b5f7832f336db5c",1,boleto,1,27.10
bfb25d3267628ed460c643f20b5c19d7,1,credit_card,1,882.00
"4bb508ed8217864a44341f4e5e41e04e",1,credit_card,8,95.80
b42698338d2b2ccf0442a04266178a4d,1,credit_card,3,165.70
"9cd2736eb96c50673ad7bb77faacf085",1,credit_card,1,67.50
"0f375a22986f5561dd6c2a22c86c6b25",1,credit_card,8,103.87
"131f1fe7a8b25ef8d4edf5a639662805",1,boleto,1,112.02
"14a031b045ef8ce4a2b6e08d1fc5623b",1,voucher,1,20.00
e35cd7f16895b57bcfa47358049adb16,1,boleto,1,115.94
df720130627bfe896e4eaafe2df5b721,1,credit_card,3,321.42
"3343cf23583ffaea36e75f03d0893bde",1,credit_card,3,30.20
"90c0d4df184cd39fe38d7b3de0cbd878",1,credit_card,2,134.28
e32090de3a5936c84fa211a2b22342ad,1,boleto,1,122.91
ab9617b6232f2ae10e536212f4525e57,1,boleto,1,75.08
bde296d0d14025c683710f65536878bb,1,credit_card,1,57.68
bd9629bd5c3db3606ff891c6314be67a,1,credit_card,5,108.74
c7331c9cf37d4a3f6b0fbf4bf4c543a8,1,credit_card,1,19.68
f01824599adb64474a6ce441c7b4b0a7,1,credit_card,2,85.62
ca66d500112900d75968df9716752250,1,credit_card,1,40.00
"60d10864996df64e9b7789d51ba03da9",1,credit_card,6,254.41
"3faaec4beaa1aa546c251ae06e326b73",1,credit_card,2,26.13
abd294844f541f770f1dba28105e2057,1,credit_card,1,27.08
"5364251a5919bf6a0aede30159704e83",1,credit_card,4,45.46
de8f695cc30ff739ee50c1209638549d,2,voucher,1,252.44
"48b8106306f7a0a72b4e74eed5635ffc",1,voucher,1,18.25
a5f8c36187658cd37c05515c06cdd941,1,credit_card,2,37.46
e6cdacd5274dbf478d422d7144e0e9b5,1,credit_card,5,250.09
"4eaf389d62c4c959f4657e40550fb531",1,credit_card,2,94.32
b9caafcfce2316e8aa42f6cf6327ff02,1,boleto,1,56.72
"1e988c7630b31701946a24a362ae9dd7",1,debit_card,1,130.09
"70756ed8114e7ea9fa7f220897cf934c",1,credit_card,8,516.66
aed4ee357f34e0cc3ce296eb5829d7ae,1,credit_card,12,207.08
b3e7ea02bc00558f1ee99a2927181b4e,1,credit_card,3,117.73
"09d048d5bfb9dd1a82f696ce9863e9b0",1,credit_card,6,136.34
"2a21642eb927b4754adeffa995f3d648",1,credit_card,4,178.27
e48949fd6c2be8f0fa6dd91af8f0f50e,1,credit_card,3,160.16
"74f192797c07f66f60a676e9280d8c05",1,credit_card,2,140.96
"88f2694778564f2ef3f8dadb6b3584f4",1,boleto,1,68.13
"029b99b0436c25c8de22cb828831ffa8",1,credit_card,1,442.63
a1341cb83bbf1b47392f4a3685d56bad,1,credit_card,1,95.52
b811c8ca07716586e80c0bc4f2a6e39f,1,credit_card,1,69.90
d69bbac5aea344d3802887ca05fbf283,1,credit_card,5,119.25
c00634be8f1613b3019605c2cc96d06b,1,credit_card,1,210.61
"83ed7c4e0711f817afe5a101582b8a6e",1,credit_card,2,550.51
e576bdc500f0c1c9a1b2a3ccce7000fb,1,credit_card,6,60.35
"416c076dfc39af8d2ac638a07641414a",1,credit_card,3,58.05
"6078670865b8c6c400f6f7cdafd0d04d",1,boleto,1,94.51
c93b7187ba63d7094c9ca0ad7c094f0c,1,boleto,1,57.50
c660221edd9f1170175ce048f14b6003,1,credit_card,4,57.39
e6c7c9a857844647e04396cb131c3b6d,1,credit_card,3,67.96
b8dabd1b3ebaab3808cbf73107a61a6b,1,credit_card,1,38.04
"8317d8f8a48f752de4f562843083134c",1,credit_card,1,67.36
"1c08a89405de0c81093b9eff6caf3dbf",1,credit_card,3,39.34
e74d9394729b685d668169c86cd0b30c,1,credit_card,4,229.65
"9c7f8270cfe5b9be15ce3d3bb0309587",1,credit_card,1,31.96
"227881fdf69e55ab7906b7a818dd5e39",1,credit_card,1,46.18
aebf3847ea191c3440ae0e2c159fc402,1,credit_card,1,36.84
"92ecc22dcdb92188d9866d8b120c5428",1,boleto,1,267.62
"0098dbda25722a3f019fe252a0cd10b3",1,boleto,1,165.03
"3122051cc85fb10cbfcd789c0f8afa3b",1,credit_card,6,187.75
"0661cdf16c55936467e8d8c561e50730",1,debit_card,1,13.38
ebe034eebbc469b11fd6836b190dc42a,1,credit_card,3,73.68
"5b3a827693de8853bedacce89b3cc8cd",1,debit_card,1,43.09
"4eeb749b1bc5823fb7ef6af9282ee537",1,credit_card,1,69.67
"2f2d84378c1f56a11a3c7e6329ade2cf",1,boleto,1,217.49
bdfb5638a80d0fa6ec030a921c695a5f,1,credit_card,1,71.82
"5051a95bc31ec72f803d5df48c2a695b",2,voucher,1,133.39
e5db7bda2b901c39641219e0b0112e5a,1,boleto,1,40.97
"7a952bb8b9ec22220fd799cd8f9f8af7",1,credit_card,2,228.95
"60f108ddf1ead83be4c845987f20738c",1,credit_card,1,34.72
"3461c4b04fb9c6ecc30aee1e099bd1e1",1,boleto,1,167.10
c3084098ea4ba59510ba1278d3cee2d2,1,credit_card,1,194.17
"1eab72eb166f0f84fb07b37a5d044f56",1,credit_card,5,75.07
e9412fef2accbb245c4232829673c90c,2,voucher,1,136.68
"2d164bf33635284fdf3ae2ff61a2dba5",1,credit_card,3,56.96
f6a14749cdfa97ee01f2fed27c0c8b3a,1,credit_card,10,242.44
"2b60da7e540bad4d34c080572d334d60",1,credit_card,2,66.76
fd070fd4c20c9565ac04da20f7a1fada,1,credit_card,4,117.05
"4563da819a589eed2f386d177b6e8135",1,credit_card,1,41.01
"76f73aa1ed8a90212ad2c15403e265aa",1,credit_card,5,118.93
"010ab3b1993057e91f825c672375a66d",1,credit_card,6,155.05
"056703c10dcbf4f451315bb1c0c0d7f8",1,credit_card,1,85.41
b5f13aa3a46ca3005d39389331866fe4,1,credit_card,3,299.70
f2a871697115fe3d0619068a8f8eec25,1,credit_card,10,206.31
a7e3fbb3111b4a3c0907fbfad7690ffd,3,voucher,1,50.00
"8f753686e2b205ad19e9cc220b649df3",1,credit_card,8,105.28
aadd7193594d4613a0aa92401c30234b,1,credit_card,2,116.67
"2e9ac33fbda5666e258ed040a2def5d6",1,credit_card,1,52.84
c70cb30c4935057ce1fe28f7f1226507,1,credit_card,4,369.60
ea8d1e7bfa0a8f264082703401aafe11,1,credit_card,3,118.93
"4754d7bc057483f912a675e072cd7437",1,credit_card,3,225.88
"6b688d7c200891c0f00b36cbb2156a78",1,boleto,1,27.27
d7257440e4f74ef83b7bcf3d5e247e14,1,boleto,1,22.27
b8fa6b82124d10ce03fca71fba70a4db,1,credit_card,3,150.54
d4665434b01caa9dc3e3e78b3eb3593e,1,credit_card,5,79.61
dbbf7d93d5012798df65f08137f99a65,1,credit_card,1,90.05
e3b1bcfd93628bc74d612d85e00b3f1e,1,credit_card,5,56.69
"003f9bcc09427647c4b9d361a523545b",1,credit_card,8,238.80
"698f476267deedddbe4ad589590ccae6",2,voucher,1,11.67
"82f89ea2ad8fbfd01bd05c2cddaa1d0f",1,credit_card,1,60.59
"72bdb7d2d182c82df2be2b69493df05a",1,credit_card,3,151.60
"00e6786fee8f476835c151a4d3fa9bf1",1,credit_card,5,175.77
"3c2162c803440f60242b30f84d448ee8",1,credit_card,2,74.67
"036e37b0e268e6087e88d3d7a676c13d",1,credit_card,4,106.76
"6edc82aed8285a03faae5a51ed36eb0e",1,credit_card,1,113.86
fc1f487d0efab2d3865ea6a570eaa9e7,1,boleto,1,136.30
a3a7174a10bf6d3da7d4142311829ded,1,credit_card,10,726.60
c6e7a0810e0020963c7dc5ec9087c509,1,credit_card,3,107.38
"51d99333bb2215b763043750f030dce5",1,credit_card,5,56.22
"69be57561906ffa69960e7b887be6719",1,credit_card,3,31.00
"627d872bac94d3a4276ebd2f708387cb",1,credit_card,8,232.54
"5778366745f5c8c33f8c7f0432373788",3,voucher,1,15.61
b8e74d6ba55f8bb7f2da41273cd42fe5,1,credit_card,3,113.45
"5a896322e3b42b9993f240317102cb0a",1,credit_card,1,453.85
d26e860e3ac65bc579e93d847f16673d,1,credit_card,10,192.10
"34b1c1b1fca85eecadd97c4612423897",1,credit_card,1,30.23
"4b219c12fdb241d6c04908f66f8133bd",1,credit_card,2,373.78
f0eadb6ba0382197c2f94afe7d95e60e,1,credit_card,3,32.00
"93d46ea758b312e44cd1611c3ac69f72",1,credit_card,4,71.74
"12eb336877aa5f2ac2449e22b06ba84a",1,credit_card,1,84.23
"6bcd251ea229d32710e7690cb3641ba6",1,boleto,1,78.26
f19fff48230be5d17b1e9f75b268ebce,1,credit_card,3,75.00
"78c8089b7743de900b7444157de8848a",1,credit_card,1,26.78
fbca6c23232528f7e627999990bbc39f,1,credit_card,1,173.89
"2df0ce07f5323bf3fa5d7fbc0bb28ce4",1,credit_card,1,37.00
e06c6d2cccfbf53339917bf60c317955,2,voucher,1,23.79
"2dc8ae13ff86f4dcefb60ddfbaf43df8",1,credit_card,4,159.47
d07d2fccd1924a3b646f886c6d351c06,1,credit_card,1,48.87
"4d9d469ff1df648081f3e7648d24e82f",1,credit_card,8,304.22
"8dc78af1cf59ea64fd1cbc09304b02c7",1,credit_card,3,185.79
"96006ddb955ba7f1a9e86d986f6149f3",1,credit_card,4,46.86
"7c5ad6209d169012159b05d9eda4a289",1,credit_card,2,137.08
"65a8188ac159451144d490db3a0909c9",1,credit_card,2,134.25
d2f270487125ddc41fd134c4003ad1d7,1,debit_card,1,4445.50
"975a0290ce9c9359576f69b6e00799cf",1,credit_card,2,258.74
f4261614bd20d817d6bb3b181705d699,1,credit_card,9,93.21
f3988a6f6afe000b1617ab4429c5396c,1,credit_card,10,249.14
"4e08e93c7e89957e02292b0bffbf8065",1,boleto,1,124.52
f18209d8f562e6e43f73013f3e9aa40c,1,credit_card,10,246.61
a5f588c27a89f3717988ca093e02ba3d,1,credit_card,8,210.01
"5d7f7d203683b4e7dda40d75e1c4634d",1,credit_card,8,903.03
"00cf47526e0f7920b381b2baf4ecf1c7",1,credit_card,1,74.49
"1b8ad3ea3b815c2a51fe5b7d9a6492e7",1,credit_card,2,72.83
"73df5d6adbeea12c8ae03df93f346e86",13,voucher,1,7.99
"8055e039e3e86f6328082ea948230520",1,boleto,1,102.49
"46f36d95da75ced0462d57df904d36d0",1,credit_card,3,34.51
"6816ae2fd8e9a4a6674dc2eb053da35b",1,credit_card,3,188.05
def0457f3544c33499ba8f27f14c937c,1,boleto,1,67.98
"299b7bf26c8ebb5296830db0f1b2e662",1,credit_card,6,122.37
"0350fc2d00f48ad8a74efdf4d2fd4bdc",1,credit_card,4,89.58
"5efc0b7fe9df7f0c567404abaa4d25fc",1,credit_card,8,469.20
"3ef7c7b43ae449415675a6c34720b78e",1,boleto,1,403.32
b1c29680cbde517fcf3393e77aac6ffe,1,credit_card,3,137.14
ea0f64679be1b080d448187df10e8a1b,1,credit_card,1,33.66
"977f75be9ecd1050220bf0c1ee226bda",1,credit_card,7,140.08
eb1f3da7958fed6a49e424484ba5a659,1,boleto,1,45.00
bc65194ec321d777f6cf371175f8671d,1,credit_card,2,147.04
"6d6dab0b5b471af95c0b7a114b5242f4",1,debit_card,1,32.38
"8dc2ffdf42cced0aea6a7e723bda3942",1,credit_card,5,77.57
"5648c933d209018572eb67390f618682",1,credit_card,6,193.60
"808309c9098aa7aeb4c69b09249329ee",1,credit_card,3,341.02
"1ac975a2e0caad3a89c4c5bbdc8f996a",1,credit_card,10,104.79
b8356f852fca3a72234735d7b7c1c18f,1,credit_card,1,340.07
"06d77e4ba21f283252286b6a72fb8fe2",1,credit_card,5,96.35
"49a2270d839166a3e65a4ce1f1741191",1,credit_card,8,121.70
b83427fcf80fd88d941541011ac876f8,1,credit_card,7,476.87
"4adf97ca6d3e14379dd9e26d2a6335e0",1,boleto,1,23.29
"9d4c70a4fba1638cb215c370f72a1fd2",1,boleto,1,192.07
"8ee04417722e4617f21a0c3e2fae006f",1,credit_card,1,83.02
a2ddc3a9833596493103ec4890b9871c,1,boleto,1,264.49
"33688e8b749940b759d6824ddf7f437e",1,credit_card,4,430.62
df75241689bd24e168f5796f7d7fc115,1,credit_card,10,135.05
"7e92dca255c67a8c5a8516d401938727",1,boleto,1,59.96
"23d0c6798618d5bfc02a9d517e79a641",1,credit_card,1,35.77
d0d30d1f6b48c8e1266d9b960dc191d5,1,credit_card,10,105.28
e085a1b1ca9ba6f5fbde50295ce6b357,1,credit_card,2,70.38
c1f9a3a835ab0d3d2975ab179f78ab75,1,credit_card,12,251.28
"8aa454f4a1257f74aa178aba255e7cf7",1,credit_card,1,139.06
"5504a1a5092b8696eac00711644d4306",1,debit_card,1,122.31
b0583ba2feafe957830cec120a4dbfd4,1,voucher,1,54.33
"5c8f5c5b673cdee6d10b29d06ddf0c13",1,boleto,1,45.00
fcfb5461769cc63d4c83cc3dd5c2ec55,1,credit_card,2,83.45
"8d40792ea358f1d5c975203262ee7b69",1,credit_card,1,49.17
b6918562ae8b764ad6d0022da12051fb,1,credit_card,2,154.58
"4bd891688089fefa2a88b0c0da2ce5d2",1,credit_card,10,927.22
"3d47aacc4c27ad170b1004695eb0c359",1,credit_card,1,87.38
f386ab31f2ffcafd65304e199111d3c2,1,credit_card,1,30.86
"926c3141255b4979a0e74dca67a38216",1,credit_card,1,56.10
"470ae997eff151effb3503add146880b",1,credit_card,3,917.80
"2de7baec7f43b0d1d11acfb14aaa7e21",1,credit_card,1,75.63
"39e9813f11fbc948f71cfaf189976662",1,boleto,1,38.42
d4868446e3093ed6d2174805c3e64938,1,credit_card,3,55.00
"5f12f5808949a84f28f6b6efa02a77e9",1,credit_card,10,320.01
a123264c1f8bef4f19be2d4245017920,1,credit_card,8,1798.01
"3d536bddbad51e46b6bf390bdc17cb04",1,credit_card,3,103.23
"95f4e9b4497d4252fabb3e69e0f67ce5",1,boleto,1,134.34
"80759217e6015f8b5a0582f6f216bb09",1,boleto,1,42.78
f16cbac8a72057c2daba4b64662100ba,2,credit_card,2,400.00
"34c2c4f024cb4f1fa2209be39f42ccbe",1,credit_card,2,25.00
"079ad290e98bc46b5d7e0ce9fc15af1b",1,credit_card,1,77.86
"8bcd360929ad5418e71ce8a211ceb57b",1,boleto,1,96.61
"931710bf1c2734343942b71b08db7adb",1,credit_card,1,172.95
"760209837cc5c577075aeb32eb2f219f",1,credit_card,3,193.98
e75bd2f9adb46257d65d9e916355326a,1,credit_card,3,92.19
"33003aadf0df6db944ffc35137a4573b",1,credit_card,10,420.06
"2571a6c25fdc11a26075a9258d73618e",1,credit_card,1,96.59
"44a7a7517b62c54dff21797684d6425d",2,voucher,1,12.66
b18a68dda772cde59ef17d4fbbfe8c7e,1,credit_card,1,89.36
"2a6bec11c832798d5062d5fcad19635a",1,credit_card,2,72.27
"5ef687909733df8914b4723111ceb1a2",1,credit_card,3,94.90
"12764e11143d316ea2257118daa2e3bc",1,credit_card,1,27.29
"4503d7de448cb75c09c539a1f407c7eb",1,voucher,1,27.19
"8f1a41d5bbeb94665f4ada45facb4cf5",1,credit_card,1,43.83
"6087f204aede647ef4720e5585966962",1,credit_card,3,154.18
"3f7d4510666c881c335f9ca51b9db9cb",1,credit_card,2,168.20
"5cb890a68b91b6158d69257e4e2bc359",1,voucher,1,413.72
cf307f492c4cc991cceb55f6c2a2370f,1,credit_card,4,44.09
"3814590ae0c00af31f205e41ebb9b270",1,credit_card,1,33.16
"233b550c1867b0e741d7e0dd197e8be1",1,credit_card,1,111.81
"6bc458836ecef86dca3afa67523f4268",1,credit_card,4,114.22
f7b13a5afd48ca5bcf589a25d5377b00,1,credit_card,10,2404.72
"43ab73c0fdb75dcd4b4ef724da1541c0",1,credit_card,1,61.32
"146344c554458a6d7e2f92948e52e8b8",1,debit_card,1,37.44
"6e6bacc052a79d14a6e7d015188bef50",1,credit_card,4,522.98
"6053ecddcbc1052ab24f7bc72341544f",1,credit_card,1,122.61
d3a3e3a97ab240877d7898e0a85e9d37,1,boleto,1,133.00
cf0dded3953c720dae956498ff3b0376,1,credit_card,4,119.76
de94ca254bf9b37529386b685e498cdb,1,credit_card,3,173.30
"3d8f7ae6c3ba35a822e61acf337a4968",1,credit_card,3,115.35
"650877e1fc44c2f52a0b494da9c78020",1,credit_card,10,118.41
"722d169b73fb0bc2bb0e38ff703e9621",1,credit_card,1,41.84
ac322840b831b1a94396f7adc2a56d4d,1,credit_card,6,63.56
f3dcf0d2824efde907e341ff4997f693,1,credit_card,4,435.23
"729d6ac59d920fd1fb1be86480db4325",1,credit_card,1,226.14
"5a87e8c67abd6328a86c6165a91a547d",1,credit_card,5,71.85
"180c9fcf056bcb72bbf79029ddfa0132",1,credit_card,6,181.70
"4d280f7e02765cbee0a2ce0359dafb2e",1,credit_card,2,52.58
d4d2c321f31001c74f7d891f173a277c,1,credit_card,3,69.12
"9caafc4899f9ae1afc02c6fbc8936180",1,credit_card,4,45.79
"5d472ca2aec9170cb16cd9f094ef8a85",1,boleto,1,133.06
aed5fd4c4ada58504679761465a6486e,1,credit_card,1,57.05
"3be8a1f84b766b7847d066e09de464c7",1,credit_card,4,42.09
"469c8cf0bafa84bcc6a10629bc4016b3",1,credit_card,2,170.86
ba7ba0ff040d6808492c4456eeb13730,1,voucher,1,20.00
d7bf4c08a7f6b6fc82ca1c5076732e6b,1,credit_card,5,58.98
"8d3b97f37bdd7afa5d348afb305858be",1,credit_card,4,90.18
"104cba315a10ebccef0e851792083040",1,credit_card,3,99.67
"94111a59e0311e2720ce96b0b8327eee",2,voucher,1,7.11
"579c04f647cacb17047677baa1282eaf",1,credit_card,1,76.08
"1b951d324afaebc435f2fcac5f8fef1b",1,credit_card,2,129.36
"0e15374841586ceb3db68902f68809bd",1,credit_card,2,82.40
"986da3ca575a68c698729794ccd67dfc",1,credit_card,1,67.76
a45006ef91228905575d115da011049b,1,credit_card,3,309.80
"7ebfb1659cebc1f80eb8d39b1f4d73ed",1,debit_card,1,131.61
a3cec8fb296bfeb57c9f6265048b23ef,1,boleto,1,68.75
c04ff98143834be2e7887ce62c49af9d,1,credit_card,1,122.27
"9c781d427857ca8dee49b22614eb9e39",1,credit_card,1,300.00
f80060bf53cc4e98a9eb5d2dba263381,1,credit_card,3,55.98
d95d7dc42c0d8218358ebeabc7bb5dfc,1,credit_card,4,46.76
"777e1991a17b077dc363745bbaf05e2f",1,credit_card,1,19.21
"876ccdbffe8b9e0d081dd74f449ba339",1,boleto,1,30.10
"8baa038ccba688e5d3c2d087d7ac5ca2",1,credit_card,5,52.78
"0589d8b975f21fea2ad626ea99527911",1,credit_card,3,227.30
baed302a19771a88ccd8d3f8b6368e55,1,credit_card,1,49.49
"070d6fe21e7d454b11f1cb27ca2c15c0",2,voucher,1,23.99
efbc0e9b01233ba37ab8dccf2f26bd64,1,credit_card,5,128.72
"5c5a4d0be78ff48f67dd7f81fd56d905",1,credit_card,1,77.57
"88986b613097da641340bc366a2d91d4",4,voucher,1,18.06
"1a7a280eca13140d779d2f43ea48c15f",1,boleto,1,108.77
dc36912ce651720c4c3ed389377085fc,1,credit_card,1,128.55
bedff73fa5a137527ba9314cac93b7b3,1,credit_card,1,3.36
"998b1beee068744ac833dd8b31944623",1,credit_card,3,73.27
"09ae0443d05fc72908daed24036acb22",1,boleto,1,97.99
"1f2e82bed8804834d0fb59b0ca566c2e",1,credit_card,6,315.36
fbfd9608b0061e4cc1412e28450a83e8,1,credit_card,2,184.95
ccf804e764ed5650cd8759557269dc13,12,voucher,1,2.45
"2208f3a59d7067fe62c900692f5fdcaf",2,voucher,1,86.84
"039ec885e36627ae6353cfd42a41c5da",1,credit_card,4,125.25
"63adcb46ebc32b89a37861d78ca41f93",1,credit_card,8,85.14
"69ce5a9c71e938c852ea2142a90dddb7",1,voucher,1,34.09
ad8d7afc4ce7dd5cdee9ffb2d0f03f3a,1,boleto,1,178.18
e4caa41927fbe29b65e8a4b2b34a7b94,1,credit_card,2,368.52
a52f7fed96d71ecc9f577e2584e9d938,1,boleto,1,151.39
e717c793c0726c4597d4bcb54916fa9e,1,credit_card,1,152.33
e462b9c1dbe3c306a5b7b78d72dd7f79,1,boleto,1,183.84
"8e560aad7a656560a2c1333ce6734541",1,credit_card,1,41.41
"4c21a19875c8530d3c8e9b28373ff034",1,credit_card,4,77.89
"9d5dfd77cf32bd319a504f77a137491b",1,credit_card,1,202.26
f0c5fd649bb8b44540b1dd7385ef4fdb,1,credit_card,2,106.38
ea27276ae0fbab49a3e542b3f44f6fd4,1,boleto,1,61.55
eb87432d1b32d99db89d573d77767a01,1,debit_card,1,50.31
"911a1257a699f1b61ec55aa88eace3bd",1,credit_card,7,79.04
"0af96849112c968e7764ac7f17e4f9f7",1,boleto,1,50.95
"96284b020ae337bbc78a10ed82d5d24d",1,credit_card,6,369.60
a4d1329847951b717f1049a774984fce,1,credit_card,3,158.14
ae2d8cde918fe08a1edfce9e900c9480,1,credit_card,1,86.15
"43a462022e4f6463144b36cc47783b7f",1,credit_card,4,140.47
"3b681dd1f8baba1507d1f484f7f289c2",1,boleto,1,232.77
c71179b21d4babaea70ded4969cd664a,1,boleto,1,86.37
"2599eb52c538919cec765e835585bfe9",1,credit_card,1,74.17
"3bcf5ba4eec8b84af7663e2e261957cc",1,credit_card,3,39.11
"7acbc8bb8732b4dddbfb1d61a8f13b64",1,credit_card,8,206.99
d2c1f29355ffc2e07756f267aa965c28,1,boleto,1,32.42
"4617a1e4f74a5e42a73b281034db89c5",1,boleto,1,40.75
ffd6f465cab015b452d398ac1f5d978a,1,credit_card,2,89.70
"7faec2979809e2590815b95ff2d7c3ca",1,credit_card,7,71.02
ee3cbcc20d5984bc1074efa744139f47,1,credit_card,10,655.60
"43d640d9d8add3920e35acc0d8ca9411",1,credit_card,2,191.68
"4bbd33a0def862d1273f79f0fb4d597a",1,credit_card,1,74.69
"5d1ab3e75c76552ea4661a441fe24d78",1,credit_card,10,195.50
e4606fed871d036cbc9acbbd4e3282f1,1,credit_card,3,162.15
"94f5c07efddbe8e3f3880195377736ee",1,credit_card,5,113.55
ed9ddf13b205161d8ca32de15a50a5c7,1,boleto,1,155.73
"082390c0275d73d20f55fec91903bbd7",1,credit_card,2,230.14
"28b031abc340760284a1398ab8f6fd4c",1,debit_card,1,193.02
e136cb9b855e25952b35078ea8287229,1,credit_card,2,136.60
ec6fe743da5ac778a05b4f6e1c2046df,1,credit_card,10,165.65
f30d36b6eb144a416117bc67041fb160,1,credit_card,1,157.55
"607eee584aa2eb64b8e9464c5e590efc",1,credit_card,8,153.20
"562076d60c251c77097429565cbec0de",1,voucher,1,66.50
"1397417a57ad1bbfe8d639df8cdee908",1,credit_card,6,173.95
"357773e5b110f8f600e99720f07ac480",1,voucher,1,20.84
bf43328103299ae529116e4521e82191,1,credit_card,4,199.49
"0bbd832750aad342a252f529cb93d020",1,credit_card,1,20.29
d8477e03a0b0c97723a5221b2044f68e,1,debit_card,1,127.46
"6aad3bed746944c70143bcbcadb6c5ab",1,credit_card,4,119.64
"46b3e34b2fe9e7cb16d75fca93aaa180",1,voucher,1,25.00
"58e67ac26a9fbfd1f5ddbb90b4766a21",1,credit_card,4,67.68
e6572de73e295b8613a4716a3a1f15d6,1,credit_card,1,65.05
"9a32ca8df0a427cfa29f5d87fb0e95c4",1,credit_card,1,118.88
"949fd5b74015f9f17e66d3d5adb033da",1,credit_card,4,138.84
"5e81df12374f3a0e3c11e392a252fdcf",1,credit_card,2,62.30
e54613f3313c396f77d8280b9121ea2e,1,credit_card,3,413.53
"6c9421af091dff9b36e3da3f85e85827",1,credit_card,1,65.64
"75294baf702b2b91d850644b87670ff6",1,credit_card,10,138.13
"6fa816a50da044a1d17ec9bc408c8d7d",1,credit_card,10,109.81
fb98500e6403d8d8848509d3e8665aeb,1,credit_card,4,65.60
"274954faa1775d863067ba1e0e5dfe9b",1,credit_card,1,75.16
e9cec3364270c67c922b8891465148db,1,credit_card,3,67.05
d46935acb58d918a88813e0c8bb1a220,1,credit_card,3,37.09
af19069eeb42e10ffc3f2eadee886c49,1,credit_card,2,55.10
"3bd4ee403abd790f3250984b0eddb23a",1,credit_card,1,4.46
"639d641103a2eb32e871e36bf3df366b",1,voucher,1,41.09
"6b273a63c1e26cdd0d6c8099218fd1ac",2,voucher,1,59.48
d2787e74c073dd7a21b4e4a873abd9f1,1,boleto,1,228.56
"90bd52654dd4d9b5601a908e69f98659",1,credit_card,10,182.96
"4bee560781d45bb4b18efd58fef1901e",1,credit_card,1,38.72
"5e80bc266978655e4e9e1ef166f52885",1,credit_card,6,135.00
efed8668846db8134d128f21368fd2ca,1,boleto,1,28.13
e5733d96d53e3a8a13f59a0fe4c38d74,1,credit_card,2,190.89
c79c512fd61a1008f15dbf7ca2a8c7cd,1,boleto,1,50.35
"83055c0065bec470a99316217bb2b639",1,boleto,1,37.09
"6714f3ccd1250580cfa7ab9c1aeb23f9",1,credit_card,3,171.59
ac727692880897a9669ed0921296db75,1,credit_card,3,379.20
da28ac567f1bbe704eb39c1d21c53a0d,1,boleto,1,176.45
"1ff3fa09d18389ae97c96c0dd2edd0d7",1,credit_card,5,56.10
"9ba2ade828138782788e9a94fe1b2770",1,credit_card,3,76.24
"9231cd28d094660487390045fec25a3b",1,credit_card,1,57.53
"5c4a0229b56d3c41da2609ef3f048293",1,credit_card,1,86.76
"9be42eec91e05104d84b81e71a9e6b81",1,credit_card,5,248.91
f9b7d4be1a26d7a0017957e6a6f26e01,1,boleto,1,63.23
fe51db9ff7a67edc7468c14e0a2e9aa1,1,credit_card,2,125.98
ffe63ac8de50ca1b8d8aba30d6bff4fb,1,credit_card,1,52.59
"359352820ef7acbc4def738b048f2d6c",1,credit_card,10,950.00
"452bc83e1374a9bcd2592f008c2a441a",1,credit_card,2,103.68
"21fb84496c034392ca2aafe7f7919a3f",1,credit_card,1,44.89
"0b5680deaa067376ba987f02b755e8bd",1,credit_card,1,84.30
"8cf92fdbb4f10ea12f1dc018a35aa8c0",1,credit_card,1,58.16
"6db80fb2f35bb76524afa190b4654ff5",1,voucher,1,127.61
"31c4a715904421d812d0301cbebaed46",1,credit_card,5,224.77
"609d36dbce43c3ba5232f83d58381f00",2,voucher,1,92.35
"12f2f3174deba94de2aa43ad4adf6d3e",2,credit_card,5,922.25
ab05474196376ffce748cccc5d257c1b,1,debit_card,1,170.31
f0ec9e0d0b7dc986a44094cb9ad62d40,1,credit_card,1,128.96
"9c0ca649b4269a45a953747ae381d37c",1,credit_card,1,98.65
"3c574782e64cbb135c6d3d0376a501fd",1,boleto,1,65.00
fddb24fad8de291576e80726636d7a7f,1,boleto,1,85.05
"9574b288490bcda13e1fd8f75a319bc3",1,credit_card,3,127.50
"112eb6f37f1b9dabbced368fbbc6c9ef",1,credit_card,1,107.85
"1bb808438d953f0b816a43fca01390af",1,credit_card,10,410.59
"1a529550bb541c8c6d58b9a83d089824",1,credit_card,4,364.55
"6a98aeaf1d45d8129756bdf2a06744ed",1,credit_card,1,48.58
"437421f669044dcf1e3e323bb715cab8",1,boleto,1,109.72
bbc82e918e96057462aa6983e7035fe5,1,credit_card,1,1.74
"154f3e62bb635300cf9a1d6c4940636d",1,credit_card,8,366.51
b7dccfff8a209f34ea09e32b844a0c4e,1,credit_card,1,37.74
"9d1f30c30b178f88dc63a40f36298ee3",1,credit_card,1,191.23
"2fdfc76d4584de4e6c0b8b85f3041b53",2,voucher,1,68.90
"4247a3af0d215e63b216c45c7bafa881",1,credit_card,1,397.02
"4acc7f665ca9273b5848f19cde62b6d8",1,credit_card,4,97.66
cfde948cbe426f37ac61e0f04215a5f3,3,voucher,1,26.80
"1d5da6a7254f9d8a759db4c8d457e630",1,credit_card,5,107.41
"03059ebda0b2ad61612b300fe34ed8e2",1,credit_card,1,58.94
"4876b4ecbb74b9092df123fd372b4419",1,credit_card,2,101.30
"8a9df0e90856f381a0cf115092f8dfdd",1,credit_card,3,158.76
c27a26005da9b758c804674cc9aa2da1,1,voucher,1,28.93
"098e7344bff99946b1a3c2c4357503bf",1,boleto,1,31.34
c5d39e9011169ac0ed6676a42a757726,1,boleto,1,20.06
ade59b0e363885983290be2cc12ae8b4,1,credit_card,1,26.62
"72c2d35f7d08e990d781560fdbbfa563",1,credit_card,5,581.30
"77e18878827762954f8e0697901368de",1,credit_card,1,48.93
"49765b9af39e0642708191e9a462490a",1,credit_card,10,202.66
"48c43415ea1c4af9afa92542183b6e55",1,voucher,1,11.87
"5ab34a3449b54e0fff6d7ba20781a655",1,credit_card,1,113.33
"7a26da3fd67188dde4c9fecdbfef740b",1,credit_card,1,82.92
"85fa27c13d9874c3c90074e4989854c9",1,credit_card,6,456.74
"953430cd8e4584aaafc39ba5eed96547",1,boleto,1,127.71
c37425205cecce5f1296f6a00115de5f,1,boleto,1,108.44
"5c7ffa6a8321eb05f96b3f941cf874e5",1,boleto,1,286.77
"02d2287dea15cd93d945f1749f3288ed",1,boleto,1,48.59
c3d98859790f5ef3e0ec03a886506d35,1,credit_card,2,138.62
"48c159ee1d25916d79ad14e2160a0d31",1,credit_card,1,96.22
"7e5fe61e61a5f75f96daa8d7da4519cd",1,credit_card,10,413.30
"9183260cf469f329e0804feccc1cf0f4",1,credit_card,8,397.30
"61cc521d6e411ba1d58a700c828665d6",1,credit_card,5,203.09
"4ce2a78f4b4b1166f0e04bbdc825f7b3",1,credit_card,3,266.51
"797c6ff206949b463f4b498b5888e2ef",1,credit_card,1,85.62
"14056d7cad6fbef25503befcd851fc72",1,credit_card,1,107.05
"688e8c4e44449eb1a6733ff458e9e70e",1,credit_card,1,99.50
a61e03b685da969cb1c943792e056c8d,1,credit_card,6,217.02
e033bdf3c0d77ce6a7c7ee1235c8d051,1,credit_card,1,32.23
e3f2faf5604308ede614257aeb86ccf8,1,credit_card,2,29.22
c49f6b5cef87291f38f2b1fccf57c3c6,1,boleto,1,51.12
"376cc9a8f827d17966ea7c4b182f4426",1,credit_card,1,71.21
"068b0c2c80a022b71db91e7f44f5917a",1,credit_card,1,227.81
"7900ff338051fc207475b59ae5465060",1,credit_card,1,50.59
d60f3552bae079e5ca539727400d118e,1,credit_card,6,120.90
"1f0ece120cc036379fc3b3bf6f930947",1,credit_card,10,623.18
"4b831e2d8329f605574def6a9e47d65f",1,credit_card,5,368.47
ca67b029ed798e97aaf9397c40fef499,2,voucher,1,100.00
a4f9f0de4e3a9448542ac5a53197839d,1,credit_card,3,218.55
a49f05cadcb7f056c2725a1463b7d7db,1,voucher,1,134.58
"94ffe890849e36497cc049800e759c0e",1,credit_card,3,40.18
"414b227d34e12d2c95093f0bdb4c44bd",1,credit_card,6,164.16
"8358045db0b940a1fcaa47dadb2b79c9",1,credit_card,1,92.97
f4038334bfbc2eaa6d1f3bfece21aa4b,1,credit_card,4,73.96
a2f7984f0b3604184f39c1d5a93813fb,1,credit_card,3,76.02
"719c1d51ad40a458c511ebcfcdd0ebda",1,credit_card,3,90.66
"8343719a3a2ba5f03b26696bccdc754c",1,credit_card,1,37.00
c71b9252fd7b3b263aaa4cb09319a323,1,credit_card,1,84.58
"7e0710390947061c95e5a19aae5dd14a",1,boleto,1,101.14
"56a4ac10a4a8f2ba7693523bb439eede",1,boleto,1,32.70
"10cba569b211fc1a21ffeb58e821b038",1,credit_card,10,159.06
d994f5af091bcabf15d48948085ca684,1,credit_card,2,70.75
"0ea322b0cc5c5a359a4b83e2cae08390",1,credit_card,1,29.95
"0d266849a05d14eb00b7c5db250a2943",1,credit_card,3,138.08
aaf3296abd366f76ed7d26fe0ea4cdaf,1,credit_card,3,83.23
ea4ef5a01e67f61cba450e6294f0c92d,1,credit_card,8,247.21
"3c5261ee6c155b81e82cb5cdc60b045f",1,credit_card,4,119.48
"3398470b1f117c681a7dc2ead5553724",1,boleto,1,74.49
d418f98c27bf805b915d01108230ea55,1,boleto,1,28.93
"19196153dd04a2d8685e3928185e498b",1,voucher,1,543.59
cbafeca884490b05adc8ed5ab300bb44,1,credit_card,10,569.51
cb9dbf05ec6c88696a808bd2ec55f31a,1,credit_card,3,210.86
"568b0f8bb1f7efe803f006abfd707e5e",1,credit_card,1,64.62
"8a3a0e49e2e3eb825a6359d932c9f0a3",1,boleto,1,46.00
"1d5182e38de4f122947727324f2870be",1,boleto,1,115.29
"80dfedb6d17bf23539beeef3c768f4d7",1,credit_card,8,3360.66
"7369d714f77dd4e4bced33385c245828",1,credit_card,4,71.83
a013f7d98969dda6dda1f502d153ff9a,1,credit_card,2,142.45
"2b92e54af943b80a3cd1863fedfd6496",1,credit_card,3,117.57
c006305482586b6a11eb69c6aacfe5e7,1,credit_card,10,192.10
df720130627bfe896e4eaafe2df5b721,2,voucher,1,50.00
"460c774494e4c1e4a5a4c6f05f29e2c5",1,credit_card,8,104.37
"50da5576c9b517983b6f5fcf44863cfe",1,credit_card,1,88.49
"4e89a19cd340e7e72a5ad89b2fdf1642",1,credit_card,4,45.62
a1b541c5eedff59d42c867f78a823fdc,1,credit_card,2,144.26
"2d2ce74a9a75fd5144160b74f0d536cc",1,credit_card,3,288.68
"048fec87f5858e3a91ce55d3a944b457",1,credit_card,8,304.33
"51d837b72cf24883a9a18f061f382c2a",1,credit_card,1,79.33
b03b2909d81f43ae819ad1bce8c47e45,1,credit_card,10,610.72
a06450ed1022a79944ac0def2699251a,1,credit_card,8,83.23
"0fb2f8a7178bc3a3ff6a1812f99a78bf",1,boleto,1,97.32
b8d8f5e99979f7cbf541344ae12c8cf4,1,credit_card,8,591.88
"7a63a2feab704e71ea9cf2aba2c7bd10",1,boleto,1,46.85
"07677527dea7bbe02d91875f7764c6cd",1,boleto,1,76.69
"9e6cda6c54e003fdcaea831eed747e88",1,credit_card,1,48.13
"0c9f41e58fc40c21ef9150e610aa6691",1,credit_card,3,97.57
ab651189a56f042246fb1a8c991ed4ff,1,credit_card,4,195.00
c982662d7a005d0eff5dbdbe69a0167f,1,boleto,1,62.77
"6d7a67554f1a6013a68994bebaab490e",1,credit_card,1,45.70
a813b199e66105ce6a4a841b94a330a5,1,credit_card,1,32.32
"328978d6ed70a17301a26ffa09b7f1a8",1,boleto,1,25.86
db8730baa35db478122207bf2b26590c,1,credit_card,1,63.40
"0ce0997380b2110e5d35697ce4ddabd7",1,credit_card,1,32.42
db192ddb0ea5a4d7a0506e7d7ec92343,1,credit_card,2,74.48
b59620194f1a281eb142e191d597aadd,1,credit_card,2,131.61
e122415106f4ed9ba92695a54bca9889,1,boleto,1,654.15
"540f4eaaafc047a407e4b4522bd0fd66",1,credit_card,2,28.93
c4719d30d03c72f392f08ca851924d93,1,boleto,1,261.80
eb1cb17937178982a34f2ffe226ae11c,1,credit_card,1,39.82
"213a17bb373d57763822d78e40e7ca38",4,voucher,1,4.54
"5e757e6bf8a635c569659cd7288c8039",1,credit_card,5,115.41
"3a48b55756a18df2a80f25a120eac75e",1,boleto,1,64.98
ca8fdc1b534df33544ec27fed6dc5fbd,1,credit_card,1,319.11
ad6d3a18d2c834c332464ee72c2131cf,1,boleto,1,108.26
"125976e5bb61accc5b6c27bc74f08d49",1,credit_card,6,133.60
f59424baad3fb86561ddc055c935fdb8,1,credit_card,1,28.97
"8c8527960c6b98fe66936cff2603d394",1,credit_card,2,58.78
bac4595733cd0e89158cb02bebbf6352,1,credit_card,3,264.86
c21b52965ab8bbc3d27579c093386807,1,credit_card,4,521.37
ab12a70fb1db89901f89c16464249395,1,credit_card,7,107.78
"99c33bf1ceb89684e74a6438a277eef0",1,credit_card,7,71.10
"71b17a1dca06f13bc0c69595e244d3e7",1,credit_card,2,28.98
fe9a0726757d598dc0a613f04d33cf03,1,credit_card,1,95.56
fbd68bde483e90e5e14a0d0e608b907f,1,credit_card,1,32.72
a1fa82769a203e30b8faf81cd32e5193,6,voucher,1,83.59
"8cbb3a1d2a0c2642541aa2a03e2fdeda",1,credit_card,8,102.96
"432c5d90dae98b9496ac75c5108c530a",1,credit_card,5,57.50
"76540589be9113578df9de836cf6dbf9",1,credit_card,4,205.07
f96a9dc2a80bc15f23751cd2bb4f9029,1,credit_card,1,64.79
"7ef689cb709f1d6e42a9f52a93e2da25",1,credit_card,5,188.34
"87a19a09b512b6691a4a97ea5748c501",1,credit_card,2,157.75
"504d232ad4b0cb2e0d3e8c99a98c9938",1,credit_card,2,90.88
"92f6e6b43cb7eda2495d9395d2fcf848",1,credit_card,2,176.87
"257b54c7aa667fa7865055803a58a737",1,credit_card,3,85.75
"71c22e96648b3b4f4c78e6e4de6bdc0a",1,credit_card,1,164.31
b4e2eb7f4325b44130052476646043c6,1,credit_card,3,82.73
"1d640f23dd5922c443a96b7caf168229",1,credit_card,3,74.03
eada3ac7ed364835ff906f8b4c8b1f72,1,credit_card,1,45.01
"832e2ef8cdf39a442023921a0d81274c",1,credit_card,1,69.03
"8c1e23dce3f7db336aaa4426df2228d6",1,credit_card,4,286.79
b1b74907a120888550f895aca299e24b,1,credit_card,3,56.60
"10aa0d0d910582b19666c38c58588868",1,credit_card,2,134.61
faad6ca77667506aa6ca0fcb8a85e1c2,1,credit_card,3,173.82
"4aa5e89a54afc5cbb187bc2bccfdfe33",1,credit_card,3,122.40
c28ec0be612e5396c0ef13b958a713f4,1,debit_card,1,38.72
b11ef0887d152f735e9b39864eae2ad3,1,credit_card,6,97.77
fac46d930d37818d176f4c8e00fc5f4c,1,credit_card,1,2.08
"865301eccebb37c03ad8ccd1cb994b2b",1,boleto,1,32.69
"7c5c5961b54c4057653d3b72bc612585",1,boleto,1,350.19
"84b3b056e8c005f680939ef08864292d",1,boleto,1,200.33
d88a95c7c4efaba57a8640854aa16bad,1,credit_card,10,188.62
d6005403869b100d1c75019e5d92e327,1,credit_card,8,419.35
e359161b033a3071a1f578ff47c8c48c,1,boleto,1,211.28
"70c3ef96b8128e86a710aea11adf6e63",1,credit_card,1,28.17
d5902cac4c3d618b3565811476e06ea4,2,voucher,1,50.00
"271664630912f9ea979c46c772f2187a",1,credit_card,6,137.99
ab2f2b70a35105e169d9fba7a65d3ac0,1,credit_card,3,57.64
"49e2b3ab4c8c50eb6906482c56bfd556",1,credit_card,8,610.84
"13ba5c26aeaa1d857d413ac4b93f0924",1,credit_card,4,223.08
"02c8bbea821df770f3665094a0ecfc1c",1,boleto,1,92.57
"671f4219ec92ca6613eb41280aa6ff0d",1,credit_card,3,438.81
bfa69a49568b6a506bd99efd224056b6,1,credit_card,1,38.91
a2bcbea8668a0d93334cf7f7fafe921d,1,credit_card,2,93.30
"0c00ee38c8f26756069a581a5fae12f6",1,credit_card,8,80.67
cd5d3f244e0546f5fc8733139dafc597,1,credit_card,1,94.21
"1e575fc9d2c56fa7889923cd298830f1",1,credit_card,5,220.86
a87b2dc5f3c007dfa3f6ba803e332261,1,credit_card,1,58.37
c68e47bd3dab5dd575a6c65848663923,1,credit_card,2,77.57
"590fcec4757400bd9242620948a437b7",1,credit_card,3,75.73
"43633b4950869ad500817fb5326e1864",1,credit_card,3,65.00
"1b48e0e9948536f454c10a2a97426f11",1,credit_card,2,218.64
ab34db6c283d8f91f11773a52711c317,1,credit_card,2,177.59
"3206db48a35131540e67f96b35a30ceb",1,credit_card,1,26.83
d3dd1ce5e559c62090b7056d7ce0ff0c,1,credit_card,1,38.38
e2638c5bf9a25fab6628686b0ed83f9f,1,boleto,1,186.60
"02e0b68852217f5715fb9cc885829454",1,credit_card,4,68.89
a1ad76f125118edcc2ba7035e9a59c7c,2,voucher,1,41.54
"0f9482b2e24effff84c7c84001592e55",1,credit_card,3,77.57
"9d9963c450921c5db41bfa4095ea57ba",1,credit_card,3,141.48
"2474e13d0d388a471b50fd455057300c",1,credit_card,2,105.72
"18a8340e8091e1cec53fad4f26e66a4f",1,credit_card,3,93.28
e11041ba5d434c8bcb7640e75a52f106,1,boleto,1,123.60
"010d14f76a229c295260e4ca4744acc7",1,credit_card,1,44.69
cda0a20d2df6b9c3f02aa5258c99af6f,1,credit_card,3,166.40
"83eeb5927501d7cd48797636a1ec02c6",1,boleto,1,127.41
edc07d2563b2d10bdf1a0376f65b8f76,1,boleto,1,28.23
"110d5bc31762806d51b736cb4b58ad75",1,credit_card,8,311.00
"5fd42e84b68c024a8dca0dbd781279aa",1,credit_card,4,201.54
"124e2c402e736efb7bc277e8c5a828a4",1,credit_card,1,64.22
"2458de231bb0e4286a97ab335afb78c9",1,credit_card,5,174.08
"8a321ac5f4ec102c87791bd745cb3fbf",1,credit_card,1,189.56
"0123a055aa66357326dd6db066592a7d",1,boleto,1,175.66
c5f9f79b60cb1ddfec0fc9556781952e,1,boleto,1,32.21
"4ac47dc578518440150fbf3780d83a30",1,credit_card,2,41.07
"7674a39ac1ba0b1ca68a18cfbd151b1b",1,credit_card,1,84.28
cbcffd62e7d1e6d26d3a6657731cb96a,1,credit_card,1,54.00
cf8a4a06e137d7ac5db32cb925d6aaa6,1,credit_card,1,201.68
"0fbfabe0eab1da587d8cb38f67efa0dd",1,credit_card,2,155.93
f62e6208120b502c087a5bbd9b2567e4,1,credit_card,2,99.33
"9c020760091717505c5fae8c935f047c",1,credit_card,6,340.12
a4e90af1c84c4455c7c4c65293ae2c78,1,credit_card,10,121.28
a966152e4fc6b7e1891aadd4406c7c4a,1,boleto,1,65.93
bab72f3856e8cc2c8396ce2441414540,1,credit_card,7,70.63
"087b7573e7bda014f7f61b472a7cf555",1,boleto,1,49.51
fc566691ba1c7e356bdaa1d5785779df,1,boleto,1,32.71
"6d20c5b5d74d900b45b27fd6e6e01089",1,credit_card,2,84.48
"3927d50ce663f7648ed0ca807740c6fe",1,credit_card,4,144.21
ad8adc3413ef931f82e9cc0e6c1ca009,1,credit_card,2,20.62
"1462290799412b71be32dd880eaf4e1b",1,boleto,1,44.00
"3b7febf42292030e8a4466053c383fab",1,boleto,1,176.12
"03d7f508a18d76f89489c40b7008f7e4",1,credit_card,9,188.29
e3ce941c85b5ae1ae2862a7344cbb845,1,credit_card,5,63.43
"2a5e2ec255be0a5cb7bc1bb5d21deb07",1,credit_card,6,66.47
b9e191cae053d808e4c2573a0a241dab,1,credit_card,2,50.59
ff6f1daf334ab85e84a3aa32c8afe179,1,boleto,1,116.60
"99eeb78bee8fbf18b50b7bf7c861548d",1,credit_card,1,32.42
"21d8497f62e0a7a9a219af444cbd2b28",2,credit_card,1,96.43
"3a73a24fa6a0d8ffd462fb4bb62e66fc",2,voucher,1,50.00
"3955f590b7e19ddd367c089f1268bc17",1,credit_card,2,316.00
"1dfc0bd3006c0dce1dd6e418bcb00413",1,boleto,1,864.72
"08fb515ec54c34ca06b1e2268acc429c",1,credit_card,7,80.70
"298b961b82fd30c53433ae821ba75aa9",1,boleto,1,121.86
"46ad0b6df7c2befc459ec361a3b4ec2a",1,credit_card,4,175.42
c8126d249a88b7218ea8af8a2ddfc024,1,boleto,1,42.16
f964282723f7e8deef2e3054f5f790d4,1,credit_card,5,451.13
"60f68300b4ddad4f93eed399661f2ab4",1,credit_card,10,216.94
"23575ff1c8a0669132c47e895a24b5fb",1,credit_card,1,35.00
fb66baf2c1d8942a11844c52f37baedc,1,credit_card,6,470.14
b172643d2145d101810ed57b5378f1c6,1,boleto,1,43.17
"641e972f60486aa3ed5bc9d4f2fa1476",1,credit_card,5,126.07
cbeba463c9f0f56c92b94e656a6b7ccf,1,boleto,1,115.15
"607058c64490de01be8019dfa31a25a2",1,credit_card,4,411.16
ab2e3d4093bad08937a1d844c1a60355,1,credit_card,1,278.46
"470149d85d7b770af90504d4a5d06f38",1,credit_card,8,87.06
dbea19894046e3141b3de68811a7c958,1,credit_card,10,273.60
dcb668b21e7c36224624fc4b4ddbf0fd,1,credit_card,7,70.60
"6cb2e47e3a5794ff1a6157838c9e32e5",1,credit_card,10,172.31
"4929d4d047361715eb1ad08b7affce93",1,credit_card,10,1252.81
c7196d150694ba9a37d215e75ba5c9f0,1,boleto,1,112.04
"54d65ba100747f2456fc1d1e314ceb26",1,credit_card,5,248.38
"0735913c4b3a961b5988041799a7543e",2,voucher,1,45.00
ca801e184e659bcf7b7e4f4995d30ba8,1,debit_card,1,165.80
"356320c581316d9fc10af6ecbdb0931c",1,credit_card,1,63.74
"934df00dcb85e2cc1b9077573721fa15",1,credit_card,1,93.39
"456e7a4c88845260b92d8da7b5551acc",1,boleto,1,113.82
"05e8d222c5597784b04c804e183599c7",1,credit_card,1,77.57
"749eb4902527dc1a8e81681cd9c1b016",1,credit_card,1,46.01
"6728a6a592a63817d0ac211044efa702",1,credit_card,4,156.15
"7c3e6d9d783f5fb5927a500abf1cfbaf",1,credit_card,1,61.27
"1549221b1b6e8fec6d2f9890932333f1",1,boleto,1,57.97
db0b67b642c6fdc947608f6b2108f802,1,boleto,1,37.68
ec2738d1b8cdc75fa4c9425432f5053c,1,boleto,1,85.80
"214e5fdd8fd6a78e1f37c7803bdc1939",1,boleto,1,1878.39
"0d799dd97f4ffcecba2864882585f677",1,credit_card,1,432.40
fffb9224b6fc7c43ebb0904318b10b5f,1,boleto,1,356.76
"4dcc004247da52d053a714e7af29450b",1,credit_card,4,86.96
eb7a5ea74eec27401237ac0c1a0a5e26,1,boleto,1,53.39
"69d5ba0223f159cd67fbe9092e0900fc",1,credit_card,3,113.71
"9bf784212164c8cc81d3eb16daaa5950",1,credit_card,1,203.68
"89c2989bfa78c40ee84930e6ffc320b9",1,credit_card,8,241.45
"662d5b772be59b4a08a18e2b219555a3",1,boleto,1,22.10
"5b30ad24f4e7ba20015ff2f3c2c30aa5",1,credit_card,10,117.85
"2277cde48c3f407bad730e1dc754edf7",1,credit_card,1,89.43
c8dc34e23d7065c2f4e1788710a65ecc,1,credit_card,8,635.75
"87a2d83c67c7bdc791e7e5869b035ae4",3,voucher,1,5.07
c042ea19a75b4c8fb9bc7479832297e6,1,boleto,1,213.74
f48360c3ded0f45d12be854d83cf01bd,1,credit_card,1,33.10
"2ebb1fd53e7b4bd81b7b1e9242b91262",1,credit_card,7,98.64
"749c1e78ae991da38b61c92f926ab6e7",2,voucher,1,40.84
"5f3855c579e82a703b52d837e9b0688b",1,boleto,1,115.94
a3476275102890bfa5129b85c78f3da1,1,credit_card,9,95.29
f8813be969dfa2d97ee44b025c9bcaf3,2,voucher,1,100.00
"36fa95f01d9fbb6f3605c6b758460ce0",1,voucher,1,88.76
"1970c6df1f91ef915179e223145ccd45",1,credit_card,2,194.37
"25be27a5bc17c6ccd29b5839526651a2",2,voucher,1,436.68
a7ef7ca02054a53c7236c868d59acedb,1,credit_card,1,75.31
"8e43f2c9b150b717ae56640b5fb64150",1,credit_card,1,56.44
"96c9598c25e152e093aedcc8cf89ab0d",4,voucher,1,11.30
"31b1f7b1f6a38b7732272da5484ad1c6",1,credit_card,1,124.52
"0426ac8a5e4a839db34bb45d7e313fa3",1,boleto,1,239.81
c33917dff50a1d91d9d26ea3c5e3a65a,1,credit_card,1,36.94
"616dfda2aa81fd23f5e8f47619f650be",1,credit_card,1,58.79
"149d32ba42826835e09c375b8a1fa923",1,credit_card,8,99.01
"1780bf20851f38ed7aae08ee09438f6a",1,credit_card,1,111.11
c92a96b2edf7f42ebf19837f97f6009b,1,credit_card,3,162.79
"8e80c9ae33f2cff714311666eb2e71b1",1,credit_card,3,182.13
"7cba130d7fd9cbf1fa889eaaf7c89d29",1,credit_card,5,287.00
"3b0ed597b36d966d85b2ed8cf4447f80",1,credit_card,2,96.69
a29c25c2c9c3100daf48a25880312c23,1,credit_card,5,289.90
"40d107a58a8282eacb49320fb8657036",1,boleto,1,128.71
"1d9a9731b9c10fc9cba74e6f74782e8b",9,voucher,1,4.73
"7ae9ea7b3699d86d4e21f6b323b72479",1,credit_card,2,102.03
"182fa9505d1a70df89f74950a4e9369c",1,credit_card,2,65.17
f8fee5c95b443de37ac3a41371fb1e0b,1,boleto,1,166.62
"96c39987184c35f98bb77f7a18d8e500",1,debit_card,1,207.15
b87a46bd85618ed6ad037478592c7e6a,1,voucher,1,237.78
fcb1e2586649d5835b9d01200905a76c,1,credit_card,8,437.03
cbbb524a0e1646aa6cf7a3c0bbe517ad,1,boleto,1,95.58
"27c4d9f3a2a28d3e687e6700e34e959d",1,credit_card,1,57.72
"889d938cda41ef5efe5e59f2d72506ca",1,credit_card,1,159.60
"3edc5a29ae818b61db4be022019ffdb5",1,credit_card,1,125.52
ed00da1e5d293d3fda249e4df6036035,1,credit_card,2,144.12
"51efa345a1180ca3879442a31b0a265a",1,credit_card,1,29.28
"02556030d826438ef986ab5fd723a9a5",1,credit_card,2,138.98
"3f905b9ea57c91684a194b1815fb513b",1,credit_card,1,48.13
c05e92bb9bfed43c6e5b6d3723fbcc2f,1,credit_card,1,44.29
"0744f9056deb109779f1b309822c0d02",1,credit_card,8,388.25
"5defd0236f15e552d007f413fd3bf85a",1,boleto,1,81.51
"44172b4c9cf753347bbd379c0df68dc3",1,credit_card,6,139.70
c4f9374ecfc61f98f4b58ea449f81087,1,credit_card,1,58.62
"18fff28b262a583fa603571f53521574",1,boleto,1,240.21
c17a014d90b55789c507dcd5f28441a7,1,credit_card,3,147.39
"8e3cbe2ec233a68c159847fac6e43c3c",1,credit_card,4,114.83
c2a74c32297a978e0e9b2b2797b917eb,1,credit_card,8,394.94
"51b30435208f155396e7732009443833",1,credit_card,6,688.44
"81935e523702224d87bc6b915f51649e",4,voucher,1,45.60
ee7560a748685ea9c6d3bb5341f4e97e,1,credit_card,2,231.86
fbee1784fcce86e1c120a0b525750e57,1,credit_card,4,40.79
d3221f47eb4afb028ea89bf72bdc8bc8,1,credit_card,7,153.46
"92d82a97b257e7e81b567f8ceb8b89a3",1,credit_card,4,83.21
"20c50b79ccf3492546de6ef891c03ebd",1,credit_card,2,161.90
"1b41edd8cc8fe751d98cba50338f8c8b",1,credit_card,2,209.00
be2ccfa019a7d426556d4bf4691f7c3a,1,credit_card,3,37.00
f24e66cdbbf1d7e24f946efbc3b47bb3,1,credit_card,10,308.33
"5a1b38c5fdab4a0c42553ae02457159d",1,credit_card,10,135.51
af006979017f225d80e49985aed847b3,1,boleto,1,133.46
bd0ece9767b9088d339d9f68ed6a4738,1,credit_card,2,522.73
dc38e52fa44c2617addf64cf5787780e,1,credit_card,3,116.36
ab4b37a7cd1397e63f4b25586d5bfe9f,1,boleto,1,174.90
abbbf52551bc34cd52a7851c06dfca90,1,boleto,1,239.48
"96fac65dca5efca83efce7194c1b8605",1,boleto,1,116.81
b5a304ee10747d3bdc90d7aef4b76a4f,1,credit_card,4,60.75
"2053554187588f29cdeb57a88d331e83",1,credit_card,1,51.71
b9cd12cbf3bc726135ede88877aca4bf,1,credit_card,6,359.19
a1e378a1da5cdc55c7edf4313af32f8a,1,credit_card,8,207.76
"8389e56bf17964405109e56799563a03",1,credit_card,2,115.81
"7fb4133c98efb5fcb56807cb759420b2",1,credit_card,2,153.39
"375aac0ed45f117fefb4e511189306d4",1,credit_card,6,105.29
be128a58459554e47e89d3bc200ba5cc,1,credit_card,1,72.36
"459d4fa45d8bbb1c914f0d4bb1774a1b",1,credit_card,4,157.30
c77338848d4979e1c775831208262849,1,credit_card,10,194.12
"560cd8ba09ed1425cee6fec9ded348cb",1,credit_card,5,55.10
"430ebc81b5194447480aeaf0faf6c7a0",1,credit_card,3,230.54
"6a1281fec373ae8c10471045ecf91fe6",1,credit_card,2,43.10
"1d69f6b3dd0fc384483cfb2560d8a6a4",1,boleto,1,32.69
"6b11e7b75e0feb0302e6054a2e65be71",1,credit_card,5,55.50
"1a759afeff9fdaa432f1bed1c6f1b86a",1,boleto,1,95.21
"83329d0539a9b3f087f05db119bee0d6",1,credit_card,12,181.95
b0825b6fea4f0e1e60bacfdc2a4d88ab,1,boleto,1,40.24
"39847297a2eb4f18d407cb1fa8a06867",1,credit_card,2,63.00
"761f951c436266ce8269f9aeb52ee5e1",1,credit_card,1,115.35
aafa7e2a173735576439ec483f27fa5f,1,credit_card,2,29.40
b6197060d52f84eea9f7b3a2a6d70379,1,credit_card,1,182.55
"89f6cc8eda8f3816bc27f9ec621ae6e7",1,credit_card,1,28.75
"0baa56401ae212e308d73cba2911ae20",1,credit_card,5,87.22
"50151c507e6dfcc7435d9805ff95a548",1,boleto,1,103.55
"45f538a7067ec91ebf71a1bc95a63be4",1,credit_card,4,241.62
cb31d6a654b3b6be3168cdb05fee80ee,1,boleto,1,60.18
"7c090db969b7b59bfae10b91355cd5dc",1,credit_card,1,85.94
"9ce36e2fe5d89681ffcdc294ea7363ac",1,credit_card,1,86.75
c3d9e402b6a0fbe2a5f7fc5b41117c38,1,credit_card,4,237.45
f6c2048ba495542244325b8cdb03b25c,1,boleto,1,99.01
b6fe88f4f585c944818db94f580332f9,1,credit_card,8,270.84
dd93431d53b71db818ff6be24051ee98,1,credit_card,3,216.15
"576b53e8a0ba4dbac33bb12976bf8754",1,credit_card,5,65.00
a9804876068f1dabd611c3c2d5d67577,1,credit_card,2,79.33
a853cdd8003fb8372f09eefdb15720f8,1,credit_card,1,173.76
c5548bf423e21fbc422e07fd67df2e08,1,credit_card,3,55.23
"7eaf906a67eb432a7736e3affdd3611a",1,credit_card,6,163.64
"717b5830932c155c67ba3232934a93c5",1,credit_card,5,159.08
f8a8d05d951ce7e359dfd0c67f1de017,9,voucher,1,0.34
"1930384017f3832931c87efb27d455f7",1,credit_card,1,91.07
"2a3841214d240e56b99cea5d97c48a5a",1,credit_card,1,27.75
"407c6c87763b40c6ecbdf86ce3e07d76",1,credit_card,1,49.66
"2f23a9158502cad79609b5f062f56ca0",1,credit_card,1,350.19
d81092e5b4741adbb395bb5aba884c36,1,credit_card,9,135.49
"67b777d7aeb1fefbc4e88626f76955dd",1,boleto,1,133.35
"3612774010df99c2dbad4a7dbebfff59",1,credit_card,3,87.72
"287ca65e8ec4a4f782833a94bf514341",1,credit_card,4,224.02
d9258776ebce96efd9811c6554d12726,1,credit_card,2,233.88
"884f74c6b1d625c13e1ef12d7314a2a9",1,credit_card,1,167.87
"96eb9d1d1588412109dae29e68f86e86",1,credit_card,1,89.55
"940f98f306f127ddd621e4a991e03478",1,credit_card,8,106.97
"4bfcba9e084f46c8e3cb49b0fa6e6159",3,voucher,1,50.00
d63ca971879bcbc2bc28cb2b4a8d1c52,1,boleto,1,116.24
"3d61e9970cfb1669c490645d74bf7405",1,credit_card,5,174.08
"809c67f3dcf8bfdb6d72596c122f791b",1,credit_card,2,193.14
"1809a44d4cfef40b413aa8a35d87903e",1,credit_card,1,34.77
"85fb2afed45145db40381a894fed8d1b",1,credit_card,10,269.08
"2f803c32f469729b9a81a120bcf74567",1,credit_card,2,71.25
d3f0a3be5f46559c2cdae8e04d7e313d,1,credit_card,1,90.13
"63cd4c6c97737eb374e4b09ed5c1379a",1,credit_card,5,872.64
f2662c10f76b66a3a807be48f94dfd66,1,credit_card,4,284.66
"79b63d1f9cf0257b33b04fbfb0847cba",3,voucher,1,35.37
"880995aee9550ecd4518103daaf74fa0",1,boleto,1,2457.44
"54003f7c50e8d6150ba0d26f4b3e3a2c",1,voucher,1,73.38
fa5927f07ada4f44128f6d9fab3b70f6,1,credit_card,5,56.17
d346a1af31b9f42d7244edcba34fe990,1,credit_card,1,9.20
"2fe8db5111a36b97b092a2daa4771e74",1,credit_card,4,195.62
"370e2e6c1a9fd451eb7f0852daa3b006",4,voucher,1,4.33
"251290bd4ffaeb9e5e29158f3ea21c93",1,credit_card,2,62.04
"9d0ca265751868d6105b4e52c50125a9",1,credit_card,2,53.95
"6d5e97cf16f53cf50376b0baecb62595",1,credit_card,1,38.71
"96c1db24eb404d9ef6d36ea064240fed",1,credit_card,1,29.08
ba5582297f33dec2e8dae2ac020c1d26,1,credit_card,1,97.80
"04767604594dae9050fbaf22bca08e6e",1,boleto,1,169.76
"6bc359e26c859e9a1d3d1c157f38c930",1,credit_card,6,62.44
"96b796ae5c66cfff926cfe95448f1d85",1,credit_card,2,113.38
b7bdc34249124db0a0637b568f5afdc1,1,credit_card,4,311.34
e907b2e33705c695c9086a8e3ba8be42,1,credit_card,1,3.29
"219c1d95491f8241fc2bff3a511c9ad1",1,credit_card,2,51.79
fe590d6e861c13a9b394a9d3775b07d7,1,credit_card,5,262.12
c71306562d226384a996365f61966a78,1,credit_card,6,60.05
"5d932f2c9933e832f4a37999ccd03baa",1,credit_card,3,96.70
"6898cc2e6f6ad8fcdc27ed4bdfb554f1",1,credit_card,2,40.09
f889e402bb8fdb62c8e73bb3764cf6a9,1,boleto,1,53.50
d29eca3633b0b60adf268cae9133cd93,1,credit_card,1,56.78
dd50563189de348b0403be6825ed14f6,1,credit_card,1,132.08
"3783d39f4bead686266f9f7b4362ba6d",1,credit_card,4,137.99
"360fe51e261812665da126c17d01a390",1,boleto,1,33.42
"29d0c2dcd3c5d5fc8737f0b81bea7304",1,credit_card,2,122.36
"95a9275ad0bdfee65c7075463fc226a6",1,credit_card,1,126.43
"9c4f3693a36ba481e0d9da739679660c",1,credit_card,3,372.84
"0521b661c320287be1f5a92a52760c8b",1,credit_card,3,194.48
"57a71dc8e0df243b9c6c26ffb4cdaea4",1,boleto,1,39.01
a01a17ebb12ed7e8b1b4a02b79ad650f,1,credit_card,1,42.41
fd61138ce1d3b90993c364c076651c9a,1,credit_card,10,1035.55
"12437f8c2f1cd4825ce82cc6e42ec5a6",1,boleto,1,41.59
accd8ec914c1ab328cfbafe6a5339c85,1,credit_card,1,1.77
"2f90dccb2a52cf21e5f2886dbb8e7eda",1,credit_card,10,107.85
c0cb48c270009fc128318b2f9eda3bec,1,credit_card,1,80.21
"575c25ea64e39b4c7bcd67d46a1fd1c9",1,credit_card,3,45.22
"7a7d2c889e27d93b2005462a8788e168",1,credit_card,3,35.86
"6961987bf1f3af131cc426530c982cc7",1,credit_card,1,48.69
"8756f67f8fca03ed9d9f098a2148c32d",1,credit_card,3,35.00
e4cbb88fcf9a02837b22b1f6f812a9ed,4,voucher,1,25.00
a081d126973c9d0ea499b22774b035c5,1,credit_card,1,29.72
cebe614a9a5e9acd39e3cecceb95d3bd,1,credit_card,1,64.17
a5504f1984f84201ce8630f9b7df369d,1,credit_card,3,279.70
"7bf279350473c54b5d435d700ee6af2e",1,credit_card,6,174.77
ca726b66fb5a8d36376b73e09e4958b9,1,credit_card,5,57.12
"4310dee37e09d3d73cf8c9a63f7b61fc",1,boleto,1,86.03
"47af3c45ff89024653aa5c3cd617077e",1,credit_card,1,31.79
a4b79dbc2ad1b141dcc00a17f2450a11,1,credit_card,8,100.34
"603e15b90edc4dbafc68def34a24d4a7",1,credit_card,1,76.02
a7013426d43f0cb36c5dbe09b84c9f96,1,boleto,1,160.24
a12153dad2df2a9170ad612eb14a99e3,1,boleto,1,186.27
"363b0ca1f6415ac4da76eb3a3d91f191",1,credit_card,2,216.86
b56a08892adc73d4813e06c3e62f6bfb,1,credit_card,2,49.60
"95fd02c37f493e9525e3d3c1ed54653a",1,credit_card,1,98.62
be597ae2dfc955f581832e7430e7e293,1,credit_card,7,79.51
"93d94474ff31149c751c5123897916d7",1,credit_card,2,510.10
"1d7a71c41527b2bc409847ba9b75bd86",1,credit_card,2,65.00
dfb6faf0797af302d9074ab52d997f68,1,boleto,1,40.27
f791b3e41bbd74269effdae85dd311ef,1,credit_card,3,159.65
"97c8ca945a49dec599920c3fd2ed0a55",1,credit_card,3,191.78
"18c2175899ae0ea38308dec32efffc22",1,credit_card,4,117.01
"39deb3539d110b3b863fe3c055395969",1,credit_card,5,185.71
cbb0c3b7cdc8206fdd747d618dc71af1,1,credit_card,1,198.57
"77b17b2f92133e6f97e04418fbd53a01",1,credit_card,1,68.43
ab114f47094abcacaf5888844db683ff,1,credit_card,1,34.01
"2142bac418a228e6086f5294a8fa88db",2,voucher,1,17.73
"55b853b7f8c102926b63840137c88ff6",1,credit_card,1,233.93
"7fc19fa60f9bb0d99b980a47eee3ec28",1,credit_card,5,119.98
"1a24c42d543edc3c23123399b8aeb334",1,credit_card,5,171.44
"8ee5be155201411ad345c45727c600d4",1,credit_card,3,36.96
"4418e54649d925fb8532ff8d11bcea61",1,credit_card,1,16.29
"293fad682fb6eb1ae2fa0cceafbce8ad",1,credit_card,1,65.43
"94cf59885365bee1e40724968aa2f524",1,credit_card,2,173.77
db5a21571d549b443f1b502b880e2358,1,boleto,1,143.70
"68a9fce416cc56ce2950c32b7e70138e",1,credit_card,1,98.34
"9800ee2371539396d5bb270f1e844e11",1,boleto,1,172.68
f2d40f6ced9546a04fec87530394e1ce,1,credit_card,2,25.70
cd43510a9992792a9e22f4e9f8d20f4b,1,boleto,1,383.05
"429ac14af69a71d769fea6b8aa217fbe",2,voucher,1,24.80
c7a56fad11f43d4eb9154f154fdafba5,1,credit_card,2,112.94
"4384784d5523bb60e52390503d3c2789",1,boleto,1,203.34
d1ee985bf7378b46fd1058b35c8132da,1,boleto,1,119.19
"004157daafa0bc8672e01f00e4f0c04f",1,credit_card,4,222.91
"0576822a11b3068cce2e3c8551e4e327",1,credit_card,3,176.34
b4583d271827d4824cdf5ae34b21322f,1,credit_card,1,75.25
"2f4ff136710d68728b138325f3a65eef",1,credit_card,8,86.64
"53aa4b3b6371ebeef116f26798f0747f",1,credit_card,1,29.77
f4cf1adfbef386f1559758ebe5db01b1,1,debit_card,1,41.60
"0f63563be96b463e62d59a8d51ef5d3d",1,credit_card,4,204.81
"02145cbff48d443165378d41c0e49e48",1,credit_card,1,116.48
"73104970a86b9a01354c304ea42ce0ba",1,boleto,1,50.53
dc70ac8fe045f98aac3bc1c2797f6788,1,credit_card,1,21.94
"85ce859fd6dc634de8d2f1e290444043",1,credit_card,1,29.75
"8c3b7db34a579c7e50cdd4c8146a43b8",1,credit_card,6,204.83
"24157de329cfc5610de79f904534eab4",1,credit_card,8,163.81
"6b226bd02458eb747892387b298fec08",1,credit_card,5,84.14
"9e2b4837befe1f63cab8e26686e848be",1,credit_card,1,161.72
"37820e5c04da5c34523175842e470d25",1,boleto,1,62.25
db5fdbee9ab29d55f24c329246e6fe51,1,credit_card,3,104.37
eeb1c54b034dc7fa414609892be66f22,1,debit_card,1,310.67
efadf4336d9cb2a9d13f4472921bef2a,1,credit_card,8,134.38
db6a3a98e587a2b75215bf8f467d43ec,1,credit_card,1,133.06
"6e9b1ed8338411f98f2dd86298e00826",1,credit_card,1,55.93
"64c3463da17e1c9262d302b03a81fb0b",1,credit_card,1,22.38
"28d7626c30f05e9a92ae5a3910f6f603",1,credit_card,1,43.00
d1ac8d5603f587877a5873ac2bbf9c70,1,credit_card,10,182.29
d03d538e1d175455ecad99c3d0ff007f,1,credit_card,3,218.16
d07c50c53231a42008862d777b261ff2,1,credit_card,2,83.15
"5fed29bc3234f8a50dcdafe6754b62ce",1,credit_card,8,172.52
bf7c6e08d475b7f505065edf5357ba16,1,credit_card,4,117.92
b51ffac76798f4b49bed44e8f01a3030,1,credit_card,1,135.04
a7b1a54a2b2cf96cfabf303fccafbc3e,1,credit_card,2,99.90
"2a528a8e3b4bcf1428e674b085ea5f65",1,credit_card,1,43.58
c02adcd4d6cdbf314bce98868037edff,1,credit_card,3,90.73
"42d0002972df88f19a3f50373ac74582",1,credit_card,4,230.80
"166848a10d57ced4d9e4b34c593b5627",1,credit_card,10,1787.72
"6fcb95e455e8f30ce414c08f4a31ccd5",1,credit_card,5,233.55
"95ccb57a457e5cde6ffaf8fa01988e08",1,credit_card,1,73.33
b316ba513e4b801aada1b9a255b327d6,1,boleto,1,162.45
"782c4d5c8798575202f65724099caa4b",1,boleto,1,57.00
"187098e4e124f41f3a325782e3c372ac",1,credit_card,4,86.99
"056bfadd41b8600ad5ecfef2ac132188",1,credit_card,3,35.01
f83390f66deda6e3fe2dc3bbf6fdecc8,1,credit_card,3,147.15
"49dc298f34ef553977f998818dbeb38f",1,credit_card,2,163.25
a269f07880aaf28f6c7d476f8b56bcbe,1,boleto,1,93.41
"0bcb782ba7956aa53f7f565159107488",1,credit_card,1,31.75
d6e320ab3eb91f810c2a3296998bdcc8,1,credit_card,5,96.61
b15a1712256b8250cd6f952c85e4c65a,1,credit_card,1,93.10
"8669133949d3dda2b99bec214c2c299f",1,credit_card,6,197.03
"7c7476b2d50d3aebeed24b79cbc8fb3d",1,credit_card,3,31.84
"4918be3d76a4285405505a705b49d8c8",1,credit_card,3,104.12
"10b4aca7d76f1ff55e0dfc750e4e0016",1,credit_card,5,538.39
e85d619370a54fcece7535b81d3221f7,1,credit_card,8,536.71
fa82d85bb112828230b13452cbd18595,1,voucher,1,112.25
bddefbbabdeabb0d94eff71a795f5ef5,1,credit_card,1,114.44
bf61d525b7c099d79f6e3bbbd7a4aec9,1,credit_card,3,201.84
"897ed337ed4c3fba920924b9143c2ea0",1,credit_card,9,95.00
d57972b73a27f652ccf86430761823d9,1,credit_card,4,82.90
"95e6954a7dcbdd1a6efe5fd1ce397ba0",1,debit_card,1,766.32
"7159e54dc429b82335398dcb355162f1",1,credit_card,4,65.71
faef665b7a0746076cdba7746c217cb0,1,credit_card,1,154.53
b7b4aa00d4e97c4edffa122ab906663e,2,voucher,1,100.00
e9412fef2accbb245c4232829673c90c,1,credit_card,1,15.89
d454d6650d375ebc3f9667a4d2fe161c,1,credit_card,4,98.97
"022cb45264ced2571bbbd8e231838100",1,credit_card,1,52.39
"5d300afae7f792b2a15b92b523a65a8f",1,credit_card,2,104.87
"7e131886d59cb8a02c847ed61228fd8c",1,credit_card,1,61.64
"68572b22ecec176d1f7c9fafe7ed15e1",1,credit_card,3,52.68
"96139d82556aff8edd1cfcfdc11a632b",1,credit_card,8,182.92
"97c03a7db982e3af99d766bac1aadc7f",1,credit_card,5,101.34
d7f7e1d5e79250921c5be8d5ad0d4824,1,credit_card,1,147.64
"5997512fab61ce978490135668b02aa9",1,credit_card,6,139.15
e781bc7ac959969446407858e838fe56,1,credit_card,4,260.59
"41e33d3c157e00a75938cd0345e207de",1,boleto,1,216.96
"51cf34bf04cc3cbf0fddfb13c6245c43",1,boleto,1,53.38
ed82480721701337227c1ab978712087,1,credit_card,4,42.69
a6044c1de1912da29cb76976738d1e2a,1,credit_card,2,73.06
"401ecf90579c9023a8f503e3a58cfa77",3,voucher,1,20.00
c5f0052c5711a034a7b154269bfde906,1,credit_card,1,48.13
"96eeb147a88eecc583923d44e1e85311",1,boleto,1,47.23
"375f6d4858d3dda604523acd6ce26889",1,credit_card,5,66.67
"81c520fc29d03d90934316f0a3b4b82a",1,credit_card,1,31.75
"8024bee268e76b6cff9da86da00f1490",2,voucher,1,125.95
"5fd01511f0ac02261addc2116f223d5c",1,boleto,1,78.17
"46f07e8bd34a0428dc6dc2f334903c85",2,credit_card,1,64.09
"893c67d6d4cfdccd40fb76d7c250d7f0",1,credit_card,1,62.22
"68fac48a2dd22ab289df2ce0a499dcab",1,boleto,1,73.34
"31d78e2d1dd32ee5c8cb1330cc0b2669",1,credit_card,1,46.31
fd35f76586d33671031d89dc11030a4f,1,credit_card,2,57.53
"2bc18e49db20b51c4868e3a9ae25ae3f",1,credit_card,4,52.18
ca212ae794bbfd785ba7d86a1b7e9f2c,1,credit_card,10,1153.09
"8b37f436aea079bd73bbcbe103d14a0b",1,credit_card,6,594.55
b2474e46a04ca0a4e74efac9384ea7cd,1,boleto,1,123.67
bb66054173f41d6e29497808a82a614a,1,boleto,1,34.71
a3c53273ed47fb96dac35247ea42a371,1,credit_card,5,163.79
"419db5644c25cb5226f64b9b0e4897c8",1,boleto,1,161.12
"78cdbeb2b6df14128f5de0a1d2c70561",1,credit_card,4,40.11
"2610d2bf99596ad39295eda07c7f6b01",1,credit_card,2,151.99
"2e612a3508e4bce75344e6bfb68f28e0",2,voucher,1,100.00
f9ea6cc9d3f50070aba77ffd39ef6d13,1,boleto,1,32.37
"8a443dafa1f394bbf651877a75e5a2ce",1,credit_card,3,123.35
"15bbe82a70f5a2449ff1d54c54b508d0",1,credit_card,1,35.00
"8585531565f837954132c3e78ff8afc7",1,credit_card,3,79.14
"1b57522ebd11e3c3cdd09a554847b237",1,boleto,1,148.94
"4172384c4b3c2ef103c55f5dc3086b9e",1,credit_card,2,180.94
"472e24b86f260b32d88c77ddc166659c",1,credit_card,1,90.85
c45cea88d8d8a8e752ffd0b274b25aa6,1,credit_card,5,130.33
"2c3f9230b4b5e62b5b75e294ecbb81b1",1,credit_card,6,133.13
e235f2f2440fa2abd4c0777a2fda1026,1,boleto,1,84.00
efa54a340757446b16f891404fb529c2,1,credit_card,1,89.67
b4ce0b4c7e26857f771d381adf9bb7de,1,debit_card,1,98.48
eecc2228a558c977d240693c7adf6dc2,1,credit_card,3,308.86
"6af818a251febcd39d030ffdff923fd0",1,boleto,1,75.18
cc6e15491d167d2bd2d0eef0d14970c8,1,credit_card,1,107.07
f2ff827e4cdc7ef1dd8a16f9c38e8f82,1,credit_card,10,1005.81
"2ace7e1ba19304db3cc21291effaa7fc",1,credit_card,8,251.65
"50c0b3061124f52038988f4f6a41dc79",1,credit_card,3,150.60
a952ed7dbddb794dba8c2e11e39898a0,1,boleto,1,144.82
"33a67fb276caf546d718a4b4d19fea26",1,credit_card,3,74.03
ce9a4145e5720586690aa60fd0128597,1,credit_card,5,55.10
fb37932de0ff192d4c2a5054de38bca1,1,boleto,1,170.28
"171c622bc5e64b427c2708aac335fe6c",1,boleto,1,107.00
"2fc528da1a706c355f00172b33bf7a1d",1,credit_card,2,62.78
"14d5f7d2a3755fbd4df406ef4c4b400c",1,voucher,1,10.02
"4504f8543dd3f7dd135af10e8fe82438",1,boleto,1,99.13
d591a97fad2791ee9d973b748fd1c4d9,2,voucher,1,30.00
c5496f84549a814974881b9f211c66f0,1,voucher,1,182.59
e865bd184ea97ef3be5f3a47a0be59f0,1,credit_card,4,165.80
cd9fc86d944e6e7e6845deab57fdb8bc,1,credit_card,8,337.09
"9bcc43446a687456408f7c92cf486f48",1,credit_card,1,38.90
"4a6785c73413aa4b53aecc0c88bf19e3",1,credit_card,1,133.34
"64ab2c6839851c83db137182286cd9e2",1,credit_card,1,56.22
dace8fef361782cc885129d17c2df11f,1,boleto,1,71.71
"2a706f26985a0ee65dba057a050eac52",1,boleto,1,100.95
f1b4852f185fc393a2dd79d83f079119,1,credit_card,1,106.56
"33d4257aa190f034f74c6626a12b6e53",1,credit_card,10,228.71
"2e175b759e9d426f83e9b55b6a0661b2",1,boleto,1,36.78
bd4b1315e0c46475e9b9b287f60292ca,1,credit_card,1,56.66
b4580174bbfb1dacc6e2cd89251d842a,1,credit_card,9,95.72
f76b5b738102e664c0fee7647646074e,1,credit_card,7,74.07
"995daf9c525344acfdbc27f4da55f205",1,credit_card,1,60.05
a158403af039363a043ead0c69f1fd2b,1,credit_card,2,190.37
d121027be5b028cea6170824da6bdbb7,1,credit_card,1,53.10
"912d6ebade30677cea365478156ad6d7",1,credit_card,1,335.09
"5c94016e2e826e386554fe7e183161e0",1,boleto,1,47.82
"2ade26ce6c23d8df75d4e7444128fc84",1,boleto,1,115.16
c1c06053c21d197688b79b2dddbc0560,1,credit_card,3,172.58
"015e051dbb2407d4bd305635e46b732f",1,credit_card,1,44.30
dcbd516c0f39081a5e542ef76bbc3fe4,1,credit_card,9,91.23
d1a400ce562574516f7678085b06cb43,1,credit_card,6,147.14
"1e077c24035d25ddca3736f56d3e19a8",1,credit_card,3,100.34
dd8532619e81337caf4ddc77fb34d981,1,credit_card,2,43.10
"7cbdd21eaf3b8934a3b11338c0f3aa7f",1,credit_card,2,59.24
d7f4e2f755cf2f40aa7c39804cfe01c4,4,voucher,1,30.21
"47bd07d647eeb63f437e58a1ee3b3733",1,credit_card,8,88.10
"1196240b71cd166c2b75a3a0c9ded394",4,voucher,1,50.84
ea3d171a91e27a6f523ad45abb5dcf20,1,credit_card,2,189.56
"9720bd5580d585bdc13b3da5a5197323",1,credit_card,4,88.07
"59a102271eb92484cb4b57af66a13e02",1,credit_card,3,149.45
"331179a115e1b772b2f4ff3f99f0c713",1,credit_card,1,75.51
"8284b00d4745bed4c4823f738941718f",1,credit_card,4,68.15
"5b6c9104077ed7c867d2f785f33f5828",1,boleto,1,154.81
a611edf5be0b4e8838e79005178f7ee8,1,credit_card,4,130.84
bcc7f6ccd348b4d5bf8f4f7f63d4b7ef,1,credit_card,6,66.44
"70b8fcabbd42bd4e6bb39052dac647d6",1,credit_card,7,75.32
"8672506d76fd3df6ade72da99cb43c91",1,boleto,1,110.40
"765077a5aa4353d785afcdccc40cbfd9",1,credit_card,7,514.41
"20b35fad7bb43c9b2e1d1b2e7b894ac5",1,credit_card,4,230.25
ceae0f133957c3337b7f630eb8bf80d9,1,credit_card,2,163.82
"9d230d6d2c7b315e6420c9f2c0a85938",1,credit_card,10,146.40
"94b6d26a3b28fbbd1581ef1a4d3ba80d",1,credit_card,8,83.88
"073fa4be4665f397a289842b1053229c",1,credit_card,10,285.02
f99f27c6436299deb7afb301de293eba,1,boleto,1,186.44
dfa82c0d8cadaa36975ca3f856251e6c,1,credit_card,1,119.25
"5ea599a9a67fae7fd7120b2b9add8a60",1,credit_card,2,23.85
"958aa1646dcfb7f03d8c959ba685afd2",1,credit_card,4,177.86
e989ba2c566a8bba506c12084cf211f1,1,credit_card,10,566.05
"6d12f43a6648af8bcbcba202eab3a428",1,credit_card,6,67.01
"4639d13dd176fbaa7ea1b4429449b8ef",1,boleto,1,250.48
"919478165f319106c2cd5c2d85ec666f",1,credit_card,2,75.69
d3e53c591789724dcc2d50d69b06d55a,1,credit_card,5,68.87
fcf9b8fad0bf8c9ebbe6ac43a434d0d9,2,voucher,1,2.27
ccf967a8440bf2aaadc913877f7fd3df,1,voucher,1,31.20
"7ac220abf3a320355ee2493db7555d03",1,credit_card,5,96.32
de7cb4087303bc8d6dac30bc222fdc12,1,credit_card,1,97.00
"8aaa6469d7ef4134e807e6b4da146012",1,credit_card,6,60.17
"83018ec114eee8641c97e08f7b4e926f",1,credit_card,1,5.96
e760839bf2e95526c08cd98abaa16804,1,boleto,1,93.85
"413d21c694c928b464c2cc8d3904b2b1",1,credit_card,4,68.41
f51de224914539ecac4ad066fcaa5a1e,1,boleto,1,44.49
e834b1811f1b453f8c3c5823249b852d,1,credit_card,3,135.49
c0e11158f60abbb6f96d74228e67d44c,1,credit_card,5,278.04
"9dddf1bd736b9571dbdb39f097768961",2,voucher,1,15.51
"46a5c63af66fc95c48a6aa738f69049b",1,credit_card,10,618.28
"141e9339279b23d1c38a8512d0e9ba7f",1,credit_card,5,51.01
"55722f117fa81b20ab36bbfc3c8878dd",1,credit_card,8,105.97
"418f645ce19284efcb0faacc40f563b2",1,credit_card,1,27.00
"0bbb3f7791a87d0307555e57da3a1ff1",1,credit_card,7,76.20
b39de9ed2bb8fd08a970e4517c698824,1,credit_card,1,121.30
d2dcde253b72954806e86ee9f7995770,2,voucher,1,7.98
df5e0e070c372394ac03c781fcfc443e,1,credit_card,2,56.78
"36af5b0b0ededbf6f30d1d809f05536b",1,credit_card,2,130.66
"289e6f8bee1d0394dda10569516bfb27",1,credit_card,3,228.66
"3474f0d4ad10782520a12008a9598dac",1,boleto,1,79.53
"2a93ce7a0ff5c657ce85f7b75d26408f",1,credit_card,3,54.20
a80d60911463339180881ccd9364d98f,1,credit_card,2,346.96
"6d5f4523e4747ceffd3e84b2d9bab9fc",1,credit_card,2,144.31
bd926618e549292e1aedabc96e833117,1,credit_card,7,77.57
ae0c90acc567c5caed29567429c341c4,1,credit_card,1,45.21
"32db4da13d5f0ad10781de19e0973e88",1,credit_card,2,22.84
"7cb37a7683b730111ec9b816a16e9f18",1,credit_card,4,82.02
"21e751f0d78afdfe36cb0e8fe45360d8",1,credit_card,3,206.11
"160e42cafe7b4cd5750459a45e25e307",1,boleto,1,43.52
c61956e742b7b9e644a1f4ed0f6f941d,1,credit_card,6,87.03
fa2f06a4a4f3bb8b8045087e4b3cbd3d,1,credit_card,1,84.44
"24ca685e5655ee79182c18a5f5b1510d",1,credit_card,1,61.60
"9f817d8c0e8b270ec0715cb1c5e1305c",1,credit_card,2,106.77
d61da25757f95c373437060c5e2ed688,1,credit_card,3,157.30
ac61010b8d348d62726ebfe687b026f6,1,credit_card,3,248.94
"153ba9c8183c2c6f39e8191d50cf0255",1,credit_card,4,42.98
"9609b17631c31335c7ee54d0b9dc5716",1,credit_card,4,74.01
"3ebcfe0e628a860eb240b63084495439",1,boleto,1,82.74
"7a72c1fd5627aa02ca282679bad2ebd1",1,credit_card,6,319.94
c7077af9c2e19b516a79690cab23a96d,1,credit_card,3,154.73
"46dab7df33775120f347d8f350190e06",1,credit_card,3,117.96
"6ccb433e00daae1283ccc956189c82ae",3,voucher,1,22.72
"52dad0f7bc913b9f6bee5df584adeffb",1,credit_card,3,86.44
a6bd0e06851775efded00d296685e0e7,1,credit_card,11,112.76
d8b4993a29bdafff6aff3ddc66a8eee0,1,credit_card,5,62.91
cd4828e8be3a0d85aa38a986e0f4db6c,1,credit_card,1,36.69
abdd646748be1db80232f95e5f937154,1,credit_card,3,183.40
ebfd84fa76eb56fdefe0b656500fac4d,1,boleto,1,37.22
d5cda33c87a415a696188f2f71799fe0,1,credit_card,7,76.44
fb0e638d6e547a08f79bdadcddfb7dc5,1,credit_card,4,80.21
"01cf88c5fb4298435526a5995720807a",1,credit_card,8,122.62
edaddb20d1600fbf9e1cd5d30a7e9198,1,boleto,1,117.85
"285c2e15bebd4ac83635ccc563dc71f4",15,voucher,1,2.70
"9c94a9a237ea316d0943b5b635bc2598",1,credit_card,1,173.59
"10f5fe5b5df0a26f8cde1390295fda43",1,credit_card,1,49.33
"9c3ac80bb91312f5c23ffc1097c4ba7d",1,credit_card,1,17.77
"4150ef14f79d08c4772445de6db77c0d",1,boleto,1,35.00
"81a6ac5a2e54ea1f2883d6054be7b339",1,boleto,1,36.02
a4b19ba687d68b54e5598956990afa98,1,credit_card,8,369.60
"5b685c100fca33dd8aabfe1e6fb0d62a",1,credit_card,8,156.61
"431fe12f4d24d8f61a0947c0bc842a04",1,credit_card,2,63.10
"0ca29d76f0116d46b7b5f364523feb38",1,boleto,1,125.44
"22a9cd3f27980f3e0316de378a8b0d73",1,boleto,1,118.93
e7f7f03bc8d696fdb62476341f1506f4,1,credit_card,1,88.92
"9321040d6f0176fc3327a596dd023d6e",1,credit_card,2,71.07
d3a93984e59258e140f2bb4784be7bff,1,credit_card,6,354.76
"243e95f7ef35f86a258727975245bd4d",1,credit_card,3,173.89
fae7dc0d8a654c758ccafa1a6bb974d8,1,credit_card,1,73.34
"48a9ea3e1c382a1103caddec631502f7",1,credit_card,9,93.19
"0cda834be88c6e549a9895efe5e0b49f",1,credit_card,10,243.12
c623390ada8c2e0bc96506ee6d9d0667,1,credit_card,1,37.94
"25a35f3ddac45387a6140eefc740d2a5",1,credit_card,2,53.89
"7fe8e22ba2618c5ddc0ddd48c6d4760c",1,credit_card,1,35.24
e97b6c48831b0c7d2bdfe4ea2f18108f,1,credit_card,4,105.28
"1b90f9331b9a9fa6f2563ea6a3bacf1b",1,credit_card,3,313.60
"612369de035e9ef7674cb2af64987979",1,credit_card,2,37.46
"2735532a26f2d78fdc1dbe9467e0d8b1",1,boleto,1,154.19
"2c28c8ed0ab7031e787379318449b44c",1,boleto,1,49.22
e6602e10c88f7439767c3edfac0b00d5,1,boleto,1,152.41
"7714757e3e3208a4bb46a46e52596c78",1,credit_card,4,88.08
"5377d92bf883c16eea93ee9625f3190c",1,credit_card,4,92.57
b842e9225252d13f6af62ff4508d7c43,1,credit_card,4,102.82
"5f61b71c278e0e65231c70f058f4ab00",1,credit_card,8,206.99
eb5daa33a38be17a7386908ce4561ae0,1,credit_card,10,226.66
"422040395c164b8b5c0255af3c710646",2,voucher,1,119.76
bd67f781813f153083d633f8c81d0820,2,voucher,1,100.00
c51b35954aa4164be11e5568091b9b67,1,boleto,1,49.00
"7423b4cc85c866b575901e064a27c5e1",2,voucher,1,100.00
bb18523b647231a531a5d3e5fe1687fe,1,credit_card,10,519.65
"67514fcb055f334d27330858482a410b",1,boleto,1,169.43
f73eb3272fd7648a3f673c87768d61a3,1,credit_card,4,85.60
"6574995f241f25d2de43c86d1031680a",2,voucher,1,119.48
fa8ce665c349b97a0d3becbcbd37c849,1,voucher,1,95.12
a4b9b64c874a692b4b2cebf1fc417789,1,credit_card,1,29.44
"9d616aea22291a579903b65ec945f2dc",1,credit_card,3,286.59
a5c681209e1bcb90066e530c285ce2c5,1,credit_card,2,98.44
a37c35b30b6e6d6e5a62c846cb093a32,1,credit_card,1,33.71
"373e33407e16fe7b1ae7de43384958fd",1,credit_card,2,279.96
"2a1a1f086c448fa487f63805dcaf4974",1,credit_card,3,73.15
"665f27cd53c438276f8d03532bdaa047",1,credit_card,1,164.66
"6b17faa4e2b485586a3bbe992eb96d0a",1,credit_card,8,839.61
"32ab57d50a48de6379e2506ad1aa2b03",1,credit_card,10,127.92
"7165aba369a4514fae50be36d6b5e592",1,credit_card,1,81.50
d889a5c3c332cab5d493b0bdd9b8d295,1,boleto,1,94.69
faa068942b581bc31538abdea52e6f35,1,credit_card,2,111.85
e8745aa1fc53254235ceef55710dc6ab,1,boleto,1,319.14
ed697c56bd912fb0016d4a090aa10b2d,1,debit_card,1,154.19
efeb57b095ad1d83a933437cb2c4837c,1,credit_card,2,229.69
"1d3b8d78074e0b50f10346941e67e9de",1,credit_card,4,45.14
de2198669f76c1dbd0d137f101a7d6f0,1,boleto,1,258.35
aba7884f1a6e6e52b774eb7654651325,1,credit_card,6,685.69
"6fb6e809fba02aa50058be7a0e3ad532",1,credit_card,10,198.74
"338fbb25496b4365065adc83c56a0729",1,boleto,1,247.04
"99687fd750781ecf475d632c33a533ee",1,credit_card,3,308.36
"057a97c066cbaf1feaba87f5422ce04a",1,credit_card,10,423.59
"5608ac7a2d4918bf9d1d1ee11fd5dab3",1,credit_card,1,80.56
"82fb8895a278d7ff122edb5df3e4abed",1,credit_card,1,80.20
ea9fa4f97dba6807fd178a433ed17032,1,debit_card,1,29.69
"76031077492a53bea99bb3eb41516b94",1,boleto,1,113.62
"3dd511776a28555feea15407b8a6989b",1,credit_card,1,51.84
"1f2add19935fc1d5e1b372fb638d8c6a",1,credit_card,1,46.75
c2100d40d4b85ba8fc3633a85df8af87,1,credit_card,9,494.87
"67769a73846d87e262821ff4761545d4",1,credit_card,3,149.45
"631e1f23f43b7ccee3a0792a1852c931",1,boleto,1,257.56
"19e9072a16886c91fdd5127eb6ffaa6d",1,credit_card,2,51.57
"5ba2ed250b6f47416b0a787bd4deba63",1,credit_card,2,52.05
"1bab677b9e102b60c7e4886e44d57a98",1,credit_card,2,91.53
"512e1bc04cba5e60dd9771fd860c6dd0",1,credit_card,1,39.00
"6c199b299fb721a27ece7358cf2be1da",1,credit_card,1,156.64
ed9cdcd0c62219331616e805ca7a824b,1,credit_card,3,106.16
b7ea644dd20e7c8cd6d08bddfb090a6c,1,boleto,1,208.54
cee1a87ab4ea96b3259a9e2d1f02589b,1,credit_card,3,30.41
a4d782cea9ad01e830a3603bc4e7a716,1,credit_card,1,197.80
f84774cb3dcbf3aa3ce51aa77d0f5ddd,1,credit_card,1,40.01
"488bbe7460a648792b11ac9b3755e44f",1,credit_card,8,323.68
"8e707812f80da2b0d195e6b1c1950783",1,credit_card,6,138.13
"3b98cf066d0d2a5121f8c95bd97816c0",1,boleto,1,164.70
"20e001ef9eed26db199b0b95f59512f9",1,boleto,1,145.10
"408fbff46d0cdb99d7aa42898519ba13",1,credit_card,2,177.59
"4a0217620e6f7eeca8f035dbbd03a174",1,credit_card,1,255.07
"3822b25e989ac059e7f232678b67a465",1,credit_card,4,91.79
"4ad3c4a5d22d7d873f7fa8ba7ef86c9f",1,credit_card,7,181.10
"055bdb24d39579d9c7b5d26176d05573",1,credit_card,1,113.47
df71ba0f02310921da0a5e4f708916a5,1,credit_card,3,352.25
"500c038a3212b71500554116cf87552e",1,credit_card,1,222.71
"62e138c8749daff0e0074cd937a0886d",1,credit_card,3,46.29
afbcde4d65b89fd05616ad0cab26b715,1,credit_card,1,35.09
"7198e283e4a0c1146dcc3f5bedd276c2",1,credit_card,1,35.45
"6fa7108940c47458d4fb891b0b6a8a21",1,credit_card,2,108.07
e17f915ae8dee836e44f72c948c09d13,1,credit_card,10,228.82
"90c12c43daa0435fe23b69ff3f76d8ee",1,credit_card,2,94.74
fbf721837a9b13e4cb71778b5326a00b,1,credit_card,10,191.13
c7b73b6c33cd593cf69c46d0dca48375,1,credit_card,5,75.22
"9093d1fda3e04c4f34b2cd7b0fc18549",1,credit_card,3,250.89
b3f8cce18de7b670b4bf149957000470,3,voucher,1,12.35
"26e3ef9735227d94c5e14a0a461d0ab5",1,credit_card,8,103.26
"0660b9ab6d1e2653ba4395a095e58cad",1,credit_card,1,139.62
"347d4f4caa9013e50f10654675fa35ef",1,credit_card,2,144.91
e7f30a3abdc763c660d1dc442dce909f,1,credit_card,5,133.10
"54282e97f61c23b78330c15b154c867d",1,voucher,1,166.46
e40d0c72305e1f0be6925df1e4378221,1,credit_card,1,665.62
"2228de938a229c135ae3bd0bf71a128c",1,boleto,1,165.59
"4b641d699688dcb4ede9708f83bd3b5a",1,credit_card,4,124.74
"7e110c45faa244ec4ddcf4f1c995b389",1,credit_card,1,127.69
f5508c24aa4418c7069ad5a43b06bdee,1,boleto,1,25.04
"793c2f0661686b1d7e18efec8c4b43be",1,credit_card,3,104.73
"07ac486a7e139e73d66011849fa5779d",1,credit_card,1,63.31
bd034c2007f69b20fc34a194133c99f7,1,voucher,1,35.35
"552de4f2b6a656a62b913a24c76b82a7",1,credit_card,1,25.75
"29e6f39d57976e61801fbb8f266f30e6",1,credit_card,10,238.69
"5ecd7af8497c9aeba11b9f0c79c0b466",1,credit_card,2,103.04
"9e1ec0af4a9a7144a46d158211aaeb12",1,credit_card,1,85.48
"72c8f22acc8e3ccdb8fd335aef2c00a2",1,credit_card,2,136.60
"4be354605f898bd7290366706f07d622",1,credit_card,1,30.60
e97d413be381af1c85a368973f38ad0a,1,credit_card,4,76.02
"38f57eb1c562736170e0f20b1bb481a6",1,credit_card,1,48.17
"96afce615acfe22de83ca7f0ddcc27c4",1,credit_card,10,317.56
d0e9399904d8a9d40da9642d0023383e,1,credit_card,1,98.71
"1431ee47e31c27528b8ae56b66689afc",2,voucher,1,30.91
c1ddb9a2ec3bae0156fed0df64910447,1,credit_card,8,194.00
b387e886ca5c0ec6c0f74a67d7dfc141,1,credit_card,1,66.10
bf5fcdf1603bb35d981edec95d3ac6c8,1,credit_card,4,40.27
"1db131c48c4d22127882402aede3f5e3",1,boleto,1,36.69
"9b623f617ee8289775f3fa94ee0e41ee",1,boleto,1,117.85
e7126a85c2b327968a0ad83a82b75442,1,credit_card,1,55.36
c3fd18a4aeb8e2d589b0248ce60e91b7,1,credit_card,4,141.92
a5543e119a631f1be4191fbc2c5e1e07,1,boleto,1,68.25
ace40bfbb1899962a31befa39dd5045c,1,boleto,1,74.57
"41e058d34a41343f01cdc9a6add38423",1,credit_card,1,169.35
cc5bbe32adca312ddc1d24d3dcf803a2,1,boleto,1,84.02
"244eca4c9c8dd0dd793f6ea85d5ddc7b",1,credit_card,3,175.82
a8761faebe02e29fb1af2239116807ae,1,boleto,1,489.09
"070fcffce3b0a655482d4f5f11607599",1,credit_card,10,163.78
ed0a6265b5b0a292cd537214f401f1fc,1,credit_card,1,80.32
"8fc45fcea7ef26a592a2f96dc5fd9b05",1,debit_card,1,22.77
"09f8cd8a102b3f3fa2d5db0c6aee489a",1,credit_card,3,810.13
"6aa222e4b2f1f711130f9d7f805f9162",1,credit_card,6,201.95
"7133406d1bd96132730da545d3bec6f9",1,boleto,1,338.60
"73d180818896fc261f4c0939225b536b",1,credit_card,3,32.79
c161b053af12f2e1a9562da2f4901b78,1,credit_card,8,104.37
fbacbe04cbdc1c9aadf3409a9aa1e9a0,2,voucher,1,300.00
e11c61aa2d539f826865ea728496f6d4,1,credit_card,6,88.34
"252a85fbb824c236e3b232f556edfc68",1,credit_card,5,159.76
"91f773f9e0ac13fce1ee51a83ded4b02",1,credit_card,2,314.21
b4319389e5cab88511c93e1f16e66c69,1,credit_card,4,42.77
"5a5f3655d1d2c0a31d9ad1eee421ce81",1,boleto,1,68.45
e93728e408aedf27cdd31aaebdca3638,1,credit_card,2,215.60
"39e5c415b7b8caafaae7fd1a4b191087",1,credit_card,2,110.70
c52d5e30c1888a9dfd21be72d4053d12,1,boleto,1,208.80
"5e41ebabb65c9b6a46dbbfee1b4d6a4b",1,credit_card,1,22.29
cafe257a6af47e3a0f99d202c0bbdbf4,2,voucher,1,1.63
"725c1fa3c54ba6790dd13c3bc9af21a5",1,credit_card,3,96.22
"09d6c2dd8c08336a2cbd1c449a2ef158",1,boleto,1,127.43
"16ce87d063ff5f7dfe9bc57bfea8d6f5",1,boleto,1,116.57
a4ad6c9d90cb5eeed405fd63e9b371d6,1,credit_card,2,56.84
f07401e4337f90835db57d8bacabd310,1,credit_card,10,908.84
"99bcaf97ce53d503eb254ac49786bb13",1,boleto,1,87.42
"444444b7f836b844b14afe3e0fc9929f",1,credit_card,2,79.52
ac09156639c3a0b85f197bda6a3f42d2,1,voucher,1,195.33
"64cf1005615f1de47bc3715fd74f95cd",1,credit_card,1,75.66
af5135a5de31b24d91e4e3b75b44b896,2,credit_card,1,15.37
e314e6d789aed6dd06d509d869047a7f,1,credit_card,5,414.99
"3e24e141d5703b84337db96998991424",1,credit_card,10,266.94
a070e8f0f3a26a42c6c333b6d3a04dd2,1,credit_card,2,21.76
"5cf6b83ea7ea941824c64e4933f5efb4",1,credit_card,3,106.87
"5fbf0b33d959fccab26b945f15707bd3",1,credit_card,1,174.56
"133653359984cfee2030890e2e117e8b",1,credit_card,3,39.09
"6c2c70815110121a6d8183b1f605bce0",1,boleto,1,113.61
"6d0f81ca5d316d5a79829a1cfaf85237",1,credit_card,4,313.86
"1824f26e1fdcf75b43c6849e90f2c3b8",1,boleto,1,157.20
"0a814fddd9db7c515225361a87b607bb",1,credit_card,1,49.22
"0017afd5076e074a48f1f1a4c7bac9c5",1,credit_card,10,853.39
"20944cd8392f8ef8aa2badeda97adf33",1,credit_card,3,158.66
c8a118d2edafad1835b83c6a42145427,1,boleto,1,69.90
d1e799b4645be8aef2337253468a31f7,1,credit_card,7,140.00
"17313705481d054edde23cd5c42a0819",1,credit_card,1,54.36
"7e8756804954a036bc7bba08ceade465",1,credit_card,6,310.91
"0240111ef6f94ee97599bd002acec1cd",1,credit_card,8,223.99
f08ccdeee7a1ecd1ca57a7832f0ada4b,1,boleto,1,37.90
c7dd323224f4c34e9014d0a89e987b47,1,credit_card,2,138.92
"98581968a67aa2f3caec55918077f7c4",1,credit_card,8,96.22
f9a84fc50b50973cb20ce6494f8e7eb5,1,credit_card,8,209.06
"0c66805964db8d43c1c81402e3433f9b",1,credit_card,8,223.88
"95e6c94960f10f4af53767f027c9eae5",1,credit_card,4,296.24
e8794f8491ea025138cfb2005b927693,1,boleto,1,36.78
"7d695cbb791e6b56ac8a913e1fa9fbe8",1,credit_card,1,29.09
"7cb430e983dbba3559fa0f62ec454d5a",1,credit_card,2,70.66
"32f4f0673547f9e7bef5c7d24d8f3a87",1,boleto,1,75.85
dd1d5e5b6e4be8779186eb9cafd2f44d,1,voucher,1,20.00
"163b53e265c530cded6553a3b5d485cd",1,credit_card,1,71.82
"831952ca04d1d36924a04d74adf09a8f",1,credit_card,3,56.78
"9aa4615642ca1c84d5158a8281a919b7",1,credit_card,6,132.04
e94de4ac53c1d7b914bf6cdb13fd9ce0,1,credit_card,4,216.60
f0c8f501afe22bb7a23e3721bcc6221c,1,credit_card,1,89.88
dbf8b161073da5d187b1b739a7dc9b86,1,credit_card,5,246.99
c2453c426084d540cbe9433887844fd8,1,credit_card,8,785.57
e31f08a6838e8fe22d5850d237cdb1e7,1,credit_card,10,167.86
"252f06dcd7681afcebd85eb7ac245b03",1,credit_card,4,121.09
"2b9ab62e402a43c64978b895150c6c0d",1,credit_card,1,85.27
bfd57b73f299e0d78761611486a49de9,1,credit_card,1,138.39
ee952aac074eb5c8cf647ff715c6d8f1,1,credit_card,3,327.62
"6fa2b34b44af3aa81c0b080d0c133338",1,credit_card,1,78.28
"80db8ac25fb7d41df0043cb440bb659f",1,boleto,1,226.90
ebddf8921a89c56e1f375877575aecbd,1,credit_card,3,35.15
bf80d30d4654a34a647d0e5db84a5e2e,1,credit_card,2,77.11
"34b5c4f2b088c66075f85fc2291cfa06",1,boleto,1,316.01
"52ddc3eadd46c7e307948af912acc3ed",1,credit_card,1,55.75
"1b96de55f67268aaa1052ccc6cd7f831",1,boleto,1,72.07
"36ecb03adac621359783057bc20bddb9",1,credit_card,1,61.64
"81897e3300d655ed456f166e3b362b2c",2,voucher,1,95.88
"249452100d5e229072c817e203bd28aa",1,credit_card,10,627.66
"3cba655faae78feacf27f20900c776e0",1,credit_card,1,79.81
"46f8ad0d98c5c3731e1e7988e45f4a4c",1,boleto,1,65.79
"56f1dce758e68c71032960e398462d6f",1,credit_card,1,94.30
"27c49582f6db334767487df0646edb04",1,credit_card,3,103.55
"9436cfaa861428f70a41ac0a7e91d752",1,credit_card,2,47.87
"94bccdb5b708ee435e70b46d4d5619e2",1,credit_card,3,70.17
e14ff08a4c4bd0fb4ac0edeb17f47d5c,1,boleto,1,19.26
c09ea37d3dd207e756102d311bcdff13,1,credit_card,1,73.34
"5d98c74c9456e1af5dd506e16a9d5993",1,boleto,1,172.40
d001290419ddebaed22e4089349d4258,1,credit_card,5,147.81
"9ee3b22242a910b9fb5ee4ce5de709ab",1,credit_card,1,75.25
"02e827a9f1e829b50b81eb9e26588ed9",1,credit_card,1,67.68
"368b20312c68710e9d75cbb5cef5c469",1,voucher,1,18.85
bef875448d5a4f703555d2dd5f8382b5,1,credit_card,3,159.12
e938a90514cd29b81f7e88eb8c918d12,1,credit_card,8,82.19
abf95d8f93963d70ab53ff935297c315,1,credit_card,1,321.54
"79fc35987a8701e074d350a33925d818",1,credit_card,5,137.46
c7cf98eae37902869c4e92aeb9db5c72,1,credit_card,5,138.62
abc8ac6610c6497964008b940aa99342,1,credit_card,1,61.20
dd94f2867bcd2be2229f44d7a0df4e5b,1,boleto,1,56.92
ed1407b1e486fadba3e6cd4460dccd56,1,credit_card,2,190.37
e182a452122b1137aec51d2c736995ff,1,boleto,1,69.73
"5e53b775597f422cfe12f743bb0b59ba",1,credit_card,4,319.09
"2d1127e130b6702121a35862a2840d3e",1,boleto,1,83.23
"5dbd99a1d0b13836606e44c8efe79fa9",1,boleto,1,87.71
"6518924bc9a484b955e621ee87bc2b60",1,boleto,1,93.03
"255027f86805cf2b3bb4e4982f0f236f",1,credit_card,1,124.50
"6b273a63c1e26cdd0d6c8099218fd1ac",1,credit_card,1,3.80
"71cb873fdd4adf163236f26b9dd7cafd",1,boleto,1,86.15
"1a269df4715562ff85e2ca1830249246",1,credit_card,4,136.60
f6e6afb31fd4986da7ac663a6b0c93b4,1,credit_card,3,86.54
dba3740d39b81258d8230a4889bd0fe2,1,boleto,1,95.99
"3303a91e8a879bd0c64fe750485298b0",1,credit_card,6,87.96
"25dbb5b0e8fffe7add495cf01a2893d0",1,credit_card,6,767.29
"62b22cf8987a8a48d638c4bcaf7024ce",1,credit_card,5,174.35
"53fe06ef88f994c4cd443f9c93ba8117",1,credit_card,2,163.97
"139566ca96ac60204ca4fc24f52d8c83",1,credit_card,1,39.98
"44440fdd29ac17b06eb5c690b95d19ed",1,boleto,1,197.79
a3f91830d0e848e2824d4c772ebb7772,1,credit_card,2,100.04
dc3c5cc14cf6712c4e47880da72f341a,1,boleto,1,46.20
"1eea5cc217ecbacdca75369789d9774c",1,boleto,1,130.36
"2978901accabf6eef42711d8133a62f1",1,credit_card,2,223.97
"4fed7e164d72f95835ee9b4fdd2ebbe1",1,credit_card,3,51.14
ea1210816b91efb1908d9ba1bbcdbbba,1,boleto,1,201.15
"06a02ea4efeed60e7e8e29a50d4bedaf",1,credit_card,2,141.32
"5b9714d8a4016e5add108c3ebb3c21a5",1,credit_card,2,69.54
aae50e3ecf0a52e135b59e3df0d18c84,1,credit_card,2,92.26
b28f406dacca37ff27d85f7982344d2f,1,boleto,1,122.80
ab208b143122e9e71bd46dbe322baf85,1,credit_card,3,32.63
ac5bec9923eff67a7b009e9b911568d8,1,credit_card,1,32.37
"93ab2952953f8810d320c99c1ddead0f",1,credit_card,1,223.88
"47d4cec8efbcb39b6dad3398a957ae67",1,credit_card,2,135.08
"521a65cfd386ce592bb2ef094c71ed9a",1,credit_card,5,116.23
"2305d46c47c716885a276ec1a322b612",1,voucher,1,80.22
"18931048107af46874dd4bfd3e5a8aae",1,credit_card,1,184.17
"8a86aed13f75de6f6db042ac9465e231",1,credit_card,1,40.85
"99b492e774feb838a15101dc48ecb6f0",1,credit_card,8,88.08
"188c1ef63c6dd2e06120da3ca750e86c",1,credit_card,6,126.22
"38bff8bbf4905806b94884c0124dff22",1,boleto,1,49.85
"21ff4faf5460988340a9675233bd0d1b",1,credit_card,1,3.60
"26b5660725133bc74bfe584874b637cc",1,credit_card,10,892.16
"00c42b1633c1b2fa4e937bf312466561",1,credit_card,5,55.00
e5af3df04e781dc26254b1bec2563848,2,voucher,1,20.00
"7658a7ef580794d45508695d05ba90cc",1,boleto,1,74.67
"079ade008533bd5cb246826aceace87d",1,boleto,1,48.72
"5eeef0a291829b4a3e2ebfd8effac242",1,credit_card,3,65.73
df719e82188cc47552d259703d5413f0,1,credit_card,1,168.82
cebc01d93a6f61df440ecaeb708edb5d,1,credit_card,1,77.55
"1bb21adc611ec6709cf108492c166a18",1,credit_card,1,85.82
"99bff4b728e46cbbb19efcbfa4f172c0",1,boleto,1,130.80
"2b2dd432bec6d33562a2dd8962ff1e61",1,credit_card,8,86.99
eda1c58c902319868f5053e8fda15c2e,1,credit_card,10,307.80
feb4e69949791cedc24d210212eb73ce,1,credit_card,5,252.00
b1e45a9d2437f4116c3ff5de92d2a527,1,credit_card,5,53.60
"1874385b2e1267b83f06520d354ae9fd",1,credit_card,1,27.60
"319bc0c166b503154f66246b54a1751c",1,boleto,1,43.95
b93ffbad842670470ec41f35a317ee65,1,boleto,1,83.11
c88cb7c54b20df1c37d529408b255d41,1,credit_card,1,209.95
"608f10c703cf4a52527bfe0ae0afbddc",1,boleto,1,167.76
ccc8a619ee734c0cb3d63bb11c76e242,1,credit_card,3,614.77
"9acb3498d6260bb0844a9153e26cf8bf",1,credit_card,3,148.14
"781fd3ed9622fb02b51ba3fd214710f9",1,boleto,1,148.12
"60d0d7f6e4119e9a4630876994978c2b",1,credit_card,2,263.89
c8a213120beabf236f804ec4212fe950,1,credit_card,4,92.89
b110523a5f9c69ad95bf8247062f0ba9,1,credit_card,10,722.25
"0f5feae20ee62fe5f7320dea993a841c",1,credit_card,1,31.86
"8ec209265a47650812217445916b21ce",1,credit_card,10,617.59
"1d0288c49db00e00965c4d82d464f61e",1,credit_card,1,32.37
a25525284e494a7e2e276f3b30bdf66f,1,credit_card,7,73.34
"422028dba1a4879bb69bd195fe7063fc",1,credit_card,1,81.78
"044406a115a855072a8e79d38f028a80",1,boleto,1,71.14
be59e03672bb8d48da16e07a0fb660a8,1,credit_card,1,59.59
"6a237417299073f59f68b14d3eb4c794",1,credit_card,4,103.26
f459d85f58bc7103cc87a3659e6e3591,1,credit_card,2,41.92
"668afd295fa33d9d9b78c4916baee712",1,credit_card,5,100.86
"9ea62ff38e6396ea973ec12e0b09c65b",1,credit_card,1,67.50
"2942d9a01a44f073aeff5f1a68e8761e",1,credit_card,6,131.82
b64392414f07fbd78e933c2681f23c24,2,voucher,1,66.56
de219d6cf606e877fc9a0df6b811ab61,1,credit_card,1,22.37
"9990874dbb760114a8bcadec87b20b2d",1,credit_card,8,298.77
"67acbda15487a0495068196ebdfbbcf7",1,credit_card,3,91.23
"7c5fc2c7ce20f9ea338589aa4fa568b2",1,credit_card,4,227.27
"037556f936da90c5f9504956ff286860",1,credit_card,1,36.30
"68536e12a3cd7f62b4a5946d541ff083",1,boleto,1,54.69
"0db1181e0778609b581bf9a95b17f313",1,boleto,1,112.39
f76b895a9902ad634abed7eec3211a10,1,credit_card,6,706.19
db2557d3b3417e5746ab989f2e143860,1,boleto,1,53.88
cb7f025ffb69a62e9cf843894bc7f89e,1,credit_card,1,73.34
"77f0ae10c13cc7c78a5393b27d121044",3,voucher,1,22.10
"723941d77928846a4b2ec4612303bd25",1,boleto,1,174.39
"5f1e5adc00ea77562afe1e5fc5dbc7e1",1,credit_card,1,74.16
"70644768ae200b063d8fc6d47cc85ce4",1,voucher,1,30.00
"550a829a6ba3991905c34d5c15b2f50e",1,boleto,1,73.47
c0418061e5a00ab846159a3cd0b86ce6,1,credit_card,4,42.79
"0560d129c1357ea719aab1cf2cd4f03b",1,credit_card,1,44.34
"9e576afd48be76bcaca1e6e04f59f9ab",1,debit_card,1,146.68
"8e0b25f18db440912bbd8f49eea80abc",1,credit_card,2,135.59
"7d5ba597429574dce3200b4b20686641",2,voucher,1,61.17
"7663c1a8c96ea5b2f5a3554241ce9711",1,credit_card,2,52.85
dc0e878c900ba40571360f0890a14666,1,credit_card,3,130.57
"33d1caa11447f543a41df84bd30a0568",1,credit_card,3,85.23
ff9a23f98e16dda95d66bf4a8a826e40,1,credit_card,6,91.01
"3b45c3fa7862deec90565c3dbf6e9e8c",2,voucher,1,134.53
f3e6630a5af677b1d0b22aea7600ac12,1,credit_card,7,145.56
"001ab0a7578dd66cd4b0a71f5b6e1e41",1,boleto,1,127.56
"9d531c565e28c3e0d756192f84d8731f",1,credit_card,4,40.09
b11fba7d4e0cad817d24e2c77032fa0a,1,boleto,1,44.00
"48d4561752bbf4833c3cabba8d5a7c93",1,voucher,1,29.74
b028c30dc8af213ae4c26a64446211db,1,credit_card,3,154.73
"5edc8e0c1ae7714730b6be87e97da686",1,credit_card,8,215.14
"2e5b6a33990392a9c796ee57da31a651",1,credit_card,1,45.95
"0218c7a4fb8d5b1bd22c82b783b8359c",2,voucher,1,50.00
d9d77046564ed9aee6cce6ae2d9197d9,1,boleto,1,392.37
"0ea08b72c67b53b70201a88bf14a417c",1,boleto,1,89.43
d5f143e9c159a5f1c33f7477c89db770,1,credit_card,10,1426.57
"05822c51346e781a05c5d2e497f1ccc2",1,credit_card,1,76.00
"32df6498467c68b5be43197a49d3d14c",1,credit_card,1,247.04
f7f4ddbedac13a064aeb2fe0d513cabd,1,credit_card,8,695.99
c48353f98f3f116ad6700f2b9539d685,1,credit_card,1,124.24
"17dc275426dc4430d983cdd5280e9414",1,credit_card,1,201.62
"64aa186c83c16e6eb70b837e8b86717f",1,credit_card,1,36.96
cc4609648b8cff3ea47a04fc4380c25c,1,credit_card,8,211.84
"67fa9997945e53898352ceff7d7b37a6",2,voucher,1,19.00
e520f0510b121c81ee4602e3851642af,1,credit_card,2,346.81
fc2893781987c8064e5db53f1ce4ec3f,1,credit_card,1,23.29
aca5ef1d6df08d476703f538ba867594,1,credit_card,3,759.25
"23cc7aa90e16bd6d589dcc92c67c914e",1,credit_card,8,566.69
"324fa8fbfb831d603c99858e4ee49d14",1,boleto,1,279.10
"4f6a2e10ee405f1e0541c66c72d068bc",1,boleto,1,34.00
"1e7666fef7090957578fd3a4b58cf9ba",1,credit_card,1,40.28
"93aa3771306828f17309cce989a90e5f",1,credit_card,7,70.44
"0c42ffbb7daabd630cbe785466d587c0",1,boleto,1,431.18
"11f10acabb1552521a9a7ca484aabd64",1,boleto,1,192.68
"31ece8303bc27804a8e341abbd3f2d02",1,boleto,1,56.78
d0e8691378e622e52c60c3302d78db21,1,credit_card,10,241.32
a6b7a54fd0db4d3a5d6c9d6af0aae6d1,1,credit_card,10,222.04
"644ca3f19fe705ecb307dbface5a2bae",1,credit_card,1,37.84
fae08ba5b02df1198db80dda5b5c205b,1,credit_card,2,82.83
"52ade67b3fbf4821fbb52e5c8e3a463e",1,voucher,1,60.00
"31ef15cb5a3faa4df17e96b09cd8c1a1",1,credit_card,1,34.00
"04c2b3995f83a3db2540a9217254ef6d",1,credit_card,1,99.65
"7c689ae40b6502d8b9f54441709cbe76",1,credit_card,1,206.92
"02ec38bbb2e837e0ef32fae6c5a651b5",1,boleto,1,32.88
a350e8cd63ddb81fb38898d3666a5e8c,1,credit_card,4,90.98
"1d27a36f2b45a61e1fe2523a056c3561",1,credit_card,1,56.37
e623ce1206781e57a58020bca18aeb28,1,credit_card,1,74.63
"66bf8e132d14cff2d0ae1145e3f70795",1,boleto,1,349.76
"9c03da81bd00ffb889065591f180e708",1,credit_card,1,133.32
f6af432c1ac452ce563fa6ffc5e35aad,1,credit_card,3,117.63
a3387455ec2a51ea33eb1d7557994979,1,boleto,1,124.73
"4a4bf6614444d2e3a7c20a87106ddc97",1,boleto,1,93.48
d053191d68ead1854578e774976d3771,1,boleto,1,71.74
ea8a923ae9fcd23e6fa17eea177c3cc1,1,credit_card,3,44.24
c668959320c802e085e34b42a9b3e7fe,1,credit_card,3,137.08
"97c5a4acc0915c5bd17e5a3256693ef6",1,credit_card,1,57.27
"3195c228f36c525c75f392549eff247f",1,credit_card,5,131.35
ef0212749905003aa8fcffc9ba0be16a,1,credit_card,6,102.87
f5c0a50fca24005a875520606aaad7a1,1,credit_card,2,93.04
"15c44e9d99f042b11c5f0b4d8a7d96b8",1,credit_card,2,55.83
f6eb2f9a7f09d846ead6c089f9ffeab7,1,boleto,1,126.18
"8c82eab3813ca92415655a5e4b1a8b7a",1,credit_card,8,87.32
"141f7d3071b3a6ebbc34ea1454624e3f",1,credit_card,5,58.83
f4981812af9b38cde6d9d481c1c88981,1,credit_card,1,57.77
"8855b61b1a878f28cde9bbc55ca6fbf2",1,credit_card,3,178.36
"60d5461dab300c5e833a29ac2f534ac4",1,credit_card,3,97.81
e30fb155cacfee81443d974ce9c8a2d3,1,boleto,1,482.69
"9de3ed40082af7692bf48b0a9126b5f9",1,credit_card,9,98.20
"8a30e60c68df3fd5ca4cd1070083c3f8",1,credit_card,2,102.64
"85fdee7959b5045582edb56a5ce523b8",1,boleto,1,80.20
"3e4c8b8720f04552af6dd97f6fc22ae5",1,credit_card,4,65.28
de31761577484638ef007ecc5691c6f4,1,credit_card,3,47.80
dd9943ad7ea7581875ddc0f452c13545,1,credit_card,1,59.11
"3788099435cbdafabe329e9228e70588",1,credit_card,4,158.38
"1f61454f0be6c852699c3711101eab74",1,credit_card,1,47.74
dc80f04232a571734b52cd2c5b40a9f8,1,credit_card,4,42.00
"22a91acd45f9631dece96eb349f13047",1,credit_card,2,176.17
"4141a4d0188de2c856950810c9a5e52c",1,credit_card,2,167.77
d02366be68b26b954269321e475a79fe,1,credit_card,1,60.74
"5444e454a2f7460db710141b6ee93990",1,credit_card,1,61.46
"7aad5b58b71002c5cb36db4fe822a512",1,credit_card,1,80.20
"9170795672365189693d65667780f9ed",1,credit_card,1,21.38
"1f790c9e3bb6e08d226245a5d1d781fa",1,credit_card,3,148.15
c2832e2c3cb08be3037288b19cc7a6fc,1,credit_card,10,919.46
"49b689eeebb45115d1a871b368692412",1,boleto,1,20.77
f9cda286ca417062ff15bf5d63fbc70c,1,credit_card,1,24.13
f18772452666c0d7da7702af2c20e765,1,credit_card,2,203.30
"8dde389ebcf87898f96614bf718a3424",1,credit_card,10,151.04
a076e6a3d1401e58c8b6ced4d0d23225,1,credit_card,1,46.13
b485e99d1c3896c44eb56886216fcd01,3,voucher,1,20.00
"11ff1ded4bf64d8d20ee9717984a0f4f",1,voucher,1,33.51
"04e452498b75f049f617f5ed7ffc0633",1,credit_card,7,233.92
"210ce7edbc6ef043f7af38724f3c2b5d",1,voucher,1,48.11
"1fbf181e068d25051390f9f53d45ce0d",1,credit_card,3,91.35
e52c2cb181473eb8935fbb121d21628c,1,credit_card,1,6.85
fcdcf0cd9b77731f38b0c97a27038042,1,boleto,1,28.17
"779faf56113de193cb40644b3c455c44",1,credit_card,2,169.92
"262a22b18b8c7773c9ce2e3665db8c44",1,credit_card,1,40.86
"119b654c77fbffcad6cdb07398506c93",1,credit_card,4,43.42
"7ac1f3de2cdc809de6aa1e6719451f53",1,credit_card,2,39.75
dd31111df3c5c93d9be367bb8de6d3ed,1,boleto,1,67.94
"29b81e2d5bebb9616041efb0ebbc931d",1,credit_card,5,110.32
"16f6daf2cfb47f8c8525ddbabc5aa5ef",1,credit_card,4,46.28
eb1fef50749c960bb52e6b27761970fa,1,boleto,1,28.29
"4ebed5a2d80995d747c4f4728007b406",1,boleto,1,45.00
e3c165b01367a95b0b75372603fe8fd6,1,credit_card,5,574.64
"8416d26ac5ef346cd2926c3b35e1da86",1,boleto,1,37.61
"90d40a4ca05ddfea558d94047c3de2e9",1,credit_card,3,126.48
"27a54410628f54cb15b276a47a14c7d7",1,credit_card,3,37.03
a3aede11f4580ce940d4f1287608b834,1,credit_card,6,186.50
"49210ebecdbca0d6aeb2a5e23cbfe9b0",1,credit_card,7,150.35
"3f5ff6ee2cdbae33ef3b6aa6a193f9f6",1,credit_card,8,514.63
fb2396a74aaecef7121159fc69a5a7d9,1,credit_card,5,245.35
"882d810d98542e6512788b9a49d6d886",1,boleto,1,92.75
"076b2c2ebef1ce8600aec810d3bf6286",1,credit_card,6,253.09
"437f9569f80867dcf497500e087d8851",1,voucher,1,69.34
"4e790ef1ee5dca2f0de38704d806e45d",1,boleto,1,99.75
"8b9fde773dec0dfd4be4beaa1ada46bf",1,credit_card,1,2.68
"51eb3e42940efb2afe2e7546e8bf2f5d",2,voucher,1,25.00
"1d51ae87301624c9ef9d4d704d44a8d6",1,credit_card,1,24.37
"47f3a8b9c3d8dffb6f878768c73b0971",1,boleto,1,114.22
"31c4bc4f07ff54c35fce88b58ac90113",1,boleto,1,53.05
"88ce73cc24548143016810f81a9e53d4",1,credit_card,10,2026.54
d95cb2dcbf2eb01c15e4633df807d2e4,1,credit_card,4,152.88
"21d032917e4ed1476f16ce92d0d8fdd4",2,voucher,1,27.65
b20687804070fdfcbb7a183e9dd0cc1b,2,voucher,1,32.17
"0890110313bd12b08169c1b6bd56bf4d",1,credit_card,4,121.69
ab29316ca52a6f49c3e55b77c1d6e4bb,1,boleto,1,116.43
"979192c67822fc3a9c7a8d78bf8d1abc",1,credit_card,3,149.70
"02ea547b6d2ee25305588fd50df58b46",1,credit_card,1,39.64
"6029e6bd42b7734db7fa0f091ed018d3",3,voucher,1,50.00
d1d539886286149eb3de077b14628918,1,credit_card,1,35.77
"184d0d273e35638268d90ed9d912ee8c",1,credit_card,10,506.70
"4d1d3523aeda82887c2875955783ba2f",1,credit_card,5,175.74
cd4fc04c5d3f4263ea1007a1a3f61284,1,boleto,1,52.47
d5ba8093739265fed17f69492c65670f,1,credit_card,1,51.13
fab5dff71a23a54ed252a564cbfd4826,1,credit_card,1,251.09
"97a23886ea66e6988046edef6bbedf19",1,credit_card,3,77.57
"3b6017a55d7507badf113a558ebb9a62",1,credit_card,3,99.90
"41dd305b35d3cac22fc8229f3179277d",1,boleto,1,46.00
"32545b7ed8f4e241d557e51430a7c4be",1,credit_card,1,28.27
bde485bef13be8b3bd38071e027e954f,2,voucher,1,338.87
"696d4e01a87ead29fa5f8066ed27d4f1",1,credit_card,4,46.19
"55fd9417304208e5b59e67ff2e1c4ae5",1,credit_card,5,106.33
"5dee8eedf4516e7562d1ec0f62833392",1,credit_card,1,203.93
"8616d2e4f9d29d0a08571be7ccf0acc3",1,boleto,1,59.66
"1269b55cefdede474b06de78ff45d1f5",1,boleto,1,165.94
"6e82dcfb5eada6283dba34f164e636f5",1,credit_card,1,385.80
e9e6694329a69927508c82d943013cb5,1,credit_card,3,162.56
"9786c52ca3e1ed1ef3ba5c65941627f0",1,credit_card,10,169.90
"2e2a0af256d902ab2e816447f6f531be",1,boleto,1,193.65
af0d9307a328df54ca2c27eb08cf62b2,1,boleto,1,247.48
c5a36eecd2f518a638fc7a6a7d46f59b,1,credit_card,1,65.92
cb92b276a7de36c49df850016137384e,1,credit_card,5,367.63
fbd5d366a19445bc01b83fb9055b6422,1,boleto,1,36.28
"77af320be1815e066c2ac8510e9402b6",1,credit_card,1,58.22
f5ff53df944464937cd950213093621c,1,credit_card,1,64.62
"36e954e851bc552fe31416b9cb10afd9",1,credit_card,4,76.56
b52b4c23e1d9e705c8d31ab607ae9b50,1,credit_card,1,34.29
b58d8a88b664ff37c90fd83498db30a4,1,boleto,1,31.67
fd0ac58dfd0c4a3034ec2fe3e6200fce,1,credit_card,3,106.29
f85421868fd581e082e37edf4762cdb9,1,credit_card,3,156.84
"8ba09709db195d492ff95d38228f799f",1,credit_card,4,95.82
"0df2e7ba716c3f48ee4a3081092e2c19",1,credit_card,6,64.10
"0a280a8b4ce3fd3a61a076492e5d6b00",1,credit_card,3,207.24
fcde2f7449493b4f207a23fae117b0fb,1,credit_card,7,72.64
b1303b12e93f925254918495e630d0a2,1,credit_card,3,561.66
e5e7f892785fbe21a339bcd77efdae86,1,credit_card,5,83.62
"0094dc9ea7e3cd54d95aea42685673ff",1,credit_card,1,104.79
"6ae75885c8ee760ef5d4a9bcf797c788",1,credit_card,2,46.51
"6dcf09925bad5c21f9694df7c7064435",1,boleto,1,71.26
"0a8ad519fc5624a7862124decee24b27",1,credit_card,8,106.97
"40a81260704fba482a19cddbe37f3ca7",1,credit_card,1,136.52
da52966ce7dbd653b40b1fbbeaab6767,1,credit_card,1,26.71
"1c4fa73d581e562be4c787e9d82259cf",1,credit_card,1,38.80
"87d3fcab78e748d404ae59a9e90e7834",1,boleto,1,361.47
"7e232ee2936aa0eb7a2092603d163c03",1,credit_card,1,11.24
"4d0687f8f4fb46635a50292da22b0f23",1,credit_card,1,29.84
"388b2569708a53d1d960db2579b1b2ab",1,boleto,1,234.73
a56dd0288c36351da4eed1f4c1c2ec09,1,credit_card,1,26.25
"40df926a6d695cec9507ed972fa8b2f6",1,boleto,1,141.12
"66c8850e9f6bc2f81873165c41901706",1,credit_card,1,48.54
b959aa201236702af91eaa10dad4a28d,1,boleto,1,24.75
"61102a4a6d41f03e2c98d15f372979e1",1,debit_card,1,111.65
"2794756d0dcdb379ce5fd0639e300a31",1,credit_card,2,1526.26
aa0833b579391f3c5bf0495431f819a0,1,credit_card,3,303.11
"1d7d5d5faa494e404da35277f9b0c302",1,boleto,1,67.96
"2996b875517e6da5784bfd2ad30e41f3",1,credit_card,2,557.36
"7c433051dfca2ce91591ddaeb96b414d",1,boleto,1,67.02
f232d1da0838df24b1d767072fb6ad31,1,credit_card,1,149.25
dc72c2d1985b4f1380c3289d3b49be6f,1,boleto,1,537.37
c7508fb021d25206870a0e84d302306d,1,credit_card,2,146.34
"483b5f97bce04a756b79be80fa294a95",1,credit_card,10,370.96
fce3329932f72d11220888b9e69ef152,1,boleto,1,123.69
"2b2e47d32f64348664d0b1c367308a67",1,boleto,1,114.44
"2f051c48f79c5d8bd789e2f51f24700e",1,credit_card,2,41.18
bb6b207f81557d17e581c9fe1422e070,1,credit_card,1,120.74
"8c313d4a1bea83111be5bb00105397dd",1,credit_card,4,47.85
fee41f55534a71ad5fd16ac61bc5281c,1,boleto,1,147.41
"8b9869c224811a696cf8d65ebeb40c8a",1,boleto,1,96.80
c9cf1b341e0a14fb94022101fa6c4604,1,credit_card,3,147.48
"460a278fad430b5eff0e1a768bd2b331",1,credit_card,1,46.47
"68a049ac76db01ce0790c5dc64351140",1,credit_card,3,64.66
"174e79bb542ecdb5565ec80e1c2d1faf",1,credit_card,2,232.55
"190dca51b7367cbcf69eff19efd0bd20",1,credit_card,1,55.01
"9c4bf952a421aa0ddf8714352db3f799",1,credit_card,5,213.95
c3f6ca70599b71e14f1ec5e9911ff186,1,credit_card,2,150.89
"74da83fb91c2ae842aa99326a002cde7",1,credit_card,3,77.57
"2fe324febf907e3ea3f2aa9650869fa5",1,boleto,1,55.95
"777446e0a25e3916df8257965158c82b",1,boleto,1,144.99
"3783fa21a4b027e3da0b6b3db6e1dc3f",1,credit_card,2,468.94
fc3e5cddf41dc7757252c2fc0a6c947b,1,credit_card,2,115.71
"8286f9f7b6a3079e7949956418237d99",1,credit_card,2,49.00
"5977d8425a6b519d6711a0beeb5a98b2",1,credit_card,1,54.22
"2684b8d49a43f210eb2724335388e84d",1,credit_card,2,79.16
"6e4a56e7ceec57f1cd7fea6278c4c710",1,boleto,1,258.51
d8e47a9014bdfe7e7d0d26b8a245d785,1,credit_card,4,172.33
"8b94c85a97b61f51a419a57e451d4e3a",1,credit_card,1,26.64
c6c99f96854560866a50760e74aca378,6,voucher,1,19.61
"106f0390589df3f796727df4216f211d",1,credit_card,2,50.15
ae022df91338bf0b68f5d5f179ad8492,1,credit_card,1,81.46
"457750fb17f45c74af0c5ffa002c294b",1,credit_card,1,138.53
fa1a82991080d1ed588c811aa7e8fdb6,1,credit_card,2,188.50
f190884813097fe74073188f97302e98,1,credit_card,1,89.88
"99ae4dfbf51fa5875227d43e7b5c95c1",1,credit_card,2,94.66
"28430c83e57a477a3c4065298f272bb9",1,credit_card,1,112.39
"81f0dd14eee4b51169dae95b267a199f",1,credit_card,2,100.53
"070c8ff950e077ba4948ef4db4733b74",1,credit_card,1,37.13
"0ee55c31a39d19fd857c0c8a80b2001f",1,credit_card,1,201.55
a58bc23722e4f1f8f2299766dcad762e,1,credit_card,1,52.69
"8ad3c90054f697a24d150f97f9895638",1,credit_card,3,238.24
f9d9904f1f957c0fd0bf82dc3568936b,1,boleto,1,133.06
dc6f399c6e89a48c2b06005aff6e0a94,1,debit_card,1,91.23
"4b543d559cb1d860ec4c814807001093",1,boleto,1,83.39
"1d8c9526428c9c7c72e2e5f4b8d43edf",1,credit_card,5,57.69
"4e157a36ea9cf89bde6fff57a780b525",1,voucher,1,57.44
"145e7e121b7c0b2f078a133b98872f25",1,boleto,1,23.30
"2fec4096e4bb7a55405ef23109cd7337",1,boleto,1,118.07
"70d311beea4bad34a599296c2095e449",1,credit_card,7,152.61
"638c9cf27361e5d5ebfd404b72248390",1,credit_card,2,108.02
b3729cd1670144c7b451137853e3f46a,1,credit_card,4,175.28
c61c1f9b82891118ed6fa642e362331a,1,credit_card,2,107.44
"17ffb15bafcef073360c63f37fced606",1,credit_card,2,154.11
"2d7368e0839f2cdafb0f38011cdb4f04",1,credit_card,5,86.53
"6ba06eb3610c318076f9f5c01afb34ef",1,credit_card,8,198.62
"0ab3d92f71090c758d1df7ff889a9335",3,voucher,1,111.25
"172ce73720737cdb83fcfeca26ed4d70",1,boleto,1,173.09
"1907dde11e846428f4c7fcb38a27a4ce",1,credit_card,1,154.56
"4a6f650f54a036cc750d33bfd57269c4",1,credit_card,1,37.99
"42682e26483a7308854ae17e8ff408dc",1,credit_card,3,38.08
"3722900224c18ef2bfb634a635cdbc72",1,credit_card,2,192.76
a1f1c1a9b85e3577708c859890081c48,1,credit_card,6,203.27
"9e99a131a8798c3985381f4f7c96d56e",1,boleto,1,164.01
"7ac91e0f915f57f3e9e3986b7c448289",1,credit_card,5,448.67
"7e2069a34a1e7ea08313482266b88256",1,boleto,1,228.68
"3b67b88a0baffb745d55e7f74416756c",1,credit_card,8,81.72
db267aa9141e401f3dfd53da809cc8f2,1,credit_card,6,80.85
"3a99e79dbc864f031d94b7f7957b34a5",1,credit_card,3,197.58
"2736ebe2dbefb6a46d862048be5f2dc8",1,credit_card,6,109.06
"13ef6b72bc3af6724e7d53bd84019b24",1,credit_card,4,74.49
"60c9450e414b5c1a71cf9034cd62ae29",1,credit_card,6,63.00
"57dd83bf1021dc5613a4e19544a99915",2,voucher,1,0.52
d438c9e78430036ea02538cca576c53b,1,credit_card,10,124.33
"4f1bbd24036e3eca1dd8b87c905b9863",1,credit_card,3,51.52
a2358359fc0b73ef3eb32478f11d7ff9,1,credit_card,4,59.24
ed6ada37adc9a45f54f9378a5b1361a7,1,credit_card,3,60.00
"0c8d39b03d0d4918d66be0eae8f57a58",1,credit_card,1,132.24
b4f0db8feaccc3ba21f4998d4927cd4a,1,credit_card,2,59.37
"69ac71086ec549aa1752b27edc954d40",1,credit_card,1,39.46
ece7d51cf8bb9392bbef9c077bc32e62,1,credit_card,1,48.30
e1bf461767c45a8f0abf0a641e6bd449,1,credit_card,1,107.92
"99695e8eceb2822d04f20fa0310f8402",1,credit_card,1,26.37
"9ec8075dfc41a4b32e00cdac5dcca698",1,credit_card,2,157.07
"5aac76cf7b07dd06fa4d50bf461d2f40",1,voucher,1,221.54
"0c047dd1c8c2fcc61365b5787d59fd6c",1,credit_card,5,50.65
"8619606361a2ff5ac09a8da0f221e540",1,credit_card,2,148.39
"66ac12943c406c5706fea2ce7a74be9e",1,credit_card,1,84.16
"581c795a0fba4d5e258484943a5ab0fb",1,credit_card,8,412.52
"28291626a693f9b9c43762c8e33aed2b",1,credit_card,1,40.27
"6d710101fb9f067dd5385ea1b6021946",1,credit_card,2,22.78
"16a50f1f11876372829112e48b471e3e",1,credit_card,3,163.41
b8509bbf10018abb0d4e4abe957a715b,1,boleto,1,89.05
"3649c428a77ac1530029dbfb706a02ee",1,credit_card,6,109.59
"108d1dab6908b5fcb9c922549a9c2265",1,credit_card,10,231.76
c69100676baa7e0edfa0e2ce74d034b7,1,credit_card,4,58.72
"7e0887f9493193dc6b5b76f352088c90",1,credit_card,1,58.49
dc4cfa94b80bd43118f48eea2ddc0151,1,debit_card,1,108.53
f3f48b527972908a9a5c7f5593eea307,1,credit_card,10,159.74
a5a6776969179ec8c6942c432d35bf3a,1,credit_card,8,289.95
a1c6f504575eb7ce4a5194a3af7316e0,1,credit_card,3,211.85
"03e1f719ea43e7eb59344cf78cd99ff4",1,credit_card,1,57.68
"0e14afb59249defa7237fa94e266941f",1,credit_card,1,138.16
"88116b0150974240461df371862faa33",1,credit_card,1,542.84
"2a3f0a5fbf1d28387b5aea5308d6fd4e",1,credit_card,5,255.60
"45351e92010175fdd13009d69c1f3502",1,credit_card,1,87.52
"5410087995e1ebb53c26ce8e52ff29e0",1,credit_card,5,156.93
"0a297271052d25a8fd815cd06ec90aaf",1,boleto,1,107.59
"4ae0a4ebc7224b287836fc665b499b69",1,credit_card,10,141.32
d49ec3a899ae434874c54169dccd34a1,1,credit_card,1,32.09
c6a73b421eb3e92ce86dbfbbd3530a8f,2,voucher,1,13.13
"963ed653f00e0f3db85dc163baac579c",1,credit_card,1,115.25
"0373227125997244e6f59bd76e717abf",1,credit_card,2,107.76
"53fd3dd3b669e8e5e6bbf3d9e0403643",1,boleto,1,135.49
"9c6fa2375d04ebce9627208eff6aa01b",1,credit_card,3,138.07
"11fb3a6f90bfba7e4b6717e62fe6cbc1",1,credit_card,1,139.56
"8b5cf5ac7d33694c12564d2f8ca47535",1,credit_card,1,41.06
"9f9993914a8e2fda5081619a7a994853",2,voucher,1,56.30
a7c6365fed8c291cfac8b74f173b7a4f,1,boleto,1,52.30
"882e8af23c36f8930312f88cacde187b",1,boleto,1,203.30
c5625e0deb904fd1ae3c6c4a3a4a55d5,1,boleto,1,127.41
"9099e5808d892fd34523293254ddb621",1,credit_card,1,46.73
"93920316b4b8ae329dec94ef23cfd253",1,credit_card,1,96.88
af0bbb47f125381ce9f3597dc70ef07b,1,credit_card,1,23.60
"9e53bf72fa4ecf6af6b7f081d32532ed",1,credit_card,1,70.27
a5844c6ba1c0c2464b56dc6fa879b9bd,1,credit_card,2,107.22
c8bb4240e56e924623f11cba58f29e8e,1,credit_card,6,122.34
e793ab3ca23d5c9cabf0278e50dfa41a,1,credit_card,1,148.23
f0c00b0c02ed4f14f20fad7c26002b9c,1,credit_card,10,1736.30
"0410df130bab1cdcd13e23044ef9d76a",1,credit_card,2,124.67
ee2b11b5601e9de355fb771525a195ce,1,credit_card,3,77.41
"237377b772b133dc1eae831d81a1005c",1,credit_card,3,31.71
"55edfc7697e8da852cfed4f2c93787b9",1,debit_card,1,87.32
aa491ed0d127f4172778f54793494dd2,1,boleto,1,206.92
e47ac2609ce0ccd8dab33391118792fb,7,voucher,1,4.33
"4cc7a837ccbd410b6a7ebe3e15dc8800",1,boleto,1,80.19
"7785b07bcf7b5bf8fbf50e491382d98e",1,credit_card,4,218.47
cc91991372c1322fe937f53d91856acd,1,credit_card,1,152.78
"30b693f731699f8468a99b453bd26dd7",1,credit_card,3,338.77
ee0e2ee05e102057fcf3258fddb3f06b,1,boleto,1,150.15
"1c5c09941abea6cfe0113f886c8ca0b2",1,debit_card,1,29.47
"0550cddd79cea841641e17c802d9c403",1,boleto,1,1020.84
"9be8071edcd41670cec46c3c32f8d27a",1,credit_card,1,14.17
ae4e0cbfa9ba0080cd373da8827352a5,1,credit_card,5,138.62
"620e41d66853f928215b41c1700a9936",1,boleto,1,128.95
"797a924cf84d2f2ff7964c588c288638",1,credit_card,4,299.34
"1d5a37ac3dadde6a732db74ecb91e107",3,voucher,1,20.00
"818877ced1be365d10d9cfcb22ad81d0",1,credit_card,1,19.25
aa9113495d5498b01ea4a235c64f2849,6,voucher,1,20.00
a187e99908d89f2f863baf8785025570,1,credit_card,1,47.68
"20b61ae06ac41b6e23c10c90ad0331a5",1,credit_card,3,63.99
"86ccb38f30e2df75998a24bc06860169",1,credit_card,2,158.14
"8d3231deb8132bece4a6afd9ed60f5c2",1,credit_card,6,338.56
b1c09ecb8690220efaee5aafdbcd520b,1,credit_card,1,162.68
"030f7abd700a4ceae9a8c4cff4b3dc95",1,credit_card,6,419.04
a2a28dd9e703a77c8fbe7cfe9e8abce6,1,credit_card,1,54.00
"4246497ce0c7f8915544d27745f2e6c7",1,credit_card,4,130.16
"5274d9c61b31f846b8b51562f1f6d3d2",1,credit_card,8,172.16
"78ea241c511db7faf8d464cb4c58d87e",1,credit_card,2,174.99
"12c9c573680ea81dcc89f5f147e64e84",1,credit_card,3,36.75
"61adad1a4c7270ba128c1b42a00dc513",1,credit_card,2,100.23
"4ce91fec2f80a813034eabe864e5f910",1,credit_card,6,118.38
"93d8685fec4218f06bf202723dc1da52",1,boleto,1,327.30
"9dabf3a17045c583bdef7fdb08d07287",1,credit_card,2,27.75
d83d899f5a20b2d05342270eab088987,1,boleto,1,717.82
"23454aa9c9538dcfcd7a90e8a41b3ed6",1,boleto,1,46.59
"54489dc43b208728294699a03e704d91",1,boleto,1,51.50
f2decddf8c6c81ab5681626c6c282871,1,voucher,1,138.98
"154f1e943923c5957737382dcb0dc6dc",2,voucher,1,30.30
"4957235ac475ee9ce4a593a8078c08b8",1,credit_card,3,96.56
ae35264f1f3d48dcabac5f8a4044c8fd,1,credit_card,4,88.67
"6f6cb07d8b7afc08593305ec1f28e39a",1,credit_card,4,48.62
d36e6c0da5f3caf39e121bc833ed03e1,1,credit_card,6,121.55
"2fac55edfd9754d1a0e7ecc67d48d08d",2,voucher,1,11.60
"9fdf7b5e959065e5c0d14fbc37b751d3",1,credit_card,8,381.00
f2313f0b5d57b48400ee2486d99c24a6,1,credit_card,4,162.55
"0f1c3e42f560452d091c6906f9accb48",1,credit_card,1,180.94
"36ddc5f19d31a8d744d01bbbd1d11321",1,boleto,1,225.14
"0e387099da9e67758ef1bee4f17095d3",1,credit_card,1,66.22
e11871c4a3ca0a9435621f216fcecaeb,1,boleto,1,35.94
fbc769defaa6da4bbabdbbb7c93feccf,1,credit_card,5,138.49
"8fb847d8f402a68dbcfdeac4cf2375c3",1,credit_card,1,259.68
"49f879aa078787ff9ca5e831515407b9",1,boleto,1,133.58
"56c79c2be1ceff5839d56e340e847833",1,boleto,1,119.57
db79668a5504403f129b4cf78d3b03c0,1,credit_card,6,61.07
fb12e9f8e4aa61f0bce6b3afc7694dcf,1,credit_card,2,72.43
e247c295703844ab1b844311e25046a5,1,credit_card,6,126.94
db0cf68d7b84f2563ba24fe7a111e2be,1,credit_card,1,77.31
"199e57082aefc964e7135792059718a9",1,boleto,1,53.23
"95d178d6496b60f86073770baf392c4c",1,credit_card,3,165.70
"4a6309669545b27a89528e2afcf76b6e",1,boleto,1,418.92
"562caa9adc299af2723e54c868bd7885",1,boleto,1,155.72
deaa1c47a15030a3ccb5af381fa16da3,1,credit_card,1,82.09
a8dbaf4197af2f96f35fb65ad457c912,1,boleto,1,153.72
d25f8fadc7abdec7bc6d97629c97d57a,1,credit_card,2,194.87
"50da05e57f65f5b3704cf0cac94bfad0",1,boleto,1,147.07
cab587eb398be7856799cbd4f9f57b28,1,boleto,1,48.69
"917971c9015d85949419eee8f288ac07",1,credit_card,9,221.98
"7976a5c0f4cf314a66586cf02f7aa596",1,credit_card,7,213.52
c31af7b37cf89bd6d945fcc664937338,1,credit_card,3,111.43
"807cfbea3c04fa82a5bfda36d63e88d6",1,credit_card,5,287.53
"7977a7516e5cf6cf6bf670061c886126",1,boleto,1,129.04
"62b134f6580231f5bf280f239b6f8ec7",1,credit_card,3,166.90
"4da691562dbd0818d7655eeb6dc1de84",1,boleto,1,758.24
"9315b252c65baa9c508538ade0964778",1,credit_card,3,99.94
b1adda8b2734d4a0bae4885a90722859,1,credit_card,3,65.00
"50d00c9680bdca4f471658f02ca144c3",1,credit_card,1,326.78
e08ebbd3a910e30ccb05aa241e9243fb,1,boleto,1,486.66
"9b21580d9a140962daa66b493fa50248",1,boleto,1,93.28
"233868ed9e2f9399d292289f27bc2993",3,voucher,1,33.03
"79f921d80b92e48b9ed5c549c94b745f",1,credit_card,2,450.16
bb31e0bc46d4bf098ba2bea9092a59f1,1,credit_card,2,152.95
"0d6fbe13e1bee14aa67cfcda25ee1781",1,credit_card,2,131.02
"7a4fcf4968eae315c36ea7fd2f67ad34",1,credit_card,3,161.69
d813035bf048e38cbc188dec25b228c9,1,credit_card,1,45.00
"29366ce497e0e082bda891ae3513f2ee",1,credit_card,1,169.39
cd583153e8e57905936a55de184d05a7,1,boleto,1,64.00
"14a2ad28d59053cc7bf0e2b40660294f",1,boleto,1,37.62
b92195016ab44aa92f58ccdc17cf496c,1,credit_card,7,157.24
a27f3aab93e8f43407c0fe4296f475c1,1,boleto,1,197.87
"5635c4d926a70f077059cfbc66700181",1,credit_card,1,32.09
"8bff3c1c4e7be54ba2c6e96173af9cbd",1,credit_card,1,171.01
"7e6507919e5e16849dd9a0f4354209d9",1,boleto,1,55.36
e126a4c926bda89ae444a788cb74d989,1,credit_card,8,81.47
e070ab9017bae918597b4998a81dca1f,1,credit_card,1,85.16
"516014d903cc71b894568690dfde0d64",1,credit_card,3,171.27
fdfc39ba2a42ef960515eb82d4dd84e2,1,credit_card,10,104.37
b86cfc8954834fab221b340aae0d49a8,1,credit_card,4,252.83
f5fa6cc75eb7dc511bb4dac263fd05d3,1,credit_card,1,187.94
"022f80b8a6f58b11018082b505f15c38",1,credit_card,4,43.17
c48c006cc34f94c1fb2aa8afd2c1cc9f,1,boleto,1,173.94
"8a7d789dadca6780e334906644210727",2,voucher,1,53.75
"993235f1d81f074819e841d5bf1d41b7",1,credit_card,1,82.33
"1d251ab94983c4adb11e4b168abb1439",1,credit_card,6,118.56
deab869c61051ea9df4fcc0daf282c0f,1,credit_card,3,53.69
"9acc95f3652577fb8a5c8b1a7ee9bd96",1,boleto,1,41.38
d84b3fdfbb838b26178304662ff635e1,1,credit_card,1,124.53
af66c46c49bdb3bf2f862efb1eb67d81,1,credit_card,1,59.85
f66b8bf378bdd2acca8604ef27039f1f,1,credit_card,10,406.82
"89516fb171dee556ef586436687315ff",1,debit_card,1,66.88
"131c6bd0b11c3fc93c3c8dbe45f317e6",1,credit_card,3,399.93
"244e081969a4166ee413ecc790807e53",1,voucher,1,61.76
ac046375de5d50de6bb99a9bcdf592d8,1,credit_card,5,125.42
ab4354630db26a599455989a1091e50f,1,credit_card,10,1930.34
"4ab2c1c6f21974d6332c0531a74eef20",1,credit_card,1,44.09
"47864ed19d3fc241f11b3d0bc59257e3",1,credit_card,4,49.42
"319bc82f24defe9aea4274a6bded23ab",1,credit_card,3,133.29
"273120c482a64369a7a64743e245c979",1,boleto,1,101.03
bc2bdb398f6c17b554ffcd37aa1c1e03,1,boleto,1,90.97
fc3de87b923f14c3605e6a0fb08882b1,1,credit_card,3,93.76
"3147d340c802cf04b463c4a5e532745d",1,credit_card,5,117.94
"3ef28988ea616750c5ac6a0058814056",1,credit_card,3,57.53
"79fb3469650c71775d1b5cb29fb207ec",1,credit_card,2,178.59
bca58807bbe0c11fa3099e2328f62647,1,credit_card,1,45.25
"71603031182fa8f497b5bae069bb9361",1,credit_card,2,63.50
cb765962c1cf94ab1a1c8646ba7060c4,1,boleto,1,62.59
ad48ecb306503a2b1707a029cc13a76c,1,boleto,1,48.62
"7d51d88244e80164e317acbec4b7c643",1,boleto,1,57.96
ff07ff058c25c993a564127557043c5a,1,credit_card,1,65.62
"215b38acfb4aef3bb0144656bb102421",1,boleto,1,72.65
"11b7adfd63537ace6ab5ede1feb62610",1,boleto,1,62.00
"26b5b516adaae71986064b4cd22076b3",1,boleto,1,85.58
"5adc5247dae5445e0e95b51b2d29ebdd",1,credit_card,1,120.40
ea461a2421a4be04b0d69e11e12788ca,2,voucher,1,7.08
"71b3bbe3087a538b8019ec4e1b8abf56",1,credit_card,1,140.44
"313ecdf6cb87d671335ffbd49eeb13c9",1,boleto,1,116.04
e5f7dd43f840110435bdff296a628437,1,credit_card,9,122.78
adf281b98295b5c27f37e402ed781595,1,credit_card,3,211.74
c7a07ddd52bbe18b61da49a8d89853d3,1,credit_card,8,1372.10
"1028ff13ccfac9ceef23604d7974a6d2",1,credit_card,3,100.58
"26ba119cb1ecc9d4a697d0c6e077b88e",1,credit_card,1,32.85
"5898109e955bbfdb67655f3aa64ecd72",1,credit_card,3,91.96
d9b0d609decccee6466fb61adbc03f3d,1,credit_card,1,36.09
"03d9d682de9c41158e00e17ee26d9070",1,credit_card,1,210.43
"513f45dfe361a2cd8b5627b1414b20ae",1,boleto,1,162.19
"7af7c299782a98edb991de6390fe6f88",1,boleto,1,95.21
fa94f0487376b26326f5fa63d24c9a8b,1,credit_card,1,39.16
"9a14984b8e92e2c06592b0de08ae9fb3",1,credit_card,10,954.85
"1b5364692444d3fa21966ab73ae925ab",1,boleto,1,125.42
cef25673fc64efd9564270760806eacc,1,credit_card,8,244.05
"52124b2a6a249e07cddaaf1950ce0620",1,boleto,1,50.35
f691bccd49f326797b1c69eb55d2a354,1,boleto,1,85.15
"7b93e2f7db1b7cf907cffcfc02ce5455",1,credit_card,1,114.89
"516085f268c8d34500c845dda4d7e64a",1,credit_card,1,109.95
"48d2c84bcaaa40dfb9f0cf5edcb614f8",1,voucher,1,506.98
"70f2c5825ad1afe906cc0c4036a3593f",1,credit_card,1,44.09
"5e7a884a951fb8fa7f6596c513bd8fa3",1,credit_card,1,210.14
fa54be41eb7ceaa9e9909bb015372f49,1,credit_card,1,67.50
"97cd8f499c48c7f5ddc59d8e9d79f314",1,credit_card,1,68.13
"16c3ca58f55e1752c30c707a7612b879",1,credit_card,3,34.86
c6d3e5adeb9ccf5e0d490834e0b24271,1,credit_card,3,180.58
"379608a8412e127ea99752f0ae297408",1,credit_card,3,50.10
eb37544121736af22008931c8e3c30c8,1,debit_card,1,147.64
"1b2a09e1fb4ede4fd59a806112766dc7",1,credit_card,2,42.98
e2abaacfbaa87cb128b9c6675bcd2b98,1,boleto,1,39.62
"40c3b608098b72f21af4a0a9006af9d2",1,credit_card,6,63.10
edee5e7cf341c4b22a2cf863e94670b2,1,credit_card,8,1079.71
"10c5eb3ea9a23055a311c44022b574eb",1,boleto,1,46.68
"73a9cbe5df2e3105044ed1dd55314522",1,boleto,1,86.08
"5312f3d56a531aaf51a7b9b3e38905cf",1,credit_card,1,279.25
"4c004439e63485114caf4e97ed9befe1",1,credit_card,3,87.80
"871602fdb0b91bf6bd79db21dbe419fe",1,boleto,1,16.96
"183d416a1d37c1edc47a83e0030c8ac0",1,credit_card,3,207.61
ac4b7ecdaaa68d5c37e626e9a1f49005,1,credit_card,5,595.49
"1206cebaf41495dd699545d37c1b3e64",1,boleto,1,113.27
"7977e42154b045239288569dc9336adc",1,credit_card,10,171.97
d12c09d68d5c3b6907f4a3850848a07a,1,boleto,1,105.77
"2a413faba9c53fbb45637b8e745f5af9",1,credit_card,6,66.95
d04690bea446315563a9f2752ff88e9f,1,credit_card,1,145.96
"67e135f2451846941b4b1af2dc3241bd",1,credit_card,2,29.34
"284a65b124f634fdf426aa8e768fe8ab",1,credit_card,4,190.33
"50a178ade9e159084ae7b05d937a9922",1,credit_card,1,43.38
cebe1a22714a4536f852866377c9bcbd,1,boleto,1,187.44
e1ff3178bf322c2f131cdf7f3cd63613,1,credit_card,4,85.34
"68c3f2fc647e6d809af24b6ccbe84388",2,voucher,1,84.48
"278c629504a0d7a99a3bd4da3f061141",1,credit_card,6,137.67
"3e3109370f4c0f7b7f69cfc0098b89c3",1,credit_card,4,196.38
d733617b9855b9e43121c84fa731e3b5,1,boleto,1,161.56
"78e4b001a62cb8a87548dc306284e4f5",1,credit_card,3,52.19
cbdf8cd4ae312edc69cf3452d01f0671,1,credit_card,1,32.44
c2d1eb7bbca1e89e1ad0b87e339900ae,1,credit_card,1,64.32
"587ed74a3001b5f1083b78c5bb0090c2",1,credit_card,6,64.02
fb33708d8796557a556cf63313d6cca6,1,credit_card,1,56.40
"9147e4f91a0a2071875cf411ec60a10d",1,credit_card,7,105.12
"04164ec24abde688d0451ee982797344",1,credit_card,5,102.92
"7c60f6fd772cf7cc94b55c621b78c8e5",1,credit_card,4,112.61
"30912e56cd416bbcbd9d3282e643c27e",1,boleto,1,23.29
cfe5649887c20d8a27d7a9a2302a9d9b,1,credit_card,4,221.86
"9dec900f8c20ecbaefa8e27242060a67",1,credit_card,1,54.70
"86e58de143bb6bb2b6ded531926ebf36",1,credit_card,1,70.63
"4e3d811dd3b8ca1f39b4ce47ee24b368",1,credit_card,8,367.56
ff810096eb7a808fce380a6eccf0b746,1,boleto,1,48.72
cdf9aa68e72324eeb25c7de974696ee2,1,credit_card,1,136.99
e272bce1552fb7974a974716274cac12,1,credit_card,3,67.44
"719b940ab2f1e351ffb14a0a02ffe3c4",1,boleto,1,97.80
"7ee20272eb00cd391603903aad03de4c",1,boleto,1,68.62
"79e8e10e18151e5d8b8223a0ce9ee34f",1,credit_card,3,54.00
"854fc42da7246b10ed8dcec4ae8f48ca",1,credit_card,1,94.30
b962a071f9bf689775fbdf041a11372e,1,credit_card,4,118.86
"45030898b4361255cbd03efa424707bc",2,voucher,1,6.29
"816c1aa9dbcfd7482f467ac32d92bf0e",1,credit_card,1,50.25
f586221f29e99ec237c1779b4ca609f8,1,credit_card,3,163.53
"459be7860aaac045ee0b2f5a1fb8489e",1,credit_card,1,137.60
"5cb4fa11d9f8e1c1dbff3ac693ddcbf5",1,credit_card,1,68.84
e9b735c3e357b0f402a642f5f20365df,1,credit_card,5,246.36
"8db6d994614bcc929d44d89152cee0a2",1,credit_card,5,180.67
d990526f202ea1d06ad6499335471813,1,credit_card,2,95.51
"405be8487a7fde1db0bc31ad6b08050a",1,voucher,1,8.89
acddd4c6d411c210e4f1580dd071bc90,1,credit_card,1,268.48
b0f09542f907cada33dd7ff85f029a71,1,credit_card,4,195.55
"789224c8d5447b2a3ae06a6c2ec5258d",1,credit_card,1,91.78
"4c8ea2a4ee7b1d91b837360ccb23fe89",1,credit_card,4,208.08
adfc3673a2cbc4c987d02dfdbc8dbe53,1,credit_card,1,553.72
df7c36238f2fe34a946b480a147a040c,1,credit_card,9,94.85
"566aa88269ebf1551f8e2da76e215e08",1,credit_card,3,57.23
feb1e26e42fcee9ab068a2a4c7334707,1,credit_card,1,78.09
d99b88619176350e49d910a4e548b951,1,credit_card,2,66.01
"5330599ad58e0e0355fcb5c997d3f8f2",1,credit_card,3,105.08
"1e1bb536916a9964978ee59e6d6d0cca",1,credit_card,10,142.28
d2df2c8001cece568604ec609cef2167,1,credit_card,1,23.29
dd800b5dd3395650111f9a4539000e7d,1,credit_card,4,422.03
"2ed75ffbf396fcdc6341f17d1a16ef5d",1,credit_card,2,88.37
f7abe88fbe9b7ae7a46f897236e58d31,1,credit_card,1,71.59
"4907acb41ae167489ddb03c61fb7c084",1,credit_card,7,147.86
fe94f63f2f4d326a6da25bfe07ffaf93,1,boleto,1,45.30
b6f55e4af06bdd71bdfa6805094331ab,1,credit_card,5,67.88
"93f13382cc5261b3bb59d8f2edc52b73",1,credit_card,1,65.00
"3a0b83e4ea6805a8d9c32b4c13b4112d",2,voucher,1,100.00
b13a218f04f34967574a5a8ff1d07859,1,boleto,1,77.82
c235e3fbe42d171c9177e6664107170d,1,credit_card,2,21.94
"84e7b71666cfcccffac18b19418c7e33",1,boleto,1,45.09
"40237e91fbaa88e62cdc9397b2e3343a",1,credit_card,1,77.48
"31b91033dcb0502e616f40ced16dccc6",1,boleto,1,169.38
"2057a9d9d1c17e9a230010d67164fe31",1,credit_card,2,116.84
c17bc584fe68bdf389241631455fc2a5,2,credit_card,1,14.72
ed8e9faf1b75f43ee027103957135663,1,boleto,1,85.82
fe09fd9d707ff0915cdf61375ff70a69,1,credit_card,1,75.07
bcadceb3349706d0baa8857a30fe542d,1,credit_card,8,166.11
"15c04e22d4240a02f3f968690b8162de",1,credit_card,2,274.47
"402d1de1e7261ecc31f90bb5fef7afc9",1,credit_card,1,37.77
"4e2a8ecdaf9ce150d44ab12a6ea1c621",1,credit_card,3,154.27
e8861a9f094841902cf93913969fbb7f,1,credit_card,1,29.00
"7e439a3cffba90d9a5d684e4033d66a9",1,credit_card,1,138.24
"68b598d9359833f3f45c0762f8226899",1,credit_card,1,72.14
b31d738d37a8bb4df0963d826f9936ec,1,credit_card,5,102.85
"2b544b8241dd8fff06e4585c901d885e",1,credit_card,4,423.98
"12415173366718477ff1dfac106f018b",1,credit_card,1,34.79
"7144fcbeada7426f9bb134795620511c",1,boleto,1,58.62
db89228b5cbfe216326ca3d484a14b8a,1,boleto,1,94.28
c70715c3111d10111116543cfc29f3ca,1,credit_card,5,58.59
f8303e6eff198d1749d04649a1eb2bb6,1,credit_card,1,62.76
c4a8606aecc96f014ba9ebac203d0e19,1,credit_card,4,208.78
a2a3515a501b9b77129df7bff1813e76,1,credit_card,5,507.68
f6687308d96fa59fcadadd7c1c8d457f,1,credit_card,2,206.87
"89ee991b2ae330d7b2d7b4d81006765e",1,boleto,1,49.42
"8a01d7dddba4415103899d87ef6a5ab7",1,credit_card,3,156.24
dc9b5b176c87f1c3bc2d69b282873d5b,1,credit_card,8,308.96
"20368ff725d0f3b5adf1ab319ccecb62",1,credit_card,3,188.94
"3e226f225a5d4584d0bce05c962f6adb",1,credit_card,6,153.10
"953f6193240153af3fd76c055a3c544b",1,boleto,1,74.16
f6165d8d9da67968c00f198d4b053690,1,credit_card,5,528.68
"2ca9036cf880a76f0a41894ede902e55",4,voucher,1,6.99
"52a1973044aa5f46769841ea77ffc2ed",1,credit_card,4,107.90
c0e6116a3c6c2d732ec1b43bb7b5f307,1,credit_card,1,43.54
cf23ecd1a5db35528b344d0f553fb3d0,1,credit_card,8,209.21
"3f5925197f247805cfb1fd635f1363d3",1,boleto,1,148.15
d6ae19c6c065f3ba77f44eb583be611e,1,credit_card,10,187.02
ae08a6e1781c8a44dfa832b70594a0d4,1,credit_card,5,51.01
"9b04ee502585bbf5ea1c396717eaac34",1,credit_card,5,156.73
accddd3ce343b9c4a7ad6d49ecc3c3d2,1,boleto,1,51.88
"1c289ec3ff9bc97bb8042c71b244cd40",1,boleto,1,77.57
"08a893d69f0279b78939b77cffeaebaa",1,boleto,1,87.76
"4a7676ed277c46594e4bc347c5be54df",1,credit_card,1,47.94
a126eb32402a71a28a7c314405a24f12,1,credit_card,2,170.55
b1cc959223d3beff53d4aeb97b8b6a8a,1,credit_card,4,186.19
"9be6ae94773e11cec0981a4abf939445",1,credit_card,6,493.63
fdf8f05467e28901dbd88f446effd6d9,1,credit_card,6,68.35
"0583f502e04564cfe79eb0e4f5939729",1,credit_card,2,220.88
"6cf42ae592086e2192284047cbfb4632",1,boleto,1,165.28
d446c3b58885af902aa7182d140afd0f,1,boleto,1,49.01
"91b672da38fda8fcd61163ab133f7fe0",1,credit_card,3,127.11
"6fe0c69d1afecba53e06ec8c8b533dea",1,boleto,1,128.08
"1e40acbc25a8373a85419489d08d2fc9",1,credit_card,4,180.82
f2d28c33d6ebb5cc6c33ccab50b0fa55,1,credit_card,10,247.41
"0830fb3429c4807bd185a32fe5241b8a",1,credit_card,1,61.43
"3ad2072a2c9169681a3bb6138e0f8ef3",1,boleto,1,21.86
f2df3f69fb9dbe0d8e932a7ec18c5a3a,1,credit_card,1,142.41
a18a3d5f4d2f4c8c71503ed2bcf3ca7e,1,boleto,1,34.04
"0e26d0a204b8688d2481b72560ac3ddf",1,credit_card,2,256.66
"46747ad85b9cf9727f269697bb56b77d",1,credit_card,4,92.05
"74dd97481e0ded0e137cdd411fbeb2ad",1,credit_card,1,38.71
"89aabb395bd3e6f5778b44a5aa2ef6ff",1,credit_card,1,130.46
aac83029cedfde867c3b10c7762d84cd,1,credit_card,2,133.05
"3d8548cd4cec4412f9007bf10e67b70f",1,credit_card,1,119.78
"3d6831b9ec6285ad1cd3b7a8f1cdf23e",1,voucher,1,124.08
fc9c5a8e296849292b4aa44da1911cd4,1,credit_card,3,167.29
d58096e42e1aaf58b8521e8f8b4c20dc,1,boleto,1,856.13
"21f2dc64dc574bc823e5c05420267860",1,credit_card,4,164.34
"8336334036e8b201a6013cebe4ef9d07",1,credit_card,1,51.19
"595316a07cd3dea9db7adfcc7e247ae7",1,boleto,1,48.27
"35edfe0ed82ffa12bb88c0395209e513",1,credit_card,1,106.44
e6aa236ec927bf47ea8069000e673717,1,credit_card,2,25.83
b1e9076d07f0a18048ce3182655825f8,1,credit_card,1,81.14
"383aa8b2724fe452d9ccd9934a8c628b",1,credit_card,7,111.24
dc05a07c0cc70e26e10e274313034ad3,1,debit_card,1,429.64
"0eeae75286b79b40f203057933fbb70b",1,credit_card,10,1784.20
b3ef4de1762699288ca5c55a1e574a12,1,credit_card,6,253.84
c5e0223ff36f3c5128010ee14e7ee6d1,1,credit_card,1,32.87
fa23ac72814ef3312abee6d83bba7665,1,credit_card,1,34.68
fa67f37b0eb6114117c4c0412aeaaf2d,1,credit_card,2,103.01
f42bfe430d08b71e6057873397dcc741,1,credit_card,4,878.28
"1c09d927a885842107b1ffa9c65cc5ca",1,debit_card,1,122.52
dc53168ed84c77eb9eb18a8026bc393b,1,credit_card,4,348.07
caff2fa75ad73171c404614d5560423b,1,boleto,1,241.35
e35b8d9f66d207952c74878ee321a213,1,boleto,1,142.50
"0c311ce5790eb3a82cfaf0ab40840730",1,credit_card,7,79.47
f44109a5bdeb8222bc76288fe1751d35,1,credit_card,1,61.47
"520bc702936ffe80d33a4632792835cd",1,boleto,1,303.33
"17f124568e4923bc842f832fe7fa758a",1,boleto,1,282.26
bf351cedb18cc34fc1bf14f882156e40,1,credit_card,2,156.41
"7b03a8c3cad91944919f2128a8c5560a",1,credit_card,2,73.16
c7536eb5732f2d108709a935a97da95b,1,credit_card,5,172.84
"6477737031e3b8c8578883bfa897c524",1,credit_card,2,59.93
"16f4331c56f6c5c76a5ea85c7919f087",1,credit_card,6,159.62
f92cfbd80ead6ae168b77674a374b196,1,credit_card,5,111.93
d8691426e29a4206ab5076fcdbc1736d,1,credit_card,1,36.17
"2d75634456c941f14be2f3f96e4b2bb7",1,credit_card,2,138.72
d2231c35916ce1b4819acbfb88730816,1,boleto,1,67.53
"67204cd665c7418b36623b21584dc92c",1,credit_card,4,227.76
"170f94ae030b06759974c36f29faf658",1,credit_card,7,219.79
"9c978d47acdd5de3c4588d5af74c5c66",1,credit_card,4,215.70
"52363fd30a7df27f6789c3d086f4aa0e",1,credit_card,1,51.50
"626e4ba4ac663dadb68a6fe4b0d7b8d4",1,credit_card,3,132.09
"2e1b28b55908e9904e59370fa0ecbb8e",1,credit_card,2,129.46
c1e09d04655160d6d54de41e9d001c47,1,boleto,1,37.47
b510a3b0e7d3af5d6a6021fb316dc676,1,credit_card,1,35.77
"0e09e160c7532013444616096bc75f89",1,debit_card,1,87.32
"157676ef5dfcf1a927e0b60948918946",3,voucher,1,50.00
"43d8b54629756a38a418dfef248957c2",1,credit_card,1,40.13
e466676123a176fc1f9d09856565cb41,1,credit_card,1,87.54
a10dfacbf1c8bc9c9e9591f60102bdef,1,credit_card,7,70.26
fa65dad1b0e818e3ccc5cb0e39231352,20,voucher,1,150.00
"055aed279e13c9571499453c260726e9",1,credit_card,4,63.10
"4bafa54db6b060da198f23f810835969",3,voucher,1,8.13
"4f940e976473a0facd3c6def01f9fc19",1,credit_card,8,349.53
"67c78c07a98cbe27b5acebd87a164192",1,credit_card,1,303.70
fa086b521df2d133df67f2883eadad21,3,voucher,1,30.00
"5d3d6b8740f0b956853ba943e42e2c22",1,credit_card,10,1026.48
b0edeeb83cb7a8e727e06255357cd7a1,1,credit_card,3,176.55
"4749a1374297f0088e587cf8cd9cc3f6",1,boleto,1,122.17
"536b55df90b1eadec8cd2151d8d54536",1,credit_card,8,514.28
"15c2d2803c9a7a4ba8f528a65814848d",1,credit_card,2,138.62
d49f3ce01bf8ca94897ccf96b1e4f45c,1,credit_card,10,292.37
"92ea353b61f62c1121b70453598471ce",1,credit_card,1,23.29
"252aabc5aca2bc51672fb4ded077dcd7",1,credit_card,2,62.01
e179df200326739d8a8bc2353c2c7699,1,credit_card,10,622.64
"8d171a848151e69e8f090fdbb50d4010",1,boleto,1,108.00
"4e2ac439a2abbb795c7276e9eaffc180",1,credit_card,1,118.64
"707c7403d5d131e75e3d557bdd0646c4",3,voucher,1,30.00
af30636aaea85d40ad4f4025c7841236,1,credit_card,10,192.00
"867d8052e7e00c74f4a3dc15943ae847",1,boleto,1,30.23
"76b25fe0af9b04dfb3c2055e447d4492",1,credit_card,1,54.28
"32ef0e6f75975bbd710fb93a083fd58f",1,credit_card,1,83.23
a6c198c8e63125ae81a291223605c872,1,credit_card,1,92.79
"850a46317b5a1b4eeb14f915fda637c1",1,credit_card,6,127.90
"1468556ad5a95f57ef848cf278d8c6dc",1,credit_card,4,41.45
"361e0cf744333677864a5e28558a53bc",1,voucher,1,20.77
afd2be9f021ab713651e41c2eaff1d04,1,credit_card,3,213.51
"72ca7a0edf21ea90416daca244df80ab",1,credit_card,1,45.20
daa8ddef333b2e2a012ef233e4566cc2,1,credit_card,4,156.68
b46c295d27c87441788cfd92b75b1a3d,1,credit_card,1,36.73
"89ed66ec9a5952690d30aeb514f46dc7",1,credit_card,10,857.36
"1c2e2705fc091788f391bd212887b6f0",1,credit_card,8,103.86
e46cadf63ee53cca6065ae0affdd1d83,1,credit_card,1,75.45
a10a8370fcfb9246aea821e3a4778863,1,credit_card,7,98.97
"70623d7ff2e126f3688dba1042ec9531",2,voucher,1,213.69
"707c5f99c91cb848fec1431b02073446",1,credit_card,1,238.07
ba2a82359a00bf0bd1f5ae32527a5a40,1,credit_card,1,73.80
cb80e3d30577a7af0b3b851f5f4ed92b,1,credit_card,3,93.20
"462ec2e1d2a6a3ae425fdb77837d326d",1,credit_card,1,69.22
af8a65413a5278f53502a4c24ec7e343,1,credit_card,4,45.95
d2926e7840bb47e67fc52b79646cc2bb,1,credit_card,4,279.29
"9934c4532c0567cd2210f7fd9041bcb7",1,credit_card,4,95.51
"5069e2dbd0186add07ccb0af65724741",1,boleto,1,96.32
e58d507c1730fdc2137d1fd497049a68,1,boleto,1,52.38
"8704f37bae751578cdec362f48c61232",1,credit_card,2,71.82
"81b2727cf9cd65cf272e2ff378840983",1,boleto,1,22.87
"7dbcbb9165bf085d77a814bbbea38c6b",1,boleto,1,57.72
ce170c4c87651a4312275b8139e76fd0,1,credit_card,1,60.85
"2260cb2dc43ff44ab9b095424034c741",1,credit_card,1,27.79
"9e1bb7fd856652c37c6af562e2036a5d",1,credit_card,4,242.37
c52439e463e5cd80125600ab8ee93344,1,credit_card,1,145.56
"60f2e590036bd3ff5c956e9bcdfe56ac",1,credit_card,2,79.29
cf2012c5bb2a858db95ead15c5f1595b,1,credit_card,6,68.49
"2cedacf09b697a584a5078a5002c7d5d",1,credit_card,1,35.84
"530e59f0f148ec0029b49a2cbc1ce2ce",1,credit_card,8,88.09
"3a17fd4120bf394dc3968c52f703fe07",1,boleto,1,142.08
a044e4274dc3344dd938742300828892,1,credit_card,3,233.81
e93e73ed1cca61b5ac973e9cf1e8b2de,1,boleto,1,35.77
"2e0b5c286e103111a7b4ecfdfce4f8dc",1,credit_card,6,313.20
"24ba7ae4f55da4a0e458233a297d124a",1,credit_card,1,26.37
"828acc6ccec3081f5615750358c691db",1,credit_card,1,17.33
"5b1ff9c294ce6149733c6912262c60f9",1,boleto,1,186.54
adcb2eeef370c9bf98f5d1e975397950,1,boleto,1,30.38
"984c19cef3db5bdf9a997ddf67f616ce",1,credit_card,1,97.87
ef0dca645d1e44bb9ca32196198b51d4,1,credit_card,3,194.50
"87057ad16823c46ae4ccec00c4db526f",1,credit_card,1,72.77
"4523eafb93144f31a954666165a59423",1,credit_card,1,1.61
"8ac7bcd85522aa82e2d89d27ea9cb818",1,credit_card,2,40.23
f3f20a355feba5a3e09b1133932f992f,1,credit_card,2,53.85
"832ad6ddb27af590780d3419c9c34624",1,credit_card,4,81.89
"89a5ef83a41559d5c8d248e28b57b193",1,boleto,1,49.49
"07d2babcd3c3d273aee2781512cc5904",1,credit_card,1,88.28
b83972e412c479d855b5fcdaff8f4d67,1,credit_card,1,21.72
"3c057da49a74023e52c0ec5ba76843c0",1,boleto,1,47.78
f211ae6ccda8a2087cb211dfb3226331,1,credit_card,1,86.15
e0162395d367ee9b019d565333294e14,1,credit_card,1,45.21
ff903285ed6a7f76ecda147fc463ef57,1,credit_card,2,160.57
"040ffb806b943aa19e0b176e7746b2b7",1,credit_card,10,556.69
"59d34e1064930d037d30041b73683aa7",1,credit_card,1,16.01
"1bce4e7b57b2796a7e726aeebb967a32",1,boleto,1,67.50
"3ca618a967a369a20ac5f2c4e00e151a",2,voucher,1,95.04
d224c4be964a33d8d803b33661c18d8a,1,credit_card,1,56.08
d493148aa5f8d08914d29ec0524e1196,1,credit_card,6,170.10
"519bd24b712bf33ae1d38e2080c1e5b1",1,credit_card,2,50.15
d7e87a1388d89fa6d7841f32c6954c2e,1,credit_card,4,186.96
"5108adf7c59ec5c88f7f272084921e91",1,credit_card,2,133.46
"8b5f626276db26826fa773137035309c",1,credit_card,3,190.48
"4c5071751ff07b3f013734d8b4aed882",1,credit_card,3,58.76
c895355af2bc9e095254d9581cd77699,1,credit_card,3,71.15
b48e71659903550bcf90e87f245cefbb,1,boleto,1,109.77
"52f8ac328cbc9bdeac9bc1b3dc3932ed",1,credit_card,3,177.16
bee04fc605991e730c12544619d4a5ea,1,credit_card,2,131.58
"4993ef6ff0e62c90c51232f5164acb56",1,credit_card,6,61.79
"0f7bc9011b887a3d145db483b0d8c25f",1,credit_card,8,92.80
d28b5d86a3eed220a736db5a42815270,1,credit_card,1,45.54
"00a500bc03bc4ec968e574c2553bed4b",1,credit_card,8,555.99
"0b1bd7cdeb2d703ebe602a2989a86f9a",2,credit_card,1,10.98
"87505fcc62d2679d048529cf9fcb6ca1",1,credit_card,1,74.76
"7fad4942eb2e0461140e94f51a3e5053",1,credit_card,2,49.03
b8615aa7e6248212cab23e120279acf2,2,voucher,1,7.83
"9342f2bb331c6444f0a7bd8f901fd10e",1,boleto,1,134.47
"87ac65278f1ed3a23cd5ba4d867eabbf",1,credit_card,2,198.13
ac120c30a7e66371f0ff851dfb709eef,2,credit_card,2,179.77
"39b18d551e1accb764651ec6d8abd39f",1,credit_card,5,189.10
fb7df543b6622d01dba2c9340a23bb30,1,credit_card,3,454.66
"8fb073bd98473a883fac5e1e3d096b76",1,boleto,1,123.61
c29a7cc498263621590164d96d2953aa,1,voucher,1,163.72
cf7b757fbc81196ad9916c519c092321,3,voucher,1,13.46
"063b573b88fc80e516aba87df524f809",1,credit_card,1,87.53
"2e23e1f7d2c2bd9b1926b5e071d4cf18",1,credit_card,5,163.06
"79da07eae09f99db2aae509b6837bd28",1,boleto,1,28.62
"188f31b5ce7e58114dc03f7d6289f9a4",1,credit_card,10,603.43
"3e227762960a48c16959bed012a17b30",1,credit_card,1,42.29
"218420c55032b9db817c110f06b85fde",1,credit_card,1,94.77
"93aeb5597e77e0da848f2118531a7d3a",1,boleto,1,167.51
ace0c35b85db51d5c8dd029487bb9f34,1,credit_card,1,34.77
"31da6b20b9e1d1376bd442a0d4ad0607",1,credit_card,4,85.94
"97f48024fcc76f1898e397ad6966e3a0",1,credit_card,10,1354.09
b4aba2416f85cebf2771f08bf6b50998,1,credit_card,3,195.44
b351c5d27be59a2dd430f7e536e5d09c,1,credit_card,1,97.55
"2787b157e624680cffc26163900e2543",1,credit_card,8,169.11
"27f190f6efe898d203f09dacc0d5e6cf",1,boleto,1,62.01
"7fc809c604a87ada4f484b5c0d0f2abc",1,credit_card,2,216.62
"154b66f3b29e92e4c9fc7f1ad60cb668",1,credit_card,7,71.31
e3d83da524afead5265900f2cd40d592,1,credit_card,2,53.12
"44ee123dd806e5be0cd47203126e26c8",1,credit_card,1,77.42
"99e2c8721dc8a9be03fc0c395a7ccbf3",1,credit_card,1,254.31
a47d6503b097b0a27377d57e6d5feaf9,1,credit_card,3,225.07
b310a5cacafc1233286e34caf4fe9135,1,credit_card,4,158.91
cca5b95a50a377212a9e834f2616c9ce,1,credit_card,1,57.43
"7caa0a770f1010526a3e5f65757755f0",1,boleto,1,298.40
"78d34f6fb322f5b7ad7d165edf5f7b84",1,credit_card,8,146.56
"09eefc2f4932b01761f55d6b623ab527",1,credit_card,1,36.72
"8576190c64f6d9d9ed5055185aeefe31",1,credit_card,10,235.13
"2065ad549db75287b04797d276d50564",1,credit_card,5,344.55
"3ec2fdd4a3f6f2e2d053b3b0bcac4531",1,boleto,1,74.00
e01f636edc7155ddecc78f311b1f2cd0,1,credit_card,1,23.72
"0eac9f8e158a0eadfce8c9da8547a8ce",1,boleto,1,88.27
"9a707aec48fe07465e8219dd3b52225f",1,credit_card,1,122.80
"9b4a1422c8b4e65d9ab330d8d32deddf",1,boleto,1,90.46
ce2e637f27a33a1fd345f4844e866449,1,credit_card,1,87.66
"6ccb433e00daae1283ccc956189c82ae",2,voucher,1,14.65
"9a10d7c2100d6cd74a5e9074cc23518f",1,credit_card,4,78.08
"08427834d148946950a3fe92a596e1e4",1,credit_card,6,81.82
"21787a9b049d1651878b1a9bb3fec657",1,credit_card,10,318.92
"108f4fb029e55a72b96fac9b9f489c1e",1,credit_card,1,69.34
"59fa9c0df154e7b3b8bb9eb70cd4ec86",1,boleto,1,77.77
d339c3ad62c16e15e4c2f3e39abd1abb,1,credit_card,1,73.09
"863ed82a296435f3a4d1a4b878450a5e",2,voucher,1,60.48
"9b6e06a02240aebccecc0aa24c806e23",1,credit_card,1,53.00
"7c58dcf5d201ca2fd658c793e425c290",1,debit_card,1,23.77
fdf459030a31d8361d80f9994ad7f8c4,1,voucher,1,102.94
c14280403027095676ce13109d5e2864,1,credit_card,8,488.15
"61257b6e85787aa68052616d08656a24",1,boleto,1,55.01
"801efaf8f3dc441dfd2e48e11ae56625",1,credit_card,7,73.64
f71915184c3ccd8f36251500f01de53a,1,boleto,1,33.77
"58d4c4747ee059eeeb865b349b41f53a",1,boleto,1,35.36
e78b67e290369f9663f14d37b7f64c52,1,boleto,1,57.68
ddb34cd42a4f007c29595d7d57caac94,1,credit_card,1,59.69
c0ad22fb83f1019e8abbdf1d38ffe6aa,2,voucher,1,14.72
"40f6e7101c9bdc9aa16832f25ee7ee2c",1,credit_card,3,37.78
"98b736865640a09748dfa712c907b68d",1,credit_card,3,191.52
"32064cd340eabfc585488b852e90efaf",1,credit_card,2,116.24
fc046d7776171871436844218f817d7d,1,credit_card,5,160.76
e71fb32bec49dd4112bcbcc19126d388,1,credit_card,1,2.77
"23d16dddab46fd3d06e8d9d27ffea3f5",1,credit_card,3,124.51
"9327dfbb07028fce8769daa61e598891",1,debit_card,1,54.74
"7c88ddf8606e3f7894758e90a6bbc399",1,credit_card,10,331.40
cddd5b81db02366dfd896859628bc2d0,1,credit_card,1,34.00
"8b3a63179277ba12f54970a5947d7a5e",1,boleto,1,42.51
e99362369d13342d20ac941c30e25294,1,boleto,1,73.76
bc24d527d42f42c735765229820d488c,1,boleto,1,124.21
"237ad2054a0b3375cc64b6a7e6e08683",1,credit_card,6,147.78
"9e1767e9e357aefade604f2b54d83ff2",1,credit_card,1,91.05
"6ea71515224447ac719ce8df5da2037d",1,credit_card,5,50.10
"7d0ed38550fa692c0dff9a4d0eddb8e7",2,voucher,1,35.61
c11e1e377e956e9d5bec2b0fa2ddc067,1,credit_card,8,385.86
c140205cbbe8c442615a6a64cca7497e,1,credit_card,1,43.10
af2565178281d646f828c50111e00308,1,credit_card,8,465.08
"999eabcd67df73216056d2d1c4fc4d71",1,credit_card,1,92.02
"666361dc35f61cd6ac10ec287d682b88",1,credit_card,1,32.69
"354ca44327bb555017ef42fd921ada11",1,credit_card,3,367.90
d7c320185a2f9b32f5e2370ff3f8bd64,5,voucher,1,3.10
"44905b3e611d2f738de87a2cca4961b2",1,credit_card,5,59.59
"93c7ec2b9638f73ddcaefac525f4d7b6",1,credit_card,1,70.52
"6241cda1675cb9e42e0a934f7c71812a",1,credit_card,2,26.09
d79ade6e8f673b2bff8995540f1e468c,1,boleto,1,85.16
d0ee2ae87e093d006aed295d79e325f4,1,credit_card,3,152.34
"926355ffa49be1cca35b492f916bb6ca",1,credit_card,3,234.34
"171494d5a0a3d21f98268f2aa9314a18",1,credit_card,1,133.85
"7b99db4b35bb7d1b97ef1573aa3c2171",1,credit_card,2,25.10
"889d953454eb01607e1ded9e6c9e1657",1,credit_card,2,65.71
f1ea8b66e6bceacb9d56a84505f36dd1,1,credit_card,7,574.26
"09b9364d966593e51c1edead847fd220",1,voucher,1,193.21
ccf804e764ed5650cd8759557269dc13,21,voucher,1,1.45
bba3ea9fc64e1b3a64a4c0a5dd38b005,1,credit_card,6,277.65
"29182856a24c6eeb1d7b81ba1fe63190",2,voucher,1,5.42
"46502a9584712989d3872f32e0e2176c",2,voucher,1,17.19
"566919db57e507da7ace615456eeba3a",1,credit_card,8,160.30
a28b3de806c533911fe9d9bb425f1650,1,credit_card,3,105.41
b485e99d1c3896c44eb56886216fcd01,1,credit_card,1,7.62
d08bc243bdf75320f869b3b5bdfdb9ef,1,boleto,1,190.37
"06d614f169d6f1a04c85b382d4bd462c",1,credit_card,10,374.42
b59dd155566e5ce134bddffdc26e471c,1,credit_card,1,45.10
"66a112120b10c8ab5fa2e0b42f1c19d6",1,credit_card,4,219.44
"7e50c38a07a419235566099ec4437340",1,boleto,1,80.82
"9722eff1585170140d33d9ba863ba74e",1,credit_card,1,155.14
e567636d0d5b2a7724e0f2331b4081b0,1,boleto,1,49.84
"407cc9b2c7575dbff71cb23b6cc26814",1,credit_card,4,40.41
"0ab4790a52443a30df72f298b03077db",1,credit_card,8,224.83
"0c4efb413bce2d4e4985bfd63bb0bc49",1,boleto,1,29.75
"27572d0c11af71f78423d11722b2503b",1,credit_card,4,193.81
f9b9c3c69ef08b6eda32ed086133abb6,1,credit_card,3,58.64
"9461233f007294d53c027b24648e02f3",1,credit_card,3,304.52
d965c84427fa1d6daad237adfbf75554,1,boleto,1,413.59
"6512f99fc2b658abc017f8090e3d1bc9",1,credit_card,1,46.05
"3b506802b619f7a3d43a4180ae13698f",1,credit_card,1,188.10
f303983d1d0592df48b9dc1cea9bb871,2,voucher,1,69.47
"92ea4e83a1cbd42cfc62e113b8a00797",1,credit_card,3,43.27
cdb66326ea0bdac7baf24b38a67af09c,1,credit_card,2,67.50
"89c04d2250464948257c7dbd4e41c3cc",1,credit_card,4,225.04
ca978d2459ea2c5ef6d5fde02be26b9c,1,credit_card,3,108.59
af5d84156c440cd192a04d10f43614e5,1,credit_card,2,121.14
"0e45c1c50018bc382b24647115e9eb6c",1,credit_card,2,209.21
da0686c22c00de36d95422798bdd9cde,1,voucher,1,44.10
c603557da211df150d679fa72fdf25a3,2,voucher,1,73.38
"5a1102060039d732884f1bacf59268a0",1,boleto,1,104.68
"3194226ac268d5424b89c7cfc702ea55",1,credit_card,4,203.67
"6fd727ab6a5dcb9b6996451d79f12ab8",1,boleto,1,63.70
"2f2778a452bf4fc9d460a600c98e648c",1,boleto,1,156.22
dcfd7c52a6963113ae9c4e12ceebde69,2,voucher,1,40.00
"43d728eec3870f49879d83353cf245d8",1,credit_card,1,134.45
"07c86971c5f40e822bd71ab44f684fad",1,boleto,1,588.66
cd0a3a0546d575990039ca72965ced27,1,credit_card,8,83.22
"352c4f69373c13ae4252f607a6d73ea7",1,credit_card,2,102.13
"924de4e0c8bada8047b22a6f86629117",1,credit_card,3,146.58
"6d37c2777465f819544099f0ec5a6b25",1,credit_card,4,65.23
c070b6a6cdd7d86e8661167d223786cd,1,credit_card,5,128.02
"5402a5595f574c530adc86dc28a8050e",1,boleto,1,215.06
"96eb7f709abac11cbb2502c63d8c1ae6",1,credit_card,6,541.08
"0b13a698a0b7a62e8ec891081558b7aa",1,credit_card,7,72.27
dfbdae4128710f6f089dca71d4bc4844,1,credit_card,5,127.04
"8dfc586b5e7803bddec671925c1ca06c",1,credit_card,1,50.10
"7f630339b7d16d7f1a6c058f630c1810",1,credit_card,4,464.34
"7bec0ef2b65e6c75fc082d823d0a59ca",1,boleto,1,94.94
"53ae9aaa6ba9fefffe3c0db94f4d2c43",1,credit_card,3,177.98
"91744dee3192bc28caf20eaa3c2251ef",1,voucher,1,20.00
"55f4f83d7685e3e84fe9ee9fdc7c953c",1,credit_card,2,94.04
d4c2cda5ee1ebae34af938976048ccaa,1,boleto,1,476.34
"9e2d7c69ae2f140294bc580b09100d87",1,credit_card,2,111.03
"7b8587ddf04c07065740340e4753a9b4",1,credit_card,2,205.14
"6a868efa34dccad934e939877994dafe",1,credit_card,1,8.17
"5ab277636dad461ec1c74f6f787c4ed0",1,credit_card,8,322.89
"2e97c9670a0854380fe1b37038d5799c",1,credit_card,1,55.78
"2b25df22054b449145255218a1d25552",1,credit_card,1,77.24
"6f6948633148ad2811ae8142b39cc59c",1,boleto,1,224.95
"788c740eb8e85e60ba673175e96f3a76",1,credit_card,1,19.62
"322ab6e86e8e7fe738d8dc82ae1afb10",1,boleto,1,99.33
"7c0ed8940b941dd6795dbdf0eb639195",1,boleto,1,117.36
"83af4399868a710fb5c825aa05704bbb",1,credit_card,4,83.23
"14276b4f803d028dd9b569f6c22a27ca",1,boleto,1,208.72
cbdf436a9a9c8213157a125b91ef27b9,1,boleto,1,73.34
"8d5a48899e1fc850ea09b99a03b0e88f",1,credit_card,2,37.37
fbd05af8c1751b972fc6e19b1190990e,1,credit_card,10,102.09
f90b95dfcaa71f50e751857095d0cea0,1,credit_card,1,71.72
"54ea8fa6f77521f73ae6c820c7a9192f",1,credit_card,6,111.33
ae86d34df00588adb32b46f5019f7516,1,credit_card,1,70.49
"8872e48bafe00195f92e3a6f1d81bfbc",1,boleto,1,72.18
"9c5e0415bc4c4c089aa772c9387e0f8e",1,credit_card,1,316.40
"0a6b7c79b8c67dedc51f2dea7b4e1e59",1,credit_card,1,230.50
b8cab60cb755ff3798f7eda51e6634f8,1,credit_card,8,154.47
dd39a3c7afa0c93e2d1e3580594f09e5,1,credit_card,4,141.33
"8d7ec00a7df1f84149ee7f5ea8a73c41",1,credit_card,1,119.79
"7955751dd5fe4fe14b9e9a89fa14e917",1,debit_card,1,67.36
"8f0033d3ef07e82e7e942e4136cfbf50",1,credit_card,4,49.30
bccbe20275c5ca847160e9ca42aa220d,1,credit_card,4,173.29
"1eb552eebf9bfb861ee5b1345cfb9f4e",1,boleto,1,109.50
"6192bdc9139ad21eb4e63055f1a7c8ce",1,credit_card,5,166.81
a0aef57f230423695817deb4c1b4fe7b,1,credit_card,1,20.29
"955340008b55220de4e15932d6e1da20",1,credit_card,2,29.84
a111e0cee7dde2bb68cfb7cd18a8a914,2,voucher,1,20.00
"57cbc8e34a5ceffb92f8b3193e4ffdb8",1,boleto,1,113.33
"3282bc9c548b4d233a43f5c6d96fade8",1,credit_card,4,83.60
e0f5bf74f8214bc636d6f1d63310577e,1,boleto,1,22.29
b908238158de71c7143c6284de581ce1,1,credit_card,6,436.33
"0b4e6da2eae282f0a0072085c7adacfe",1,credit_card,1,38.91
"482c052df6392e43296eba90754938fc",1,boleto,1,242.22
"85cc29ec13537a45485f0008fd8c1e0e",1,credit_card,1,83.59
f86b24a45dc34d1b7fcdeb817bf503da,1,credit_card,10,226.14
"9a5ea74a2fd85889e60e9bdb186cd1f0",1,credit_card,2,155.23
"15762fbce0478c48462956d3fbee08a7",1,credit_card,5,61.98
"5d0ad02e43d4bb397662f816713655c2",1,credit_card,1,69.24
"9f94b9ef3efc5584ca7b5e1c43bc7e6b",1,voucher,1,39.88
cb8ac0a66ab9381703d4a2c473bba526,1,credit_card,1,12.07
ff2b99df83d1c413829f65efca33da17,1,credit_card,10,259.01
"9f858808ec5a86b30a41acb6dd729b45",1,credit_card,4,46.00
"6b2cfda97c8ef916043547d84658ba6f",1,credit_card,4,92.90
"08dd1de0a5ebe393a3beb05a4cd4894f",1,credit_card,2,72.99
cfab5bc1dd565468f3ad65f1c79263a8,1,boleto,1,32.07
aca3b492e82b71863328c4c288861ca2,1,credit_card,2,157.55
"63ac25fa7a6efd7b94ace6adbb54b431",1,boleto,1,432.50
"87bced03e631b959304311f077bfbe31",1,credit_card,3,130.34
d228964643ea1bbbf7ef2d4381d2c4fb,1,credit_card,1,57.69
"95549a3370d5fe86da9749cae8d5aa45",1,credit_card,8,2032.00
"9d0f0078c553c192aa8fc946492dc08a",1,credit_card,10,351.22
"0a457a7e838f772d804eebe8d6261ed0",1,boleto,1,83.68
"662c204ba347d430c0fc3a5df267478f",1,credit_card,3,158.29
b3428c9dee69a4b1b8c6cda6055e5874,1,credit_card,3,60.70
b09d72418cab562c0f010453c7d1fcaa,1,boleto,1,41.54
bfe378d529206e45ce2ae4095aba264b,1,boleto,1,61.10
"8e2fa0b77725b0b8d060123e347344fd",1,credit_card,4,74.07
"938ce9437524223bf05a48b84add7375",1,credit_card,8,322.58
fb16eb7d2922cdf521797850c680dacf,1,boleto,1,96.80
edf914c62e2abd7b4859327aac9a7727,1,credit_card,5,66.67
e4be13e2fd66a70ce8fb95ce428a8709,1,credit_card,1,72.75
"3c5223fd196a782f9d4c03c820caf004",1,credit_card,10,315.66
"4e743d407939e965ac0b7bb694e67eed",1,credit_card,2,115.55
f8443fdcccdae6a20d6371dd8a9e63b2,1,credit_card,1,57.63
"20aa4f85b1ed8d98e5c742c1a003db9c",4,voucher,1,50.00
"4f44b2c6ae837b5f817a2d621973fc34",2,voucher,1,11.59
ac149cc1646470fa003284a354a2b4f3,1,credit_card,1,20.80
"24a6cba94937d6908dec93e82249d67e",1,credit_card,10,427.54
e3d86ff081e92dedbd7b2a87838f0159,1,credit_card,5,107.12
"3a910fcc31e93133ce84280ebc47d956",1,voucher,1,33.15
"753ea01a5062671540a89514bd6b554a",1,boleto,1,142.53
"9a08a80ee31726cd3fbd528ae95b83fd",1,credit_card,1,46.59
e43508515d5e7a615643e552dc54a970,1,credit_card,6,927.60
"4e10b30aa3a183071fafee98c886bc7d",1,credit_card,1,26.68
"5b567e97fb4f455c9305e7890ffc45a1",1,credit_card,8,86.15
"3a218a39b942ae0341fb1d65dd5874df",1,debit_card,1,69.24
"7c59d327d267a2ce386f84038c0035c5",1,credit_card,5,269.29
"8f718a20b0ffe6ea4f025668047da0fb",1,credit_card,4,231.00
f8166a345b188c9033d127c25e44ab74,1,boleto,1,205.51
"08a14ebab7440e5f7bfd8ca0b37fc613",1,credit_card,8,81.91
a9ad04772c6cf0d63efb9444ea80bbaa,1,credit_card,4,79.33
a92da206ef6383c3faea2be21c673e5d,1,credit_card,1,46.01
edd733119bc50e9804ce6c4cadce3334,1,credit_card,4,102.03
de2eacc3fdfabed44d32cf8607801800,1,boleto,1,36.96
"41fedc1ca61cebf54158efdc449d93be",1,credit_card,6,155.82
e78a6ebf08a820b5ce4a82208d912130,1,credit_card,3,101.93
"157972ad87ad74e792dc1c49ead0f733",1,credit_card,1,87.11
"2ba3a1bb5c86f2fbe8024229ca45290c",1,credit_card,1,188.51
"19988184f9c2b5a7bb91bc3a4eb13ff3",1,boleto,1,174.14
de4661d6593c1c713abab1b11549f6c7,1,credit_card,8,89.28
"44d075f07cb67c5fa539041c4548953a",1,boleto,1,161.79
ff0d3c8b486f123087d9d9da102afaf6,1,credit_card,8,133.96
cc97c71d908caa2c0b5754b35ebaccd8,1,credit_card,10,121.58
"66aac47537a2b6a195103fcd5690996d",1,credit_card,7,135.59
fdfe08dafc921baeeb1bd5258728837b,1,boleto,1,50.56
"1887b26eba419ce20f6fe34a6f88e80a",1,credit_card,8,231.45
"287bda09a531679f371192ec2567ff71",1,credit_card,3,225.96
"5aa07c882829a16d874ae4f8538504e1",1,boleto,1,35.00
f2b250d8c9c73b5b3e16e64e8448c3d2,1,credit_card,8,299.74
ea4b6713b8009eaeb7d72827ee097dc0,1,credit_card,2,116.94
c72888e51a36defb7b5d49201fcbccf7,2,voucher,1,100.00
"855a13de235eda92e5acdf19d0157b67",1,credit_card,1,52.77
"1aa41f17180cbb20e6059e9f21717707",1,credit_card,3,98.00
"6323aec573b1bb57a4f691fde7974f60",1,credit_card,10,144.10
de4c18618962f737a6707dbadc133937,1,credit_card,1,114.11
b87afc89cd215f60565ed29fd804b4c8,1,debit_card,1,26.77
deefddf2c3d015db84f7769915719aae,1,boleto,1,69.61
"603a62e519fda3b31500e93d9d74da62",1,credit_card,3,83.65
d3a04a6a99a00682ddb37c44e1b642a7,1,credit_card,2,64.00
"681a34bb485c77196838976dbbbdf8d7",1,credit_card,3,257.04
bca67f1d036be009d17824489da2f178,1,credit_card,2,145.06
efd4b23521a036f85f700bc5cb8fe971,1,credit_card,1,50.16
ea2a61e3a57414402f9c6dae7b04cddd,1,boleto,1,148.76
"64eda3241f07453a9d8aeb85428c18c5",1,credit_card,2,45.21
"6c2387fc5fc6d5e9a192766eb6e75da5",1,credit_card,3,309.12
"6b0ac1bdea322c7060eea92feb9e9a6f",1,credit_card,8,362.56
"68ef9f1dd1c75ff6bf1d6ba6d9942f71",1,credit_card,1,90.88
"8ee5542735cc8b0ec6ef0829ee501ca7",1,credit_card,2,182.12
"4365613066af1c4cbe81160706a082f4",1,credit_card,2,101.25
"0aeb3ec8a78414261730773ddc9d2f7a",1,credit_card,1,67.36
"12d34cd89b0be0896cfecdbd41f5e952",2,voucher,1,30.00
"21bdcd7a400bf562a9db97671d31b2d7",1,credit_card,6,64.24
aabd0efcccfbadac5e162e9ba42b1f28,1,credit_card,2,119.84
d03665e5fcb519e311e5609b2d0d2282,1,credit_card,1,20.75
"2e5780555c99ce4a40180d00185ecaad",1,credit_card,3,77.03
"9c2d5628db46192a3b862b98468795fc",1,boleto,1,106.87
b465dc60a138cc55216607ef27065acc,1,credit_card,4,245.68
df81dcb40098fb783a6525fa2f868bc9,1,credit_card,6,115.59
d2c74d209011319ed82c959b605f850c,1,credit_card,5,292.45
"6c073a22ff6009da282ea6c30102f996",1,boleto,1,59.18
e897fcc9001681522b0e07a8ce043a54,1,credit_card,6,138.07
"05452881e2846549b81d39249bb66ad7",1,credit_card,8,224.60
f46e4f5d8a19ca64b1781bf227b9ee19,1,credit_card,10,215.01
"73174cbe1a7108ca72fa9547cfd77e4e",1,credit_card,1,30.15
c1954a9b5ac71d26d0ddc091c2bda135,1,boleto,1,42.59
f26acc71de5cd391e3a2fc13a5820895,1,credit_card,1,137.28
a0fcff0745f09b147877dd1fdb17230a,1,boleto,1,88.72
dcb0be4c8bb586771c3adcbb3d1ced94,1,boleto,1,129.14
"1a12ff18e927a4575421cefc8e9c907c",1,credit_card,2,84.56
db7f48023b3aaa3002217d55bf03ee3c,1,boleto,1,803.24
"2ac1684c63240e84f365eb4527972278",1,boleto,1,207.61
"5151440ea2132efaa3964222d023b19c",1,credit_card,2,232.48
"574a92fb05e01159e32c2a4cba131e3e",3,voucher,1,31.58
effafe41a13010ada8a0e7a8f1412a30,1,credit_card,2,105.38
"20fd43d1a1e8d1257044b8a17f3c7c5e",1,credit_card,1,132.72
a731c3a7a6915d1e0a711b745f73bc49,1,credit_card,2,1228.03
f7fcd725cd824aa64ca719bb28ba81aa,1,boleto,1,71.82
"6a42b7608f87f127149196afa0554473",1,credit_card,1,64.00
"465c2e1bee4561cb39e0db8c5993aafc",9,voucher,1,74.81
"2c1580970bae47b697ca0ee56495f27e",1,boleto,1,58.18
dbb763c04b5beadac2bbd9d8560f8728,1,credit_card,10,238.81
"448632769b45cb2d1dfce6b88fb4bf88",1,boleto,1,165.48
"0d1141bc7e92a45b00c06ed12c5c4eb2",2,voucher,1,34.92
a23d78879cb7bb079e10a2ffe1b43c66,1,credit_card,2,216.00
ffe8851012fcdaf83de7b595fd5154b3,1,credit_card,2,171.84
"9ad25d16fe851c6e868769cec5d2882e",1,boleto,1,232.71
"82e7b31d30a79ed1b15ef4949fbf6358",1,credit_card,4,119.82
"2ac44694fb65d738c9b26010ef5e6915",1,credit_card,1,148.40
"5c8016724722d7906a7e8cfa22d7727d",1,credit_card,1,49.55
"3c35a673012104c0ceb001325c00bff4",1,boleto,1,66.60
"3334505458e0f039b5a43c32dfef2cef",1,credit_card,1,10.92
fe4021e2697d2b86229336b10e91128c,2,voucher,1,30.93
"472a3f46db7801d68e2bee1628b82828",1,credit_card,10,339.45
"74e98d2b01c0fd8e1357032c441f09a8",1,credit_card,10,259.88
"83fa07d1dc69104a4cb1468ce3fbdc49",1,credit_card,10,124.18
"0501724b4f41a7c8ab490d4beacf4d07",1,credit_card,6,78.70
"61af446d4e7b09c62e2f43501be438f1",1,debit_card,1,56.54
"3f8a42c6c50fec78cba08047e46810b0",1,credit_card,7,76.65
"5a311f01535e27f8bcdade4c7834bdab",1,credit_card,1,73.15
d860f5159cf88738ce5f8356512edb65,1,boleto,1,57.10
"62eb76321ff33a367a805bc9d0701dda",1,credit_card,4,87.05
"16fad10675dd44f440ae285b05386fdf",1,credit_card,8,335.47
ed062e6ea6c0af6dd097266ccca93953,1,boleto,1,56.41
b552bf4c093b6c4804fa08eaee94a786,4,voucher,1,11.07
"9c3e52105d896e40a480b47029e36fb8",1,credit_card,3,755.90
"1ec8dd02cd90d4ce9458ede38ab15bff",1,credit_card,1,0.44
"588ae5afdb6a80a74e552cb5c59ba7ee",1,credit_card,1,39.47
ba97c57ecadaf7dafa0a372f38210d0c,1,credit_card,7,72.27
"9ddd723e703903eeb90abbd2af0ddc24",1,boleto,1,54.05
"85abe9ebac688730f1c3591c1ca2a167",1,credit_card,3,90.24
"588867aa05bba47fba33fab42f8b43a7",1,credit_card,8,581.11
f8f45ebeb38088c44d98d201371ea345,1,credit_card,5,87.64
"777f517b51cac586a9532d1d8b596c10",1,credit_card,1,144.12
"6501b8706ad91690114d2f5cb00a02a5",1,debit_card,1,132.08
"5ddea4bc0239f874cd7d6fd398d6045a",1,boleto,1,131.25
"38f48d4adfebeacd5c07311b4502498f",1,debit_card,1,1431.63
d7fd2bd860b186de1db4ac71b5d29b84,1,credit_card,10,398.66
c624cc88e5e978973852915f3d798c8e,1,credit_card,2,258.00
"455e1d46fddb5da406e019d2ad34462e",1,credit_card,2,132.69
c2538621b0075c4349e5a100e773f9b5,1,credit_card,1,62.82
"587379acca182c8e157e4dc7c8923131",1,credit_card,10,232.71
a04e5564f7cbcf78fee1ccaab8d3b0f2,1,voucher,1,35.86
"8eaff5985d99ef7dd4578cbdc31b430f",1,credit_card,1,124.22
"54740211161142390c454785bc1e9fbb",1,credit_card,10,231.27
"9af45b618745db1a57fbfbeaceedc889",1,credit_card,1,30.71
"4900f8f1421400535834a94765872825",1,credit_card,3,175.52
"7a2c45e504da96aebfc8a8268e49b920",1,credit_card,2,42.78
f7499d7ef8d2ef5405b9f45b14223ee0,1,credit_card,1,37.80
"05408ed33df5e0bbf70d578dbdca2f29",1,boleto,1,42.00
f68d9380f798cfd964305e853071c0f8,1,credit_card,1,34.36
"7ea46f2568975eb7b121e1b8093869fa",1,credit_card,1,17.29
"35ed6b2bbd7deca1e23166bbe62f49ca",1,boleto,1,125.33
"3c8c15b1af4ebac663b1e5645cd05506",1,credit_card,1,91.71
"614bc59c7d5e038587336616e3198e33",2,voucher,1,124.08
f1a1942c32bd91ad8368164ae571b8f7,1,credit_card,3,59.03
"596e3411897df0ab0f5d786eaafcf839",1,boleto,1,164.80
"66efaa03a4b4236e90751074b59f4b78",1,boleto,1,28.88
"8e8da7dbcb4ce9a740af330846eafb90",1,credit_card,8,82.83
"86cd00e7c37e87a8a2204f3e3266e85b",1,credit_card,4,40.77
"800c8a15369d74de7bc13709ef847d4f",1,credit_card,3,151.84
b0ef2f9c3884fd4731fcbe926fcc3daf,1,credit_card,9,136.02
"5ca18035ac56a17dd903b0e8410aae06",1,boleto,1,710.22
"2a5c45b004d16284b462d61b46ed1460",1,credit_card,8,572.87
"2bba38e2a9893d1126b133f189ee66f3",1,credit_card,3,121.09
"9dcf2d215096fef19c7e4a8a7d6fb1c3",1,credit_card,4,202.54
"406de5462666366ba69ee8d333eafc31",1,credit_card,10,1031.15
"93c876d3232e6a2353011f181e7f3c40",1,credit_card,5,575.22
ace21e63d47750bf1c9d30301b61db13,1,credit_card,4,215.25
"7873fc4b6a81dc66e71e7611b0414bf4",1,credit_card,1,63.34
"64b0d9816689f0f4dd0f06127d5d0dfb",1,boleto,1,134.13
"8cd6746056efc30726855e09ce26a776",1,credit_card,8,923.63
abc5ec9ecaec740b498a37f19c29a8c0,1,credit_card,1,141.06
"5bec661a2baad6bf4d879a4be9759675",1,credit_card,3,122.40
ae1b74852cc27655e3ed078bbe0a6bba,1,boleto,1,166.80
"20682401f377f9713842c128b03fc43f",1,credit_card,3,333.34
e658e8dc29fc5581482829dbcc127aac,1,boleto,1,98.70
"31a1a43e09fe1f26cdcb077099cadf82",1,credit_card,4,78.90
"3977c54327b2593940b72e8c6b2c3605",1,credit_card,3,33.69
"937f398435f7bef62c603d5fdd43a910",1,credit_card,5,167.29
"0115f8bb1dc16d3fac863ce1deb037b6",1,credit_card,4,136.46
b6d7ff9193e91d57a1f501ba1ecc9536,1,credit_card,2,163.89
"3734ef852a0ffc47fd80c97740466f68",1,credit_card,5,363.78
"61b7f07d71e7fc1c7c14ee1bee152cff",1,boleto,1,97.71
"7c74b6a47ffad9deb24bd2a1f0b0acc5",1,credit_card,5,54.36
"1cc788ba1c0fa91ed3d7bf5a45a203a4",1,credit_card,10,340.49
"100ad9dbc9d9b325495758270807e3aa",1,credit_card,1,167.62
"07460d5693ce1f6577ebd04b4ad091eb",1,credit_card,8,172.52
"5f9146371506c318a20721d5689dfb57",1,credit_card,2,73.48
"3577c461493c5ac55453a02540f6c430",1,credit_card,3,147.15
"2e1cd6330c3813613972ac6976386c33",1,boleto,1,27.77
e8fd20068b9f7e6ec07068bb7537f781,1,credit_card,10,748.24
"36e9f61b5f4e248be227f6f7ec486268",1,credit_card,10,144.21
dbaa485d0f1b926d88f11b5c685d6bf2,1,debit_card,1,300.73
eed8debf59615c453bc1ebeccc519bb1,1,credit_card,3,167.20
"1610bbd775aa73327d7741d006c09fb2",1,credit_card,8,86.85
"8b72765c9ae45dda52e1aeb36d56d0e6",1,boleto,1,117.07
b187d8fad952a36e97e60b43eae77987,1,credit_card,3,103.14
e0f28c50304079bb45ad32f343e4992f,1,credit_card,1,40.66
"51f0c74a5a4bb9d033837707f629b9b9",1,credit_card,1,108.44
c19c797a23bbdd7e6ec08156bb0dcf77,1,credit_card,10,587.50
"364f451ee38a4268d7c15d317021eb35",3,voucher,1,13.64
fcb63e17705ee5985c6f40ac3ee72296,1,credit_card,2,153.01
e0e0ed26ffcd10565fb073f96045d4f1,1,credit_card,1,52.24
"6e13ace2f7bb821f2056594df3c2b7dc",1,credit_card,1,82.98
d8627b28da69b163792bfd62ce10b6f4,1,credit_card,4,59.76
f7ad644f2dc46710f51f1bfbf01f94f2,1,boleto,1,135.39
"282160d8e83b257c5105cac8f3ba2b63",1,credit_card,2,138.60
"19e2f4888f56504ec0f7e0765c9e36dc",1,credit_card,1,47.62
"40bf8d4d61d22711253ecc21d0a2e442",1,credit_card,10,133.98
d4c1356b86dcc8a86c603174ba27d9bc,1,credit_card,8,86.02
"7c55b41468cbcfb21c9dcd304257b718",1,boleto,1,134.51
ad6b96778fa5ce98470d51c8159a36dc,1,credit_card,1,188.94
"9941d06b921ac8e77cfbbf8f1f283ae7",1,credit_card,1,43.86
"225c2d5256f969a58d04909cccbdbed0",1,credit_card,1,26.34
fc355d449ceaea8f858ef33c4eba83fa,1,boleto,1,69.73
a3bcfe79545bb67ae644a743a96d3cb0,1,credit_card,5,269.35
"876fd8c751a56ed982b5a72dca56937f",1,credit_card,1,116.57
"84b5c6eba57c5e2fa6f5c230362e8221",1,boleto,1,146.44
"88834299d278c558dc9d76e61f0c2388",1,boleto,1,81.22
"5112c764fa2925ae974ee7c77478a4cb",1,voucher,1,17.11
b8b51666e064d80ff8e11f6f3f82bd25,1,boleto,1,94.40
"7784ad61e5fa7f7936465d248cc5d9ec",1,credit_card,1,47.36
e3aba2389e4a741a1707015e19a45c65,1,credit_card,1,51.41
"5f416901ed4850dea2341b0c8cf6fde7",1,credit_card,4,898.51
"5f7577cc4d04d08a6edae39a0b96e281",1,boleto,1,71.14
"80a2138300fc2c1c5101d5bb2252973b",1,credit_card,3,167.53
b37a5129b6b810de3ce444dfd468800a,1,credit_card,5,117.95
"8b8d29b32c3d5f608cde1e13cd5df23e",1,credit_card,3,688.35
fbc8e8d5591dc594ede3b88033625bd0,1,credit_card,20,2022.33
ac85808794ef111b4689bbdb5ea7f2c9,1,credit_card,1,36.69
"9ad3bdfd0a949c2448fcd57f4a334d17",1,boleto,1,78.84
bdf4423bf60eac03b6786ebd0e507cc1,1,credit_card,2,41.93
a72e4250533d5e3f689f91d403ae3d1f,1,credit_card,4,44.10
"04b037305ba882bf9510568fe6c1615b",1,credit_card,4,135.59
"87daa04cf49273df4f787a55b303e1a2",1,credit_card,1,88.49
"06495b5a6aa3e4527e8c1fb34d47ea70",1,credit_card,3,35.69
"0412b784548c0bf8cc35073f13923e2c",1,credit_card,3,292.72
"37726a8b1cbcf77034870df2521be6f6",1,credit_card,8,243.11
"5ba242824fe39eba234565e3f8c174be",1,credit_card,3,78.11
c43947f61dd689e246ef64dfa3b8bcf8,1,credit_card,1,44.29
edffd79fe16d90ba3f6a8919eb3d7b3f,1,credit_card,1,54.10
eb25b57cce5990ecc259c59e8052fece,1,credit_card,5,147.38
"30d2a2368488274228f1d64c2ab3231e",1,boleto,1,473.20
"73a15e8fc5de8485d1f16639bc66a273",1,credit_card,2,221.69
c6a45cf151fdf09625a38f65bddc3082,1,credit_card,1,105.60
d21cecb198b9591dea2251849eed9852,1,boleto,1,170.30
f8b13ccfc06fd1baa3b0b9a9f1d368de,1,boleto,1,49.42
"45d708b533e84fc3718ffde7cbbc6537",1,boleto,1,27.60
e77f09ad0e02176a15af6981ee2d8ea0,1,credit_card,5,454.80
bb52ab55caf36f6ee5cdb4edacd82dcc,1,credit_card,10,569.14
"61d903b9af9181717baf3abd115fbd71",1,boleto,1,146.84
"47cfe9af9909fdf08517478edef903ec",1,credit_card,3,71.92
"49a167dbd18cbfffffda7befe7d179b8",1,boleto,1,61.10
cd3bbc3e4e64dc523b4c21512736e22c,1,credit_card,2,237.63
"771fc969d198bd5102b42e8d8db12364",1,credit_card,1,128.29
dc8f41882abf80287b353021f92f9892,1,credit_card,4,120.17
d1632cdbf90f11c2d5fa53d5c3deeadf,1,credit_card,8,88.62
"173668754a1cc381f21b4650331a1049",1,credit_card,4,102.28
"560d3fab356e794f6cae1c03cff6466e",1,credit_card,3,83.70
"2331f636052d7a25b7a1844dac95a4ac",1,credit_card,2,66.60
"2b37d2f506ce5ca2dfa10f9ba271e609",1,credit_card,6,220.02
bab98c05fd4887a8b9f9bfae0fa0ac3f,1,credit_card,4,820.35
"0547cd893959df1f7e54aeaee4368577",1,credit_card,3,123.11
e1b358b636a10cd4b06cc54a7960656b,1,credit_card,3,35.71
cf13217e932cace18f417b9d0a7564f8,1,credit_card,3,129.73
"1af2f9b623aa5618203b6973830aec03",1,credit_card,2,115.45
b9fd88cc9e5734657e5b5936d5227367,1,credit_card,7,70.17
"5cd498954e2b37d71b315166809b4bd7",1,boleto,1,181.59
"862d51a2b8b8a73b22b22b1502c6335b",1,credit_card,1,89.56
"1d5bd99b9b20b17bd85826aba9c18994",1,boleto,1,378.09
b2e66035b66649e5b359d5b33ba09c21,1,credit_card,1,46.13
e7c528a2df211045020684c3db8bddc4,1,voucher,1,48.95
"00c763284c0056eed753352f5559ff0a",1,credit_card,6,94.55
ff93068c56794ba8c461ad31ffa31076,1,credit_card,1,29.50
"08906bb784f60b396fdf8fb1773c5e47",1,credit_card,14,144.90
"7fe938a0f8240a6154b0bb4b588ed606",1,credit_card,5,131.04
"80967070f5cc6d8bbe062cda5b15d84d",1,credit_card,1,67.58
"8dff71d623cf6a422b03adc61a69368b",1,credit_card,1,133.09
a43f64ef96ea58be757bb2afccfd0e4f,1,credit_card,6,61.32
"0c2a184d46c54e6a31e9d7a2a920b4b4",1,credit_card,4,112.12
"79cbfbf8b4e4102b3aea0d89b2560830",1,credit_card,1,35.81
"4f1c6e9035b4c97d6b553c6a26f1b20d",1,credit_card,1,126.69
"1e990969647161e2907245c2f1460b42",1,credit_card,1,120.09
ffebd80e3291e811c308365936897efd,1,credit_card,1,181.10
"2b2021afc839498368ab00d64c9f1912",1,credit_card,3,151.86
"969fdc39db9756c2248743d1471f96f5",1,credit_card,8,349.93
c2783c53d2a4ed4dcbfe014ba257abf8,1,credit_card,2,125.51
"7e460703dd3adb450213b20170a237f6",1,credit_card,1,47.25
b0e444980dd42a83342cc26792e000bc,1,credit_card,2,85.89
"07242ddf6ad8487cbbb700fd9ca45906",1,credit_card,1,45.28
"1bd518c15ee16570e9b8c8e29fde9ab6",1,boleto,1,31.70
"49ff8304edbadc5f8fa18d2cd94315d2",1,credit_card,4,80.15
aa26b333bebbd16d5bbc7a070574be08,1,credit_card,2,41.75
f74a92993942e72d5f55c192272b02e0,1,credit_card,2,192.36
"14a33a96125aa5f732d96bae3c4e55f8",1,boleto,1,47.03
"2e454cf4f81bec04aa0e7192f8252790",1,credit_card,4,50.95
e67084522c92fecab73ff064333c4d62,1,boleto,1,44.62
"85a22eb264ad44ff56c4955a66876fed",2,voucher,1,68.46
"2143f0dfdbb1c47ab7c75c9c097e0173",1,credit_card,8,329.97
"8f078af5f7dd54fad5abd423dfb4aad2",1,credit_card,2,29.79
"97aeae7e7b1d8a32cf3f26c3946eab1d",1,credit_card,8,198.34
"441162f9a6f1fb44588dea0f47eb713c",1,credit_card,1,69.49
e4df6dfaef8b7e7cc89edb8a6efe60c2,1,credit_card,1,42.44
"1c8757886a51b1d2a57ef26e7004ee37",1,credit_card,2,250.82
fb8b96cba85572e4fbdaedd04f44fdb6,1,credit_card,1,144.13
"08bdb086a562d4a730e238d0ba09be26",1,credit_card,1,148.14
d68d5c93a1000f0278b511ffa6aeaa50,1,credit_card,1,46.51
"727732b8eb487f1ff4dbd15c610f994e",1,credit_card,2,277.48
"9916e82812289e085948ecfceaecfd28",1,boleto,1,151.33
"82b0919653c8b121cf8b4beb9eda83fb",1,credit_card,2,77.57
d02810c489d42d7e54dd19b8d7c9d91a,1,credit_card,2,101.61
b157079a62d77688a0f66043aa1f0306,2,voucher,1,100.00
bf806b8caac4194e3f3b600656456384,1,credit_card,2,28.23
"61f6bdb47b62e119d6cbe6b3af05ceb6",1,credit_card,2,122.78
d0083f5db0e3fade5d9a7dc768e8df46,1,credit_card,1,0.92
e05c70b1a907c3b1dd902acddb66b5ea,1,credit_card,8,219.54
b90edb88aa8235216b0f06e1a8ecee43,1,credit_card,1,59.22
"908e9be16fe93027637f6ffadae3bd15",1,credit_card,1,166.50
"503f675df334896d388f06d20d5dc540",1,credit_card,1,124.49
c763b2c3f5df44712f4c646f9c28c0ef,2,voucher,1,1.78
ef2d4e1e249df529bd9607d86aac1422,1,credit_card,3,324.74
"260e68b2fc1a2d642a00af60af19b0aa",1,boleto,1,136.06
d0935e6fe51f0d5724f4759cfaa8caf3,1,credit_card,1,99.43
"26ac15c4f69145c3a0ce4f2ebccd2a84",1,credit_card,3,112.12
e4309eeca1cfe3c6df5a187c38817a5c,1,credit_card,5,159.40
"2b669d60912d3d0f9ab639002e8883f0",1,credit_card,5,117.00
"0b2f7d7319f367295bd93624be36ed1b",1,credit_card,4,87.96
"0d27c6a7e907a99b7a7e08f9afa22d90",1,credit_card,1,86.25
b9db568c807b745666940333af1f8618,1,boleto,1,364.99
"6f748695717d537b882406da58acefec",1,credit_card,3,366.26
"849eace12a4c38cc5d4647af9f942eff",1,credit_card,4,220.71
"7638719ed77aa57687d32db4173ace35",1,credit_card,2,273.04
"50cc103bda59bd29c59f33e00e19b4e7",2,voucher,1,50.00
ab2689fb3d9f1cf323c75b49d6a393e8,1,credit_card,10,145.76
"2d3ee63d21894eb0e7c3879fa3f9b0d1",1,boleto,1,84.72
"0e4741898160da1b1060a7f9c346547a",1,boleto,1,70.53
ee46e60afd0a0052089f6729df72feec,1,boleto,1,64.13
"52b146f0c6613581ac31bd5c03646865",1,credit_card,1,32.45
"27a940efdd448db29463b53ea0cfa2f4",4,voucher,1,2.61
fdfb73b2a9e88e518c2f565f43ca06c1,1,credit_card,3,49.56
aa27bd1341335b1891bbcc4e1967b402,1,credit_card,1,73.25
"03a54d3b0f15ac01bad656997420d3bb",1,boleto,1,81.42
f512eafa07f2352dec6a35497bccfc65,1,credit_card,1,62.25
"4b14a51e5df694c654b9b82731f92a55",1,credit_card,1,46.10
"6076a8694fc911c2ed0a2bac1c30a9c5",1,credit_card,1,56.98
f42bc77d6937968056c0a86060664c72,1,credit_card,1,100.75
d526a4d7c1f50bfd80246d7524f8553e,1,credit_card,2,94.63
d037a5a034750ef70889cb051fa83b59,1,credit_card,3,31.59
"80622ac34e41723343e7dad62702672e",1,credit_card,4,257.92
"40a59440b8edfb3c3b493a7df101a0ac",1,boleto,1,17.77
dcd32eca6ea6334727d9f7b7ffe58a65,1,boleto,1,72.26
c2dd16198fe0f15a071dc1cefbd4557c,1,credit_card,1,55.79
"73174cbe1a7108ca72fa9547cfd77e4e",2,voucher,1,30.90
"1c4acc151bb811f44df88e95d31288c4",1,credit_card,3,310.85
bb95bf1d97c8c2a8e327a7e4b0add9df,1,credit_card,3,86.91
ed836a8fccba401754e0b283c9b32f09,1,credit_card,1,39.09
"2efd657a8f5b7085278963c6e1a5f0a7",1,boleto,1,32.23
"1c2d01bbcf7e33d42dba32128b5d9869",1,credit_card,5,130.65
c12c13ee9d5307f765798632ef70d689,1,boleto,1,97.34
"272874573723eec18f23c0471927d778",1,credit_card,5,132.05
"3951193545025398d0fa18b7e2f836be",2,voucher,1,44.59
"153a29136d63c03e64ebd73c54ccd3c7",1,credit_card,1,70.89
"999c69ed49960e4595e36a9ab7413332",1,credit_card,3,74.51
"4ac359198f4d710af51b6c3083465d63",1,credit_card,8,131.47
"7a51623eac0baa7ced238c796b3ed548",1,boleto,1,171.87
c2ef874559083f9b66c092fe59f382b2,1,credit_card,1,19.64
bd95be22b2ec58c249193c6b07f45e6f,1,credit_card,3,73.34
bd59d6b6646e18c7a1a97a639ff49e0f,7,voucher,1,6.57
"9327c73b786466a6815c3d5a7785bbe0",1,voucher,1,15.26
"0af034558afede965f6b00c62d5176ed",1,boleto,1,104.37
"46f6a036274a2f5b1dcb63556d620923",1,credit_card,1,147.15
"114483c2698c3681197da8cbb87204b8",1,credit_card,2,133.69
"49f0ab1be4dd7914c9fd7f8b0e7bab69",1,voucher,1,118.35
"449ddd1e13fed7e12cc60600ffeb3158",1,debit_card,1,33.00
"99cba2721b39974a1f5045162748e2fd",1,boleto,1,70.74
"0068c109948b9a1dfb8530d1978acef3",1,boleto,1,103.38
"123bea8dab4550ec2592468bff3e0866",1,credit_card,1,92.83
"01a3ee1c837fb57db23d898f0eb5111d",1,boleto,1,177.24
"61f50b9484c359645b77ea7a6ffdd946",1,boleto,1,47.61
"67e09c3ba79d3041e1653c7dbf03425f",1,credit_card,3,39.62
"25bf0be37db626d23704fecb85729aca",1,boleto,1,90.26
"5e6f7229aec06e67732033777ee84816",1,debit_card,1,195.57
cf6452b3b5328de1ec580502fd48fcd7,1,credit_card,7,413.58
"93d00ae1e20d553e6b5bee7a7d898996",1,credit_card,2,27.29
"32d56cb1bbbd589167889e0c84057efe",1,credit_card,4,144.87
d5242ba9470b26e23e540d936c9c59b0,1,credit_card,3,289.84
"2dabb10146331fc98c0322801df870d7",1,credit_card,1,17.72
e1746b01c76d5be983999db3fcd428da,2,voucher,1,24.98
d16a738e823500d0eb7b3286b59b316f,1,credit_card,3,140.16
"3eb2926661890add37ff467c6c5ead88",1,credit_card,2,34.63
ca066470fbce42af5941867af3a294be,1,boleto,1,87.73
"242580697feaa388d1043faa3755cdfd",1,credit_card,10,1069.41
"6c0356ab340ffa364f50daabfc65f1fa",1,boleto,1,388.82
"62dedcd31d4b3c43f9adbab2d7fd84d4",1,credit_card,1,57.27
ba1415261e29b897a230549d83bde015,1,credit_card,1,15.73
"335789ca8d37469a31de8adae28e3943",1,credit_card,5,50.27
"4d15efdb77cf36c0c997ee21b8af3abf",1,credit_card,7,79.26
"7b9a4ccb84bc90aa35e862facecfda80",1,credit_card,1,48.19
"9584de98c3062bc5d9be7780f9dbf41d",1,credit_card,3,37.09
"75ac904a1ba87fab8d6d93751d68ddb1",1,credit_card,1,110.91
"43443d5fff4b94d98df1ad41af13d302",2,voucher,1,290.53
"259ec9586950682cf8417030d1b4a6ac",1,credit_card,3,82.84
a0ddb810bd79dc15910dcc56a1c7f3cb,1,credit_card,4,133.95
"57867f9fcc30232da57d5af5b831a4d8",1,credit_card,2,28.96
"874eef9a84653f570656bdb0f8519151",1,credit_card,1,76.33
"5f517c344edea684043f8c69608b7f47",1,credit_card,2,183.36
"9dc439a9d732ca991174a53f114c3cde",1,boleto,1,211.60
"5b361f79a49d353fe005273cc5dd725d",1,credit_card,1,28.88
"828b618008ee0b34f4648124668023f0",1,voucher,1,189.37
efa2d368f3ec5a4dd12b5b1188242504,1,credit_card,5,56.53
fb6255a1918bd0e1307df9f810b3bfc1,1,credit_card,3,77.57
"1ec8dd02cd90d4ce9458ede38ab15bff",2,voucher,1,84.80
"6e9b4255caf63ea821955da352e67498",2,voucher,1,44.20
aec4f3ce724b67ce527d67f7eb60a310,1,credit_card,4,196.72
"0a40f88667e7bbb7ef87efaa9a2177ea",1,credit_card,3,123.69
f432e55321dd8f944adae5d73f210af4,1,credit_card,5,145.66
d4f5c68e1ec02222099819cd878a1b72,1,credit_card,5,85.00
"3184e33bc8b2623e78f578e0f644ff69",1,credit_card,5,67.44
f26b1f9ec4fda52abb40f124457b79c4,1,voucher,1,64.00
a18b84bbf6ec08377b509038454c7f29,1,credit_card,1,107.85
f495929260b8f76b254652d9729e8c19,1,boleto,1,161.37
"58c8cede2c1378f73db545a4e50b1f87",1,credit_card,3,150.15
"7627cb930af1800bf8aa7275633c9eba",1,credit_card,1,95.85
"3e87ada006372f78ebf4bfee1cb020a5",1,credit_card,7,82.87
"77ce4c372403e8665d37213cf52bda56",1,credit_card,1,20.85
"114b1cbf281d72023b151203775b0b4f",1,credit_card,5,219.27
"9770c3f4247444a2eee4669344bc4955",1,boleto,1,45.52
f1e419ef48040a2bfda456af0e345ad6,1,boleto,1,112.69
e8e55eaa809f3091cc5060cc53735660,1,credit_card,3,83.01
ec99cf3ef9a84993f1e55aa4fc615c42,1,credit_card,6,475.04
"7b3dfd5f6a78e3b430e083bf1a909da0",1,credit_card,4,94.05
"84a1e5108acf2786feaa63a12cdf0c09",1,boleto,1,118.93
d04eab35da4dc8a5fbab6771c0a8b517,1,credit_card,6,64.65
"18ba3d012aee2a0c106807bff9be53c5",1,credit_card,1,99.22
"2f2551c105252771b8a53cd0f3582a21",1,boleto,1,61.35
"22d9f175d75a69bcfa445d7e1bc82ed3",1,boleto,1,69.84
"4a77a1a8add8db5a1d2cb407b6923849",1,credit_card,3,35.09
"8b658d5b253115ce870a3b21f39899df",1,boleto,1,96.31
"9266b73e961bef87166384687a9daddf",1,credit_card,1,339.79
"1ddc3d70dd69c4803ec86c7d987591e1",1,credit_card,3,35.09
"50062ac5439ceb5198b6091b3d7dc288",1,credit_card,1,270.92
d418717435ae85b43dd26791166ccbe6,1,credit_card,3,162.37
df63ae0d0b2e5965b6c56834f1ed3ec0,1,credit_card,1,39.90
"8ec9ebffb3172ce7edaf4c7511d41917",1,credit_card,1,202.50
"26047a1aef2518e6b2d19aaac4cc1520",1,credit_card,1,58.64
b0e27a07c49f580ee1a2c6418cd7a5cf,1,credit_card,2,82.35
"252542bdcaff281720c6460e5868ce06",2,voucher,1,17.13
"726f3a5a67d986cbbf10bbc4f72cd4fe",1,credit_card,1,18.89
"4f77cfb31872d2f1c30def178961585e",1,boleto,1,28.60
cb50f73cef605fc87294854be93d6636,1,credit_card,3,50.07
"1c55f7ccb17dea1623c2fc6be250ca6f",1,credit_card,4,82.61
"0b46d65f233663a9d675570799f42914",1,credit_card,4,210.28
"81c340da0fe8e47244fa1a3fd41337e2",1,credit_card,3,167.28
"350e81ea69628f5c056e29e198b2f5a2",2,voucher,1,71.08
"17a26e220cbf382a115a06e6ca2d227d",1,credit_card,6,72.56
"783b1d8d1782290b10a4d8633721e26f",1,boleto,1,52.30
"7229fca9b269915fc63b44434d20828a",1,credit_card,10,2098.40
"858d458b39082890e96fbb1fed8c2a52",3,voucher,1,252.97
fa9b3f5a0eef7954729a194715780e1b,2,voucher,1,23.53
"8a1971d2df1c5e6101ab0285700c7ebd",1,credit_card,1,37.09
"874904b7cdcd377a298d82e303930223",1,voucher,1,76.98
"672a44c865b08663fa3f86a6375d3148",1,credit_card,7,70.89
"7f3c194d0984c02806d2b6a3f62cbf59",1,credit_card,7,71.19
"8ee8ecf06cc74217d7cb0295e521a37c",1,credit_card,3,147.15
"98de0bad1834d3a90eb4180333a4fd2d",1,boleto,1,116.85
e80e2d3130b41e2f2771f7b558432ac9,1,boleto,1,175.04
"53b026d522b2c3bf414140d64da57a56",1,credit_card,8,390.47
dbf950454e4e2ce02692d5a05aa7a304,1,boleto,1,17.68
baa3ed04931dc1b84c68896bc5cfeffb,1,credit_card,1,87.05
"8ca4b77b042042e7388a0df85b37ebeb",1,credit_card,8,162.04
b99b9205eafc5fa75cfce1be7d1d9bff,1,credit_card,2,201.04
"110607a6618f270a965f6a8cffadd32a",1,credit_card,9,630.28
"6a7110985cfd7662ad87789502fb7de3",1,boleto,1,181.68
"106021b63b35ce83c864c1a39f0c8937",1,credit_card,2,170.60
ce5a9de9a8a2c2a47c627c3615f90700,1,voucher,1,96.47
e588764e20ea16aa323300b4b52de660,1,credit_card,7,77.89
"2aee72588060c074fd45155346c97a84",1,credit_card,8,372.49
"0f57f8c8546ce0d3837910801250d944",1,credit_card,6,111.89
"961be3c7f91bbcb9cbcaeeb80a68a633",1,debit_card,1,51.75
"43638556d411b559cd36c7f1872b81c6",1,credit_card,2,129.00
"0aa86627eca7db30ae324772cc15ff7d",1,boleto,1,304.16
a2719d5230c391aa396433b5cf6cc4d5,1,credit_card,1,73.03
c5a49aa0c426e9c86aeb67a275c1a490,1,credit_card,2,237.30
af498b81b4ce487752ac7ed4650ce5a4,1,credit_card,6,128.65
"3e4a8d7b151d4f81900cea441f80d544",1,credit_card,3,252.42
"9e555160d5ee4c0a12a9451cc98afedc",1,credit_card,2,124.27
"08b7104ed7002c5ada9a6751b7a464da",1,credit_card,1,55.58
b239ca7cd485940b31882363b52e6674,1,debit_card,1,4163.51
efe9bd98be3cb5cb5c87e7ca27abe613,1,boleto,1,61.11
c43931df9ddd31404539f4382479fae4,1,credit_card,1,155.73
d1f61db27cb2ec79064854fc336bfbe3,1,credit_card,2,50.73
c9283076b0f196acde755765fcfaec9b,1,boleto,1,263.24
"2bb6b9ebbb0ae5423d46be8e62e09538",1,credit_card,4,465.42
"49f70b872d93bbd22ed87d7fe40f4d17",1,credit_card,3,35.13
"274c7b7da7ae1faaf4a98f2e39902b7f",1,credit_card,1,223.68
eb7a14bc7848b286eec69794221438a8,1,credit_card,9,265.95
"9ba82750c563828973f933ffcd80febd",1,credit_card,5,61.64
"7f2f85c505ae0a210577c5c65ad4e65b",1,boleto,1,127.22
"5e08f8357b3660485f47d00381feaa6f",1,credit_card,3,171.22
e20aaa6862f849ed8fa3b602147e09ea,1,credit_card,7,71.84
"207899590ac0ec260af0446b68101b21",1,credit_card,5,439.00
"491a1ab187b3a16213aa5b385333d943",1,credit_card,3,174.41
"7dbe3b6d08b31967f83f9c26988bd7c7",1,credit_card,8,391.87
"2f3eedb1154600a40d3529dd83441775",1,credit_card,10,1358.75
"308bf37f155004751f789aff2afabaff",1,credit_card,1,137.60
d7c6e4c4fa9ac28198cf5b26fc5bf685,1,credit_card,1,137.60
"48c624d7fc96b46021a6e12536c643fb",1,credit_card,5,176.22
"8f7c88fa60b5aa1c1c2cff8a775bc4c0",2,voucher,1,50.00
"1eeff18e275e2d98a4701b328d2214c0",1,credit_card,4,96.90
"6498d67586b0908cad595ae0c3638205",1,credit_card,4,83.54
ea9184ad433a404df1d72fa0a8764232,2,voucher,1,22.49
"54639840f0eaa99e45fe2622a943087b",1,boleto,1,71.53
facc1205a81ecb0105f0a0c14bd11899,1,credit_card,6,173.23
"0c4a4755b0b19ba216edd6af92e5656b",1,credit_card,10,183.04
"825d77fab1993c218cce8b9c36a6a450",1,credit_card,4,49.40
"6917e117776da5f60f8403c2120ecb68",1,credit_card,1,65.49
"3bd5b53dee9d54938f56208bcc03d855",1,boleto,1,66.70
b04b061c476ead18ecd0294170063e16,1,credit_card,1,155.98
f00bd384f3e305068c7031a1713a037f,1,credit_card,6,63.11
"4ffd41fadb59bd398d869be78f1b2be3",1,credit_card,1,789.55
acfa87544c19d596707d25cf2f7dab61,1,credit_card,2,55.08
e505d250be8a8291d1d8d96adf8c3539,1,boleto,1,47.09
ae6feb20cf51351ef91ecc628da2c6e6,1,credit_card,1,122.78
"37cd892c7a6275aecbe6dfdcee8de6b7",1,credit_card,8,294.06
"8f22f06e256ac729f8a1850a4a36edf6",1,credit_card,3,83.76
"146bfe4003096bc16316672e59c6fb2e",1,credit_card,1,65.89
"029863af4b968de1e5d6a82782e662f5",1,credit_card,4,41.09
d77cf2f162aee9c140d2b98ed09019c9,1,credit_card,1,71.14
"30afdf98bd76676a199127199643a168",2,voucher,1,21.80
"994ed29211f61708b9c3c72ee898ce09",1,boleto,1,174.73
"1389d3b1fab26d87e40c382d11a8ac3c",2,credit_card,4,41.90
f9fc53ba3989356ab3ecbe2a40702018,1,credit_card,1,177.93
dcf05b0ffad45d04f992ba7dba355275,1,boleto,1,119.42
dfcdf23e1d25c70a86ce04d0659e85b0,2,voucher,1,100.00
"4c3b6c754171bf551e80d903a426b8c6",1,credit_card,1,56.68
eb6553e51dc318a6b8790d6793b029ed,1,boleto,1,72.04
"4410e1e1a7c649cdf56641353c74efb3",1,credit_card,2,42.58
ee9ca989fc93ba09a6eddc250ce01742,9,voucher,1,3.90
"0dac8f895806df31441bc1a5aa485a4e",1,boleto,1,27.62
"624c268e0f962ef1cbf0033ad522f675",1,credit_card,1,99.14
a9750e3434088f124fafaf2cb0109fc9,1,credit_card,1,52.98
"4325d8ef762f1699578d3cc516484f2f",1,credit_card,1,65.94
"80268610ed03b9b64fd7c84e4970b248",1,credit_card,3,36.95
d524fb303d286d2ce7dfcdd08dc9cfae,1,credit_card,4,111.89
bbdd8d2bff419896027bf4daf92500e4,1,credit_card,6,69.24
"905fc82a3f92ee92e5084172bf337840",1,boleto,1,108.20
"65eba24f6b354696a553f0fe9719ac31",1,credit_card,1,182.52
f5f15b58af5d98ee482e59fa194a9112,1,credit_card,2,92.79
"1d25b465b66d2cd1ed4c7d3b449be280",1,credit_card,1,198.48
"10251ca016384afb8d4954da5fb3b419",1,credit_card,1,361.89
da6e14bf496bcc88c9a7e04053030e11,1,credit_card,1,146.47
"0695bd018cbf6e999fad4c321b32d26d",1,credit_card,6,60.89
b96f5299909903eedc435d396f90f726,1,credit_card,8,1323.30
"06efe66e043ee5d43f8d6edcba44d653",1,credit_card,5,64.10
fe3dc8be25e5bf90ae8fc3c6d7f680bf,2,credit_card,1,117.89
a8846701b9f3e21e64c9062ed3f4dfd7,1,credit_card,3,96.23
cd7cebcffafb9a184b1aeec5b2197c3d,1,credit_card,2,98.73
"82aad85e20d52a3ebdf5d42b6352a1fa",1,credit_card,3,97.78
"3010b556dbf5afd68de2811b5ce72dab",1,voucher,1,77.68
"7a35387c416ab539ef45773ebacc4993",1,credit_card,5,1761.64
"06aea78197dd41a649372acb8dbc33fb",1,credit_card,1,45.93
"26ccd00e36dcb6270f76feff4f6dd560",1,credit_card,3,57.50
"2b749af514f3e9bd00fb20b105f36a83",1,credit_card,4,602.38
"8101f323f454f972d5f4773094d2c5e4",1,credit_card,10,245.70
"9f3bb89658a46c809fdd407e86914f94",1,boleto,1,114.45
"0760a852e4e9d89eb77bf631eaaf1c84",1,boleto,1,50.35
"9c0a26a4017f99d2c64f214fc104cc8b",1,boleto,1,102.06
b79f5c4c1016e3465036120b5614adeb,1,credit_card,2,128.93
"29ddd4014e51ef7b17ec133956f557f2",1,credit_card,1,95.28
"01cbdb2a8c075eaf248af643b3389f73",1,credit_card,5,145.20
"674e45aba407b4682730ef7ad708cfad",1,credit_card,3,185.84
"153d12e2d5e7765786be73cb3900a442",1,credit_card,1,154.81
b938ac4d34d8d6e6cb9f8dbfa2042cc6,1,boleto,1,51.42
fdfb66d87e905833548d15ef7f08ee60,1,credit_card,6,303.86
"6bc6b07e448bae52d248c4df401d6157",1,credit_card,1,51.64
c560927c49695a19738493bd782687dc,1,boleto,1,52.50
ca45a839acb03f8e8b45dcc0a6d1c0c8,1,credit_card,3,37.90
"3f9e8fecf02f21c1a57dc20c0e7f95ab",1,credit_card,4,72.90
e9592428987296ef5360c23a102ef91e,1,credit_card,1,179.84
"7d2ce95144e1dac8886fa0b3d498baf2",1,credit_card,2,26.27
"9b48e4c5b266f148a536ca61a2252ea3",1,credit_card,3,137.99
"8ed3b0f10074e950e00b60fb43e7e373",1,credit_card,4,418.91
"2c88b5879d666444b90643a3817f9b97",1,credit_card,1,70.43
"92c72561e65cb178fa0d134d93197fbd",1,credit_card,1,26.50
"1beff5a1483dd3918e704891418a9f05",1,credit_card,10,135.02
a4887ea2ccd5e37945934525a9939e9c,1,credit_card,1,53.38
c8f48cead5aa6153ed4e86436420bf34,2,voucher,1,26.99
"592791e8c354caec0617c0ac1a9fd2e8",1,credit_card,1,24.70
"09daf6c53d9fa98e18b67728b86a7848",1,credit_card,10,177.56
"0681ba84087325819dc1f41d4f79701d",1,credit_card,1,31.88
e5df40271cc99ceb080a6681f786bf7a,1,credit_card,3,443.51
"551ac5ff66bff1f852bc0b36eb22e162",1,boleto,1,66.94
"6d80b0865b3140d16b2ddca281931566",1,credit_card,1,33.95
"8afd013a511575aef39cc33c610d4136",1,credit_card,4,44.10
ea37b313540105af4a2ad79718d80d97,1,boleto,1,35.40
"5bc2a7b8f0817443a86b69461e742cc9",1,credit_card,3,66.10
b0f7f772e95fb0f8845c40700290a813,1,credit_card,1,68.22
"228aea2abce77cb021f85db4a81df1bd",1,credit_card,1,38.28
"5b5df11336181a5d1e7a021ea5642bd6",1,credit_card,2,74.79
"88e825581ca2e13539ac075125443e30",1,boleto,1,71.53
"7baac6397b9cffaf882d73544ae9a085",1,credit_card,1,118.01
"04daee30107ba31302f8528918ba7f37",1,boleto,1,40.00
eede8f1b542f41da8b04e72bdd357dde,1,credit_card,5,363.96
"6db0c63234f0e11e06c202b613a62f41",1,credit_card,1,157.12
"74599b2f01a4dc2150e3e9c9d8ecab7f",1,credit_card,2,59.49
a01edf5b15e6c1a5cf9d9c975e23b7f9,1,credit_card,1,58.46
"7a411701d358d7be1e457ec66ceb4731",1,credit_card,1,54.01
"09816d25300df1b7cc5c78edc96f55da",1,credit_card,10,206.68
"739554bca7c0f1d20cf28779b6e37aa4",1,credit_card,1,98.37
"44a03ff139461361ec4cce7949663c2f",1,credit_card,8,89.19
f0d367f04ecab8c00411ee7320a5ca77,1,debit_card,1,183.86
"8cd5cbda56cfb7023246adf2b148bb91",1,credit_card,4,101.25
"8ad3f1d0f96992e43566c4c82c9f6c58",1,credit_card,1,93.59
b96b0b54d61e5b82857b8d29f7411012,1,credit_card,1,43.61
be3075dc2d8e37b6ab298688f2534f9a,1,credit_card,1,636.21
"7a6ff0df4e3355199375d34e7bb165c7",1,boleto,1,100.25
"481db18f6c7959ca02c1e84e70e78264",1,credit_card,2,108.20
d9745e8f7f6aba12a179d1e0641051c7,1,credit_card,3,102.88
f72326e05e84a96d5565a8809452238a,1,credit_card,1,90.63
a336de4bbd836a89f9cb2a5b58ed2578,1,credit_card,1,36.76
"257a0d5445d4ae131816384009fbb954",1,credit_card,10,1150.80
ba5c577357e3f0b4d142808039a7ada5,1,credit_card,3,97.66
"82962a8abf46b030308d707aff1a7f35",1,credit_card,6,121.79
"67a59d439611f207e8a3283540cda71b",1,credit_card,7,159.42
d288a830bb769fc15a7a29edf445e1e5,1,credit_card,3,135.49
"63f4e8e0d0a8785a8ba9e4e86e0cbb91",1,credit_card,3,76.39
"4cfe4c83980f15d36ef83167bb4ef4c2",1,credit_card,5,70.84
"794fe563dd7bc49998f96c29d3e5152a",1,credit_card,4,41.75
"551320e40e766057c633ff653094bf5f",1,boleto,1,57.53
f655e064aa3f4617ec0f8d5ab4885a26,1,boleto,1,100.44
"6ae8872e75a5a7aea3e8224fa4a67265",1,credit_card,6,62.84
"69b03f2aed38a9b622ddad0998b00ccb",1,voucher,1,25.92
d3fdc781c4b06febef9311a7fcf93eb5,1,credit_card,8,628.45
"3737d5e98a43749e8713ea1e2c9b5355",1,credit_card,1,136.50
"1b5fc0bc24e5112c2cc802209fd54fcb",1,credit_card,1,51.79
"628c4dc07e38c6a4309d58e8a42e2f27",1,credit_card,1,2.18
"1a82675c731e609f7adc4c93898a6321",1,credit_card,1,866.34
"2fc4990b9de2806b1e361d39937c113c",1,credit_card,1,33.13
b5c4f14a0dee74d81b66f57da41ef77c,1,credit_card,1,26.45
"4fcecf52518a5e74c2431d5eb2dbc8bc",1,credit_card,3,340.48
"80856e464d96ed6573219f5d65fc7f3e",1,credit_card,2,103.85
ec341c54a5ebf8ee0a67a8632aa7579b,1,credit_card,2,29.92
"79ddbc258ea5329dbc3ec8c16a8ddbf0",1,credit_card,5,150.98
"3940a7329348b875a9384998bda9b303",1,voucher,1,72.39
"8c4c737b202bd8dcdaa2336b54e99dc7",1,credit_card,1,1314.86
ec74f95e952a1019fb566fe39c383dfe,1,credit_card,2,106.87
c8b785ff006155b23afd689ffdf7975e,1,credit_card,1,28.58
"479d2226115d100c027f7dd83622c1ee",1,credit_card,3,168.83
"10ed5499d1623638ee810eff1deccded",1,boleto,1,136.80
a9850cfaa6a85bd626e548413454f108,1,credit_card,6,206.84
"23941956ac5ebb846fc41ddbf76e7ccc",1,boleto,1,173.84
"799f11bf34b4fcf6d45f6e2399907cf0",1,boleto,1,115.94
"575ca88a26f8e32bb7691d172640bbb6",1,credit_card,3,188.50
d61b83f993b6f618997a36f3ac4c2410,1,credit_card,2,124.82
"6a3bb0cd9859ea8af859bd024ccb959d",1,credit_card,2,118.17
e8dcb5c19d58dc860f2c4a1594dff6b3,1,credit_card,4,48.95
"1a0977847a5ddeebdf419ddd4a94402c",1,credit_card,1,33.95
b0abfc26b17791c260e0d86f4d739da0,1,credit_card,1,93.95
ad27f40c6dd9ac7017b460bb1ad492f3,1,credit_card,5,284.42
"2c484d3ab813a339e8c4e18175dcb144",1,credit_card,2,130.69
"1a5bab5fc9814b7cc524a323bd4e80b4",1,credit_card,1,76.25
"54190ac792fe31ba85861d9b8c5109c4",2,voucher,1,82.99
b1e7ea6ef4104c3bcd94c0b9260717b2,1,credit_card,3,73.61
bfd223d76eb49674f6870a4ed53081b9,1,boleto,1,78.18
"96db898bf1c13a61801fe37a01cb2f93",1,credit_card,3,37.44
ab6a6b7a25c62e6f6c332f359ac4764f,1,boleto,1,327.66
"2fffe146b14011ed0c09ef7aa6b77a98",1,boleto,1,212.80
e26a762d72841db1944e70176311fa6a,1,credit_card,4,80.05
"062b06f0cb6f133e2b963e4947345e17",1,boleto,1,187.16
"1187d945103ffe5a5d8fe56169b9c4be",1,credit_card,4,201.04
"0d6350e1fa2acb1318e3a53d52333e25",1,credit_card,1,45.78
a6c258c89be1621b6e7c2bd85b4c866d,1,credit_card,2,143.25
"25c9f4c2d81933e44625c891cb889d4c",1,voucher,1,118.35
a3be6697885b394b9fa9a177c3f46239,1,credit_card,1,45.01
"50997e4944fb68c2da4386a8dedbd498",1,credit_card,8,205.31
"2a61a7cf365db56cbf9fb72e2a422653",1,boleto,1,67.04
"31b855608ca69e4146b737745506f2d5",1,credit_card,10,765.92
d48c5a8ece8e3482630f42983dce073a,1,credit_card,2,362.37
fa63bd85298f3d5a0d7750094e271e57,1,boleto,1,136.99
f3673235fed9c71ed5d7ae997aba157c,1,credit_card,1,230.25
"1462d8a9d63e2c6a9787a923dcf3f7c6",1,credit_card,8,179.90
e24316b06e2bb70e3fe3a79a12d247ab,1,credit_card,3,182.61
"9d90f18cbc370ff8636d7b5db6ae36a1",1,boleto,1,102.93
fff2e9e3aa8644e19710216b4ef53ab2,1,boleto,1,86.15
fdb1650647bf87804d19ec387bd4304b,1,credit_card,2,201.84
"016495aaab3fb481dc9decab2b4fdbfb",1,boleto,1,22.78
a8c3124b7f912401d702018ae0c02b05,1,credit_card,1,165.83
"6f78a74ebcd33afa2bccc0c0a82ff04a",1,boleto,1,84.82
a52afd16d0515dd4fa072e7e8395f99b,1,credit_card,8,89.64
f0e0be414a28021f1a90bfaae3b26c61,1,boleto,1,27.77
"75c7d5ad87ea6233dcc4763d0818dbd0",1,credit_card,3,314.96
"17aafa6538c13ff8fc19c1a54fefedf1",1,boleto,1,46.05
f992a59bd269c4eb0ae5ca2d403474b6,1,credit_card,1,34.42
"3e1ad9b01933fc3e801cb95ecf40c14f",1,credit_card,1,35.00
"08f95199562a41bb3a899717810c7af2",1,credit_card,2,146.95
"19c32126a85a7e87c6bcf2aa99e6ae9e",1,credit_card,2,60.86
"4f53691b758958dca780dbbe19dad2ab",1,credit_card,1,15.66
"6fafa8b999b250ad0dbbc4dad2f5aaf5",1,credit_card,2,106.87
ef0dcf520a0a4634713a5ef4806433c2,1,credit_card,10,252.09
"6a1a1bf2fd36dee014df573300dc3ac0",1,credit_card,2,189.13
d13edc5c7574bda9f7c9dc6b92a72edf,1,credit_card,10,199.17
"5316d7254b2e8e19620f2aec8a6f822a",1,credit_card,1,71.79
"4a72d371229f317ace1d8e10f25f5f1f",1,credit_card,6,179.00
baf4bb57bdf5e14c67c2389a48864acb,1,credit_card,3,109.21
bcdad86f44c780bf1aaf24b66dd97753,1,credit_card,8,142.48
"4830bd8fff96f1bb97dd5db5220f4817",1,credit_card,2,68.02
"4e44d7b0462e32a51de74a16eac6534e",1,credit_card,6,64.26
"6fd59e3ae7e24c50131f6bc97c4c7776",1,credit_card,10,2913.47
"8423e43ec224fbf61f9a4240ac0c7bac",1,boleto,1,61.01
"8fc32fd1d663bcad34398d254fcce471",1,credit_card,3,221.47
"44924b3c408ca27175f5ded1a7320008",1,credit_card,10,721.71
b73c36e570877e647fc56872cfbb3fa6,1,credit_card,1,20.38
f458316312c3e16919d3eb5f56c95930,1,credit_card,4,204.58
b19157c739687db4c2150c98b715be45,1,credit_card,3,238.25
"73cb429669ebb88bba7787201730c88e",1,credit_card,1,30.00
"8bfba2619f60a7fd6612a51fa261b8df",1,credit_card,10,128.02
"12222b95d3464440506ffeede2239765",1,credit_card,3,250.51
ad9aa06b7c1aff45bb25d171973fc761,1,credit_card,10,133.48
e9dfd5e53078861fe747114532b0d96a,1,credit_card,1,318.78
"897d07de9354c8089f538f825f4330fb",1,credit_card,1,33.70
"6a6d60aba373f10c15519e023de52de1",1,boleto,1,144.40
"857a0b439aee4a14bebfef2ed3cfa26e",1,credit_card,1,688.04
f5f9c706d2f561a75f2f428d96e58b02,1,credit_card,1,135.60
d2ad7c966f9e17a0c52f322d3479b14b,1,credit_card,3,147.30
"5dccad03ac8016afdcdb7cc0227ec9d7",1,credit_card,1,81.54
"4f821ef636d5a5eb870c9ae7b7d7654f",1,credit_card,4,45.50
"49750d9578cdcf35d9c002434ecab639",1,credit_card,10,548.28
"2a103014bffb0e98ec7019d0c7856548",1,boleto,1,93.88
a4f65635b53078c1e039432eaa86e40d,1,credit_card,1,25.00
"5ffeee9d677333ddef6ef0db3aaf50e9",1,credit_card,2,103.19
"1aad12119a878d0718676e9190cdbf28",1,credit_card,3,220.20
"509a879b07f7712dcb1ef3e18a5b9fbe",1,credit_card,6,323.17
"83af610e0c73e940f967ad32ad943625",1,credit_card,1,35.72
"1ebebc0614bb48f5dd4d5be590f3b5b5",1,credit_card,2,154.38
ae09ebb82b7283effd23c7a5017498a1,1,credit_card,8,173.75
c9f1330428746f0615d885b863acce6b,1,boleto,1,94.21
"887b5b39f6f5c08315aa901f0fadba6d",1,credit_card,1,115.96
"396edbf3fd93df6ebe7bb415f5af60c9",1,credit_card,10,136.24
"982f11c6a768ad4cd2c08c45b259e5a8",1,credit_card,6,70.78
e82c65a674b5f012420311da34ece20c,1,credit_card,6,86.00
f7cce37e05ee87b67446959c537421ac,1,credit_card,6,193.84
"90e4d4f7e2221bf7f81a4873e3161b96",1,debit_card,1,69.43
c81450deea020167372bd36d6af3073b,1,credit_card,3,162.65
"40882c452ec4e7cc53c1a084173f79a5",1,boleto,1,38.10
cd69c22f5105b415669c70af74584c86,1,boleto,1,30.39
"61b4fb3e9dff469a5a1d25847d6b9385",1,credit_card,2,115.45
"17eac0100357cfc8fb5d6433a847c8ea",1,credit_card,2,64.94
"2ae3e844eeb857e448fe36e4f0dca9ef",1,credit_card,1,22.14
b083ead74176fd635def001db256bf32,1,boleto,1,35.57
"5e5235e11bea2c86b1255beb1b7e247a",1,credit_card,4,105.89
"36cfe0289488f169d3269cea0496d66c",1,boleto,1,87.73
bfdc35e6060f9b6cd2227b660dfc3b70,1,boleto,1,203.99
a894b3482b08ff3282f5a9c4485b7978,1,credit_card,4,41.51
"64dca5c8f3f8a2c183455337d46ce896",2,voucher,1,100.00
e94d1eb8ca17c24d3724455962b83532,1,credit_card,5,231.14
ec5938ea8d597f4104d05584ca8288c8,1,credit_card,1,40.39
"5845efeb1a7164fc3885f465a37ebd46",1,credit_card,1,51.69
"6dad10eaed0900d63501e1c436408bf6",1,boleto,1,244.54
"04915529f622f4b069fb4501085fd905",2,voucher,1,100.00
ec902ac3921edfeace159efd4f973840,1,credit_card,10,769.96
dc0026d5ff685eb725a42925ff3aa5eb,2,voucher,1,97.46
"6ed2b496c2636a4506578ba1ff462672",1,credit_card,1,37.13
"87db440948f84c0c68a2311dba047650",1,credit_card,1,111.32
d0b7e2eb7a74f928072f23a62f4e4f58,1,boleto,1,62.78
abb76549f54fa02e04e1d3da5e8f3cce,1,boleto,1,50.82
"5a7b5740e46471f028be84f6424ca854",1,boleto,1,237.17
"769ee88b70cbfc6217691388204f9911",1,boleto,1,33.10
"747e4e0aa3817ad125ed9074ee005dd7",1,boleto,1,139.43
"3c179a72f1d2d9c87b18d2a0fa99079f",1,credit_card,5,167.29
"6a82abcbfecb37ea8663513f7c4bf302",1,credit_card,5,500.85
f0d4f9815268c8e208ba8441b85504ed,1,boleto,1,748.34
"48337f7180cd174b07c0560ca8941dce",1,credit_card,2,126.86
"377eef73ad584b24afe1da9bb3edd04b",1,boleto,1,122.11
"55a77a7dd079d592581f4cba1659ad33",1,credit_card,3,32.60
ee02ac266a995c96fa748ee29a6986aa,1,boleto,1,53.13
c992f37682e64f4ac2ec63136c54369d,1,credit_card,2,209.38
a8c3f65a43b2e956cbfca10db4300853,1,credit_card,9,196.27
"0ba66e23f27848fd3bbff7f24632b0b1",1,credit_card,7,101.73
b3298cf726e74882e77238c731e53f30,1,credit_card,4,112.42
"3bb674c130836b55a540f493a9dde774",1,credit_card,3,157.26
"4c5d1f62e7eaa8c0f05fbe1b048ee690",1,boleto,1,108.20
"48755ebcffac911029c4d20f6ac536ac",1,credit_card,1,272.02
"46d45c02db0c16939f8f1c45a9c8a344",1,credit_card,10,125.42
f6ac0ce30d1405684969749ebc798f94,1,credit_card,4,113.56
a2c452b1dde13888aa1d67fcba0d2d3e,1,credit_card,5,361.45
"4b4c7655aadab4cf1eb81eddf40afcaf",1,credit_card,2,249.08
c8c528189310eaa44a745b8d9d26908b,1,not_defined,1,0.00
c63d42eaa9f87b513dcf03cce7097bea,1,credit_card,6,93.21
f9b08c26496de3604c13a613383165b0,1,credit_card,3,38.85
da95f8b22acd8e17362c16bf0eb86714,1,credit_card,2,58.25
"5026ddae0cd10e29c5d2f0f37f2fe917",1,credit_card,1,106.15
e1ba0359337d59993c07c47f1d803681,1,boleto,1,197.69
"6607f6d4afbc0216ccbcddc0d9e7e0ba",1,credit_card,8,86.15
"994b1fac50d384a99f0e0f1c2918f185",1,boleto,1,132.64
dd2e84f453b5bd5297babe45f1183f84,1,credit_card,1,33.71
"71c8043c2b2900e423ad544aa00bbd8b",1,credit_card,6,72.86
f07d68bd43db49d20192ee3036b2cf01,1,credit_card,10,149.86
"291c6962c2c9443529081cc6068e607b",1,credit_card,4,150.54
d8ec5b1e258fdf9fb57488233fb97070,1,credit_card,4,132.84
"87e4985661d2e38f02b965d961204540",1,credit_card,1,133.08
feb54f14f6bd742a2bbdd1d46a5ff7ce,1,credit_card,1,34.06
"2c9a4bb73b123a0d370e12b5bf22b0d7",1,credit_card,8,170.16
bd4ff7998fcfa299d9275e288adf4efa,1,credit_card,5,57.73
"668ca58f384c0f1007054dbf6c280242",1,debit_card,1,108.84
"42d6c905b94bb9817871a7428dd99a62",1,credit_card,5,105.99
"14d45fea1c20e4fd5c31dde983344115",1,credit_card,2,40.95
c2ff08c0c7d631b32eb1040d9fb73161,1,credit_card,8,109.16
"55e54fbe84b592cd76e9cb620b4e41be",1,credit_card,2,118.79
"1de68bbabb4e7529e046e0eb6f6907b3",1,credit_card,1,61.84
"7444c79a0b66416c25448e4c95faef24",1,credit_card,1,41.01
f9ada76953fa490d8a254d2e28f353ac,1,debit_card,1,37.84
"62d1fe3b4b56a1fdd8b36c6337feb134",1,credit_card,3,200.64
"6f4a84455372ad6b74c6ddd49e730539",1,credit_card,2,152.13
"676e40056867189a1b3599f3e646f421",1,credit_card,1,81.48
df147d110784e81110ece3cae5fafee2,1,credit_card,3,165.96
"76e240e4908ef93d0701e8627b46fb98",1,credit_card,4,267.90
"119c7049e648e0c4073ceceab6c3cd3e",1,credit_card,3,37.14
b1f3abcf6775aa5e52df38e4b157fe9c,1,credit_card,2,135.67
d0d4207173277bb279959dc8b2c35b2f,1,credit_card,3,31.75
b59646a3121fae6a722667ba7a4fcbc8,1,credit_card,1,88.70
aab7b04f45546e03e7c86b9e8f12368e,1,boleto,1,101.84
ac6ee8b3f24f43e8a7b12154ec508b18,1,credit_card,1,6.73
"03b93d42401e436cb00a2dd82a3975f7",1,credit_card,2,51.50
"0572c996d9b4a7645bb071a158a64bbb",1,credit_card,1,42.59
ec26c1491fdcbe838088423209459e36,1,credit_card,10,1830.90
"4f164373da991b6595b609372262a23f",1,credit_card,1,33.71
"451a322d957b2d9d6d0b763bcd03d0b4",1,credit_card,1,129.86
"24c62466418a240484d7c25dbc112222",1,credit_card,2,59.60
"22539785ee6331c6d1020fdaa742ea09",1,credit_card,6,239.41
f399b1b1cbfba9dbe26183ac60e6eae8,1,credit_card,1,21.82
"043cdeaa13251e7dd736f65b9ef6498f",1,credit_card,1,46.22
"9758e655b4d2fca01c69a4dde9d4fb5b",1,credit_card,6,134.60
a5283d6db4848796b9bea944339d2dca,1,credit_card,4,199.00
"52b9a4ef7e4655cb918edd7613606ce1",1,boleto,1,164.51
dcb965b6963d2375946c5b2eeb316e6a,1,credit_card,1,119.66
"2f26a96c2724ad15bc65ec1660e6dc20",1,credit_card,3,568.59
c0c1739aaf78cfa636a69c10519b9876,2,voucher,1,49.67
c79555a2c34c70b237857d6d9850734d,1,credit_card,5,63.28
eb79e3366c1e8ef5a331f96b5c73995f,1,boleto,1,155.14
"8f705decc6b7168523d676183f61b950",1,credit_card,1,35.19
"874904b7cdcd377a298d82e303930223",2,voucher,1,0.08
"38f4de107b2ebaed574ce9233ad3f261",1,credit_card,2,163.78
ae30244c8470e653da0ebd82be453b8e,1,credit_card,6,63.99
"6dd6f76aa47e5d35ad4d19541715dd9d",1,credit_card,10,107.78
b001d1893d61b0d3b035e0a05253eb43,1,credit_card,1,140.89
c37055276c0cc69b996259acf465906b,1,credit_card,4,45.00
"0a505a7b63a33e72ba4159e3db1208c9",1,credit_card,3,39.10
"52b5d7a8d05435a607e602cc6d22af5c",1,credit_card,5,223.14
c58bd581144192869f091dd6fbabceea,1,debit_card,1,238.78
ed8e14b139eb5a477f7e330eff821103,1,boleto,1,87.76
cab08f0417a702d0f4782ec02356a4ac,1,boleto,1,107.06
"0a7dd1e47d756727fdfe4b0daf9a655b",1,credit_card,5,224.02
"82eac7c627107b7699fb95a7c5961127",1,credit_card,1,32.38
"28f8288537a74aeec728c4d0119a3632",1,credit_card,3,189.84
"824d9780d0313771024a0c70fe9dd9a7",1,credit_card,10,961.49
"6cc40732b6bc944a2b6cb8aca515bfe5",1,credit_card,1,57.68
b1289cabdcce49b33ed523da21d98ccd,1,boleto,1,64.03
a30016fdd70010d634bdbbe5aa016c18,1,credit_card,1,128.21
e662e53aebe0a6c5d95652938e2f66d9,1,boleto,1,108.88
cbb54b440099b6c4994d1109f3968b97,1,credit_card,1,27.49
"70ad0c0c83d69921cc0675f3e56d4e02",1,credit_card,1,86.02
"52a5a288dcbb4561e2c2354115357b5c",1,credit_card,2,86.32
"3d0bb712c6a8ebe6bda01b3bdf6f331b",1,credit_card,1,52.61
c85fdce6723ece9066d59f3a049c683d,1,boleto,1,81.72
"12fb8b575f3f6d58ccbafba1294177e5",1,boleto,1,20.38
"751410acff2d9dbfee9158ae8e21d6d6",1,credit_card,5,735.88
"01b4a2ad3420c19a1c7c402513e7725c",1,credit_card,1,125.52
"15182308be26817f3df02cb049167836",1,credit_card,3,138.80
"84999b104428fb26a562282e4f17a340",1,boleto,1,382.39
ba4088023bb3056caca3d40810844bf6,1,credit_card,4,1392.37
b6531f716505d378bc60ea787c0200c2,1,credit_card,5,58.01
"1c3d1315dc72229743f547e636541c97",1,credit_card,1,37.00
d416e69ac2b8a56d17f9b3ad10bb37b0,1,credit_card,8,457.86
"93f5bba371d2fc9de34cea400e4f05ec",1,boleto,1,112.89
b6f445cf5a3df2567435ce41a1ad3708,1,credit_card,10,102.90
a4b9a8bb35b5efd617c8c37bf71e364a,1,credit_card,2,155.52
"56ab0ef6726f49b711b84ce62e305c7c",1,credit_card,10,498.92
"11c5dd2ae28c08beae350a88aa490d94",1,credit_card,1,66.50
"3a162137f82297cdaf8349d510549616",1,credit_card,3,73.37
"6a5c76325c753e637e28d3efd69e0a0b",1,boleto,1,43.17
bc3b41b122d09bb7f293e287bb496235,1,credit_card,5,65.88
"4256e4eb92bdf0eda17c3bcee4c0771c",1,credit_card,1,40.62
"674957a5e7051291e2b937c5867a06b4",1,credit_card,1,129.43
"487cdbe6d900d62275117d1fd45674bf",1,credit_card,2,63.73
"852908bf28a385d07db3148958c5a778",1,credit_card,4,367.22
aee0d5464f3b889a06716a820b1a60e3,1,credit_card,6,163.91
"94a1020970476388adf12c46628499be",1,credit_card,2,228.62
"8ac5b235603eee2e21e36261b2df536c",2,voucher,1,34.11
"87f532dad65980681431fe6307b47fb3",1,credit_card,1,121.33
"870939e9577d3981c107477c5a27b7f8",1,credit_card,1,54.51
af7845bf2d70a696a4f4f31b4e6c5a81,1,credit_card,2,98.88
ab7a8658101e73890405c44226932c35,1,credit_card,2,144.89
d326e75b3255dce0b8d809c02280d012,3,voucher,1,1.41
ee5b1786726a245ec5cf9f49d16fabb9,1,credit_card,1,54.00
c22b21487688078371d7c2a9ee2d04c3,1,credit_card,2,105.28
f8a8d05d951ce7e359dfd0c67f1de017,6,voucher,1,0.34
"2acdbbb81136709fc5e1f32e11ebd14a",1,voucher,1,198.86
fc45ae3c705f48a41cad9bf6aecfdd0c,1,credit_card,3,221.16
"4a361afb3224a82115cdd08fb60b0528",1,credit_card,1,27.09
c1cd3fb28c470198177d6ee1ef4c1d85,1,credit_card,1,61.59
e13402ab3dbd2908d54ce9cc67d40162,1,credit_card,3,201.96
eae46740151daff6420b7acc4a9348f9,1,credit_card,1,73.65
"269b7af9855d9f15ae366874df6c3aeb",1,credit_card,1,57.34
"910b8f728465018e9dfd00228151f9ea",1,debit_card,1,20.73
b8529452a8ad8e7009333b957f87412c,1,credit_card,1,46.69
"21986ad587b4a2c379e191e22a03deac",1,credit_card,1,30.00
"33ceaf4ebfd2f04f54236b86d61c8770",1,credit_card,1,108.19
b28f0b71b3719fdab137d7263d469001,1,boleto,1,314.92
"73960fc10fc7f6337ed0fe06f14bec36",1,credit_card,1,98.70
bb82edb761539d57907c3268bb2835db,1,credit_card,2,177.49
e497f72041dc38eaa6794c1c143e8005,1,credit_card,3,144.11
"8c2228de3ce29abb8e11211b8fa27001",1,credit_card,1,309.81
d497ded2ccd602dd16411b12b379f432,1,credit_card,4,334.49
acd788596773fb4328703c9ea80a1913,1,credit_card,10,131.16
fdc0ec1ee168b2b7c9d3a501b0d1d69d,1,boleto,1,79.52
"5b1c6bad461d722c0e428b2ad4e5cafe",1,boleto,1,91.85
"1efcc6ba75b519535a510c53153a9256",1,credit_card,2,112.96
beea13c1c08f647c1ec5b6f204002516,1,credit_card,1,96.04
"045339fcba21e00a00a822ca77f55c0c",1,boleto,1,78.47
ff36f4d6d98c0b2a7e70acb7d1b3f139,1,credit_card,4,166.30
"1ebeec1bb9ce388ee2e00d401058ca8b",1,boleto,1,55.60
e4df16cb9093d2bcb0f6d3df3b49507e,1,credit_card,1,56.78
de511d43118e7cd3c327dded8e3597a6,1,credit_card,4,48.21
"8428cdf79e64b95486e06ad5d0573e22",1,credit_card,6,386.46
"8c6fd4e7cb09a08b5984934adba61c22",1,credit_card,2,58.92
"0231a1f06afc507072e11f93fa6e736b",1,credit_card,10,118.23
"5ae9bb819d9fe122f095fe919a408e17",1,credit_card,3,76.65
"5c1bcdc479bd3259cecfa184ee78b9ce",1,credit_card,2,27.68
"2f7e28557591670c3bafadee171c72b0",1,credit_card,2,131.61
"4d9c8dea9380270c4d8151980f6c579c",1,credit_card,2,72.53
"84580325d236dbdc6585c81d12f5c9ab",1,credit_card,3,183.96
bc7de131c11fe08e0311312624e2d752,1,credit_card,2,262.13
d4e42f9170131eed76bf87f17541bc48,1,credit_card,1,1.48
"8906cb0ae3ccbd4613940de05579b218",1,credit_card,1,171.40
"5d79d483f058dc640b8948650d14562f",1,credit_card,10,199.12
"082388d7ce9557ef064199ef978a8f3e",1,credit_card,1,23.19
"4191fb72d0d41e2814969339894ec19e",1,credit_card,1,129.25
"58a1b2dbc870bdafa3abfced8d5d9cc5",1,boleto,1,73.25
"02593f8472d9ab3c2620b1b46166c231",1,credit_card,3,510.65
"387e3755441d1da1712321040008a4e3",1,credit_card,2,84.57
"7de7d0f642682f06b2dbfd5a2e614ab1",1,credit_card,1,128.78
"3290506deecf9d593a1e7a295fa13dbe",1,boleto,1,71.47
"1b3d11cf9f92c0f7baf627ab059621f8",4,voucher,1,200.00
"5c6716058d09c774a733e192b5573e96",1,credit_card,1,105.75
a757a56d0e861a38647169019a35ef8d,1,credit_card,3,55.09
"86c25bbc1d16736365d6e747e71695f0",2,voucher,1,217.60
d294199ec1bd45bdb2e62cc7d678e100,1,credit_card,2,112.12
"20d4d7e0dd4c49e080b80042a9cb4b71",1,credit_card,3,66.64
"4e01c9b57e9b37add580871564686c4b",1,boleto,1,194.71
b708bcdd3889b8e6df7323fcb64bec79,1,boleto,1,41.85
"9949066ce492fadbb8392177ca22f2a3",1,credit_card,6,368.99
"1d9c55c6ee885e00633510da321b569f",1,credit_card,1,52.63
"4cb24865009af24b4fba1f3dbe0d1445",1,credit_card,2,192.66
dacce96767ea2ce331e38a5ebcac5f25,1,credit_card,1,103.83
"659dfd7d8ea316d3da0073a13118244c",1,credit_card,10,211.12
"6c483afc20c0d15a5d0d7d35e2aa6231",1,credit_card,1,144.78
"9f6176aa4bbe4b84f8d786f873be8240",1,credit_card,1,89.48
"110fb617059394261537548c8124ee1e",1,boleto,1,189.39
db2f0b731c53190c15527344d01f22f8,1,credit_card,1,38.78
c9d7ad27ee89c6573c6b71db9bac0118,1,credit_card,1,72.15
"41de3b8bbb80e2cc80c8d446a752d2fb",1,boleto,1,33.22
dbe8fba9c7020282d2cf4a214f28a256,1,boleto,1,162.79
"3438e39477d8c19d943ac5353b6e9f64",1,credit_card,4,49.24
"86094cf4e776979d2305a73969320bb9",1,credit_card,3,572.64
"1c860166a4ec1f520625c28e60d5b157",1,credit_card,8,129.65
f38176af08190044aef2fe48eb38365b,1,credit_card,3,315.26
"966f85d6e1a0628e2093a3d24b53805b",1,credit_card,1,93.72
"52f0252ece9cc6fa57f20b1f309ba1e2",1,credit_card,3,88.75
"73d34a2bf529090b8e28797f2169823c",1,credit_card,5,231.27
"1d8747e28d2a17848780cacc9b445280",1,credit_card,10,222.19
de667b5fad55b8d18285f1d32a4f5e49,1,credit_card,1,36.69
ac4e3339d0db86542d12bfd6fd5068e2,1,credit_card,3,117.85
"30b74a76659e17e592e4b869927fdcc8",1,credit_card,3,33.99
"823e1b55f87736972904ce20e4e90f0a",1,credit_card,10,486.58
"89de67358b10a57af46bfa348e4f5ec9",1,boleto,1,215.77
"369c055c7ea13627ab3d3100c5af3e8b",1,credit_card,1,30.82
"807451448a665b991d8608a4890e6059",1,credit_card,2,40.42
"9e96be941daa62b6b3eb0b074ba23a9e",1,credit_card,10,530.47
"88c1796abf705db4504c5e18914edfce",1,boleto,1,187.76
"6d4e74b6495388cdfde5999070ad25d7",1,credit_card,1,46.53
"6a94666b47f6006dda56e5edc10968a3",1,boleto,1,113.00
e2b182ec1154718a19aaa02dfd8c4722,1,boleto,1,56.49
"2fc9faf8c6b3ffe951029b8bae263bb6",1,boleto,1,230.52
bdf9c2bae94a8aed4105d0206d1e77a6,1,credit_card,2,67.92
"328f5ed22995509b59ff08c98fa22c72",1,credit_card,5,792.54
"878c411445b7128a9715f6f06ca14bea",1,credit_card,4,217.64
"52e5445828db681d83dccb33a15ecac4",1,credit_card,8,194.06
"1bde74ad752bde97abfa57a9a7461ff3",1,credit_card,1,62.00
b0e40a3e61447dd4231b10489ab96b8e,1,credit_card,3,73.34
"363c28b78897354ff4e126dfe41f2890",1,credit_card,2,66.89
e48b09695cacd2726aef9ef0e3730b47,1,credit_card,1,49.72
"982fdef4d624e5de5ab3906bee28fba6",1,credit_card,3,74.03
e8b79ed0b3aa49f3a28b6939a3db249f,2,voucher,1,44.02
"897d215bbe78c235bc0008784a15ac78",1,credit_card,10,1719.92
e39fd2e5443413710adca912ade28b4a,1,credit_card,1,86.15
"85590544453efd501d242d84acdf9990",1,credit_card,8,221.19
e2f3a90e59ee340336eda6e45ce3fb24,1,credit_card,3,116.36
"960470e088ef6e37d9b9dd22f2cfb57e",1,credit_card,2,76.17
"707c32742d844a6836e25e461d6b0e01",1,boleto,1,120.60
d0c4a5b064e0ec72eca6b1c01ade0181,1,debit_card,1,89.10
"36a179cea5792575e6b9682f13e44287",1,boleto,1,58.79
ac8f8a6e0d980aae7905fb9b3480078d,1,credit_card,10,295.72
ad0e80cb90ad456f01f1533e4cdc1f0d,1,credit_card,1,309.16
"19306838a9d7a11a82ea7656dbd2f151",1,credit_card,8,549.70
"4e26917edee71b496c27c12c72640436",1,credit_card,2,101.28
c6a5f76862a81e678914f832a7ac1e19,1,credit_card,4,88.00
a1591117909c87a7b784fac5b8434eb9,1,credit_card,6,60.11
"08204559bebd39e09ee52dcb56d8faa2",1,credit_card,2,103.28
"03fa4271f18542d22ecbb7eb41802ada",1,credit_card,1,98.98
"001ac194d4a326a6fa99b581e9a3d963",1,boleto,1,62.54
"198373b9140a1b8507f41535aa6344a3",1,credit_card,10,114.34
"607d3bb7a9446cd716e0fe3689dfcdaf",1,credit_card,9,743.57
"07d395244b58ce72bbecdafbb1b60ace",1,boleto,1,137.93
fb34958eef73f87fb9d50297c5cf14d9,1,credit_card,6,64.53
"519478e4bc7d1ca7d93f2fcd7f9e54b7",1,credit_card,2,24.73
"15ec221740e9cec424172caef8dbeeab",1,credit_card,9,464.58
"1888f26c742f0f49046de7b25b975fc1",1,credit_card,2,115.37
"9fbda7367628952bc36c3512c46d887b",1,credit_card,1,25.22
"62c7826e311deeddf387648c11f95711",1,credit_card,6,60.73
"8ff01c6b1f838f46ff9cd5cf116f7753",1,debit_card,1,181.41
c252ac96b969b3f1f2c4b266a7a98c28,1,credit_card,5,80.81
b3e51e0ed55ecfc735545f286635be5a,1,credit_card,2,64.10
"91003e3a687f6d045844de7b5f772608",1,credit_card,1,93.31
"7ef7d4f03d667e9166770e61047606f3",1,credit_card,3,83.15
c277b80337c0ca11cae04fe7280ed4eb,1,boleto,1,89.27
b240c1bc75d70d50013f23ca255b7ac9,1,credit_card,1,268.20
eabfb81cf01d772d65405ff27c793ddb,1,boleto,1,374.28
"258e4ed66ea8e2696f74f6fe835e7111",2,voucher,1,50.00
a00b62f3da02851a10f9dabf2708cfb9,1,credit_card,3,185.64
e2329b38dc9971f2fb0f8247bbb641c2,1,credit_card,2,135.08
"0f2bee3cf61b938dcfdf5cbc0bb2f9f4",1,credit_card,1,122.80
a139630cbe2c9106179e382ba9e9d517,1,credit_card,6,342.94
"9afd9ae98cb2fcc3bc5b893594ccf663",1,credit_card,1,84.98
"31f6c998a06ef0003c3355f042b8488a",1,credit_card,6,113.77
c95bc5d3cdd34cf9698e69308b545f48,1,credit_card,2,170.92
"954945beeb5990c532ac06d464edf931",1,credit_card,2,25.10
c41156a66829f82ecae077059c6ec307,1,boleto,1,141.10
"5d3e1dc4bcf34ae3292fdd4dfb5c65a9",1,credit_card,1,28.00
d744783ed2ace06cac647a9e64dcbcfd,5,voucher,1,1.47
c3c8c891f706a8256fb5da39ced6ceae,1,credit_card,1,139.52
"527b28dd1cc06cd5f5d361c544909a40",1,boleto,1,170.49
"042e14b2dcf81a8468a49c14d28036c9",1,credit_card,3,136.74
ed212234a6a31d41245df34b141e1830,1,credit_card,1,35.77
c6d7cba27932e1d0cc2d052db5a2dce6,1,debit_card,1,100.19
"7bb355355c075d74665d97db859cfb45",1,credit_card,6,102.96
"50dcbb2a2604b38d231b84bde3f62227",1,credit_card,6,86.15
"80f1a60aab67dd9a56cc211cf8874382",1,credit_card,4,157.60
"7f85fa1f7de6eeb7a5cce13ea6863126",1,credit_card,5,59.29
"08d55e35f34806d85f4d99b62297e578",1,credit_card,5,170.00
e9ffd60f9abb10647483bb6ef6f62989,1,credit_card,3,196.60
"2eae590e79adf4a3c3876767968770ac",1,boleto,1,82.13
"4f287ea2c7dbdf8e22d05ec70cc1b9ab",1,credit_card,4,173.77
"22aa0b4e8c7855fd8d534a7692579a36",1,credit_card,10,751.05
"9dcfd5e81815f361cac59d41e752483e",1,credit_card,1,72.39
"81342024c8d07f66fa2852d3c8d9b890",1,credit_card,6,158.73
"3ce26aacf28386c1f8913ea395e47c97",1,credit_card,3,103.55
"38b2633e32ebaa39b691f519f3e8b0ff",1,boleto,1,49.96
bf2df9a0853cf9f8556a586289f6a29b,1,credit_card,8,117.93
"64e32e79cb2d36bb6c9848e16fba6029",1,boleto,1,166.65
"6677dfc653950d84f87baab07c112a77",1,boleto,1,190.40
"3fb69957411be975a0316256df7f797b",1,credit_card,5,87.64
"77e866a3acbb6e6eaf2ffe9089313076",1,credit_card,4,94.40
"1af3db74a164e8f5aebbbf6a526ab445",1,credit_card,3,108.26
b67b036b220e4e3e118d03a1f536d10c,1,boleto,1,101.33
"19b6a2b67dc4c2f7cd5bad41395c42cb",1,debit_card,1,128.15
"8426a61c687c38a2fb35080413ec9eb4",1,credit_card,3,188.94
"852fab0ef8986c549194d5959498f160",1,boleto,1,22.60
d278b5de7264ce84ea98dc603be04661,1,voucher,1,32.00
"538d5b9c472ee5e0f766651adc2e016d",1,credit_card,1,42.09
d3c74bb3a5ee89d1802cc0ab53474509,1,boleto,1,76.08
b8602ecb5d10f27cd89d0e7b5a8ec2a8,1,credit_card,10,636.90
"8d4defaad3d1206dde5189a813b794f2",1,boleto,1,710.59
a27eb404169bf0159dcee550b59b9d5e,1,credit_card,3,67.77
"6de5cb2a6bbde83681d778ff903220e2",2,voucher,1,21.55
"35b93dcd988cc9e90dd933769bb196c4",1,credit_card,1,114.79
c20364e03cd232810a496d07ef593e3b,1,credit_card,4,110.77
"2ede9b5641146868b9e9307ac0457349",1,credit_card,4,53.68
bb0c66e312ff8cb97698f012cd92553c,1,boleto,1,65.71
f783f9fd0c31d9ae64335958eae7389e,1,credit_card,8,208.25
"8a6d1317935fc8ba385da595dd3bf2be",1,credit_card,1,124.53
ecfec80cd0ce1a66543b6bd5e278a76b,1,boleto,1,120.50
"0b3457e0c4ca3f53aed80917d932b787",1,boleto,1,829.56
"48fed69e8c28ac23a9d7f5631ff45397",1,credit_card,1,89.88
aa4634ff761133d98df37cc039021823,1,voucher,1,0.78
"63427723caf2bf22cb154f3d26951677",1,credit_card,10,118.28
e646fcb007accf97545bc0df54258f70,1,credit_card,4,81.89
da949b7a8b7e0bf3929ea6995148b197,1,credit_card,3,39.84
aa1849549928a6c6d3f8b27f1bcf3a22,1,boleto,1,37.73
e87543e4e7ef577c892735018fb134a8,1,credit_card,4,62.47
e94db86cfc0247d6bb6ae5f1307b4805,1,debit_card,1,35.00
"5dc67b2280a40b4fcf45ea52bc3b1798",1,credit_card,1,42.58
c0a8c5b9536ee81202e0c08ffd9abee4,1,credit_card,9,92.79
adaab7718f21c04f40290e5afb01486b,1,boleto,1,60.46
"30d5a8ce8a4195b742a8342c739efe91",1,voucher,1,45.14
b5451d0eb008a4475aeab937ab5f4e0a,1,credit_card,1,74.28
"1d9a9731b9c10fc9cba74e6f74782e8b",11,voucher,1,3.17
edfa87ccc6e7fe8e13ecd0250efc802b,1,boleto,1,187.53
"15ea43bba4b54f2d044422c7cb71df80",1,credit_card,8,81.89
ac14a1a3d8c2b071a150eb2990b5ecd8,4,voucher,1,10.93
f2a5336cc1662ad56b16f4ed6e4b2de5,1,credit_card,1,429.70
"587db1c1aa53b800cbf81582f39cc672",1,credit_card,1,50.78
"484e1ab05a56b8ad354e449200a41742",1,credit_card,2,270.28
"8c05fe795783a73c159dfddbcf910689",2,voucher,1,100.00
abb72024277f9d7ed4a0dec9cbe56e03,1,voucher,1,48.30
babf90abd65f41b5f2c55c4452048ee2,1,credit_card,1,104.72
"79e339edd187057a60d7cbe59df7526f",1,credit_card,5,181.95
"7ca0c3d9f11c42ad17afe165a1e0df4f",1,credit_card,4,242.00
"3ab9a6bf4d756738db47d0878cdfcf5b",1,boleto,1,60.80
c84f1a505efddec0e506e95d377d1e82,1,boleto,1,76.76
"15315b01f91360542649d0238fdd4d71",1,boleto,1,46.20
"0cfc5b8b63bf71f738f96e68adb96b3d",1,boleto,1,246.19
"503835e65064755671a55973619b9eb7",1,credit_card,2,173.84
"74d0cc035ccffc33de7a0ef8c429a931",1,credit_card,4,116.45
"135b582ac1ec8138d4f9f0ef27a7ba36",2,voucher,1,8.98
e932edaa6417ab9aba25187f8e6433dd,1,boleto,1,34.22
"74b3a38f8170c2d92a0761c89a584a7a",1,boleto,1,63.54
af6abe9c52e60044f9a708a55cb9b189,1,credit_card,2,1118.05
"336d43702a934d77766b523ef3308ba6",1,credit_card,6,590.90
"2dae216bbee4c8d68c31c55db7a98b71",1,credit_card,10,649.86
acf83f0e8fb878cb25197344426ed10b,1,boleto,1,663.93
"8373f5d7df6d9249999fd38f8513e6d7",1,debit_card,1,130.69
d6b18764545dfde7b5ee30af60e6fc0c,1,boleto,1,87.16
"91ebb37f25ceaa8a3fbac92d2e1711ac",2,voucher,1,27.14
f638d34835b2bcc16d7c6880954bc00f,1,credit_card,9,99.80
"626364b566711c4fb17291425360b470",1,credit_card,5,124.48
"979ace0e958f3017f51d2b3dd92d9c28",1,credit_card,10,460.86
"6337a3d6f20dcb1f58b07244dc92b759",1,boleto,1,65.42
d20ba57abdbb252ebfe1fad543a12751,1,credit_card,3,207.93
fc8cfb0445794a015aae85ee6bdcf12b,1,credit_card,1,130.01
fb283edffd658a4805cb0e8bd4642bd8,1,credit_card,10,367.20
"604eadfa781354090d53180d97b11dca",1,credit_card,1,54.06
"37dbd3a9ef03223ca93bad0442fd91ba",1,credit_card,1,47.01
"14a206c35ee9f241453e58a9b26bdc76",1,credit_card,1,188.51
"55a1bd51649b05cde9220959adebef9b",1,credit_card,1,132.60
"01bbf0fb0773cef52b4d6501e83162f3",1,credit_card,6,121.40
"16b0c0cbd2cb8d38451cde11c7692534",1,credit_card,3,96.22
"570804dc299e3fa393a39de3a62643fb",1,credit_card,1,118.86
dfb04e7088e5e8c05d7b8a21be219457,1,credit_card,1,140.07
e734700453d78cc2958b64b3b5613bcd,1,credit_card,3,91.15
"6a7dad3734ef2c19df2e8739e4ba0e77",1,credit_card,1,67.24
"4d95703047b8a80cf5796b7478900ec7",1,credit_card,3,103.50
"21196c30747231d579091396af990f0e",1,credit_card,14,149.63
ba41c48ea14a8b704c1645f32aedefa8,1,credit_card,1,41.29
"6a0353f4ad7ad24435f69ac334ef2be8",1,credit_card,5,133.71
"457714bcb907cac0b11252276a09f406",1,debit_card,1,36.01
ba4b840815fdd65c4facf5b75fe22d3d,1,credit_card,1,45.09
"5ac0d2c1229ba07ea5cd990360b21e34",1,credit_card,3,50.86
"87f841bad6e9f1d515f158ac10204c3e",1,credit_card,10,120.49
"564db6e83379512127bc60da803b4a36",1,credit_card,1,32.15
d7c3a90ab28bbb07e47e1fccdbae401c,1,credit_card,10,132.03
ac8a4565529310518da7406ddf01f8e8,1,boleto,1,38.01
fda5c50c453838651054465df87d595b,1,credit_card,3,206.92
"05739db46faf3be7dfe1b0f0ec37689f",1,credit_card,6,150.39
"8d13ee60237028c737907273f16eda59",1,credit_card,8,82.83
"30eb73d30073a32e71dd71315e9660c9",1,credit_card,1,43.09
"5d136bf14df35a987ca6ee6264518d08",1,boleto,1,44.38
de6385a70e9d74e2aa426dcf6d21c9e1,1,boleto,1,30.70
"5445faac2614aebf5d7b9435b1d71185",1,credit_card,8,87.96
cd472c4843f0157551fb2c99b21d3786,1,boleto,1,130.57
fdcca0e15a4d03e3fb89fb14664a3744,1,credit_card,2,29.59
e36d390b90de532ec095695e0fab74e5,1,boleto,1,70.72
c7e358703b2248a4ee0adf815936c2d3,1,credit_card,2,45.78
dfa3d848130b6aebe1af48434ed31458,1,credit_card,3,32.38
aff32ddeb1d4fcd7baa9d10d9b5941eb,1,credit_card,3,75.03
f2076489cb09f9d0f11c6a524022fad8,1,credit_card,1,27.75
a902114dd9904d0720db65f860a98d7d,1,credit_card,8,194.32
"2f26e696a07ce7c631264062c683b467",1,credit_card,10,114.73
"39176f8e4a96aef60a2f8df4431ae834",1,credit_card,1,37.13
f81872bf9ae3411093fd97c7f9d1b7e1,1,boleto,1,34.13
a3e4fb1d4c4c04deb731bae74f190339,2,voucher,1,60.49
"05d46826bd0fb605d6b00e30e9141882",1,credit_card,2,61.36
a0489f813262544cff043d56396759b3,1,credit_card,1,76.68
e3905e23c30d39e4c239cce9f353a67b,1,boleto,1,70.98
"809098f34297c9735dd68d0bf8571f98",1,credit_card,4,111.56
bb580a11981d17436d65e4c945b39124,1,boleto,1,23.24
c5d3fae065a8090bae39f4f34b14cd06,2,voucher,1,69.89
"9035877d2e93658af3491ddef9ce8bef",1,credit_card,1,63.82
"62cebc207886dce8b9f4460a1266bfdb",1,boleto,1,99.33
f8f0a2ea20c23215420ae3d9e7fa4f99,1,credit_card,1,52.57
"4b6661abf2da1932d74ee64f19a5ca41",1,credit_card,2,163.48
"369b845bc7aec357372149df304bd341",1,credit_card,1,34.51
"5cfaede08a76aca6dd951c717ad45bc5",1,credit_card,6,170.88
"4c0da64bca225f1212fcade3dad55864",1,boleto,1,63.23
"5e70bcf826ffb41fbf68e94ba929635e",1,credit_card,2,370.49
"324cc372a5790222f0717f50a6816df1",1,credit_card,8,86.80
c13a31bdadbbd5f75b449c0ad554088b,1,credit_card,7,177.86
"40e6624f975fba72e2ca10754a14e078",1,credit_card,1,32.03
e6ababa4e7ccd58b8bc7282d6bbd66e0,1,credit_card,6,125.77
"01bae920aea13b891b50bc1543634a65",1,credit_card,1,67.43
d29bae63f22f20cb3190869e57451e86,1,boleto,1,46.75
c22f2d718da2e903bc885bb2fb0c7ae2,2,voucher,1,16.27
dcd8f0cb152fc6a01d1f98726d00696c,1,credit_card,2,101.73
"01c2d2ffe8349c5eef0ab33e8ff1f41c",1,credit_card,1,87.84
"92822ff2220ab001aba01e753780cfe4",1,credit_card,2,103.24
ab22c4691e6a8528923de7a0b4236b70,1,credit_card,5,137.87
"228b82b829438b71d9b164c1a8cea481",1,boleto,1,234.41
"8981058485651cba8b7d9c332fd47047",1,credit_card,1,115.22
e9040c28c0cea9dafa5afac428715d4d,1,credit_card,2,76.08
cd4e72be4075838e5c15204603edb7ce,1,credit_card,2,195.12
dc48537f3fcda6ce650158bebd4ecc6c,1,credit_card,1,39.75
"0b2942062fff77e603cf4837c421e9a5",1,credit_card,4,199.09
"5739eb8dc1389c46e5ff8fc605a6ba44",1,credit_card,1,28.45
e5e6a20a4c3fbe6ee280c01f8fe279cc,1,credit_card,1,71.27
"05dc8285104a0f76f6e8d6b2ff9417b2",1,credit_card,10,144.59
ca458006762941e7a7bcca41fc9eb585,1,credit_card,4,72.66
"52984a3dc9ffd08f55fe620d03675067",1,credit_card,1,216.93
"59d51b78853d8f69413cee505d705ba1",1,credit_card,5,55.96
"9d7ab082d6d8a4b069683e5a77db1261",1,boleto,1,144.99
ef15dbaf1048212a36d11261a1feb460,1,credit_card,2,143.28
ebdd8f60c506c9990015a3ec68997ee1,1,credit_card,2,133.72
"4e3439f5dfa664c3a1dd0154a524f7cb",1,voucher,1,47.23
f4f3e2c1d55d36170f4aabf93236eef3,1,credit_card,4,48.99
f94b388e21753bb4b820f0f4436bbd8a,1,credit_card,8,82.59
"937e9317b5d8768bd5ddc9c81cd80f27",1,credit_card,2,166.73
e62d530c9b5d79b0b222e5a4542d71be,1,credit_card,1,33.43
"36cdcd48e9697951eef9c32ef39dc9f3",1,credit_card,6,616.94
"020550d9cdfb7110d07fd1a1f8937c6e",1,credit_card,1,42.27
"6851ec30263a7e8975ca52c3e0772a00",1,credit_card,1,58.69
dc1818ff094219ac82bf4d84fb6c6540,1,credit_card,2,205.09
"336c5ff2dbd044a07a070f20db7f0316",1,boleto,1,86.15
ac98c1e7867abeaf4f7f82343124ad8b,1,credit_card,1,19.68
"17c70949f9ee364f767f1f54395597c9",1,boleto,1,53.01
"74cac755eeb7be9b59c009ac2e5b3241",1,credit_card,1,34.69
"31ca199ff8e0748b9d065f1bfa90450b",1,boleto,1,56.69
a3cd25ee6734965d0225d794eb920718,1,credit_card,10,115.18
"897702f9f3fe72f18863ffc09e7ddef3",1,credit_card,3,263.04
"278ffae8d541775ba53338a54ee391a3",1,credit_card,2,57.82
fef88a82df9affd47bdc67a4c8bbe4b2,1,credit_card,1,94.30
f92433147728892c780115a18706574a,1,credit_card,2,309.70
"56a4e1d3a1dabc4fa83466169b0a18d8",1,credit_card,3,138.28
"0e7e841ddf8f8f2de2bad69267ecfbcf",1,credit_card,1,37.77
"148faaf4575a416a7f739d55db63babe",1,credit_card,1,53.99
ccf804e764ed5650cd8759557269dc13,16,voucher,1,1.07
"6f3b34d75d61bdd8ef79ba590a88ba5b",1,credit_card,2,105.06
ba16a6de753feb4dc0a6716cc3ddf951,1,credit_card,1,52.62
"64e19c385c1026d61f22cdf85a0b42f8",1,credit_card,4,243.82
"758fbb6d7ea877ff4005851bb75238c2",1,credit_card,2,25.83
"526ad2823ac462d2de62d9747db765e6",1,credit_card,8,871.19
"8b2acbdda33cff697b4195044ba5200c",1,credit_card,1,36.09
"83aae23d3e3e6446e3dd43b893082a71",1,credit_card,3,43.00
"2eeeaa9c6fffe79d2ebdaa43a53f682b",1,credit_card,1,139.86
"847a065b23a7d02398792f10f38a9b12",1,credit_card,5,598.93
f62bcc40f1e01d7e8a16053541c8b8ef,1,credit_card,1,31.00
"5f20455f0e74de9eae30de410c811013",1,credit_card,9,92.87
"833e4c18609b9ca1d6c79b3b108fc19a",1,credit_card,1,206.74
"2548aa48f7db62d5579e7e20ae85ca03",1,boleto,1,138.89
"53e02bdfef30ece7b783369568037bd0",1,boleto,1,60.86
"16122f8c266bab7e444b39ecba27c9db",1,credit_card,1,60.00
"5045e4e69c4ba90bebf92266670bfeaf",1,credit_card,2,127.41
"9a209e12ca9ee385ad1ce1510ecfd6fc",1,boleto,1,32.29
"0e2f9761d88e4ddeabc283a1f3cfd914",1,credit_card,4,46.69
"1aca9e580244f9953137f85a9eb5d143",1,credit_card,2,95.64
cffde0f0482fa704a6b0e543f838cbbf,1,credit_card,4,371.59
"082da800c206687336a039aa7269d303",1,credit_card,2,178.90
e7645f2073cac65748cf53c69d5abea9,1,credit_card,1,67.50
e40ab8f901bb919f04246d31ab76970c,1,credit_card,1,170.85
"86d0407492e51a6150dfa8883cbe4094",2,voucher,1,17.95
"89d6544684b9cbacd492feb38abe4fe7",1,credit_card,8,643.34
"8bd12086c17f907dac130fd1c5f653e6",1,boleto,1,38.59
ca98a7276eda33f339281b1eb1828d64,1,credit_card,2,124.88
"8a03e73a80b701470a167fc0291836b7",1,credit_card,2,70.75
b4a08789594a9cdd990a4540d4e7efe8,1,credit_card,11,116.95
"575d1ab8d021ded6ab9bd7340d7b7b42",1,credit_card,1,103.83
f7411b386b99ab297f888848be4198a6,1,credit_card,4,57.23
bd7f6df012ed820ea52bf7f46da3026e,1,credit_card,5,104.61
"95ef5243238e7b30c38c33fcdf05331e",1,credit_card,3,35.56
"984e03738ab50cbe683fc484c809d5ba",1,debit_card,1,213.47
cff56b4b6ab1de09fcdd6f4efa0a0fc0,1,credit_card,3,192.14
"9ea64f21920bb6b6972cadb024eabee6",1,boleto,1,166.73
"24a36fdfb713ce43bf2b074fdc339995",1,credit_card,2,114.33
"4171f8b589ce09c1ea19d8d625777989",1,boleto,1,29.46
f49d6ccb4f36a6204ff06cab948d268d,1,credit_card,2,144.76
ae7c4721024efe600df6ac3fa7e52c58,1,boleto,1,263.80
"98fe01bc254b759c1f2c11d77c2891d5",2,voucher,1,49.06
"71ba7b3f5aca19e723b21de8b67fc3a3",1,credit_card,1,37.48
"0ab3d92f71090c758d1df7ff889a9335",1,credit_card,1,15.09
"8af74b9528c1d75ba1b3e3dd0af6e9c0",1,credit_card,4,145.67
"199bd4c4070dcd4d99f63896213e032f",1,credit_card,10,144.11
b043c164d2bb303491fd84e4b86e4189,1,voucher,1,121.00
"95eeebdd8bb3067104f4e673d2d5ea73",1,credit_card,2,111.40
"481d2cbce45c1d2281aead91bff6dcae",1,credit_card,10,155.14
c3c928dc0f48fd00aa7c7156f777812d,1,credit_card,5,131.47
b205be748c20bcc61ef49cb39437895d,1,credit_card,1,50.22
d9f44613b4dc08ecd6baa55f2fd5aeed,1,credit_card,1,40.13
"1c42ccf6b3984742a3eacfcf23b4a67b",1,boleto,1,105.83
"382fe4c08d9dc3aec94cd1aeca20b992",1,boleto,1,44.24
f95884da9f9e2df5d430f7e289b3c07e,1,credit_card,5,160.05
"26e151776de74222baf9cf13a8ef9b74",1,credit_card,10,219.64
"4243bef9583d689a9c8fe6f055cef332",4,voucher,1,25.05
c3c35f2d43a0d5fd996de1f3b77ffa0d,1,boleto,1,66.05
cb5862fa6e091fd9136288bae0999db3,1,credit_card,2,45.61
d568db372124bae10404acba43558652,1,credit_card,2,52.59
cd4d00f4cdfc2365a398924baf0defa7,1,credit_card,3,153.72
"85008a8fe3cde72dea5abbbc2be0a2f8",1,credit_card,1,46.01
"38793c3d7ddaedf4e05f8fe9ce42ccf6",1,credit_card,7,250.91
"7b3821e2a5cb30052dde08403418c349",1,credit_card,2,116.66
"3e27135b0c650634ca397ea4c2943e1e",1,credit_card,6,229.79
"667d3f09efc825c4155dbbc820f01666",1,credit_card,3,675.77
"85dc824b1242cdb72addcef5b3ef4233",1,credit_card,1,128.06
cb5ece4890234f69f2371e3179e42f73,1,credit_card,2,198.54
"87aa53fa9466f416f97e7d380fbff012",1,voucher,1,988.48
c08f913d8edeabde7839e5b6a953ecf3,1,credit_card,3,82.33
"3a8120ab24d55fb6df380a431836a916",1,credit_card,8,227.01
"6b24cf0591948a0a949ee51131cb78ad",1,credit_card,20,1221.52
a0d9d006e35f0bcdcd62b6a56157ae3d,1,credit_card,4,47.74
"18a83c7532fc2dc3a10fd55ff3655588",1,credit_card,6,133.35
"6c592894a10d4bab518bf4aad80515d8",1,boleto,1,23.42
ee249867fcd2a7c11bfe5fb64f3bbc67,1,credit_card,1,57.51
"659c757231085ed35dafa16a50fa16e8",1,credit_card,1,822.07
"821ab83aee62992191306118d37fcb3c",1,credit_card,1,107.92
"501682cc04eeadf3d0bc64b399d78b5d",1,credit_card,2,28.10
"9069cf8008a940efbe703ea943d271a5",1,boleto,1,39.87
a95233889b00b4d7f6e1469e15bbeb1d,1,credit_card,4,178.54
"41948e7b013201d8f4f7da938bfa7fd6",1,credit_card,2,75.68
d34bc7b7a591c761f1d10baefcc86644,1,boleto,1,70.12
feedcd6c137912c39c2201db700def89,1,credit_card,1,164.34
bf321eacd8e3dad568b84111dc820e55,1,credit_card,2,41.19
db6f3a04842dc0b863498c5d8534ae73,1,credit_card,6,60.59
f8329ba7a0842d0bbed2f8a882fe442e,1,credit_card,4,84.14
"6ee28fa78f78388cf8ea12df0dde9f29",1,boleto,1,27.75
"55207ad1b8a7afec37d6132f6db7fd1e",1,credit_card,1,102.59
"0c4284c2b4798ef2f308a6748fa63dc3",2,voucher,1,86.75
"5e8e7ebdd5b541e43630e5095c5416a4",1,credit_card,8,252.44
"01835ef41c5ac66dd9ec6084fa1d0533",1,credit_card,1,72.14
"907eabc0a9a6d9ce32c146695b677a6c",1,credit_card,1,42.63
b07c9c5d4b4b96db91b933d31bed5248,1,credit_card,3,31.75
"0101aea69a09e1aa32caa6dbaba98503",1,credit_card,8,94.90
"1b5c359c2188ceeab2777c0d27e7c343",1,credit_card,1,67.43
"945b63b1a39c18a01b5c023ac4abddbc",1,credit_card,1,104.13
"5eca574faaba7961b0e3f7147f20b658",1,credit_card,1,150.87
c8780b46119fa8bb9fec37804082187a,1,boleto,1,37.86
"30f610db02d0880c9687dd1edd8b8710",2,voucher,1,50.00
"286dbc475e52044b50f115b01621cd64",1,credit_card,1,56.20
ab013cc9a51ed2e31f9a0e775f9c0ab5,1,credit_card,1,134.57
c36b97b242c0409d5f536b647b56256e,1,credit_card,4,216.64
"870262a84754d5ee151a8be2554a5bc6",1,credit_card,7,164.81
bccf051dcbdb40d7aa00e84a00b169e6,1,credit_card,3,121.87
"8304cd42545c641d13b9165c7028c85a",1,credit_card,4,294.31
"8afada74ea69f220081870b340ddde98",1,credit_card,3,161.37
caac03dc57366d1423cbfe4bfcd8d18f,1,credit_card,1,92.57
"5e0238f4a57ea0c2a69aad35627b57f0",1,credit_card,2,68.78
"1cc21285010bbdedb27bdf5995367df5",1,boleto,1,201.74
"1b3c6f127c67654015b4f2a7b882ec40",1,credit_card,10,670.77
"303cefa0f5b9ed6af793756df252eff5",1,credit_card,3,225.21
"88e8f243cb82b7e343068eb8073f388e",1,credit_card,1,56.56
"988551bc1edc4b81a7e98af061a60228",1,boleto,1,67.76
b1b7fb18867782ce1a5d931650b3ee5a,1,credit_card,1,54.07
a8bf3c34d62fdbb261cda157deee9b0f,1,voucher,1,147.15
"837d0f47af4d0d6a1e3fc98603bd48ec",1,credit_card,4,270.85
fc501e42339fe22bc9c45d38c3cbe4ce,1,credit_card,1,59.68
f33d100d9bb7ea621d3a62506f3fb0fe,1,credit_card,5,111.89
a02f84215d0352b46e21cd5c8bba24f8,1,credit_card,4,84.62
ffe3153dcf1c03911848f64ed557764b,1,boleto,1,287.21
"0b768de519ebcf7df252618626554733",1,credit_card,8,667.71
"14f737727f2b0000ca63eb288357c13c",1,credit_card,1,76.76
e5e12a01a9496a4f4768f75ec5292056,1,credit_card,17,170.00
"34fad2c694d4b57ef78b164a097cf817",1,boleto,1,617.94
"4bfcb457c14b3efb2b36fcdf7b2c2577",1,credit_card,6,188.07
c7f9d26b8af0469ef75b9f5acd3b31ad,1,boleto,1,30.68
faca9e4481d72f438626ae69cf2bbaf0,1,credit_card,4,236.55
c42d511bb52d7f195c92a0c973109976,1,boleto,1,480.62
b8edc6668eb315d1b730348cac5e9520,1,credit_card,1,173.66
"1534266375dc7e304dd7e81942cb25cd",1,boleto,1,252.53
bdbcb0e21f0d85538d17911900b26610,1,credit_card,10,1119.90
"63a4d7a71c43e2f008340552233931ed",1,credit_card,1,38.64
d6b655645db45dd1b22bcad86e108278,1,credit_card,6,120.87
"02d3eba685e8150e0e3abacd9c230642",1,credit_card,1,38.39
"023faf5fac58639f7cf53cb7dd219859",1,credit_card,3,85.74
"2ad6335dcfe920814c1cb0404c2bbbf4",1,boleto,1,98.34
f625767e8c7655c497c96abfbc1d7771,1,credit_card,1,44.09
ce890faac8e2e4bece041845501ac3a6,2,voucher,1,17.43
"55fa1be4d71a86a2d97e29c2b65af3e0",1,credit_card,1,173.85
"3503ca07647fc40291e999ca3e3ea490",1,credit_card,5,56.59
"46081612169925ef8882b3bbf1c5011d",1,credit_card,2,146.93
c33847415203d145000463a6976952b6,1,credit_card,1,471.40
d5ae5d1e79f681da04dec1b4274a0f6f,1,boleto,1,54.38
bb2f49021e639f2b351a01ad37f5e49c,1,credit_card,4,208.81
ac8f8ad86c151ccd10a699a6a153d6c5,1,credit_card,1,86.73
fe11e7a52ece42d51b5e36aeeec40922,1,credit_card,1,51.69
"4c08f008753759d67d8ef45942f1a891",5,voucher,1,39.41
d003f1dd8a01261b3625598a4554f4a5,1,boleto,1,401.30
"475681bb16b5cd2f9120136f3ea950e3",1,credit_card,4,128.35
"8508c8962494e9606eb5eacaa61c22e2",1,voucher,1,15.02
dc32213e0063284eb5f3bdb81c9afbcd,1,credit_card,10,123.18
"137264e02b6bb16372279951e7258ec6",1,credit_card,7,75.07
c6981eae927738695c85c3528192c98b,1,voucher,1,123.50
f56dddd5a49e282a2747a25d6d7d1bf2,1,credit_card,1,82.02
b7d634bd1c1830e08588eada6b49fea7,1,credit_card,5,276.47
c5d3cee440eb83e631a641c4da2ef16f,1,credit_card,1,125.70
f5d086ba1ba04aa3f5417e0b6961348a,1,boleto,1,160.53
"8d9aeca18991202d1a10f82ce4802dc0",1,boleto,1,51.04
f948e30320e56a553862b62e5ec37efe,1,credit_card,2,235.13
b9834f31cd639800af7f7186144695e9,1,credit_card,2,36.77
a50c2fd61e48768d42124c4b1477acb8,1,boleto,1,147.78
f64e0c79388204f645a4a936b90feeb1,1,credit_card,10,146.68
"5043c2e9366f7600db60c67283a20260",1,debit_card,1,152.63
ad18d4d14b15eb7a3c5270067c1ae24a,1,credit_card,1,21.62
"8d1daca67652606d9d9f175aefdb81e4",1,credit_card,3,178.94
"742e1bd3f538113e55f5bfbdf5fbdbe0",1,debit_card,1,126.19
fb58bfd81a8521707b1bc039498f79fa,1,credit_card,2,144.56
"0143924743f240e1fdcd6a8918fbe147",1,credit_card,3,111.89
eda8ab7b9c9d5e8456d446ad54339c2f,1,credit_card,1,30.27
"512485d4e17f424aef2b67cb443172ca",1,boleto,1,116.62
"31dccf9e7042d47f0c7e77a6952d9ec6",1,boleto,1,67.58
f7f1e7aa2dda713297141d80375e9509,1,credit_card,4,214.38
"79617f3124fcf7a760316d99421bd30f",1,boleto,1,52.95
"96bd9c3ad7366522a8a0ef40301faeb5",1,credit_card,4,197.64
e6644b4a8ee7cbabd5f50b29eb478cf4,1,credit_card,2,92.57
cb8ec27d37e47fdbc81f78fe926c7dbf,1,credit_card,8,606.57
"48c37ee80e51a60b382e320467cc9d37",1,credit_card,2,111.92
"1a46001e1aebe58323d90a0d62d632a6",1,credit_card,1,57.29
"490f7da8ce3ca75b4405e631eb3703d7",1,credit_card,1,34.68
acc49e9dd2387ecf0a331d12c5774d52,1,credit_card,1,313.22
"3829f15c6412e72045f01b63e798d413",1,credit_card,1,8.37
"90141430d83cd8c4e59b6a4cc206daae",1,boleto,1,174.24
"543842af6f788d8bdaf1b1e63c0d3da1",1,credit_card,2,167.50
"74c2f1a8063baecde689a28b1704993e",1,credit_card,4,423.59
"9ad9351ae71f76e5eba268bb2f667959",1,credit_card,2,133.48
"0618bf2e52dc2aaefd882d186558e642",1,credit_card,1,78.28
ea2568234ef491f3b42d83e8bc5f06e7,1,credit_card,1,87.42
b9fa782d4918580e25b6e3b516a55710,2,voucher,1,25.79
da792ccf2fb581023240f57c7ad5c14a,1,credit_card,2,40.79
"225ab782cbf978534e852f511cc46fd0",1,credit_card,1,45.95
"53802dd14f00658bd63315e41be39610",1,boleto,1,134.58
"68563d59274431d3b5c6e618ed8504fa",1,credit_card,2,91.05
"72a1e974343720f13da41cea61752c70",1,credit_card,7,190.48
d8efabfe9ad61f46b19449da5215e3f6,1,credit_card,1,482.72
"598788f17f3dca25dc5a133e532c4281",1,credit_card,1,77.66
"0c87dd1621990a460672f431810cb35c",1,credit_card,1,163.47
"01c1f3c10d2641a10cfd97ffaac0b3f5",1,credit_card,9,95.64
"7859b34c6e7f3afe12f010b2f1d997b5",1,credit_card,1,70.83
"17c1ae37e6e096d8059b53c96a21ea9d",1,credit_card,10,117.94
"16378369550d1c3b2b2d3c817db399c9",1,boleto,1,208.64
fdceee4138051eadf4b167a7fb5b2d8e,1,credit_card,2,33.72
f79d45437fabc8818adfc625ba9bf526,1,credit_card,3,38.00
"5b8b4d4819cdb1edb181f172f6cf9a2c",1,credit_card,1,189.37
add940502d0460714892c63cc13c07eb,1,credit_card,1,2.07
"97402aa8a8f224eca96029fe80d2286f",1,credit_card,1,130.40
"5c5dbf7439be3806b599476ff0264276",1,credit_card,1,207.57
"71f2cb6a79279eae67ab5e770b2c2053",1,credit_card,10,116.96
"877c56a87d1eefa29773ebc703954287",1,credit_card,2,103.45
d025ee065bc1ef9e329d049e64d06ca8,1,credit_card,1,26.09
"88fc6bd429f0b065b3c80ec1e323c890",1,credit_card,2,57.78
"70e534acd4ff3f46956f7b4b36418474",1,credit_card,1,79.14
"7f0cd5312c451eb0b746d9e0617e57f9",1,credit_card,1,162.03
"4d06a731cdfaf790a65798f65ec6ccab",1,credit_card,6,62.76
"2853618de7610a6cb28d21b99bbb4dfe",1,boleto,1,209.21
"81c53fd7fc60655da24e455974b880ce",1,credit_card,2,66.96
"977649a07fb7be354cc39d9a79ee83e1",1,credit_card,5,861.24
db1de62685151430c248c3c03b951156,1,credit_card,4,209.91
"04c35d9b971c2df38635b6c4a1983c35",1,credit_card,1,147.42
eea6beb3e8f3a7eafaf03ea844ae6021,1,boleto,1,367.20
"18050dfa4c5ef22446a2068184b7365b",1,boleto,1,40.60
"3f5c39e43c1ec1232676e88090d48fe7",1,credit_card,1,161.17
aa7c3f20fab2d3cb0f76ab5165e47618,1,credit_card,3,35.10
"66460ca7e4dff034a9ac0ec80c7fdea8",1,credit_card,2,83.02
db8d02df9b1149df5c94b9619ae11e4b,1,credit_card,8,106.78
"15246ee2b24de92c7666519d10d4332f",1,boleto,1,148.86
"839990d3678a7b463cd0f5c2f549a79a",1,credit_card,2,51.69
"4aa1a55da45bb1b3b091aba5f4e37783",1,voucher,1,51.72
a5dc44fe023a6153b7b9df59de5762b7,1,credit_card,1,107.96
f642a23f1bb1153eeba8cc4d86a05b97,1,credit_card,3,254.96
ebb84f02334991a573fe0a654f19a056,1,credit_card,5,135.82
a08a716f7c4514877f9f907aa11294a9,1,credit_card,4,144.86
"2884411103e7fe124af5df8b85a8fb7b",1,credit_card,1,73.44
"096b267153128e0d7f9e593bba803956",1,boleto,1,85.18
"127b492558d1b28fa8859e45539a981f",1,credit_card,1,41.11
b922c642dfb5ebad3b03394bd2ac0b61,1,boleto,1,30.59
"023dec08929b8cafa8028da5e6b527b6",1,credit_card,1,54.29
a7812cdb3ea9fe478b52292849c0c261,1,credit_card,1,33.48
d0f0ec7e22ebd766e50d03a17652d61c,1,credit_card,10,349.57
d8f9df1fea3171b46193d6a185d1fec9,1,credit_card,1,58.69
"728bdd52f6c0ce9559950e2486289421",1,credit_card,4,89.91
"73b0a27c2caa16da9500aeeeebe1260a",1,credit_card,10,646.16
ba2010e1e6a9cdc09e6699cc6ed48a1d,1,credit_card,2,58.44
"4b9cf74b2132266bf6d3342a77342433",1,credit_card,3,72.35
d0fc18b01244d3a08b0fd12deede8201,1,boleto,1,129.16
a87b1e2e028f2dd7b4f77afd0f1da268,1,boleto,1,82.32
"526727d3eceb0478770ba8f8497f2037",1,boleto,1,34.00
"68126438e25973e9d716ab0e2485ae05",1,boleto,1,28.79
"96b8b6e55e0d6d20bc63d7a6b6633510",1,credit_card,1,77.32
ae6554cd477d704040e7a5ddb5a72886,1,debit_card,1,176.65
"669e4a462a754fefc4473cfa2ef442dd",1,credit_card,2,29.38
"4a95fefb52a7a5a0d882ba840d33954d",1,voucher,1,4.51
"2ca1528ba222dcef1b182632376e53a0",1,credit_card,4,690.68
c7d39a7f0c5d83662fa4c587f21f5d82,1,credit_card,3,34.71
cccee2922028e95f2f29aa1fe0c766c0,1,boleto,1,66.69
"359a6c8d5dfa54332e03367d0da42034",1,credit_card,4,99.33
d178d91e51bdffa31e6832529317771e,1,boleto,1,162.83
a9eb400090d9995d02a1936a6f1ed627,1,credit_card,1,64.10
"3c082ca49aaf1923e87b34e1375a1413",1,boleto,1,52.83
"6e07bd59206483eaf297df6587e1ef06",1,credit_card,3,188.75
c3d9140aabd7042153131a1e69fc6bd9,1,credit_card,3,118.38
ebd997c20fa6011d7d198f1d8d13572c,1,credit_card,2,137.18
"4bfcba9e084f46c8e3cb49b0fa6e6159",7,voucher,1,50.00
"17da1f6aa478edbbb6039871c31b40b8",1,boleto,1,162.85
a61449ea71960d5092cbe8762cd53620,1,boleto,1,84.12
"02610d88ac343ed64988d2706ce3ebfd",1,boleto,1,43.11
"7ccc11577ae58791fde9fe83f4c7f106",1,credit_card,2,161.30
acf1727645a8acc35c463a98c6cea8c1,1,credit_card,6,380.97
"7582b8c10039cceafcfe7b13e41a91e2",1,credit_card,1,40.00
bb04237dd8964e0983c1d0bc623dcfeb,1,credit_card,3,171.43
"29378d5129c88c97f152331affe2ed00",1,credit_card,1,39.43
"376ae7556f341edea2995422a5fa74a6",1,boleto,1,181.41
fd8c19c45239a0a139f809050de68c88,1,credit_card,3,196.68
"50ab8a54c2060cccdabcf4ad996be719",1,credit_card,1,78.30
fa3c3fa4aaa5d4ca8cdfdd7daec909bb,1,boleto,1,133.86
"9100392359831349697f856cf248608c",1,credit_card,4,108.88
"122e2899f5b25c99d52cece91999b676",1,boleto,1,66.82
"924482525801c274a1c8e5d4a2f15725",1,credit_card,1,116.25
"16b8c07980cc1e47a31ebb35d9222807",1,credit_card,1,580.07
d0a72f8bcc1f2045167eaa548647e77c,1,credit_card,4,222.13
ccf804e764ed5650cd8759557269dc13,4,voucher,1,0.99
"32335927ea896fd9993fa6f6715e1605",1,credit_card,10,195.43
"07e4ea9fe9fcc49b673d7d3197b5da23",1,credit_card,1,288.52
f803879e0bfd93a6599c19a3f2b4b74b,1,credit_card,1,73.34
ef6cae0913beb2c708d2305fa7c2764d,1,credit_card,1,17.01
"6c913991aedb5977cece1b1865cab730",1,credit_card,4,49.69
"5f8cff9210fbe5a642d0e05b4bc974e6",1,credit_card,8,89.17
"0d2b97cf9a17b4e44a12371fa7536c1c",1,credit_card,2,65.48
"76fd5bb49ba9bda8891b61cf1b45f0f2",1,credit_card,1,44.23
"05593bfa78dd87f8fb6d212a614f4b23",1,boleto,1,67.44
"9099fbdbf8ce8489a7546442a0881f93",1,credit_card,2,139.69
bb031ba8af937e390196eec424b41798,1,credit_card,7,77.16
c6512da3ccb5263223de71b8888d4db1,1,credit_card,2,211.41
"3263e5243c28ebe706f7500cf88054ad",2,credit_card,4,369.65
"4e7994addb0e4622199601af5b9c9ed3",1,boleto,1,49.00
"4f68ed0836136db8064bf34ebb1965e2",1,credit_card,10,138.34
f2b12679297e36967f32d0f6d776a23c,1,boleto,1,121.38
"20fc41b5546587400e8ef6a97936ed06",1,boleto,1,173.67
"360e4c361e56f19fc4093559b59b4bfd",1,credit_card,1,93.82
"61c136fddac571834516a52d2e03458d",1,credit_card,5,55.86
f8a8d05d951ce7e359dfd0c67f1de017,8,voucher,1,0.85
d2e4ad2926dc435008abc29210ace9f3,1,credit_card,10,102.71
"1a358c4ef8c7d066e7e526670d486f3e",1,credit_card,1,117.16
"528a225a7a04e41feb56cc1cf5fd5824",1,credit_card,8,411.21
"150a2a0e81d701cf7dac37b86e5235b0",1,credit_card,1,53.61
cf101c3abd3c061ca9f78c1bbb1125af,5,voucher,1,8.46
"98cf2992d3cc12469646a6b42c49d0b8",1,boleto,1,260.43
"8d9c0dc8d5a2ce804f6b925d8f8e6c1d",1,credit_card,12,293.89
e8c3c6c26df91aea7618de51cb6825f6,1,credit_card,5,229.68
"90a0bd8d00c4afbc283188ad3e9448fd",1,boleto,1,59.83
df019bb6f0973ea1ace7dbb1568c364a,1,credit_card,10,118.26
"1230f41d95a6fc74a51d388e8b1e8810",1,credit_card,1,210.40
"31b7099f02dfb1ef54bf9b3c44aaf417",3,voucher,1,6.71
b5e50b7fddcc5f12ecb97b4d5f455f61,1,credit_card,10,202.76
dba5062fbda3af4fb6c33b1e040ca38f,1,boleto,1,137.60
"3fcbf2059f4b76ed137fb591f6e826b4",1,credit_card,7,140.87
"1a068234f392ae1781aba7a3717d560e",1,credit_card,4,285.48
"9b75e748f5f63a3cdd0c302b591c7507",1,boleto,1,137.01
cb837ba275cf8ffa9ded7e18f7743b49,1,boleto,1,101.44
b6ee8fd94e6974591db72e75b17b2170,1,boleto,1,118.43
"25a04f7590fe68b84a1812d281ef019c",1,credit_card,2,60.85
a6840c3c8bb056af9cce2e2ea459769a,1,boleto,1,52.69
"5bc3203b0e60b48478c1a0d406d8e764",1,credit_card,1,67.81
fb31bfd260ee565cb546aab5a4a28803,1,credit_card,3,222.62
"7e4583a135b2fd828ba6ec2c4b5ab034",1,boleto,1,186.52
"4ac4fb9e257eb00d2e54d539aacfe9a7",1,credit_card,2,132.82
"6a346767428dbe844fc5dc660510bc45",1,credit_card,3,106.96
d368ca1b5f6b46bdaf14b7c0cb5e40a1,1,credit_card,1,29.83
de93801862c37117070ec2e1534a1b23,1,credit_card,3,34.78
"1fa40f202d5d233b6491e976c557b822",1,credit_card,1,50.05
"51e0963a3562ca3d9929bf37f3f07b2d",1,credit_card,1,92.87
b5ce347cd62af1116c46cef624970cba,1,credit_card,1,42.74
"91e573f4d0f3c29490414ff2f58a423c",1,credit_card,3,132.82
"2f246ee329fce6932458bc7a10625d2a",1,credit_card,4,41.69
"5dc1b2e0f095ca11805bf922de55eb4f",1,credit_card,1,113.35
d904c8fc4955920c3cdb9a2681648f3d,2,voucher,1,3.89
"44f9d1c2b55cc4c403da0524e3d727c4",1,credit_card,2,49.36
df27238d6c9c6613d769db297c4f670a,1,credit_card,8,771.78
d56564f21e612a588607e9ffb39b9d21,3,voucher,1,15.40
b26c6acc8c35be3c77bc80d959adaadd,1,boleto,1,142.92
"21c24f8f2452ec20a5184abfb269c35e",1,credit_card,2,57.51
c54a7eec3c60268882826057b1f7f31b,1,credit_card,10,179.30
"9c23c5e00db2827a08ee53074a3eb60e",1,credit_card,1,33.00
"3e1aa6b604244eeffb1ca2c6205fcd22",1,boleto,1,56.77
c9ad6eb320a7ed6a0a66b48ed02429b3,1,credit_card,1,152.32
"270405232941d7da4e2b02fb8580f571",1,credit_card,4,119.45
"8132a60205ed37c702e8017466cbd218",1,credit_card,1,94.59
"047ac23902ffcc68f3106db4f2e4338f",1,credit_card,4,153.31
df450661c1fd00e751bfcdff57c91082,1,credit_card,5,308.64
"402e0a2ad64d2f2b8f0d06d436789aca",1,boleto,1,317.88
"13f33384dcc1bd99cabcc96a491fe5e3",1,credit_card,2,116.61
"727be733cb840c05e9fc14028a1892e2",1,credit_card,4,477.77
"87d439e33701be5b1e607849115ebf5b",1,credit_card,10,279.17
"1df3e6364beb175319d6e20f502f550f",1,credit_card,1,27.52
e0aee1eb2d57773753d8744277ddf472,1,credit_card,2,98.23
"8fb4e4bd46f9802e9179726dd20019a5",1,credit_card,7,363.07
"619d32010fd4ff5df842c79c8d2dee26",1,credit_card,1,77.68
a7c5388d858597ae7ca4e4a1dec8eeca,1,credit_card,3,90.76
"142eeba51d5c51103a3b3ce464e022ed",1,boleto,1,196.01
f815632f08e4f2b7b05794c0b4c60a74,1,credit_card,1,31.33
ab85b219b698a7d569995ee1ea9b76fe,1,credit_card,4,54.66
"913a3be1eecf771ac6f66727e2b9f312",1,credit_card,1,47.58
"9125faac1b379b7b9ab4665189739e31",1,credit_card,4,845.51
"18972fa50ade81fa4f43586d2a26992f",1,credit_card,3,512.87
"1aa7e7505275a3ce08be4b00f1d7a16d",1,credit_card,7,116.83
"069b0c9fca582b429e998f512a4c898f",1,credit_card,5,188.34
"3a5fc5a4374b66b42bae2135cfcdf9e2",1,credit_card,8,176.09
fce5031b8cd60863c55256f9d930d269,1,credit_card,5,91.66
"8cbe9120736aad9c8fdbf431bcd16e5e",1,credit_card,1,38.62
"926f43ab78d2296edaf16b2a06af3078",1,credit_card,3,173.22
"42e548c44f26b8bd3f4d885fcb0d88a4",1,credit_card,1,108.29
"38cea9cee434d8caeca46e5b63002eb7",1,boleto,1,212.25
"0a80da8a2e86f5f401c7514602bc1105",1,boleto,1,63.96
fd64b6e4f72f238a3462a975c6bb6644,1,credit_card,4,89.17
a756c394e02e7cc83cbcc594a969bf59,1,credit_card,6,631.46
e8b733ef6cfc7789f508ec9457122f42,1,voucher,1,29.70
"8773f85e9426581a87796b56cdd8eff5",1,credit_card,3,68.22
"5820a1100976432c7968a52da59e9364",1,credit_card,1,52.24
a965f9a56bd7e9a365d2cb5818934cad,1,credit_card,5,115.57
"125f493c9aa37e5e79a34e7b602da0a4",1,credit_card,1,218.07
bb85e4e4097ee2b3d34c22fbed913c42,1,credit_card,4,808.91
b37375a82d682e5d59381c0e7c86a719,1,credit_card,2,212.00
a688c7001406d268e4d8779ab25573a1,1,credit_card,1,522.34
d642fb15b0654daba438822439c28c01,1,credit_card,3,103.36
"5f7252bf13701d879f6fc28e72b71a9b",1,credit_card,4,105.39
a212cde404c8177ad20508a28c282082,2,voucher,1,100.00
"0b8315fe345e3639eb0a1a2d6e122d36",1,credit_card,4,187.96
d8b354d53fff40dcc80a7e64dbfc2878,1,credit_card,1,80.56
"71b27805083cffce474f1bd4263a3b02",1,credit_card,3,190.48
"32a7f2fa7d1b798b72a117f24095efd4",1,credit_card,3,127.42
"83ac7baaa477085adfafa311103efaf5",1,credit_card,4,108.51
"48f680279ad00e30a9d82f4faa85b992",1,credit_card,6,65.36
"0dac831729de109c5f878882316eb43f",1,credit_card,3,76.08
"608550deb32171538771afe8f00b2cb8",1,credit_card,3,61.71
b8fbd8a0c07410289ec91234a8ad69c9,2,voucher,1,110.58
"642171b7f50a33019b19065d892a9d9c",1,credit_card,6,64.51
"09e74688e8059c85519cce1489af2e5c",1,credit_card,10,198.77
f454701e5160f7518990fcac29a81932,1,debit_card,1,153.72
"74bd06b5f9e79f8761e2b924e65cdfde",6,voucher,1,14.02
"9202a540dd3900ebeb2ff790e949a54e",1,credit_card,1,62.68
"446783bed4af912fc010915b3ead3b91",1,boleto,1,696.63
"9e8ef3a707f0f0558057a948db92f600",1,credit_card,1,45.12
a37623c5552b35a449842d70d3f0922a,1,credit_card,2,137.32
"0c4a286213e6b3657aa94773d386a229",3,voucher,1,20.00
ebfd75154f8fdbc98038250a80a41875,1,credit_card,1,56.45
acd9800634da27c199e4dbb40a24dc0b,1,credit_card,6,280.27
"9bca900557a01da7a51779dd1d2326b9",1,credit_card,6,161.50
"8fbf896e2592896433876e70d88863aa",1,credit_card,10,231.27
"99792ea43b9b529b7866c142dce5ad7c",1,credit_card,5,139.98
"4f8bcc599bf25aa16aa67fd4ebf895dc",1,credit_card,3,114.64
a5b36a263c9692d52e2243b9ef05c6d6,1,credit_card,1,133.20
"3cf5c56e5c0540ca1988e8de2f98fc75",1,credit_card,5,261.16
ae96c285e2413fd08d98768e8dac20df,1,credit_card,1,87.32
d36c084b5daf9cfc67fb1164f2c2bd0b,1,credit_card,3,218.55
efb6a1fdf7fd7d82904506ce21909c7e,1,credit_card,1,123.44
"99d330b158a97e4b525cb725fa9571ec",1,credit_card,3,148.70
"41bf1169cb9e21c201df1aedbcdb6b1f",1,credit_card,4,44.25
dcafc8a38571b2f390004e0d85867df8,1,credit_card,8,710.13
"638dd0cfabf15189b7ce42b077f9fb9d",1,credit_card,2,267.99
"50bfdb0627807130b8f989106c985a75",1,credit_card,8,81.99
"4295876088eaa108fede7b0b77109ed3",1,credit_card,10,111.78
e047cffc6007a32bed61812f7a9ba04c,1,credit_card,1,117.85
e670c857f8a70c9aacdf644c59980d17,1,credit_card,3,64.32
"294d3b3083f03c4f2d187ff6373375e7",1,credit_card,4,77.89
"878b914d30233eb8a3e4ff4465a4ef49",1,credit_card,10,1027.51
e8474158736fcaca4c7f83b6f610aba1,1,credit_card,3,181.56
"3152fc55dfa364d38d44c5defcb88a28",1,credit_card,1,50.70
"609a013eb5e2933c85ad5367fa77e7c2",1,boleto,1,116.72
"0b192907ec8563bda5210247497aa9af",1,credit_card,6,66.89
"0b61dd71ead1e65e9d50db5b89cb5cc4",1,credit_card,3,129.19
b46a585f4ae96d0dec633727953055fe,1,credit_card,1,74.12
"8b2f2cd82e97ed3395472c59926813f5",1,credit_card,2,72.07
"043f43899c67438005004d160d18f55c",1,credit_card,1,233.84
"989743292e66a54cc321fb16076da4cd",1,credit_card,5,114.18
"0ba2df57baacde1f6f36148963a494d7",1,credit_card,4,184.27
"215f3324d1e0ac9abd788d1ac6d65b9d",1,credit_card,1,41.09
"1c20a41a4a868fe36f6a5caa0a2abb2f",1,credit_card,1,39.12
"1c4a92d82c1b0dec18bef12da3fa7756",1,debit_card,1,249.05
"23b4d2d1a00f2773d2a15d8068b21ff2",1,credit_card,3,30.17
"3cb36784c17acb3eca55ded497da243d",1,boleto,1,19.78
c186f4babae2b9ffa3ecc0176980acdf,1,credit_card,5,155.73
aa4c67f35e4d7127d9d9994164383ffb,1,credit_card,3,72.15
"392ed9afd714e3c74767d0c4d3e3f477",1,voucher,1,137.03
"80de3fd8e8d43a2f1c9b9561e8c2ff4b",1,credit_card,2,63.41
e158e6aaed1732fbac39e9411f33f48a,1,boleto,1,117.69
baa6bf9e45e84e1d9659e246e9f99146,1,credit_card,4,105.30
"4618b886260f174ba97bd9a7b81b01a5",1,boleto,1,52.69
"68c7e05efd75f44bc692682d695a480d",1,credit_card,5,50.73
"94a5522ae641d6b9d4d13b7940fde73c",1,boleto,1,231.74
"1dd7af1a6ccd3e95b66f717350c9e41a",1,boleto,1,101.46
"4ff360dbfc89fdc00cd35d99cb3efef6",1,boleto,1,45.95
"2f1722b42c42fe13229264df753dfbfd",1,credit_card,9,176.33
abb3b065b8888558edf20e815f816662,1,credit_card,10,1775.26
d579ba069db1e48f36231244a9a83736,1,credit_card,1,347.46
"2555b76d4dee02026ccde36884f09c84",1,credit_card,5,226.65
ef2c378cc37b127ef373094451b9b70f,1,credit_card,1,67.60
"36dfa5ee84af8da4fc7f9af242219972",1,credit_card,4,88.47
"8a8a69afcf838e504bca34a2081a680b",1,boleto,1,189.33
e37531db8933bdce0f86e9dc3768759e,1,credit_card,1,90.18
c603557da211df150d679fa72fdf25a3,1,credit_card,1,23.94
"82de2fedb028c674daa827d7984fea98",1,credit_card,2,43.71
e56f72c9203fe285a42e1c21888e44d1,1,credit_card,10,154.62
"27a0c2a00aa85ff8202e8bd9c7dbd829",1,credit_card,1,17.29
"55965253f02e0f625cfd4efb9c0f4178",1,credit_card,2,86.78
"837a0e421299d67b3016cf712813c6dc",1,boleto,1,122.50
"6ec38f8d4862b74a1539b8e6ec91fa8a",1,credit_card,1,46.13
ccdd16bba48215215c7d17240f07eb66,1,credit_card,3,114.45
"7c1c60f422c242e539075d9b9edca95c",1,credit_card,10,110.44
c32e1ebab01d3a6f77ac3f7b5db0df2c,1,credit_card,2,345.05
"374624ffc15396737a3f35d464fa8ae5",1,credit_card,3,147.15
"5cdb96999ef502f8ca33096a4568be30",1,credit_card,3,66.33
b990622bf95aadc14c973b3e914444a7,1,boleto,1,153.01
"0136bcc7370d7fdf44bd916a6dd583c6",1,credit_card,1,46.31
a685d016c8a26f71a0bb67821070e398,1,boleto,1,99.26
"2042b08cf14adb53b8c4c1189d162375",1,credit_card,1,61.96
"25497446fdd1ad63461e82dd59f92cf4",1,credit_card,3,160.18
"63566db60bbeb077e5d7c18411674b8b",1,credit_card,2,205.95
dcc74da4fd99c9e96c775807b658336d,1,credit_card,2,70.23
e6b2afa6b02c9f066002cfdab6d53080,1,credit_card,5,73.13
"8c9e68d34aa382d77160f9a1190037ca",1,credit_card,2,78.32
ea38dbbe2044b5c96bf31ff508ba1aad,1,credit_card,7,228.07
d8f4cab2c25988993e96c6c02a837ec9,1,credit_card,3,65.29
bc0e0c28cbe995798d3afb7c7c75d269,1,credit_card,10,1423.55
f922773efc48085fe86849501d49f96d,1,boleto,1,107.44
"9f54e902758b31d39a8dd691868a9f48",1,credit_card,1,546.55
b2aaaac7465dd94360cfc675328104b4,1,credit_card,3,306.78
a5a9c92813961bdaade1939c699dbcc6,1,credit_card,4,268.07
"46484009102069e531f34a424a500982",1,boleto,1,130.09
"7f592ad42732ac393e0840a95fe32d7c",1,credit_card,1,29.27
c5d41b216e4b42500c5da2be17a74065,1,credit_card,10,206.04
f0f8ddca6e245aed05b58e2ad7986a0d,1,credit_card,3,46.01
"28fba8f2991648a76b354b784394b466",1,credit_card,4,120.65
b293f468141dc24b16033560c8d008a6,2,voucher,1,15.08
"48d02bf6678d19dcb9ef11720a946dfc",1,credit_card,2,152.61
"701ddcb0eab1d32958b3638a5e8c4e97",3,voucher,1,3.98
d515df6c2f06c05d78204a42d3a0bd11,1,credit_card,1,712.89
"790512cc033ced5f8fe1f9158eb8f2fe",1,credit_card,4,504.35
"17dbae84c2ba2203d7ba788c85e75b45",1,credit_card,4,222.10
d3eded6aa11fcf3fbaf7843c0b4c6e6f,1,credit_card,6,235.41
"13cc20205a5d08b532f127b6fbf0f370",4,voucher,1,13.41
"0c47aeb0b91c17647935a2b53c38d083",1,credit_card,5,229.28
"817128a33949f3540f2456c11ce3c327",1,credit_card,1,205.87
d143998543196dbe5c5bf1af62a5edbf,1,credit_card,1,91.89
"7cb9333ee31df6158fd43d9649a4041a",1,boleto,1,42.58
"3158067c30c82428202611ba4ee5d977",1,credit_card,1,113.15
d8434c09d07ff98eaf30d4b68b5d6cbf,1,credit_card,10,194.31
c7c3e79f06b8145a28173b23f581f84f,1,credit_card,1,164.63
d122b26581f3954cf89222ce8a210005,1,credit_card,3,112.72
"63e68d9e780dc16336adc88e9cbe288e",1,credit_card,1,204.81
"5a509a6537686bc8e701a4461631e965",1,boleto,1,103.65
"52f3d979cd31211d1a3ef16a187def92",1,credit_card,2,394.64
"7860e9b8501efdbdc0be993136da3c52",1,credit_card,5,120.49
e05a09fdfa909b44bbe0d68635a0f585,1,credit_card,1,40.09
c9240b9e46417f83c4cbca76aa120eae,1,credit_card,1,45.00
"95b504e973b4c26f87861771fc0d31d1",1,credit_card,2,54.04
"3d5651800efaa81c9c96808ded6f145e",1,credit_card,1,80.11
"2063f9d50e384c34de535da7619f8aa6",1,boleto,1,40.22
b5ac8616a110126a6e962768b98d32f1,1,credit_card,1,117.94
"1a15c3f0d977e18e8a0d47ea1a9ffbbf",1,credit_card,5,59.22
ea402a52e47bbc683974efe466ed5271,1,credit_card,2,63.10
b35ef090795f5c01eb9b233dc239f493,1,credit_card,8,161.34
"4763e63db70260ac75a7df55308156f2",1,debit_card,1,69.85
"603691890e2bc99b1ae66b9e7ecbe3d4",1,credit_card,4,213.46
b5b86cc01a292ac6d17c3db9fc5abe30,1,credit_card,1,96.00
b5c5a6fb605260058c01713e1fb97aba,1,credit_card,3,73.34
bf016dc3001d212ba8bd4870b721dcca,1,credit_card,1,46.13
cad0978e6d52213f4c78b26626fc40c0,1,credit_card,1,189.58
"6ded11f0a307eed2ae0931fe59f4c599",1,credit_card,1,54.11
"378b4eebab6321d6b446806691615ee1",1,credit_card,1,149.59
"565b0bdb5bfef65df5a23890967586f6",1,credit_card,1,54.00
"6c6d1b045ed162d4a8fcee338027f79d",1,credit_card,6,383.74
"9db7dba87b057d3eca3bcb6c671a9557",1,credit_card,3,329.98
a614d00ec4aae901097a6c85ad8033b7,1,credit_card,4,54.00
"6243a6ba7e6150edfa7227f96c72de74",1,credit_card,1,45.13
"5374b46099586d58a0e7b55f0dd1371f",1,credit_card,4,45.11
dc35eb180bdb73bd01cd27509171cbb9,1,credit_card,2,116.36
"78dd421c4700121100bb1297168a05d6",1,credit_card,1,114.42
"81fd689a1dae218d934b58243480b726",1,credit_card,3,404.60
"94d11959aaf59b91e540d476c100ee92",1,credit_card,1,113.15
e825453884c3b7c9b5837fa547c8f9f1,1,credit_card,2,224.10
"8431f97a257ec43f34fd13b183d362b9",1,boleto,1,96.03
"151a3f0bc95fa85152c33fb906012832",1,credit_card,1,134.48
c576db01bdb6a7351250ecee8e7606b7,1,credit_card,1,26.35
ba3fbd2edbc0524c198765b79c67875d,1,credit_card,10,1008.95
"5e82d468c7839f98399b94c0ff1cede3",1,credit_card,3,389.84
"35c20257f4ae4439e4560d6e5ad5c658",1,credit_card,1,26.72
db8f0ba38db1ec3fb5eccef40cad82a7,1,credit_card,4,81.89
ece7b7cba1247b9ac059fc6a6528a075,1,credit_card,4,46.22
ca2c921a5b9d60eba417d106c724c6f6,1,credit_card,5,58.92
"1ea11b975aea60ca92fa0559184d3d34",5,voucher,1,12.69
ec108f8c96f1037449cfb5e118d9a008,1,credit_card,1,39.62
c4844a648661a8301e3f1fec6b95e195,1,boleto,1,118.62
"5c4403d7ab65e1b28799e3697afd79d0",1,credit_card,1,118.71
"0e3077db347b6985225369e7fb0b8120",1,boleto,1,58.62
"34ed4c9c261d1727b6d9be5e70dbd513",1,credit_card,1,100.62
"503ad34927f4e034a8ee38be309fd16a",1,credit_card,1,57.48
"90e4a419d8ab272d501cbed937d46920",1,credit_card,2,47.79
"59e6b7178ae983c683bfb1ddec70fa49",1,credit_card,2,251.04
ff558458632ada968431a2f973c209c6,1,credit_card,1,45.09
"350038b23604468ee252b66f20af1443",1,credit_card,5,113.63
f86e20fe6ce750c00d7ed08e8c67384f,1,credit_card,2,29.00
de86651678f0f277aa9820e5d778f8cc,1,credit_card,1,66.67
c6d1a5c57fad5bad0bbd84e39faa1d3d,1,boleto,1,69.03
f26e384b92781c0afd3009e3da835c21,1,credit_card,2,118.72
"06bc7036f4e52afa8213176211d6ebba",1,credit_card,4,95.56
b3dfe377ea8a76c9efd1f7053abbcb67,1,credit_card,1,73.43
"9737e3c834c45ffbacf7736192be7d0c",1,credit_card,15,290.86
"1280f995f41bf95106134b4d116a5f01",1,credit_card,2,54.42
"57899333b5e286632bd2599d3f7864ce",1,credit_card,1,128.26
aaff827d79b2aca52ee986179a052077,1,credit_card,2,25.22
"01c998b70e420ec36563386a4b71c6bc",1,credit_card,2,106.87
be625dc4e32d2e9edfb3a252306884da,1,credit_card,3,114.32
"824fa8179b9911d58831e0b09eedde13",1,credit_card,3,39.34
"18f0a12f1ab339b1e6b86a163e592d58",1,credit_card,4,254.80
"85722784b64340c85ac0293f6f1cebcc",1,credit_card,3,105.37
"00bd8cf08fa3998ea6ad6d16c2165822",1,credit_card,1,34.28
ca00c2ba5781124bd9493423de6d8862,1,debit_card,1,422.48
"37ce40447807e0d3e58cc474ce549881",1,credit_card,6,117.04
"77de74763ac99bedb50deb68da4b981d",1,credit_card,8,82.47
cbfe43d4a7e8df6def7f9247e1c6120e,1,boleto,1,54.74
"47ef13fca91bfb3e48014e107c728081",1,credit_card,1,68.32
"011105c3b5b8693eda1bfb1f152cec2a",1,credit_card,5,251.59
"1e9cdcfe3bc61780f3fdf2edc4866484",1,credit_card,1,95.30
b7db45f8be850ed08d9790e874772966,1,credit_card,1,3.04
"961d9edd490f2f6b29335d332e96f57b",1,voucher,1,159.68
fefb38c13e2d02e92914fef106135dd2,1,credit_card,1,35.13
a387e3f646077e4c82508f01a8b8c63e,1,credit_card,4,134.21
"97fdf3115437c18e71138bdaa80ec60b",1,credit_card,4,81.61
"6faf5506e03c48ca5cd8fec8b1d7d1f0",1,boleto,1,96.02
"94205d5566885abf3cb4da408bdb1ae9",1,credit_card,1,48.30
"1b40cca6df37a29bf8591a8c2dddd3c8",1,credit_card,2,68.13
"2624324bb721ec04118d0b81cee8c0db",1,boleto,1,165.80
"52af753a3f7bef8c2802da99f6a57751",1,credit_card,2,235.28
"8c2a426cd8a3c5fbe7d79b4696a5d20b",1,credit_card,4,82.33
e1ddde6d32d1576c0f85464c2127c908,1,credit_card,3,38.47
c6492b842ac190db807c15aff21a7dd6,5,voucher,1,18.19
"3f6628878fb03f1d5fef1958971d1680",1,credit_card,1,69.61
f1b3809a1da6d290236e12617e8be778,1,credit_card,10,132.06
ac7d1a865466115f5fb92c5437caf6a7,1,credit_card,1,113.05
fc397591bee787fb156a971904c4b51f,1,boleto,1,65.53
a96effa6b0ae730c1b6bbfb81a6164b4,1,debit_card,1,142.54
"23d0e1d4771f03561178a0997255ec3f",1,credit_card,1,68.12
b0b54e4c452d66681d67e588398ecf7c,1,credit_card,2,59.26
"999f2c3acec30e9b25d21ef56a233e45",2,voucher,1,47.01
"445af51c029e740dfb8f62d31375b889",1,credit_card,5,50.00
c6928363562453a5782ff77bebe5bfb5,1,credit_card,2,136.46
"7a0ecc0527498cda50b7221629978975",1,credit_card,10,923.45
"6f9ad3f2dd5e9af9e2469639e421f66a",1,credit_card,1,77.98
"3a217ae7bba6a3b59b08a0bf08610b52",1,credit_card,1,137.35
a47d207ca025212d0615efa2862fc3e7,1,credit_card,2,75.50
a4fa33c4486ff17afcc146d9a2b0aec6,1,credit_card,8,255.25
"1ff6b6e2d9228261632d6b51a07620c0",1,credit_card,3,173.00
b7f12e29e55ecae289d444db518400ed,2,voucher,1,25.00
"0c33ff1cd479e404710b74a6077f6248",1,credit_card,1,27.77
fb73306df41afb7ed9222b25f9ebdfb4,1,credit_card,1,83.76
f75f6ef2200a609b9a11d7650ae623f2,6,voucher,1,79.09
"1a3bbdc45bf26fe719899c99c26cdc08",1,credit_card,5,186.15
b24b30b2680c0388fd18c9175271a8cb,1,boleto,1,39.77
"85d8650f82d9c340bd53a17c2adcdced",1,boleto,1,34.09
"225d8e0b99ff5a086559a0ec1b21f7c5",1,credit_card,4,87.36
fedcd9f7ccdc8cba3a18defedd1a5547,7,voucher,1,11.78
"2577b7a27e96dbad77db32d34b57351d",3,voucher,1,21.71
e03725cff8fd740ded5d95a3193c3696,1,credit_card,3,151.32
"031096cba2ef517ed59888ecb13d69e2",1,boleto,1,170.12
"6d74d0a7b04ada2d0b870a20685ac3b1",1,boleto,1,77.57
e5d8cfa5be1c79663c3c10804a02a372,1,credit_card,8,165.48
"71ec05487f7ec2171471b9dd16a1e013",1,boleto,1,71.56
afdf135fa4a03a2b092254ae3c2b3f2d,1,credit_card,1,138.60
"9e3d1f6fcb9e5f8d6b66b018f0a0c810",1,credit_card,1,388.82
cc314d5b6f097bc753f74683b141fd3b,1,credit_card,10,1023.37
"7773180c4a22f3438081f3a2b32f86d3",1,credit_card,3,820.25
fa5dc4c3b8326a0da88dc49b20e0ed27,1,credit_card,3,190.48
"11579a4d945640c5c3a69f93c0986982",1,credit_card,4,83.95
de785327509b53e26bbac35504eda97d,1,credit_card,1,39.73
"5236307716393b7114b53ee991f36956",1,voucher,1,265.99
c507700e9ada94e7c3c9870a9d74e5cb,1,credit_card,10,608.49
bb2e64c3040ceb9b7ca2bfc602adca08,1,credit_card,2,257.34
"2f2ccd40795675eff302804c7cbe24b9",1,credit_card,10,157.72
"7bbf6d61df34d5a28a8b892095b05264",1,credit_card,1,33.08
a74773544b428f3d89597084120ec144,1,boleto,1,117.38
"26792a0dac4a86edaee496f4690de6a5",1,credit_card,1,53.35
"946d0f6c2be5f68f7a11380b3b2ad702",1,boleto,1,49.53
bf1153abdf89996908c39f09de39d79b,1,boleto,1,46.11
bb410325795fc7a944df598360cf5f08,1,credit_card,1,53.37
"249a42ab6064b9a21179bf1ba421b69c",1,credit_card,2,229.18
"38541d08d4eb7d571b5b80cb6ca9be03",1,credit_card,5,96.71
"226e0396e8ace4776eaf471b2d6abf89",1,credit_card,1,53.43
"73577ce3b6a2774c1b4dd602ace4e025",1,boleto,1,198.66
cf0ac4e12ad66c28302fc103670222fa,1,boleto,1,33.77
"1ba709b2606b232b367cb08a49738fa1",1,credit_card,1,96.56
fa08d98c3578576e8ab56cb2bf8d94bd,1,boleto,1,47.38
"12f3c6723ad757676360f2b5bd8ce007",1,credit_card,5,54.00
e8dbfb34a57fe34db02546aa50b56f10,1,credit_card,1,57.19
"4afb1fa9cc394c9f295d203fc7b9bf19",1,credit_card,1,19.64
ea25a7c224e8ab2c05c2425da85c033d,1,credit_card,1,42.22
"314309621e99dff004e43be09afbbb3c",1,credit_card,3,180.91
a7d73128b7dc2644c342e7495ebe8e3f,5,voucher,1,100.00
"5017c6fe52a9453dfd3bf1327ed588da",1,credit_card,10,133.62
"36f264b6ab0169bf0db37101cf2df98f",1,credit_card,1,63.10
"67aad3026d50e2928d6925136a0be9e7",1,credit_card,4,72.85
"0297f94a646c942bde497bd200cce1ed",1,credit_card,3,141.50
"83a748270a134df5ad432092f4e26e4d",1,credit_card,10,355.78
"6282b84d6c369e1b6058285f860f4da4",1,credit_card,2,148.03
"3082f4b582ef439cf6f04f2256ef546f",1,credit_card,1,55.10
c375be2afa9340cae31b6c25a09449be,1,boleto,1,46.20
"571404a093e61054fe87db8b17beec73",1,credit_card,1,88.68
eb5155f1e2e9054e0ff0e0701ce8f5c8,1,debit_card,1,173.60
fea313ef8be419d678a5eb321aa4dd24,1,boleto,1,301.67
"5ec560222cf73999224c88e44327937c",1,credit_card,2,133.34
c8fa48f1b2af19f06cd1ca3b5533bd0e,2,voucher,1,60.00
"55b2cadb9946209a0283fd636ddc6676",1,boleto,1,226.12
"33c04a3449586241381938f43df342e5",1,credit_card,1,48.63
b28e2ea00a9403b195f0c47428dde994,1,boleto,1,103.53
"6c596fc6f412dc68ef8d18c721687a20",1,credit_card,3,144.65
df56136b8031ecd28e200bb18e6ddb2e,1,boleto,1,204.72
d445a6e277eaa62900bc18d453d96d76,1,credit_card,5,225.42
"988a21449c85e5aab93c446596246149",1,boleto,1,264.20
b43fc68679d68f4e64e27a9c53aa5096,1,credit_card,1,127.02
e90eebea41d76d0c1dbc1253391ca5d3,2,voucher,1,100.00
"0b98d69e5b550f6727dc0beb88d1694b",1,credit_card,10,397.30
"1fd00a38cb5caa89ca06e82069412d5f",1,credit_card,1,44.56
"31d29a8c43bc533845fe7bfae74fa0cb",1,boleto,1,79.29
"2c6c5c881336bcec2d8c89cb05184a81",1,credit_card,3,198.43
"553ba7f2b59345ea057f5a8062784dfd",1,credit_card,3,148.66
"7a4a6b748b09a41902a89fbb6eb90bd8",1,credit_card,3,77.29
"1962dbe6d0755ae32f1381266df2e34a",1,credit_card,1,144.96
"8835bc08d0bba62b3f65c7903126fa49",1,credit_card,1,78.51
"51c5baf43551103a236f5b44e3686b67",1,boleto,1,100.95
fd01a48a7d75383a3623e71a538584c3,1,credit_card,3,70.58
fc965b1e986dea6cd20ac94c50878a75,1,credit_card,3,33.45
"62c6faba9a84c2ac9babd4395fa2345c",1,boleto,1,64.63
"77850ecb19783b9c81c2097568e6b4d3",1,credit_card,10,511.21
"35319046b2532d70a1358fb96310cc24",1,credit_card,4,187.65
"98515e643e7cc228244834ea1b21a345",1,boleto,1,79.33
"2e6d1a5b1078618ff4227f69b4b37e3b",1,credit_card,1,284.52
a45b9ed59c45645bcf239a3a3a73f46a,1,credit_card,1,42.39
aaa265fdfcd9930f13edd14cdacd47ef,1,credit_card,5,57.80
"623517cfdfeda91679626490fe32aecc",1,credit_card,2,245.27
"4ce497c83d9c68348561cada6e2a2869",1,credit_card,1,121.00
"78a56ea994a32c5627609c929276b3c0",1,boleto,1,114.37
e96945cd2dc4e28e0089daf1c02476db,1,credit_card,15,892.44
"46dd6a6cd45a2a99868c3daccd9cb301",1,credit_card,1,41.75
cd616a07efbf375e0b1fba8b5ff969da,1,boleto,1,31.75
"63cf2db4fe1c8f21a8a02023cef68212",1,credit_card,15,252.35
"362862be62935fefa3575b0b3b431bad",1,credit_card,2,173.59
"86757b84a26b96e53be8c8090ae9f96b",1,credit_card,1,133.58
a7947c0869dbc1d6a6efb0c567cb0099,1,credit_card,5,408.76
"03dde7ab63940fbffd10162a74347e95",1,credit_card,2,44.24
c545d2c13c923518251d50c8efeaaef5,2,voucher,1,85.48
"58955108a9a0a8b3762f903aba23099a",1,credit_card,1,125.79
"1fbb2db5f09b8f2fe37fb58c85d2e301",1,boleto,1,151.74
"33621dd1b751a02342dc065c32f1c96c",1,credit_card,2,116.17
cfde948cbe426f37ac61e0f04215a5f3,4,voucher,1,25.83
"674507ad1e2b89ca471e872c4e8ef113",1,credit_card,2,31.00
"2ec3fb192c828ca618c797ccb2c22a3e",1,boleto,1,175.94
cb3633965eff0518e61c0d44f06fe48f,1,debit_card,1,83.79
f7203d9ccdf6519081031222d1f49788,1,boleto,1,65.00
d64ee3fd40afdbc9f1d4af84423995ed,1,voucher,1,46.00
"027b81ccdf72434e7346aafdf630ff31",1,boleto,1,171.09
ae162713f33901220faa2a22c2bdba45,1,boleto,1,393.15
"0a3181424fe55b41f1f0d53150c6523f",1,credit_card,3,92.57
ae0fffa23dda62380795c427a8f734e8,1,credit_card,2,109.99
"91c67084c8053e40be5dc547d3e9a01e",1,credit_card,10,375.37
"90e8f4c6614e2960a0334fdc9fe238a6",1,credit_card,2,48.71
"4e376d36ceeae3f2cbf66cb0ca84c799",2,voucher,1,250.00
ae32ac8eb468647f01858d133a4d4841,1,credit_card,1,34.17
cbce204b327a87445b6e6c28e0c5bfb3,1,boleto,1,33.68
"4bd414d670e7316c206f41610dde50e3",1,boleto,1,70.04
"3a7a99040c2a6fd18a04eb7bfb715822",1,credit_card,1,58.62
e05ff0b1f94aa4420894333587a2ff1b,1,credit_card,3,148.90
"5d073530ec28aa4104bb37b6c4b1a22b",1,credit_card,1,124.42
"17912edc2f0d164527889f95392aab9c",1,credit_card,8,283.28
"098fa8e236952567d948321ee4684854",2,voucher,1,78.24
"60fb7d6bc05727392e673b4035dfee7e",1,credit_card,4,86.95
dadd179aa43944bfe3ebc6e6188b2606,1,credit_card,2,117.92
"1b2e46dc89f67428df456980ad2ed5f9",1,credit_card,1,27.30
"24bbb34026408087d5c21cdc3743028e",1,boleto,1,39.85
e33994eb7c5e18cf46ade6e474b1e831,1,credit_card,5,164.70
b715c631fdd01580d9de3ed3759523c7,1,credit_card,5,112.92
"94fade3ce4aef6f9a24bb31e0ff03edf",2,voucher,1,20.00
"793d395a896de12a846ed4f345bce550",1,credit_card,4,81.92
d6e233b5ace3d517b1a0fc015f6de444,1,credit_card,7,72.98
"3f484d19ccfa27aa339fac5775361ac9",1,boleto,1,227.38
"1ebf075fd032885ad39a842a35c72fe7",1,credit_card,5,348.66
d78c16f09da03410837a551a09a4bf64,1,credit_card,3,44.00
ba41a24657e04c46f93a0c763f8a5646,1,credit_card,1,73.43
"3062239cf5087db015afcb38eb79c5c1",1,credit_card,1,518.04
"7faf8b9448b66f4a3ac98a312b3e7609",1,credit_card,8,1018.11
"8cff0b9c9223d214d619f483f51b8979",1,credit_card,1,53.09
"3e08aa33483ffe505b5de4748dc70c7f",1,credit_card,2,300.30
fd073f02f85b4b2631ee7f04c82c8004,1,credit_card,5,211.93
"9acd35e199ceebf9f6fcf287fcc96050",1,credit_card,1,34.53
"597ed802dbdf253e02ed5dc145617466",1,credit_card,4,113.59
f2bda88ec797456b974f810a84814028,1,credit_card,2,24.23
fdc14b5e651ff7527c5ac587d5de96c4,1,credit_card,10,253.22
"68d8b4fcc77dcd06eecb59b08dc28d15",1,credit_card,1,54.30
"7f438a7265492dc79496a5fa80f7e5d3",1,credit_card,2,22.78
"4d670725075298192ec296c1aa5f6eab",1,credit_card,4,60.98
"3c0d5df689836dade4fd8ec4629ab387",1,boleto,1,248.36
"709df04791b8bd393b34a58de3cf142d",1,credit_card,6,242.44
"0f0da37d4b99bfd602829ae5992b2d57",1,credit_card,3,119.46
"86730759997ebded9a8c14a211244a4f",1,credit_card,1,192.56
"3e40fd20e1f24da8d88521364c41136d",1,credit_card,6,1468.45
f4471dae8c482f51aa1826cd9f5d4433,1,credit_card,8,232.14
db0e5ecb705ec6060fb71c1b4fb6cf78,1,credit_card,1,89.52
ecd6c4b673e81e3ba899f65b2135ce70,1,credit_card,1,48.62
c95e5fb0ca685ee52a7db232285bf70e,1,credit_card,1,46.20
dad3424b01751c6e21da6a7351174ca0,1,credit_card,4,42.96
"78a1a87882880114ee891ccdcbd1ccde",1,credit_card,1,79.62
"25ba9b359798bd58693b37d552c5d08c",1,credit_card,1,218.36
"6bfd9139985ba7fc3959f3d67dcde67b",1,credit_card,2,138.09
bbe5ef6ae6b2bb765568934d34dca44d,1,boleto,1,609.27
"59a28b77022aecabe93b43fa323de71b",1,credit_card,1,35.36
f41f4f0667b69592fa5bef59e5ef7fad,1,credit_card,2,108.20
b915355d5d44aa71d50cf04caeb78a53,1,credit_card,8,160.64
a10a91a376b8f910600da4c459245e9f,1,debit_card,1,36.00
dc7be79976943eeae2bd3e4530b511fd,1,credit_card,1,98.23
"1ea3da4089dbf00ee630fbf1f77de978",1,credit_card,6,123.56
"28d0071bc1ea6593fc40883d5eacc6d7",1,credit_card,1,33.03
c99f7c8803c7a958c31ba67e7432ba16,1,credit_card,5,246.36
"4790bc3402a232e073d643e12035d859",1,debit_card,1,36.49
"38581282d219040b90a904e154ad8cf3",1,credit_card,4,100.34
bd90d63806137364d76965e61cfd6a28,1,credit_card,6,448.39
"310436570f7bf5ca58ec0500d633aea8",1,credit_card,2,109.66
"183832097fa8f0a9172d4514fdfca42c",1,credit_card,3,162.24
b1417ba6ab7c47ce85dd05e068e2afe1,1,credit_card,3,189.98
"7e03de7edf3bc774fd1ad0915464e41b",1,credit_card,5,51.09
"1d168d043fa86715964cec5b45433fd4",1,credit_card,1,164.12
"1cf13598b7e6449603960c24184dee24",1,credit_card,2,42.18
"74a9f427a3c1a76a0af9ddf92aced07c",1,credit_card,2,2023.58
b743373d6701f25279252a6f98a14977,1,credit_card,2,126.92
"937b8c2c23c033f63b1b46e876b2c385",1,credit_card,5,277.52
c6444f5adda5b95c297cbb3badd3a1fd,1,credit_card,5,51.42
"1eb9a93c492ef0337c6855555dea8ae2",1,credit_card,1,172.52
"10251da35626072605d693e816f297ca",1,credit_card,4,113.89
"0e59758c67cf787fa8b8be982b41686e",1,credit_card,1,167.88
"364578a2d4829f6a7aeccb9f1e25f5be",1,credit_card,6,449.33
"2e6213374b023c009a20c3a618a74f9a",1,credit_card,6,115.45
f3c7adf3b94a38f6822478ff79db46e7,1,credit_card,10,120.54
c05ad5099c122aacdc8f3c894c4d8648,1,boleto,1,93.92
"530f9d2b2d0d22bbc477cdacbaa49fb6",1,credit_card,1,112.94
"39ebbbb18aec8b7d8de948019c3298ab",1,credit_card,2,239.68
"750465ac3478d2b4483153fcd61b9c13",1,credit_card,8,1692.59
"22d6af278bac655b75f102132b019564",1,credit_card,2,138.61
ae471dc7860dcb671837ae421a18733e,1,credit_card,10,1046.56
d47c3e59ac03430c6e743c61f7e6bb6c,1,debit_card,1,65.89
a5d049fb139be4e41df304569addeef7,1,credit_card,3,118.20
c7c5cb848cb25afc53c7a8d2527a9ad0,1,credit_card,8,101.93
"779e0845b9e541376ce3e8120c548cb7",1,credit_card,1,59.10
"645ae1a102627b74a009fe24909476c8",1,credit_card,2,209.98
"9a5e801a0c51ede9c94e91758554d57d",1,boleto,1,73.34
"0b8d9a9a4de4be0a6a5f0778f97ee6b5",1,credit_card,2,187.67
"4d9190887b47ff1b89c657c788c038f6",5,voucher,1,12.80
"974e5555a6f371f1aa0a86b06f62581a",1,credit_card,6,124.84
"67a0e107b1c36e51a74327cf74080114",1,credit_card,4,131.16
"3990f96693d321ac142fff312bf3706a",1,credit_card,1,100.95
"5afa996de851bd409a84c61745106947",1,boleto,1,137.04
"4a6275d157fb6be4f1a49ee025e68c18",1,credit_card,6,117.16
"21c3a36070a838388e823449f206f263",1,credit_card,1,35.84
"43bffe408178fd5389e8ab84d5dc42d9",1,credit_card,1,75.07
"8b5bc64e2f7c0a6f2e693d56b3aa74c9",1,credit_card,2,117.82
a2d034676ee5e73dd49f9202b58bbb39,1,credit_card,5,85.14
b2f01d619b5557f295317bca57f07471,1,credit_card,2,119.12
"7b3eaa9c1b740e4f097d60f54aa44ede",1,credit_card,5,134.36
af8822dc30a41edce5b644f195e3f269,1,credit_card,1,28.77
f21c3e20a2847217ba55f353fd228a37,1,boleto,1,64.65
c2d3596a04c210110354bc6e84240658,1,boleto,1,84.56
"90c3d2abe0d324efde558a3f187018a9",1,boleto,1,111.70
"339c4a8fdff27916641be1118b71ddbe",1,boleto,1,231.34
"171fd36e6d28aaa958e043b897006f1d",1,credit_card,2,233.33
fc55691eabf7bd6d38e8d49b4cdd8629,1,credit_card,1,92.78
b0f5f856c7c8dc046531f164d6de3eb4,1,credit_card,4,220.02
"304a864fcbebfc86399b988f1fef0ceb",1,credit_card,1,47.84
"216b6395628241d62abe56159c7a3841",1,credit_card,5,54.61
"767aa0b10b16289b3835d60f0984897a",1,credit_card,1,91.44
b8d5cd6eb84d7b61c5c77ac4cb0b90b4,3,voucher,1,20.00
"597793d262bf35d4ff6b50360f836d82",1,credit_card,2,74.63
"751161aadc4b3f4e09ace1f4ea2c146a",1,credit_card,4,247.64
"3644a0f31cdec4bf8c4b7b9285a21c9b",1,credit_card,3,72.39
"7bbf1280be83a8ea2790e7b3a5aab7e6",1,boleto,1,125.06
"6a2e09d7d2755c778b119d0b74d4d431",1,credit_card,2,121.49
"23f99f3d6a5974cd50c00ebb3d6540a1",1,debit_card,1,238.63
"1cecdea35f2ce72040549f9fe816b8a9",1,credit_card,2,106.89
"2f3e82f47fffb5e28d966cb7dde890e8",1,boleto,1,67.23
fea58e65b788d96dd982a2660be9e2cc,1,boleto,1,42.17
"2090a165b3666a70b271ccaa2fe64319",1,credit_card,1,167.39
"971f6376810243dfd6bbd04b29fb6367",1,credit_card,9,449.90
f3e5c962f3e54c9eb2148bcdfebef26c,1,credit_card,2,106.16
bceae68488231cae8418713a4f1a5a99,1,debit_card,1,62.67
"265e55efc16ce4c05ab0504ca0a32603",1,credit_card,10,600.09
c47b001496a3dc2f5a48534c4816adb8,1,credit_card,1,205.50
"290095474d5b5550b5c86ef43e11d021",1,credit_card,1,41.81
"0759c200a1d9ec728ba380676bccb583",1,boleto,1,76.51
"911a1415223d88db2cb3009539457465",1,credit_card,1,155.20
"0e782c3705510e717d28907746cbda82",1,credit_card,1,37.38
"66abfb1d97049527979ada02f3ade6ac",1,credit_card,3,93.38
"0afbc110b84719faaef4887a5cff5a2c",1,credit_card,8,81.78
"1fe30f95453f4a27d9730603bca07ebe",1,credit_card,1,57.22
"7bf8bf550bb28dfd0e4a5e4a69f73edd",1,credit_card,2,157.55
e5fa83ee166ad4e56b60c0bc4a2e12bc,1,boleto,1,60.53
e0797286b1f41001e5c1388d4d8144c1,1,boleto,1,155.14
"1a68123d36b3a96ebeb710db015da2e3",1,credit_card,1,57.98
"10951d02d64917a34959abeb8130601e",1,boleto,1,59.58
"1de5187f980fd88f8bfc01ed31614f84",1,credit_card,6,212.82
"575b1b9f37a11b59ac98672fa8c487b2",1,credit_card,5,88.00
"1c9383e11b19c66a7655bf8a31dd0ad3",1,credit_card,4,116.94
b0e61103ba1dee7e3c3c31f68e62a3fb,1,credit_card,1,56.37
a85ad381ff410bb40159e498feb30a13,1,credit_card,8,180.55
"281adb47b408b1e1866642b03432f095",1,credit_card,5,87.67
f97ae37bab6ff0db65aaecb82274d310,1,credit_card,1,18.17
efd6e545a0e34fcc1b5a8fe60d9026ec,1,credit_card,1,95.99
a3bb66c7c27c79c21aeb788254e52626,1,credit_card,1,80.82
c8c18df5a0fc2bd0c67d168dad34eeb6,1,credit_card,8,323.39
acec051085be2d0f06efc5fd2f9037c9,1,credit_card,3,66.89
"9d6f15f95d01e79bd1349cc208361f09",1,credit_card,2,42.78
"4dc5a389009b6cb5c61706d49f229a39",1,credit_card,1,159.77
"1f470d4ca1db400febaf5a2e7c364e04",1,boleto,1,45.31
"98186ac94b684b11197ecc327e9865ad",1,credit_card,2,50.50
cb1ef5be56747ab6c5ef7271ecf4e12c,1,credit_card,2,134.50
"742d862c30615984a57a26626cd1b40f",1,credit_card,1,51.79
b3670dbd7176f89ca438f00d60d705a6,1,credit_card,1,45.22
"8b20b8fa86dbb367ce6a9df9bd102f03",1,credit_card,2,86.05
"614c7adfc74985b5d111c1e38f0ad0cd",1,credit_card,18,194.33
e352178ae3b81e3d7d67ee7edd973a43,1,boleto,1,69.73
"025c72e88fbf2358be05c594d4ad5091",1,credit_card,2,81.40
e5fa00efafb88eb508afaa778eae8a6a,1,credit_card,4,277.02
"96b7f5a470ca6a58f261be1af286e4d9",1,credit_card,8,239.72
"52952afd06db1fee0c2227c8a80ac7b2",1,credit_card,2,55.59
c15e9447787185951cc99a3f69a8f7dc,1,credit_card,1,56.01
"1a1aa9714d0f88e8a2b20b0c7c037d0b",1,boleto,1,95.21
e6fd9f0475405c18cd73f21ec473814a,1,credit_card,3,126.45
a4bc1696d87f667da1b782b7707358ad,1,credit_card,2,57.51
"4140fb83a84c614859497ddf5333334f",1,credit_card,2,42.50
e130d3f737127ae52681b9338aea9b64,1,credit_card,10,2467.17
ff1f8f328e5a59ac754240b6dd31bcb4,4,voucher,1,26.03
ee1fd5d090d5f8772860cad42d39c986,1,boleto,1,176.36
ad33ed1fc2b45e7f714e3cec25e31334,1,credit_card,2,60.44
"53f3f52eca823461e5ee857dd46fb101",1,credit_card,8,294.70
b42c56d4b6b545d2b9c293472cf728bd,1,credit_card,1,37.38
a93735055445ed9a73d81caa09196c28,1,credit_card,10,106.38
b9fc3fbace8f69b00c2f461cd3422459,1,credit_card,5,111.43
eb515c77499aaed890c1c8e759ec8337,1,credit_card,8,329.32
"88f4847c75e52df56f47047103f4697d",1,credit_card,2,150.05
"1b25b7f6d3514c227d59499f63573fde",1,credit_card,3,134.47
"677d1a451e724a484b806dcad91e266e",1,credit_card,1,396.32
"4552d969c2ffe2ac446b7a970e6953fc",1,credit_card,4,121.91
"1dc01549b7e7404a9663b7d77306c897",2,credit_card,1,77.44
a5cdddbe997b781dcb63b4c33a3faa4c,1,credit_card,7,502.27
"67f30bce3a2dd23c894bae87e6391987",1,credit_card,1,268.64
"259fe605870f08ddf83ebb61f204b9e1",1,boleto,1,52.59
cafe257a6af47e3a0f99d202c0bbdbf4,1,credit_card,3,34.31
"26fa952896224ad19bba5529c49d077b",1,credit_card,3,54.87
"0a864e1c3705f361a953b0f2cc47a60e",1,boleto,1,40.47
ada72a2d2e2c5621b9391b68e9cfa74b,1,credit_card,2,414.86
"8006a29212bfc6b554bdb445427822bf",1,credit_card,1,138.24
"41cd06b8f16a95fcaf0ebbf0a4c23040",1,boleto,1,66.15
"479c68f635b21bcb61385058d99b9b6c",1,boleto,1,94.12
"7fecf198f9da11744da727bafd6702e9",1,credit_card,9,97.89
db56f4c0b87585abfe200b7ed15437d1,1,credit_card,2,100.34
f736c451b8bfbfbbf8164a476b28bf98,1,credit_card,10,140.91
"15c8f741c0b7deafafea8af0f7bb6852",1,credit_card,1,287.77
"28c04306e978f12f75bf6d7a989a4ccf",1,credit_card,1,41.10
f7fdd9291fb00404aa63adabadc61ec7,1,credit_card,2,99.90
"624ae9036a4782219f00bb569c7e39e8",1,credit_card,1,64.03
f1e21bf02dd5a9f69c64397ef7bd0433,1,debit_card,1,82.51
eec03c88b33036c654afd8c6dcefd225,1,credit_card,6,67.47
a3157fa833670799cf5d82abf9188905,1,credit_card,1,96.22
"7ec00b7266a2e8826ba86a7509fb7939",1,credit_card,2,173.61
"559115c14f48d999adcc027b4a702c8b",1,credit_card,1,56.78
"76adb6e26eefb772dd741b47286bddc1",1,credit_card,1,64.49
de5219d73e2adb00e7f062aee80985dd,1,credit_card,1,104.56
"7530b513e10d1b7a2b03962be180f627",1,credit_card,1,27.36
a3fe72e4a708a8e7c2d2b686d3a457ac,1,credit_card,5,76.02
ee8f5d7599c575d8f8eb1a2ea7d66686,2,voucher,1,24.30
e07857247dc486cab4563ffb9d9aeba1,1,credit_card,9,97.88
"65a7c3111cd734466eb706d544e6fae4",1,credit_card,4,227.88
b2b7043343c97ca1dfc624e1d71e43df,1,credit_card,3,63.27
d5a65462eaa47bd09f5ec817f2c9851c,1,credit_card,6,63.34
c7c2965767573b9685e46d49a456945b,1,boleto,1,41.02
"4df0b86780c89ad52e85659f63466a85",2,voucher,1,6.67
"11120fb91d0191b1174ea4e37043ff39",1,credit_card,1,159.62
"5c23f0b32904be1b015b14086f097dfd",1,credit_card,1,90.88
ca91c1dd2e25ae6e5f339efbfcd507ef,1,credit_card,1,81.78
"502d64f8c5d21236249b9696338751f9",1,credit_card,6,103.11
b112f026e8295ce7ec84e17bb8ab3988,1,credit_card,1,77.89
eeba1dfa84dff855a9bcedcb487549dd,1,boleto,1,208.71
"54dd1a0a63644a70b3a1ad75cbdbcede",1,credit_card,1,40.24
f7edcde7bb586c1b9465d46632f4e45f,1,credit_card,6,83.52
a36c2d374f8bda87f5ba07fe1bde98e0,1,boleto,1,147.80
f7f0b79050e7ef0b1cf7ffceb0aa114a,1,boleto,1,126.23
"51de77120c854253873cebe912d4d46b",1,credit_card,5,164.10
"63197f17fd0ed6f37890886192ccdece",1,credit_card,1,119.06
b56fe464457abdb77acc8dfc5ed9e205,1,boleto,1,272.22
"3a2ac4b422b1c2e54b864f20f4331f4d",1,credit_card,1,233.89
"05d3e8073cc594f353b950b312fc207c",1,credit_card,3,251.40
"1428edef07a52576000d65e9e76ad451",1,credit_card,1,54.38
cdc3df0761ce26f0f930079673444a04,1,credit_card,1,93.30
"1f67d1f09d1858b5d12a7548b258fe95",1,credit_card,2,74.21
c35f44a2a94147bfcd074dfa5f2f174f,1,boleto,1,50.00
"95431c05f2b32414cf7839de333dc57f",1,boleto,1,423.16
"3442cdf3d4f80564a97d51c8894fbcda",1,boleto,1,44.08
"6b53b59d28af45f02a606d5ace41b854",1,credit_card,1,98.23
"5393e88fa91aba9ea46a9f403d287df1",1,credit_card,2,69.14
b390755d66d3ef7697796139c14782e3,1,boleto,1,143.45
"47106d9b98c54756baa304fa0f9c36f0",1,boleto,1,161.53
ca5e507d8621f833ffba625f3303dbf4,1,credit_card,1,58.27
fea759da1fbb4566e226c7bb2c257a5e,1,credit_card,6,1019.99
b7d6b37701289908bb8ae3a30fca73bb,1,credit_card,2,66.27
"28e78b16d448f216559b2cdf366e6850",1,credit_card,8,608.88
"86aac0e27cf2e46d9c9bc5cd1c5e9348",1,credit_card,2,144.40
fbc17f0f2a2125054d5ac5c22d2d5120,1,credit_card,3,170.29
"0c78ccb9fbc7e1d41165489050f6b748",1,credit_card,2,143.36
"30eb9be01da3f3407bb948e99ad5613e",1,credit_card,1,62.39
a020395877c6ee1e49b1bc6a71eb774d,1,credit_card,3,75.46
"138d22c05c5e456f19bdc7dcf09b89aa",1,credit_card,1,70.02
da3dc62f13188f2866f5775585107a7f,2,voucher,1,47.69
fcc6a4fcf6e0cc5de15fefccafb07ed7,1,credit_card,8,499.29
"08dae4aaedc034ee67385e739d42d0a8",1,credit_card,2,92.85
"734a3c56683a8a7dcb4cf7f92319d101",1,credit_card,3,151.13
d0405d0cd3a0ddba64c30a078681a88a,1,credit_card,5,56.03
"7bcd0046dcddeefcc87ed07ba748966b",1,credit_card,2,101.73
"5586165a8c737d52401ee3eadb09f980",1,credit_card,2,125.43
"2ba265d6ef87c9d7e11c3e3b142b3136",1,credit_card,1,109.67
"26bd0671edd018403939ee3037e81af4",1,credit_card,8,105.38
dcb4a1d21593a108db61f12a4b3d61db,1,credit_card,8,224.84
dfeb385531b47a17e24ab43992ebf15e,1,credit_card,8,166.04
c0c3609df099c79f1f6d894143767ca0,1,credit_card,3,38.52
"8743f50a1fe252ac48d22e41db971137",1,credit_card,3,171.75
"5f082c0821ef7e1812362878c7268aef",1,credit_card,1,343.08
d8a3a8c458243721ca285392ac882c78,1,credit_card,10,425.24
"65e7cb43b74e1b86d2625b6e5b284019",1,credit_card,1,74.16
c9366610830b7af26c954d0b6c1f68d7,1,credit_card,1,148.12
"7d28a5b95c769d0f8a58ce0c93671baa",1,credit_card,1,181.60
bc0c05b935880725008f3ae103e828e1,1,credit_card,1,74.03
"47aa694d87f6ae4995bd02d6e8d9132d",4,voucher,1,19.76
"20f4a0b8b5726a8e9a32a246e345b9d1",1,credit_card,3,229.63
f23a721a16f4bf4439daf9d03ed9d1df,1,debit_card,1,74.74
"9256f7001c89e801855625e05c21537d",1,credit_card,1,61.00
"42a60584c802a173573c19e570e896d6",1,credit_card,1,78.20
"225ea0d91610c70a8fa346b8953c75bd",1,credit_card,2,35.00
"62721ddb070ffb1e00edd35d85a2f616",1,credit_card,1,51.70
b2c44751a00a7b126b9abf0c2fcd8ce0,1,credit_card,8,80.36
"593823b9588a494c8015438b207ee60a",1,credit_card,8,83.15
"3c7a723fc09b996f715cfddba2377163",1,credit_card,2,108.76
"3951f9e91b0d3877585a147e9c3b2aa1",1,credit_card,1,75.01
"3e2e0c0d125ba0b63ecec3768508fbfa",1,credit_card,5,138.15
"5cbc29442f8eaafa46489e988fafa403",1,boleto,1,33.34
b045148b008764ce0e232a9345a65bf4,1,credit_card,2,164.67
c6f11a51ee3384a11e50cc55dc685c24,1,credit_card,6,133.84
"523dafc7e66222e30a400621133aca08",1,credit_card,8,278.28
ea3925cbd40537018367b46fe65ee75c,1,credit_card,1,76.15
"841ff437dd00dac44a738743ae033be0",1,credit_card,1,39.01
"0cc9e18508708774c1c956cd3ad9e910",1,boleto,1,35.79
c8e3106879ca183126a8033f35d62bfe,1,debit_card,1,40.28
ab2e482aff4baa52ec6da817af85b981,1,credit_card,5,186.44
"87070dc27c09158806c987c8845912e5",1,credit_card,1,21.48
c73f8cc3ea18990249df87fd4af96899,1,boleto,1,212.00
"13a45e2e8407ebdf8c1e8fb6e1dba4fd",1,credit_card,1,109.35
"2869ddcbc4b0d9b659598ff9b1e68e14",1,credit_card,3,32.77
"31e16c0b68bf061881fbd1d124697dd4",1,boleto,1,81.01
"97a3784af9d034ddf29b8a15f7a2faa9",1,credit_card,2,133.76
"9be8071edcd41670cec46c3c32f8d27a",2,voucher,1,100.00
"0e3cde74cd1f1eb5169e698242b094b9",1,credit_card,2,137.35
"7c9c41b594f953926e7f525c62f69ee9",1,credit_card,2,90.93
"2663f91a68c89174d7550cdcdb1d5df3",1,credit_card,2,71.72
d30daca327cb882c3ccccced457f69f8,1,credit_card,1,75.17
de4c308ea3f72fa2d3be68d18a2fedb1,1,credit_card,1,30.75
"4b2574ecd0e648e5360a7030c0ace020",1,boleto,1,275.89
"637433ce28e2f35eea8795cc19d36d95",1,credit_card,1,75.07
"193c6e3830b91df8472db1d2cdd6a876",1,boleto,1,60.14
"4f20f374acaa47920134df2f634691da",1,credit_card,1,117.90
a21b149df8e6239ec1b4da7bb48f4deb,1,credit_card,2,104.10
"02b9a87c19eb57b9ebaebb3a6850de9f",1,credit_card,2,114.93
"1b0cc057d13690ec8551090c920d4735",1,boleto,1,75.16
"2dfa51c98a51f07b53a1de6bec31a20c",1,credit_card,3,220.66
"22fed2ece8a0be1e992b0233796e62e1",1,credit_card,2,121.76
"609614169498a0a0719e1a47cd02b408",1,credit_card,7,77.57
"93c83ea3b4b085801b081e301cb244e3",1,credit_card,1,220.28
f30663edef2c5ccbd8ac1901275ecf64,1,credit_card,1,45.62
bbc781e0bdaef8ca45c32c280250567a,1,credit_card,1,317.85
"89459df51caaa029d2494f4b36f1b96a",1,boleto,1,33.84
"2b0a7970a6bf2282bd4f9af0e2bf073e",1,credit_card,7,223.80
cffb339aa5f4745347d75d9999771453,1,boleto,1,292.11
d37e660e61680fadd235a5ca5b6721bb,1,credit_card,1,93.39
"17ae98e755b32ae8ec73470952de4de2",1,credit_card,2,66.33
"18dd3f41a84cc95b6106008449cba262",1,boleto,1,102.02
f35eb369cd2607e2157e8b1a7376befd,1,credit_card,5,125.63
"565ab93665748ea6d06451a9181b9dce",1,credit_card,8,225.56
"2d44453b8def2b82035cf9ec39b531ee",1,boleto,1,327.01
a97c3c176ba255c62bb5400d42d47e96,1,credit_card,1,72.70
"4d6e0de22cf1c48f915941d25e043a1a",1,boleto,1,149.92
cddae6b27b19d9567cff159df9498da1,1,boleto,1,618.82
"0519649fc6c78b0e228b6ea8e6767095",1,boleto,1,47.60
b853bced6757ac9b0b78ee624de5e45d,1,credit_card,2,173.23
aca33246293a698b982644421ce2170c,1,credit_card,10,558.74
"68993f27a34bd02e3b2c2ebb5c41b9ec",1,credit_card,4,117.82
"9c9d1799a0c105b12976da39ae431d1c",1,credit_card,4,40.85
"2ac42594eaf273ef34edd063db0ebdac",1,credit_card,3,70.46
cf3c027d09d7b808bb4bd79207ae6df0,1,credit_card,7,1305.51
"377ce1ed905bc4755cc1204e3712fe21",1,credit_card,6,173.53
"933152b06031ce4bee7095fea4cd6e32",1,credit_card,2,42.38
"93355a1eda6104b6fc69e20c6dfa753a",1,credit_card,2,106.87
"91fbd38c414f6f3a3450d7e5aa6e10fa",1,boleto,1,202.53
"703363ff17a413eaf90c960dc1a750b6",1,credit_card,8,138.60
"4b7472650d90b16f5169d774d1e32292",1,credit_card,10,1079.98
"3e073b27114fe955e184db124d34a566",1,credit_card,6,1047.99
"44b050f54fe22a957cadf3516ec0e354",1,credit_card,6,141.73
"82348f1b5f24ac795fa9320e02c49553",1,boleto,1,38.78
f5dd62b788049ad9fc0526e3ad11a097,1,debit_card,1,354.24
cbd6f379c5785a99687a2e00ae57b270,1,credit_card,2,138.09
"7e472035214881a3939517a7d4e766a8",1,credit_card,1,101.26
"3fe4e2a59fdfde29f26bb836298997bf",1,boleto,1,97.65
"14d9ad6e33d9a98a2d7a935937895645",1,boleto,1,75.68
ccac1a9dee556f517bdb745dd29bcb68,1,credit_card,8,1243.66
e63d9de42a90dff1cdde4dac22056ac3,1,credit_card,3,164.13
c186ae09d4d6b5291940be29b05cc169,1,boleto,1,89.05
b6969182ca56633a2bfb942ad18bb2b4,1,credit_card,1,80.63
"1afefea8a6500c83df5bfc6e4f2eec4a",1,credit_card,5,56.15
"47af229bbf080cd988ee4be19bb5c888",1,boleto,1,411.21
"00229e4e43f7a7e0b9dd819ad43268d3",1,credit_card,1,91.39
"3928ee08774d7c7850f58871b25ce3ec",1,credit_card,3,161.67
c5874d438cf199ea7c0f27967f6cf462,1,credit_card,6,120.35
fae07f01dfeea5a98b59ba06f1fa7bba,1,credit_card,2,89.57
dd845e1cdb19f08d029a727adc9a5a77,1,credit_card,7,75.33
"0b584b729bdfec204ec2aa5d21d6ca56",1,boleto,1,78.22
e3ecf67f9ab4a010b9ca17cc8df843bf,1,credit_card,6,69.12
"2ae306b242fe86fdc59867d442839cf6",1,boleto,1,84.16
"26f4092024d63d808ee0788922431d05",1,credit_card,1,51.13
b8572787e40305c2a619dba4a1d78820,1,credit_card,3,53.54
ae33ac637d8999d976657ff3ab5c106a,1,credit_card,1,50.48
"1354de899c7420bbaa9d9484c79c862c",1,credit_card,3,220.58
f464a113cdd89833ee98d4a56f41d8c5,2,credit_card,1,20.24
cf50db945743cbc0ff2826ae7cd0e505,1,credit_card,1,78.38
"574a92fb05e01159e32c2a4cba131e3e",1,voucher,1,10.70
"7b53b94402ded889f5be8098bb6e2885",1,credit_card,10,760.78
cc5f59166954a429c36ff20587189709,1,credit_card,8,513.14
a9f79500e239f331c724ae1fc5543bf5,1,credit_card,5,233.80
"3c6567af72eb974d49691311ce6b0a83",1,credit_card,2,60.85
"544317d6ff28d37495220e2bf024a1ae",1,credit_card,4,49.10
"2778e8d98880c4672be9caaeeb12d0ab",1,credit_card,2,111.13
"164e64521973407e1e6e44d1e2262176",1,credit_card,2,150.14
b8f13ae32e4f029890ca4d998651131c,1,boleto,1,174.77
"9e05a5c7ef1a7074746243745a430219",1,credit_card,2,142.30
b605af5fb88eb77cc70df27f2df3a883,1,credit_card,7,144.82
"62a50d53a4e50a04954b779f7ee090db",1,credit_card,1,44.95
"1521c6bb7b1028154c8c67cf80fa809f",1,credit_card,4,45.05
"510ccfe4dbd8df0f0b94b239ce6e01f8",1,credit_card,4,74.30
bb6ad5da18745c25ea9a43797598dfb7,1,credit_card,1,58.17
"345cca4de7d0b4ae2a6aa85083aba293",1,credit_card,10,114.36
d43872a5beeeefe86421f622da91fb38,1,credit_card,12,126.57
"01f5bb59c4e3a373ee5cade4e69ae92f",1,credit_card,1,56.38
"1fb38614cb0ed2677ca1e558acc114e5",1,credit_card,2,62.99
e1215367814d0d82c496bf4c6b2ba6f7,1,credit_card,5,133.90
"80b2c8fbc0b161d23711d7829e54c6b2",1,credit_card,7,70.89
"6951ff62555bae27cada94716835c9fa",1,credit_card,5,189.57
a05cabeed82a5a2e8078c7e6ed14a03a,1,credit_card,1,64.00
"5e3eb18fc8a18f4ce40f831b01532b4a",1,boleto,1,46.10
"2fabe3a6fbc1051857b2494418c8339d",1,credit_card,6,139.52
a26e6ab76194128dc1b473d60cbae2a1,1,credit_card,10,425.40
"6b9f15e7fb964b5c9e93dd511fee8f75",1,credit_card,1,45.00
"4721161c08ff9843f9bada4af997622c",1,boleto,1,45.80
"320f8045f186a371da49b2360c152bff",1,credit_card,2,358.50
"2e2b335489d4f06ec73386262189e7fe",1,credit_card,1,112.30
"7150170dd81a1532b5906d0cc50618b3",1,credit_card,2,45.00
be51ad88355af54c1e11579fe469d030,1,credit_card,4,40.10
"1db10009e008df42edeea48899edf595",1,credit_card,1,9.25
d1de8ecf1530723150f71b04ab779c2a,2,voucher,1,50.00
